[449] systemd-udevd D /run/udev/queue
[4572] sshd O /home/capstone/.ssh/authorized_keys
[4572] sshd O /home/capstone/.ssh/authorized_keys
[4615] bash O /home/capstone/.bashrc
[4616] rm D /tmp/malware_fail.log
[4615] bash O /home/capstone/project/run_malware_infected.sh
[4617] sudo C /home/capstone/.sudo_as_admin_successful
[4619] sudo C /home/capstone/.sudo_as_admin_successful
[4620] 3a08e3bfec2db5d O /home/capstone/project/test_files
[4620] 3a08e3bfec2db5d O /home/capstone/project/test_files/000615.html
[4620] 3a08e3bfec2db5d O /home/capstone/project/test_files/000418.html
[4620] 3a08e3bfec2db5d O /home/capstone/project/test_files/000615.html
[4620] 3a08e3bfec2db5d O /home/capstone/project/test_files/000440.html
[4620] 3a08e3bfec2db5d O /home/capstone/project/test_files/000418.html
[4620] 3a08e3bfec2db5d O /home/capstone/project/test_files/000533.doc
[4620] 3a08e3bfec2db5d O /home/capstone/project/test_files/000440.html
[4620] 3a08e3bfec2db5d C /home/capstone/project/test_files/RECOVER-nnvjxgy-FILES.txt
[4620] 3a08e3bfec2db5d O /home/capstone/project/test_files/000517.gif
[4620] 3a08e3bfec2db5d O /home/capstone/project/test_files/000163.pdf
[4620] 3a08e3bfec2db5d O /home/capstone/project/test_files/000615.html.nnvjxgy
[4620] 3a08e3bfec2db5d C /home/capstone/project/test_files/checkpoints-000615.html.nnvjxgy
[4620] 3a08e3bfec2db5d O /home/capstone/project/test_files/000574.pdf
[4620] 3a08e3bfec2db5d O /home/capstone/project/test_files/000509.jpg
[4620] 3a08e3bfec2db5d O /home/capstone/project/test_files/000533.doc
[4620] 3a08e3bfec2db5d O /home/capstone/project/test_files/000231.jpg
[4620] 3a08e3bfec2db5d O /home/capstone/project/test_files/000517.gif
[4620] 3a08e3bfec2db5d O /home/capstone/project/test_files/000440.html.nnvjxgy
[4620] 3a08e3bfec2db5d O /home/capstone/project/test_files/000163.pdf
[4620] 3a08e3bfec2db5d O /home/capstone/project/test_files/000574.pdf
[4620] 3a08e3bfec2db5d O /home/capstone/project/test_files/000098.txt
[4620] 3a08e3bfec2db5d C /home/capstone/project/test_files/checkpoints-000440.html.nnvjxgy
[4620] 3a08e3bfec2db5d O /home/capstone/project/test_files/000986.ppt
[4620] 3a08e3bfec2db5d D /home/capstone/project/test_files/checkpoints-000615.html.nnvjxgy
[4620] 3a08e3bfec2db5d O /home/capstone/project/test_files/000509.jpg
[4620] 3a08e3bfec2db5d O /home/capstone/project/test_files/000231.jpg
[4620] 3a08e3bfec2db5d O /home/capstone/project/test_files/000098.txt
[4620] 3a08e3bfec2db5d O /home/capstone/project/test_files/000255.doc
[4620] 3a08e3bfec2db5d O /home/capstone/project/test_files/000418.html.nnvjxgy
[4620] 3a08e3bfec2db5d O /home/capstone/project/test_files/000986.ppt
[4620] 3a08e3bfec2db5d C /home/capstone/project/test_files/checkpoints-000418.html.nnvjxgy
[4620] 3a08e3bfec2db5d O /home/capstone/project/test_files/000716.ppt
[4620] 3a08e3bfec2db5d O /home/capstone/project/test_files/000255.doc
[4620] 3a08e3bfec2db5d O /home/capstone/project/test_files/000716.ppt
[4620] 3a08e3bfec2db5d O /home/capstone/project/test_files/000174.ppt
[4620] 3a08e3bfec2db5d O /home/capstone/project/test_files/000355.pdf
[4620] 3a08e3bfec2db5d O /home/capstone/project/test_files/000174.ppt
[4620] 3a08e3bfec2db5d O /home/capstone/project/test_files/000379.pdf
[4620] 3a08e3bfec2db5d O /home/capstone/project/test_files/000355.pdf
[4620] 3a08e3bfec2db5d O /home/capstone/project/test_files/000084.txt
[4620] 3a08e3bfec2db5d O /home/capstone/project/test_files/000379.pdf
[4620] 3a08e3bfec2db5d O /home/capstone/project/test_files/000272.pdf
[4620] 3a08e3bfec2db5d O /home/capstone/project/test_files/000084.txt
[4620] 3a08e3bfec2db5d O /home/capstone/project/test_files/000272.pdf
[4620] 3a08e3bfec2db5d O /home/capstone/project/test_files/000638.html
[4620] 3a08e3bfec2db5d O /home/capstone/project/test_files/000881.jpg
[4620] 3a08e3bfec2db5d O /home/capstone/project/test_files/000517.gif.nnvjxgy
[4620] 3a08e3bfec2db5d C /home/capstone/project/test_files/checkpoints-000517.gif.nnvjxgy
[4620] 3a08e3bfec2db5d O /home/capstone/project/test_files/000533.doc.nnvjxgy
[4620] 3a08e3bfec2db5d O /home/capstone/project/test_files/000786.gz
[4620] 3a08e3bfec2db5d C /home/capstone/project/test_files/checkpoints-000533.doc.nnvjxgy
[4620] 3a08e3bfec2db5d O /home/capstone/project/test_files/000567.pdf
[4620] 3a08e3bfec2db5d O /home/capstone/project/test_files/000802.doc
[4620] 3a08e3bfec2db5d O /home/capstone/project/test_files/000155.pdf
[4620] 3a08e3bfec2db5d O /home/capstone/project/test_files/000939.txt
[4620] 3a08e3bfec2db5d O /home/capstone/project/test_files/000638.html
[4620] 3a08e3bfec2db5d O /home/capstone/project/test_files/000204.html
[4620] 3a08e3bfec2db5d O /home/capstone/project/test_files/000881.jpg
[4620] 3a08e3bfec2db5d O /home/capstone/project/test_files/000588.pdf
[4620] 3a08e3bfec2db5d D /home/capstone/project/test_files/checkpoints-000418.html.nnvjxgy
[4620] 3a08e3bfec2db5d O /home/capstone/project/test_files/000825.pdf
[4620] 3a08e3bfec2db5d O /home/capstone/project/test_files/000163.pdf.nnvjxgy
[4620] 3a08e3bfec2db5d O /home/capstone/project/test_files/000189.pdf
[4620] 3a08e3bfec2db5d D /home/capstone/project/test_files/checkpoints-000440.html.nnvjxgy
[4620] 3a08e3bfec2db5d O /home/capstone/project/test_files/000574.pdf.nnvjxgy
[4620] 3a08e3bfec2db5d C /home/capstone/project/test_files/checkpoints-000574.pdf.nnvjxgy
[4620] 3a08e3bfec2db5d C /home/capstone/project/test_files/checkpoints-000163.pdf.nnvjxgy
[4620] 3a08e3bfec2db5d O /home/capstone/project/test_files/000962.jpg
[4620] 3a08e3bfec2db5d O /home/capstone/project/test_files/000786.gz
[4620] 3a08e3bfec2db5d O /home/capstone/project/test_files/000567.pdf
[4620] 3a08e3bfec2db5d O /home/capstone/project/test_files/000156.doc
[4620] 3a08e3bfec2db5d O /home/capstone/project/test_files/000802.doc
[4620] 3a08e3bfec2db5d O /home/capstone/project/test_files/000155.pdf
[4620] 3a08e3bfec2db5d O /home/capstone/project/test_files/000138.html
[4620] 3a08e3bfec2db5d O /home/capstone/project/test_files/000729.ppt
[4620] 3a08e3bfec2db5d O /home/capstone/project/test_files/000746.pdf
[4620] 3a08e3bfec2db5d O /home/capstone/project/test_files/000437.jpg
[4620] 3a08e3bfec2db5d O /home/capstone/project/test_files/000286.doc
[4620] 3a08e3bfec2db5d O /home/capstone/project/test_files/000939.txt
[4620] 3a08e3bfec2db5d O /home/capstone/project/test_files/000204.html
[4620] 3a08e3bfec2db5d O /home/capstone/project/test_files/000180.html
[4620] 3a08e3bfec2db5d O /home/capstone/project/test_files/000131.doc
[4620] 3a08e3bfec2db5d O /home/capstone/project/test_files/000588.pdf
[4620] 3a08e3bfec2db5d O /home/capstone/project/test_files/000509.jpg.nnvjxgy
[4620] 3a08e3bfec2db5d C /home/capstone/project/test_files/checkpoints-000509.jpg.nnvjxgy
[4620] 3a08e3bfec2db5d O /home/capstone/project/test_files/000098.txt.nnvjxgy
[4620] 3a08e3bfec2db5d O /home/capstone/project/test_files/000556.txt
[4620] 3a08e3bfec2db5d C /home/capstone/project/test_files/checkpoints-000098.txt.nnvjxgy
[4620] 3a08e3bfec2db5d O /home/capstone/project/test_files/000986.ppt.nnvjxgy
[4620] 3a08e3bfec2db5d C /home/capstone/project/test_files/checkpoints-000986.ppt.nnvjxgy
[4620] 3a08e3bfec2db5d O /home/capstone/project/test_files/000372.pdf
[4620] 3a08e3bfec2db5d O /home/capstone/project/test_files/000231.jpg.nnvjxgy
[4620] 3a08e3bfec2db5d C /home/capstone/project/test_files/checkpoints-000231.jpg.nnvjxgy
[4620] 3a08e3bfec2db5d O /home/capstone/project/test_files/000825.pdf
[4620] 3a08e3bfec2db5d O /home/capstone/project/test_files/000189.pdf
[4620] 3a08e3bfec2db5d O /home/capstone/project/test_files/000962.jpg
[4620] 3a08e3bfec2db5d O /home/capstone/project/test_files/000156.doc
[4620] 3a08e3bfec2db5d O /home/capstone/project/test_files/000138.html
[4620] 3a08e3bfec2db5d O /home/capstone/project/test_files/000729.ppt
[4620] 3a08e3bfec2db5d O /home/capstone/project/test_files/000513.jpg
[4620] 3a08e3bfec2db5d O /home/capstone/project/test_files/000716.ppt.nnvjxgy
[4620] 3a08e3bfec2db5d C /home/capstone/project/test_files/checkpoints-000716.ppt.nnvjxgy
[4620] 3a08e3bfec2db5d O /home/capstone/project/test_files/000255.doc.nnvjxgy
[4620] 3a08e3bfec2db5d C /home/capstone/project/test_files/checkpoints-000255.doc.nnvjxgy
[4620] 3a08e3bfec2db5d O /home/capstone/project/test_files/000174.ppt.nnvjxgy
[4620] 3a08e3bfec2db5d C /home/capstone/project/test_files/checkpoints-000174.ppt.nnvjxgy
[4620] 3a08e3bfec2db5d O /home/capstone/project/test_files/000355.pdf.nnvjxgy
[4620] 3a08e3bfec2db5d C /home/capstone/project/test_files/checkpoints-000355.pdf.nnvjxgy
[4620] 3a08e3bfec2db5d O /home/capstone/project/test_files/000746.pdf
[4620] 3a08e3bfec2db5d O /home/capstone/project/test_files/000437.jpg
[4620] 3a08e3bfec2db5d O /home/capstone/project/test_files/000286.doc
[4620] 3a08e3bfec2db5d O /home/capstone/project/test_files/000188.html
[4620] 3a08e3bfec2db5d D /home/capstone/project/test_files/checkpoints-000533.doc.nnvjxgy
[4620] 3a08e3bfec2db5d O /home/capstone/project/test_files/000366.pdf
[4620] 3a08e3bfec2db5d O /home/capstone/project/test_files/000180.html
[4620] 3a08e3bfec2db5d O /home/capstone/project/test_files/000590.pdf
[4620] 3a08e3bfec2db5d O /home/capstone/project/test_files/000131.doc
[4620] 3a08e3bfec2db5d O /home/capstone/project/test_files/000556.txt
[4620] 3a08e3bfec2db5d O /home/capstone/project/test_files/000890.jpg
[4620] 3a08e3bfec2db5d O /home/capstone/project/test_files/000372.pdf
[4620] 3a08e3bfec2db5d O /home/capstone/project/test_files/000507.jpg
[4620] 3a08e3bfec2db5d O /home/capstone/project/test_files/000513.jpg
[4620] 3a08e3bfec2db5d O /home/capstone/project/test_files/000549.jpg
[4620] 3a08e3bfec2db5d O /home/capstone/project/test_files/000050.xls
[4620] 3a08e3bfec2db5d O /home/capstone/project/test_files/000927.txt
[4620] 3a08e3bfec2db5d O /home/capstone/project/test_files/000188.html
[4620] 3a08e3bfec2db5d O /home/capstone/project/test_files/000366.pdf
[4620] 3a08e3bfec2db5d O /home/capstone/project/test_files/000937.txt
[4620] 3a08e3bfec2db5d O /home/capstone/project/test_files/000590.pdf
[4620] 3a08e3bfec2db5d O /home/capstone/project/test_files/000485.txt
[4620] 3a08e3bfec2db5d O /home/capstone/project/test_files/000664.txt
[4620] 3a08e3bfec2db5d O /home/capstone/project/test_files/000908.jpg
[4620] 3a08e3bfec2db5d O /home/capstone/project/test_files/000379.pdf.nnvjxgy
[4620] 3a08e3bfec2db5d C /home/capstone/project/test_files/checkpoints-000379.pdf.nnvjxgy
[4620] 3a08e3bfec2db5d O /home/capstone/project/test_files/000752.pdf
[4620] 3a08e3bfec2db5d O /home/capstone/project/test_files/000819.html
[4620] 3a08e3bfec2db5d O /home/capstone/project/test_files/000345.pdf
[4620] 3a08e3bfec2db5d O /home/capstone/project/test_files/000084.txt.nnvjxgy
[4620] 3a08e3bfec2db5d C /home/capstone/project/test_files/checkpoints-000084.txt.nnvjxgy
[4620] 3a08e3bfec2db5d O /home/capstone/project/test_files/000090.txt
[4620] 3a08e3bfec2db5d O /home/capstone/project/test_files/000265.doc
[4620] 3a08e3bfec2db5d O /home/capstone/project/test_files/000843.pdf
[4620] 3a08e3bfec2db5d O /home/capstone/project/test_files/000272.pdf.nnvjxgy
[4620] 3a08e3bfec2db5d C /home/capstone/project/test_files/checkpoints-000272.pdf.nnvjxgy
[4620] 3a08e3bfec2db5d O /home/capstone/project/test_files/000033.xls
[4620] 3a08e3bfec2db5d O /home/capstone/project/test_files/000585.pdf
[4620] 3a08e3bfec2db5d O /home/capstone/project/test_files/000638.html.nnvjxgy
[4620] 3a08e3bfec2db5d C /home/capstone/project/test_files/checkpoints-000638.html.nnvjxgy
[4620] 3a08e3bfec2db5d O /home/capstone/project/test_files/000468.txt
[4620] 3a08e3bfec2db5d O /home/capstone/project/test_files/000890.jpg
[4620] 3a08e3bfec2db5d O /home/capstone/project/test_files/000012.pdf
[4620] 3a08e3bfec2db5d O /home/capstone/project/test_files/000507.jpg
[4620] 3a08e3bfec2db5d O /home/capstone/project/test_files/000549.jpg
[4620] 3a08e3bfec2db5d D /home/capstone/project/test_files/checkpoints-000574.pdf.nnvjxgy
[4620] 3a08e3bfec2db5d O /home/capstone/project/test_files/000881.jpg.nnvjxgy
[4620] 3a08e3bfec2db5d D /home/capstone/project/test_files/checkpoints-000517.gif.nnvjxgy
[4620] 3a08e3bfec2db5d C /home/capstone/project/test_files/checkpoints-000881.jpg.nnvjxgy
[4620] 3a08e3bfec2db5d O /home/capstone/project/test_files/000786.gz.nnvjxgy
[4620] 3a08e3bfec2db5d C /home/capstone/project/test_files/checkpoints-000786.gz.nnvjxgy
[4620] 3a08e3bfec2db5d O /home/capstone/project/test_files/000567.pdf.nnvjxgy
[4620] 3a08e3bfec2db5d O /home/capstone/project/test_files/000802.doc.nnvjxgy
[4620] 3a08e3bfec2db5d O /home/capstone/project/test_files/000483.txt
[4620] 3a08e3bfec2db5d C /home/capstone/project/test_files/checkpoints-000802.doc.nnvjxgy
[4620] 3a08e3bfec2db5d O /home/capstone/project/test_files/000595.pdf
[4620] 3a08e3bfec2db5d O /home/capstone/project/test_files/000050.xls
[4620] 3a08e3bfec2db5d O /home/capstone/project/test_files/000927.txt
[4620] 3a08e3bfec2db5d C /home/capstone/project/test_files/checkpoints-000567.pdf.nnvjxgy
[4620] 3a08e3bfec2db5d O /home/capstone/project/test_files/000937.txt
[4620] 3a08e3bfec2db5d O /home/capstone/project/test_files/000766.ps
[4620] 3a08e3bfec2db5d O /home/capstone/project/test_files/000485.txt
[4620] 3a08e3bfec2db5d O /home/capstone/project/test_files/000422.html
[4620] 3a08e3bfec2db5d O /home/capstone/project/test_files/000155.pdf.nnvjxgy
[4620] 3a08e3bfec2db5d C /home/capstone/project/test_files/checkpoints-000155.pdf.nnvjxgy
[4620] 3a08e3bfec2db5d O /home/capstone/project/test_files/000664.txt
[4620] 3a08e3bfec2db5d O /home/capstone/project/test_files/000908.jpg
[4620] 3a08e3bfec2db5d O /home/capstone/project/test_files/000752.pdf
[4620] 3a08e3bfec2db5d O /home/capstone/project/test_files/000362.pdf
[4620] 3a08e3bfec2db5d O /home/capstone/project/test_files/000819.html
[4620] 3a08e3bfec2db5d O /home/capstone/project/test_files/000345.pdf
[4620] 3a08e3bfec2db5d O /home/capstone/project/test_files/000129.html
[4620] 3a08e3bfec2db5d O /home/capstone/project/test_files/000090.txt
[4620] 3a08e3bfec2db5d O /home/capstone/project/test_files/000265.doc
[4620] 3a08e3bfec2db5d O /home/capstone/project/test_files/000843.pdf
[4620] 3a08e3bfec2db5d O /home/capstone/project/test_files/000033.xls
[4620] 3a08e3bfec2db5d O /home/capstone/project/test_files/000872.jpg
[4620] 3a08e3bfec2db5d O /home/capstone/project/test_files/000961.doc
[4620] 3a08e3bfec2db5d O /home/capstone/project/test_files/000585.pdf
[4620] 3a08e3bfec2db5d O /home/capstone/project/test_files/000468.txt
[4620] 3a08e3bfec2db5d O /home/capstone/project/test_files/000943.pdf
[4620] 3a08e3bfec2db5d O /home/capstone/project/test_files/000012.pdf
[4620] 3a08e3bfec2db5d O /home/capstone/project/test_files/000469.jpg
[4620] 3a08e3bfec2db5d O /home/capstone/project/test_files/000483.txt
[4620] 3a08e3bfec2db5d O /home/capstone/project/test_files/000913.doc
[4620] 3a08e3bfec2db5d O /home/capstone/project/test_files/000595.pdf
[4620] 3a08e3bfec2db5d O /home/capstone/project/test_files/000766.ps
[4620] 3a08e3bfec2db5d O /home/capstone/project/test_files/000939.txt.nnvjxgy
[4620] 3a08e3bfec2db5d O /home/capstone/project/test_files/000422.html
[4620] 3a08e3bfec2db5d O /home/capstone/project/test_files/000362.pdf
[4620] 3a08e3bfec2db5d O /home/capstone/project/test_files/000926.txt
[4620] 3a08e3bfec2db5d O /home/capstone/project/test_files/000129.html
[4620] 3a08e3bfec2db5d C /home/capstone/project/test_files/checkpoints-000939.txt.nnvjxgy
[4620] 3a08e3bfec2db5d O /home/capstone/project/test_files/000677.doc
[4620] 3a08e3bfec2db5d O /home/capstone/project/test_files/000872.jpg
[4620] 3a08e3bfec2db5d O /home/capstone/project/test_files/000961.doc
[4620] 3a08e3bfec2db5d O /home/capstone/project/test_files/000204.html.nnvjxgy
[4620] 3a08e3bfec2db5d C /home/capstone/project/test_files/checkpoints-000204.html.nnvjxgy
[4620] 3a08e3bfec2db5d O /home/capstone/project/test_files/000171.xls
[4620] 3a08e3bfec2db5d O /home/capstone/project/test_files/000492.txt
[4620] 3a08e3bfec2db5d O /home/capstone/project/test_files/000588.pdf.nnvjxgy
[4620] 3a08e3bfec2db5d C /home/capstone/project/test_files/checkpoints-000588.pdf.nnvjxgy
[4620] 3a08e3bfec2db5d O /home/capstone/project/test_files/000745.pdf
[4620] 3a08e3bfec2db5d O /home/capstone/project/test_files/000943.pdf
[4620] 3a08e3bfec2db5d O /home/capstone/project/test_files/000134.ppt
[4620] 3a08e3bfec2db5d O /home/capstone/project/test_files/000469.jpg
[4620] 3a08e3bfec2db5d O /home/capstone/project/test_files/000414.html
[4620] 3a08e3bfec2db5d O /home/capstone/project/test_files/000913.doc
[4620] 3a08e3bfec2db5d O /home/capstone/project/test_files/000926.txt
[4620] 3a08e3bfec2db5d O /home/capstone/project/test_files/000603.jpg
[4620] 3a08e3bfec2db5d O /home/capstone/project/test_files/000677.doc
[4620] 3a08e3bfec2db5d O /home/capstone/project/test_files/000267.doc
[4620] 3a08e3bfec2db5d O /home/capstone/project/test_files/000171.xls
[4620] 3a08e3bfec2db5d O /home/capstone/project/test_files/000492.txt
[4620] 3a08e3bfec2db5d O /home/capstone/project/test_files/000825.pdf.nnvjxgy
[4620] 3a08e3bfec2db5d O /home/capstone/project/test_files/000745.pdf
[4620] 3a08e3bfec2db5d O /home/capstone/project/test_files/000134.ppt
[4620] 3a08e3bfec2db5d O /home/capstone/project/test_files/000657.txt
[4620] 3a08e3bfec2db5d C /home/capstone/project/test_files/checkpoints-000825.pdf.nnvjxgy
[4620] 3a08e3bfec2db5d O /home/capstone/project/test_files/000414.html
[4620] 3a08e3bfec2db5d O /home/capstone/project/test_files/000899.pdf
[4620] 3a08e3bfec2db5d O /home/capstone/project/test_files/000603.jpg
[4620] 3a08e3bfec2db5d O /home/capstone/project/test_files/000267.doc
[4620] 3a08e3bfec2db5d O /home/capstone/project/test_files/000657.txt
[4620] 3a08e3bfec2db5d O /home/capstone/project/test_files/000399.xls
[4620] 3a08e3bfec2db5d D /home/capstone/project/test_files/checkpoints-000163.pdf.nnvjxgy
[4620] 3a08e3bfec2db5d O /home/capstone/project/test_files/000899.pdf
[4620] 3a08e3bfec2db5d O /home/capstone/project/test_files/000399.xls
[4620] 3a08e3bfec2db5d O /home/capstone/project/test_files/000063.html
[4620] 3a08e3bfec2db5d O /home/capstone/project/test_files/000052.xls
[4620] 3a08e3bfec2db5d O /home/capstone/project/test_files/000189.pdf.nnvjxgy
[4620] 3a08e3bfec2db5d C /home/capstone/project/test_files/checkpoints-000189.pdf.nnvjxgy
[4620] 3a08e3bfec2db5d O /home/capstone/project/test_files/000190.html
[4620] 3a08e3bfec2db5d O /home/capstone/project/test_files/000063.html
[4620] 3a08e3bfec2db5d O /home/capstone/project/test_files/000052.xls
[4620] 3a08e3bfec2db5d O /home/capstone/project/test_files/000518.ppt
[4620] 3a08e3bfec2db5d O /home/capstone/project/test_files/000339.pdf
[4620] 3a08e3bfec2db5d D /home/capstone/project/test_files/checkpoints-000509.jpg.nnvjxgy
[4620] 3a08e3bfec2db5d O /home/capstone/project/test_files/000190.html
[4620] 3a08e3bfec2db5d O /home/capstone/project/test_files/000962.jpg.nnvjxgy
[4620] 3a08e3bfec2db5d O /home/capstone/project/test_files/000518.ppt
[4620] 3a08e3bfec2db5d O /home/capstone/project/test_files/000339.pdf
[4620] 3a08e3bfec2db5d O /home/capstone/project/test_files/000526.gif
[4620] 3a08e3bfec2db5d O /home/capstone/project/test_files/000369.pdf
[4620] 3a08e3bfec2db5d O /home/capstone/project/test_files/000526.gif
[4620] 3a08e3bfec2db5d C /home/capstone/project/test_files/checkpoints-000962.jpg.nnvjxgy
[4620] 3a08e3bfec2db5d O /home/capstone/project/test_files/000479.txt
[4620] 3a08e3bfec2db5d O /home/capstone/project/test_files/000156.doc.nnvjxgy
[4620] 3a08e3bfec2db5d C /home/capstone/project/test_files/checkpoints-000156.doc.nnvjxgy
[4620] 3a08e3bfec2db5d O /home/capstone/project/test_files/000478.txt
[4620] 3a08e3bfec2db5d O /home/capstone/project/test_files/000138.html.nnvjxgy
[4620] 3a08e3bfec2db5d C /home/capstone/project/test_files/checkpoints-000138.html.nnvjxgy
[4620] 3a08e3bfec2db5d O /home/capstone/project/test_files/000862.txt
[4620] 3a08e3bfec2db5d O /home/capstone/project/test_files/000729.ppt.nnvjxgy
[4620] 3a08e3bfec2db5d C /home/capstone/project/test_files/checkpoints-000729.ppt.nnvjxgy
[4620] 3a08e3bfec2db5d O /home/capstone/project/test_files/000813.pdf
[4620] 3a08e3bfec2db5d O /home/capstone/project/test_files/000369.pdf
[4620] 3a08e3bfec2db5d O /home/capstone/project/test_files/000800.html
[4620] 3a08e3bfec2db5d O /home/capstone/project/test_files/000479.txt
[4620] 3a08e3bfec2db5d O /home/capstone/project/test_files/000478.txt
[4620] 3a08e3bfec2db5d O /home/capstone/project/test_files/000246.jpg
[4620] 3a08e3bfec2db5d O /home/capstone/project/test_files/000862.txt
[4620] 3a08e3bfec2db5d O /home/capstone/project/test_files/000693.doc
[4620] 3a08e3bfec2db5d O /home/capstone/project/test_files/000813.pdf
[4620] 3a08e3bfec2db5d O /home/capstone/project/test_files/000800.html
[4620] 3a08e3bfec2db5d O /home/capstone/project/test_files/000246.jpg
[4620] 3a08e3bfec2db5d O /home/capstone/project/test_files/000437.jpg.nnvjxgy
[4620] 3a08e3bfec2db5d D /home/capstone/project/test_files/checkpoints-000986.ppt.nnvjxgy
[4620] 3a08e3bfec2db5d O /home/capstone/project/test_files/000693.doc
[4620] 3a08e3bfec2db5d O /home/capstone/project/test_files/000089.txt
[4620] 3a08e3bfec2db5d O /home/capstone/project/test_files/000089.txt
[4620] 3a08e3bfec2db5d O /home/capstone/project/test_files/000074.html
[4620] 3a08e3bfec2db5d D /home/capstone/project/test_files/checkpoints-000098.txt.nnvjxgy
[4620] 3a08e3bfec2db5d D /home/capstone/project/test_files/checkpoints-000255.doc.nnvjxgy
[4620] 3a08e3bfec2db5d C /home/capstone/project/test_files/checkpoints-000437.jpg.nnvjxgy
[4620] 3a08e3bfec2db5d D /home/capstone/project/test_files/checkpoints-000174.ppt.nnvjxgy
[4620] 3a08e3bfec2db5d O /home/capstone/project/test_files/000074.html
[4620] 3a08e3bfec2db5d O /home/capstone/project/test_files/000535.jpg
[4620] 3a08e3bfec2db5d O /home/capstone/project/test_files/000535.jpg
[4620] 3a08e3bfec2db5d O /home/capstone/project/test_files/000781.xls
[4620] 3a08e3bfec2db5d O /home/capstone/project/test_files/000286.doc.nnvjxgy
[4620] 3a08e3bfec2db5d C /home/capstone/project/test_files/checkpoints-000286.doc.nnvjxgy
[4620] 3a08e3bfec2db5d O /home/capstone/project/test_files/000180.html.nnvjxgy
[4620] 3a08e3bfec2db5d O /home/capstone/project/test_files/000436.html
[4620] 3a08e3bfec2db5d O /home/capstone/project/test_files/000781.xls
[4620] 3a08e3bfec2db5d O /home/capstone/project/test_files/000164.pdf
[4620] 3a08e3bfec2db5d C /home/capstone/project/test_files/checkpoints-000180.html.nnvjxgy
[4620] 3a08e3bfec2db5d D /home/capstone/project/test_files/checkpoints-000231.jpg.nnvjxgy
[4620] 3a08e3bfec2db5d O /home/capstone/project/test_files/000173.html
[4620] 3a08e3bfec2db5d O /home/capstone/project/test_files/000711.ppt
[4620] 3a08e3bfec2db5d O /home/capstone/project/test_files/000239.jpg
[4620] 3a08e3bfec2db5d O /home/capstone/project/test_files/000003.doc
[4620] 3a08e3bfec2db5d O /home/capstone/project/test_files/000436.html
[4620] 3a08e3bfec2db5d O /home/capstone/project/test_files/000594.pdf
[4620] 3a08e3bfec2db5d O /home/capstone/project/test_files/000746.pdf.nnvjxgy
[4620] 3a08e3bfec2db5d C /home/capstone/project/test_files/checkpoints-000746.pdf.nnvjxgy
[4620] 3a08e3bfec2db5d O /home/capstone/project/test_files/000164.pdf
[4620] 3a08e3bfec2db5d O /home/capstone/project/test_files/000173.html
[4620] 3a08e3bfec2db5d O /home/capstone/project/test_files/000416.html
[4620] 3a08e3bfec2db5d O /home/capstone/project/test_files/000711.ppt
[4620] 3a08e3bfec2db5d O /home/capstone/project/test_files/000131.doc.nnvjxgy
[4620] 3a08e3bfec2db5d O /home/capstone/project/test_files/000730.ps
[4620] 3a08e3bfec2db5d O /home/capstone/project/test_files/000239.jpg
[4620] 3a08e3bfec2db5d O /home/capstone/project/test_files/000003.doc
[4620] 3a08e3bfec2db5d O /home/capstone/project/test_files/000594.pdf
[4620] 3a08e3bfec2db5d O /home/capstone/project/test_files/000416.html
[4620] 3a08e3bfec2db5d O /home/capstone/project/test_files/000812.html
[4620] 3a08e3bfec2db5d C /home/capstone/project/test_files/checkpoints-000131.doc.nnvjxgy
[4620] 3a08e3bfec2db5d O /home/capstone/project/test_files/000730.ps
[4620] 3a08e3bfec2db5d O /home/capstone/project/test_files/000372.pdf.nnvjxgy
[4620] 3a08e3bfec2db5d C /home/capstone/project/test_files/checkpoints-000372.pdf.nnvjxgy
[4620] 3a08e3bfec2db5d O /home/capstone/project/test_files/000812.html
[4620] 3a08e3bfec2db5d O /home/capstone/project/test_files/000030.xls
[4620] 3a08e3bfec2db5d D /home/capstone/project/test_files/checkpoints-000084.txt.nnvjxgy
[4620] 3a08e3bfec2db5d O /home/capstone/project/test_files/000030.xls
[4620] 3a08e3bfec2db5d O /home/capstone/project/test_files/000292.ppt
[4620] 3a08e3bfec2db5d O /home/capstone/project/test_files/000358.pdf
[4620] 3a08e3bfec2db5d O /home/capstone/project/test_files/000556.txt.nnvjxgy
[4620] 3a08e3bfec2db5d C /home/capstone/project/test_files/checkpoints-000556.txt.nnvjxgy
[4620] 3a08e3bfec2db5d D /home/capstone/project/test_files/checkpoints-000379.pdf.nnvjxgy
[4620] 3a08e3bfec2db5d O /home/capstone/project/test_files/000513.jpg.nnvjxgy
[4620] 3a08e3bfec2db5d C /home/capstone/project/test_files/checkpoints-000513.jpg.nnvjxgy
[4620] 3a08e3bfec2db5d O /home/capstone/project/test_files/000747.pdf
[4620] 3a08e3bfec2db5d O /home/capstone/project/test_files/000188.html.nnvjxgy
[4620] 3a08e3bfec2db5d C /home/capstone/project/test_files/checkpoints-000188.html.nnvjxgy
[4620] 3a08e3bfec2db5d O /home/capstone/project/test_files/000221.txt
[4620] 3a08e3bfec2db5d O /home/capstone/project/test_files/000590.pdf.nnvjxgy
[4620] 3a08e3bfec2db5d C /home/capstone/project/test_files/checkpoints-000590.pdf.nnvjxgy
[4620] 3a08e3bfec2db5d O /home/capstone/project/test_files/000850.txt
[4620] 3a08e3bfec2db5d O /home/capstone/project/test_files/000079.html
[4620] 3a08e3bfec2db5d O /home/capstone/project/test_files/000689.csv
[4620] 3a08e3bfec2db5d O /home/capstone/project/test_files/000366.pdf.nnvjxgy
[4620] 3a08e3bfec2db5d C /home/capstone/project/test_files/checkpoints-000366.pdf.nnvjxgy
[4620] 3a08e3bfec2db5d O /home/capstone/project/test_files/000018.pdf
[4620] 3a08e3bfec2db5d O /home/capstone/project/test_files/000066.html
[4620] 3a08e3bfec2db5d O /home/capstone/project/test_files/000641.txt
[4620] 3a08e3bfec2db5d O /home/capstone/project/test_files/000198.html
[4620] 3a08e3bfec2db5d O /home/capstone/project/test_files/000359.pdf
[4620] 3a08e3bfec2db5d O /home/capstone/project/test_files/000292.ppt
[4620] 3a08e3bfec2db5d O /home/capstone/project/test_files/000358.pdf
[4620] 3a08e3bfec2db5d O /home/capstone/project/test_files/000890.jpg.nnvjxgy
[4620] 3a08e3bfec2db5d O /home/capstone/project/test_files/000747.pdf
[4620] 3a08e3bfec2db5d O /home/capstone/project/test_files/000221.txt
[4620] 3a08e3bfec2db5d C /home/capstone/project/test_files/checkpoints-000890.jpg.nnvjxgy
[4620] 3a08e3bfec2db5d O /home/capstone/project/test_files/000388.xls
[4620] 3a08e3bfec2db5d D /home/capstone/project/test_files/checkpoints-000272.pdf.nnvjxgy
[4620] 3a08e3bfec2db5d O /home/capstone/project/test_files/000850.txt
[4620] 3a08e3bfec2db5d O /home/capstone/project/test_files/000192.html
[4620] 3a08e3bfec2db5d O /home/capstone/project/test_files/000079.html
[4620] 3a08e3bfec2db5d O /home/capstone/project/test_files/000736.gz
[4620] 3a08e3bfec2db5d O /home/capstone/project/test_files/000689.csv
[4620] 3a08e3bfec2db5d O /home/capstone/project/test_files/000018.pdf
[4620] 3a08e3bfec2db5d O /home/capstone/project/test_files/000066.html
[4620] 3a08e3bfec2db5d O /home/capstone/project/test_files/000667.txt
[4620] 3a08e3bfec2db5d O /home/capstone/project/test_files/000641.txt
[4620] 3a08e3bfec2db5d O /home/capstone/project/test_files/000198.html
[4620] 3a08e3bfec2db5d O /home/capstone/project/test_files/000266.pdf
[4620] 3a08e3bfec2db5d D /home/capstone/project/test_files/checkpoints-000355.pdf.nnvjxgy
[4620] 3a08e3bfec2db5d O /home/capstone/project/test_files/000359.pdf
[4620] 3a08e3bfec2db5d O /home/capstone/project/test_files/000388.xls
[4620] 3a08e3bfec2db5d O /home/capstone/project/test_files/000508.jpg
[4620] 3a08e3bfec2db5d O /home/capstone/project/test_files/000192.html
[4620] 3a08e3bfec2db5d O /home/capstone/project/test_files/000789.html
[4620] 3a08e3bfec2db5d O /home/capstone/project/test_files/000736.gz
[4620] 3a08e3bfec2db5d O /home/capstone/project/test_files/000667.txt
[4620] 3a08e3bfec2db5d O /home/capstone/project/test_files/000266.pdf
[4620] 3a08e3bfec2db5d O /home/capstone/project/test_files/000508.jpg
[4620] 3a08e3bfec2db5d O /home/capstone/project/test_files/000456.html
[4620] 3a08e3bfec2db5d O /home/capstone/project/test_files/000789.html
[4620] 3a08e3bfec2db5d O /home/capstone/project/test_files/000507.jpg.nnvjxgy
[4620] 3a08e3bfec2db5d O /home/capstone/project/test_files/000852.txt
[4620] 3a08e3bfec2db5d O /home/capstone/project/test_files/000549.jpg.nnvjxgy
[4620] 3a08e3bfec2db5d O /home/capstone/project/test_files/000325.pdf
[4620] 3a08e3bfec2db5d C /home/capstone/project/test_files/checkpoints-000507.jpg.nnvjxgy
[4620] 3a08e3bfec2db5d D /home/capstone/project/test_files/checkpoints-000881.jpg.nnvjxgy
[4620] 3a08e3bfec2db5d O /home/capstone/project/test_files/000852.txt
[4620] 3a08e3bfec2db5d O /home/capstone/project/test_files/000456.html
[4620] 3a08e3bfec2db5d C /home/capstone/project/test_files/checkpoints-000549.jpg.nnvjxgy
[4620] 3a08e3bfec2db5d O /home/capstone/project/test_files/000325.pdf
[4620] 3a08e3bfec2db5d O /home/capstone/project/test_files/000600.html
[4620] 3a08e3bfec2db5d O /home/capstone/project/test_files/000467.txt
[4620] 3a08e3bfec2db5d O /home/capstone/project/test_files/000600.html
[4620] 3a08e3bfec2db5d O /home/capstone/project/test_files/000467.txt
[4620] 3a08e3bfec2db5d O /home/capstone/project/test_files/000092.txt
[4620] 3a08e3bfec2db5d O /home/capstone/project/test_files/000092.txt
[4620] 3a08e3bfec2db5d O /home/capstone/project/test_files/000280.pdf
[4620] 3a08e3bfec2db5d O /home/capstone/project/test_files/000280.pdf
[4620] 3a08e3bfec2db5d O /home/capstone/project/test_files/000686.doc
[4620] 3a08e3bfec2db5d O /home/capstone/project/test_files/000050.xls.nnvjxgy
[4620] 3a08e3bfec2db5d O /home/capstone/project/test_files/000927.txt.nnvjxgy
[4620] 3a08e3bfec2db5d C /home/capstone/project/test_files/checkpoints-000927.txt.nnvjxgy
[4620] 3a08e3bfec2db5d O /home/capstone/project/test_files/000053.xls
[4620] 3a08e3bfec2db5d O /home/capstone/project/test_files/000686.doc
[4620] 3a08e3bfec2db5d C /home/capstone/project/test_files/checkpoints-000050.xls.nnvjxgy
[4620] 3a08e3bfec2db5d O /home/capstone/project/test_files/000300.ppt
[4620] 3a08e3bfec2db5d O /home/capstone/project/test_files/000053.xls
[4620] 3a08e3bfec2db5d O /home/capstone/project/test_files/000937.txt.nnvjxgy
[4620] 3a08e3bfec2db5d C /home/capstone/project/test_files/checkpoints-000937.txt.nnvjxgy
[4620] 3a08e3bfec2db5d D /home/capstone/project/test_files/checkpoints-000786.gz.nnvjxgy
[4620] 3a08e3bfec2db5d O /home/capstone/project/test_files/000601.html
[4620] 3a08e3bfec2db5d O /home/capstone/project/test_files/000480.txt
[4620] 3a08e3bfec2db5d O /home/capstone/project/test_files/000485.txt.nnvjxgy
[4620] 3a08e3bfec2db5d C /home/capstone/project/test_files/checkpoints-000485.txt.nnvjxgy
[4620] 3a08e3bfec2db5d O /home/capstone/project/test_files/ziUrAJ8W
[4620] 3a08e3bfec2db5d O /home/capstone/project/test_files/000808.html
[4620] 3a08e3bfec2db5d O /home/capstone/project/test_files/000664.txt.nnvjxgy
[4620] 3a08e3bfec2db5d C /home/capstone/project/test_files/checkpoints-000664.txt.nnvjxgy
[4620] 3a08e3bfec2db5d O /home/capstone/project/test_files/000175.ppt
[4620] 3a08e3bfec2db5d O /home/capstone/project/test_files/000170.xls
[4620] 3a08e3bfec2db5d O /home/capstone/project/test_files/000487.txt
[4620] 3a08e3bfec2db5d O /home/capstone/project/test_files/000616.html
[4620] 3a08e3bfec2db5d O /home/capstone/project/test_files/000481.txt
[4620] 3a08e3bfec2db5d O /home/capstone/project/test_files/000577.pdf
[4620] 3a08e3bfec2db5d D /home/capstone/project/test_files/checkpoints-000638.html.nnvjxgy
[4620] 3a08e3bfec2db5d O /home/capstone/project/test_files/000300.ppt
[4620] 3a08e3bfec2db5d O /home/capstone/project/test_files/000634.html
[4620] 3a08e3bfec2db5d O /home/capstone/project/test_files/000601.html
[4620] 3a08e3bfec2db5d O /home/capstone/project/test_files/000480.txt
[4620] 3a08e3bfec2db5d O /home/capstone/project/test_files/ziUrAJ8W
[4620] 3a08e3bfec2db5d O /home/capstone/project/test_files/000808.html
[4620] 3a08e3bfec2db5d O /home/capstone/project/test_files/000228.txt
[4620] 3a08e3bfec2db5d O /home/capstone/project/test_files/000175.ppt
[4620] 3a08e3bfec2db5d O /home/capstone/project/test_files/000170.xls
[4620] 3a08e3bfec2db5d O /home/capstone/project/test_files/000097.ps
[4620] 3a08e3bfec2db5d O /home/capstone/project/test_files/000487.txt
[4620] 3a08e3bfec2db5d O /home/capstone/project/test_files/000616.html
[4620] 3a08e3bfec2db5d O /home/capstone/project/test_files/000481.txt
[4620] 3a08e3bfec2db5d O /home/capstone/project/test_files/000577.pdf
[4620] 3a08e3bfec2db5d O /home/capstone/project/test_files/000444.pdf
[4620] 3a08e3bfec2db5d O /home/capstone/project/test_files/000634.html
[4620] 3a08e3bfec2db5d O /home/capstone/project/test_files/000228.txt
[4620] 3a08e3bfec2db5d O /home/capstone/project/test_files/000977.doc
[4620] 3a08e3bfec2db5d O /home/capstone/project/test_files/000130.doc
[4620] 3a08e3bfec2db5d O /home/capstone/project/test_files/000097.ps
[4620] 3a08e3bfec2db5d O /home/capstone/project/test_files/000832.txt
[4620] 3a08e3bfec2db5d O /home/capstone/project/test_files/000444.pdf
[4620] 3a08e3bfec2db5d D /home/capstone/project/test_files/checkpoints-000802.doc.nnvjxgy
[4620] 3a08e3bfec2db5d O /home/capstone/project/test_files/000722.csv
[4620] 3a08e3bfec2db5d O /home/capstone/project/test_files/000177.pdf
[4620] 3a08e3bfec2db5d O /home/capstone/project/test_files/000977.doc
[4620] 3a08e3bfec2db5d O /home/capstone/project/test_files/000044.xls
[4620] 3a08e3bfec2db5d O /home/capstone/project/test_files/000130.doc
[4620] 3a08e3bfec2db5d O /home/capstone/project/test_files/000660.txt
[4620] 3a08e3bfec2db5d O /home/capstone/project/test_files/000832.txt
[4620] 3a08e3bfec2db5d O /home/capstone/project/test_files/000931.txt
[4620] 3a08e3bfec2db5d O /home/capstone/project/test_files/000722.csv
[4620] 3a08e3bfec2db5d O /home/capstone/project/test_files/000177.pdf
[4620] 3a08e3bfec2db5d O /home/capstone/project/test_files/000197.html
[4620] 3a08e3bfec2db5d O /home/capstone/project/test_files/000044.xls
[4620] 3a08e3bfec2db5d O /home/capstone/project/test_files/000660.txt
[4620] 3a08e3bfec2db5d O /home/capstone/project/test_files/000360.pdf
[4620] 3a08e3bfec2db5d O /home/capstone/project/test_files/000908.jpg.nnvjxgy
[4620] 3a08e3bfec2db5d O /home/capstone/project/test_files/000931.txt
[4620] 3a08e3bfec2db5d C /home/capstone/project/test_files/checkpoints-000908.jpg.nnvjxgy
[4620] 3a08e3bfec2db5d O /home/capstone/project/test_files/000661.txt
[4620] 3a08e3bfec2db5d O /home/capstone/project/test_files/000341.pdf
[4620] 3a08e3bfec2db5d D /home/capstone/project/test_files/checkpoints-000567.pdf.nnvjxgy
[4620] 3a08e3bfec2db5d O /home/capstone/project/test_files/000197.html
[4620] 3a08e3bfec2db5d O /home/capstone/project/test_files/000669.txt
[4620] 3a08e3bfec2db5d O /home/capstone/project/test_files/000752.pdf.nnvjxgy
[4620] 3a08e3bfec2db5d C /home/capstone/project/test_files/checkpoints-000752.pdf.nnvjxgy
[4620] 3a08e3bfec2db5d O /home/capstone/project/test_files/000819.html.nnvjxgy
[4620] 3a08e3bfec2db5d C /home/capstone/project/test_files/checkpoints-000819.html.nnvjxgy
[4620] 3a08e3bfec2db5d O /home/capstone/project/test_files/000990.ppt
[4620] 3a08e3bfec2db5d O /home/capstone/project/test_files/000345.pdf.nnvjxgy
[4620] 3a08e3bfec2db5d C /home/capstone/project/test_files/checkpoints-000345.pdf.nnvjxgy
[4620] 3a08e3bfec2db5d O /home/capstone/project/test_files/000795.doc
[4620] 3a08e3bfec2db5d O /home/capstone/project/test_files/000360.pdf
[4620] 3a08e3bfec2db5d O /home/capstone/project/test_files/000661.txt
[4620] 3a08e3bfec2db5d O /home/capstone/project/test_files/000025.pdf
[4620] 3a08e3bfec2db5d O /home/capstone/project/test_files/000341.pdf
[4620] 3a08e3bfec2db5d O /home/capstone/project/test_files/000669.txt
[4620] 3a08e3bfec2db5d O /home/capstone/project/test_files/000990.ppt
[4620] 3a08e3bfec2db5d O /home/capstone/project/test_files/000795.doc
[4620] 3a08e3bfec2db5d O /home/capstone/project/test_files/000142.pdf
[4620] 3a08e3bfec2db5d O /home/capstone/project/test_files/000025.pdf
[4620] 3a08e3bfec2db5d O /home/capstone/project/test_files/000799.doc
[4620] 3a08e3bfec2db5d O /home/capstone/project/test_files/000265.doc.nnvjxgy
[4620] 3a08e3bfec2db5d C /home/capstone/project/test_files/checkpoints-000265.doc.nnvjxgy
[4620] 3a08e3bfec2db5d O /home/capstone/project/test_files/000991.ppt
[4620] 3a08e3bfec2db5d O /home/capstone/project/test_files/000142.pdf
[4620] 3a08e3bfec2db5d O /home/capstone/project/test_files/000799.doc
[4620] 3a08e3bfec2db5d O /home/capstone/project/test_files/000548.gif
[4620] 3a08e3bfec2db5d O /home/capstone/project/test_files/000991.ppt
[4620] 3a08e3bfec2db5d O /home/capstone/project/test_files/000548.gif
[4620] 3a08e3bfec2db5d O /home/capstone/project/test_files/000301.ppt
[4620] 3a08e3bfec2db5d O /home/capstone/project/test_files/000301.ppt
[4620] 3a08e3bfec2db5d O /home/capstone/project/test_files/000541.jpg
[4620] 3a08e3bfec2db5d O /home/capstone/project/test_files/000883.jpg
[4620] 3a08e3bfec2db5d O /home/capstone/project/test_files/000541.jpg
[4620] 3a08e3bfec2db5d O /home/capstone/project/test_files/000090.txt.nnvjxgy
[4620] 3a08e3bfec2db5d C /home/capstone/project/test_files/checkpoints-000090.txt.nnvjxgy
[4620] 3a08e3bfec2db5d O /home/capstone/project/test_files/000561.gif
[4620] 3a08e3bfec2db5d O /home/capstone/project/test_files/000883.jpg
[4620] 3a08e3bfec2db5d O /home/capstone/project/test_files/000843.pdf.nnvjxgy
[4620] 3a08e3bfec2db5d O /home/capstone/project/test_files/000561.gif
[4620] 3a08e3bfec2db5d O /home/capstone/project/test_files/000640.html
[4620] 3a08e3bfec2db5d C /home/capstone/project/test_files/checkpoints-000843.pdf.nnvjxgy
[4620] 3a08e3bfec2db5d O /home/capstone/project/test_files/000585.pdf.nnvjxgy
[4620] 3a08e3bfec2db5d C /home/capstone/project/test_files/checkpoints-000585.pdf.nnvjxgy
[4620] 3a08e3bfec2db5d O /home/capstone/project/test_files/000468.txt.nnvjxgy
[4620] 3a08e3bfec2db5d C /home/capstone/project/test_files/checkpoints-000468.txt.nnvjxgy
[4620] 3a08e3bfec2db5d O /home/capstone/project/test_files/000033.xls.nnvjxgy
[4620] 3a08e3bfec2db5d C /home/capstone/project/test_files/checkpoints-000033.xls.nnvjxgy
[4620] 3a08e3bfec2db5d O /home/capstone/project/test_files/000012.pdf.nnvjxgy
[4620] 3a08e3bfec2db5d C /home/capstone/project/test_files/checkpoints-000012.pdf.nnvjxgy
[4620] 3a08e3bfec2db5d O /home/capstone/project/test_files/000528.jpg
[4620] 3a08e3bfec2db5d O /home/capstone/project/test_files/000820.html
[4620] 3a08e3bfec2db5d O /home/capstone/project/test_files/000062.html
[4620] 3a08e3bfec2db5d O /home/capstone/project/test_files/000277.doc
[4620] 3a08e3bfec2db5d O /home/capstone/project/test_files/000083.unk
[4620] 3a08e3bfec2db5d O /home/capstone/project/test_files/000321.ppt
[4620] 3a08e3bfec2db5d O /home/capstone/project/test_files/000811.pdf
[4620] 3a08e3bfec2db5d O /home/capstone/project/test_files/000880.jpg
[4620] 3a08e3bfec2db5d O /home/capstone/project/test_files/000525.gif
[4620] 3a08e3bfec2db5d O /home/capstone/project/test_files/000108.jpg
[4620] 3a08e3bfec2db5d O /home/capstone/project/test_files/000626.txt
[4620] 3a08e3bfec2db5d O /home/capstone/project/test_files/000121.doc
[4620] 3a08e3bfec2db5d O /home/capstone/project/test_files/000398.xls
[4620] 3a08e3bfec2db5d O /home/capstone/project/test_files/000057.html
[4620] 3a08e3bfec2db5d O /home/capstone/project/test_files/000581.pdf
[4620] 3a08e3bfec2db5d O /home/capstone/project/test_files/000623.html
[4620] 3a08e3bfec2db5d O /home/capstone/project/test_files/000167.ppt
[4620] 3a08e3bfec2db5d O /home/capstone/project/test_files/000392.xls
[4620] 3a08e3bfec2db5d O /home/capstone/project/test_files/000065.html
[4620] 3a08e3bfec2db5d O /home/capstone/project/test_files/000876.jpg
[4620] 3a08e3bfec2db5d O /home/capstone/project/test_files/000916.html
[4620] 3a08e3bfec2db5d O /home/capstone/project/test_files/000377.xls
[4620] 3a08e3bfec2db5d O /home/capstone/project/test_files/000857.txt
[4620] 3a08e3bfec2db5d O /home/capstone/project/test_files/000842.txt
[4620] 3a08e3bfec2db5d O /home/capstone/project/test_files/000815.html
[4620] 3a08e3bfec2db5d O /home/capstone/project/test_files/000544.jpg
[4620] 3a08e3bfec2db5d O /home/capstone/project/test_files/000225.f
[4620] 3a08e3bfec2db5d O /home/capstone/project/test_files/000960.doc
[4620] 3a08e3bfec2db5d O /home/capstone/project/test_files/000407.xls
[4620] 3a08e3bfec2db5d O /home/capstone/project/test_files/000371.pdf
[4620] 3a08e3bfec2db5d O /home/capstone/project/test_files/000514.jpg
[4620] 3a08e3bfec2db5d O /home/capstone/project/test_files/000644.txt
[4620] 3a08e3bfec2db5d O /home/capstone/project/test_files/000892.html
[4620] 3a08e3bfec2db5d O /home/capstone/project/test_files/000702.ps
[4620] 3a08e3bfec2db5d O /home/capstone/project/test_files/000491.txt
[4620] 3a08e3bfec2db5d O /home/capstone/project/test_files/000357.pdf
[4620] 3a08e3bfec2db5d O /home/capstone/project/test_files/000288.ppt
[4620] 3a08e3bfec2db5d O /home/capstone/project/test_files/000415.html
[4620] 3a08e3bfec2db5d O /home/capstone/project/test_files/000029.pdf
[4620] 3a08e3bfec2db5d O /home/capstone/project/test_files/000879.jpg
[4620] 3a08e3bfec2db5d O /home/capstone/project/test_files/000640.html
[4620] 3a08e3bfec2db5d O /home/capstone/project/test_files/000528.jpg
[4620] 3a08e3bfec2db5d O /home/capstone/project/test_files/000820.html
[4620] 3a08e3bfec2db5d O /home/capstone/project/test_files/000062.html
[4620] 3a08e3bfec2db5d O /home/capstone/project/test_files/000277.doc
[4620] 3a08e3bfec2db5d O /home/capstone/project/test_files/000083.unk
[4620] 3a08e3bfec2db5d O /home/capstone/project/test_files/000321.ppt
[4620] 3a08e3bfec2db5d O /home/capstone/project/test_files/000811.pdf
[4620] 3a08e3bfec2db5d O /home/capstone/project/test_files/000880.jpg
[4620] 3a08e3bfec2db5d O /home/capstone/project/test_files/000525.gif
[4620] 3a08e3bfec2db5d O /home/capstone/project/test_files/000483.txt.nnvjxgy
[4620] 3a08e3bfec2db5d O /home/capstone/project/test_files/000108.jpg
[4620] 3a08e3bfec2db5d C /home/capstone/project/test_files/checkpoints-000483.txt.nnvjxgy
[4620] 3a08e3bfec2db5d O /home/capstone/project/test_files/000626.txt
[4620] 3a08e3bfec2db5d O /home/capstone/project/test_files/000121.doc
[4620] 3a08e3bfec2db5d O /home/capstone/project/test_files/000398.xls
[4620] 3a08e3bfec2db5d O /home/capstone/project/test_files/000057.html
[4620] 3a08e3bfec2db5d O /home/capstone/project/test_files/000581.pdf
[4620] 3a08e3bfec2db5d O /home/capstone/project/test_files/000623.html
[4620] 3a08e3bfec2db5d O /home/capstone/project/test_files/000167.ppt
[4620] 3a08e3bfec2db5d O /home/capstone/project/test_files/000392.xls
[4620] 3a08e3bfec2db5d O /home/capstone/project/test_files/000766.ps.nnvjxgy
[4620] 3a08e3bfec2db5d O /home/capstone/project/test_files/000065.html
[4620] 3a08e3bfec2db5d D /home/capstone/project/test_files/checkpoints-000155.pdf.nnvjxgy
[4620] 3a08e3bfec2db5d O /home/capstone/project/test_files/000876.jpg
[4620] 3a08e3bfec2db5d C /home/capstone/project/test_files/checkpoints-000766.ps.nnvjxgy
[4620] 3a08e3bfec2db5d O /home/capstone/project/test_files/000916.html
[4620] 3a08e3bfec2db5d O /home/capstone/project/test_files/000377.xls
[4620] 3a08e3bfec2db5d O /home/capstone/project/test_files/000857.txt
[4620] 3a08e3bfec2db5d O /home/capstone/project/test_files/000842.txt
[4620] 3a08e3bfec2db5d D /home/capstone/project/test_files/checkpoints-000204.html.nnvjxgy
[4620] 3a08e3bfec2db5d O /home/capstone/project/test_files/000815.html
[4620] 3a08e3bfec2db5d O /home/capstone/project/test_files/000544.jpg
[4620] 3a08e3bfec2db5d O /home/capstone/project/test_files/000225.f
[4620] 3a08e3bfec2db5d O /home/capstone/project/test_files/000960.doc
[4620] 3a08e3bfec2db5d D /home/capstone/project/test_files/checkpoints-000939.txt.nnvjxgy
[4620] 3a08e3bfec2db5d O /home/capstone/project/test_files/000407.xls
[4620] 3a08e3bfec2db5d O /home/capstone/project/test_files/000371.pdf
[4620] 3a08e3bfec2db5d O /home/capstone/project/test_files/000422.html.nnvjxgy
[4620] 3a08e3bfec2db5d D /home/capstone/project/test_files/checkpoints-000588.pdf.nnvjxgy
[4620] 3a08e3bfec2db5d O /home/capstone/project/test_files/000595.pdf.nnvjxgy
[4620] 3a08e3bfec2db5d C /home/capstone/project/test_files/checkpoints-000595.pdf.nnvjxgy
[4620] 3a08e3bfec2db5d O /home/capstone/project/test_files/000159.pdf
[4620] 3a08e3bfec2db5d O /home/capstone/project/test_files/000755.pdf
[4620] 3a08e3bfec2db5d C /home/capstone/project/test_files/checkpoints-000422.html.nnvjxgy
[4620] 3a08e3bfec2db5d O /home/capstone/project/test_files/000129.html.nnvjxgy
[4620] 3a08e3bfec2db5d O /home/capstone/project/test_files/000612.html
[4620] 3a08e3bfec2db5d C /home/capstone/project/test_files/checkpoints-000129.html.nnvjxgy
[4620] 3a08e3bfec2db5d D /home/capstone/project/test_files/checkpoints-000825.pdf.nnvjxgy
[4620] 3a08e3bfec2db5d D /home/capstone/project/test_files/checkpoints-000716.ppt.nnvjxgy
[4620] 3a08e3bfec2db5d D /home/capstone/project/test_files/checkpoints-000189.pdf.nnvjxgy
[4620] 3a08e3bfec2db5d O /home/capstone/project/test_files/000362.pdf.nnvjxgy
[4620] 3a08e3bfec2db5d C /home/capstone/project/test_files/checkpoints-000362.pdf.nnvjxgy
[4620] 3a08e3bfec2db5d D /home/capstone/project/test_files/checkpoints-000156.doc.nnvjxgy
[4620] 3a08e3bfec2db5d D /home/capstone/project/test_files/checkpoints-000138.html.nnvjxgy
[4620] 3a08e3bfec2db5d O /home/capstone/project/test_files/000878.pdf
[4620] 3a08e3bfec2db5d O /home/capstone/project/test_files/000514.jpg
[4620] 3a08e3bfec2db5d O /home/capstone/project/test_files/000644.txt
[4620] 3a08e3bfec2db5d O /home/capstone/project/test_files/000373.pdf
[4620] 3a08e3bfec2db5d D /home/capstone/project/test_files/checkpoints-000962.jpg.nnvjxgy
[4620] 3a08e3bfec2db5d O /home/capstone/project/test_files/000892.html
[4620] 3a08e3bfec2db5d O /home/capstone/project/test_files/000718.gz
[4620] 3a08e3bfec2db5d O /home/capstone/project/test_files/000872.jpg.nnvjxgy
[4620] 3a08e3bfec2db5d C /home/capstone/project/test_files/checkpoints-000872.jpg.nnvjxgy
[4620] 3a08e3bfec2db5d D /home/capstone/project/test_files/checkpoints-000437.jpg.nnvjxgy
[4620] 3a08e3bfec2db5d O /home/capstone/project/test_files/000961.doc.nnvjxgy
[4620] 3a08e3bfec2db5d C /home/capstone/project/test_files/checkpoints-000961.doc.nnvjxgy
[4620] 3a08e3bfec2db5d O /home/capstone/project/test_files/000421.html
[4620] 3a08e3bfec2db5d D /home/capstone/project/test_files/checkpoints-000286.doc.nnvjxgy
[4620] 3a08e3bfec2db5d O /home/capstone/project/test_files/000215.html
[4620] 3a08e3bfec2db5d O /home/capstone/project/test_files/000702.ps
[4620] 3a08e3bfec2db5d O /home/capstone/project/test_files/000491.txt
[4620] 3a08e3bfec2db5d O /home/capstone/project/test_files/000242.jpg
[4620] 3a08e3bfec2db5d O /home/capstone/project/test_files/000357.pdf
[4620] 3a08e3bfec2db5d O /home/capstone/project/test_files/000787.html
[4620] 3a08e3bfec2db5d O /home/capstone/project/test_files/000288.ppt
[4620] 3a08e3bfec2db5d O /home/capstone/project/test_files/000415.html
[4620] 3a08e3bfec2db5d O /home/capstone/project/test_files/000029.pdf
[4620] 3a08e3bfec2db5d O /home/capstone/project/test_files/000200.html
[4620] 3a08e3bfec2db5d O /home/capstone/project/test_files/000879.jpg
[4620] 3a08e3bfec2db5d O /home/capstone/project/test_files/000943.pdf.nnvjxgy
[4620] 3a08e3bfec2db5d O /home/capstone/project/test_files/000159.pdf
[4620] 3a08e3bfec2db5d O /home/capstone/project/test_files/000465.unk
[4620] 3a08e3bfec2db5d C /home/capstone/project/test_files/checkpoints-000943.pdf.nnvjxgy
[4620] 3a08e3bfec2db5d O /home/capstone/project/test_files/000391.xls
[4620] 3a08e3bfec2db5d O /home/capstone/project/test_files/000959.xls
[4620] 3a08e3bfec2db5d O /home/capstone/project/test_files/000035.xls
[4620] 3a08e3bfec2db5d O /home/capstone/project/test_files/000036.xls
[4620] 3a08e3bfec2db5d O /home/capstone/project/test_files/000469.jpg.nnvjxgy
[4620] 3a08e3bfec2db5d C /home/capstone/project/test_files/checkpoints-000469.jpg.nnvjxgy
[4620] 3a08e3bfec2db5d O /home/capstone/project/test_files/000166.pdf
[4620] 3a08e3bfec2db5d D /home/capstone/project/test_files/checkpoints-000180.html.nnvjxgy
[4620] 3a08e3bfec2db5d O /home/capstone/project/test_files/000383.xls
[4620] 3a08e3bfec2db5d O /home/capstone/project/test_files/000400.jpg
[4620] 3a08e3bfec2db5d O /home/capstone/project/test_files/000453.html
[4620] 3a08e3bfec2db5d O /home/capstone/project/test_files/000926.txt.nnvjxgy
[4620] 3a08e3bfec2db5d O /home/capstone/project/test_files/000950.doc
[4620] 3a08e3bfec2db5d C /home/capstone/project/test_files/checkpoints-000926.txt.nnvjxgy
[4620] 3a08e3bfec2db5d O /home/capstone/project/test_files/000124.doc
[4620] 3a08e3bfec2db5d O /home/capstone/project/test_files/000375.xls
[4620] 3a08e3bfec2db5d O /home/capstone/project/test_files/000755.pdf
[4620] 3a08e3bfec2db5d O /home/capstone/project/test_files/000403.xls
[4620] 3a08e3bfec2db5d O /home/capstone/project/test_files/000612.html
[4620] 3a08e3bfec2db5d O /home/capstone/project/test_files/000878.pdf
[4620] 3a08e3bfec2db5d O /home/capstone/project/test_files/000373.pdf
[4620] 3a08e3bfec2db5d O /home/capstone/project/test_files/000103.txt
[4620] 3a08e3bfec2db5d O /home/capstone/project/test_files/000010.pdf
[4620] 3a08e3bfec2db5d O /home/capstone/project/test_files/000718.gz
[4620] 3a08e3bfec2db5d D /home/capstone/project/test_files/checkpoints-000729.ppt.nnvjxgy
[4620] 3a08e3bfec2db5d O /home/capstone/project/test_files/000671.pdf
[4620] 3a08e3bfec2db5d O /home/capstone/project/test_files/000421.html
[4620] 3a08e3bfec2db5d O /home/capstone/project/test_files/000215.html
[4620] 3a08e3bfec2db5d O /home/capstone/project/test_files/000792.html
[4620] 3a08e3bfec2db5d O /home/capstone/project/test_files/000242.jpg
[4620] 3a08e3bfec2db5d O /home/capstone/project/test_files/000787.html
[4620] 3a08e3bfec2db5d O /home/capstone/project/test_files/000200.html
[4620] 3a08e3bfec2db5d O /home/capstone/project/test_files/000677.doc.nnvjxgy
[4620] 3a08e3bfec2db5d O /home/capstone/project/test_files/000724.ppt
[4620] 3a08e3bfec2db5d O /home/capstone/project/test_files/000913.doc.nnvjxgy
[4620] 3a08e3bfec2db5d C /home/capstone/project/test_files/checkpoints-000913.doc.nnvjxgy
[4620] 3a08e3bfec2db5d O /home/capstone/project/test_files/000370.pdf
[4620] 3a08e3bfec2db5d C /home/capstone/project/test_files/checkpoints-000677.doc.nnvjxgy
[4620] 3a08e3bfec2db5d O /home/capstone/project/test_files/000043.xls
[4620] 3a08e3bfec2db5d O /home/capstone/project/test_files/000465.unk
[4620] 3a08e3bfec2db5d O /home/capstone/project/test_files/000651.txt
[4620] 3a08e3bfec2db5d O /home/capstone/project/test_files/000391.xls
[4620] 3a08e3bfec2db5d O /home/capstone/project/test_files/000959.xls
[4620] 3a08e3bfec2db5d O /home/capstone/project/test_files/000035.xls
[4620] 3a08e3bfec2db5d O /home/capstone/project/test_files/000576.csv
[4620] 3a08e3bfec2db5d O /home/capstone/project/test_files/000036.xls
[4620] 3a08e3bfec2db5d O /home/capstone/project/test_files/000166.pdf
[4620] 3a08e3bfec2db5d O /home/capstone/project/test_files/000522.gif
[4620] 3a08e3bfec2db5d O /home/capstone/project/test_files/000383.xls
[4620] 3a08e3bfec2db5d O /home/capstone/project/test_files/000400.jpg
[4620] 3a08e3bfec2db5d O /home/capstone/project/test_files/000446.html
[4620] 3a08e3bfec2db5d O /home/capstone/project/test_files/000453.html
[4620] 3a08e3bfec2db5d O /home/capstone/project/test_files/000573.swf
[4620] 3a08e3bfec2db5d O /home/capstone/project/test_files/000950.doc
[4620] 3a08e3bfec2db5d O /home/capstone/project/test_files/000897.jpg
[4620] 3a08e3bfec2db5d O /home/capstone/project/test_files/000276.doc
[4620] 3a08e3bfec2db5d O /home/capstone/project/test_files/000061.html
[4620] 3a08e3bfec2db5d O /home/capstone/project/test_files/000447.html
[4620] 3a08e3bfec2db5d O /home/capstone/project/test_files/000859.pdf
[4620] 3a08e3bfec2db5d O /home/capstone/project/test_files/000161.pdf
[4620] 3a08e3bfec2db5d O /home/capstone/project/test_files/000944.doc
[4620] 3a08e3bfec2db5d O /home/capstone/project/test_files/000952.doc
[4620] 3a08e3bfec2db5d O /home/capstone/project/test_files/000900.jpg
[4620] 3a08e3bfec2db5d O /home/capstone/project/test_files/000741.log
[4620] 3a08e3bfec2db5d O /home/capstone/project/test_files/000275.doc
[4620] 3a08e3bfec2db5d O /home/capstone/project/test_files/000650.txt
[4620] 3a08e3bfec2db5d O /home/capstone/project/test_files/000295.ppt
[4620] 3a08e3bfec2db5d O /home/capstone/project/test_files/000144.doc
[4620] 3a08e3bfec2db5d O /home/capstone/project/test_files/000655.txt
[4620] 3a08e3bfec2db5d O /home/capstone/project/test_files/000532.jpg
[4620] 3a08e3bfec2db5d O /home/capstone/project/test_files/000967.doc
[4620] 3a08e3bfec2db5d O /home/capstone/project/test_files/000646.txt
[4620] 3a08e3bfec2db5d O /home/capstone/project/test_files/000088.txt
[4620] 3a08e3bfec2db5d O /home/capstone/project/test_files/000885.pdf
[4620] 3a08e3bfec2db5d O /home/capstone/project/test_files/000975.xml
[4620] 3a08e3bfec2db5d O /home/capstone/project/test_files/000046.xls
[4620] 3a08e3bfec2db5d O /home/capstone/project/test_files/000243.jpg
[4620] 3a08e3bfec2db5d O /home/capstone/project/test_files/000068.html
[4620] 3a08e3bfec2db5d O /home/capstone/project/test_files/000387.txt
[4620] 3a08e3bfec2db5d O /home/capstone/project/test_files/000195.html
[4620] 3a08e3bfec2db5d O /home/capstone/project/test_files/000217.html
[4620] 3a08e3bfec2db5d O /home/capstone/project/test_files/000996.ps
[4620] 3a08e3bfec2db5d O /home/capstone/project/test_files/000058.html
[4620] 3a08e3bfec2db5d O /home/capstone/project/test_files/000492.txt.nnvjxgy
[4620] 3a08e3bfec2db5d C /home/capstone/project/test_files/checkpoints-000492.txt.nnvjxgy
[4620] 3a08e3bfec2db5d O /home/capstone/project/test_files/000124.doc
[4620] 3a08e3bfec2db5d O /home/capstone/project/test_files/000375.xls
[4620] 3a08e3bfec2db5d O /home/capstone/project/test_files/000403.xls
[4620] 3a08e3bfec2db5d O /home/capstone/project/test_files/000103.txt
[4620] 3a08e3bfec2db5d O /home/capstone/project/test_files/000010.pdf
[4620] 3a08e3bfec2db5d O /home/capstone/project/test_files/000671.pdf
[4620] 3a08e3bfec2db5d O /home/capstone/project/test_files/000792.html
[4620] 3a08e3bfec2db5d D /home/capstone/project/test_files/checkpoints-000746.pdf.nnvjxgy
[4620] 3a08e3bfec2db5d O /home/capstone/project/test_files/000724.ppt
[4620] 3a08e3bfec2db5d O /home/capstone/project/test_files/000745.pdf.nnvjxgy
[4620] 3a08e3bfec2db5d C /home/capstone/project/test_files/checkpoints-000745.pdf.nnvjxgy
[4620] 3a08e3bfec2db5d O /home/capstone/project/test_files/000171.xls.nnvjxgy
[4620] 3a08e3bfec2db5d C /home/capstone/project/test_files/checkpoints-000171.xls.nnvjxgy
[4620] 3a08e3bfec2db5d O /home/capstone/project/test_files/000370.pdf
[4620] 3a08e3bfec2db5d O /home/capstone/project/test_files/000134.ppt.nnvjxgy
[4620] 3a08e3bfec2db5d C /home/capstone/project/test_files/checkpoints-000134.ppt.nnvjxgy
[4620] 3a08e3bfec2db5d O /home/capstone/project/test_files/000133.ppt
[4620] 3a08e3bfec2db5d O /home/capstone/project/test_files/000691.doc
[4620] 3a08e3bfec2db5d O /home/capstone/project/test_files/000335.xml
[4620] 3a08e3bfec2db5d O /home/capstone/project/test_files/000445.html
[4620] 3a08e3bfec2db5d O /home/capstone/project/test_files/000817.pdf
[4620] 3a08e3bfec2db5d O /home/capstone/project/test_files/000732.ppt
[4620] 3a08e3bfec2db5d O /home/capstone/project/test_files/000043.xls
[4620] 3a08e3bfec2db5d O /home/capstone/project/test_files/000651.txt
[4620] 3a08e3bfec2db5d O /home/capstone/project/test_files/000777.xls
[4620] 3a08e3bfec2db5d O /home/capstone/project/test_files/000414.html.nnvjxgy
[4620] 3a08e3bfec2db5d O /home/capstone/project/test_files/000267.doc.nnvjxgy
[4620] 3a08e3bfec2db5d C /home/capstone/project/test_files/checkpoints-000267.doc.nnvjxgy
[4620] 3a08e3bfec2db5d C /home/capstone/project/test_files/checkpoints-000414.html.nnvjxgy
[4620] 3a08e3bfec2db5d O /home/capstone/project/test_files/000788.doc
[4620] 3a08e3bfec2db5d O /home/capstone/project/test_files/000740.html
[4620] 3a08e3bfec2db5d O /home/capstone/project/test_files/000603.jpg.nnvjxgy
[4620] 3a08e3bfec2db5d C /home/capstone/project/test_files/checkpoints-000603.jpg.nnvjxgy
[4620] 3a08e3bfec2db5d O /home/capstone/project/test_files/000657.txt.nnvjxgy
[4620] 3a08e3bfec2db5d C /home/capstone/project/test_files/checkpoints-000657.txt.nnvjxgy
[4620] 3a08e3bfec2db5d O /home/capstone/project/test_files/000700.xml
[4620] 3a08e3bfec2db5d O /home/capstone/project/test_files/000853.pdf
[4620] 3a08e3bfec2db5d O /home/capstone/project/test_files/000828.txt
[4620] 3a08e3bfec2db5d O /home/capstone/project/test_files/000399.xls.nnvjxgy
[4620] 3a08e3bfec2db5d C /home/capstone/project/test_files/checkpoints-000399.xls.nnvjxgy
[4620] 3a08e3bfec2db5d O /home/capstone/project/test_files/000313.ppt
[4620] 3a08e3bfec2db5d O /home/capstone/project/test_files/000005.doc
[4620] 3a08e3bfec2db5d O /home/capstone/project/test_files/000576.csv
[4620] 3a08e3bfec2db5d O /home/capstone/project/test_files/000214.html
[4620] 3a08e3bfec2db5d O /home/capstone/project/test_files/000522.gif
[4620] 3a08e3bfec2db5d O /home/capstone/project/test_files/000446.html
[4620] 3a08e3bfec2db5d O /home/capstone/project/test_files/000620.txt
[4620] 3a08e3bfec2db5d O /home/capstone/project/test_files/000573.swf
[4620] 3a08e3bfec2db5d O /home/capstone/project/test_files/000125.doc
[4620] 3a08e3bfec2db5d O /home/capstone/project/test_files/000897.jpg
[4620] 3a08e3bfec2db5d O /home/capstone/project/test_files/000899.pdf.nnvjxgy
[4620] 3a08e3bfec2db5d O /home/capstone/project/test_files/000565.csv
[4620] 3a08e3bfec2db5d O /home/capstone/project/test_files/000276.doc
[4620] 3a08e3bfec2db5d C /home/capstone/project/test_files/checkpoints-000899.pdf.nnvjxgy
[4620] 3a08e3bfec2db5d O /home/capstone/project/test_files/000061.html
[4620] 3a08e3bfec2db5d O /home/capstone/project/test_files/000447.html
[4620] 3a08e3bfec2db5d O /home/capstone/project/test_files/000859.pdf
[4620] 3a08e3bfec2db5d O /home/capstone/project/test_files/000308.ppt
[4620] 3a08e3bfec2db5d O /home/capstone/project/test_files/000161.pdf
[4620] 3a08e3bfec2db5d O /home/capstone/project/test_files/000019.pdf
[4620] 3a08e3bfec2db5d O /home/capstone/project/test_files/000944.doc
[4620] 3a08e3bfec2db5d O /home/capstone/project/test_files/000952.doc
[4620] 3a08e3bfec2db5d O /home/capstone/project/test_files/000900.jpg
[4620] 3a08e3bfec2db5d O /home/capstone/project/test_files/000779.xls
[4620] 3a08e3bfec2db5d O /home/capstone/project/test_files/000268.doc
[4620] 3a08e3bfec2db5d O /home/capstone/project/test_files/000741.log
[4620] 3a08e3bfec2db5d O /home/capstone/project/test_files/000275.doc
[4620] 3a08e3bfec2db5d O /home/capstone/project/test_files/000955.pdf
[4620] 3a08e3bfec2db5d O /home/capstone/project/test_files/000650.txt
[4620] 3a08e3bfec2db5d O /home/capstone/project/test_files/000219.txt
[4620] 3a08e3bfec2db5d O /home/capstone/project/test_files/000295.ppt
[4620] 3a08e3bfec2db5d O /home/capstone/project/test_files/000144.doc
[4620] 3a08e3bfec2db5d O /home/capstone/project/test_files/000176.pdf
[4620] 3a08e3bfec2db5d O /home/capstone/project/test_files/000655.txt
[4620] 3a08e3bfec2db5d O /home/capstone/project/test_files/000532.jpg
[4620] 3a08e3bfec2db5d O /home/capstone/project/test_files/000579.gz
[4620] 3a08e3bfec2db5d O /home/capstone/project/test_files/000052.xls.nnvjxgy
[4620] 3a08e3bfec2db5d O /home/capstone/project/test_files/000967.doc
[4620] 3a08e3bfec2db5d O /home/capstone/project/test_files/000254.doc
[4620] 3a08e3bfec2db5d C /home/capstone/project/test_files/checkpoints-000052.xls.nnvjxgy
[4620] 3a08e3bfec2db5d O /home/capstone/project/test_files/000063.html.nnvjxgy
[4620] 3a08e3bfec2db5d C /home/capstone/project/test_files/checkpoints-000063.html.nnvjxgy
[4620] 3a08e3bfec2db5d O /home/capstone/project/test_files/000190.html.nnvjxgy
[4620] 3a08e3bfec2db5d O /home/capstone/project/test_files/000646.txt
[4620] 3a08e3bfec2db5d O /home/capstone/project/test_files/000088.txt
[4620] 3a08e3bfec2db5d O /home/capstone/project/test_files/000885.pdf
[4620] 3a08e3bfec2db5d O /home/capstone/project/test_files/000975.xml
[4620] 3a08e3bfec2db5d O /home/capstone/project/test_files/000113.doc
[4620] 3a08e3bfec2db5d O /home/capstone/project/test_files/000046.xls
[4620] 3a08e3bfec2db5d O /home/capstone/project/test_files/000243.jpg
[4620] 3a08e3bfec2db5d O /home/capstone/project/test_files/000807.pdf
[4620] 3a08e3bfec2db5d O /home/capstone/project/test_files/000106.txt
[4620] 3a08e3bfec2db5d O /home/capstone/project/test_files/000068.html
[4620] 3a08e3bfec2db5d O /home/capstone/project/test_files/000427.html
[4620] 3a08e3bfec2db5d O /home/capstone/project/test_files/000387.txt
[4620] 3a08e3bfec2db5d O /home/capstone/project/test_files/000893.html
[4620] 3a08e3bfec2db5d O /home/capstone/project/test_files/000195.html
[4620] 3a08e3bfec2db5d O /home/capstone/project/test_files/000217.html
[4620] 3a08e3bfec2db5d O /home/capstone/project/test_files/000472.txt
[4620] 3a08e3bfec2db5d O /home/capstone/project/test_files/000996.ps
[4620] 3a08e3bfec2db5d O /home/capstone/project/test_files/000411.html
[4620] 3a08e3bfec2db5d O /home/capstone/project/test_files/000058.html
[4620] 3a08e3bfec2db5d O /home/capstone/project/test_files/000909.jpg
[4620] 3a08e3bfec2db5d O /home/capstone/project/test_files/000141.pdf
[4620] 3a08e3bfec2db5d O /home/capstone/project/test_files/000510.jpg
[4620] 3a08e3bfec2db5d O /home/capstone/project/test_files/000133.ppt
[4620] 3a08e3bfec2db5d O /home/capstone/project/test_files/000613.html
[4620] 3a08e3bfec2db5d O /home/capstone/project/test_files/000339.pdf.nnvjxgy
[4620] 3a08e3bfec2db5d C /home/capstone/project/test_files/checkpoints-000339.pdf.nnvjxgy
[4620] 3a08e3bfec2db5d O /home/capstone/project/test_files/000356.pdf
[4620] 3a08e3bfec2db5d O /home/capstone/project/test_files/000911.doc
[4620] 3a08e3bfec2db5d O /home/capstone/project/test_files/000259.doc
[4620] 3a08e3bfec2db5d O /home/capstone/project/test_files/000518.ppt.nnvjxgy
[4620] 3a08e3bfec2db5d C /home/capstone/project/test_files/checkpoints-000518.ppt.nnvjxgy
[4620] 3a08e3bfec2db5d O /home/capstone/project/test_files/000051.xls
[4620] 3a08e3bfec2db5d O /home/capstone/project/test_files/000704.xml
[4620] 3a08e3bfec2db5d C /home/capstone/project/test_files/checkpoints-000190.html.nnvjxgy
[4620] 3a08e3bfec2db5d O /home/capstone/project/test_files/000369.pdf.nnvjxgy
[4620] 3a08e3bfec2db5d C /home/capstone/project/test_files/checkpoints-000369.pdf.nnvjxgy
[4620] 3a08e3bfec2db5d O /home/capstone/project/test_files/000648.txt
[4620] 3a08e3bfec2db5d O /home/capstone/project/test_files/000178.html
[4620] 3a08e3bfec2db5d O /home/capstone/project/test_files/000526.gif.nnvjxgy
[4620] 3a08e3bfec2db5d C /home/capstone/project/test_files/checkpoints-000526.gif.nnvjxgy
[4620] 3a08e3bfec2db5d O /home/capstone/project/test_files/000114.doc
[4620] 3a08e3bfec2db5d O /home/capstone/project/test_files/000599.html
[4620] 3a08e3bfec2db5d O /home/capstone/project/test_files/000749.html
[4620] 3a08e3bfec2db5d O /home/capstone/project/test_files/000478.txt.nnvjxgy
[4620] 3a08e3bfec2db5d C /home/capstone/project/test_files/checkpoints-000478.txt.nnvjxgy
[4620] 3a08e3bfec2db5d O /home/capstone/project/test_files/000947.html
[4620] 3a08e3bfec2db5d O /home/capstone/project/test_files/000479.txt.nnvjxgy
[4620] 3a08e3bfec2db5d C /home/capstone/project/test_files/checkpoints-000479.txt.nnvjxgy
[4620] 3a08e3bfec2db5d O /home/capstone/project/test_files/000435.html
[4620] 3a08e3bfec2db5d D /home/capstone/project/test_files/checkpoints-000556.txt.nnvjxgy
[4620] 3a08e3bfec2db5d O /home/capstone/project/test_files/000891.html
[4620] 3a08e3bfec2db5d O /home/capstone/project/test_files/000862.txt.nnvjxgy
[4620] 3a08e3bfec2db5d O /home/capstone/project/test_files/000251.pdf
[4620] 3a08e3bfec2db5d C /home/capstone/project/test_files/checkpoints-000862.txt.nnvjxgy
[4620] 3a08e3bfec2db5d O /home/capstone/project/test_files/000980.ps
[4620] 3a08e3bfec2db5d O /home/capstone/project/test_files/000941.txt
[4620] 3a08e3bfec2db5d O /home/capstone/project/test_files/000073.html
[4620] 3a08e3bfec2db5d O /home/capstone/project/test_files/000797.html
[4620] 3a08e3bfec2db5d O /home/capstone/project/test_files/000490.txt
[4620] 3a08e3bfec2db5d O /home/capstone/project/test_files/000552.html
[4620] 3a08e3bfec2db5d O /home/capstone/project/test_files/000140.pdf
[4620] 3a08e3bfec2db5d D /home/capstone/project/test_files/checkpoints-000372.pdf.nnvjxgy
[4620] 3a08e3bfec2db5d O /home/capstone/project/test_files/000367.pdf
[4620] 3a08e3bfec2db5d O /home/capstone/project/test_files/000691.doc
[4620] 3a08e3bfec2db5d O /home/capstone/project/test_files/000335.xml
[4620] 3a08e3bfec2db5d O /home/capstone/project/test_files/000445.html
[4620] 3a08e3bfec2db5d O /home/capstone/project/test_files/000813.pdf.nnvjxgy
[4620] 3a08e3bfec2db5d O /home/capstone/project/test_files/000817.pdf
[4620] 3a08e3bfec2db5d O /home/capstone/project/test_files/000329.ppt
[4620] 3a08e3bfec2db5d O /home/capstone/project/test_files/000732.ppt
[4620] 3a08e3bfec2db5d O /home/capstone/project/test_files/000454.html
[4620] 3a08e3bfec2db5d O /home/capstone/project/test_files/000777.xls
[4620] 3a08e3bfec2db5d O /home/capstone/project/test_files/000788.doc
[4620] 3a08e3bfec2db5d C /home/capstone/project/test_files/checkpoints-000813.pdf.nnvjxgy
[4620] 3a08e3bfec2db5d O /home/capstone/project/test_files/000740.html
[4620] 3a08e3bfec2db5d O /home/capstone/project/test_files/000700.xml
[4620] 3a08e3bfec2db5d O /home/capstone/project/test_files/000853.pdf
[4620] 3a08e3bfec2db5d O /home/capstone/project/test_files/000828.txt
[4620] 3a08e3bfec2db5d O /home/capstone/project/test_files/000313.ppt
[4620] 3a08e3bfec2db5d O /home/capstone/project/test_files/000005.doc
[4620] 3a08e3bfec2db5d O /home/capstone/project/test_files/000214.html
[4620] 3a08e3bfec2db5d O /home/capstone/project/test_files/000620.txt
[4620] 3a08e3bfec2db5d O /home/capstone/project/test_files/000869.jpg
[4620] 3a08e3bfec2db5d O /home/capstone/project/test_files/000838.pdf
[4620] 3a08e3bfec2db5d O /home/capstone/project/test_files/000169.ppt
[4620] 3a08e3bfec2db5d O /home/capstone/project/test_files/000559.ppt
[4620] 3a08e3bfec2db5d O /home/capstone/project/test_files/000504.txt
[4620] 3a08e3bfec2db5d O /home/capstone/project/test_files/000690.csv
[4620] 3a08e3bfec2db5d O /home/capstone/project/test_files/000964.doc
[4620] 3a08e3bfec2db5d O /home/capstone/project/test_files/000649.txt
[4620] 3a08e3bfec2db5d O /home/capstone/project/test_files/000874.jpg
[4620] 3a08e3bfec2db5d O /home/capstone/project/test_files/000105.txt
[4620] 3a08e3bfec2db5d O /home/capstone/project/test_files/000818.pdf
[4620] 3a08e3bfec2db5d O /home/capstone/project/test_files/000283.doc
[4620] 3a08e3bfec2db5d O /home/capstone/project/test_files/000179.html
[4620] 3a08e3bfec2db5d O /home/capstone/project/test_files/000115.wp
[4620] 3a08e3bfec2db5d O /home/capstone/project/test_files/000637.html
[4620] 3a08e3bfec2db5d O /home/capstone/project/test_files/000917.html
[4620] 3a08e3bfec2db5d O /home/capstone/project/test_files/000125.doc
[4620] 3a08e3bfec2db5d O /home/capstone/project/test_files/000565.csv
[4620] 3a08e3bfec2db5d O /home/capstone/project/test_files/000308.ppt
[4620] 3a08e3bfec2db5d O /home/capstone/project/test_files/000019.pdf
[4620] 3a08e3bfec2db5d O /home/capstone/project/test_files/000779.xls
[4620] 3a08e3bfec2db5d O /home/capstone/project/test_files/000268.doc
[4620] 3a08e3bfec2db5d O /home/capstone/project/test_files/000955.pdf
[4620] 3a08e3bfec2db5d O /home/capstone/project/test_files/000219.txt
[4620] 3a08e3bfec2db5d D /home/capstone/project/test_files/checkpoints-000513.jpg.nnvjxgy
[4620] 3a08e3bfec2db5d O /home/capstone/project/test_files/000176.pdf
[4620] 3a08e3bfec2db5d O /home/capstone/project/test_files/000579.gz
[4620] 3a08e3bfec2db5d O /home/capstone/project/test_files/000589.pdf
[4620] 3a08e3bfec2db5d O /home/capstone/project/test_files/000800.html.nnvjxgy
[4620] 3a08e3bfec2db5d C /home/capstone/project/test_files/checkpoints-000800.html.nnvjxgy
[4620] 3a08e3bfec2db5d D /home/capstone/project/test_files/checkpoints-000188.html.nnvjxgy
[4620] 3a08e3bfec2db5d O /home/capstone/project/test_files/000760.pdf
[4620] 3a08e3bfec2db5d O /home/capstone/project/test_files/000837.txt
[4620] 3a08e3bfec2db5d O /home/capstone/project/test_files/000254.doc
[4620] 3a08e3bfec2db5d O /home/capstone/project/test_files/000524.jpg
[4620] 3a08e3bfec2db5d O /home/capstone/project/test_files/000113.doc
[4620] 3a08e3bfec2db5d O /home/capstone/project/test_files/000807.pdf
[4620] 3a08e3bfec2db5d O /home/capstone/project/test_files/000420.html
[4620] 3a08e3bfec2db5d O /home/capstone/project/test_files/000106.txt
[4620] 3a08e3bfec2db5d O /home/capstone/project/test_files/000520.gif
[4620] 3a08e3bfec2db5d O /home/capstone/project/test_files/000427.html
[4620] 3a08e3bfec2db5d O /home/capstone/project/test_files/000893.html
[4620] 3a08e3bfec2db5d O /home/capstone/project/test_files/000578.pdf
[4620] 3a08e3bfec2db5d O /home/capstone/project/test_files/000246.jpg.nnvjxgy
[4620] 3a08e3bfec2db5d O /home/capstone/project/test_files/000472.txt
[4620] 3a08e3bfec2db5d O /home/capstone/project/test_files/000338.pdf
[4620] 3a08e3bfec2db5d O /home/capstone/project/test_files/000411.html
[4620] 3a08e3bfec2db5d C /home/capstone/project/test_files/checkpoints-000246.jpg.nnvjxgy
[4620] 3a08e3bfec2db5d O /home/capstone/project/test_files/000909.jpg
[4620] 3a08e3bfec2db5d O /home/capstone/project/test_files/000364.pdf
[4620] 3a08e3bfec2db5d O /home/capstone/project/test_files/000141.pdf
[4620] 3a08e3bfec2db5d O /home/capstone/project/test_files/000510.jpg
[4620] 3a08e3bfec2db5d O /home/capstone/project/test_files/000261.doc
[4620] 3a08e3bfec2db5d O /home/capstone/project/test_files/000551.jpg
[4620] 3a08e3bfec2db5d O /home/capstone/project/test_files/000613.html
[4620] 3a08e3bfec2db5d O /home/capstone/project/test_files/000356.pdf
[4620] 3a08e3bfec2db5d O /home/capstone/project/test_files/000871.jpg
[4620] 3a08e3bfec2db5d O /home/capstone/project/test_files/000596.pdf
[4620] 3a08e3bfec2db5d O /home/capstone/project/test_files/000199.html
[4620] 3a08e3bfec2db5d O /home/capstone/project/test_files/000693.doc.nnvjxgy
[4620] 3a08e3bfec2db5d C /home/capstone/project/test_files/checkpoints-000693.doc.nnvjxgy
[4620] 3a08e3bfec2db5d O /home/capstone/project/test_files/000835.txt
[4620] 3a08e3bfec2db5d O /home/capstone/project/test_files/000017.swf
[4620] 3a08e3bfec2db5d O /home/capstone/project/test_files/000089.txt.nnvjxgy
[4620] 3a08e3bfec2db5d C /home/capstone/project/test_files/checkpoints-000089.txt.nnvjxgy
[4620] 3a08e3bfec2db5d O /home/capstone/project/test_files/000244.jpg
[4620] 3a08e3bfec2db5d O /home/capstone/project/test_files/000742.pdf
[4620] 3a08e3bfec2db5d O /home/capstone/project/test_files/000074.html.nnvjxgy
[4620] 3a08e3bfec2db5d C /home/capstone/project/test_files/checkpoints-000074.html.nnvjxgy
[4620] 3a08e3bfec2db5d O /home/capstone/project/test_files/000535.jpg.nnvjxgy
[4620] 3a08e3bfec2db5d C /home/capstone/project/test_files/checkpoints-000535.jpg.nnvjxgy
[4620] 3a08e3bfec2db5d O /home/capstone/project/test_files/000725.ppt
[4620] 3a08e3bfec2db5d O /home/capstone/project/test_files/000922.java
[4620] 3a08e3bfec2db5d O /home/capstone/project/test_files/000191.html
[4620] 3a08e3bfec2db5d O /home/capstone/project/test_files/000663.pdf
[4620] 3a08e3bfec2db5d O /home/capstone/project/test_files/000998.ppt
[4620] 3a08e3bfec2db5d O /home/capstone/project/test_files/000162.pdf
[4620] 3a08e3bfec2db5d D /home/capstone/project/test_files/checkpoints-000131.doc.nnvjxgy
[4620] 3a08e3bfec2db5d D /home/capstone/project/test_files/checkpoints-000366.pdf.nnvjxgy
[4620] 3a08e3bfec2db5d O /home/capstone/project/test_files/000911.doc
[4620] 3a08e3bfec2db5d O /home/capstone/project/test_files/000653.txt
[4620] 3a08e3bfec2db5d O /home/capstone/project/test_files/000259.doc
[4620] 3a08e3bfec2db5d O /home/capstone/project/test_files/000051.xls
[4620] 3a08e3bfec2db5d O /home/capstone/project/test_files/000905.jpg
[4620] 3a08e3bfec2db5d O /home/capstone/project/test_files/000681.jpg
[4620] 3a08e3bfec2db5d O /home/capstone/project/test_files/000704.xml
[4620] 3a08e3bfec2db5d O /home/capstone/project/test_files/000436.html.nnvjxgy
[4620] 3a08e3bfec2db5d O /home/capstone/project/test_files/000648.txt
[4620] 3a08e3bfec2db5d O /home/capstone/project/test_files/000178.html
[4620] 3a08e3bfec2db5d O /home/capstone/project/test_files/000306.ppt
[4620] 3a08e3bfec2db5d O /home/capstone/project/test_files/000498.txt
[4620] 3a08e3bfec2db5d O /home/capstone/project/test_files/000114.doc
[4620] 3a08e3bfec2db5d O /home/capstone/project/test_files/000599.html
[4620] 3a08e3bfec2db5d C /home/capstone/project/test_files/checkpoints-000436.html.nnvjxgy
[4620] 3a08e3bfec2db5d O /home/capstone/project/test_files/000749.html
[4620] 3a08e3bfec2db5d O /home/capstone/project/test_files/000531.jpg
[4620] 3a08e3bfec2db5d O /home/capstone/project/test_files/000947.html
[4620] 3a08e3bfec2db5d O /home/capstone/project/test_files/000390.xls
[4620] 3a08e3bfec2db5d D /home/capstone/project/test_files/checkpoints-000890.jpg.nnvjxgy
[4620] 3a08e3bfec2db5d D /home/capstone/project/test_files/checkpoints-000507.jpg.nnvjxgy
[4620] 3a08e3bfec2db5d O /home/capstone/project/test_files/000435.html
[4620] 3a08e3bfec2db5d O /home/capstone/project/test_files/000891.html
[4620] 3a08e3bfec2db5d O /home/capstone/project/test_files/000251.pdf
[4620] 3a08e3bfec2db5d O /home/capstone/project/test_files/000980.ps
[4620] 3a08e3bfec2db5d O /home/capstone/project/test_files/000941.txt
[4620] 3a08e3bfec2db5d O /home/capstone/project/test_files/000073.html
[4620] 3a08e3bfec2db5d O /home/capstone/project/test_files/000797.html
[4620] 3a08e3bfec2db5d O /home/capstone/project/test_files/000490.txt
[4620] 3a08e3bfec2db5d O /home/capstone/project/test_files/000552.html
[4620] 3a08e3bfec2db5d D /home/capstone/project/test_files/checkpoints-000590.pdf.nnvjxgy
[4620] 3a08e3bfec2db5d O /home/capstone/project/test_files/000705.doc
[4620] 3a08e3bfec2db5d O /home/capstone/project/test_files/000658.txt
[4620] 3a08e3bfec2db5d O /home/capstone/project/test_files/000296.ppt
[4620] 3a08e3bfec2db5d O /home/capstone/project/test_files/000737.pdf
[4620] 3a08e3bfec2db5d O /home/capstone/project/test_files/000958.doc
[4620] 3a08e3bfec2db5d O /home/capstone/project/test_files/000794.html
[4620] 3a08e3bfec2db5d O /home/capstone/project/test_files/000763.pdf
[4620] 3a08e3bfec2db5d O /home/capstone/project/test_files/000924.txt
[4620] 3a08e3bfec2db5d O /home/capstone/project/test_files/000938.txt
[4620] 3a08e3bfec2db5d O /home/capstone/project/test_files/000304.ppt
[4620] 3a08e3bfec2db5d O /home/capstone/project/test_files/000032.xls
[4620] 3a08e3bfec2db5d O /home/capstone/project/test_files/000715.ppt
[4620] 3a08e3bfec2db5d O /home/capstone/project/test_files/000343.pdf
[4620] 3a08e3bfec2db5d O /home/capstone/project/test_files/000935.txt
[4620] 3a08e3bfec2db5d O /home/capstone/project/test_files/000547.pdf
[4620] 3a08e3bfec2db5d O /home/capstone/project/test_files/000009.pdf
[4620] 3a08e3bfec2db5d O /home/capstone/project/test_files/000695.doc
[4620] 3a08e3bfec2db5d O /home/capstone/project/test_files/000662.txt
[4620] 3a08e3bfec2db5d O /home/capstone/project/test_files/000554.html
[4620] 3a08e3bfec2db5d O /home/capstone/project/test_files/000656.txt
[4620] 3a08e3bfec2db5d O /home/capstone/project/test_files/000233.gif
[4620] 3a08e3bfec2db5d O /home/capstone/project/test_files/000160.ppt
[4620] 3a08e3bfec2db5d O /home/capstone/project/test_files/000493.xml
[4620] 3a08e3bfec2db5d O /home/capstone/project/test_files/000829.txt
[4620] 3a08e3bfec2db5d O /home/capstone/project/test_files/000953.doc
[4620] 3a08e3bfec2db5d O /home/capstone/project/test_files/000317.ppt
[4620] 3a08e3bfec2db5d O /home/capstone/project/test_files/000368.pdf
[4620] 3a08e3bfec2db5d O /home/capstone/project/test_files/000413.html
[4620] 3a08e3bfec2db5d O /home/capstone/project/test_files/000247.jpg
[4620] 3a08e3bfec2db5d O /home/capstone/project/test_files/000751.pdf
[4620] 3a08e3bfec2db5d O /home/capstone/project/test_files/000326.ppt
[4620] 3a08e3bfec2db5d O /home/capstone/project/test_files/000834.pdf
[4620] 3a08e3bfec2db5d O /home/capstone/project/test_files/000310.ppt
[4620] 3a08e3bfec2db5d O /home/capstone/project/test_files/000099.ps
[4620] 3a08e3bfec2db5d O /home/capstone/project/test_files/000936.txt
[4620] 3a08e3bfec2db5d O /home/capstone/project/test_files/000753.pdf
[4620] 3a08e3bfec2db5d O /home/capstone/project/test_files/000021.pdf
[4620] 3a08e3bfec2db5d O /home/capstone/project/test_files/000840.pdf
[4620] 3a08e3bfec2db5d O /home/capstone/project/test_files/000918.html
[4620] 3a08e3bfec2db5d O /home/capstone/project/test_files/000558.ppt
[4620] 3a08e3bfec2db5d O /home/capstone/project/test_files/000348.pdf
[4620] 3a08e3bfec2db5d O /home/capstone/project/test_files/000080.html
[4620] 3a08e3bfec2db5d O /home/capstone/project/test_files/000406.xls
[4620] 3a08e3bfec2db5d O /home/capstone/project/test_files/000945.pdf
[4620] 3a08e3bfec2db5d O /home/capstone/project/test_files/000137.pdf
[4620] 3a08e3bfec2db5d O /home/capstone/project/test_files/000060.html
[4620] 3a08e3bfec2db5d O /home/capstone/project/test_files/000248.doc
[4620] 3a08e3bfec2db5d O /home/capstone/project/test_files/000495.unk
[4620] 3a08e3bfec2db5d O /home/capstone/project/test_files/000439.html
[4620] 3a08e3bfec2db5d O /home/capstone/project/test_files/000841.txt
[4620] 3a08e3bfec2db5d O /home/capstone/project/test_files/000256.doc
[4620] 3a08e3bfec2db5d O /home/capstone/project/test_files/000750.pdf
[4620] 3a08e3bfec2db5d O /home/capstone/project/test_files/000463.txt
[4620] 3a08e3bfec2db5d O /home/capstone/project/test_files/000597.html
[4620] 3a08e3bfec2db5d O /home/capstone/project/test_files/000140.pdf
[4620] 3a08e3bfec2db5d O /home/capstone/project/test_files/000367.pdf
[4620] 3a08e3bfec2db5d O /home/capstone/project/test_files/000329.ppt
[4620] 3a08e3bfec2db5d O /home/capstone/project/test_files/000454.html
[4620] 3a08e3bfec2db5d O /home/capstone/project/test_files/000869.jpg
[4620] 3a08e3bfec2db5d O /home/capstone/project/test_files/000838.pdf
[4620] 3a08e3bfec2db5d O /home/capstone/project/test_files/000169.ppt
[4620] 3a08e3bfec2db5d O /home/capstone/project/test_files/000559.ppt
[4620] 3a08e3bfec2db5d O /home/capstone/project/test_files/000504.txt
[4620] 3a08e3bfec2db5d O /home/capstone/project/test_files/000690.csv
[4620] 3a08e3bfec2db5d O /home/capstone/project/test_files/000964.doc
[4620] 3a08e3bfec2db5d O /home/capstone/project/test_files/000649.txt
[4620] 3a08e3bfec2db5d O /home/capstone/project/test_files/000874.jpg
[4620] 3a08e3bfec2db5d O /home/capstone/project/test_files/000105.txt
[4620] 3a08e3bfec2db5d O /home/capstone/project/test_files/000818.pdf
[4620] 3a08e3bfec2db5d O /home/capstone/project/test_files/000283.doc
[4620] 3a08e3bfec2db5d O /home/capstone/project/test_files/000179.html
[4620] 3a08e3bfec2db5d O /home/capstone/project/test_files/000115.wp
[4620] 3a08e3bfec2db5d O /home/capstone/project/test_files/000637.html
[4620] 3a08e3bfec2db5d O /home/capstone/project/test_files/000917.html
[4620] 3a08e3bfec2db5d O /home/capstone/project/test_files/000781.xls.nnvjxgy
[4620] 3a08e3bfec2db5d C /home/capstone/project/test_files/checkpoints-000781.xls.nnvjxgy
[4620] 3a08e3bfec2db5d O /home/capstone/project/test_files/000173.html.nnvjxgy
[4620] 3a08e3bfec2db5d O /home/capstone/project/test_files/000589.pdf
[4620] 3a08e3bfec2db5d O /home/capstone/project/test_files/000760.pdf
[4620] 3a08e3bfec2db5d C /home/capstone/project/test_files/checkpoints-000173.html.nnvjxgy
[4620] 3a08e3bfec2db5d O /home/capstone/project/test_files/000837.txt
[4620] 3a08e3bfec2db5d O /home/capstone/project/test_files/000164.pdf.nnvjxgy
[4620] 3a08e3bfec2db5d C /home/capstone/project/test_files/checkpoints-000164.pdf.nnvjxgy
[4620] 3a08e3bfec2db5d O /home/capstone/project/test_files/000711.ppt.nnvjxgy
[4620] 3a08e3bfec2db5d C /home/capstone/project/test_files/checkpoints-000711.ppt.nnvjxgy
[4620] 3a08e3bfec2db5d O /home/capstone/project/test_files/000239.jpg.nnvjxgy
[4620] 3a08e3bfec2db5d C /home/capstone/project/test_files/checkpoints-000239.jpg.nnvjxgy
[4620] 3a08e3bfec2db5d O /home/capstone/project/test_files/000524.jpg
[4620] 3a08e3bfec2db5d O /home/capstone/project/test_files/000003.doc.nnvjxgy
[4620] 3a08e3bfec2db5d O /home/capstone/project/test_files/000386.xls
[4620] 3a08e3bfec2db5d O /home/capstone/project/test_files/000119.doc
[4620] 3a08e3bfec2db5d C /home/capstone/project/test_files/checkpoints-000003.doc.nnvjxgy
[4620] 3a08e3bfec2db5d D /home/capstone/project/test_files/checkpoints-000549.jpg.nnvjxgy
[4620] 3a08e3bfec2db5d O /home/capstone/project/test_files/000420.html
[4620] 3a08e3bfec2db5d O /home/capstone/project/test_files/000972.gif
[4620] 3a08e3bfec2db5d O /home/capstone/project/test_files/000520.gif
[4620] 3a08e3bfec2db5d O /home/capstone/project/test_files/000942.txt
[4620] 3a08e3bfec2db5d O /home/capstone/project/test_files/000578.pdf
[4620] 3a08e3bfec2db5d O /home/capstone/project/test_files/000338.pdf
[4620] 3a08e3bfec2db5d O /home/capstone/project/test_files/000364.pdf
[4620] 3a08e3bfec2db5d O /home/capstone/project/test_files/000261.doc
[4620] 3a08e3bfec2db5d O /home/capstone/project/test_files/000784.html
[4620] 3a08e3bfec2db5d O /home/capstone/project/test_files/000539.jpg
[4620] 3a08e3bfec2db5d O /home/capstone/project/test_files/000253.doc
[4620] 3a08e3bfec2db5d O /home/capstone/project/test_files/000889.jpg
[4620] 3a08e3bfec2db5d O /home/capstone/project/test_files/000594.pdf.nnvjxgy
[4620] 3a08e3bfec2db5d C /home/capstone/project/test_files/checkpoints-000594.pdf.nnvjxgy
[4620] 3a08e3bfec2db5d O /home/capstone/project/test_files/000127.doc
[4620] 3a08e3bfec2db5d O /home/capstone/project/test_files/000378.xls
[4620] 3a08e3bfec2db5d O /home/capstone/project/test_files/000551.jpg
[4620] 3a08e3bfec2db5d O /home/capstone/project/test_files/000416.html.nnvjxgy
[4620] 3a08e3bfec2db5d O /home/capstone/project/test_files/000871.jpg
[4620] 3a08e3bfec2db5d O /home/capstone/project/test_files/000596.pdf
[4620] 3a08e3bfec2db5d D /home/capstone/project/test_files/checkpoints-000937.txt.nnvjxgy
[4620] 3a08e3bfec2db5d O /home/capstone/project/test_files/000765.log
[4620] 3a08e3bfec2db5d O /home/capstone/project/test_files/000199.html
[4620] 3a08e3bfec2db5d C /home/capstone/project/test_files/checkpoints-000416.html.nnvjxgy
[4620] 3a08e3bfec2db5d O /home/capstone/project/test_files/000835.txt
[4620] 3a08e3bfec2db5d O /home/capstone/project/test_files/000258.rtf
[4620] 3a08e3bfec2db5d O /home/capstone/project/test_files/000017.swf
[4620] 3a08e3bfec2db5d O /home/capstone/project/test_files/000337.pdf
[4620] 3a08e3bfec2db5d O /home/capstone/project/test_files/000244.jpg
[4620] 3a08e3bfec2db5d O /home/capstone/project/test_files/000742.pdf
[4620] 3a08e3bfec2db5d O /home/capstone/project/test_files/000989.ppt
[4620] 3a08e3bfec2db5d O /home/capstone/project/test_files/000856.txt
[4620] 3a08e3bfec2db5d O /home/capstone/project/test_files/000236.pdf
[4620] 3a08e3bfec2db5d D /home/capstone/project/test_files/checkpoints-000927.txt.nnvjxgy
[4620] 3a08e3bfec2db5d O /home/capstone/project/test_files/000725.ppt
[4620] 3a08e3bfec2db5d O /home/capstone/project/test_files/000652.txt
[4620] 3a08e3bfec2db5d O /home/capstone/project/test_files/000922.java
[4620] 3a08e3bfec2db5d O /home/capstone/project/test_files/000982.ppt
[4620] 3a08e3bfec2db5d O /home/capstone/project/test_files/000191.html
[4620] 3a08e3bfec2db5d O /home/capstone/project/test_files/000426.html
[4620] 3a08e3bfec2db5d O /home/capstone/project/test_files/000663.pdf
[4620] 3a08e3bfec2db5d O /home/capstone/project/test_files/000452.html
[4620] 3a08e3bfec2db5d O /home/capstone/project/test_files/000654.txt
[4620] 3a08e3bfec2db5d O /home/capstone/project/test_files/000895.html
[4620] 3a08e3bfec2db5d O /home/capstone/project/test_files/000536.jpg
[4620] 3a08e3bfec2db5d O /home/capstone/project/test_files/000919.html
[4620] 3a08e3bfec2db5d O /home/capstone/project/test_files/000560.ppt
[4620] 3a08e3bfec2db5d O /home/capstone/project/test_files/000331.pdf
[4620] 3a08e3bfec2db5d O /home/capstone/project/test_files/000085.txt
[4620] 3a08e3bfec2db5d O /home/capstone/project/test_files/000273.doc
[4620] 3a08e3bfec2db5d O /home/capstone/project/test_files/000238.jpg
[4620] 3a08e3bfec2db5d O /home/capstone/project/test_files/000346.pdf
[4620] 3a08e3bfec2db5d O /home/capstone/project/test_files/000668.txt
[4620] 3a08e3bfec2db5d O /home/capstone/project/test_files/000349.pdf
[4620] 3a08e3bfec2db5d O /home/capstone/project/test_files/000886.pdf
[4620] 3a08e3bfec2db5d O /home/capstone/project/test_files/000999.ppt
[4620] 3a08e3bfec2db5d O /home/capstone/project/test_files/000730.ps.nnvjxgy
[4620] 3a08e3bfec2db5d C /home/capstone/project/test_files/checkpoints-000730.ps.nnvjxgy
[4620] 3a08e3bfec2db5d O /home/capstone/project/test_files/000998.ppt
[4620] 3a08e3bfec2db5d O /home/capstone/project/test_files/000162.pdf
[4620] 3a08e3bfec2db5d O /home/capstone/project/test_files/000653.txt
[4620] 3a08e3bfec2db5d O /home/capstone/project/test_files/000905.jpg
[4620] 3a08e3bfec2db5d O /home/capstone/project/test_files/000681.jpg
[4620] 3a08e3bfec2db5d O /home/capstone/project/test_files/000309.ppt
[4620] 3a08e3bfec2db5d O /home/capstone/project/test_files/000974.doc
[4620] 3a08e3bfec2db5d D /home/capstone/project/test_files/checkpoints-000485.txt.nnvjxgy
[4620] 3a08e3bfec2db5d O /home/capstone/project/test_files/000208.pdf
[4620] 3a08e3bfec2db5d O /home/capstone/project/test_files/000070.html
[4620] 3a08e3bfec2db5d O /home/capstone/project/test_files/000568.pdf
[4620] 3a08e3bfec2db5d O /home/capstone/project/test_files/000812.html.nnvjxgy
[4620] 3a08e3bfec2db5d O /home/capstone/project/test_files/000363.pdf
[4620] 3a08e3bfec2db5d C /home/capstone/project/test_files/checkpoints-000812.html.nnvjxgy
[4620] 3a08e3bfec2db5d O /home/capstone/project/test_files/000645.txt
[4620] 3a08e3bfec2db5d O /home/capstone/project/test_files/000218.txt
[4620] 3a08e3bfec2db5d O /home/capstone/project/test_files/000767.ps
[4620] 3a08e3bfec2db5d O /home/capstone/project/test_files/000306.ppt
[4620] 3a08e3bfec2db5d O /home/capstone/project/test_files/000860.txt
[4620] 3a08e3bfec2db5d O /home/capstone/project/test_files/000047.xls
[4620] 3a08e3bfec2db5d O /home/capstone/project/test_files/000498.txt
[4620] 3a08e3bfec2db5d O /home/capstone/project/test_files/000458.html
[4620] 3a08e3bfec2db5d O /home/capstone/project/test_files/000030.xls.nnvjxgy
[4620] 3a08e3bfec2db5d C /home/capstone/project/test_files/checkpoints-000030.xls.nnvjxgy
[4620] 3a08e3bfec2db5d O /home/capstone/project/test_files/000002.doc
[4620] 3a08e3bfec2db5d O /home/capstone/project/test_files/000292.ppt.nnvjxgy
[4620] 3a08e3bfec2db5d O /home/capstone/project/test_files/000358.pdf.nnvjxgy
[4620] 3a08e3bfec2db5d C /home/capstone/project/test_files/checkpoints-000358.pdf.nnvjxgy
[4620] 3a08e3bfec2db5d O /home/capstone/project/test_files/000237.jpg
[4620] 3a08e3bfec2db5d C /home/capstone/project/test_files/checkpoints-000292.ppt.nnvjxgy
[4620] 3a08e3bfec2db5d O /home/capstone/project/test_files/000395.xls
[4620] 3a08e3bfec2db5d O /home/capstone/project/test_files/000221.txt.nnvjxgy
[4620] 3a08e3bfec2db5d C /home/capstone/project/test_files/checkpoints-000221.txt.nnvjxgy
[4620] 3a08e3bfec2db5d O /home/capstone/project/test_files/000951.html
[4620] 3a08e3bfec2db5d O /home/capstone/project/test_files/000747.pdf.nnvjxgy
[4620] 3a08e3bfec2db5d C /home/capstone/project/test_files/checkpoints-000747.pdf.nnvjxgy
[4620] 3a08e3bfec2db5d O /home/capstone/project/test_files/000203.html
[4620] 3a08e3bfec2db5d O /home/capstone/project/test_files/000850.txt.nnvjxgy
[4620] 3a08e3bfec2db5d C /home/capstone/project/test_files/checkpoints-000850.txt.nnvjxgy
[4620] 3a08e3bfec2db5d O /home/capstone/project/test_files/000726.html
[4620] 3a08e3bfec2db5d O /home/capstone/project/test_files/000249.doc
[4620] 3a08e3bfec2db5d O /home/capstone/project/test_files/000531.jpg
[4620] 3a08e3bfec2db5d O /home/capstone/project/test_files/000390.xls
[4620] 3a08e3bfec2db5d O /home/capstone/project/test_files/000705.doc
[4620] 3a08e3bfec2db5d O /home/capstone/project/test_files/000621.txt
[4620] 3a08e3bfec2db5d O /home/capstone/project/test_files/000658.txt
[4620] 3a08e3bfec2db5d O /home/capstone/project/test_files/000296.ppt
[4620] 3a08e3bfec2db5d O /home/capstone/project/test_files/000079.html.nnvjxgy
[4620] 3a08e3bfec2db5d O /home/capstone/project/test_files/000618.pdf
[4620] 3a08e3bfec2db5d O /home/capstone/project/test_files/000737.pdf
[4620] 3a08e3bfec2db5d O /home/capstone/project/test_files/000150.pdf
[4620] 3a08e3bfec2db5d O /home/capstone/project/test_files/000958.doc
[4620] 3a08e3bfec2db5d O /home/capstone/project/test_files/000794.html
[4620] 3a08e3bfec2db5d C /home/capstone/project/test_files/checkpoints-000079.html.nnvjxgy
[4620] 3a08e3bfec2db5d O /home/capstone/project/test_files/000026.pdf
[4620] 3a08e3bfec2db5d O /home/capstone/project/test_files/000763.pdf
[4620] 3a08e3bfec2db5d O /home/capstone/project/test_files/000924.txt
[4620] 3a08e3bfec2db5d O /home/capstone/project/test_files/000727.ppt
[4620] 3a08e3bfec2db5d O /home/capstone/project/test_files/000938.txt
[4620] 3a08e3bfec2db5d O /home/capstone/project/test_files/000304.ppt
[4620] 3a08e3bfec2db5d O /home/capstone/project/test_files/000032.xls
[4620] 3a08e3bfec2db5d O /home/capstone/project/test_files/000966.doc
[4620] 3a08e3bfec2db5d O /home/capstone/project/test_files/000715.ppt
[4620] 3a08e3bfec2db5d O /home/capstone/project/test_files/000475.txt
[4620] 3a08e3bfec2db5d O /home/capstone/project/test_files/000521.jpg
[4620] 3a08e3bfec2db5d O /home/capstone/project/test_files/000234.jpg
[4620] 3a08e3bfec2db5d O /home/capstone/project/test_files/000643.txt
[4620] 3a08e3bfec2db5d O /home/capstone/project/test_files/000423.html
[4620] 3a08e3bfec2db5d O /home/capstone/project/test_files/000823.html
[4620] 3a08e3bfec2db5d O /home/capstone/project/test_files/000689.csv.nnvjxgy
[4620] 3a08e3bfec2db5d O /home/capstone/project/test_files/000473.txt
[4620] 3a08e3bfec2db5d C /home/capstone/project/test_files/checkpoints-000689.csv.nnvjxgy
[4620] 3a08e3bfec2db5d O /home/capstone/project/test_files/000506.jpg
[4620] 3a08e3bfec2db5d O /home/capstone/project/test_files/000290.ppt
[4620] 3a08e3bfec2db5d O /home/capstone/project/test_files/000929.txt
[4620] 3a08e3bfec2db5d O /home/capstone/project/test_files/000397.jpg
[4620] 3a08e3bfec2db5d O /home/capstone/project/test_files/000546.jpg
[4620] 3a08e3bfec2db5d O /home/capstone/project/test_files/000512.jpg
[4620] 3a08e3bfec2db5d O /home/capstone/project/test_files/000888.jpg
[4620] 3a08e3bfec2db5d O /home/capstone/project/test_files/000412.html
[4620] 3a08e3bfec2db5d O /home/capstone/project/test_files/000343.pdf
[4620] 3a08e3bfec2db5d O /home/capstone/project/test_files/000018.pdf.nnvjxgy
[4620] 3a08e3bfec2db5d O /home/capstone/project/test_files/000935.txt
[4620] 3a08e3bfec2db5d O /home/capstone/project/test_files/000380.pdf
[4620] 3a08e3bfec2db5d O /home/capstone/project/test_files/000547.pdf
[4620] 3a08e3bfec2db5d O /home/capstone/project/test_files/000009.pdf
[4620] 3a08e3bfec2db5d C /home/capstone/project/test_files/checkpoints-000018.pdf.nnvjxgy
[4620] 3a08e3bfec2db5d O /home/capstone/project/test_files/000045.xls
[4620] 3a08e3bfec2db5d O /home/capstone/project/test_files/000695.doc
[4620] 3a08e3bfec2db5d O /home/capstone/project/test_files/000762.pdf
[4620] 3a08e3bfec2db5d O /home/capstone/project/test_files/000957.doc
[4620] 3a08e3bfec2db5d O /home/capstone/project/test_files/000093.txt
[4620] 3a08e3bfec2db5d O /home/capstone/project/test_files/000698.log
[4620] 3a08e3bfec2db5d O /home/capstone/project/test_files/000432.jpg
[4620] 3a08e3bfec2db5d O /home/capstone/project/test_files/000676.pdf
[4620] 3a08e3bfec2db5d O /home/capstone/project/test_files/000733.ps
[4620] 3a08e3bfec2db5d O /home/capstone/project/test_files/000662.txt
[4620] 3a08e3bfec2db5d O /home/capstone/project/test_files/000554.html
[4620] 3a08e3bfec2db5d O /home/capstone/project/test_files/000066.html.nnvjxgy
[4620] 3a08e3bfec2db5d O /home/capstone/project/test_files/000656.txt
[4620] 3a08e3bfec2db5d O /home/capstone/project/test_files/000182.html
[4620] 3a08e3bfec2db5d O /home/capstone/project/test_files/000233.gif
[4620] 3a08e3bfec2db5d O /home/capstone/project/test_files/000160.ppt
[4620] 3a08e3bfec2db5d C /home/capstone/project/test_files/checkpoints-000066.html.nnvjxgy
[4620] 3a08e3bfec2db5d O /home/capstone/project/test_files/000493.xml
[4620] 3a08e3bfec2db5d O /home/capstone/project/test_files/000829.txt
[4620] 3a08e3bfec2db5d O /home/capstone/project/test_files/000094.txt
[4620] 3a08e3bfec2db5d O /home/capstone/project/test_files/000953.doc
[4620] 3a08e3bfec2db5d O /home/capstone/project/test_files/000198.html.nnvjxgy
[4620] 3a08e3bfec2db5d O /home/capstone/project/test_files/000839.pdf
[4620] 3a08e3bfec2db5d C /home/capstone/project/test_files/checkpoints-000198.html.nnvjxgy
[4620] 3a08e3bfec2db5d D /home/capstone/project/test_files/checkpoints-000664.txt.nnvjxgy
[4620] 3a08e3bfec2db5d O /home/capstone/project/test_files/000087.txt
[4620] 3a08e3bfec2db5d O /home/capstone/project/test_files/000641.txt.nnvjxgy
[4620] 3a08e3bfec2db5d C /home/capstone/project/test_files/checkpoints-000641.txt.nnvjxgy
[4620] 3a08e3bfec2db5d O /home/capstone/project/test_files/000232.jpg
[4620] 3a08e3bfec2db5d O /home/capstone/project/test_files/000359.pdf.nnvjxgy
[4620] 3a08e3bfec2db5d C /home/capstone/project/test_files/checkpoints-000359.pdf.nnvjxgy
[4620] 3a08e3bfec2db5d O /home/capstone/project/test_files/000049.xls
[4620] 3a08e3bfec2db5d O /home/capstone/project/test_files/000095.txt
[4620] 3a08e3bfec2db5d O /home/capstone/project/test_files/000342.pdf
[4620] 3a08e3bfec2db5d O /home/capstone/project/test_files/000317.ppt
[4620] 3a08e3bfec2db5d O /home/capstone/project/test_files/000368.pdf
[4620] 3a08e3bfec2db5d O /home/capstone/project/test_files/000388.xls.nnvjxgy
[4620] 3a08e3bfec2db5d O /home/capstone/project/test_files/000413.html
[4620] 3a08e3bfec2db5d O /home/capstone/project/test_files/000992.ppt
[4620] 3a08e3bfec2db5d O /home/capstone/project/test_files/000247.jpg
[4620] 3a08e3bfec2db5d O /home/capstone/project/test_files/000806.doc
[4620] 3a08e3bfec2db5d O /home/capstone/project/test_files/000751.pdf
[4620] 3a08e3bfec2db5d C /home/capstone/project/test_files/checkpoints-000388.xls.nnvjxgy
[4620] 3a08e3bfec2db5d O /home/capstone/project/test_files/000326.ppt
[4620] 3a08e3bfec2db5d O /home/capstone/project/test_files/000027.csv
[4620] 3a08e3bfec2db5d O /home/capstone/project/test_files/000834.pdf
[4620] 3a08e3bfec2db5d O /home/capstone/project/test_files/000310.ppt
[4620] 3a08e3bfec2db5d O /home/capstone/project/test_files/000099.ps
[4620] 3a08e3bfec2db5d O /home/capstone/project/test_files/000307.ppt
[4620] 3a08e3bfec2db5d O /home/capstone/project/test_files/000936.txt
[4620] 3a08e3bfec2db5d O /home/capstone/project/test_files/000753.pdf
[4620] 3a08e3bfec2db5d O /home/capstone/project/test_files/000736.gz.nnvjxgy
[4620] 3a08e3bfec2db5d O /home/capstone/project/test_files/000192.html.nnvjxgy
[4620] 3a08e3bfec2db5d D /home/capstone/project/test_files/checkpoints-000752.pdf.nnvjxgy
[4620] 3a08e3bfec2db5d D /home/capstone/project/test_files/checkpoints-000819.html.nnvjxgy
[4620] 3a08e3bfec2db5d D /home/capstone/project/test_files/checkpoints-000908.jpg.nnvjxgy
[4620] 3a08e3bfec2db5d D /home/capstone/project/test_files/checkpoints-000265.doc.nnvjxgy
[4620] 3a08e3bfec2db5d D /home/capstone/project/test_files/checkpoints-000345.pdf.nnvjxgy
[4620] 3a08e3bfec2db5d O /home/capstone/project/test_files/000021.pdf
[4620] 3a08e3bfec2db5d O /home/capstone/project/test_files/000887.pdf
[4620] 3a08e3bfec2db5d O /home/capstone/project/test_files/000840.pdf
[4620] 3a08e3bfec2db5d O /home/capstone/project/test_files/000918.html
[4620] 3a08e3bfec2db5d O /home/capstone/project/test_files/000558.ppt
[4620] 3a08e3bfec2db5d O /home/capstone/project/test_files/000348.pdf
[4620] 3a08e3bfec2db5d O /home/capstone/project/test_files/000717.ppt
[4620] 3a08e3bfec2db5d O /home/capstone/project/test_files/000434.html
[4620] 3a08e3bfec2db5d O /home/capstone/project/test_files/000072.html
[4620] 3a08e3bfec2db5d O /home/capstone/project/test_files/000759.doc
[4620] 3a08e3bfec2db5d O /home/capstone/project/test_files/000000.swf
[4620] 3a08e3bfec2db5d O /home/capstone/project/test_files/000226.txt
[4620] 3a08e3bfec2db5d O /home/capstone/project/test_files/000978.xml
[4620] 3a08e3bfec2db5d O /home/capstone/project/test_files/000696.doc
[4620] 3a08e3bfec2db5d O /home/capstone/project/test_files/000854.pdf
[4620] 3a08e3bfec2db5d O /home/capstone/project/test_files/000451.html
[4620] 3a08e3bfec2db5d O /home/capstone/project/test_files/000184.html
[4620] 3a08e3bfec2db5d D /home/capstone/project/test_files/checkpoints-000090.txt.nnvjxgy
[4620] 3a08e3bfec2db5d C /home/capstone/project/test_files/checkpoints-000192.html.nnvjxgy
[4620] 3a08e3bfec2db5d O /home/capstone/project/test_files/000080.html
[4620] 3a08e3bfec2db5d C /home/capstone/project/test_files/checkpoints-000736.gz.nnvjxgy
[4620] 3a08e3bfec2db5d O /home/capstone/project/test_files/000667.txt.nnvjxgy
[4620] 3a08e3bfec2db5d C /home/capstone/project/test_files/checkpoints-000667.txt.nnvjxgy
[4620] 3a08e3bfec2db5d O /home/capstone/project/test_files/000406.xls
[4620] 3a08e3bfec2db5d D /home/capstone/project/test_files/checkpoints-000585.pdf.nnvjxgy
[4620] 3a08e3bfec2db5d O /home/capstone/project/test_files/000945.pdf
[4620] 3a08e3bfec2db5d O /home/capstone/project/test_files/000137.pdf
[4620] 3a08e3bfec2db5d O /home/capstone/project/test_files/000060.html
[4620] 3a08e3bfec2db5d O /home/capstone/project/test_files/000248.doc
[4620] 3a08e3bfec2db5d O /home/capstone/project/test_files/000508.jpg.nnvjxgy
[4620] 3a08e3bfec2db5d O /home/capstone/project/test_files/000384.xls
[4620] 3a08e3bfec2db5d O /home/capstone/project/test_files/000266.pdf.nnvjxgy
[4620] 3a08e3bfec2db5d C /home/capstone/project/test_files/checkpoints-000266.pdf.nnvjxgy
[4620] 3a08e3bfec2db5d O /home/capstone/project/test_files/000213.html
[4620] 3a08e3bfec2db5d O /home/capstone/project/test_files/000934.txt
[4620] 3a08e3bfec2db5d O /home/capstone/project/test_files/000424.html
[4620] 3a08e3bfec2db5d O /home/capstone/project/test_files/000789.html.nnvjxgy
[4620] 3a08e3bfec2db5d C /home/capstone/project/test_files/checkpoints-000789.html.nnvjxgy
[4620] 3a08e3bfec2db5d O /home/capstone/project/test_files/000314.pdf
[4620] 3a08e3bfec2db5d O /home/capstone/project/test_files/000877.html
[4620] 3a08e3bfec2db5d O /home/capstone/project/test_files/000393.xls
[4620] 3a08e3bfec2db5d O /home/capstone/project/test_files/000852.txt.nnvjxgy
[4620] 3a08e3bfec2db5d C /home/capstone/project/test_files/checkpoints-000852.txt.nnvjxgy
[4620] 3a08e3bfec2db5d O /home/capstone/project/test_files/000352.pdf
[4620] 3a08e3bfec2db5d O /home/capstone/project/test_files/000455.html
[4620] 3a08e3bfec2db5d C /home/capstone/project/test_files/checkpoints-000508.jpg.nnvjxgy
[4620] 3a08e3bfec2db5d D /home/capstone/project/test_files/checkpoints-000468.txt.nnvjxgy
[4620] 3a08e3bfec2db5d O /home/capstone/project/test_files/000495.unk
[4620] 3a08e3bfec2db5d O /home/capstone/project/test_files/000902.jpg
[4620] 3a08e3bfec2db5d O /home/capstone/project/test_files/000439.html
[4620] 3a08e3bfec2db5d O /home/capstone/project/test_files/000841.txt
[4620] 3a08e3bfec2db5d O /home/capstone/project/test_files/000256.doc
[4620] 3a08e3bfec2db5d O /home/capstone/project/test_files/000104.txt
[4620] 3a08e3bfec2db5d O /home/capstone/project/test_files/000750.pdf
[4620] 3a08e3bfec2db5d O /home/capstone/project/test_files/000463.txt
[4620] 3a08e3bfec2db5d O /home/capstone/project/test_files/000597.html
[4620] 3a08e3bfec2db5d O /home/capstone/project/test_files/000511.gif
[4620] 3a08e3bfec2db5d O /home/capstone/project/test_files/000386.xls
[4620] 3a08e3bfec2db5d O /home/capstone/project/test_files/000119.doc
[4620] 3a08e3bfec2db5d O /home/capstone/project/test_files/000949.doc
[4620] 3a08e3bfec2db5d O /home/capstone/project/test_files/000972.gif
[4620] 3a08e3bfec2db5d O /home/capstone/project/test_files/000325.pdf.nnvjxgy
[4620] 3a08e3bfec2db5d O /home/capstone/project/test_files/000942.txt
[4620] 3a08e3bfec2db5d O /home/capstone/project/test_files/000784.html
[4620] 3a08e3bfec2db5d O /home/capstone/project/test_files/000539.jpg
[4620] 3a08e3bfec2db5d O /home/capstone/project/test_files/000253.doc
[4620] 3a08e3bfec2db5d O /home/capstone/project/test_files/000889.jpg
[4620] 3a08e3bfec2db5d C /home/capstone/project/test_files/checkpoints-000325.pdf.nnvjxgy
[4620] 3a08e3bfec2db5d O /home/capstone/project/test_files/000419.jpg
[4620] 3a08e3bfec2db5d O /home/capstone/project/test_files/000467.txt.nnvjxgy
[4620] 3a08e3bfec2db5d C /home/capstone/project/test_files/checkpoints-000467.txt.nnvjxgy
[4620] 3a08e3bfec2db5d O /home/capstone/project/test_files/000600.html.nnvjxgy
[4620] 3a08e3bfec2db5d C /home/capstone/project/test_files/checkpoints-000600.html.nnvjxgy
[4620] 3a08e3bfec2db5d O /home/capstone/project/test_files/000796.doc
[4620] 3a08e3bfec2db5d O /home/capstone/project/test_files/000805.html
[4620] 3a08e3bfec2db5d O /home/capstone/project/test_files/000092.txt.nnvjxgy
[4620] 3a08e3bfec2db5d C /home/capstone/project/test_files/checkpoints-000092.txt.nnvjxgy
[4620] 3a08e3bfec2db5d O /home/capstone/project/test_files/000127.doc
[4620] 3a08e3bfec2db5d O /home/capstone/project/test_files/000378.xls
[4620] 3a08e3bfec2db5d O /home/capstone/project/test_files/000101.doc
[4620] 3a08e3bfec2db5d O /home/capstone/project/test_files/000765.log
[4620] 3a08e3bfec2db5d O /home/capstone/project/test_files/000482.ps
[4620] 3a08e3bfec2db5d O /home/capstone/project/test_files/000139.doc
[4620] 3a08e3bfec2db5d O /home/capstone/project/test_files/000476.jpg
[4620] 3a08e3bfec2db5d O /home/capstone/project/test_files/000851.txt
[4620] 3a08e3bfec2db5d O /home/capstone/project/test_files/000666.txt
[4620] 3a08e3bfec2db5d O /home/capstone/project/test_files/000580.pdf
[4620] 3a08e3bfec2db5d O /home/capstone/project/test_files/000222.txt
[4620] 3a08e3bfec2db5d O /home/capstone/project/test_files/000477.txt
[4620] 3a08e3bfec2db5d O /home/capstone/project/test_files/000059.html
[4620] 3a08e3bfec2db5d O /home/capstone/project/test_files/000609.html
[4620] 3a08e3bfec2db5d O /home/capstone/project/test_files/000848.txt
[4620] 3a08e3bfec2db5d O /home/capstone/project/test_files/000305.ppt
[4620] 3a08e3bfec2db5d O /home/capstone/project/test_files/000425.html
[4620] 3a08e3bfec2db5d O /home/capstone/project/test_files/000076.html
[4620] 3a08e3bfec2db5d O /home/capstone/project/test_files/000542.gif
[4620] 3a08e3bfec2db5d O /home/capstone/project/test_files/000803.rtf
[4620] 3a08e3bfec2db5d O /home/capstone/project/test_files/000987.ppt
[4620] 3a08e3bfec2db5d O /home/capstone/project/test_files/000956.pdf
[4620] 3a08e3bfec2db5d O /home/capstone/project/test_files/000457.html
[4620] 3a08e3bfec2db5d O /home/capstone/project/test_files/000940.txt
[4620] 3a08e3bfec2db5d O /home/capstone/project/test_files/000319.ppt
[4620] 3a08e3bfec2db5d O /home/capstone/project/test_files/000628.pdf
[4620] 3a08e3bfec2db5d O /home/capstone/project/test_files/000608.html
[4620] 3a08e3bfec2db5d O /home/capstone/project/test_files/000994.ppt
[4620] 3a08e3bfec2db5d O /home/capstone/project/test_files/000933.txt
[4620] 3a08e3bfec2db5d O /home/capstone/project/test_files/000096.txt
[4620] 3a08e3bfec2db5d O /home/capstone/project/test_files/000289.ppt
[4620] 3a08e3bfec2db5d O /home/capstone/project/test_files/000258.rtf
[4620] 3a08e3bfec2db5d O /home/capstone/project/test_files/000337.pdf
[4620] 3a08e3bfec2db5d O /home/capstone/project/test_files/000989.ppt
[4620] 3a08e3bfec2db5d O /home/capstone/project/test_files/000456.html.nnvjxgy
[4620] 3a08e3bfec2db5d O /home/capstone/project/test_files/000280.pdf.nnvjxgy
[4620] 3a08e3bfec2db5d O /home/capstone/project/test_files/000856.txt
[4620] 3a08e3bfec2db5d C /home/capstone/project/test_files/checkpoints-000456.html.nnvjxgy
[4620] 3a08e3bfec2db5d O /home/capstone/project/test_files/000236.pdf
[4620] 3a08e3bfec2db5d O /home/capstone/project/test_files/000652.txt
[4620] 3a08e3bfec2db5d O /home/capstone/project/test_files/000982.ppt
[4620] 3a08e3bfec2db5d O /home/capstone/project/test_files/000426.html
[4620] 3a08e3bfec2db5d O /home/capstone/project/test_files/000452.html
[4620] 3a08e3bfec2db5d O /home/capstone/project/test_files/000654.txt
[4620] 3a08e3bfec2db5d O /home/capstone/project/test_files/000895.html
[4620] 3a08e3bfec2db5d O /home/capstone/project/test_files/000536.jpg
[4620] 3a08e3bfec2db5d O /home/capstone/project/test_files/000919.html
[4620] 3a08e3bfec2db5d O /home/capstone/project/test_files/000560.ppt
[4620] 3a08e3bfec2db5d O /home/capstone/project/test_files/000331.pdf
[4620] 3a08e3bfec2db5d O /home/capstone/project/test_files/000085.txt
[4620] 3a08e3bfec2db5d O /home/capstone/project/test_files/000273.doc
[4620] 3a08e3bfec2db5d O /home/capstone/project/test_files/000516.jpg
[4620] 3a08e3bfec2db5d O /home/capstone/project/test_files/000238.jpg
[4620] 3a08e3bfec2db5d C /home/capstone/project/test_files/checkpoints-000280.pdf.nnvjxgy
[4620] 3a08e3bfec2db5d O /home/capstone/project/test_files/000118.doc
[4620] 3a08e3bfec2db5d O /home/capstone/project/test_files/000686.doc.nnvjxgy
[4620] 3a08e3bfec2db5d C /home/capstone/project/test_files/checkpoints-000686.doc.nnvjxgy
[4620] 3a08e3bfec2db5d O /home/capstone/project/test_files/000346.pdf
[4620] 3a08e3bfec2db5d O /home/capstone/project/test_files/000668.txt
[4620] 3a08e3bfec2db5d O /home/capstone/project/test_files/000863.txt
[4620] 3a08e3bfec2db5d O /home/capstone/project/test_files/000349.pdf
[4620] 3a08e3bfec2db5d O /home/capstone/project/test_files/000053.xls.nnvjxgy
[4620] 3a08e3bfec2db5d O /home/capstone/project/test_files/000886.pdf
[4620] 3a08e3bfec2db5d O /home/capstone/project/test_files/000721.csv
[4620] 3a08e3bfec2db5d O /home/capstone/project/test_files/000999.ppt
[4620] 3a08e3bfec2db5d O /home/capstone/project/test_files/000309.ppt
[4620] 3a08e3bfec2db5d C /home/capstone/project/test_files/checkpoints-000053.xls.nnvjxgy
[4620] 3a08e3bfec2db5d O /home/capstone/project/test_files/000365.pdf
[4620] 3a08e3bfec2db5d O /home/capstone/project/test_files/000974.doc
[4620] 3a08e3bfec2db5d O /home/capstone/project/test_files/000208.pdf
[4620] 3a08e3bfec2db5d O /home/capstone/project/test_files/000117.rtf
[4620] 3a08e3bfec2db5d O /home/capstone/project/test_files/000300.ppt.nnvjxgy
[4620] 3a08e3bfec2db5d C /home/capstone/project/test_files/checkpoints-000300.ppt.nnvjxgy
[4620] 3a08e3bfec2db5d O /home/capstone/project/test_files/000687.doc
[4620] 3a08e3bfec2db5d O /home/capstone/project/test_files/000480.txt.nnvjxgy
[4620] 3a08e3bfec2db5d C /home/capstone/project/test_files/checkpoints-000480.txt.nnvjxgy
[4620] 3a08e3bfec2db5d O /home/capstone/project/test_files/000557.ppt
[4620] 3a08e3bfec2db5d O /home/capstone/project/test_files/000703.xml
[4620] 3a08e3bfec2db5d O /home/capstone/project/test_files/000601.html.nnvjxgy
[4620] 3a08e3bfec2db5d C /home/capstone/project/test_files/checkpoints-000601.html.nnvjxgy
[4620] 3a08e3bfec2db5d O /home/capstone/project/test_files/000583.pdf
[4620] 3a08e3bfec2db5d O /home/capstone/project/test_files/000070.html
[4620] 3a08e3bfec2db5d O /home/capstone/project/test_files/000642.txt
[4620] 3a08e3bfec2db5d O /home/capstone/project/test_files/000409.html
[4620] 3a08e3bfec2db5d O /home/capstone/project/test_files/000568.pdf
[4620] 3a08e3bfec2db5d O /home/capstone/project/test_files/ziUrAJ8W.nnvjxgy
[4620] 3a08e3bfec2db5d O /home/capstone/project/test_files/000363.pdf
[4620] 3a08e3bfec2db5d O /home/capstone/project/test_files/000645.txt
[4620] 3a08e3bfec2db5d C /home/capstone/project/test_files/checkpoints-ziUrAJ8W.nnvjxgy
[4620] 3a08e3bfec2db5d O /home/capstone/project/test_files/000218.txt
[4620] 3a08e3bfec2db5d O /home/capstone/project/test_files/000767.ps
[4620] 3a08e3bfec2db5d O /home/capstone/project/test_files/000860.txt
[4620] 3a08e3bfec2db5d O /home/capstone/project/test_files/000047.xls
[4620] 3a08e3bfec2db5d O /home/capstone/project/test_files/000458.html
[4620] 3a08e3bfec2db5d O /home/capstone/project/test_files/000002.doc
[4620] 3a08e3bfec2db5d O /home/capstone/project/test_files/000984.ppt
[4620] 3a08e3bfec2db5d O /home/capstone/project/test_files/000237.jpg
[4620] 3a08e3bfec2db5d O /home/capstone/project/test_files/000625.txt
[4620] 3a08e3bfec2db5d O /home/capstone/project/test_files/000395.xls
[4620] 3a08e3bfec2db5d O /home/capstone/project/test_files/000833.txt
[4620] 3a08e3bfec2db5d O /home/capstone/project/test_files/000951.html
[4620] 3a08e3bfec2db5d O /home/capstone/project/test_files/000318.ppt
[4620] 3a08e3bfec2db5d O /home/capstone/project/test_files/000203.html
[4620] 3a08e3bfec2db5d O /home/capstone/project/test_files/000726.html
[4620] 3a08e3bfec2db5d O /home/capstone/project/test_files/000249.doc
[4620] 3a08e3bfec2db5d O /home/capstone/project/test_files/000193.html
[4620] 3a08e3bfec2db5d O /home/capstone/project/test_files/000756.csv
[4620] 3a08e3bfec2db5d O /home/capstone/project/test_files/000621.txt
[4620] 3a08e3bfec2db5d O /home/capstone/project/test_files/000584.pdf
[4620] 3a08e3bfec2db5d O /home/capstone/project/test_files/000618.pdf
[4620] 3a08e3bfec2db5d O /home/capstone/project/test_files/000150.pdf
[4620] 3a08e3bfec2db5d O /home/capstone/project/test_files/000026.pdf
[4620] 3a08e3bfec2db5d O /home/capstone/project/test_files/000710.ppt
[4620] 3a08e3bfec2db5d O /home/capstone/project/test_files/000212.html
[4620] 3a08e3bfec2db5d O /home/capstone/project/test_files/000727.ppt
[4620] 3a08e3bfec2db5d O /home/capstone/project/test_files/000449.html
[4620] 3a08e3bfec2db5d O /home/capstone/project/test_files/000875.html
[4620] 3a08e3bfec2db5d O /home/capstone/project/test_files/000241.gif
[4620] 3a08e3bfec2db5d O /home/capstone/project/test_files/000966.doc
[4620] 3a08e3bfec2db5d O /home/capstone/project/test_files/000428.html
[4620] 3a08e3bfec2db5d O /home/capstone/project/test_files/000808.html.nnvjxgy
[4620] 3a08e3bfec2db5d O /home/capstone/project/test_files/000216.html
[4620] 3a08e3bfec2db5d C /home/capstone/project/test_files/checkpoints-000808.html.nnvjxgy
[4620] 3a08e3bfec2db5d O /home/capstone/project/test_files/000488.unk
[4620] 3a08e3bfec2db5d O /home/capstone/project/test_files/000433.html
[4620] 3a08e3bfec2db5d O /home/capstone/project/test_files/000332.pdf
[4620] 3a08e3bfec2db5d O /home/capstone/project/test_files/000175.ppt.nnvjxgy
[4620] 3a08e3bfec2db5d C /home/capstone/project/test_files/checkpoints-000175.ppt.nnvjxgy
[4620] 3a08e3bfec2db5d O /home/capstone/project/test_files/000969.jpg
[4620] 3a08e3bfec2db5d O /home/capstone/project/test_files/000743.log
[4620] 3a08e3bfec2db5d O /home/capstone/project/test_files/000487.txt.nnvjxgy
[4620] 3a08e3bfec2db5d C /home/capstone/project/test_files/checkpoints-000487.txt.nnvjxgy
[4620] 3a08e3bfec2db5d O /home/capstone/project/test_files/000901.pdf
[4620] 3a08e3bfec2db5d O /home/capstone/project/test_files/000529.gif
[4620] 3a08e3bfec2db5d O /home/capstone/project/test_files/000334.pdf
[4620] 3a08e3bfec2db5d O /home/capstone/project/test_files/000353.pdf
[4620] 3a08e3bfec2db5d O /home/capstone/project/test_files/000170.xls.nnvjxgy
[4620] 3a08e3bfec2db5d C /home/capstone/project/test_files/checkpoints-000170.xls.nnvjxgy
[4620] 3a08e3bfec2db5d O /home/capstone/project/test_files/000034.xls
[4620] 3a08e3bfec2db5d O /home/capstone/project/test_files/000206.html
[4620] 3a08e3bfec2db5d O /home/capstone/project/test_files/000616.html.nnvjxgy
[4620] 3a08e3bfec2db5d C /home/capstone/project/test_files/checkpoints-000616.html.nnvjxgy
[4620] 3a08e3bfec2db5d O /home/capstone/project/test_files/000701.doc
[4620] 3a08e3bfec2db5d O /home/capstone/project/test_files/000475.txt
[4620] 3a08e3bfec2db5d O /home/capstone/project/test_files/000592.pdf
[4620] 3a08e3bfec2db5d O /home/capstone/project/test_files/000069.html
[4620] 3a08e3bfec2db5d O /home/capstone/project/test_files/000481.txt.nnvjxgy
[4620] 3a08e3bfec2db5d C /home/capstone/project/test_files/checkpoints-000481.txt.nnvjxgy
[4620] 3a08e3bfec2db5d O /home/capstone/project/test_files/000778.xls
[4620] 3a08e3bfec2db5d O /home/capstone/project/test_files/000855.txt
[4620] 3a08e3bfec2db5d O /home/capstone/project/test_files/000577.pdf.nnvjxgy
[4620] 3a08e3bfec2db5d C /home/capstone/project/test_files/checkpoints-000577.pdf.nnvjxgy
[4620] 3a08e3bfec2db5d O /home/capstone/project/test_files/000572.pdf
[4620] 3a08e3bfec2db5d O /home/capstone/project/test_files/000228.txt.nnvjxgy
[4620] 3a08e3bfec2db5d C /home/capstone/project/test_files/checkpoints-000228.txt.nnvjxgy
[4620] 3a08e3bfec2db5d O /home/capstone/project/test_files/000022.pdf
[4620] 3a08e3bfec2db5d O /home/capstone/project/test_files/000845.swf
[4620] 3a08e3bfec2db5d O /home/capstone/project/test_files/000071.html
[4620] 3a08e3bfec2db5d O /home/capstone/project/test_files/000634.html.nnvjxgy
[4620] 3a08e3bfec2db5d C /home/capstone/project/test_files/checkpoints-000634.html.nnvjxgy
[4620] 3a08e3bfec2db5d O /home/capstone/project/test_files/000320.ppt
[4620] 3a08e3bfec2db5d O /home/capstone/project/test_files/000165.ppt
[4620] 3a08e3bfec2db5d O /home/capstone/project/test_files/000444.pdf.nnvjxgy
[4620] 3a08e3bfec2db5d C /home/capstone/project/test_files/checkpoints-000444.pdf.nnvjxgy
[4620] 3a08e3bfec2db5d O /home/capstone/project/test_files/000521.jpg
[4620] 3a08e3bfec2db5d O /home/capstone/project/test_files/000530.gif
[4620] 3a08e3bfec2db5d O /home/capstone/project/test_files/000970.doc
[4620] 3a08e3bfec2db5d O /home/capstone/project/test_files/000004.doc
[4620] 3a08e3bfec2db5d O /home/capstone/project/test_files/000460.txt
[4620] 3a08e3bfec2db5d O /home/capstone/project/test_files/000039.xml
[4620] 3a08e3bfec2db5d O /home/capstone/project/test_files/000629.pdf
[4620] 3a08e3bfec2db5d O /home/capstone/project/test_files/000804.doc
[4620] 3a08e3bfec2db5d O /home/capstone/project/test_files/000234.jpg
[4620] 3a08e3bfec2db5d O /home/capstone/project/test_files/000186.html
[4620] 3a08e3bfec2db5d O /home/capstone/project/test_files/000643.txt
[4620] 3a08e3bfec2db5d O /home/capstone/project/test_files/000132.doc
[4620] 3a08e3bfec2db5d O /home/capstone/project/test_files/000423.html
[4620] 3a08e3bfec2db5d O /home/capstone/project/test_files/000617.html
[4620] 3a08e3bfec2db5d O /home/capstone/project/test_files/000823.html
[4620] 3a08e3bfec2db5d O /home/capstone/project/test_files/000473.txt
[4620] 3a08e3bfec2db5d O /home/capstone/project/test_files/000506.jpg
[4620] 3a08e3bfec2db5d O /home/capstone/project/test_files/000720.ppt
[4620] 3a08e3bfec2db5d O /home/capstone/project/test_files/000290.ppt
[4620] 3a08e3bfec2db5d O /home/capstone/project/test_files/000929.txt
[4620] 3a08e3bfec2db5d O /home/capstone/project/test_files/000397.jpg
[4620] 3a08e3bfec2db5d O /home/capstone/project/test_files/000546.jpg
[4620] 3a08e3bfec2db5d O /home/capstone/project/test_files/000512.jpg
[4620] 3a08e3bfec2db5d O /home/capstone/project/test_files/000888.jpg
[4620] 3a08e3bfec2db5d O /home/capstone/project/test_files/000412.html
[4620] 3a08e3bfec2db5d O /home/capstone/project/test_files/000633.xls
[4620] 3a08e3bfec2db5d O /home/capstone/project/test_files/000223.f
[4620] 3a08e3bfec2db5d O /home/capstone/project/test_files/000754.gz
[4620] 3a08e3bfec2db5d O /home/capstone/project/test_files/000007.doc
[4620] 3a08e3bfec2db5d O /home/capstone/project/test_files/000122.doc
[4620] 3a08e3bfec2db5d O /home/capstone/project/test_files/000771.doc
[4620] 3a08e3bfec2db5d O /home/capstone/project/test_files/000442.html
[4620] 3a08e3bfec2db5d O /home/capstone/project/test_files/000269.pdf
[4620] 3a08e3bfec2db5d O /home/capstone/project/test_files/000981.doc
[4620] 3a08e3bfec2db5d O /home/capstone/project/test_files/000499.txt
[4620] 3a08e3bfec2db5d O /home/capstone/project/test_files/000224.txt
[4620] 3a08e3bfec2db5d O /home/capstone/project/test_files/000976.doc
[4620] 3a08e3bfec2db5d O /home/capstone/project/test_files/000735.html
[4620] 3a08e3bfec2db5d O /home/capstone/project/test_files/000995.ppt
[4620] 3a08e3bfec2db5d O /home/capstone/project/test_files/000714.ppt
[4620] 3a08e3bfec2db5d O /home/capstone/project/test_files/000699.log
[4620] 3a08e3bfec2db5d O /home/capstone/project/test_files/000410.html
[4620] 3a08e3bfec2db5d O /home/capstone/project/test_files/000809.pdf
[4620] 3a08e3bfec2db5d O /home/capstone/project/test_files/000380.pdf
[4620] 3a08e3bfec2db5d O /home/capstone/project/test_files/000045.xls
[4620] 3a08e3bfec2db5d O /home/capstone/project/test_files/000762.pdf
[4620] 3a08e3bfec2db5d O /home/capstone/project/test_files/000957.doc
[4620] 3a08e3bfec2db5d O /home/capstone/project/test_files/000097.ps.nnvjxgy
[4620] 3a08e3bfec2db5d C /home/capstone/project/test_files/checkpoints-000097.ps.nnvjxgy
[4620] 3a08e3bfec2db5d O /home/capstone/project/test_files/000093.txt
[4620] 3a08e3bfec2db5d O /home/capstone/project/test_files/000587.pdf
[4620] 3a08e3bfec2db5d O /home/capstone/project/test_files/000670.txt
[4620] 3a08e3bfec2db5d O /home/capstone/project/test_files/000977.doc.nnvjxgy
[4620] 3a08e3bfec2db5d C /home/capstone/project/test_files/checkpoints-000977.doc.nnvjxgy
[4620] 3a08e3bfec2db5d O /home/capstone/project/test_files/000519.gif
[4620] 3a08e3bfec2db5d O /home/capstone/project/test_files/000130.doc.nnvjxgy
[4620] 3a08e3bfec2db5d C /home/capstone/project/test_files/checkpoints-000130.doc.nnvjxgy
[4620] 3a08e3bfec2db5d O /home/capstone/project/test_files/000707.doc
[4620] 3a08e3bfec2db5d O /home/capstone/project/test_files/000698.log
[4620] 3a08e3bfec2db5d O /home/capstone/project/test_files/000923.xml
[4620] 3a08e3bfec2db5d O /home/capstone/project/test_files/000432.jpg
[4620] 3a08e3bfec2db5d O /home/capstone/project/test_files/000676.pdf
[4620] 3a08e3bfec2db5d O /home/capstone/project/test_files/000733.ps
[4620] 3a08e3bfec2db5d O /home/capstone/project/test_files/000207.html
[4620] 3a08e3bfec2db5d O /home/capstone/project/test_files/000182.html
[4620] 3a08e3bfec2db5d O /home/capstone/project/test_files/000844.txt
[4620] 3a08e3bfec2db5d O /home/capstone/project/test_files/000094.txt
[4620] 3a08e3bfec2db5d O /home/capstone/project/test_files/000839.pdf
[4620] 3a08e3bfec2db5d O /home/capstone/project/test_files/000894.html
[4620] 3a08e3bfec2db5d O /home/capstone/project/test_files/000461.html
[4620] 3a08e3bfec2db5d O /home/capstone/project/test_files/000087.txt
[4620] 3a08e3bfec2db5d O /home/capstone/project/test_files/000381.pdf
[4620] 3a08e3bfec2db5d O /home/capstone/project/test_files/000489.txt
[4620] 3a08e3bfec2db5d O /home/capstone/project/test_files/000545.gif
[4620] 3a08e3bfec2db5d O /home/capstone/project/test_files/000232.jpg
[4620] 3a08e3bfec2db5d O /home/capstone/project/test_files/000049.xls
[4620] 3a08e3bfec2db5d O /home/capstone/project/test_files/000285.doc
[4620] 3a08e3bfec2db5d O /home/capstone/project/test_files/000748.pdf
[4620] 3a08e3bfec2db5d O /home/capstone/project/test_files/000095.txt
[4620] 3a08e3bfec2db5d O /home/capstone/project/test_files/000810.pdf
[4620] 3a08e3bfec2db5d O /home/capstone/project/test_files/000342.pdf
[4620] 3a08e3bfec2db5d O /home/capstone/project/test_files/000865.gz
[4620] 3a08e3bfec2db5d O /home/capstone/project/test_files/000992.ppt
[4620] 3a08e3bfec2db5d O /home/capstone/project/test_files/000806.doc
[4620] 3a08e3bfec2db5d O /home/capstone/project/test_files/000773.ps
[4620] 3a08e3bfec2db5d O /home/capstone/project/test_files/000027.csv
[4620] 3a08e3bfec2db5d O /home/capstone/project/test_files/000109.jpg
[4620] 3a08e3bfec2db5d O /home/capstone/project/test_files/000307.ppt
[4620] 3a08e3bfec2db5d O /home/capstone/project/test_files/000675.doc
[4620] 3a08e3bfec2db5d O /home/capstone/project/test_files/000887.pdf
[4620] 3a08e3bfec2db5d O /home/capstone/project/test_files/000717.ppt
[4620] 3a08e3bfec2db5d O /home/capstone/project/test_files/000692.html
[4620] 3a08e3bfec2db5d O /home/capstone/project/test_files/000082.txt
[4620] 3a08e3bfec2db5d O /home/capstone/project/test_files/000832.txt.nnvjxgy
[4620] 3a08e3bfec2db5d C /home/capstone/project/test_files/checkpoints-000832.txt.nnvjxgy
[4620] 3a08e3bfec2db5d O /home/capstone/project/test_files/000431.html
[4620] 3a08e3bfec2db5d O /home/capstone/project/test_files/000324.pdf
[4620] 3a08e3bfec2db5d O /home/capstone/project/test_files/000866.txt
[4620] 3a08e3bfec2db5d O /home/capstone/project/test_files/000389.dbase3
[4620] 3a08e3bfec2db5d O /home/capstone/project/test_files/000177.pdf.nnvjxgy
[4620] 3a08e3bfec2db5d C /home/capstone/project/test_files/checkpoints-000177.pdf.nnvjxgy
[4620] 3a08e3bfec2db5d O /home/capstone/project/test_files/000534.gif
[4620] 3a08e3bfec2db5d O /home/capstone/project/test_files/000793.html
[4620] 3a08e3bfec2db5d O /home/capstone/project/test_files/000044.xls.nnvjxgy
[4620] 3a08e3bfec2db5d O /home/capstone/project/test_files/000697.log
[4620] 3a08e3bfec2db5d C /home/capstone/project/test_files/checkpoints-000044.xls.nnvjxgy
[4620] 3a08e3bfec2db5d O /home/capstone/project/test_files/000322.ppt
[4620] 3a08e3bfec2db5d O /home/capstone/project/test_files/000494.txt
[4620] 3a08e3bfec2db5d O /home/capstone/project/test_files/000434.html
[4620] 3a08e3bfec2db5d O /home/capstone/project/test_files/000861.txt
[4620] 3a08e3bfec2db5d O /home/capstone/project/test_files/000072.html
[4620] 3a08e3bfec2db5d O /home/capstone/project/test_files/000110.jpg
[4620] 3a08e3bfec2db5d O /home/capstone/project/test_files/000759.doc
[4620] 3a08e3bfec2db5d O /home/capstone/project/test_files/000294.ppt
[4620] 3a08e3bfec2db5d O /home/capstone/project/test_files/000000.swf
[4620] 3a08e3bfec2db5d O /home/capstone/project/test_files/000226.txt
[4620] 3a08e3bfec2db5d O /home/capstone/project/test_files/000849.txt
[4620] 3a08e3bfec2db5d O /home/capstone/project/test_files/000722.csv.nnvjxgy
[4620] 3a08e3bfec2db5d C /home/capstone/project/test_files/checkpoints-000722.csv.nnvjxgy
[4620] 3a08e3bfec2db5d O /home/capstone/project/test_files/000153.pdf
[4620] 3a08e3bfec2db5d O /home/capstone/project/test_files/000014.html
[4620] 3a08e3bfec2db5d O /home/capstone/project/test_files/000382.xls
[4620] 3a08e3bfec2db5d O /home/capstone/project/test_files/000496.xml
[4620] 3a08e3bfec2db5d O /home/capstone/project/test_files/000660.txt.nnvjxgy
[4620] 3a08e3bfec2db5d C /home/capstone/project/test_files/checkpoints-000660.txt.nnvjxgy
[4620] 3a08e3bfec2db5d O /home/capstone/project/test_files/000078.html
[4620] 3a08e3bfec2db5d O /home/capstone/project/test_files/000631.pdf
[4620] 3a08e3bfec2db5d O /home/capstone/project/test_files/000197.html.nnvjxgy
[4620] 3a08e3bfec2db5d O /home/capstone/project/test_files/000768.ps
[4620] 3a08e3bfec2db5d C /home/capstone/project/test_files/checkpoints-000197.html.nnvjxgy
[4620] 3a08e3bfec2db5d O /home/capstone/project/test_files/000782.xls
[4620] 3a08e3bfec2db5d O /home/capstone/project/test_files/000827.txt
[4620] 3a08e3bfec2db5d O /home/capstone/project/test_files/000931.txt.nnvjxgy
[4620] 3a08e3bfec2db5d C /home/capstone/project/test_files/checkpoints-000931.txt.nnvjxgy
[4620] 3a08e3bfec2db5d O /home/capstone/project/test_files/000354.pdf
[4620] 3a08e3bfec2db5d O /home/capstone/project/test_files/000040.xls
[4620] 3a08e3bfec2db5d O /home/capstone/project/test_files/000209.html
[4620] 3a08e3bfec2db5d O /home/capstone/project/test_files/000978.xml
[4620] 3a08e3bfec2db5d O /home/capstone/project/test_files/000227.txt
[4620] 3a08e3bfec2db5d O /home/capstone/project/test_files/000360.pdf.nnvjxgy
[4620] 3a08e3bfec2db5d C /home/capstone/project/test_files/checkpoints-000360.pdf.nnvjxgy
[4620] 3a08e3bfec2db5d O /home/capstone/project/test_files/000298.ppt
[4620] 3a08e3bfec2db5d O /home/capstone/project/test_files/000728.ppt
[4620] 3a08e3bfec2db5d O /home/capstone/project/test_files/000598.html
[4620] 3a08e3bfec2db5d O /home/capstone/project/test_files/000661.txt.nnvjxgy
[4620] 3a08e3bfec2db5d C /home/capstone/project/test_files/checkpoints-000661.txt.nnvjxgy
[4620] 3a08e3bfec2db5d O /home/capstone/project/test_files/000013.pdf
[4620] 3a08e3bfec2db5d O /home/capstone/project/test_files/000361.pdf
[4620] 3a08e3bfec2db5d O /home/capstone/project/test_files/000696.doc
[4620] 3a08e3bfec2db5d O /home/capstone/project/test_files/000015.pdf
[4620] 3a08e3bfec2db5d O /home/capstone/project/test_files/000854.pdf
[4620] 3a08e3bfec2db5d O /home/capstone/project/test_files/000816.pdf
[4620] 3a08e3bfec2db5d O /home/capstone/project/test_files/000451.html
[4620] 3a08e3bfec2db5d O /home/capstone/project/test_files/000184.html
[4620] 3a08e3bfec2db5d O /home/capstone/project/test_files/000055.xls
[4620] 3a08e3bfec2db5d O /home/capstone/project/test_files/000384.xls
[4620] 3a08e3bfec2db5d O /home/capstone/project/test_files/000303.ppt
[4620] 3a08e3bfec2db5d O /home/capstone/project/test_files/000213.html
[4620] 3a08e3bfec2db5d O /home/capstone/project/test_files/000582.pdf
[4620] 3a08e3bfec2db5d O /home/capstone/project/test_files/000934.txt
[4620] 3a08e3bfec2db5d O /home/capstone/project/test_files/000873.jpg
[4620] 3a08e3bfec2db5d O /home/capstone/project/test_files/000424.html
[4620] 3a08e3bfec2db5d O /home/capstone/project/test_files/000314.pdf
[4620] 3a08e3bfec2db5d O /home/capstone/project/test_files/000928.txt
[4620] 3a08e3bfec2db5d O /home/capstone/project/test_files/000877.html
[4620] 3a08e3bfec2db5d O /home/capstone/project/test_files/000393.xls
[4620] 3a08e3bfec2db5d O /home/capstone/project/test_files/000181.ppt
[4620] 3a08e3bfec2db5d O /home/capstone/project/test_files/000352.pdf
[4620] 3a08e3bfec2db5d O /home/capstone/project/test_files/000738.pdf
[4620] 3a08e3bfec2db5d O /home/capstone/project/test_files/000455.html
[4620] 3a08e3bfec2db5d O /home/capstone/project/test_files/000202.html
[4620] 3a08e3bfec2db5d O /home/capstone/project/test_files/000902.jpg
[4620] 3a08e3bfec2db5d O /home/capstone/project/test_files/000543.gif
[4620] 3a08e3bfec2db5d O /home/capstone/project/test_files/000104.txt
[4620] 3a08e3bfec2db5d O /home/capstone/project/test_files/000264.doc
[4620] 3a08e3bfec2db5d O /home/capstone/project/test_files/000511.gif
[4620] 3a08e3bfec2db5d O /home/capstone/project/test_files/000278.doc
[4620] 3a08e3bfec2db5d O /home/capstone/project/test_files/000949.doc
[4620] 3a08e3bfec2db5d O /home/capstone/project/test_files/000419.jpg
[4620] 3a08e3bfec2db5d O /home/capstone/project/test_files/000796.doc
[4620] 3a08e3bfec2db5d O /home/capstone/project/test_files/000527.gif
[4620] 3a08e3bfec2db5d O /home/capstone/project/test_files/000723.ppt
[4620] 3a08e3bfec2db5d O /home/capstone/project/test_files/000805.html
[4620] 3a08e3bfec2db5d O /home/capstone/project/test_files/000814.html
[4620] 3a08e3bfec2db5d O /home/capstone/project/test_files/000101.doc
[4620] 3a08e3bfec2db5d O /home/capstone/project/test_files/000783.html
[4620] 3a08e3bfec2db5d O /home/capstone/project/test_files/000858.txt
[4620] 3a08e3bfec2db5d O /home/capstone/project/test_files/000341.pdf.nnvjxgy
[4620] 3a08e3bfec2db5d C /home/capstone/project/test_files/checkpoints-000341.pdf.nnvjxgy
[4620] 3a08e3bfec2db5d O /home/capstone/project/test_files/000482.ps
[4620] 3a08e3bfec2db5d O /home/capstone/project/test_files/000311.ppt
[4620] 3a08e3bfec2db5d O /home/capstone/project/test_files/000139.doc
[4620] 3a08e3bfec2db5d O /home/capstone/project/test_files/000904.pdf
[4620] 3a08e3bfec2db5d O /home/capstone/project/test_files/000669.txt.nnvjxgy
[4620] 3a08e3bfec2db5d C /home/capstone/project/test_files/checkpoints-000669.txt.nnvjxgy
[4620] 3a08e3bfec2db5d O /home/capstone/project/test_files/000385.xls
[4620] 3a08e3bfec2db5d O /home/capstone/project/test_files/000476.jpg
[4620] 3a08e3bfec2db5d O /home/capstone/project/test_files/000983.ppt
[4620] 3a08e3bfec2db5d O /home/capstone/project/test_files/000851.txt
[4620] 3a08e3bfec2db5d O /home/capstone/project/test_files/000694.html
[4620] 3a08e3bfec2db5d O /home/capstone/project/test_files/000474.txt
[4620] 3a08e3bfec2db5d O /home/capstone/project/test_files/000152.pdf
[4620] 3a08e3bfec2db5d O /home/capstone/project/test_files/000315.ppt
[4620] 3a08e3bfec2db5d O /home/capstone/project/test_files/000744.pdf
[4620] 3a08e3bfec2db5d O /home/capstone/project/test_files/000990.ppt.nnvjxgy
[4620] 3a08e3bfec2db5d C /home/capstone/project/test_files/checkpoints-000990.ppt.nnvjxgy
[4620] 3a08e3bfec2db5d O /home/capstone/project/test_files/000920.txt
[4620] 3a08e3bfec2db5d O /home/capstone/project/test_files/000540.jpg
[4620] 3a08e3bfec2db5d O /home/capstone/project/test_files/000795.doc.nnvjxgy
[4620] 3a08e3bfec2db5d C /home/capstone/project/test_files/checkpoints-000795.doc.nnvjxgy
[4620] 3a08e3bfec2db5d O /home/capstone/project/test_files/000291.ppt
[4620] 3a08e3bfec2db5d O /home/capstone/project/test_files/000674.pdf
[4620] 3a08e3bfec2db5d O /home/capstone/project/test_files/000666.txt
[4620] 3a08e3bfec2db5d O /home/capstone/project/test_files/000299.ppt
[4620] 3a08e3bfec2db5d O /home/capstone/project/test_files/000580.pdf
[4620] 3a08e3bfec2db5d O /home/capstone/project/test_files/000222.txt
[4620] 3a08e3bfec2db5d O /home/capstone/project/test_files/000979.doc
[4620] 3a08e3bfec2db5d O /home/capstone/project/test_files/000477.txt
[4620] 3a08e3bfec2db5d O /home/capstone/project/test_files/000059.html
[4620] 3a08e3bfec2db5d O /home/capstone/project/test_files/000609.html
[4620] 3a08e3bfec2db5d O /home/capstone/project/test_files/000848.txt
[4620] 3a08e3bfec2db5d O /home/capstone/project/test_files/000305.ppt
[4620] 3a08e3bfec2db5d O /home/capstone/project/test_files/000425.html
[4620] 3a08e3bfec2db5d O /home/capstone/project/test_files/000076.html
[4620] 3a08e3bfec2db5d O /home/capstone/project/test_files/000142.pdf.nnvjxgy
[4620] 3a08e3bfec2db5d C /home/capstone/project/test_files/checkpoints-000142.pdf.nnvjxgy
[4620] 3a08e3bfec2db5d O /home/capstone/project/test_files/000672.pdf
[4620] 3a08e3bfec2db5d O /home/capstone/project/test_files/000993.ppt
[4620] 3a08e3bfec2db5d O /home/capstone/project/test_files/000799.doc.nnvjxgy
[4620] 3a08e3bfec2db5d C /home/capstone/project/test_files/checkpoints-000799.doc.nnvjxgy
[4620] 3a08e3bfec2db5d O /home/capstone/project/test_files/000712.ppt
[4620] 3a08e3bfec2db5d O /home/capstone/project/test_files/000586.pdf
[4620] 3a08e3bfec2db5d O /home/capstone/project/test_files/000870.jpg
[4620] 3a08e3bfec2db5d O /home/capstone/project/test_files/000025.pdf.nnvjxgy
[4620] 3a08e3bfec2db5d C /home/capstone/project/test_files/checkpoints-000025.pdf.nnvjxgy
[4620] 3a08e3bfec2db5d O /home/capstone/project/test_files/000665.txt
[4620] 3a08e3bfec2db5d O /home/capstone/project/test_files/000376.dbase3
[4620] 3a08e3bfec2db5d O /home/capstone/project/test_files/000550.jpg
[4620] 3a08e3bfec2db5d O /home/capstone/project/test_files/000991.ppt.nnvjxgy
[4620] 3a08e3bfec2db5d C /home/capstone/project/test_files/checkpoints-000991.ppt.nnvjxgy
[4620] 3a08e3bfec2db5d O /home/capstone/project/test_files/000775.xls
[4620] 3a08e3bfec2db5d O /home/capstone/project/test_files/000659.txt
[4620] 3a08e3bfec2db5d O /home/capstone/project/test_files/000542.gif
[4620] 3a08e3bfec2db5d O /home/capstone/project/test_files/000336.pdf
[4620] 3a08e3bfec2db5d O /home/capstone/project/test_files/000803.rtf
[4620] 3a08e3bfec2db5d O /home/capstone/project/test_files/000830.html
[4620] 3a08e3bfec2db5d O /home/capstone/project/test_files/000987.ppt
[4620] 3a08e3bfec2db5d O /home/capstone/project/test_files/000564.csv
[4620] 3a08e3bfec2db5d O /home/capstone/project/test_files/000956.pdf
[4620] 3a08e3bfec2db5d O /home/capstone/project/test_files/000404.jpg
[4620] 3a08e3bfec2db5d O /home/capstone/project/test_files/000954.pdf
[4620] 3a08e3bfec2db5d O /home/capstone/project/test_files/000210.html
[4620] 3a08e3bfec2db5d O /home/capstone/project/test_files/000831.txt
[4620] 3a08e3bfec2db5d O /home/capstone/project/test_files/000604.html
[4620] 3a08e3bfec2db5d O /home/capstone/project/test_files/000523.png
[4620] 3a08e3bfec2db5d O /home/capstone/project/test_files/000149.pdf
[4620] 3a08e3bfec2db5d O /home/capstone/project/test_files/000684.jpg
[4620] 3a08e3bfec2db5d O /home/capstone/project/test_files/000457.html
[4620] 3a08e3bfec2db5d O /home/capstone/project/test_files/000940.txt
[4620] 3a08e3bfec2db5d O /home/capstone/project/test_files/000201.html
[4620] 3a08e3bfec2db5d O /home/capstone/project/test_files/000319.ppt
[4620] 3a08e3bfec2db5d O /home/capstone/project/test_files/000262.pdf
[4620] 3a08e3bfec2db5d O /home/capstone/project/test_files/000628.pdf
[4620] 3a08e3bfec2db5d O /home/capstone/project/test_files/000624.txt
[4620] 3a08e3bfec2db5d O /home/capstone/project/test_files/000608.html
[4620] 3a08e3bfec2db5d O /home/capstone/project/test_files/000907.html
[4620] 3a08e3bfec2db5d O /home/capstone/project/test_files/000688.gif
[4620] 3a08e3bfec2db5d O /home/capstone/project/test_files/000548.gif.nnvjxgy
[4620] 3a08e3bfec2db5d C /home/capstone/project/test_files/checkpoints-000548.gif.nnvjxgy
[4620] 3a08e3bfec2db5d O /home/capstone/project/test_files/000196.pdf
[4620] 3a08e3bfec2db5d O /home/capstone/project/test_files/000994.ppt
[4620] 3a08e3bfec2db5d O /home/capstone/project/test_files/000790.doc
[4620] 3a08e3bfec2db5d O /home/capstone/project/test_files/000396.xls
[4620] 3a08e3bfec2db5d O /home/capstone/project/test_files/000301.ppt.nnvjxgy
[4620] 3a08e3bfec2db5d C /home/capstone/project/test_files/checkpoints-000301.ppt.nnvjxgy
[4620] 3a08e3bfec2db5d O /home/capstone/project/test_files/000933.txt
[4620] 3a08e3bfec2db5d O /home/capstone/project/test_files/000194.html
[4620] 3a08e3bfec2db5d O /home/capstone/project/test_files/000096.txt
[4620] 3a08e3bfec2db5d O /home/capstone/project/test_files/000537.gif
[4620] 3a08e3bfec2db5d O /home/capstone/project/test_files/000289.ppt
[4620] 3a08e3bfec2db5d O /home/capstone/project/test_files/000516.jpg
[4620] 3a08e3bfec2db5d O /home/capstone/project/test_files/000630.pdf
[4620] 3a08e3bfec2db5d O /home/capstone/project/test_files/000118.doc
[4620] 3a08e3bfec2db5d O /home/capstone/project/test_files/000312.ppt
[4620] 3a08e3bfec2db5d O /home/capstone/project/test_files/000863.txt
[4620] 3a08e3bfec2db5d O /home/capstone/project/test_files/000417.jpg
[4620] 3a08e3bfec2db5d O /home/capstone/project/test_files/000721.csv
[4620] 3a08e3bfec2db5d O /home/capstone/project/test_files/000168.pdf
[4620] 3a08e3bfec2db5d O /home/capstone/project/test_files/000252.pdf
[4620] 3a08e3bfec2db5d O /home/capstone/project/test_files/000541.jpg.nnvjxgy
[4620] 3a08e3bfec2db5d C /home/capstone/project/test_files/checkpoints-000541.jpg.nnvjxgy
[4620] 3a08e3bfec2db5d O /home/capstone/project/test_files/000502.txt
[4620] 3a08e3bfec2db5d O /home/capstone/project/test_files/000365.pdf
[4620] 3a08e3bfec2db5d O /home/capstone/project/test_files/000117.rtf
[4620] 3a08e3bfec2db5d O /home/capstone/project/test_files/000123.html
[4620] 3a08e3bfec2db5d O /home/capstone/project/test_files/000687.doc
[4620] 3a08e3bfec2db5d O /home/capstone/project/test_files/000471.txt
[4620] 3a08e3bfec2db5d O /home/capstone/project/test_files/000557.ppt
[4620] 3a08e3bfec2db5d O /home/capstone/project/test_files/000703.xml
[4620] 3a08e3bfec2db5d O /home/capstone/project/test_files/000776.xls
[4620] 3a08e3bfec2db5d O /home/capstone/project/test_files/000583.pdf
[4620] 3a08e3bfec2db5d O /home/capstone/project/test_files/000028.pdf
[4620] 3a08e3bfec2db5d O /home/capstone/project/test_files/000270.pdf
[4620] 3a08e3bfec2db5d O /home/capstone/project/test_files/000642.txt
[4620] 3a08e3bfec2db5d O /home/capstone/project/test_files/000409.html
[4620] 3a08e3bfec2db5d O /home/capstone/project/test_files/000984.ppt
[4620] 3a08e3bfec2db5d O /home/capstone/project/test_files/000401.xls
[4620] 3a08e3bfec2db5d O /home/capstone/project/test_files/000625.txt
[4620] 3a08e3bfec2db5d O /home/capstone/project/test_files/000351.pdf
[4620] 3a08e3bfec2db5d O /home/capstone/project/test_files/000883.jpg.nnvjxgy
[4620] 3a08e3bfec2db5d C /home/capstone/project/test_files/checkpoints-000883.jpg.nnvjxgy
[4620] 3a08e3bfec2db5d O /home/capstone/project/test_files/000438.html
[4620] 3a08e3bfec2db5d O /home/capstone/project/test_files/000833.txt
[4620] 3a08e3bfec2db5d O /home/capstone/project/test_files/000318.ppt
[4620] 3a08e3bfec2db5d O /home/capstone/project/test_files/000464.txt
[4620] 3a08e3bfec2db5d O /home/capstone/project/test_files/000077.html
[4620] 3a08e3bfec2db5d O /home/capstone/project/test_files/000193.html
[4620] 3a08e3bfec2db5d O /home/capstone/project/test_files/000323.ppt
[4620] 3a08e3bfec2db5d O /home/capstone/project/test_files/000756.csv
[4620] 3a08e3bfec2db5d D /home/capstone/project/test_files/checkpoints-000033.xls.nnvjxgy
[4620] 3a08e3bfec2db5d O /home/capstone/project/test_files/000584.pdf
[4620] 3a08e3bfec2db5d O /home/capstone/project/test_files/000710.ppt
[4620] 3a08e3bfec2db5d O /home/capstone/project/test_files/000764.csv
[4620] 3a08e3bfec2db5d O /home/capstone/project/test_files/000212.html
[4620] 3a08e3bfec2db5d O /home/capstone/project/test_files/000462.txt
[4620] 3a08e3bfec2db5d O /home/capstone/project/test_files/000449.html
[4620] 3a08e3bfec2db5d O /home/capstone/project/test_files/000875.html
[4620] 3a08e3bfec2db5d O /home/capstone/project/test_files/000770.pdf
[4620] 3a08e3bfec2db5d O /home/capstone/project/test_files/000241.gif
[4620] 3a08e3bfec2db5d O /home/capstone/project/test_files/000826.pdf
[4620] 3a08e3bfec2db5d O /home/capstone/project/test_files/000561.gif.nnvjxgy
[4620] 3a08e3bfec2db5d C /home/capstone/project/test_files/checkpoints-000561.gif.nnvjxgy
[4620] 3a08e3bfec2db5d O /home/capstone/project/test_files/000719.ppt
[4620] 3a08e3bfec2db5d O /home/capstone/project/test_files/000774.ps
[4620] 3a08e3bfec2db5d O /home/capstone/project/test_files/000640.html.nnvjxgy
[4620] 3a08e3bfec2db5d O /home/capstone/project/test_files/000428.html
[4620] 3a08e3bfec2db5d O /home/capstone/project/test_files/000946.doc
[4620] 3a08e3bfec2db5d O /home/capstone/project/test_files/000216.html
[4620] 3a08e3bfec2db5d O /home/capstone/project/test_files/000635.html
[4620] 3a08e3bfec2db5d O /home/capstone/project/test_files/000488.unk
[4620] 3a08e3bfec2db5d O /home/capstone/project/test_files/000120.doc
[4620] 3a08e3bfec2db5d O /home/capstone/project/test_files/000257.rtf
[4620] 3a08e3bfec2db5d D /home/capstone/project/test_files/checkpoints-000843.pdf.nnvjxgy
[4620] 3a08e3bfec2db5d C /home/capstone/project/test_files/checkpoints-000640.html.nnvjxgy
[4620] 3a08e3bfec2db5d O /home/capstone/project/test_files/000433.html
[4620] 3a08e3bfec2db5d O /home/capstone/project/test_files/000332.pdf
[4620] 3a08e3bfec2db5d O /home/capstone/project/test_files/000147.pdf
[4620] 3a08e3bfec2db5d O /home/capstone/project/test_files/000836.txt
[4620] 3a08e3bfec2db5d O /home/capstone/project/test_files/000528.jpg.nnvjxgy
[4620] 3a08e3bfec2db5d C /home/capstone/project/test_files/checkpoints-000528.jpg.nnvjxgy
[4620] 3a08e3bfec2db5d O /home/capstone/project/test_files/000538.gif
[4620] 3a08e3bfec2db5d O /home/capstone/project/test_files/000154.doc
[4620] 3a08e3bfec2db5d O /home/capstone/project/test_files/000484.txt
[4620] 3a08e3bfec2db5d O /home/capstone/project/test_files/000969.jpg
[4620] 3a08e3bfec2db5d O /home/capstone/project/test_files/000340.pdf
[4620] 3a08e3bfec2db5d O /home/capstone/project/test_files/000185.html
[4620] 3a08e3bfec2db5d O /home/capstone/project/test_files/000820.html.nnvjxgy
[4620] 3a08e3bfec2db5d C /home/capstone/project/test_files/checkpoints-000820.html.nnvjxgy
[4620] 3a08e3bfec2db5d O /home/capstone/project/test_files/000001.doc
[4620] 3a08e3bfec2db5d D /home/capstone/project/test_files/checkpoints-000483.txt.nnvjxgy
[4620] 3a08e3bfec2db5d O /home/capstone/project/test_files/000062.html.nnvjxgy
[4620] 3a08e3bfec2db5d C /home/capstone/project/test_files/checkpoints-000062.html.nnvjxgy
[4620] 3a08e3bfec2db5d O /home/capstone/project/test_files/000563.gif
[4620] 3a08e3bfec2db5d O /home/capstone/project/test_files/000780.xls
[4620] 3a08e3bfec2db5d O /home/capstone/project/test_files/000277.doc.nnvjxgy
[4620] 3a08e3bfec2db5d C /home/capstone/project/test_files/checkpoints-000277.doc.nnvjxgy
[4620] 3a08e3bfec2db5d O /home/capstone/project/test_files/000743.log
[4620] 3a08e3bfec2db5d O /home/capstone/project/test_files/000901.pdf
[4620] 3a08e3bfec2db5d O /home/capstone/project/test_files/000529.gif
[4620] 3a08e3bfec2db5d O /home/capstone/project/test_files/000316.pdf
[4620] 3a08e3bfec2db5d O /home/capstone/project/test_files/000067.xml
[4620] 3a08e3bfec2db5d O /home/capstone/project/test_files/000334.pdf
[4620] 3a08e3bfec2db5d O /home/capstone/project/test_files/000353.pdf
[4620] 3a08e3bfec2db5d O /home/capstone/project/test_files/000126.doc
[4620] 3a08e3bfec2db5d O /home/capstone/project/test_files/000135.pdf
[4620] 3a08e3bfec2db5d O /home/capstone/project/test_files/000034.xls
[4620] 3a08e3bfec2db5d O /home/capstone/project/test_files/000293.ppt
[4620] 3a08e3bfec2db5d O /home/capstone/project/test_files/000206.html
[4620] 3a08e3bfec2db5d O /home/capstone/project/test_files/000263.pdf
[4620] 3a08e3bfec2db5d O /home/capstone/project/test_files/000701.doc
[4620] 3a08e3bfec2db5d O /home/capstone/project/test_files/000402.xls
[4620] 3a08e3bfec2db5d O /home/capstone/project/test_files/000592.pdf
[4620] 3a08e3bfec2db5d O /home/capstone/project/test_files/000069.html
[4620] 3a08e3bfec2db5d O /home/capstone/project/test_files/000287.doc
[4620] 3a08e3bfec2db5d O /home/capstone/project/test_files/000102.txt
[4620] 3a08e3bfec2db5d O /home/capstone/project/test_files/000778.xls
[4620] 3a08e3bfec2db5d O /home/capstone/project/test_files/000205.html
[4620] 3a08e3bfec2db5d O /home/capstone/project/test_files/000824.html
[4620] 3a08e3bfec2db5d O /home/capstone/project/test_files/000855.txt
[4620] 3a08e3bfec2db5d O /home/capstone/project/test_files/000042.xls
[4620] 3a08e3bfec2db5d O /home/capstone/project/test_files/000430.html
[4620] 3a08e3bfec2db5d O /home/capstone/project/test_files/000739.pdf
[4620] 3a08e3bfec2db5d O /home/capstone/project/test_files/000572.pdf
[4620] 3a08e3bfec2db5d O /home/capstone/project/test_files/000022.pdf
[4620] 3a08e3bfec2db5d O /home/capstone/project/test_files/000845.swf
[4620] 3a08e3bfec2db5d O /home/capstone/project/test_files/000932.txt
[4620] 3a08e3bfec2db5d O /home/capstone/project/test_files/000321.ppt.nnvjxgy
[4620] 3a08e3bfec2db5d C /home/capstone/project/test_files/checkpoints-000321.ppt.nnvjxgy
[4620] 3a08e3bfec2db5d O /home/capstone/project/test_files/000054.xls
[4620] 3a08e3bfec2db5d O /home/capstone/project/test_files/000083.unk.nnvjxgy
[4620] 3a08e3bfec2db5d C /home/capstone/project/test_files/checkpoints-000083.unk.nnvjxgy
[4620] 3a08e3bfec2db5d O /home/capstone/project/test_files/000988.ppt
[4620] 3a08e3bfec2db5d O /home/capstone/project/test_files/000985.ppt
[4620] 3a08e3bfec2db5d O /home/capstone/project/test_files/000636.html
[4620] 3a08e3bfec2db5d O /home/capstone/project/test_files/000333.pdf
[4620] 3a08e3bfec2db5d O /home/capstone/project/test_files/000281.doc
[4620] 3a08e3bfec2db5d O /home/capstone/project/test_files/000867.jpg
[4620] 3a08e3bfec2db5d O /home/capstone/project/test_files/000220.txt
[4620] 3a08e3bfec2db5d O /home/capstone/project/test_files/000071.html
[4620] 3a08e3bfec2db5d O /home/capstone/project/test_files/000107.jpg
[4620] 3a08e3bfec2db5d O /home/capstone/project/test_files/000811.pdf.nnvjxgy
[4620] 3a08e3bfec2db5d C /home/capstone/project/test_files/checkpoints-000811.pdf.nnvjxgy
[4620] 3a08e3bfec2db5d O /home/capstone/project/test_files/000229.txt
[4620] 3a08e3bfec2db5d O /home/capstone/project/test_files/000284.txt
[4620] 3a08e3bfec2db5d O /home/capstone/project/test_files/000619.txt
[4620] 3a08e3bfec2db5d O /home/capstone/project/test_files/000320.ppt
[4620] 3a08e3bfec2db5d O /home/capstone/project/test_files/000898.html
[4620] 3a08e3bfec2db5d O /home/capstone/project/test_files/000165.ppt
[4620] 3a08e3bfec2db5d O /home/capstone/project/test_files/000530.gif
[4620] 3a08e3bfec2db5d O /home/capstone/project/test_files/000970.doc
[4620] 3a08e3bfec2db5d O /home/capstone/project/test_files/000678.doc
[4620] 3a08e3bfec2db5d O /home/capstone/project/test_files/000004.doc
[4620] 3a08e3bfec2db5d O /home/capstone/project/test_files/000605.pdf
[4620] 3a08e3bfec2db5d O /home/capstone/project/test_files/000460.txt
[4620] 3a08e3bfec2db5d O /home/capstone/project/test_files/000880.jpg.nnvjxgy
[4620] 3a08e3bfec2db5d C /home/capstone/project/test_files/checkpoints-000880.jpg.nnvjxgy
[4620] 3a08e3bfec2db5d O /home/capstone/project/test_files/000016.pdf
[4620] 3a08e3bfec2db5d O /home/capstone/project/test_files/000328.ppt
[4620] 3a08e3bfec2db5d O /home/capstone/project/test_files/000297.ppt
[4620] 3a08e3bfec2db5d O /home/capstone/project/test_files/000525.gif.nnvjxgy
[4620] 3a08e3bfec2db5d C /home/capstone/project/test_files/checkpoints-000525.gif.nnvjxgy
[4620] 3a08e3bfec2db5d O /home/capstone/project/test_files/000108.jpg.nnvjxgy
[4620] 3a08e3bfec2db5d C /home/capstone/project/test_files/checkpoints-000108.jpg.nnvjxgy
[4620] 3a08e3bfec2db5d O /home/capstone/project/test_files/000801.doc
[4620] 3a08e3bfec2db5d O /home/capstone/project/test_files/000501.txt
[4620] 3a08e3bfec2db5d O /home/capstone/project/test_files/000282.pdf
[4620] 3a08e3bfec2db5d O /home/capstone/project/test_files/000626.txt.nnvjxgy
[4620] 3a08e3bfec2db5d C /home/capstone/project/test_files/checkpoints-000626.txt.nnvjxgy
[4620] 3a08e3bfec2db5d O /home/capstone/project/test_files/000039.xml
[4620] 3a08e3bfec2db5d O /home/capstone/project/test_files/000570.pdf
[4620] 3a08e3bfec2db5d O /home/capstone/project/test_files/000629.pdf
[4620] 3a08e3bfec2db5d O /home/capstone/project/test_files/000593.pdf
[4620] 3a08e3bfec2db5d O /home/capstone/project/test_files/000971.doc
[4620] 3a08e3bfec2db5d O /home/capstone/project/test_files/000804.doc
[4620] 3a08e3bfec2db5d O /home/capstone/project/test_files/000553.html
[4620] 3a08e3bfec2db5d O /home/capstone/project/test_files/000186.html
[4620] 3a08e3bfec2db5d O /home/capstone/project/test_files/000973.doc
[4620] 3a08e3bfec2db5d O /home/capstone/project/test_files/000132.doc
[4620] 3a08e3bfec2db5d O /home/capstone/project/test_files/000112.wp
[4620] 3a08e3bfec2db5d O /home/capstone/project/test_files/000617.html
[4620] 3a08e3bfec2db5d O /home/capstone/project/test_files/000148.doc
[4620] 3a08e3bfec2db5d O /home/capstone/project/test_files/000720.ppt
[4620] 3a08e3bfec2db5d O /home/capstone/project/test_files/000633.xls
[4620] 3a08e3bfec2db5d O /home/capstone/project/test_files/000223.f
[4620] 3a08e3bfec2db5d O /home/capstone/project/test_files/000245.jpg
[4620] 3a08e3bfec2db5d O /home/capstone/project/test_files/000754.gz
[4620] 3a08e3bfec2db5d O /home/capstone/project/test_files/000571.pdf
[4620] 3a08e3bfec2db5d O /home/capstone/project/test_files/000007.doc
[4620] 3a08e3bfec2db5d O /home/capstone/project/test_files/000122.doc
[4620] 3a08e3bfec2db5d O /home/capstone/project/test_files/000607.html
[4620] 3a08e3bfec2db5d O /home/capstone/project/test_files/000968.jpg
[4620] 3a08e3bfec2db5d O /home/capstone/project/test_files/000505.jpg
[4620] 3a08e3bfec2db5d O /home/capstone/project/test_files/000121.doc.nnvjxgy
[4620] 3a08e3bfec2db5d C /home/capstone/project/test_files/checkpoints-000121.doc.nnvjxgy
[4620] 3a08e3bfec2db5d O /home/capstone/project/test_files/000240.jpg
[4620] 3a08e3bfec2db5d O /home/capstone/project/test_files/000158.doc
[4620] 3a08e3bfec2db5d O /home/capstone/project/test_files/000771.doc
[4620] 3a08e3bfec2db5d O /home/capstone/project/test_files/000075.html
[4620] 3a08e3bfec2db5d O /home/capstone/project/test_files/000864.txt
[4620] 3a08e3bfec2db5d O /home/capstone/project/test_files/000442.html
[4620] 3a08e3bfec2db5d O /home/capstone/project/test_files/000398.xls.nnvjxgy
[4620] 3a08e3bfec2db5d C /home/capstone/project/test_files/checkpoints-000398.xls.nnvjxgy
[4620] 3a08e3bfec2db5d O /home/capstone/project/test_files/000575.csv
[4620] 3a08e3bfec2db5d O /home/capstone/project/test_files/000734.ps
[4620] 3a08e3bfec2db5d O /home/capstone/project/test_files/000330.ppt
[4620] 3a08e3bfec2db5d O /home/capstone/project/test_files/000581.pdf.nnvjxgy
[4620] 3a08e3bfec2db5d O /home/capstone/project/test_files/000350.pdf
[4620] 3a08e3bfec2db5d C /home/capstone/project/test_files/checkpoints-000581.pdf.nnvjxgy
[4620] 3a08e3bfec2db5d O /home/capstone/project/test_files/000486.txt
[4620] 3a08e3bfec2db5d O /home/capstone/project/test_files/000269.pdf
[4620] 3a08e3bfec2db5d O /home/capstone/project/test_files/000981.doc
[4620] 3a08e3bfec2db5d O /home/capstone/project/test_files/000731.ps
[4620] 3a08e3bfec2db5d O /home/capstone/project/test_files/000405.xls
[4620] 3a08e3bfec2db5d O /home/capstone/project/test_files/000622.txt
[4620] 3a08e3bfec2db5d O /home/capstone/project/test_files/000057.html.nnvjxgy
[4620] 3a08e3bfec2db5d C /home/capstone/project/test_files/checkpoints-000057.html.nnvjxgy
[4620] 3a08e3bfec2db5d O /home/capstone/project/test_files/000706.doc
[4620] 3a08e3bfec2db5d O /home/capstone/project/test_files/000499.txt
[4620] 3a08e3bfec2db5d O /home/capstone/project/test_files/000224.txt
[4620] 3a08e3bfec2db5d O /home/capstone/project/test_files/000997.ppt
[4620] 3a08e3bfec2db5d O /home/capstone/project/test_files/000976.doc
[4620] 3a08e3bfec2db5d O /home/capstone/project/test_files/000735.html
[4620] 3a08e3bfec2db5d O /home/capstone/project/test_files/000682.jpg
[4620] 3a08e3bfec2db5d O /home/capstone/project/test_files/000995.ppt
[4620] 3a08e3bfec2db5d O /home/capstone/project/test_files/000429.html
[4620] 3a08e3bfec2db5d O /home/capstone/project/test_files/000038.xls
[4620] 3a08e3bfec2db5d O /home/capstone/project/test_files/000912.jpg
[4620] 3a08e3bfec2db5d O /home/capstone/project/test_files/000714.ppt
[4620] 3a08e3bfec2db5d O /home/capstone/project/test_files/000250.doc
[4620] 3a08e3bfec2db5d O /home/capstone/project/test_files/000699.log
[4620] 3a08e3bfec2db5d O /home/capstone/project/test_files/000791.html
[4620] 3a08e3bfec2db5d O /home/capstone/project/test_files/000410.html
[4620] 3a08e3bfec2db5d O /home/capstone/project/test_files/000809.pdf
[4620] 3a08e3bfec2db5d O /home/capstone/project/test_files/000587.pdf
[4620] 3a08e3bfec2db5d O /home/capstone/project/test_files/000327.ppt
[4620] 3a08e3bfec2db5d O /home/capstone/project/test_files/000670.txt
[4620] 3a08e3bfec2db5d O /home/capstone/project/test_files/000519.gif
[4620] 3a08e3bfec2db5d O /home/capstone/project/test_files/000707.doc
[4620] 3a08e3bfec2db5d O /home/capstone/project/test_files/000056.html
[4620] 3a08e3bfec2db5d O /home/capstone/project/test_files/000923.xml
[4620] 3a08e3bfec2db5d O /home/capstone/project/test_files/000207.html
[4620] 3a08e3bfec2db5d O /home/capstone/project/test_files/000965.doc
[4620] 3a08e3bfec2db5d O /home/capstone/project/test_files/000844.txt
[4620] 3a08e3bfec2db5d O /home/capstone/project/test_files/000610.pdf
[4620] 3a08e3bfec2db5d O /home/capstone/project/test_files/000894.html
[4620] 3a08e3bfec2db5d O /home/capstone/project/test_files/000394.xls
[4620] 3a08e3bfec2db5d O /home/capstone/project/test_files/000461.html
[4620] 3a08e3bfec2db5d O /home/capstone/project/test_files/000381.pdf
[4620] 3a08e3bfec2db5d O /home/capstone/project/test_files/000450.html
[4620] 3a08e3bfec2db5d O /home/capstone/project/test_files/000489.txt
[4620] 3a08e3bfec2db5d O /home/capstone/project/test_files/000279.doc
[4620] 3a08e3bfec2db5d O /home/capstone/project/test_files/000623.html.nnvjxgy
[4620] 3a08e3bfec2db5d C /home/capstone/project/test_files/checkpoints-000623.html.nnvjxgy
[4620] 3a08e3bfec2db5d O /home/capstone/project/test_files/000459.html
[4620] 3a08e3bfec2db5d O /home/capstone/project/test_files/000392.xls.nnvjxgy
[4620] 3a08e3bfec2db5d C /home/capstone/project/test_files/checkpoints-000392.xls.nnvjxgy
[4620] 3a08e3bfec2db5d O /home/capstone/project/test_files/000100.doc
[4620] 3a08e3bfec2db5d O /home/capstone/project/test_files/000948.doc
[4620] 3a08e3bfec2db5d O /home/capstone/project/test_files/000271.doc
[4620] 3a08e3bfec2db5d O /home/capstone/project/test_files/000136.html
[4620] 3a08e3bfec2db5d O /home/capstone/project/test_files/000821.html
[4620] 3a08e3bfec2db5d O /home/capstone/project/test_files/000408.xls
[4620] 3a08e3bfec2db5d O /home/capstone/project/test_files/000545.gif
[4620] 3a08e3bfec2db5d O /home/capstone/project/test_files/000285.doc
[4620] 3a08e3bfec2db5d O /home/capstone/project/test_files/000566.pdf
[4620] 3a08e3bfec2db5d O /home/capstone/project/test_files/000235.jpg
[4620] 3a08e3bfec2db5d O /home/capstone/project/test_files/000167.ppt.nnvjxgy
[4620] 3a08e3bfec2db5d C /home/capstone/project/test_files/checkpoints-000167.ppt.nnvjxgy
[4620] 3a08e3bfec2db5d O /home/capstone/project/test_files/000906.jpg
[4620] 3a08e3bfec2db5d O /home/capstone/project/test_files/000903.jpg
[4620] 3a08e3bfec2db5d O /home/capstone/project/test_files/000876.jpg.nnvjxgy
[4620] 3a08e3bfec2db5d C /home/capstone/project/test_files/checkpoints-000876.jpg.nnvjxgy
[4620] 3a08e3bfec2db5d O /home/capstone/project/test_files/000748.pdf
[4620] 3a08e3bfec2db5d O /home/capstone/project/test_files/000024.pdf
[4620] 3a08e3bfec2db5d O /home/capstone/project/test_files/000810.pdf
[4620] 3a08e3bfec2db5d O /home/capstone/project/test_files/000865.gz
[4620] 3a08e3bfec2db5d O /home/capstone/project/test_files/000713.ppt
[4620] 3a08e3bfec2db5d O /home/capstone/project/test_files/000773.ps
[4620] 3a08e3bfec2db5d O /home/capstone/project/test_files/000109.jpg
[4620] 3a08e3bfec2db5d O /home/capstone/project/test_files/000064.html
[4620] 3a08e3bfec2db5d O /home/capstone/project/test_files/000675.doc
[4620] 3a08e3bfec2db5d O /home/capstone/project/test_files/000692.html
[4620] 3a08e3bfec2db5d O /home/capstone/project/test_files/000757.pdf
[4620] 3a08e3bfec2db5d O /home/capstone/project/test_files/000925.txt
[4620] 3a08e3bfec2db5d O /home/capstone/project/test_files/000082.txt
[4620] 3a08e3bfec2db5d O /home/capstone/project/test_files/000431.html
[4620] 3a08e3bfec2db5d O /home/capstone/project/test_files/000632.pdf
[4620] 3a08e3bfec2db5d O /home/capstone/project/test_files/000324.pdf
[4620] 3a08e3bfec2db5d O /home/capstone/project/test_files/000569.pdf
[4620] 3a08e3bfec2db5d O /home/capstone/project/test_files/000866.txt
[4620] 3a08e3bfec2db5d O /home/capstone/project/test_files/000555.html
[4620] 3a08e3bfec2db5d O /home/capstone/project/test_files/000389.dbase3
[4620] 3a08e3bfec2db5d O /home/capstone/project/test_files/000534.gif
[4620] 3a08e3bfec2db5d O /home/capstone/project/test_files/000111.doc
[4620] 3a08e3bfec2db5d O /home/capstone/project/test_files/000793.html
[4620] 3a08e3bfec2db5d O /home/capstone/project/test_files/000146.pdf
[4620] 3a08e3bfec2db5d O /home/capstone/project/test_files/000065.html.nnvjxgy
[4620] 3a08e3bfec2db5d C /home/capstone/project/test_files/checkpoints-000065.html.nnvjxgy
[4620] 3a08e3bfec2db5d O /home/capstone/project/test_files/000302.ppt
[4620] 3a08e3bfec2db5d O /home/capstone/project/test_files/000916.html.nnvjxgy
[4620] 3a08e3bfec2db5d C /home/capstone/project/test_files/checkpoints-000916.html.nnvjxgy
[4620] 3a08e3bfec2db5d O /home/capstone/project/test_files/000611.html
[4620] 3a08e3bfec2db5d O /home/capstone/project/test_files/000500.txt
[4620] 3a08e3bfec2db5d O /home/capstone/project/test_files/000857.txt.nnvjxgy
[4620] 3a08e3bfec2db5d C /home/capstone/project/test_files/checkpoints-000857.txt.nnvjxgy
[4620] 3a08e3bfec2db5d O /home/capstone/project/test_files/000344.pdf
[4620] 3a08e3bfec2db5d O /home/capstone/project/test_files/000128.doc
[4620] 3a08e3bfec2db5d O /home/capstone/project/test_files/000842.txt.nnvjxgy
[4620] 3a08e3bfec2db5d C /home/capstone/project/test_files/checkpoints-000842.txt.nnvjxgy
[4620] 3a08e3bfec2db5d O /home/capstone/project/test_files/000448.html
[4620] 3a08e3bfec2db5d O /home/capstone/project/test_files/000639.html
[4620] 3a08e3bfec2db5d O /home/capstone/project/test_files/000008.ppt
[4620] 3a08e3bfec2db5d O /home/capstone/project/test_files/000815.html.nnvjxgy
[4620] 3a08e3bfec2db5d C /home/capstone/project/test_files/checkpoints-000815.html.nnvjxgy
[4620] 3a08e3bfec2db5d O /home/capstone/project/test_files/000086.txt
[4620] 3a08e3bfec2db5d O /home/capstone/project/test_files/000041.xls
[4620] 3a08e3bfec2db5d O /home/capstone/project/test_files/000785.html
[4620] 3a08e3bfec2db5d O /home/capstone/project/test_files/000020.pdf
[4620] 3a08e3bfec2db5d O /home/capstone/project/test_files/000011.pdf
[4620] 3a08e3bfec2db5d O /home/capstone/project/test_files/000910.jpg
[4620] 3a08e3bfec2db5d O /home/capstone/project/test_files/000230.txt
[4620] 3a08e3bfec2db5d O /home/capstone/project/test_files/000697.log
[4620] 3a08e3bfec2db5d O /home/capstone/project/test_files/000322.ppt
[4620] 3a08e3bfec2db5d O /home/capstone/project/test_files/000494.txt
[4620] 3a08e3bfec2db5d O /home/capstone/project/test_files/000861.txt
[4620] 3a08e3bfec2db5d O /home/capstone/project/test_files/000110.jpg
[4620] 3a08e3bfec2db5d O /home/capstone/project/test_files/000294.ppt
[4620] 3a08e3bfec2db5d O /home/capstone/project/test_files/000930.txt
[4620] 3a08e3bfec2db5d O /home/capstone/project/test_files/000849.txt
[4620] 3a08e3bfec2db5d O /home/capstone/project/test_files/000031.xls
[4620] 3a08e3bfec2db5d O /home/capstone/project/test_files/000798.html
[4620] 3a08e3bfec2db5d O /home/capstone/project/test_files/000183.html
[4620] 3a08e3bfec2db5d O /home/capstone/project/test_files/000260.doc
[4620] 3a08e3bfec2db5d O /home/capstone/project/test_files/000006.doc
[4620] 3a08e3bfec2db5d D /home/capstone/project/test_files/checkpoints-000050.xls.nnvjxgy
[4620] 3a08e3bfec2db5d O /home/capstone/project/test_files/000470.txt
[4620] 3a08e3bfec2db5d O /home/capstone/project/test_files/000882.pdf
[4620] 3a08e3bfec2db5d O /home/capstone/project/test_files/000048.xls
[4620] 3a08e3bfec2db5d O /home/capstone/project/test_files/000606.pdf
[4620] 3a08e3bfec2db5d O /home/capstone/project/test_files/000211.html
[4620] 3a08e3bfec2db5d O /home/capstone/project/test_files/000157.pdf
[4620] 3a08e3bfec2db5d O /home/capstone/project/test_files/000347.pdf
[4620] 3a08e3bfec2db5d O /home/capstone/project/test_files/000116.doc
[4620] 3a08e3bfec2db5d O /home/capstone/project/test_files/000896.jpg
[4620] 3a08e3bfec2db5d O /home/capstone/project/test_files/000037.xls
[4620] 3a08e3bfec2db5d O /home/capstone/project/test_files/000515.jpg
[4620] 3a08e3bfec2db5d O /home/capstone/project/test_files/000497.xml
[4620] 3a08e3bfec2db5d O /home/capstone/project/test_files/000143.pdf
[4620] 3a08e3bfec2db5d D /home/capstone/project/test_files/checkpoints-000012.pdf.nnvjxgy
[4620] 3a08e3bfec2db5d O /home/capstone/project/test_files/000153.pdf
[4620] 3a08e3bfec2db5d O /home/capstone/project/test_files/000014.html
[4620] 3a08e3bfec2db5d O /home/capstone/project/test_files/000382.xls
[4620] 3a08e3bfec2db5d O /home/capstone/project/test_files/000496.xml
[4620] 3a08e3bfec2db5d O /home/capstone/project/test_files/000078.html
[4620] 3a08e3bfec2db5d O /home/capstone/project/test_files/000544.jpg.nnvjxgy
[4620] 3a08e3bfec2db5d C /home/capstone/project/test_files/checkpoints-000544.jpg.nnvjxgy
[4620] 3a08e3bfec2db5d O /home/capstone/project/test_files/000187.pdf
[4620] 3a08e3bfec2db5d O /home/capstone/project/test_files/000847.txt
[4620] 3a08e3bfec2db5d O /home/capstone/project/test_files/000225.f.nnvjxgy
[4620] 3a08e3bfec2db5d C /home/capstone/project/test_files/checkpoints-000225.f.nnvjxgy
[4620] 3a08e3bfec2db5d O /home/capstone/project/test_files/000081.txt
[4620] 3a08e3bfec2db5d O /home/capstone/project/test_files/000846.txt
[4620] 3a08e3bfec2db5d O /home/capstone/project/test_files/000466.unk
[4620] 3a08e3bfec2db5d O /home/capstone/project/test_files/000960.doc.nnvjxgy
[4620] 3a08e3bfec2db5d C /home/capstone/project/test_files/checkpoints-000960.doc.nnvjxgy
[4620] 3a08e3bfec2db5d O /home/capstone/project/test_files/000377.xls.nnvjxgy
[4620] 3a08e3bfec2db5d C /home/capstone/project/test_files/checkpoints-000377.xls.nnvjxgy
[4620] 3a08e3bfec2db5d O /home/capstone/project/test_files/000963.doc
[4620] 3a08e3bfec2db5d O /home/capstone/project/test_files/000145.pdf
[4620] 3a08e3bfec2db5d O /home/capstone/project/test_files/000151.doc
[4620] 3a08e3bfec2db5d O /home/capstone/project/test_files/000407.xls.nnvjxgy
[4620] 3a08e3bfec2db5d C /home/capstone/project/test_files/checkpoints-000407.xls.nnvjxgy
[4620] 3a08e3bfec2db5d O /home/capstone/project/test_files/000631.pdf
[4620] 3a08e3bfec2db5d O /home/capstone/project/test_files/000274.doc
[4620] 3a08e3bfec2db5d O /home/capstone/project/test_files/000768.ps
[4620] 3a08e3bfec2db5d O /home/capstone/project/test_files/000647.txt
[4620] 3a08e3bfec2db5d O /home/capstone/project/test_files/000782.xls
[4620] 3a08e3bfec2db5d O /home/capstone/project/test_files/000827.txt
[4620] 3a08e3bfec2db5d O /home/capstone/project/test_files/000354.pdf
[4620] 3a08e3bfec2db5d O /home/capstone/project/test_files/000772.ps
[4620] 3a08e3bfec2db5d O /home/capstone/project/test_files/000884.jpg
[4620] 3a08e3bfec2db5d O /home/capstone/project/test_files/000040.xls
[4620] 3a08e3bfec2db5d O /home/capstone/project/test_files/000209.html
[4620] 3a08e3bfec2db5d O /home/capstone/project/test_files/000761.pdf
[4620] 3a08e3bfec2db5d O /home/capstone/project/test_files/000227.txt
[4620] 3a08e3bfec2db5d O /home/capstone/project/test_files/000868.jpg
[4620] 3a08e3bfec2db5d O /home/capstone/project/test_files/000298.ppt
[4620] 3a08e3bfec2db5d O /home/capstone/project/test_files/000728.ppt
[4620] 3a08e3bfec2db5d O /home/capstone/project/test_files/000598.html
[4620] 3a08e3bfec2db5d O /home/capstone/project/test_files/000013.pdf
[4620] 3a08e3bfec2db5d O /home/capstone/project/test_files/000591.pdf
[4620] 3a08e3bfec2db5d O /home/capstone/project/test_files/000361.pdf
[4620] 3a08e3bfec2db5d O /home/capstone/project/test_files/000503.txt
[4620] 3a08e3bfec2db5d O /home/capstone/project/test_files/000015.pdf
[4620] 3a08e3bfec2db5d O /home/capstone/project/test_files/000562.pdf
[4620] 3a08e3bfec2db5d O /home/capstone/project/test_files/000816.pdf
[4620] 3a08e3bfec2db5d O /home/capstone/project/test_files/000055.xls
[4620] 3a08e3bfec2db5d O /home/capstone/project/test_files/000303.ppt
[4620] 3a08e3bfec2db5d O /home/capstone/project/test_files/000614.jpg
[4620] 3a08e3bfec2db5d O /home/capstone/project/test_files/000582.pdf
[4620] 3a08e3bfec2db5d O /home/capstone/project/test_files/000921.txt
[4620] 3a08e3bfec2db5d O /home/capstone/project/test_files/000873.jpg
[4620] 3a08e3bfec2db5d O /home/capstone/project/test_files/000928.txt
[4620] 3a08e3bfec2db5d O /home/capstone/project/test_files/000181.ppt
[4620] 3a08e3bfec2db5d O /home/capstone/project/test_files/000738.pdf
[4620] 3a08e3bfec2db5d O /home/capstone/project/test_files/000202.html
[4620] 3a08e3bfec2db5d O /home/capstone/project/test_files/000543.gif
[4620] 3a08e3bfec2db5d O /home/capstone/project/test_files/000264.doc
[4620] 3a08e3bfec2db5d O /home/capstone/project/test_files/000278.doc
[4620] 3a08e3bfec2db5d O /home/capstone/project/test_files/000723.ppt
[4620] 3a08e3bfec2db5d O /home/capstone/project/test_files/000527.gif
[4620] 3a08e3bfec2db5d O /home/capstone/project/test_files/000514.jpg.nnvjxgy
[4620] 3a08e3bfec2db5d C /home/capstone/project/test_files/checkpoints-000514.jpg.nnvjxgy
[4620] 3a08e3bfec2db5d O /home/capstone/project/test_files/000371.pdf.nnvjxgy
[4620] 3a08e3bfec2db5d C /home/capstone/project/test_files/checkpoints-000371.pdf.nnvjxgy
[4620] 3a08e3bfec2db5d O /home/capstone/project/test_files/000814.html
[4620] 3a08e3bfec2db5d O /home/capstone/project/test_files/000783.html
[4620] 3a08e3bfec2db5d D /home/capstone/project/test_files/checkpoints-000766.ps.nnvjxgy
[4620] 3a08e3bfec2db5d O /home/capstone/project/test_files/000858.txt
[4620] 3a08e3bfec2db5d O /home/capstone/project/test_files/000311.ppt
[4620] 3a08e3bfec2db5d O /home/capstone/project/test_files/000904.pdf
[4620] 3a08e3bfec2db5d D /home/capstone/project/test_files/checkpoints-000129.html.nnvjxgy
[4620] 3a08e3bfec2db5d O /home/capstone/project/test_files/000892.html.nnvjxgy
[4620] 3a08e3bfec2db5d C /home/capstone/project/test_files/checkpoints-000892.html.nnvjxgy
[4620] 3a08e3bfec2db5d O /home/capstone/project/test_files/000385.xls
[4620] 3a08e3bfec2db5d D /home/capstone/project/test_files/checkpoints-000362.pdf.nnvjxgy
[4620] 3a08e3bfec2db5d O /home/capstone/project/test_files/000983.ppt
[4620] 3a08e3bfec2db5d O /home/capstone/project/test_files/000694.html
[4620] 3a08e3bfec2db5d O /home/capstone/project/test_files/000474.txt
[4620] 3a08e3bfec2db5d D /home/capstone/project/test_files/checkpoints-000422.html.nnvjxgy
[4620] 3a08e3bfec2db5d D /home/capstone/project/test_files/checkpoints-000872.jpg.nnvjxgy
[4620] 3a08e3bfec2db5d O /home/capstone/project/test_files/000152.pdf
[4620] 3a08e3bfec2db5d O /home/capstone/project/test_files/000644.txt.nnvjxgy
[4620] 3a08e3bfec2db5d C /home/capstone/project/test_files/checkpoints-000644.txt.nnvjxgy
[4620] 3a08e3bfec2db5d O /home/capstone/project/test_files/000315.ppt
[4620] 3a08e3bfec2db5d O /home/capstone/project/test_files/000744.pdf
[4620] 3a08e3bfec2db5d O /home/capstone/project/test_files/000491.txt.nnvjxgy
[4620] 3a08e3bfec2db5d C /home/capstone/project/test_files/checkpoints-000491.txt.nnvjxgy
[4620] 3a08e3bfec2db5d O /home/capstone/project/test_files/000920.txt
[4620] 3a08e3bfec2db5d O /home/capstone/project/test_files/000540.jpg
[4620] 3a08e3bfec2db5d O /home/capstone/project/test_files/000291.ppt
[4620] 3a08e3bfec2db5d O /home/capstone/project/test_files/000674.pdf
[4620] 3a08e3bfec2db5d O /home/capstone/project/test_files/000299.ppt
[4620] 3a08e3bfec2db5d O /home/capstone/project/test_files/000979.doc
[4620] 3a08e3bfec2db5d O /home/capstone/project/test_files/000672.pdf
[4620] 3a08e3bfec2db5d O /home/capstone/project/test_files/000993.ppt
[4620] 3a08e3bfec2db5d O /home/capstone/project/test_files/000712.ppt
[4620] 3a08e3bfec2db5d O /home/capstone/project/test_files/000586.pdf
[4620] 3a08e3bfec2db5d O /home/capstone/project/test_files/000870.jpg
[4620] 3a08e3bfec2db5d D /home/capstone/project/test_files/checkpoints-000943.pdf.nnvjxgy
[4620] 3a08e3bfec2db5d D /home/capstone/project/test_files/checkpoints-000961.doc.nnvjxgy
[4620] 3a08e3bfec2db5d O /home/capstone/project/test_files/000665.txt
[4620] 3a08e3bfec2db5d O /home/capstone/project/test_files/000376.dbase3
[4620] 3a08e3bfec2db5d O /home/capstone/project/test_files/000550.jpg
[4620] 3a08e3bfec2db5d O /home/capstone/project/test_files/000775.xls
[4620] 3a08e3bfec2db5d O /home/capstone/project/test_files/000659.txt
[4620] 3a08e3bfec2db5d D /home/capstone/project/test_files/checkpoints-000926.txt.nnvjxgy
[4620] 3a08e3bfec2db5d O /home/capstone/project/test_files/000336.pdf
[4620] 3a08e3bfec2db5d O /home/capstone/project/test_files/000830.html
[4620] 3a08e3bfec2db5d O /home/capstone/project/test_files/000357.pdf.nnvjxgy
[4620] 3a08e3bfec2db5d C /home/capstone/project/test_files/checkpoints-000357.pdf.nnvjxgy
[4620] 3a08e3bfec2db5d O /home/capstone/project/test_files/000288.ppt.nnvjxgy
[4620] 3a08e3bfec2db5d C /home/capstone/project/test_files/checkpoints-000288.ppt.nnvjxgy
[4620] 3a08e3bfec2db5d D /home/capstone/project/test_files/checkpoints-000469.jpg.nnvjxgy
[4620] 3a08e3bfec2db5d O /home/capstone/project/test_files/000564.csv
[4620] 3a08e3bfec2db5d O /home/capstone/project/test_files/000404.jpg
[4620] 3a08e3bfec2db5d O /home/capstone/project/test_files/000702.ps.nnvjxgy
[4620] 3a08e3bfec2db5d C /home/capstone/project/test_files/checkpoints-000702.ps.nnvjxgy
[4620] 3a08e3bfec2db5d O /home/capstone/project/test_files/000954.pdf
[4620] 3a08e3bfec2db5d O /home/capstone/project/test_files/000210.html
[4620] 3a08e3bfec2db5d O /home/capstone/project/test_files/000831.txt
[4620] 3a08e3bfec2db5d O /home/capstone/project/test_files/000604.html
[4620] 3a08e3bfec2db5d O /home/capstone/project/test_files/000523.png
[4620] 3a08e3bfec2db5d O /home/capstone/project/test_files/000149.pdf
[4620] 3a08e3bfec2db5d O /home/capstone/project/test_files/000684.jpg
[4620] 3a08e3bfec2db5d O /home/capstone/project/test_files/000201.html
[4620] 3a08e3bfec2db5d O /home/capstone/project/test_files/000262.pdf
[4620] 3a08e3bfec2db5d O /home/capstone/project/test_files/000624.txt
[4620] 3a08e3bfec2db5d O /home/capstone/project/test_files/000415.html.nnvjxgy
[4620] 3a08e3bfec2db5d C /home/capstone/project/test_files/checkpoints-000415.html.nnvjxgy
[4620] 3a08e3bfec2db5d D /home/capstone/project/test_files/checkpoints-000677.doc.nnvjxgy
[4620] 3a08e3bfec2db5d O /home/capstone/project/test_files/000907.html
[4620] 3a08e3bfec2db5d O /home/capstone/project/test_files/000688.gif
[4620] 3a08e3bfec2db5d O /home/capstone/project/test_files/000196.pdf
[4620] 3a08e3bfec2db5d O /home/capstone/project/test_files/000790.doc
[4620] 3a08e3bfec2db5d O /home/capstone/project/test_files/000396.xls
[4620] 3a08e3bfec2db5d D /home/capstone/project/test_files/checkpoints-000913.doc.nnvjxgy
[4620] 3a08e3bfec2db5d O /home/capstone/project/test_files/000194.html
[4620] 3a08e3bfec2db5d O /home/capstone/project/test_files/000537.gif
[4620] 3a08e3bfec2db5d D /home/capstone/project/test_files/checkpoints-000745.pdf.nnvjxgy
[4620] 3a08e3bfec2db5d O /home/capstone/project/test_files/000630.pdf
[4620] 3a08e3bfec2db5d O /home/capstone/project/test_files/000312.ppt
[4620] 3a08e3bfec2db5d O /home/capstone/project/test_files/000417.jpg
[4620] 3a08e3bfec2db5d O /home/capstone/project/test_files/000168.pdf
[4620] 3a08e3bfec2db5d O /home/capstone/project/test_files/000252.pdf
[4620] 3a08e3bfec2db5d O /home/capstone/project/test_files/000029.pdf.nnvjxgy
[4620] 3a08e3bfec2db5d C /home/capstone/project/test_files/checkpoints-000029.pdf.nnvjxgy
[4620] 3a08e3bfec2db5d O /home/capstone/project/test_files/000502.txt
[4620] 3a08e3bfec2db5d O /home/capstone/project/test_files/000123.html
[4620] 3a08e3bfec2db5d O /home/capstone/project/test_files/000159.pdf.nnvjxgy
[4620] 3a08e3bfec2db5d C /home/capstone/project/test_files/checkpoints-000159.pdf.nnvjxgy
[4620] 3a08e3bfec2db5d O /home/capstone/project/test_files/000879.jpg.nnvjxgy
[4620] 3a08e3bfec2db5d C /home/capstone/project/test_files/checkpoints-000879.jpg.nnvjxgy
[4620] 3a08e3bfec2db5d O /home/capstone/project/test_files/000755.pdf.nnvjxgy
[4620] 3a08e3bfec2db5d C /home/capstone/project/test_files/checkpoints-000755.pdf.nnvjxgy
[4620] 3a08e3bfec2db5d O /home/capstone/project/test_files/000612.html.nnvjxgy
[4620] 3a08e3bfec2db5d C /home/capstone/project/test_files/checkpoints-000612.html.nnvjxgy
[4620] 3a08e3bfec2db5d D /home/capstone/project/test_files/checkpoints-000171.xls.nnvjxgy
[4620] 3a08e3bfec2db5d O /home/capstone/project/test_files/000471.txt
[4620] 3a08e3bfec2db5d O /home/capstone/project/test_files/000776.xls
[4620] 3a08e3bfec2db5d O /home/capstone/project/test_files/000028.pdf
[4620] 3a08e3bfec2db5d O /home/capstone/project/test_files/000270.pdf
[4620] 3a08e3bfec2db5d O /home/capstone/project/test_files/000373.pdf.nnvjxgy
[4620] 3a08e3bfec2db5d C /home/capstone/project/test_files/checkpoints-000373.pdf.nnvjxgy
[4620] 3a08e3bfec2db5d O /home/capstone/project/test_files/000878.pdf.nnvjxgy
[4620] 3a08e3bfec2db5d C /home/capstone/project/test_files/checkpoints-000878.pdf.nnvjxgy
[4620] 3a08e3bfec2db5d O /home/capstone/project/test_files/000718.gz.nnvjxgy
[4620] 3a08e3bfec2db5d C /home/capstone/project/test_files/checkpoints-000718.gz.nnvjxgy
[4620] 3a08e3bfec2db5d O /home/capstone/project/test_files/000401.xls
[4620] 3a08e3bfec2db5d O /home/capstone/project/test_files/000351.pdf
[4620] 3a08e3bfec2db5d O /home/capstone/project/test_files/000438.html
[4620] 3a08e3bfec2db5d O /home/capstone/project/test_files/000464.txt
[4620] 3a08e3bfec2db5d O /home/capstone/project/test_files/000077.html
[4620] 3a08e3bfec2db5d O /home/capstone/project/test_files/000323.ppt
[4620] 3a08e3bfec2db5d O /home/capstone/project/test_files/000764.csv
[4620] 3a08e3bfec2db5d O /home/capstone/project/test_files/000462.txt
[4620] 3a08e3bfec2db5d O /home/capstone/project/test_files/000770.pdf
[4620] 3a08e3bfec2db5d O /home/capstone/project/test_files/000421.html.nnvjxgy
[4620] 3a08e3bfec2db5d C /home/capstone/project/test_files/checkpoints-000421.html.nnvjxgy
[4620] 3a08e3bfec2db5d O /home/capstone/project/test_files/000826.pdf
[4620] 3a08e3bfec2db5d O /home/capstone/project/test_files/000719.ppt
[4620] 3a08e3bfec2db5d O /home/capstone/project/test_files/000774.ps
[4620] 3a08e3bfec2db5d O /home/capstone/project/test_files/000946.doc
[4620] 3a08e3bfec2db5d O /home/capstone/project/test_files/000635.html
[4620] 3a08e3bfec2db5d O /home/capstone/project/test_files/000120.doc
[4620] 3a08e3bfec2db5d O /home/capstone/project/test_files/000257.rtf
[4620] 3a08e3bfec2db5d O /home/capstone/project/test_files/000147.pdf
[4620] 3a08e3bfec2db5d O /home/capstone/project/test_files/000215.html.nnvjxgy
[4620] 3a08e3bfec2db5d C /home/capstone/project/test_files/checkpoints-000215.html.nnvjxgy
[4620] 3a08e3bfec2db5d O /home/capstone/project/test_files/000836.txt
[4620] 3a08e3bfec2db5d O /home/capstone/project/test_files/000538.gif
[4620] 3a08e3bfec2db5d O /home/capstone/project/test_files/000154.doc
[4620] 3a08e3bfec2db5d O /home/capstone/project/test_files/000484.txt
[4620] 3a08e3bfec2db5d O /home/capstone/project/test_files/000242.jpg.nnvjxgy
[4620] 3a08e3bfec2db5d C /home/capstone/project/test_files/checkpoints-000242.jpg.nnvjxgy
[4620] 3a08e3bfec2db5d O /home/capstone/project/test_files/000200.html.nnvjxgy
[4620] 3a08e3bfec2db5d C /home/capstone/project/test_files/checkpoints-000200.html.nnvjxgy
[4620] 3a08e3bfec2db5d O /home/capstone/project/test_files/000340.pdf
[4620] 3a08e3bfec2db5d O /home/capstone/project/test_files/000185.html
[4620] 3a08e3bfec2db5d O /home/capstone/project/test_files/000001.doc
[4620] 3a08e3bfec2db5d O /home/capstone/project/test_files/000563.gif
[4620] 3a08e3bfec2db5d O /home/capstone/project/test_files/000780.xls
[4620] 3a08e3bfec2db5d O /home/capstone/project/test_files/000316.pdf
[4620] 3a08e3bfec2db5d O /home/capstone/project/test_files/000067.xml
[4620] 3a08e3bfec2db5d O /home/capstone/project/test_files/000126.doc
[4620] 3a08e3bfec2db5d O /home/capstone/project/test_files/000135.pdf
[4620] 3a08e3bfec2db5d O /home/capstone/project/test_files/000293.ppt
[4620] 3a08e3bfec2db5d O /home/capstone/project/test_files/000391.xls.nnvjxgy
[4620] 3a08e3bfec2db5d C /home/capstone/project/test_files/checkpoints-000391.xls.nnvjxgy
[4620] 3a08e3bfec2db5d O /home/capstone/project/test_files/000787.html.nnvjxgy
[4620] 3a08e3bfec2db5d C /home/capstone/project/test_files/checkpoints-000787.html.nnvjxgy
[4620] 3a08e3bfec2db5d O /home/capstone/project/test_files/000263.pdf
[4620] 3a08e3bfec2db5d O /home/capstone/project/test_files/000465.unk.nnvjxgy
[4620] 3a08e3bfec2db5d C /home/capstone/project/test_files/checkpoints-000465.unk.nnvjxgy
[4620] 3a08e3bfec2db5d O /home/capstone/project/test_files/000959.xls.nnvjxgy
[4620] 3a08e3bfec2db5d C /home/capstone/project/test_files/checkpoints-000959.xls.nnvjxgy
[4620] 3a08e3bfec2db5d O /home/capstone/project/test_files/000166.pdf.nnvjxgy
[4620] 3a08e3bfec2db5d C /home/capstone/project/test_files/checkpoints-000166.pdf.nnvjxgy
[4620] 3a08e3bfec2db5d O /home/capstone/project/test_files/000383.xls.nnvjxgy
[4620] 3a08e3bfec2db5d C /home/capstone/project/test_files/checkpoints-000383.xls.nnvjxgy
[4620] 3a08e3bfec2db5d O /home/capstone/project/test_files/000400.jpg.nnvjxgy
[4620] 3a08e3bfec2db5d C /home/capstone/project/test_files/checkpoints-000400.jpg.nnvjxgy
[4620] 3a08e3bfec2db5d O /home/capstone/project/test_files/000402.xls
[4620] 3a08e3bfec2db5d O /home/capstone/project/test_files/000287.doc
[4620] 3a08e3bfec2db5d O /home/capstone/project/test_files/000102.txt
[4620] 3a08e3bfec2db5d O /home/capstone/project/test_files/000205.html
[4620] 3a08e3bfec2db5d O /home/capstone/project/test_files/000824.html
[4620] 3a08e3bfec2db5d O /home/capstone/project/test_files/000042.xls
[4620] 3a08e3bfec2db5d O /home/capstone/project/test_files/000430.html
[4620] 3a08e3bfec2db5d O /home/capstone/project/test_files/000739.pdf
[4620] 3a08e3bfec2db5d O /home/capstone/project/test_files/000932.txt
[4620] 3a08e3bfec2db5d O /home/capstone/project/test_files/000054.xls
[4620] 3a08e3bfec2db5d O /home/capstone/project/test_files/000988.ppt
[4620] 3a08e3bfec2db5d O /home/capstone/project/test_files/000985.ppt
[4620] 3a08e3bfec2db5d O /home/capstone/project/test_files/000636.html
[4620] 3a08e3bfec2db5d O /home/capstone/project/test_files/000035.xls.nnvjxgy
[4620] 3a08e3bfec2db5d C /home/capstone/project/test_files/checkpoints-000035.xls.nnvjxgy
[4620] 3a08e3bfec2db5d O /home/capstone/project/test_files/000036.xls.nnvjxgy
[4620] 3a08e3bfec2db5d C /home/capstone/project/test_files/checkpoints-000036.xls.nnvjxgy
[4620] 3a08e3bfec2db5d O /home/capstone/project/test_files/000453.html.nnvjxgy
[4620] 3a08e3bfec2db5d C /home/capstone/project/test_files/checkpoints-000453.html.nnvjxgy
[4620] 3a08e3bfec2db5d O /home/capstone/project/test_files/000950.doc.nnvjxgy
[4620] 3a08e3bfec2db5d C /home/capstone/project/test_files/checkpoints-000950.doc.nnvjxgy
[4620] 3a08e3bfec2db5d O /home/capstone/project/test_files/000333.pdf
[4620] 3a08e3bfec2db5d O /home/capstone/project/test_files/000281.doc
[4620] 3a08e3bfec2db5d O /home/capstone/project/test_files/000867.jpg
[4620] 3a08e3bfec2db5d O /home/capstone/project/test_files/000220.txt
[4620] 3a08e3bfec2db5d O /home/capstone/project/test_files/000107.jpg
[4620] 3a08e3bfec2db5d O /home/capstone/project/test_files/000229.txt
[4620] 3a08e3bfec2db5d O /home/capstone/project/test_files/000284.txt
[4620] 3a08e3bfec2db5d O /home/capstone/project/test_files/000619.txt
[4620] 3a08e3bfec2db5d O /home/capstone/project/test_files/000898.html
[4620] 3a08e3bfec2db5d O /home/capstone/project/test_files/000678.doc
[4620] 3a08e3bfec2db5d O /home/capstone/project/test_files/000605.pdf
[4620] 3a08e3bfec2db5d O /home/capstone/project/test_files/000016.pdf
[4620] 3a08e3bfec2db5d O /home/capstone/project/test_files/000328.ppt
[4620] 3a08e3bfec2db5d O /home/capstone/project/test_files/000297.ppt
[4620] 3a08e3bfec2db5d O /home/capstone/project/test_files/000801.doc
[4620] 3a08e3bfec2db5d O /home/capstone/project/test_files/000501.txt
[4620] 3a08e3bfec2db5d O /home/capstone/project/test_files/000282.pdf
[4620] 3a08e3bfec2db5d O /home/capstone/project/test_files/000570.pdf
[4620] 3a08e3bfec2db5d O /home/capstone/project/test_files/000593.pdf
[4620] 3a08e3bfec2db5d O /home/capstone/project/test_files/000971.doc
[4620] 3a08e3bfec2db5d O /home/capstone/project/test_files/000553.html
[4620] 3a08e3bfec2db5d O /home/capstone/project/test_files/000973.doc
[4620] 3a08e3bfec2db5d O /home/capstone/project/test_files/000112.wp
[4620] 3a08e3bfec2db5d O /home/capstone/project/test_files/000148.doc
[4620] 3a08e3bfec2db5d O /home/capstone/project/test_files/000245.jpg
[4620] 3a08e3bfec2db5d O /home/capstone/project/test_files/000571.pdf
[4620] 3a08e3bfec2db5d O /home/capstone/project/test_files/000607.html
[4620] 3a08e3bfec2db5d O /home/capstone/project/test_files/000968.jpg
[4620] 3a08e3bfec2db5d O /home/capstone/project/test_files/000505.jpg
[4620] 3a08e3bfec2db5d O /home/capstone/project/test_files/000240.jpg
[4620] 3a08e3bfec2db5d O /home/capstone/project/test_files/000158.doc
[4620] 3a08e3bfec2db5d O /home/capstone/project/test_files/000075.html
[4620] 3a08e3bfec2db5d O /home/capstone/project/test_files/000864.txt
[4620] 3a08e3bfec2db5d O /home/capstone/project/test_files/000575.csv
[4620] 3a08e3bfec2db5d O /home/capstone/project/test_files/000734.ps
[4620] 3a08e3bfec2db5d O /home/capstone/project/test_files/000330.ppt
[4620] 3a08e3bfec2db5d O /home/capstone/project/test_files/000350.pdf
[4620] 3a08e3bfec2db5d O /home/capstone/project/test_files/000486.txt
[4620] 3a08e3bfec2db5d O /home/capstone/project/test_files/000731.ps
[4620] 3a08e3bfec2db5d O /home/capstone/project/test_files/000405.xls
[4620] 3a08e3bfec2db5d O /home/capstone/project/test_files/000622.txt
[4620] 3a08e3bfec2db5d O /home/capstone/project/test_files/000706.doc
[4620] 3a08e3bfec2db5d O /home/capstone/project/test_files/000997.ppt
[4620] 3a08e3bfec2db5d O /home/capstone/project/test_files/000682.jpg
[4620] 3a08e3bfec2db5d O /home/capstone/project/test_files/000429.html
[4620] 3a08e3bfec2db5d O /home/capstone/project/test_files/000124.doc.nnvjxgy
[4620] 3a08e3bfec2db5d C /home/capstone/project/test_files/checkpoints-000124.doc
[4620] 3a08e3bfec2db5d O /home/capstone/project/test_files/000375.xls.nnvjxgy
[4620] 3a08e3bfec2db5d C /home/capstone/project/test_files/checkpoints-000375.xls
[4620] 3a08e3bfec2db5d O /home/capstone/project/test_files/000403.xls.nnvjxgy
[4620] 3a08e3bfec2db5d C /home/capstone/project/test_files/checkpoints-000403.xls
[4620] 3a08e3bfec2db5d O /home/capstone/project/test_files/000010.pdf.nnvjxgy
[4620] 3a08e3bfec2db5d O /home/capstone/project/test_files/000103.txt.nnvjxgy
[4620] 3a08e3bfec2db5d C /home/capstone/project/test_files/checkpoints-000103.txt
[4620] 3a08e3bfec2db5d C /home/capstone/project/test_files/checkpoints-000010.pdf
[4620] 3a08e3bfec2db5d O /home/capstone/project/test_files/000038.xls
[4620] 3a08e3bfec2db5d O /home/capstone/project/test_files/000912.jpg
[4620] 3a08e3bfec2db5d O /home/capstone/project/test_files/000250.doc
[4620] 3a08e3bfec2db5d O /home/capstone/project/test_files/000791.html
[4620] 3a08e3bfec2db5d O /home/capstone/project/test_files/000327.ppt
[4620] 3a08e3bfec2db5d O /home/capstone/project/test_files/000056.html
[4620] 3a08e3bfec2db5d O /home/capstone/project/test_files/000965.doc
[4620] 3a08e3bfec2db5d O /home/capstone/project/test_files/000610.pdf
[4620] 3a08e3bfec2db5d O /home/capstone/project/test_files/000394.xls
[4620] 3a08e3bfec2db5d O /home/capstone/project/test_files/000450.html
[4620] 3a08e3bfec2db5d O /home/capstone/project/test_files/000279.doc
[4620] 3a08e3bfec2db5d O /home/capstone/project/test_files/000459.html
[4620] 3a08e3bfec2db5d O /home/capstone/project/test_files/000100.doc
[4620] 3a08e3bfec2db5d O /home/capstone/project/test_files/000948.doc
[4620] 3a08e3bfec2db5d O /home/capstone/project/test_files/000271.doc
[4620] 3a08e3bfec2db5d O /home/capstone/project/test_files/000136.html
[4620] 3a08e3bfec2db5d O /home/capstone/project/test_files/000821.html
[4620] 3a08e3bfec2db5d O /home/capstone/project/test_files/000408.xls
[4620] 3a08e3bfec2db5d O /home/capstone/project/test_files/000566.pdf
[4620] 3a08e3bfec2db5d O /home/capstone/project/test_files/000235.jpg
[4620] 3a08e3bfec2db5d O /home/capstone/project/test_files/000906.jpg
[4620] 3a08e3bfec2db5d O /home/capstone/project/test_files/000903.jpg
[4620] 3a08e3bfec2db5d O /home/capstone/project/test_files/000024.pdf
[4620] 3a08e3bfec2db5d O /home/capstone/project/test_files/000671.pdf.nnvjxgy
[4620] 3a08e3bfec2db5d C /home/capstone/project/test_files/checkpoints-000671.pdf
[4620] 3a08e3bfec2db5d D /home/capstone/project/test_files/checkpoints-000492.txt.nnvjxgy
[4620] 3a08e3bfec2db5d O /home/capstone/project/test_files/000713.ppt
[4620] 3a08e3bfec2db5d O /home/capstone/project/test_files/000064.html
[4620] 3a08e3bfec2db5d D /home/capstone/project/test_files/checkpoints-000134.ppt.nnvjxgy
[4620] 3a08e3bfec2db5d D /home/capstone/project/test_files/checkpoints-000267.doc.nnvjxgy
[4620] 3a08e3bfec2db5d O /home/capstone/project/test_files/000757.pdf
[4620] 3a08e3bfec2db5d O /home/capstone/project/test_files/000724.ppt.nnvjxgy
[4620] 3a08e3bfec2db5d C /home/capstone/project/test_files/checkpoints-000724.ppt
[4620] 3a08e3bfec2db5d O /home/capstone/project/test_files/000925.txt
[4620] 3a08e3bfec2db5d O /home/capstone/project/test_files/000632.pdf
[4620] 3a08e3bfec2db5d O /home/capstone/project/test_files/000569.pdf
[4620] 3a08e3bfec2db5d O /home/capstone/project/test_files/000555.html
[4620] 3a08e3bfec2db5d O /home/capstone/project/test_files/000111.doc
[4620] 3a08e3bfec2db5d O /home/capstone/project/test_files/000146.pdf
[4620] 3a08e3bfec2db5d O /home/capstone/project/test_files/000302.ppt
[4620] 3a08e3bfec2db5d O /home/capstone/project/test_files/000611.html
[4620] 3a08e3bfec2db5d O /home/capstone/project/test_files/000500.txt
[4620] 3a08e3bfec2db5d O /home/capstone/project/test_files/000344.pdf
[4620] 3a08e3bfec2db5d O /home/capstone/project/test_files/000128.doc
[4620] 3a08e3bfec2db5d O /home/capstone/project/test_files/000448.html
[4620] 3a08e3bfec2db5d O /home/capstone/project/test_files/000639.html
[4620] 3a08e3bfec2db5d O /home/capstone/project/test_files/000008.ppt
[4620] 3a08e3bfec2db5d O /home/capstone/project/test_files/000086.txt
[4620] 3a08e3bfec2db5d O /home/capstone/project/test_files/000041.xls
[4620] 3a08e3bfec2db5d O /home/capstone/project/test_files/000785.html
[4620] 3a08e3bfec2db5d O /home/capstone/project/test_files/000020.pdf
[4620] 3a08e3bfec2db5d O /home/capstone/project/test_files/000011.pdf
[4620] 3a08e3bfec2db5d O /home/capstone/project/test_files/000910.jpg
[4620] 3a08e3bfec2db5d O /home/capstone/project/test_files/000230.txt
[4620] 3a08e3bfec2db5d O /home/capstone/project/test_files/000930.txt
[4620] 3a08e3bfec2db5d O /home/capstone/project/test_files/000031.xls
[4620] 3a08e3bfec2db5d O /home/capstone/project/test_files/000798.html
[4620] 3a08e3bfec2db5d O /home/capstone/project/test_files/000183.html
[4620] 3a08e3bfec2db5d O /home/capstone/project/test_files/000260.doc
[4620] 3a08e3bfec2db5d O /home/capstone/project/test_files/000006.doc
[4620] 3a08e3bfec2db5d O /home/capstone/project/test_files/000470.txt
[4620] 3a08e3bfec2db5d O /home/capstone/project/test_files/000882.pdf
[4620] 3a08e3bfec2db5d O /home/capstone/project/test_files/000048.xls
[4620] 3a08e3bfec2db5d O /home/capstone/project/test_files/000792.html.nnvjxgy
[4620] 3a08e3bfec2db5d C /home/capstone/project/test_files/checkpoints-000792.html
[4620] 3a08e3bfec2db5d O /home/capstone/project/test_files/000651.txt.nnvjxgy
[4620] 3a08e3bfec2db5d C /home/capstone/project/test_files/checkpoints-000651.txt.nnvjxgy
[4620] 3a08e3bfec2db5d O /home/capstone/project/test_files/000606.pdf
[4620] 3a08e3bfec2db5d O /home/capstone/project/test_files/000211.html
[4620] 3a08e3bfec2db5d O /home/capstone/project/test_files/000157.pdf
[4620] 3a08e3bfec2db5d O /home/capstone/project/test_files/000347.pdf
[4620] 3a08e3bfec2db5d O /home/capstone/project/test_files/000116.doc
[4620] 3a08e3bfec2db5d O /home/capstone/project/test_files/000896.jpg
[4620] 3a08e3bfec2db5d O /home/capstone/project/test_files/000037.xls
[4620] 3a08e3bfec2db5d O /home/capstone/project/test_files/000515.jpg
[4620] 3a08e3bfec2db5d O /home/capstone/project/test_files/000497.xml
[4620] 3a08e3bfec2db5d O /home/capstone/project/test_files/000143.pdf
[4620] 3a08e3bfec2db5d O /home/capstone/project/test_files/000187.pdf
[4620] 3a08e3bfec2db5d O /home/capstone/project/test_files/000847.txt
[4620] 3a08e3bfec2db5d O /home/capstone/project/test_files/000081.txt
[4620] 3a08e3bfec2db5d O /home/capstone/project/test_files/000846.txt
[4620] 3a08e3bfec2db5d O /home/capstone/project/test_files/000043.xls.nnvjxgy
[4620] 3a08e3bfec2db5d C /home/capstone/project/test_files/checkpoints-000043.xls
[4620] 3a08e3bfec2db5d D /home/capstone/project/test_files/checkpoints-000603.jpg.nnvjxgy
[4620] 3a08e3bfec2db5d D /home/capstone/project/test_files/checkpoints-000414.html.nnvjxgy
[4620] 3a08e3bfec2db5d D /home/capstone/project/test_files/checkpoints-000657.txt.nnvjxgy
[4620] 3a08e3bfec2db5d O /home/capstone/project/test_files/000576.csv.nnvjxgy
[4620] 3a08e3bfec2db5d C /home/capstone/project/test_files/checkpoints-000576.csv.nnvjxgy
[4620] 3a08e3bfec2db5d O /home/capstone/project/test_files/000466.unk
[4620] 3a08e3bfec2db5d O /home/capstone/project/test_files/000963.doc
[4620] 3a08e3bfec2db5d O /home/capstone/project/test_files/000145.pdf
[4620] 3a08e3bfec2db5d O /home/capstone/project/test_files/000151.doc
[4620] 3a08e3bfec2db5d O /home/capstone/project/test_files/000274.doc
[4620] 3a08e3bfec2db5d O /home/capstone/project/test_files/000647.txt
[4620] 3a08e3bfec2db5d O /home/capstone/project/test_files/000772.ps
[4620] 3a08e3bfec2db5d O /home/capstone/project/test_files/000884.jpg
[4620] 3a08e3bfec2db5d O /home/capstone/project/test_files/000761.pdf
[4620] 3a08e3bfec2db5d O /home/capstone/project/test_files/000868.jpg
[4620] 3a08e3bfec2db5d O /home/capstone/project/test_files/000591.pdf
[4620] 3a08e3bfec2db5d O /home/capstone/project/test_files/000503.txt
[4620] 3a08e3bfec2db5d O /home/capstone/project/test_files/000562.pdf
[4620] 3a08e3bfec2db5d O /home/capstone/project/test_files/000614.jpg
[4620] 3a08e3bfec2db5d O /home/capstone/project/test_files/000921.txt
[4620] 3a08e3bfec2db5d D /home/capstone/project/test_files/checkpoints-000899.pdf.nnvjxgy
[4620] 3a08e3bfec2db5d O /home/capstone/project/test_files/000370.pdf.nnvjxgy
[4620] 3a08e3bfec2db5d C /home/capstone/project/test_files/checkpoints-000370.pdf
[4620] 3a08e3bfec2db5d O /home/capstone/project/test_files/000446.html.nnvjxgy
[4620] 3a08e3bfec2db5d C /home/capstone/project/test_files/checkpoints-000446.html
[4620] 3a08e3bfec2db5d O /home/capstone/project/test_files/000522.gif.nnvjxgy
[4620] 3a08e3bfec2db5d C /home/capstone/project/test_files/checkpoints-000522.gif
[4620] 3a08e3bfec2db5d O /home/capstone/project/test_files/000573.swf.nnvjxgy
[4620] 3a08e3bfec2db5d C /home/capstone/project/test_files/checkpoints-000573.swf
[4620] 3a08e3bfec2db5d O /home/capstone/project/test_files/000897.jpg.nnvjxgy
[4620] 3a08e3bfec2db5d C /home/capstone/project/test_files/checkpoints-000897.jpg
[4620] 3a08e3bfec2db5d O /home/capstone/project/test_files/000276.doc.nnvjxgy
[4620] 3a08e3bfec2db5d C /home/capstone/project/test_files/checkpoints-000276.doc
[4620] 3a08e3bfec2db5d O /home/capstone/project/test_files/000061.html.nnvjxgy
[4620] 3a08e3bfec2db5d C /home/capstone/project/test_files/checkpoints-000061.html
[4620] 3a08e3bfec2db5d O /home/capstone/project/test_files/000447.html.nnvjxgy
[4620] 3a08e3bfec2db5d C /home/capstone/project/test_files/checkpoints-000447.html
[4620] 3a08e3bfec2db5d D /home/capstone/project/test_files/checkpoints-000595.pdf.nnvjxgy
[4620] 3a08e3bfec2db5d O /home/capstone/project/test_files/000161.pdf.nnvjxgy
[4620] 3a08e3bfec2db5d C /home/capstone/project/test_files/checkpoints-000161.pdf
[4620] 3a08e3bfec2db5d O /home/capstone/project/test_files/000859.pdf.nnvjxgy
[4620] 3a08e3bfec2db5d C /home/capstone/project/test_files/checkpoints-000859.pdf.nnvjxgy
[4620] 3a08e3bfec2db5d O /home/capstone/project/test_files/000944.doc.nnvjxgy
[4620] 3a08e3bfec2db5d C /home/capstone/project/test_files/checkpoints-000944.doc
[4620] 3a08e3bfec2db5d O /home/capstone/project/test_files/000900.jpg.nnvjxgy
[4620] 3a08e3bfec2db5d C /home/capstone/project/test_files/checkpoints-000900.jpg
[4620] 3a08e3bfec2db5d D /home/capstone/project/test_files/checkpoints-000063.html.nnvjxgy
[4620] 3a08e3bfec2db5d O /home/capstone/project/test_files/000952.doc.nnvjxgy
[4620] 3a08e3bfec2db5d C /home/capstone/project/test_files/checkpoints-000952.doc.nnvjxgy
[4620] 3a08e3bfec2db5d O /home/capstone/project/test_files/000741.log.nnvjxgy
[4620] 3a08e3bfec2db5d C /home/capstone/project/test_files/checkpoints-000741.log
[4620] 3a08e3bfec2db5d D /home/capstone/project/test_files/checkpoints-000399.xls.nnvjxgy
[4620] 3a08e3bfec2db5d D /home/capstone/project/test_files/checkpoints-000052.xls.nnvjxgy
[4620] 3a08e3bfec2db5d D /home/capstone/project/test_files/checkpoints-000339.pdf.nnvjxgy
[4620] 3a08e3bfec2db5d D /home/capstone/project/test_files/checkpoints-000369.pdf.nnvjxgy
[4620] 3a08e3bfec2db5d O /home/capstone/project/test_files/000275.doc.nnvjxgy
[4620] 3a08e3bfec2db5d C /home/capstone/project/test_files/checkpoints-000275.doc.nnvjxgy
[4620] 3a08e3bfec2db5d O /home/capstone/project/test_files/000650.txt.nnvjxgy
[4620] 3a08e3bfec2db5d C /home/capstone/project/test_files/checkpoints-000650.txt.nnvjxgy
[4620] 3a08e3bfec2db5d D /home/capstone/project/test_files/checkpoints-000526.gif.nnvjxgy
[4620] 3a08e3bfec2db5d O /home/capstone/project/test_files/000295.ppt.nnvjxgy
[4620] 3a08e3bfec2db5d C /home/capstone/project/test_files/checkpoints-000295.ppt.nnvjxgy
[4620] 3a08e3bfec2db5d D /home/capstone/project/test_files/checkpoints-000478.txt.nnvjxgy
[4620] 3a08e3bfec2db5d D /home/capstone/project/test_files/checkpoints-000190.html.nnvjxgy
[4620] 3a08e3bfec2db5d O /home/capstone/project/test_files/000144.doc.nnvjxgy
[4620] 3a08e3bfec2db5d C /home/capstone/project/test_files/checkpoints-000144.doc.nnvjxgy
[4620] 3a08e3bfec2db5d D /home/capstone/project/test_files/checkpoints-000862.txt.nnvjxgy
[4620] 3a08e3bfec2db5d D /home/capstone/project/test_files/checkpoints-000813.pdf.nnvjxgy
[4620] 3a08e3bfec2db5d D /home/capstone/project/test_files/checkpoints-000800.html.nnvjxgy
[4620] 3a08e3bfec2db5d O /home/capstone/project/test_files/000655.txt.nnvjxgy
[4620] 3a08e3bfec2db5d C /home/capstone/project/test_files/checkpoints-000655.txt.nnvjxgy
[4620] 3a08e3bfec2db5d O /home/capstone/project/test_files/000532.jpg.nnvjxgy
[4620] 3a08e3bfec2db5d C /home/capstone/project/test_files/checkpoints-000532.jpg.nnvjxgy
[4620] 3a08e3bfec2db5d D /home/capstone/project/test_files/checkpoints-000479.txt.nnvjxgy
[4620] 3a08e3bfec2db5d D /home/capstone/project/test_files/checkpoints-000693.doc.nnvjxgy
[4620] 3a08e3bfec2db5d D /home/capstone/project/test_files/checkpoints-000089.txt.nnvjxgy
[4620] 3a08e3bfec2db5d O /home/capstone/project/test_files/000967.doc.nnvjxgy
[4620] 3a08e3bfec2db5d C /home/capstone/project/test_files/checkpoints-000967.doc.nnvjxgy
[4620] 3a08e3bfec2db5d D /home/capstone/project/test_files/checkpoints-000246.jpg.nnvjxgy
[4620] 3a08e3bfec2db5d O /home/capstone/project/test_files/000088.txt.nnvjxgy
[4620] 3a08e3bfec2db5d C /home/capstone/project/test_files/checkpoints-000088.txt.nnvjxgy
[4620] 3a08e3bfec2db5d D /home/capstone/project/test_files/checkpoints-000535.jpg.nnvjxgy
[4620] 3a08e3bfec2db5d O /home/capstone/project/test_files/000646.txt.nnvjxgy
[4620] 3a08e3bfec2db5d C /home/capstone/project/test_files/checkpoints-000646.txt.nnvjxgy
[4620] 3a08e3bfec2db5d D /home/capstone/project/test_files/checkpoints-000436.html.nnvjxgy
[4620] 3a08e3bfec2db5d O /home/capstone/project/test_files/000885.pdf.nnvjxgy
[4620] 3a08e3bfec2db5d C /home/capstone/project/test_files/checkpoints-000885.pdf.nnvjxgy
[4620] 3a08e3bfec2db5d O /home/capstone/project/test_files/000975.xml.nnvjxgy
[4620] 3a08e3bfec2db5d C /home/capstone/project/test_files/checkpoints-000975.xml.nnvjxgy
[4620] 3a08e3bfec2db5d D /home/capstone/project/test_files/checkpoints-000781.xls.nnvjxgy
[4620] 3a08e3bfec2db5d D /home/capstone/project/test_files/checkpoints-000074.html.nnvjxgy
[4620] 3a08e3bfec2db5d O /home/capstone/project/test_files/000243.jpg.nnvjxgy
[4620] 3a08e3bfec2db5d C /home/capstone/project/test_files/checkpoints-000243.jpg.nnvjxgy
[4620] 3a08e3bfec2db5d O /home/capstone/project/test_files/000068.html.nnvjxgy
[4620] 3a08e3bfec2db5d C /home/capstone/project/test_files/checkpoints-000068.html.nnvjxgy
[4620] 3a08e3bfec2db5d O /home/capstone/project/test_files/000387.txt.nnvjxgy
[4620] 3a08e3bfec2db5d C /home/capstone/project/test_files/checkpoints-000387.txt.nnvjxgy
[4620] 3a08e3bfec2db5d O /home/capstone/project/test_files/000046.xls.nnvjxgy
[4620] 3a08e3bfec2db5d C /home/capstone/project/test_files/checkpoints-000046.xls.nnvjxgy
[4620] 3a08e3bfec2db5d O /home/capstone/project/test_files/000195.html.nnvjxgy
[4620] 3a08e3bfec2db5d C /home/capstone/project/test_files/checkpoints-000195.html.nnvjxgy
[4620] 3a08e3bfec2db5d O /home/capstone/project/test_files/000996.ps.nnvjxgy
[4620] 3a08e3bfec2db5d C /home/capstone/project/test_files/checkpoints-000996.ps.nnvjxgy
[4620] 3a08e3bfec2db5d O /home/capstone/project/test_files/000217.html.nnvjxgy
[4620] 3a08e3bfec2db5d C /home/capstone/project/test_files/checkpoints-000217.html.nnvjxgy
[4620] 3a08e3bfec2db5d O /home/capstone/project/test_files/000058.html.nnvjxgy
[4620] 3a08e3bfec2db5d C /home/capstone/project/test_files/checkpoints-000058.html
[4620] 3a08e3bfec2db5d O /home/capstone/project/test_files/000133.ppt.nnvjxgy
[4620] 3a08e3bfec2db5d C /home/capstone/project/test_files/checkpoints-000133.ppt
[4620] 3a08e3bfec2db5d O /home/capstone/project/test_files/000691.doc.nnvjxgy
[4620] 3a08e3bfec2db5d C /home/capstone/project/test_files/checkpoints-000691.doc
[4620] 3a08e3bfec2db5d O /home/capstone/project/test_files/000335.xml.nnvjxgy
[4620] 3a08e3bfec2db5d C /home/capstone/project/test_files/checkpoints-000335.xml
[4620] 3a08e3bfec2db5d O /home/capstone/project/test_files/000445.html.nnvjxgy
[4620] 3a08e3bfec2db5d C /home/capstone/project/test_files/checkpoints-000445.html
[4620] 3a08e3bfec2db5d O /home/capstone/project/test_files/000817.pdf.nnvjxgy
[4620] 3a08e3bfec2db5d C /home/capstone/project/test_files/checkpoints-000817.pdf
[4620] 3a08e3bfec2db5d O /home/capstone/project/test_files/000732.ppt.nnvjxgy
[4620] 3a08e3bfec2db5d C /home/capstone/project/test_files/checkpoints-000732.ppt
[4620] 3a08e3bfec2db5d O /home/capstone/project/test_files/000777.xls.nnvjxgy
[4620] 3a08e3bfec2db5d C /home/capstone/project/test_files/checkpoints-000777.xls
[4620] 3a08e3bfec2db5d O /home/capstone/project/test_files/000788.doc.nnvjxgy
[4620] 3a08e3bfec2db5d C /home/capstone/project/test_files/checkpoints-000788.doc
[4620] 3a08e3bfec2db5d O /home/capstone/project/test_files/000740.html.nnvjxgy
[4620] 3a08e3bfec2db5d C /home/capstone/project/test_files/checkpoints-000740.html
[4620] 3a08e3bfec2db5d O /home/capstone/project/test_files/000700.xml.nnvjxgy
[4620] 3a08e3bfec2db5d C /home/capstone/project/test_files/checkpoints-000700.xml
[4620] 3a08e3bfec2db5d O /home/capstone/project/test_files/000853.pdf.nnvjxgy
[4620] 3a08e3bfec2db5d C /home/capstone/project/test_files/checkpoints-000853.pdf
[4620] 3a08e3bfec2db5d O /home/capstone/project/test_files/000828.txt.nnvjxgy
[4620] 3a08e3bfec2db5d C /home/capstone/project/test_files/checkpoints-000828.txt
[4620] 3a08e3bfec2db5d O /home/capstone/project/test_files/000313.ppt.nnvjxgy
[4620] 3a08e3bfec2db5d C /home/capstone/project/test_files/checkpoints-000313.ppt
[4620] 3a08e3bfec2db5d O /home/capstone/project/test_files/000214.html.nnvjxgy
[4620] 3a08e3bfec2db5d C /home/capstone/project/test_files/checkpoints-000214.html
[4620] 3a08e3bfec2db5d O /home/capstone/project/test_files/000005.doc.nnvjxgy
[4620] 3a08e3bfec2db5d C /home/capstone/project/test_files/checkpoints-000005.doc
[4620] 3a08e3bfec2db5d O /home/capstone/project/test_files/000620.txt.nnvjxgy
[4620] 3a08e3bfec2db5d C /home/capstone/project/test_files/checkpoints-000620.txt
[4620] 3a08e3bfec2db5d O /home/capstone/project/test_files/000125.doc.nnvjxgy
[4620] 3a08e3bfec2db5d C /home/capstone/project/test_files/checkpoints-000125.doc
[4620] 3a08e3bfec2db5d O /home/capstone/project/test_files/000565.csv.nnvjxgy
[4620] 3a08e3bfec2db5d C /home/capstone/project/test_files/checkpoints-000565.csv
[4620] 3a08e3bfec2db5d O /home/capstone/project/test_files/000308.ppt.nnvjxgy
[4620] 3a08e3bfec2db5d C /home/capstone/project/test_files/checkpoints-000308.ppt
[4620] 3a08e3bfec2db5d O /home/capstone/project/test_files/000019.pdf.nnvjxgy
[4620] 3a08e3bfec2db5d C /home/capstone/project/test_files/checkpoints-000019.pdf
[4620] 3a08e3bfec2db5d O /home/capstone/project/test_files/000779.xls.nnvjxgy
[4620] 3a08e3bfec2db5d C /home/capstone/project/test_files/checkpoints-000779.xls
[4620] 3a08e3bfec2db5d O /home/capstone/project/test_files/000955.pdf.nnvjxgy
[4620] 3a08e3bfec2db5d C /home/capstone/project/test_files/checkpoints-000955.pdf
[4620] 3a08e3bfec2db5d O /home/capstone/project/test_files/000268.doc.nnvjxgy
[4620] 3a08e3bfec2db5d C /home/capstone/project/test_files/checkpoints-000268.doc
[4620] 3a08e3bfec2db5d O /home/capstone/project/test_files/000219.txt.nnvjxgy
[4620] 3a08e3bfec2db5d C /home/capstone/project/test_files/checkpoints-000219.txt
[4620] 3a08e3bfec2db5d O /home/capstone/project/test_files/000579.gz.nnvjxgy
[4620] 3a08e3bfec2db5d C /home/capstone/project/test_files/checkpoints-000579.gz
[4620] 3a08e3bfec2db5d O /home/capstone/project/test_files/000254.doc.nnvjxgy
[4620] 3a08e3bfec2db5d C /home/capstone/project/test_files/checkpoints-000254.doc
[4620] 3a08e3bfec2db5d O /home/capstone/project/test_files/000113.doc.nnvjxgy
[4620] 3a08e3bfec2db5d C /home/capstone/project/test_files/checkpoints-000113.doc
[4620] 3a08e3bfec2db5d O /home/capstone/project/test_files/000807.pdf.nnvjxgy
[4620] 3a08e3bfec2db5d C /home/capstone/project/test_files/checkpoints-000807.pdf
[4620] 3a08e3bfec2db5d O /home/capstone/project/test_files/000106.txt.nnvjxgy
[4620] 3a08e3bfec2db5d C /home/capstone/project/test_files/checkpoints-000106.txt
[4620] 3a08e3bfec2db5d O /home/capstone/project/test_files/000893.html.nnvjxgy
[4620] 3a08e3bfec2db5d C /home/capstone/project/test_files/checkpoints-000893.html
[4620] 3a08e3bfec2db5d O /home/capstone/project/test_files/000472.txt.nnvjxgy
[4620] 3a08e3bfec2db5d C /home/capstone/project/test_files/checkpoints-000472.txt
[4620] 3a08e3bfec2db5d O /home/capstone/project/test_files/000411.html.nnvjxgy
[4620] 3a08e3bfec2db5d C /home/capstone/project/test_files/checkpoints-000411.html
[4620] 3a08e3bfec2db5d O /home/capstone/project/test_files/000427.html.nnvjxgy
[4620] 3a08e3bfec2db5d C /home/capstone/project/test_files/checkpoints-000427.html
[4620] 3a08e3bfec2db5d O /home/capstone/project/test_files/000909.jpg.nnvjxgy
[4620] 3a08e3bfec2db5d C /home/capstone/project/test_files/checkpoints-000909.jpg
[4620] 3a08e3bfec2db5d O /home/capstone/project/test_files/000176.pdf.nnvjxgy
[4620] 3a08e3bfec2db5d C /home/capstone/project/test_files/checkpoints-000176.pdf
[4620] 3a08e3bfec2db5d O /home/capstone/project/test_files/000510.jpg.nnvjxgy
[4620] 3a08e3bfec2db5d C /home/capstone/project/test_files/checkpoints-000510.jpg
[4620] 3a08e3bfec2db5d O /home/capstone/project/test_files/000141.pdf.nnvjxgy
[4620] 3a08e3bfec2db5d C /home/capstone/project/test_files/checkpoints-000141.pdf
[4620] 3a08e3bfec2db5d O /home/capstone/project/test_files/000613.html.nnvjxgy
[4620] 3a08e3bfec2db5d C /home/capstone/project/test_files/checkpoints-000613.html
[4620] 3a08e3bfec2db5d O /home/capstone/project/test_files/000356.pdf.nnvjxgy
[4620] 3a08e3bfec2db5d C /home/capstone/project/test_files/checkpoints-000356.pdf
[4620] 3a08e3bfec2db5d O /home/capstone/project/test_files/000911.doc.nnvjxgy
[4620] 3a08e3bfec2db5d C /home/capstone/project/test_files/checkpoints-000911.doc
[4620] 3a08e3bfec2db5d O /home/capstone/project/test_files/000259.doc.nnvjxgy
[4620] 3a08e3bfec2db5d C /home/capstone/project/test_files/checkpoints-000259.doc
[4620] 3a08e3bfec2db5d O /home/capstone/project/test_files/000704.xml.nnvjxgy
[4620] 3a08e3bfec2db5d C /home/capstone/project/test_files/checkpoints-000704.xml
[4620] 3a08e3bfec2db5d O /home/capstone/project/test_files/000051.xls.nnvjxgy
[4620] 3a08e3bfec2db5d C /home/capstone/project/test_files/checkpoints-000051.xls
[4620] 3a08e3bfec2db5d O /home/capstone/project/test_files/000648.txt.nnvjxgy
[4620] 3a08e3bfec2db5d C /home/capstone/project/test_files/checkpoints-000648.txt
[4620] 3a08e3bfec2db5d O /home/capstone/project/test_files/000178.html.nnvjxgy
[4620] 3a08e3bfec2db5d C /home/capstone/project/test_files/checkpoints-000178.html
[4620] 3a08e3bfec2db5d O /home/capstone/project/test_files/000114.doc.nnvjxgy
[4620] 3a08e3bfec2db5d C /home/capstone/project/test_files/checkpoints-000114.doc
[4620] 3a08e3bfec2db5d O /home/capstone/project/test_files/000599.html.nnvjxgy
[4620] 3a08e3bfec2db5d C /home/capstone/project/test_files/checkpoints-000599.html
[4620] 3a08e3bfec2db5d O /home/capstone/project/test_files/000947.html.nnvjxgy
[4620] 3a08e3bfec2db5d C /home/capstone/project/test_files/checkpoints-000947.html
[4620] 3a08e3bfec2db5d O /home/capstone/project/test_files/000435.html.nnvjxgy
[4620] 3a08e3bfec2db5d C /home/capstone/project/test_files/checkpoints-000435.html
[4620] 3a08e3bfec2db5d O /home/capstone/project/test_files/000749.html.nnvjxgy
[4620] 3a08e3bfec2db5d C /home/capstone/project/test_files/checkpoints-000749.html
[4620] 3a08e3bfec2db5d O /home/capstone/project/test_files/000891.html.nnvjxgy
[4620] 3a08e3bfec2db5d C /home/capstone/project/test_files/checkpoints-000891.html
[4620] 3a08e3bfec2db5d O /home/capstone/project/test_files/000251.pdf.nnvjxgy
[4620] 3a08e3bfec2db5d C /home/capstone/project/test_files/checkpoints-000251.pdf
[4620] 3a08e3bfec2db5d O /home/capstone/project/test_files/000980.ps.nnvjxgy
[4620] 3a08e3bfec2db5d C /home/capstone/project/test_files/checkpoints-000980.ps
[4620] 3a08e3bfec2db5d O /home/capstone/project/test_files/000073.html.nnvjxgy
[4620] 3a08e3bfec2db5d C /home/capstone/project/test_files/checkpoints-000073.html
[4620] 3a08e3bfec2db5d O /home/capstone/project/test_files/000797.html.nnvjxgy
[4620] 3a08e3bfec2db5d C /home/capstone/project/test_files/checkpoints-000797.html
[4620] 3a08e3bfec2db5d O /home/capstone/project/test_files/000490.txt.nnvjxgy
[4620] 3a08e3bfec2db5d C /home/capstone/project/test_files/checkpoints-000490.txt
[4620] 3a08e3bfec2db5d O /home/capstone/project/test_files/000552.html.nnvjxgy
[4620] 3a08e3bfec2db5d C /home/capstone/project/test_files/checkpoints-000552.html
[4620] 3a08e3bfec2db5d O /home/capstone/project/test_files/000140.pdf.nnvjxgy
[4620] 3a08e3bfec2db5d C /home/capstone/project/test_files/checkpoints-000140.pdf
[4620] 3a08e3bfec2db5d O /home/capstone/project/test_files/000941.txt.nnvjxgy
[4620] 3a08e3bfec2db5d C /home/capstone/project/test_files/checkpoints-000941.txt
[4620] 3a08e3bfec2db5d O /home/capstone/project/test_files/000367.pdf.nnvjxgy
[4620] 3a08e3bfec2db5d C /home/capstone/project/test_files/checkpoints-000367.pdf
[4620] 3a08e3bfec2db5d O /home/capstone/project/test_files/000329.ppt.nnvjxgy
[4620] 3a08e3bfec2db5d C /home/capstone/project/test_files/checkpoints-000329.ppt
[4620] 3a08e3bfec2db5d O /home/capstone/project/test_files/000454.html.nnvjxgy
[4620] 3a08e3bfec2db5d C /home/capstone/project/test_files/checkpoints-000454.html
[4620] 3a08e3bfec2db5d O /home/capstone/project/test_files/000869.jpg.nnvjxgy
[4620] 3a08e3bfec2db5d O /home/capstone/project/test_files/000169.ppt.nnvjxgy
[4620] 3a08e3bfec2db5d C /home/capstone/project/test_files/checkpoints-000169.ppt
[4620] 3a08e3bfec2db5d C /home/capstone/project/test_files/checkpoints-000869.jpg
[4620] 3a08e3bfec2db5d O /home/capstone/project/test_files/000559.ppt.nnvjxgy
[4620] 3a08e3bfec2db5d C /home/capstone/project/test_files/checkpoints-000559.ppt
[4620] 3a08e3bfec2db5d O /home/capstone/project/test_files/000504.txt.nnvjxgy
[4620] 3a08e3bfec2db5d C /home/capstone/project/test_files/checkpoints-000504.txt
[4620] 3a08e3bfec2db5d O /home/capstone/project/test_files/000838.pdf.nnvjxgy
[4620] 3a08e3bfec2db5d O /home/capstone/project/test_files/000690.csv.nnvjxgy
[4620] 3a08e3bfec2db5d C /home/capstone/project/test_files/checkpoints-000690.csv
[4620] 3a08e3bfec2db5d O /home/capstone/project/test_files/000649.txt.nnvjxgy
[4620] 3a08e3bfec2db5d C /home/capstone/project/test_files/checkpoints-000649.txt
[4620] 3a08e3bfec2db5d C /home/capstone/project/test_files/checkpoints-000838.pdf
[4620] 3a08e3bfec2db5d O /home/capstone/project/test_files/000964.doc.nnvjxgy
[4620] 3a08e3bfec2db5d C /home/capstone/project/test_files/checkpoints-000964.doc
[4620] 3a08e3bfec2db5d O /home/capstone/project/test_files/000874.jpg.nnvjxgy
[4620] 3a08e3bfec2db5d C /home/capstone/project/test_files/checkpoints-000874.jpg
[4620] 3a08e3bfec2db5d O /home/capstone/project/test_files/000105.txt.nnvjxgy
[4620] 3a08e3bfec2db5d C /home/capstone/project/test_files/checkpoints-000105.txt
[4620] 3a08e3bfec2db5d O /home/capstone/project/test_files/000818.pdf.nnvjxgy
[4620] 3a08e3bfec2db5d C /home/capstone/project/test_files/checkpoints-000818.pdf
[4620] 3a08e3bfec2db5d O /home/capstone/project/test_files/000179.html.nnvjxgy
[4620] 3a08e3bfec2db5d C /home/capstone/project/test_files/checkpoints-000179.html
[4620] 3a08e3bfec2db5d D /home/capstone/project/test_files/checkpoints-000164.pdf.nnvjxgy
[4620] 3a08e3bfec2db5d O /home/capstone/project/test_files/000283.doc.nnvjxgy
[4620] 3a08e3bfec2db5d O /home/capstone/project/test_files/000115.wp.nnvjxgy
[4620] 3a08e3bfec2db5d C /home/capstone/project/test_files/checkpoints-000115.wp.nnvjxgy
[4620] 3a08e3bfec2db5d C /home/capstone/project/test_files/checkpoints-000283.doc.nnvjxgy
[4620] 3a08e3bfec2db5d O /home/capstone/project/test_files/000637.html.nnvjxgy
[4620] 3a08e3bfec2db5d C /home/capstone/project/test_files/checkpoints-000637.html
[4620] 3a08e3bfec2db5d D /home/capstone/project/test_files/checkpoints-000173.html.nnvjxgy
[4620] 3a08e3bfec2db5d O /home/capstone/project/test_files/000589.pdf.nnvjxgy
[4620] 3a08e3bfec2db5d C /home/capstone/project/test_files/checkpoints-000589.pdf.nnvjxgy
[4620] 3a08e3bfec2db5d D /home/capstone/project/test_files/checkpoints-000239.jpg.nnvjxgy
[4620] 3a08e3bfec2db5d O /home/capstone/project/test_files/000837.txt.nnvjxgy
[4620] 3a08e3bfec2db5d C /home/capstone/project/test_files/checkpoints-000837.txt.nnvjxgy
[4620] 3a08e3bfec2db5d O /home/capstone/project/test_files/000760.pdf.nnvjxgy
[4620] 3a08e3bfec2db5d C /home/capstone/project/test_files/checkpoints-000760.pdf
[4620] 3a08e3bfec2db5d O /home/capstone/project/test_files/000524.jpg.nnvjxgy
[4620] 3a08e3bfec2db5d C /home/capstone/project/test_files/checkpoints-000524.jpg
[4620] 3a08e3bfec2db5d O /home/capstone/project/test_files/000917.html.nnvjxgy
[4620] 3a08e3bfec2db5d C /home/capstone/project/test_files/checkpoints-000917.html
[4620] 3a08e3bfec2db5d O /home/capstone/project/test_files/000420.html.nnvjxgy
[4620] 3a08e3bfec2db5d C /home/capstone/project/test_files/checkpoints-000420.html
[4620] 3a08e3bfec2db5d O /home/capstone/project/test_files/000578.pdf.nnvjxgy
[4620] 3a08e3bfec2db5d C /home/capstone/project/test_files/checkpoints-000578.pdf
[4620] 3a08e3bfec2db5d O /home/capstone/project/test_files/000520.gif.nnvjxgy
[4620] 3a08e3bfec2db5d C /home/capstone/project/test_files/checkpoints-000520.gif
[4620] 3a08e3bfec2db5d O /home/capstone/project/test_files/000338.pdf.nnvjxgy
[4620] 3a08e3bfec2db5d C /home/capstone/project/test_files/checkpoints-000338.pdf
[4620] 3a08e3bfec2db5d O /home/capstone/project/test_files/000364.pdf.nnvjxgy
[4620] 3a08e3bfec2db5d C /home/capstone/project/test_files/checkpoints-000364.pdf
[4620] 3a08e3bfec2db5d O /home/capstone/project/test_files/000261.doc.nnvjxgy
[4620] 3a08e3bfec2db5d C /home/capstone/project/test_files/checkpoints-000261.doc
[4620] 3a08e3bfec2db5d O /home/capstone/project/test_files/000871.jpg.nnvjxgy
[4620] 3a08e3bfec2db5d C /home/capstone/project/test_files/checkpoints-000871.jpg
[4620] 3a08e3bfec2db5d O /home/capstone/project/test_files/000551.jpg.nnvjxgy
[4620] 3a08e3bfec2db5d C /home/capstone/project/test_files/checkpoints-000551.jpg
[4620] 3a08e3bfec2db5d O /home/capstone/project/test_files/000199.html.nnvjxgy
[4620] 3a08e3bfec2db5d C /home/capstone/project/test_files/checkpoints-000199.html
[4620] 3a08e3bfec2db5d O /home/capstone/project/test_files/000835.txt.nnvjxgy
[4620] 3a08e3bfec2db5d C /home/capstone/project/test_files/checkpoints-000835.txt
[4620] 3a08e3bfec2db5d O /home/capstone/project/test_files/000596.pdf.nnvjxgy
[4620] 3a08e3bfec2db5d C /home/capstone/project/test_files/checkpoints-000596.pdf
[4620] 3a08e3bfec2db5d O /home/capstone/project/test_files/000742.pdf.nnvjxgy
[4620] 3a08e3bfec2db5d C /home/capstone/project/test_files/checkpoints-000742.pdf
[4620] 3a08e3bfec2db5d O /home/capstone/project/test_files/000017.swf.nnvjxgy
[4620] 3a08e3bfec2db5d C /home/capstone/project/test_files/checkpoints-000017.swf
[4620] 3a08e3bfec2db5d O /home/capstone/project/test_files/000725.ppt.nnvjxgy
[4620] 3a08e3bfec2db5d C /home/capstone/project/test_files/checkpoints-000725.ppt
[4620] 3a08e3bfec2db5d O /home/capstone/project/test_files/000244.jpg.nnvjxgy
[4620] 3a08e3bfec2db5d C /home/capstone/project/test_files/checkpoints-000244.jpg
[4620] 3a08e3bfec2db5d O /home/capstone/project/test_files/000191.html.nnvjxgy
[4620] 3a08e3bfec2db5d C /home/capstone/project/test_files/checkpoints-000191.html
[4620] 3a08e3bfec2db5d O /home/capstone/project/test_files/000922.java.nnvjxgy
[4620] 3a08e3bfec2db5d C /home/capstone/project/test_files/checkpoints-000922.java
[4620] 3a08e3bfec2db5d O /home/capstone/project/test_files/000663.pdf.nnvjxgy
[4620] 3a08e3bfec2db5d C /home/capstone/project/test_files/checkpoints-000663.pdf
[4620] 3a08e3bfec2db5d O /home/capstone/project/test_files/000998.ppt.nnvjxgy
[4620] 3a08e3bfec2db5d C /home/capstone/project/test_files/checkpoints-000998.ppt
[4620] 3a08e3bfec2db5d O /home/capstone/project/test_files/000162.pdf.nnvjxgy
[4620] 3a08e3bfec2db5d C /home/capstone/project/test_files/checkpoints-000162.pdf
[4620] 3a08e3bfec2db5d O /home/capstone/project/test_files/000653.txt.nnvjxgy
[4620] 3a08e3bfec2db5d C /home/capstone/project/test_files/checkpoints-000653.txt
[4620] 3a08e3bfec2db5d O /home/capstone/project/test_files/000905.jpg.nnvjxgy
[4620] 3a08e3bfec2db5d C /home/capstone/project/test_files/checkpoints-000905.jpg
[4620] 3a08e3bfec2db5d O /home/capstone/project/test_files/000681.jpg.nnvjxgy
[4620] 3a08e3bfec2db5d C /home/capstone/project/test_files/checkpoints-000681.jpg
[4620] 3a08e3bfec2db5d O /home/capstone/project/test_files/000306.ppt.nnvjxgy
[4620] 3a08e3bfec2db5d C /home/capstone/project/test_files/checkpoints-000306.ppt
[4620] 3a08e3bfec2db5d O /home/capstone/project/test_files/000498.txt.nnvjxgy
[4620] 3a08e3bfec2db5d C /home/capstone/project/test_files/checkpoints-000498.txt
[4620] 3a08e3bfec2db5d O /home/capstone/project/test_files/000531.jpg.nnvjxgy
[4620] 3a08e3bfec2db5d C /home/capstone/project/test_files/checkpoints-000531.jpg
[4620] 3a08e3bfec2db5d O /home/capstone/project/test_files/000390.xls.nnvjxgy
[4620] 3a08e3bfec2db5d C /home/capstone/project/test_files/checkpoints-000390.xls
[4620] 3a08e3bfec2db5d O /home/capstone/project/test_files/000705.doc.nnvjxgy
[4620] 3a08e3bfec2db5d C /home/capstone/project/test_files/checkpoints-000705.doc
[4620] 3a08e3bfec2db5d O /home/capstone/project/test_files/000658.txt.nnvjxgy
[4620] 3a08e3bfec2db5d C /home/capstone/project/test_files/checkpoints-000658.txt
[4620] 3a08e3bfec2db5d O /home/capstone/project/test_files/000296.ppt.nnvjxgy
[4620] 3a08e3bfec2db5d C /home/capstone/project/test_files/checkpoints-000296.ppt
[4620] 3a08e3bfec2db5d O /home/capstone/project/test_files/000737.pdf.nnvjxgy
[4620] 3a08e3bfec2db5d C /home/capstone/project/test_files/checkpoints-000737.pdf
[4620] 3a08e3bfec2db5d O /home/capstone/project/test_files/000958.doc.nnvjxgy
[4620] 3a08e3bfec2db5d C /home/capstone/project/test_files/checkpoints-000958.doc
[4620] 3a08e3bfec2db5d O /home/capstone/project/test_files/000794.html.nnvjxgy
[4620] 3a08e3bfec2db5d C /home/capstone/project/test_files/checkpoints-000794.html
[4620] 3a08e3bfec2db5d O /home/capstone/project/test_files/000763.pdf.nnvjxgy
[4620] 3a08e3bfec2db5d C /home/capstone/project/test_files/checkpoints-000763.pdf
[4620] 3a08e3bfec2db5d O /home/capstone/project/test_files/000924.txt.nnvjxgy
[4620] 3a08e3bfec2db5d C /home/capstone/project/test_files/checkpoints-000924.txt
[4620] 3a08e3bfec2db5d O /home/capstone/project/test_files/000938.txt.nnvjxgy
[4620] 3a08e3bfec2db5d C /home/capstone/project/test_files/checkpoints-000938.txt
[4620] 3a08e3bfec2db5d O /home/capstone/project/test_files/000304.ppt.nnvjxgy
[4620] 3a08e3bfec2db5d C /home/capstone/project/test_files/checkpoints-000304.ppt
[4620] 3a08e3bfec2db5d O /home/capstone/project/test_files/000032.xls.nnvjxgy
[4620] 3a08e3bfec2db5d C /home/capstone/project/test_files/checkpoints-000032.xls
[4620] 3a08e3bfec2db5d O /home/capstone/project/test_files/000715.ppt.nnvjxgy
[4620] 3a08e3bfec2db5d C /home/capstone/project/test_files/checkpoints-000715.ppt
[4620] 3a08e3bfec2db5d O /home/capstone/project/test_files/000935.txt.nnvjxgy
[4620] 3a08e3bfec2db5d C /home/capstone/project/test_files/checkpoints-000935.txt
[4620] 3a08e3bfec2db5d O /home/capstone/project/test_files/000343.pdf.nnvjxgy
[4620] 3a08e3bfec2db5d C /home/capstone/project/test_files/checkpoints-000343.pdf
[4620] 3a08e3bfec2db5d O /home/capstone/project/test_files/000547.pdf.nnvjxgy
[4620] 3a08e3bfec2db5d C /home/capstone/project/test_files/checkpoints-000547.pdf
[4620] 3a08e3bfec2db5d O /home/capstone/project/test_files/000695.doc.nnvjxgy
[4620] 3a08e3bfec2db5d O /home/capstone/project/test_files/000009.pdf.nnvjxgy
[4620] 3a08e3bfec2db5d C /home/capstone/project/test_files/checkpoints-000009.pdf
[4620] 3a08e3bfec2db5d O /home/capstone/project/test_files/000662.txt.nnvjxgy
[4620] 3a08e3bfec2db5d C /home/capstone/project/test_files/checkpoints-000662.txt
[4620] 3a08e3bfec2db5d O /home/capstone/project/test_files/000554.html.nnvjxgy
[4620] 3a08e3bfec2db5d C /home/capstone/project/test_files/checkpoints-000554.html
[4620] 3a08e3bfec2db5d C /home/capstone/project/test_files/checkpoints-000695.doc
[4620] 3a08e3bfec2db5d O /home/capstone/project/test_files/000656.txt.nnvjxgy
[4620] 3a08e3bfec2db5d C /home/capstone/project/test_files/checkpoints-000656.txt
[4620] 3a08e3bfec2db5d O /home/capstone/project/test_files/000233.gif.nnvjxgy
[4620] 3a08e3bfec2db5d C /home/capstone/project/test_files/checkpoints-000233.gif
[4620] 3a08e3bfec2db5d O /home/capstone/project/test_files/000160.ppt.nnvjxgy
[4620] 3a08e3bfec2db5d C /home/capstone/project/test_files/checkpoints-000160.ppt
[4620] 3a08e3bfec2db5d O /home/capstone/project/test_files/000493.xml.nnvjxgy
[4620] 3a08e3bfec2db5d C /home/capstone/project/test_files/checkpoints-000493.xml
[4620] 3a08e3bfec2db5d O /home/capstone/project/test_files/000829.txt.nnvjxgy
[4620] 3a08e3bfec2db5d C /home/capstone/project/test_files/checkpoints-000829.txt
[4620] 3a08e3bfec2db5d O /home/capstone/project/test_files/000953.doc.nnvjxgy
[4620] 3a08e3bfec2db5d C /home/capstone/project/test_files/checkpoints-000953.doc
[4620] 3a08e3bfec2db5d O /home/capstone/project/test_files/000317.ppt.nnvjxgy
[4620] 3a08e3bfec2db5d C /home/capstone/project/test_files/checkpoints-000317.ppt
[4620] 3a08e3bfec2db5d O /home/capstone/project/test_files/000368.pdf.nnvjxgy
[4620] 3a08e3bfec2db5d C /home/capstone/project/test_files/checkpoints-000368.pdf
[4620] 3a08e3bfec2db5d O /home/capstone/project/test_files/000413.html.nnvjxgy
[4620] 3a08e3bfec2db5d C /home/capstone/project/test_files/checkpoints-000413.html
[4620] 3a08e3bfec2db5d O /home/capstone/project/test_files/000247.jpg.nnvjxgy
[4620] 3a08e3bfec2db5d C /home/capstone/project/test_files/checkpoints-000247.jpg
[4620] 3a08e3bfec2db5d O /home/capstone/project/test_files/000751.pdf.nnvjxgy
[4620] 3a08e3bfec2db5d C /home/capstone/project/test_files/checkpoints-000751.pdf
[4620] 3a08e3bfec2db5d O /home/capstone/project/test_files/000326.ppt.nnvjxgy
[4620] 3a08e3bfec2db5d C /home/capstone/project/test_files/checkpoints-000326.ppt
[4620] 3a08e3bfec2db5d O /home/capstone/project/test_files/000834.pdf.nnvjxgy
[4620] 3a08e3bfec2db5d C /home/capstone/project/test_files/checkpoints-000834.pdf
[4620] 3a08e3bfec2db5d O /home/capstone/project/test_files/000310.ppt.nnvjxgy
[4620] 3a08e3bfec2db5d C /home/capstone/project/test_files/checkpoints-000310.ppt
[4620] 3a08e3bfec2db5d O /home/capstone/project/test_files/000099.ps.nnvjxgy
[4620] 3a08e3bfec2db5d D /home/capstone/project/test_files/checkpoints-000711.ppt.nnvjxgy
[4620] 3a08e3bfec2db5d O /home/capstone/project/test_files/000936.txt.nnvjxgy
[4620] 3a08e3bfec2db5d C /home/capstone/project/test_files/checkpoints-000936.txt.nnvjxgy
[4620] 3a08e3bfec2db5d C /home/capstone/project/test_files/checkpoints-000099.ps
[4620] 3a08e3bfec2db5d O /home/capstone/project/test_files/000753.pdf.nnvjxgy
[4620] 3a08e3bfec2db5d D /home/capstone/project/test_files/checkpoints-000003.doc.nnvjxgy
[4620] 3a08e3bfec2db5d C /home/capstone/project/test_files/checkpoints-000753.pdf.nnvjxgy
[4620] 3a08e3bfec2db5d O /home/capstone/project/test_files/000021.pdf.nnvjxgy
[4620] 3a08e3bfec2db5d C /home/capstone/project/test_files/checkpoints-000021.pdf
[4620] 3a08e3bfec2db5d D /home/capstone/project/test_files/checkpoints-000594.pdf.nnvjxgy
[4620] 3a08e3bfec2db5d O /home/capstone/project/test_files/000918.html.nnvjxgy
[4620] 3a08e3bfec2db5d C /home/capstone/project/test_files/checkpoints-000918.html.nnvjxgy
[4620] 3a08e3bfec2db5d O /home/capstone/project/test_files/000840.pdf.nnvjxgy
[4620] 3a08e3bfec2db5d C /home/capstone/project/test_files/checkpoints-000840.pdf
[4620] 3a08e3bfec2db5d D /home/capstone/project/test_files/checkpoints-000416.html.nnvjxgy
[4620] 3a08e3bfec2db5d O /home/capstone/project/test_files/000348.pdf.nnvjxgy
[4620] 3a08e3bfec2db5d C /home/capstone/project/test_files/checkpoints-000348.pdf.nnvjxgy
[4620] 3a08e3bfec2db5d O /home/capstone/project/test_files/000558.ppt.nnvjxgy
[4620] 3a08e3bfec2db5d C /home/capstone/project/test_files/checkpoints-000558.ppt
[4620] 3a08e3bfec2db5d O /home/capstone/project/test_files/000406.xls.nnvjxgy
[4620] 3a08e3bfec2db5d C /home/capstone/project/test_files/checkpoints-000406.xls
[4620] 3a08e3bfec2db5d O /home/capstone/project/test_files/000080.html.nnvjxgy
[4620] 3a08e3bfec2db5d C /home/capstone/project/test_files/checkpoints-000080.html
[4620] 3a08e3bfec2db5d O /home/capstone/project/test_files/000945.pdf.nnvjxgy
[4620] 3a08e3bfec2db5d C /home/capstone/project/test_files/checkpoints-000945.pdf
[4620] 3a08e3bfec2db5d O /home/capstone/project/test_files/000137.pdf.nnvjxgy
[4620] 3a08e3bfec2db5d C /home/capstone/project/test_files/checkpoints-000137.pdf
[4620] 3a08e3bfec2db5d O /home/capstone/project/test_files/000248.doc.nnvjxgy
[4620] 3a08e3bfec2db5d C /home/capstone/project/test_files/checkpoints-000248.doc
[4620] 3a08e3bfec2db5d O /home/capstone/project/test_files/000060.html.nnvjxgy
[4620] 3a08e3bfec2db5d C /home/capstone/project/test_files/checkpoints-000060.html
[4620] 3a08e3bfec2db5d O /home/capstone/project/test_files/000495.unk.nnvjxgy
[4620] 3a08e3bfec2db5d D /home/capstone/project/test_files/checkpoints-000730.ps.nnvjxgy
[4620] 3a08e3bfec2db5d O /home/capstone/project/test_files/000439.html.nnvjxgy
[4620] 3a08e3bfec2db5d C /home/capstone/project/test_files/checkpoints-000439.html.nnvjxgy
[4620] 3a08e3bfec2db5d C /home/capstone/project/test_files/checkpoints-000495.unk
[4620] 3a08e3bfec2db5d D /home/capstone/project/test_files/checkpoints-000518.ppt.nnvjxgy
[4620] 3a08e3bfec2db5d O /home/capstone/project/test_files/000841.txt.nnvjxgy
[4620] 3a08e3bfec2db5d C /home/capstone/project/test_files/checkpoints-000841.txt.nnvjxgy
[4620] 3a08e3bfec2db5d O /home/capstone/project/test_files/000256.doc.nnvjxgy
[4620] 3a08e3bfec2db5d C /home/capstone/project/test_files/checkpoints-000256.doc.nnvjxgy
[4620] 3a08e3bfec2db5d O /home/capstone/project/test_files/000750.pdf.nnvjxgy
[4620] 3a08e3bfec2db5d C /home/capstone/project/test_files/checkpoints-000750.pdf
[4620] 3a08e3bfec2db5d O /home/capstone/project/test_files/000463.txt.nnvjxgy
[4620] 3a08e3bfec2db5d C /home/capstone/project/test_files/checkpoints-000463.txt
[4620] 3a08e3bfec2db5d O /home/capstone/project/test_files/000597.html.nnvjxgy
[4620] 3a08e3bfec2db5d C /home/capstone/project/test_files/checkpoints-000597.html
[4620] 3a08e3bfec2db5d O /home/capstone/project/test_files/000386.xls.nnvjxgy
[4620] 3a08e3bfec2db5d C /home/capstone/project/test_files/checkpoints-000386.xls
[4620] 3a08e3bfec2db5d O /home/capstone/project/test_files/000119.doc.nnvjxgy
[4620] 3a08e3bfec2db5d C /home/capstone/project/test_files/checkpoints-000119.doc
[4620] 3a08e3bfec2db5d O /home/capstone/project/test_files/000972.gif.nnvjxgy
[4620] 3a08e3bfec2db5d C /home/capstone/project/test_files/checkpoints-000972.gif
[4620] 3a08e3bfec2db5d O /home/capstone/project/test_files/000942.txt.nnvjxgy
[4620] 3a08e3bfec2db5d C /home/capstone/project/test_files/checkpoints-000942.txt
[4620] 3a08e3bfec2db5d O /home/capstone/project/test_files/000784.html.nnvjxgy
[4620] 3a08e3bfec2db5d C /home/capstone/project/test_files/checkpoints-000784.html
[4620] 3a08e3bfec2db5d D /home/capstone/project/test_files/checkpoints-000812.html.nnvjxgy
[4620] 3a08e3bfec2db5d O /home/capstone/project/test_files/000539.jpg.nnvjxgy
[4620] 3a08e3bfec2db5d C /home/capstone/project/test_files/checkpoints-000539.jpg.nnvjxgy
[4620] 3a08e3bfec2db5d D /home/capstone/project/test_files/checkpoints-000221.txt.nnvjxgy
[4620] 3a08e3bfec2db5d D /home/capstone/project/test_files/checkpoints-000747.pdf.nnvjxgy
[4620] 3a08e3bfec2db5d O /home/capstone/project/test_files/000253.doc.nnvjxgy
[4620] 3a08e3bfec2db5d C /home/capstone/project/test_files/checkpoints-000253.doc.nnvjxgy
[4620] 3a08e3bfec2db5d O /home/capstone/project/test_files/000889.jpg.nnvjxgy
[4620] 3a08e3bfec2db5d C /home/capstone/project/test_files/checkpoints-000889.jpg.nnvjxgy
[4620] 3a08e3bfec2db5d O /home/capstone/project/test_files/000127.doc.nnvjxgy
[4620] 3a08e3bfec2db5d C /home/capstone/project/test_files/checkpoints-000127.doc
[4620] 3a08e3bfec2db5d D /home/capstone/project/test_files/checkpoints-000358.pdf.nnvjxgy
[4620] 3a08e3bfec2db5d O /home/capstone/project/test_files/000765.log.nnvjxgy
[4620] 3a08e3bfec2db5d C /home/capstone/project/test_files/checkpoints-000765.log
[4620] 3a08e3bfec2db5d O /home/capstone/project/test_files/000337.pdf.nnvjxgy
[4620] 3a08e3bfec2db5d C /home/capstone/project/test_files/checkpoints-000337.pdf
[4620] 3a08e3bfec2db5d O /home/capstone/project/test_files/000258.rtf.nnvjxgy
[4620] 3a08e3bfec2db5d C /home/capstone/project/test_files/checkpoints-000258.rtf
[4620] 3a08e3bfec2db5d O /home/capstone/project/test_files/000989.ppt.nnvjxgy
[4620] 3a08e3bfec2db5d C /home/capstone/project/test_files/checkpoints-000989.ppt
[4620] 3a08e3bfec2db5d O /home/capstone/project/test_files/000856.txt.nnvjxgy
[4620] 3a08e3bfec2db5d C /home/capstone/project/test_files/checkpoints-000856.txt
[4620] 3a08e3bfec2db5d O /home/capstone/project/test_files/000236.pdf.nnvjxgy
[4620] 3a08e3bfec2db5d C /home/capstone/project/test_files/checkpoints-000236.pdf
[4620] 3a08e3bfec2db5d O /home/capstone/project/test_files/000378.xls.nnvjxgy
[4620] 3a08e3bfec2db5d C /home/capstone/project/test_files/checkpoints-000378.xls.nnvjxgy
[4620] 3a08e3bfec2db5d O /home/capstone/project/test_files/000652.txt.nnvjxgy
[4620] 3a08e3bfec2db5d C /home/capstone/project/test_files/checkpoints-000652.txt
[4620] 3a08e3bfec2db5d O /home/capstone/project/test_files/000982.ppt.nnvjxgy
[4620] 3a08e3bfec2db5d C /home/capstone/project/test_files/checkpoints-000982.ppt
[4620] 3a08e3bfec2db5d O /home/capstone/project/test_files/000452.html.nnvjxgy
[4620] 3a08e3bfec2db5d C /home/capstone/project/test_files/checkpoints-000452.html
[4620] 3a08e3bfec2db5d O /home/capstone/project/test_files/000426.html.nnvjxgy
[4620] 3a08e3bfec2db5d C /home/capstone/project/test_files/checkpoints-000426.html
[4620] 3a08e3bfec2db5d O /home/capstone/project/test_files/000654.txt.nnvjxgy
[4620] 3a08e3bfec2db5d C /home/capstone/project/test_files/checkpoints-000654.txt
[4620] 3a08e3bfec2db5d O /home/capstone/project/test_files/000895.html.nnvjxgy
[4620] 3a08e3bfec2db5d O /home/capstone/project/test_files/000536.jpg.nnvjxgy
[4620] 3a08e3bfec2db5d C /home/capstone/project/test_files/checkpoints-000536.jpg
[4620] 3a08e3bfec2db5d O /home/capstone/project/test_files/000919.html.nnvjxgy
[4620] 3a08e3bfec2db5d C /home/capstone/project/test_files/checkpoints-000919.html
[4620] 3a08e3bfec2db5d O /home/capstone/project/test_files/000560.ppt.nnvjxgy
[4620] 3a08e3bfec2db5d C /home/capstone/project/test_files/checkpoints-000560.ppt
[4620] 3a08e3bfec2db5d O /home/capstone/project/test_files/000331.pdf.nnvjxgy
[4620] 3a08e3bfec2db5d C /home/capstone/project/test_files/checkpoints-000331.pdf
[4620] 3a08e3bfec2db5d O /home/capstone/project/test_files/000085.txt.nnvjxgy
[4620] 3a08e3bfec2db5d C /home/capstone/project/test_files/checkpoints-000085.txt
[4620] 3a08e3bfec2db5d C /home/capstone/project/test_files/checkpoints-000895.html
[4620] 3a08e3bfec2db5d O /home/capstone/project/test_files/000273.doc.nnvjxgy
[4620] 3a08e3bfec2db5d C /home/capstone/project/test_files/checkpoints-000273.doc
[4620] 3a08e3bfec2db5d O /home/capstone/project/test_files/000238.jpg.nnvjxgy
[4620] 3a08e3bfec2db5d C /home/capstone/project/test_files/checkpoints-000238.jpg
[4620] 3a08e3bfec2db5d O /home/capstone/project/test_files/000346.pdf.nnvjxgy
[4620] 3a08e3bfec2db5d C /home/capstone/project/test_files/checkpoints-000346.pdf
[4620] 3a08e3bfec2db5d O /home/capstone/project/test_files/000668.txt.nnvjxgy
[4620] 3a08e3bfec2db5d C /home/capstone/project/test_files/checkpoints-000668.txt
[4620] 3a08e3bfec2db5d O /home/capstone/project/test_files/000349.pdf.nnvjxgy
[4620] 3a08e3bfec2db5d C /home/capstone/project/test_files/checkpoints-000349.pdf
[4620] 3a08e3bfec2db5d O /home/capstone/project/test_files/000886.pdf.nnvjxgy
[4620] 3a08e3bfec2db5d C /home/capstone/project/test_files/checkpoints-000886.pdf
[4620] 3a08e3bfec2db5d O /home/capstone/project/test_files/000309.ppt.nnvjxgy
[4620] 3a08e3bfec2db5d O /home/capstone/project/test_files/000999.ppt.nnvjxgy
[4620] 3a08e3bfec2db5d C /home/capstone/project/test_files/checkpoints-000999.ppt
[4620] 3a08e3bfec2db5d C /home/capstone/project/test_files/checkpoints-000309.ppt
[4620] 3a08e3bfec2db5d O /home/capstone/project/test_files/000974.doc.nnvjxgy
[4620] 3a08e3bfec2db5d C /home/capstone/project/test_files/checkpoints-000974.doc
[4620] 3a08e3bfec2db5d O /home/capstone/project/test_files/000208.pdf.nnvjxgy
[4620] 3a08e3bfec2db5d C /home/capstone/project/test_files/checkpoints-000208.pdf
[4620] 3a08e3bfec2db5d O /home/capstone/project/test_files/000070.html.nnvjxgy
[4620] 3a08e3bfec2db5d C /home/capstone/project/test_files/checkpoints-000070.html
[4620] 3a08e3bfec2db5d O /home/capstone/project/test_files/000363.pdf.nnvjxgy
[4620] 3a08e3bfec2db5d C /home/capstone/project/test_files/checkpoints-000363.pdf
[4620] 3a08e3bfec2db5d O /home/capstone/project/test_files/000645.txt.nnvjxgy
[4620] 3a08e3bfec2db5d C /home/capstone/project/test_files/checkpoints-000645.txt
[4620] 3a08e3bfec2db5d O /home/capstone/project/test_files/000218.txt.nnvjxgy
[4620] 3a08e3bfec2db5d C /home/capstone/project/test_files/checkpoints-000218.txt
[4620] 3a08e3bfec2db5d O /home/capstone/project/test_files/000767.ps.nnvjxgy
[4620] 3a08e3bfec2db5d C /home/capstone/project/test_files/checkpoints-000767.ps
[4620] 3a08e3bfec2db5d O /home/capstone/project/test_files/000568.pdf.nnvjxgy
[4620] 3a08e3bfec2db5d C /home/capstone/project/test_files/checkpoints-000568.pdf
[4620] 3a08e3bfec2db5d O /home/capstone/project/test_files/000860.txt.nnvjxgy
[4620] 3a08e3bfec2db5d C /home/capstone/project/test_files/checkpoints-000860.txt
[4620] 3a08e3bfec2db5d O /home/capstone/project/test_files/000047.xls.nnvjxgy
[4620] 3a08e3bfec2db5d C /home/capstone/project/test_files/checkpoints-000047.xls
[4620] 3a08e3bfec2db5d O /home/capstone/project/test_files/000458.html.nnvjxgy
[4620] 3a08e3bfec2db5d C /home/capstone/project/test_files/checkpoints-000458.html
[4620] 3a08e3bfec2db5d O /home/capstone/project/test_files/000002.doc.nnvjxgy
[4620] 3a08e3bfec2db5d C /home/capstone/project/test_files/checkpoints-000002.doc
[4620] 3a08e3bfec2db5d O /home/capstone/project/test_files/000237.jpg.nnvjxgy
[4620] 3a08e3bfec2db5d C /home/capstone/project/test_files/checkpoints-000237.jpg
[4620] 3a08e3bfec2db5d O /home/capstone/project/test_files/000395.xls.nnvjxgy
[4620] 3a08e3bfec2db5d C /home/capstone/project/test_files/checkpoints-000395.xls
[4620] 3a08e3bfec2db5d O /home/capstone/project/test_files/000951.html.nnvjxgy
[4620] 3a08e3bfec2db5d C /home/capstone/project/test_files/checkpoints-000951.html
[4620] 3a08e3bfec2db5d O /home/capstone/project/test_files/000203.html.nnvjxgy
[4620] 3a08e3bfec2db5d C /home/capstone/project/test_files/checkpoints-000203.html
[4620] 3a08e3bfec2db5d O /home/capstone/project/test_files/000726.html.nnvjxgy
[4620] 3a08e3bfec2db5d C /home/capstone/project/test_files/checkpoints-000726.html
[4620] 3a08e3bfec2db5d O /home/capstone/project/test_files/000621.txt.nnvjxgy
[4620] 3a08e3bfec2db5d C /home/capstone/project/test_files/checkpoints-000621.txt
[4620] 3a08e3bfec2db5d O /home/capstone/project/test_files/000249.doc.nnvjxgy
[4620] 3a08e3bfec2db5d C /home/capstone/project/test_files/checkpoints-000249.doc
[4620] 3a08e3bfec2db5d O /home/capstone/project/test_files/000618.pdf.nnvjxgy
[4620] 3a08e3bfec2db5d C /home/capstone/project/test_files/checkpoints-000618.pdf
[4620] 3a08e3bfec2db5d O /home/capstone/project/test_files/000026.pdf.nnvjxgy
[4620] 3a08e3bfec2db5d C /home/capstone/project/test_files/checkpoints-000026.pdf
[4620] 3a08e3bfec2db5d O /home/capstone/project/test_files/000727.ppt.nnvjxgy
[4620] 3a08e3bfec2db5d C /home/capstone/project/test_files/checkpoints-000727.ppt
[4620] 3a08e3bfec2db5d O /home/capstone/project/test_files/000150.pdf.nnvjxgy
[4620] 3a08e3bfec2db5d C /home/capstone/project/test_files/checkpoints-000150.pdf
[4620] 3a08e3bfec2db5d O /home/capstone/project/test_files/000966.doc.nnvjxgy
[4620] 3a08e3bfec2db5d C /home/capstone/project/test_files/checkpoints-000966.doc
[4620] 3a08e3bfec2db5d O /home/capstone/project/test_files/000521.jpg.nnvjxgy
[4620] 3a08e3bfec2db5d C /home/capstone/project/test_files/checkpoints-000521.jpg
[4620] 3a08e3bfec2db5d O /home/capstone/project/test_files/000475.txt.nnvjxgy
[4620] 3a08e3bfec2db5d C /home/capstone/project/test_files/checkpoints-000475.txt
[4620] 3a08e3bfec2db5d O /home/capstone/project/test_files/000234.jpg.nnvjxgy
[4620] 3a08e3bfec2db5d C /home/capstone/project/test_files/checkpoints-000234.jpg
[4620] 3a08e3bfec2db5d O /home/capstone/project/test_files/000643.txt.nnvjxgy
[4620] 3a08e3bfec2db5d C /home/capstone/project/test_files/checkpoints-000643.txt
[4620] 3a08e3bfec2db5d O /home/capstone/project/test_files/000423.html.nnvjxgy
[4620] 3a08e3bfec2db5d C /home/capstone/project/test_files/checkpoints-000423.html
[4620] 3a08e3bfec2db5d O /home/capstone/project/test_files/000823.html.nnvjxgy
[4620] 3a08e3bfec2db5d O /home/capstone/project/test_files/000473.txt.nnvjxgy
[4620] 3a08e3bfec2db5d C /home/capstone/project/test_files/checkpoints-000473.txt
[4620] 3a08e3bfec2db5d O /home/capstone/project/test_files/000506.jpg.nnvjxgy
[4620] 3a08e3bfec2db5d C /home/capstone/project/test_files/checkpoints-000506.jpg
[4620] 3a08e3bfec2db5d O /home/capstone/project/test_files/000290.ppt.nnvjxgy
[4620] 3a08e3bfec2db5d C /home/capstone/project/test_files/checkpoints-000290.ppt
[4620] 3a08e3bfec2db5d O /home/capstone/project/test_files/000929.txt.nnvjxgy
[4620] 3a08e3bfec2db5d C /home/capstone/project/test_files/checkpoints-000929.txt
[4620] 3a08e3bfec2db5d O /home/capstone/project/test_files/000397.jpg.nnvjxgy
[4620] 3a08e3bfec2db5d C /home/capstone/project/test_files/checkpoints-000397.jpg
[4620] 3a08e3bfec2db5d O /home/capstone/project/test_files/000546.jpg.nnvjxgy
[4620] 3a08e3bfec2db5d C /home/capstone/project/test_files/checkpoints-000546.jpg
[4620] 3a08e3bfec2db5d C /home/capstone/project/test_files/checkpoints-000823.html
[4620] 3a08e3bfec2db5d O /home/capstone/project/test_files/000888.jpg.nnvjxgy
[4620] 3a08e3bfec2db5d C /home/capstone/project/test_files/checkpoints-000888.jpg
[4620] 3a08e3bfec2db5d O /home/capstone/project/test_files/000412.html.nnvjxgy
[4620] 3a08e3bfec2db5d C /home/capstone/project/test_files/checkpoints-000412.html
[4620] 3a08e3bfec2db5d O /home/capstone/project/test_files/000380.pdf.nnvjxgy
[4620] 3a08e3bfec2db5d C /home/capstone/project/test_files/checkpoints-000380.pdf
[4620] 3a08e3bfec2db5d O /home/capstone/project/test_files/000045.xls.nnvjxgy
[4620] 3a08e3bfec2db5d C /home/capstone/project/test_files/checkpoints-000045.xls
[4620] 3a08e3bfec2db5d O /home/capstone/project/test_files/000512.jpg.nnvjxgy
[4620] 3a08e3bfec2db5d C /home/capstone/project/test_files/checkpoints-000512.jpg
[4620] 3a08e3bfec2db5d O /home/capstone/project/test_files/000957.doc.nnvjxgy
[4620] 3a08e3bfec2db5d C /home/capstone/project/test_files/checkpoints-000957.doc
[4620] 3a08e3bfec2db5d O /home/capstone/project/test_files/000762.pdf.nnvjxgy
[4620] 3a08e3bfec2db5d C /home/capstone/project/test_files/checkpoints-000762.pdf
[4620] 3a08e3bfec2db5d O /home/capstone/project/test_files/000093.txt.nnvjxgy
[4620] 3a08e3bfec2db5d C /home/capstone/project/test_files/checkpoints-000093.txt
[4620] 3a08e3bfec2db5d O /home/capstone/project/test_files/000698.log.nnvjxgy
[4620] 3a08e3bfec2db5d C /home/capstone/project/test_files/checkpoints-000698.log
[4620] 3a08e3bfec2db5d O /home/capstone/project/test_files/000676.pdf.nnvjxgy
[4620] 3a08e3bfec2db5d C /home/capstone/project/test_files/checkpoints-000676.pdf
[4620] 3a08e3bfec2db5d O /home/capstone/project/test_files/000432.jpg.nnvjxgy
[4620] 3a08e3bfec2db5d C /home/capstone/project/test_files/checkpoints-000432.jpg
[4620] 3a08e3bfec2db5d O /home/capstone/project/test_files/000733.ps.nnvjxgy
[4620] 3a08e3bfec2db5d C /home/capstone/project/test_files/checkpoints-000733.ps
[4620] 3a08e3bfec2db5d O /home/capstone/project/test_files/000182.html.nnvjxgy
[4620] 3a08e3bfec2db5d C /home/capstone/project/test_files/checkpoints-000182.html
[4620] 3a08e3bfec2db5d D /home/capstone/project/test_files/checkpoints-000079.html.nnvjxgy
[4620] 3a08e3bfec2db5d D /home/capstone/project/test_files/checkpoints-000689.csv.nnvjxgy
[4620] 3a08e3bfec2db5d D /home/capstone/project/test_files/checkpoints-000018.pdf.nnvjxgy
[4620] 3a08e3bfec2db5d D /home/capstone/project/test_files/checkpoints-000292.ppt.nnvjxgy
[4620] 3a08e3bfec2db5d O /home/capstone/project/test_files/000839.pdf.nnvjxgy
[4620] 3a08e3bfec2db5d C /home/capstone/project/test_files/checkpoints-000839.pdf.nnvjxgy
[4620] 3a08e3bfec2db5d O /home/capstone/project/test_files/000094.txt.nnvjxgy
[4620] 3a08e3bfec2db5d D /home/capstone/project/test_files/checkpoints-000850.txt.nnvjxgy
[4620] 3a08e3bfec2db5d C /home/capstone/project/test_files/checkpoints-000094.txt.nnvjxgy
[4620] 3a08e3bfec2db5d O /home/capstone/project/test_files/000087.txt.nnvjxgy
[4620] 3a08e3bfec2db5d D /home/capstone/project/test_files/checkpoints-000641.txt.nnvjxgy
[4620] 3a08e3bfec2db5d O /home/capstone/project/test_files/000232.jpg.nnvjxgy
[4620] 3a08e3bfec2db5d D /home/capstone/project/test_files/checkpoints-000198.html.nnvjxgy
[4620] 3a08e3bfec2db5d C /home/capstone/project/test_files/checkpoints-000087.txt.nnvjxgy
[4620] 3a08e3bfec2db5d C /home/capstone/project/test_files/checkpoints-000232.jpg.nnvjxgy
[4620] 3a08e3bfec2db5d D /home/capstone/project/test_files/checkpoints-000066.html.nnvjxgy
[4620] 3a08e3bfec2db5d O /home/capstone/project/test_files/000049.xls.nnvjxgy
[4620] 3a08e3bfec2db5d C /home/capstone/project/test_files/checkpoints-000049.xls.nnvjxgy
[4620] 3a08e3bfec2db5d O /home/capstone/project/test_files/000095.txt.nnvjxgy
[4620] 3a08e3bfec2db5d C /home/capstone/project/test_files/checkpoints-000095.txt.nnvjxgy
[4620] 3a08e3bfec2db5d O /home/capstone/project/test_files/000342.pdf.nnvjxgy
[4620] 3a08e3bfec2db5d O /home/capstone/project/test_files/000992.ppt.nnvjxgy
[4620] 3a08e3bfec2db5d C /home/capstone/project/test_files/checkpoints-000342.pdf.nnvjxgy
[4620] 3a08e3bfec2db5d C /home/capstone/project/test_files/checkpoints-000992.ppt.nnvjxgy
[4620] 3a08e3bfec2db5d O /home/capstone/project/test_files/000806.doc.nnvjxgy
[4620] 3a08e3bfec2db5d O /home/capstone/project/test_files/000027.csv.nnvjxgy
[4620] 3a08e3bfec2db5d C /home/capstone/project/test_files/checkpoints-000806.doc
[4620] 3a08e3bfec2db5d O /home/capstone/project/test_files/000307.ppt.nnvjxgy
[4620] 3a08e3bfec2db5d C /home/capstone/project/test_files/checkpoints-000307.ppt
[4620] 3a08e3bfec2db5d O /home/capstone/project/test_files/000887.pdf.nnvjxgy
[4620] 3a08e3bfec2db5d C /home/capstone/project/test_files/checkpoints-000887.pdf
[4620] 3a08e3bfec2db5d O /home/capstone/project/test_files/000717.ppt.nnvjxgy
[4620] 3a08e3bfec2db5d C /home/capstone/project/test_files/checkpoints-000717.ppt
[4620] 3a08e3bfec2db5d O /home/capstone/project/test_files/000434.html.nnvjxgy
[4620] 3a08e3bfec2db5d C /home/capstone/project/test_files/checkpoints-000434.html
[4620] 3a08e3bfec2db5d C /home/capstone/project/test_files/checkpoints-000027.csv
[4620] 3a08e3bfec2db5d O /home/capstone/project/test_files/000072.html.nnvjxgy
[4620] 3a08e3bfec2db5d C /home/capstone/project/test_files/checkpoints-000072.html
[4620] 3a08e3bfec2db5d O /home/capstone/project/test_files/000759.doc.nnvjxgy
[4620] 3a08e3bfec2db5d C /home/capstone/project/test_files/checkpoints-000759.doc
[4620] 3a08e3bfec2db5d D /home/capstone/project/test_files/checkpoints-000359.pdf.nnvjxgy
[4620] 3a08e3bfec2db5d O /home/capstone/project/test_files/000226.txt.nnvjxgy
[4620] 3a08e3bfec2db5d C /home/capstone/project/test_files/checkpoints-000226.txt.nnvjxgy
[4620] 3a08e3bfec2db5d D /home/capstone/project/test_files/checkpoints-000388.xls.nnvjxgy
[4620] 3a08e3bfec2db5d O /home/capstone/project/test_files/000000.swf.nnvjxgy
[4620] 3a08e3bfec2db5d D /home/capstone/project/test_files/checkpoints-000192.html.nnvjxgy
[4620] 3a08e3bfec2db5d C /home/capstone/project/test_files/checkpoints-000000.swf.nnvjxgy
[4620] 3a08e3bfec2db5d O /home/capstone/project/test_files/000978.xml.nnvjxgy
[4620] 3a08e3bfec2db5d C /home/capstone/project/test_files/checkpoints-000978.xml.nnvjxgy
[4620] 3a08e3bfec2db5d O /home/capstone/project/test_files/000696.doc.nnvjxgy
[4620] 3a08e3bfec2db5d C /home/capstone/project/test_files/checkpoints-000696.doc
[4620] 3a08e3bfec2db5d O /home/capstone/project/test_files/000854.pdf.nnvjxgy
[4620] 3a08e3bfec2db5d C /home/capstone/project/test_files/checkpoints-000854.pdf
[4620] 3a08e3bfec2db5d O /home/capstone/project/test_files/000451.html.nnvjxgy
[4620] 3a08e3bfec2db5d C /home/capstone/project/test_files/checkpoints-000451.html
[4620] 3a08e3bfec2db5d O /home/capstone/project/test_files/000184.html.nnvjxgy
[4620] 3a08e3bfec2db5d C /home/capstone/project/test_files/checkpoints-000184.html
[4620] 3a08e3bfec2db5d D /home/capstone/project/test_files/checkpoints-000030.xls.nnvjxgy
[4620] 3a08e3bfec2db5d O /home/capstone/project/test_files/000384.xls.nnvjxgy
[4620] 3a08e3bfec2db5d O /home/capstone/project/test_files/000213.html.nnvjxgy
[4620] 3a08e3bfec2db5d C /home/capstone/project/test_files/checkpoints-000213.html.nnvjxgy
[4620] 3a08e3bfec2db5d C /home/capstone/project/test_files/checkpoints-000384.xls.nnvjxgy
[4620] 3a08e3bfec2db5d O /home/capstone/project/test_files/000934.txt.nnvjxgy
[4620] 3a08e3bfec2db5d C /home/capstone/project/test_files/checkpoints-000934.txt
[4620] 3a08e3bfec2db5d O /home/capstone/project/test_files/000424.html.nnvjxgy
[4620] 3a08e3bfec2db5d C /home/capstone/project/test_files/checkpoints-000424.html
[4620] 3a08e3bfec2db5d O /home/capstone/project/test_files/000314.pdf.nnvjxgy
[4620] 3a08e3bfec2db5d C /home/capstone/project/test_files/checkpoints-000314.pdf
[4620] 3a08e3bfec2db5d O /home/capstone/project/test_files/000877.html.nnvjxgy
[4620] 3a08e3bfec2db5d C /home/capstone/project/test_files/checkpoints-000877.html
[4620] 3a08e3bfec2db5d O /home/capstone/project/test_files/000352.pdf.nnvjxgy
[4620] 3a08e3bfec2db5d C /home/capstone/project/test_files/checkpoints-000352.pdf
[4620] 3a08e3bfec2db5d D /home/capstone/project/test_files/checkpoints-000667.txt.nnvjxgy
[4620] 3a08e3bfec2db5d D /home/capstone/project/test_files/checkpoints-000266.pdf.nnvjxgy
[4620] 3a08e3bfec2db5d D /home/capstone/project/test_files/checkpoints-000789.html.nnvjxgy
[4620] 3a08e3bfec2db5d D /home/capstone/project/test_files/checkpoints-000508.jpg.nnvjxgy
[4620] 3a08e3bfec2db5d O /home/capstone/project/test_files/000455.html.nnvjxgy
[4620] 3a08e3bfec2db5d D /home/capstone/project/test_files/checkpoints-000325.pdf.nnvjxgy
[4620] 3a08e3bfec2db5d D /home/capstone/project/test_files/checkpoints-000852.txt.nnvjxgy
[4620] 3a08e3bfec2db5d D /home/capstone/project/test_files/checkpoints-000467.txt.nnvjxgy
[4620] 3a08e3bfec2db5d C /home/capstone/project/test_files/checkpoints-000455.html.nnvjxgy
[4620] 3a08e3bfec2db5d O /home/capstone/project/test_files/000393.xls.nnvjxgy
[4620] 3a08e3bfec2db5d D /home/capstone/project/test_files/checkpoints-000600.html.nnvjxgy
[4620] 3a08e3bfec2db5d C /home/capstone/project/test_files/checkpoints-000393.xls.nnvjxgy
[4620] 3a08e3bfec2db5d D /home/capstone/project/test_files/checkpoints-000092.txt.nnvjxgy
[4620] 3a08e3bfec2db5d O /home/capstone/project/test_files/000902.jpg.nnvjxgy
[4620] 3a08e3bfec2db5d C /home/capstone/project/test_files/checkpoints-000902.jpg.nnvjxgy
[4620] 3a08e3bfec2db5d O /home/capstone/project/test_files/000511.gif.nnvjxgy
[4620] 3a08e3bfec2db5d C /home/capstone/project/test_files/checkpoints-000511.gif.nnvjxgy
[4620] 3a08e3bfec2db5d O /home/capstone/project/test_files/000104.txt.nnvjxgy
[4620] 3a08e3bfec2db5d C /home/capstone/project/test_files/checkpoints-000104.txt.nnvjxgy
[4620] 3a08e3bfec2db5d O /home/capstone/project/test_files/000949.doc.nnvjxgy
[4620] 3a08e3bfec2db5d C /home/capstone/project/test_files/checkpoints-000949.doc.nnvjxgy
[4620] 3a08e3bfec2db5d O /home/capstone/project/test_files/000796.doc.nnvjxgy
[4620] 3a08e3bfec2db5d C /home/capstone/project/test_files/checkpoints-000796.doc.nnvjxgy
[4620] 3a08e3bfec2db5d O /home/capstone/project/test_files/000419.jpg.nnvjxgy
[4620] 3a08e3bfec2db5d C /home/capstone/project/test_files/checkpoints-000419.jpg.nnvjxgy
[4620] 3a08e3bfec2db5d O /home/capstone/project/test_files/000101.doc.nnvjxgy
[4620] 3a08e3bfec2db5d O /home/capstone/project/test_files/000805.html.nnvjxgy
[4620] 3a08e3bfec2db5d C /home/capstone/project/test_files/checkpoints-000805.html.nnvjxgy
[4620] 3a08e3bfec2db5d O /home/capstone/project/test_files/000139.doc.nnvjxgy
[4620] 3a08e3bfec2db5d C /home/capstone/project/test_files/checkpoints-000139.doc
[4620] 3a08e3bfec2db5d O /home/capstone/project/test_files/000482.ps.nnvjxgy
[4620] 3a08e3bfec2db5d C /home/capstone/project/test_files/checkpoints-000482.ps
[4620] 3a08e3bfec2db5d D /home/capstone/project/test_files/checkpoints-000280.pdf.nnvjxgy
[4620] 3a08e3bfec2db5d C /home/capstone/project/test_files/checkpoints-000101.doc.nnvjxgy
[4620] 3a08e3bfec2db5d O /home/capstone/project/test_files/000476.jpg.nnvjxgy
[4620] 3a08e3bfec2db5d C /home/capstone/project/test_files/checkpoints-000476.jpg
[4620] 3a08e3bfec2db5d O /home/capstone/project/test_files/000666.txt.nnvjxgy
[4620] 3a08e3bfec2db5d C /home/capstone/project/test_files/checkpoints-000666.txt
[4620] 3a08e3bfec2db5d D /home/capstone/project/test_files/checkpoints-000456.html.nnvjxgy
[4620] 3a08e3bfec2db5d D /home/capstone/project/test_files/checkpoints-000300.ppt.nnvjxgy
[4620] 3a08e3bfec2db5d O /home/capstone/project/test_files/000580.pdf.nnvjxgy
[4620] 3a08e3bfec2db5d C /home/capstone/project/test_files/checkpoints-000580.pdf.nnvjxgy
[4620] 3a08e3bfec2db5d O /home/capstone/project/test_files/000851.txt.nnvjxgy
[4620] 3a08e3bfec2db5d C /home/capstone/project/test_files/checkpoints-000851.txt.nnvjxgy
[4620] 3a08e3bfec2db5d D /home/capstone/project/test_files/checkpoints-000480.txt.nnvjxgy
[4620] 3a08e3bfec2db5d O /home/capstone/project/test_files/000477.txt.nnvjxgy
[4620] 3a08e3bfec2db5d C /home/capstone/project/test_files/checkpoints-000477.txt.nnvjxgy
[4620] 3a08e3bfec2db5d D /home/capstone/project/test_files/checkpoints-000686.doc.nnvjxgy
[4620] 3a08e3bfec2db5d O /home/capstone/project/test_files/000059.html.nnvjxgy
[4620] 3a08e3bfec2db5d C /home/capstone/project/test_files/checkpoints-000059.html.nnvjxgy
[4620] 3a08e3bfec2db5d O /home/capstone/project/test_files/000609.html.nnvjxgy
[4620] 3a08e3bfec2db5d C /home/capstone/project/test_files/checkpoints-000609.html
[4620] 3a08e3bfec2db5d O /home/capstone/project/test_files/000222.txt.nnvjxgy
[4620] 3a08e3bfec2db5d C /home/capstone/project/test_files/checkpoints-000222.txt
[4620] 3a08e3bfec2db5d O /home/capstone/project/test_files/000848.txt.nnvjxgy
[4620] 3a08e3bfec2db5d C /home/capstone/project/test_files/checkpoints-000848.txt
[4620] 3a08e3bfec2db5d O /home/capstone/project/test_files/000305.ppt.nnvjxgy
[4620] 3a08e3bfec2db5d C /home/capstone/project/test_files/checkpoints-000305.ppt
[4620] 3a08e3bfec2db5d O /home/capstone/project/test_files/000425.html.nnvjxgy
[4620] 3a08e3bfec2db5d C /home/capstone/project/test_files/checkpoints-000425.html
[4620] 3a08e3bfec2db5d O /home/capstone/project/test_files/000542.gif.nnvjxgy
[4620] 3a08e3bfec2db5d C /home/capstone/project/test_files/checkpoints-000542.gif
[4620] 3a08e3bfec2db5d D /home/capstone/project/test_files/checkpoints-000736.gz.nnvjxgy
[4620] 3a08e3bfec2db5d O /home/capstone/project/test_files/000076.html.nnvjxgy
[4620] 3a08e3bfec2db5d C /home/capstone/project/test_files/checkpoints-000076.html.nnvjxgy
[4620] 3a08e3bfec2db5d O /home/capstone/project/test_files/000803.rtf.nnvjxgy
[4620] 3a08e3bfec2db5d C /home/capstone/project/test_files/checkpoints-000803.rtf
[4620] 3a08e3bfec2db5d O /home/capstone/project/test_files/000987.ppt.nnvjxgy
[4620] 3a08e3bfec2db5d C /home/capstone/project/test_files/checkpoints-000987.ppt
[4620] 3a08e3bfec2db5d O /home/capstone/project/test_files/000457.html.nnvjxgy
[4620] 3a08e3bfec2db5d C /home/capstone/project/test_files/checkpoints-000457.html
[4620] 3a08e3bfec2db5d O /home/capstone/project/test_files/000956.pdf.nnvjxgy
[4620] 3a08e3bfec2db5d O /home/capstone/project/test_files/000940.txt.nnvjxgy
[4620] 3a08e3bfec2db5d C /home/capstone/project/test_files/checkpoints-000956.pdf
[4620] 3a08e3bfec2db5d C /home/capstone/project/test_files/checkpoints-000940.txt
[4620] 3a08e3bfec2db5d O /home/capstone/project/test_files/000319.ppt.nnvjxgy
[4620] 3a08e3bfec2db5d O /home/capstone/project/test_files/000608.html.nnvjxgy
[4620] 3a08e3bfec2db5d C /home/capstone/project/test_files/checkpoints-000319.ppt
[4620] 3a08e3bfec2db5d C /home/capstone/project/test_files/checkpoints-000608.html
[4620] 3a08e3bfec2db5d O /home/capstone/project/test_files/000994.ppt.nnvjxgy
[4620] 3a08e3bfec2db5d O /home/capstone/project/test_files/000628.pdf.nnvjxgy
[4620] 3a08e3bfec2db5d C /home/capstone/project/test_files/checkpoints-000994.ppt
[4620] 3a08e3bfec2db5d C /home/capstone/project/test_files/checkpoints-000628.pdf
[4620] 3a08e3bfec2db5d O /home/capstone/project/test_files/000933.txt.nnvjxgy
[4620] 3a08e3bfec2db5d C /home/capstone/project/test_files/checkpoints-000933.txt
[4620] 3a08e3bfec2db5d O /home/capstone/project/test_files/000096.txt.nnvjxgy
[4620] 3a08e3bfec2db5d C /home/capstone/project/test_files/checkpoints-000096.txt
[4620] 3a08e3bfec2db5d O /home/capstone/project/test_files/000289.ppt.nnvjxgy
[4620] 3a08e3bfec2db5d C /home/capstone/project/test_files/checkpoints-000289.ppt
[4620] 3a08e3bfec2db5d O /home/capstone/project/test_files/000118.doc.nnvjxgy
[4620] 3a08e3bfec2db5d C /home/capstone/project/test_files/checkpoints-000118.doc
[4620] 3a08e3bfec2db5d O /home/capstone/project/test_files/000863.txt.nnvjxgy
[4620] 3a08e3bfec2db5d C /home/capstone/project/test_files/checkpoints-000863.txt
[4620] 3a08e3bfec2db5d O /home/capstone/project/test_files/000516.jpg.nnvjxgy
[4620] 3a08e3bfec2db5d C /home/capstone/project/test_files/checkpoints-000516.jpg
[4620] 3a08e3bfec2db5d O /home/capstone/project/test_files/000721.csv.nnvjxgy
[4620] 3a08e3bfec2db5d C /home/capstone/project/test_files/checkpoints-000721.csv
[4620] 3a08e3bfec2db5d O /home/capstone/project/test_files/000365.pdf.nnvjxgy
[4620] 3a08e3bfec2db5d C /home/capstone/project/test_files/checkpoints-000365.pdf
[4620] 3a08e3bfec2db5d O /home/capstone/project/test_files/000117.rtf.nnvjxgy
[4620] 3a08e3bfec2db5d C /home/capstone/project/test_files/checkpoints-000117.rtf
[4620] 3a08e3bfec2db5d O /home/capstone/project/test_files/000687.doc.nnvjxgy
[4620] 3a08e3bfec2db5d C /home/capstone/project/test_files/checkpoints-000687.doc
[4620] 3a08e3bfec2db5d O /home/capstone/project/test_files/000703.xml.nnvjxgy
[4620] 3a08e3bfec2db5d C /home/capstone/project/test_files/checkpoints-000703.xml
[4620] 3a08e3bfec2db5d O /home/capstone/project/test_files/000557.ppt.nnvjxgy
[4620] 3a08e3bfec2db5d O /home/capstone/project/test_files/000642.txt.nnvjxgy
[4620] 3a08e3bfec2db5d C /home/capstone/project/test_files/checkpoints-000557.ppt
[4620] 3a08e3bfec2db5d C /home/capstone/project/test_files/checkpoints-000642.txt
[4620] 3a08e3bfec2db5d O /home/capstone/project/test_files/000583.pdf.nnvjxgy
[4620] 3a08e3bfec2db5d O /home/capstone/project/test_files/000984.ppt.nnvjxgy
[4620] 3a08e3bfec2db5d C /home/capstone/project/test_files/checkpoints-000583.pdf
[4620] 3a08e3bfec2db5d C /home/capstone/project/test_files/checkpoints-000984.ppt
[4620] 3a08e3bfec2db5d O /home/capstone/project/test_files/000409.html.nnvjxgy
[4620] 3a08e3bfec2db5d O /home/capstone/project/test_files/000833.txt.nnvjxgy
[4620] 3a08e3bfec2db5d C /home/capstone/project/test_files/checkpoints-000409.html
[4620] 3a08e3bfec2db5d C /home/capstone/project/test_files/checkpoints-000833.txt
[4620] 3a08e3bfec2db5d O /home/capstone/project/test_files/000625.txt.nnvjxgy
[4620] 3a08e3bfec2db5d O /home/capstone/project/test_files/000193.html.nnvjxgy
[4620] 3a08e3bfec2db5d C /home/capstone/project/test_files/checkpoints-000625.txt
[4620] 3a08e3bfec2db5d C /home/capstone/project/test_files/checkpoints-000193.html
[4620] 3a08e3bfec2db5d O /home/capstone/project/test_files/000756.csv.nnvjxgy
[4620] 3a08e3bfec2db5d O /home/capstone/project/test_files/000584.pdf.nnvjxgy
[4620] 3a08e3bfec2db5d C /home/capstone/project/test_files/checkpoints-000756.csv
[4620] 3a08e3bfec2db5d C /home/capstone/project/test_files/checkpoints-000584.pdf
[4620] 3a08e3bfec2db5d O /home/capstone/project/test_files/000318.ppt.nnvjxgy
[4620] 3a08e3bfec2db5d O /home/capstone/project/test_files/000710.ppt.nnvjxgy
[4620] 3a08e3bfec2db5d C /home/capstone/project/test_files/checkpoints-000710.ppt
[4620] 3a08e3bfec2db5d O /home/capstone/project/test_files/000449.html.nnvjxgy
[4620] 3a08e3bfec2db5d C /home/capstone/project/test_files/checkpoints-000449.html
[4620] 3a08e3bfec2db5d C /home/capstone/project/test_files/checkpoints-000318.ppt
[4620] 3a08e3bfec2db5d O /home/capstone/project/test_files/000212.html.nnvjxgy
[4620] 3a08e3bfec2db5d C /home/capstone/project/test_files/checkpoints-000212.html
[4620] 3a08e3bfec2db5d O /home/capstone/project/test_files/000241.gif.nnvjxgy
[4620] 3a08e3bfec2db5d O /home/capstone/project/test_files/000428.html.nnvjxgy
[4620] 3a08e3bfec2db5d C /home/capstone/project/test_files/checkpoints-000241.gif
[4620] 3a08e3bfec2db5d C /home/capstone/project/test_files/checkpoints-000428.html
[4620] 3a08e3bfec2db5d O /home/capstone/project/test_files/000875.html.nnvjxgy
[4620] 3a08e3bfec2db5d C /home/capstone/project/test_files/checkpoints-000875.html
[4620] 3a08e3bfec2db5d O /home/capstone/project/test_files/000488.unk.nnvjxgy
[4620] 3a08e3bfec2db5d C /home/capstone/project/test_files/checkpoints-000488.unk
[4620] 3a08e3bfec2db5d O /home/capstone/project/test_files/000433.html.nnvjxgy
[4620] 3a08e3bfec2db5d C /home/capstone/project/test_files/checkpoints-000433.html
[4620] 3a08e3bfec2db5d O /home/capstone/project/test_files/000216.html.nnvjxgy
[4620] 3a08e3bfec2db5d C /home/capstone/project/test_files/checkpoints-000216.html
[4620] 3a08e3bfec2db5d O /home/capstone/project/test_files/000332.pdf.nnvjxgy
[4620] 3a08e3bfec2db5d O /home/capstone/project/test_files/000969.jpg.nnvjxgy
[4620] 3a08e3bfec2db5d C /home/capstone/project/test_files/checkpoints-000969.jpg
[4620] 3a08e3bfec2db5d O /home/capstone/project/test_files/000743.log.nnvjxgy
[4620] 3a08e3bfec2db5d C /home/capstone/project/test_files/checkpoints-000743.log
[4620] 3a08e3bfec2db5d O /home/capstone/project/test_files/000901.pdf.nnvjxgy
[4620] 3a08e3bfec2db5d C /home/capstone/project/test_files/checkpoints-000901.pdf
[4620] 3a08e3bfec2db5d O /home/capstone/project/test_files/000529.gif.nnvjxgy
[4620] 3a08e3bfec2db5d C /home/capstone/project/test_files/checkpoints-000529.gif
[4620] 3a08e3bfec2db5d O /home/capstone/project/test_files/000334.pdf.nnvjxgy
[4620] 3a08e3bfec2db5d C /home/capstone/project/test_files/checkpoints-000332.pdf
[4620] 3a08e3bfec2db5d O /home/capstone/project/test_files/000353.pdf.nnvjxgy
[4620] 3a08e3bfec2db5d C /home/capstone/project/test_files/checkpoints-000353.pdf
[4620] 3a08e3bfec2db5d O /home/capstone/project/test_files/000034.xls.nnvjxgy
[4620] 3a08e3bfec2db5d C /home/capstone/project/test_files/checkpoints-000034.xls
[4620] 3a08e3bfec2db5d O /home/capstone/project/test_files/000701.doc.nnvjxgy
[4620] 3a08e3bfec2db5d C /home/capstone/project/test_files/checkpoints-000701.doc
[4620] 3a08e3bfec2db5d D /home/capstone/project/test_files/checkpoints-000053.xls.nnvjxgy
[4620] 3a08e3bfec2db5d O /home/capstone/project/test_files/000206.html.nnvjxgy
[4620] 3a08e3bfec2db5d C /home/capstone/project/test_files/checkpoints-000206.html.nnvjxgy
[4620] 3a08e3bfec2db5d C /home/capstone/project/test_files/checkpoints-000334.pdf
[4620] 3a08e3bfec2db5d O /home/capstone/project/test_files/000069.html.nnvjxgy
[4620] 3a08e3bfec2db5d O /home/capstone/project/test_files/000592.pdf.nnvjxgy
[4620] 3a08e3bfec2db5d C /home/capstone/project/test_files/checkpoints-000069.html
[4620] 3a08e3bfec2db5d C /home/capstone/project/test_files/checkpoints-000592.pdf
[4620] 3a08e3bfec2db5d O /home/capstone/project/test_files/000855.txt.nnvjxgy
[4620] 3a08e3bfec2db5d O /home/capstone/project/test_files/000778.xls.nnvjxgy
[4620] 3a08e3bfec2db5d C /home/capstone/project/test_files/checkpoints-000855.txt
[4620] 3a08e3bfec2db5d C /home/capstone/project/test_files/checkpoints-000778.xls
[4620] 3a08e3bfec2db5d O /home/capstone/project/test_files/000572.pdf.nnvjxgy
[4620] 3a08e3bfec2db5d O /home/capstone/project/test_files/000845.swf.nnvjxgy
[4620] 3a08e3bfec2db5d C /home/capstone/project/test_files/checkpoints-000845.swf
[4620] 3a08e3bfec2db5d C /home/capstone/project/test_files/checkpoints-000572.pdf
[4620] 3a08e3bfec2db5d O /home/capstone/project/test_files/000022.pdf.nnvjxgy
[4620] 3a08e3bfec2db5d O /home/capstone/project/test_files/000320.ppt.nnvjxgy
[4620] 3a08e3bfec2db5d C /home/capstone/project/test_files/checkpoints-000022.pdf
[4620] 3a08e3bfec2db5d C /home/capstone/project/test_files/checkpoints-000320.ppt
[4620] 3a08e3bfec2db5d O /home/capstone/project/test_files/000071.html.nnvjxgy
[4620] 3a08e3bfec2db5d C /home/capstone/project/test_files/checkpoints-000071.html
[4620] 3a08e3bfec2db5d O /home/capstone/project/test_files/000165.ppt.nnvjxgy
[4620] 3a08e3bfec2db5d C /home/capstone/project/test_files/checkpoints-000165.ppt
[4620] 3a08e3bfec2db5d O /home/capstone/project/test_files/000970.doc.nnvjxgy
[4620] 3a08e3bfec2db5d C /home/capstone/project/test_files/checkpoints-000970.doc
[4620] 3a08e3bfec2db5d O /home/capstone/project/test_files/000004.doc.nnvjxgy
[4620] 3a08e3bfec2db5d C /home/capstone/project/test_files/checkpoints-000004.doc
[4620] 3a08e3bfec2db5d O /home/capstone/project/test_files/000460.txt.nnvjxgy
[4620] 3a08e3bfec2db5d C /home/capstone/project/test_files/checkpoints-000460.txt
[4620] 3a08e3bfec2db5d O /home/capstone/project/test_files/000530.gif.nnvjxgy
[4620] 3a08e3bfec2db5d C /home/capstone/project/test_files/checkpoints-000530.gif
[4620] 3a08e3bfec2db5d O /home/capstone/project/test_files/000629.pdf.nnvjxgy
[4620] 3a08e3bfec2db5d O /home/capstone/project/test_files/000039.xml.nnvjxgy
[4620] 3a08e3bfec2db5d C /home/capstone/project/test_files/checkpoints-000629.pdf
[4620] 3a08e3bfec2db5d C /home/capstone/project/test_files/checkpoints-000039.xml
[4620] 3a08e3bfec2db5d O /home/capstone/project/test_files/000804.doc.nnvjxgy
[4620] 3a08e3bfec2db5d C /home/capstone/project/test_files/checkpoints-000804.doc
[4620] 3a08e3bfec2db5d O /home/capstone/project/test_files/000186.html.nnvjxgy
[4620] 3a08e3bfec2db5d C /home/capstone/project/test_files/checkpoints-000186.html
[4620] 3a08e3bfec2db5d O /home/capstone/project/test_files/000132.doc.nnvjxgy
[4620] 3a08e3bfec2db5d C /home/capstone/project/test_files/checkpoints-000132.doc
[4620] 3a08e3bfec2db5d O /home/capstone/project/test_files/000617.html.nnvjxgy
[4620] 3a08e3bfec2db5d C /home/capstone/project/test_files/checkpoints-000617.html
[4620] 3a08e3bfec2db5d O /home/capstone/project/test_files/000720.ppt.nnvjxgy
[4620] 3a08e3bfec2db5d C /home/capstone/project/test_files/checkpoints-000720.ppt
[4620] 3a08e3bfec2db5d O /home/capstone/project/test_files/000633.xls.nnvjxgy
[4620] 3a08e3bfec2db5d C /home/capstone/project/test_files/checkpoints-000633.xls
[4620] 3a08e3bfec2db5d O /home/capstone/project/test_files/000754.gz.nnvjxgy
[4620] 3a08e3bfec2db5d C /home/capstone/project/test_files/checkpoints-000754.gz
[4620] 3a08e3bfec2db5d O /home/capstone/project/test_files/000223.f.nnvjxgy
[4620] 3a08e3bfec2db5d C /home/capstone/project/test_files/checkpoints-000223.f
[4620] 3a08e3bfec2db5d O /home/capstone/project/test_files/000007.doc.nnvjxgy
[4620] 3a08e3bfec2db5d C /home/capstone/project/test_files/checkpoints-000007.doc
[4620] 3a08e3bfec2db5d O /home/capstone/project/test_files/000122.doc.nnvjxgy
[4620] 3a08e3bfec2db5d C /home/capstone/project/test_files/checkpoints-000122.doc
[4620] 3a08e3bfec2db5d O /home/capstone/project/test_files/000442.html.nnvjxgy
[4620] 3a08e3bfec2db5d C /home/capstone/project/test_files/checkpoints-000442.html
[4620] 3a08e3bfec2db5d O /home/capstone/project/test_files/000771.doc.nnvjxgy
[4620] 3a08e3bfec2db5d C /home/capstone/project/test_files/checkpoints-000771.doc
[4620] 3a08e3bfec2db5d O /home/capstone/project/test_files/000269.pdf.nnvjxgy
[4620] 3a08e3bfec2db5d C /home/capstone/project/test_files/checkpoints-000269.pdf
[4620] 3a08e3bfec2db5d O /home/capstone/project/test_files/000981.doc.nnvjxgy
[4620] 3a08e3bfec2db5d C /home/capstone/project/test_files/checkpoints-000981.doc
[4620] 3a08e3bfec2db5d O /home/capstone/project/test_files/000499.txt.nnvjxgy
[4620] 3a08e3bfec2db5d C /home/capstone/project/test_files/checkpoints-000499.txt
[4620] 3a08e3bfec2db5d O /home/capstone/project/test_files/000224.txt.nnvjxgy
[4620] 3a08e3bfec2db5d C /home/capstone/project/test_files/checkpoints-000224.txt
[4620] 3a08e3bfec2db5d O /home/capstone/project/test_files/000976.doc.nnvjxgy
[4620] 3a08e3bfec2db5d C /home/capstone/project/test_files/checkpoints-000976.doc
[4620] 3a08e3bfec2db5d O /home/capstone/project/test_files/000995.ppt.nnvjxgy
[4620] 3a08e3bfec2db5d C /home/capstone/project/test_files/checkpoints-000995.ppt
[4620] 3a08e3bfec2db5d O /home/capstone/project/test_files/000714.ppt.nnvjxgy
[4620] 3a08e3bfec2db5d C /home/capstone/project/test_files/checkpoints-000714.ppt
[4620] 3a08e3bfec2db5d O /home/capstone/project/test_files/000735.html.nnvjxgy
[4620] 3a08e3bfec2db5d C /home/capstone/project/test_files/checkpoints-000735.html
[4620] 3a08e3bfec2db5d O /home/capstone/project/test_files/000410.html.nnvjxgy
[4620] 3a08e3bfec2db5d C /home/capstone/project/test_files/checkpoints-000410.html
[4620] 3a08e3bfec2db5d O /home/capstone/project/test_files/000699.log.nnvjxgy
[4620] 3a08e3bfec2db5d C /home/capstone/project/test_files/checkpoints-000699.log
[4620] 3a08e3bfec2db5d O /home/capstone/project/test_files/000809.pdf.nnvjxgy
[4620] 3a08e3bfec2db5d C /home/capstone/project/test_files/checkpoints-000809.pdf
[4620] 3a08e3bfec2db5d O /home/capstone/project/test_files/000587.pdf.nnvjxgy
[4620] 3a08e3bfec2db5d C /home/capstone/project/test_files/checkpoints-000587.pdf
[4620] 3a08e3bfec2db5d O /home/capstone/project/test_files/000519.gif.nnvjxgy
[4620] 3a08e3bfec2db5d C /home/capstone/project/test_files/checkpoints-000519.gif
[4620] 3a08e3bfec2db5d O /home/capstone/project/test_files/000670.txt.nnvjxgy
[4620] 3a08e3bfec2db5d C /home/capstone/project/test_files/checkpoints-000670.txt
[4620] 3a08e3bfec2db5d O /home/capstone/project/test_files/000923.xml.nnvjxgy
[4620] 3a08e3bfec2db5d C /home/capstone/project/test_files/checkpoints-000923.xml
[4620] 3a08e3bfec2db5d O /home/capstone/project/test_files/000707.doc.nnvjxgy
[4620] 3a08e3bfec2db5d C /home/capstone/project/test_files/checkpoints-000707.doc
[4620] 3a08e3bfec2db5d O /home/capstone/project/test_files/000207.html.nnvjxgy
[4620] 3a08e3bfec2db5d C /home/capstone/project/test_files/checkpoints-000207.html
[4620] 3a08e3bfec2db5d O /home/capstone/project/test_files/000844.txt.nnvjxgy
[4620] 3a08e3bfec2db5d C /home/capstone/project/test_files/checkpoints-000844.txt
[4620] 3a08e3bfec2db5d O /home/capstone/project/test_files/000894.html.nnvjxgy
[4620] 3a08e3bfec2db5d O /home/capstone/project/test_files/000461.html.nnvjxgy
[4620] 3a08e3bfec2db5d C /home/capstone/project/test_files/checkpoints-000461.html
[4620] 3a08e3bfec2db5d C /home/capstone/project/test_files/checkpoints-000894.html
[4620] 3a08e3bfec2db5d O /home/capstone/project/test_files/000381.pdf.nnvjxgy
[4620] 3a08e3bfec2db5d C /home/capstone/project/test_files/checkpoints-000381.pdf
[4620] 3a08e3bfec2db5d O /home/capstone/project/test_files/000489.txt.nnvjxgy
[4620] 3a08e3bfec2db5d C /home/capstone/project/test_files/checkpoints-000489.txt
[4620] 3a08e3bfec2db5d O /home/capstone/project/test_files/000545.gif.nnvjxgy
[4620] 3a08e3bfec2db5d C /home/capstone/project/test_files/checkpoints-000545.gif
[4620] 3a08e3bfec2db5d O /home/capstone/project/test_files/000285.doc.nnvjxgy
[4620] 3a08e3bfec2db5d C /home/capstone/project/test_files/checkpoints-000285.doc
[4620] 3a08e3bfec2db5d O /home/capstone/project/test_files/000748.pdf.nnvjxgy
[4620] 3a08e3bfec2db5d C /home/capstone/project/test_files/checkpoints-000748.pdf
[4620] 3a08e3bfec2db5d O /home/capstone/project/test_files/000810.pdf.nnvjxgy
[4620] 3a08e3bfec2db5d C /home/capstone/project/test_files/checkpoints-000810.pdf
[4620] 3a08e3bfec2db5d O /home/capstone/project/test_files/000865.gz.nnvjxgy
[4620] 3a08e3bfec2db5d C /home/capstone/project/test_files/checkpoints-000865.gz
[4620] 3a08e3bfec2db5d O /home/capstone/project/test_files/000773.ps.nnvjxgy
[4620] 3a08e3bfec2db5d C /home/capstone/project/test_files/checkpoints-000773.ps
[4620] 3a08e3bfec2db5d O /home/capstone/project/test_files/000109.jpg.nnvjxgy
[4620] 3a08e3bfec2db5d O /home/capstone/project/test_files/000675.doc.nnvjxgy
[4620] 3a08e3bfec2db5d C /home/capstone/project/test_files/checkpoints-000675.doc
[4620] 3a08e3bfec2db5d C /home/capstone/project/test_files/checkpoints-000109.jpg
[4620] 3a08e3bfec2db5d O /home/capstone/project/test_files/000082.txt.nnvjxgy
[4620] 3a08e3bfec2db5d C /home/capstone/project/test_files/checkpoints-000082.txt
[4620] 3a08e3bfec2db5d O /home/capstone/project/test_files/000431.html.nnvjxgy
[4620] 3a08e3bfec2db5d C /home/capstone/project/test_files/checkpoints-000431.html
[4620] 3a08e3bfec2db5d O /home/capstone/project/test_files/000692.html.nnvjxgy
[4620] 3a08e3bfec2db5d C /home/capstone/project/test_files/checkpoints-000692.html
[4620] 3a08e3bfec2db5d O /home/capstone/project/test_files/000324.pdf.nnvjxgy
[4620] 3a08e3bfec2db5d C /home/capstone/project/test_files/checkpoints-000324.pdf
[4620] 3a08e3bfec2db5d O /home/capstone/project/test_files/000866.txt.nnvjxgy
[4620] 3a08e3bfec2db5d C /home/capstone/project/test_files/checkpoints-000866.txt
[4620] 3a08e3bfec2db5d O /home/capstone/project/test_files/000389.dbase3.nnvjxgy
[4620] 3a08e3bfec2db5d C /home/capstone/project/test_files/checkpoints-000389.dbase3
[4620] 3a08e3bfec2db5d O /home/capstone/project/test_files/000793.html.nnvjxgy
[4620] 3a08e3bfec2db5d C /home/capstone/project/test_files/checkpoints-000793.html
[4620] 3a08e3bfec2db5d O /home/capstone/project/test_files/000534.gif.nnvjxgy
[4620] 3a08e3bfec2db5d O /home/capstone/project/test_files/000697.log.nnvjxgy
[4620] 3a08e3bfec2db5d C /home/capstone/project/test_files/checkpoints-000697.log
[4620] 3a08e3bfec2db5d C /home/capstone/project/test_files/checkpoints-000534.gif
[4620] 3a08e3bfec2db5d O /home/capstone/project/test_files/000322.ppt.nnvjxgy
[4620] 3a08e3bfec2db5d C /home/capstone/project/test_files/checkpoints-000322.ppt
[4620] 3a08e3bfec2db5d O /home/capstone/project/test_files/000494.txt.nnvjxgy
[4620] 3a08e3bfec2db5d C /home/capstone/project/test_files/checkpoints-000494.txt
[4620] 3a08e3bfec2db5d O /home/capstone/project/test_files/000861.txt.nnvjxgy
[4620] 3a08e3bfec2db5d C /home/capstone/project/test_files/checkpoints-000861.txt
[4620] 3a08e3bfec2db5d O /home/capstone/project/test_files/000110.jpg.nnvjxgy
[4620] 3a08e3bfec2db5d O /home/capstone/project/test_files/000849.txt.nnvjxgy
[4620] 3a08e3bfec2db5d C /home/capstone/project/test_files/checkpoints-000849.txt
[4620] 3a08e3bfec2db5d C /home/capstone/project/test_files/checkpoints-000110.jpg
[4620] 3a08e3bfec2db5d O /home/capstone/project/test_files/000294.ppt.nnvjxgy
[4620] 3a08e3bfec2db5d C /home/capstone/project/test_files/checkpoints-000294.ppt
[4620] 3a08e3bfec2db5d O /home/capstone/project/test_files/000153.pdf.nnvjxgy
[4620] 3a08e3bfec2db5d O /home/capstone/project/test_files/000014.html.nnvjxgy
[4620] 3a08e3bfec2db5d C /home/capstone/project/test_files/checkpoints-000014.html
[4620] 3a08e3bfec2db5d C /home/capstone/project/test_files/checkpoints-000153.pdf
[4620] 3a08e3bfec2db5d O /home/capstone/project/test_files/000382.xls.nnvjxgy
[4620] 3a08e3bfec2db5d C /home/capstone/project/test_files/checkpoints-000382.xls
[4620] 3a08e3bfec2db5d O /home/capstone/project/test_files/000078.html.nnvjxgy
[4620] 3a08e3bfec2db5d C /home/capstone/project/test_files/checkpoints-000078.html
[4620] 3a08e3bfec2db5d O /home/capstone/project/test_files/000496.xml.nnvjxgy
[4620] 3a08e3bfec2db5d O /home/capstone/project/test_files/000631.pdf.nnvjxgy
[4620] 3a08e3bfec2db5d C /home/capstone/project/test_files/checkpoints-000631.pdf
[4620] 3a08e3bfec2db5d C /home/capstone/project/test_files/checkpoints-000496.xml
[4620] 3a08e3bfec2db5d O /home/capstone/project/test_files/000768.ps.nnvjxgy
[4620] 3a08e3bfec2db5d C /home/capstone/project/test_files/checkpoints-000768.ps
[4620] 3a08e3bfec2db5d O /home/capstone/project/test_files/000782.xls.nnvjxgy
[4620] 3a08e3bfec2db5d C /home/capstone/project/test_files/checkpoints-000782.xls
[4620] 3a08e3bfec2db5d O /home/capstone/project/test_files/000354.pdf.nnvjxgy
[4620] 3a08e3bfec2db5d C /home/capstone/project/test_files/checkpoints-000354.pdf
[4620] 3a08e3bfec2db5d O /home/capstone/project/test_files/000827.txt.nnvjxgy
[4620] 3a08e3bfec2db5d O /home/capstone/project/test_files/000040.xls.nnvjxgy
[4620] 3a08e3bfec2db5d C /home/capstone/project/test_files/checkpoints-000040.xls
[4620] 3a08e3bfec2db5d C /home/capstone/project/test_files/checkpoints-000827.txt
[4620] 3a08e3bfec2db5d O /home/capstone/project/test_files/000227.txt.nnvjxgy
[4620] 3a08e3bfec2db5d C /home/capstone/project/test_files/checkpoints-000227.txt
[4620] 3a08e3bfec2db5d O /home/capstone/project/test_files/000209.html.nnvjxgy
[4620] 3a08e3bfec2db5d C /home/capstone/project/test_files/checkpoints-000209.html
[4620] 3a08e3bfec2db5d O /home/capstone/project/test_files/000298.ppt.nnvjxgy
[4620] 3a08e3bfec2db5d C /home/capstone/project/test_files/checkpoints-000298.ppt
[4620] 3a08e3bfec2db5d O /home/capstone/project/test_files/000598.html.nnvjxgy
[4620] 3a08e3bfec2db5d C /home/capstone/project/test_files/checkpoints-000598.html
[4620] 3a08e3bfec2db5d O /home/capstone/project/test_files/000013.pdf.nnvjxgy
[4620] 3a08e3bfec2db5d C /home/capstone/project/test_files/checkpoints-000013.pdf
[4620] 3a08e3bfec2db5d O /home/capstone/project/test_files/000361.pdf.nnvjxgy
[4620] 3a08e3bfec2db5d C /home/capstone/project/test_files/checkpoints-000361.pdf
[4620] 3a08e3bfec2db5d O /home/capstone/project/test_files/000728.ppt.nnvjxgy
[4620] 3a08e3bfec2db5d C /home/capstone/project/test_files/checkpoints-000728.ppt
[4620] 3a08e3bfec2db5d O /home/capstone/project/test_files/000015.pdf.nnvjxgy
[4620] 3a08e3bfec2db5d C /home/capstone/project/test_files/checkpoints-000015.pdf
[4620] 3a08e3bfec2db5d O /home/capstone/project/test_files/000816.pdf.nnvjxgy
[4620] 3a08e3bfec2db5d C /home/capstone/project/test_files/checkpoints-000816.pdf
[4620] 3a08e3bfec2db5d O /home/capstone/project/test_files/000055.xls.nnvjxgy
[4620] 3a08e3bfec2db5d C /home/capstone/project/test_files/checkpoints-000055.xls
[4620] 3a08e3bfec2db5d O /home/capstone/project/test_files/000303.ppt.nnvjxgy
[4620] 3a08e3bfec2db5d C /home/capstone/project/test_files/checkpoints-000303.ppt
[4620] 3a08e3bfec2db5d O /home/capstone/project/test_files/000873.jpg.nnvjxgy
[4620] 3a08e3bfec2db5d C /home/capstone/project/test_files/checkpoints-000873.jpg
[4620] 3a08e3bfec2db5d O /home/capstone/project/test_files/000582.pdf.nnvjxgy
[4620] 3a08e3bfec2db5d C /home/capstone/project/test_files/checkpoints-000582.pdf
[4620] 3a08e3bfec2db5d O /home/capstone/project/test_files/000928.txt.nnvjxgy
[4620] 3a08e3bfec2db5d C /home/capstone/project/test_files/checkpoints-000928.txt
[4620] 3a08e3bfec2db5d O /home/capstone/project/test_files/000181.ppt.nnvjxgy
[4620] 3a08e3bfec2db5d C /home/capstone/project/test_files/checkpoints-000181.ppt
[4620] 3a08e3bfec2db5d O /home/capstone/project/test_files/000202.html.nnvjxgy
[4620] 3a08e3bfec2db5d O /home/capstone/project/test_files/000543.gif.nnvjxgy
[4620] 3a08e3bfec2db5d C /home/capstone/project/test_files/checkpoints-000543.gif
[4620] 3a08e3bfec2db5d O /home/capstone/project/test_files/000264.doc.nnvjxgy
[4620] 3a08e3bfec2db5d C /home/capstone/project/test_files/checkpoints-000264.doc
[4620] 3a08e3bfec2db5d C /home/capstone/project/test_files/checkpoints-000202.html
[4620] 3a08e3bfec2db5d O /home/capstone/project/test_files/000738.pdf.nnvjxgy
[4620] 3a08e3bfec2db5d C /home/capstone/project/test_files/checkpoints-000738.pdf
[4620] 3a08e3bfec2db5d O /home/capstone/project/test_files/000278.doc.nnvjxgy
[4620] 3a08e3bfec2db5d C /home/capstone/project/test_files/checkpoints-000278.doc
[4620] 3a08e3bfec2db5d O /home/capstone/project/test_files/000527.gif.nnvjxgy
[4620] 3a08e3bfec2db5d C /home/capstone/project/test_files/checkpoints-000527.gif
[4620] 3a08e3bfec2db5d O /home/capstone/project/test_files/000814.html.nnvjxgy
[4620] 3a08e3bfec2db5d C /home/capstone/project/test_files/checkpoints-000814.html
[4620] 3a08e3bfec2db5d O /home/capstone/project/test_files/000723.ppt.nnvjxgy
[4620] 3a08e3bfec2db5d C /home/capstone/project/test_files/checkpoints-000723.ppt
[4620] 3a08e3bfec2db5d O /home/capstone/project/test_files/000858.txt.nnvjxgy
[4620] 3a08e3bfec2db5d C /home/capstone/project/test_files/checkpoints-000858.txt
[4620] 3a08e3bfec2db5d O /home/capstone/project/test_files/000783.html.nnvjxgy
[4620] 3a08e3bfec2db5d C /home/capstone/project/test_files/checkpoints-000783.html
[4620] 3a08e3bfec2db5d O /home/capstone/project/test_files/000311.ppt.nnvjxgy
[4620] 3a08e3bfec2db5d C /home/capstone/project/test_files/checkpoints-000311.ppt
[4620] 3a08e3bfec2db5d O /home/capstone/project/test_files/000904.pdf.nnvjxgy
[4620] 3a08e3bfec2db5d O /home/capstone/project/test_files/000385.xls.nnvjxgy
[4620] 3a08e3bfec2db5d C /home/capstone/project/test_files/checkpoints-000385.xls
[4620] 3a08e3bfec2db5d C /home/capstone/project/test_files/checkpoints-000904.pdf
[4620] 3a08e3bfec2db5d O /home/capstone/project/test_files/000983.ppt.nnvjxgy
[4620] 3a08e3bfec2db5d C /home/capstone/project/test_files/checkpoints-000983.ppt
[4620] 3a08e3bfec2db5d O /home/capstone/project/test_files/000474.txt.nnvjxgy
[4620] 3a08e3bfec2db5d O /home/capstone/project/test_files/000152.pdf.nnvjxgy
[4620] 3a08e3bfec2db5d C /home/capstone/project/test_files/checkpoints-000474.txt
[4620] 3a08e3bfec2db5d C /home/capstone/project/test_files/checkpoints-000152.pdf
[4620] 3a08e3bfec2db5d O /home/capstone/project/test_files/000694.html.nnvjxgy
[4620] 3a08e3bfec2db5d C /home/capstone/project/test_files/checkpoints-000694.html
[4620] 3a08e3bfec2db5d O /home/capstone/project/test_files/000744.pdf.nnvjxgy
[4620] 3a08e3bfec2db5d C /home/capstone/project/test_files/checkpoints-000744.pdf
[4620] 3a08e3bfec2db5d O /home/capstone/project/test_files/000315.ppt.nnvjxgy
[4620] 3a08e3bfec2db5d C /home/capstone/project/test_files/checkpoints-000315.ppt
[4620] 3a08e3bfec2db5d O /home/capstone/project/test_files/000920.txt.nnvjxgy
[4620] 3a08e3bfec2db5d O /home/capstone/project/test_files/000291.ppt.nnvjxgy
[4620] 3a08e3bfec2db5d C /home/capstone/project/test_files/checkpoints-000291.ppt
[4620] 3a08e3bfec2db5d C /home/capstone/project/test_files/checkpoints-000920.txt
[4620] 3a08e3bfec2db5d O /home/capstone/project/test_files/000674.pdf.nnvjxgy
[4620] 3a08e3bfec2db5d C /home/capstone/project/test_files/checkpoints-000674.pdf
[4620] 3a08e3bfec2db5d O /home/capstone/project/test_files/000299.ppt.nnvjxgy
[4620] 3a08e3bfec2db5d C /home/capstone/project/test_files/checkpoints-000299.ppt
[4620] 3a08e3bfec2db5d O /home/capstone/project/test_files/000979.doc.nnvjxgy
[4620] 3a08e3bfec2db5d C /home/capstone/project/test_files/checkpoints-000979.doc
[4620] 3a08e3bfec2db5d O /home/capstone/project/test_files/000540.jpg.nnvjxgy
[4620] 3a08e3bfec2db5d C /home/capstone/project/test_files/checkpoints-000540.jpg
[4620] 3a08e3bfec2db5d O /home/capstone/project/test_files/000672.pdf.nnvjxgy
[4620] 3a08e3bfec2db5d O /home/capstone/project/test_files/000993.ppt.nnvjxgy
[4620] 3a08e3bfec2db5d C /home/capstone/project/test_files/checkpoints-000993.ppt
[4620] 3a08e3bfec2db5d C /home/capstone/project/test_files/checkpoints-000672.pdf
[4620] 3a08e3bfec2db5d O /home/capstone/project/test_files/000712.ppt.nnvjxgy
[4620] 3a08e3bfec2db5d C /home/capstone/project/test_files/checkpoints-000712.ppt
[4620] 3a08e3bfec2db5d O /home/capstone/project/test_files/000586.pdf.nnvjxgy
[4620] 3a08e3bfec2db5d C /home/capstone/project/test_files/checkpoints-000586.pdf
[4620] 3a08e3bfec2db5d O /home/capstone/project/test_files/000665.txt.nnvjxgy
[4620] 3a08e3bfec2db5d O /home/capstone/project/test_files/000870.jpg.nnvjxgy
[4620] 3a08e3bfec2db5d C /home/capstone/project/test_files/checkpoints-000870.jpg
[4620] 3a08e3bfec2db5d O /home/capstone/project/test_files/000550.jpg.nnvjxgy
[4620] 3a08e3bfec2db5d C /home/capstone/project/test_files/checkpoints-000550.jpg
[4620] 3a08e3bfec2db5d C /home/capstone/project/test_files/checkpoints-000665.txt
[4620] 3a08e3bfec2db5d O /home/capstone/project/test_files/000775.xls.nnvjxgy
[4620] 3a08e3bfec2db5d C /home/capstone/project/test_files/checkpoints-000775.xls
[4620] 3a08e3bfec2db5d O /home/capstone/project/test_files/000376.dbase3.nnvjxgy
[4620] 3a08e3bfec2db5d C /home/capstone/project/test_files/checkpoints-000376.dbase3
[4620] 3a08e3bfec2db5d O /home/capstone/project/test_files/000336.pdf.nnvjxgy
[4620] 3a08e3bfec2db5d C /home/capstone/project/test_files/checkpoints-000336.pdf
[4620] 3a08e3bfec2db5d O /home/capstone/project/test_files/000659.txt.nnvjxgy
[4620] 3a08e3bfec2db5d C /home/capstone/project/test_files/checkpoints-000659.txt
[4620] 3a08e3bfec2db5d O /home/capstone/project/test_files/000830.html.nnvjxgy
[4620] 3a08e3bfec2db5d C /home/capstone/project/test_files/checkpoints-000830.html
[4620] 3a08e3bfec2db5d O /home/capstone/project/test_files/000404.jpg.nnvjxgy
[4620] 3a08e3bfec2db5d O /home/capstone/project/test_files/000564.csv.nnvjxgy
[4620] 3a08e3bfec2db5d C /home/capstone/project/test_files/checkpoints-000564.csv
[4620] 3a08e3bfec2db5d C /home/capstone/project/test_files/checkpoints-000404.jpg
[4620] 3a08e3bfec2db5d O /home/capstone/project/test_files/000954.pdf.nnvjxgy
[4620] 3a08e3bfec2db5d C /home/capstone/project/test_files/checkpoints-000954.pdf
[4620] 3a08e3bfec2db5d O /home/capstone/project/test_files/000210.html.nnvjxgy
[4620] 3a08e3bfec2db5d C /home/capstone/project/test_files/checkpoints-000210.html
[4620] 3a08e3bfec2db5d O /home/capstone/project/test_files/000604.html.nnvjxgy
[4620] 3a08e3bfec2db5d O /home/capstone/project/test_files/000831.txt.nnvjxgy
[4620] 3a08e3bfec2db5d C /home/capstone/project/test_files/checkpoints-000831.txt
[4620] 3a08e3bfec2db5d C /home/capstone/project/test_files/checkpoints-000604.html
[4620] 3a08e3bfec2db5d O /home/capstone/project/test_files/000684.jpg.nnvjxgy
[4620] 3a08e3bfec2db5d C /home/capstone/project/test_files/checkpoints-000684.jpg
[4620] 3a08e3bfec2db5d O /home/capstone/project/test_files/000523.png.nnvjxgy
[4620] 3a08e3bfec2db5d C /home/capstone/project/test_files/checkpoints-000523.png
[4620] 3a08e3bfec2db5d O /home/capstone/project/test_files/000201.html.nnvjxgy
[4620] 3a08e3bfec2db5d C /home/capstone/project/test_files/checkpoints-000201.html
[4620] 3a08e3bfec2db5d O /home/capstone/project/test_files/000262.pdf.nnvjxgy
[4620] 3a08e3bfec2db5d C /home/capstone/project/test_files/checkpoints-000262.pdf
[4620] 3a08e3bfec2db5d O /home/capstone/project/test_files/000624.txt.nnvjxgy
[4620] 3a08e3bfec2db5d C /home/capstone/project/test_files/checkpoints-000624.txt
[4620] 3a08e3bfec2db5d O /home/capstone/project/test_files/000149.pdf.nnvjxgy
[4620] 3a08e3bfec2db5d C /home/capstone/project/test_files/checkpoints-000149.pdf
[4620] 3a08e3bfec2db5d O /home/capstone/project/test_files/000688.gif.nnvjxgy
[4620] 3a08e3bfec2db5d C /home/capstone/project/test_files/checkpoints-000688.gif
[4620] 3a08e3bfec2db5d O /home/capstone/project/test_files/000196.pdf.nnvjxgy
[4620] 3a08e3bfec2db5d C /home/capstone/project/test_files/checkpoints-000196.pdf
[4620] 3a08e3bfec2db5d O /home/capstone/project/test_files/000907.html.nnvjxgy
[4620] 3a08e3bfec2db5d C /home/capstone/project/test_files/checkpoints-000907.html
[4620] 3a08e3bfec2db5d O /home/capstone/project/test_files/000790.doc.nnvjxgy
[4620] 3a08e3bfec2db5d C /home/capstone/project/test_files/checkpoints-000790.doc
[4620] 3a08e3bfec2db5d O /home/capstone/project/test_files/000396.xls.nnvjxgy
[4620] 3a08e3bfec2db5d C /home/capstone/project/test_files/checkpoints-000396.xls
[4620] 3a08e3bfec2db5d O /home/capstone/project/test_files/000537.gif.nnvjxgy
[4620] 3a08e3bfec2db5d C /home/capstone/project/test_files/checkpoints-000537.gif
[4620] 3a08e3bfec2db5d O /home/capstone/project/test_files/000194.html.nnvjxgy
[4620] 3a08e3bfec2db5d C /home/capstone/project/test_files/checkpoints-000194.html
[4620] 3a08e3bfec2db5d O /home/capstone/project/test_files/000312.ppt.nnvjxgy
[4620] 3a08e3bfec2db5d C /home/capstone/project/test_files/checkpoints-000312.ppt
[4620] 3a08e3bfec2db5d O /home/capstone/project/test_files/000417.jpg.nnvjxgy
[4620] 3a08e3bfec2db5d C /home/capstone/project/test_files/checkpoints-000417.jpg
[4620] 3a08e3bfec2db5d O /home/capstone/project/test_files/000630.pdf.nnvjxgy
[4620] 3a08e3bfec2db5d C /home/capstone/project/test_files/checkpoints-000630.pdf
[4620] 3a08e3bfec2db5d O /home/capstone/project/test_files/000252.pdf.nnvjxgy
[4620] 3a08e3bfec2db5d C /home/capstone/project/test_files/checkpoints-000252.pdf
[4620] 3a08e3bfec2db5d O /home/capstone/project/test_files/000502.txt.nnvjxgy
[4620] 3a08e3bfec2db5d C /home/capstone/project/test_files/checkpoints-000502.txt
[4620] 3a08e3bfec2db5d O /home/capstone/project/test_files/000123.html.nnvjxgy
[4620] 3a08e3bfec2db5d C /home/capstone/project/test_files/checkpoints-000123.html
[4620] 3a08e3bfec2db5d O /home/capstone/project/test_files/000168.pdf.nnvjxgy
[4620] 3a08e3bfec2db5d C /home/capstone/project/test_files/checkpoints-000168.pdf
[4620] 3a08e3bfec2db5d O /home/capstone/project/test_files/000471.txt.nnvjxgy
[4620] 3a08e3bfec2db5d C /home/capstone/project/test_files/checkpoints-000471.txt
[4620] 3a08e3bfec2db5d O /home/capstone/project/test_files/000028.pdf.nnvjxgy
[4620] 3a08e3bfec2db5d C /home/capstone/project/test_files/checkpoints-000028.pdf
[4620] 3a08e3bfec2db5d O /home/capstone/project/test_files/000270.pdf.nnvjxgy
[4620] 3a08e3bfec2db5d C /home/capstone/project/test_files/checkpoints-000270.pdf
[4620] 3a08e3bfec2db5d O /home/capstone/project/test_files/000401.xls.nnvjxgy
[4620] 3a08e3bfec2db5d C /home/capstone/project/test_files/checkpoints-000401.xls
[4620] 3a08e3bfec2db5d O /home/capstone/project/test_files/000776.xls.nnvjxgy
[4620] 3a08e3bfec2db5d C /home/capstone/project/test_files/checkpoints-000776.xls
[4620] 3a08e3bfec2db5d O /home/capstone/project/test_files/000438.html.nnvjxgy
[4620] 3a08e3bfec2db5d C /home/capstone/project/test_files/checkpoints-000438.html
[4620] 3a08e3bfec2db5d O /home/capstone/project/test_files/000351.pdf.nnvjxgy
[4620] 3a08e3bfec2db5d C /home/capstone/project/test_files/checkpoints-000351.pdf
[4620] 3a08e3bfec2db5d O /home/capstone/project/test_files/000464.txt.nnvjxgy
[4620] 3a08e3bfec2db5d C /home/capstone/project/test_files/checkpoints-000464.txt
[4620] 3a08e3bfec2db5d O /home/capstone/project/test_files/000077.html.nnvjxgy
[4620] 3a08e3bfec2db5d C /home/capstone/project/test_files/checkpoints-000077.html
[4620] 3a08e3bfec2db5d O /home/capstone/project/test_files/000323.ppt.nnvjxgy
[4620] 3a08e3bfec2db5d C /home/capstone/project/test_files/checkpoints-000323.ppt
[4620] 3a08e3bfec2db5d O /home/capstone/project/test_files/000764.csv.nnvjxgy
[4620] 3a08e3bfec2db5d C /home/capstone/project/test_files/checkpoints-000764.csv
[4620] 3a08e3bfec2db5d O /home/capstone/project/test_files/000770.pdf.nnvjxgy
[4620] 3a08e3bfec2db5d C /home/capstone/project/test_files/checkpoints-000770.pdf
[4620] 3a08e3bfec2db5d O /home/capstone/project/test_files/000462.txt.nnvjxgy
[4620] 3a08e3bfec2db5d C /home/capstone/project/test_files/checkpoints-000462.txt
[4620] 3a08e3bfec2db5d O /home/capstone/project/test_files/000826.pdf.nnvjxgy
[4620] 3a08e3bfec2db5d C /home/capstone/project/test_files/checkpoints-000826.pdf
[4620] 3a08e3bfec2db5d O /home/capstone/project/test_files/000719.ppt.nnvjxgy
[4620] 3a08e3bfec2db5d C /home/capstone/project/test_files/checkpoints-000719.ppt
[4620] 3a08e3bfec2db5d O /home/capstone/project/test_files/000774.ps.nnvjxgy
[4620] 3a08e3bfec2db5d C /home/capstone/project/test_files/checkpoints-000774.ps
[4620] 3a08e3bfec2db5d O /home/capstone/project/test_files/000946.doc.nnvjxgy
[4620] 3a08e3bfec2db5d C /home/capstone/project/test_files/checkpoints-000946.doc
[4620] 3a08e3bfec2db5d O /home/capstone/project/test_files/000635.html.nnvjxgy
[4620] 3a08e3bfec2db5d C /home/capstone/project/test_files/checkpoints-000635.html
[4620] 3a08e3bfec2db5d O /home/capstone/project/test_files/000257.rtf.nnvjxgy
[4620] 3a08e3bfec2db5d C /home/capstone/project/test_files/checkpoints-000257.rtf
[4620] 3a08e3bfec2db5d O /home/capstone/project/test_files/000147.pdf.nnvjxgy
[4620] 3a08e3bfec2db5d C /home/capstone/project/test_files/checkpoints-000147.pdf
[4620] 3a08e3bfec2db5d O /home/capstone/project/test_files/000120.doc.nnvjxgy
[4620] 3a08e3bfec2db5d C /home/capstone/project/test_files/checkpoints-000120.doc
[4620] 3a08e3bfec2db5d O /home/capstone/project/test_files/000836.txt.nnvjxgy
[4620] 3a08e3bfec2db5d C /home/capstone/project/test_files/checkpoints-000836.txt
[4620] 3a08e3bfec2db5d O /home/capstone/project/test_files/000154.doc.nnvjxgy
[4620] 3a08e3bfec2db5d C /home/capstone/project/test_files/checkpoints-000154.doc
[4620] 3a08e3bfec2db5d O /home/capstone/project/test_files/000538.gif.nnvjxgy
[4620] 3a08e3bfec2db5d C /home/capstone/project/test_files/checkpoints-000538.gif
[4620] 3a08e3bfec2db5d O /home/capstone/project/test_files/000340.pdf.nnvjxgy
[4620] 3a08e3bfec2db5d O /home/capstone/project/test_files/000484.txt.nnvjxgy
[4620] 3a08e3bfec2db5d C /home/capstone/project/test_files/checkpoints-000484.txt
[4620] 3a08e3bfec2db5d C /home/capstone/project/test_files/checkpoints-000340.pdf
[4620] 3a08e3bfec2db5d O /home/capstone/project/test_files/000001.doc.nnvjxgy
[4620] 3a08e3bfec2db5d C /home/capstone/project/test_files/checkpoints-000001.doc
[4620] 3a08e3bfec2db5d O /home/capstone/project/test_files/000563.gif.nnvjxgy
[4620] 3a08e3bfec2db5d C /home/capstone/project/test_files/checkpoints-000563.gif
[4620] 3a08e3bfec2db5d O /home/capstone/project/test_files/000780.xls.nnvjxgy
[4620] 3a08e3bfec2db5d C /home/capstone/project/test_files/checkpoints-000780.xls
[4620] 3a08e3bfec2db5d O /home/capstone/project/test_files/000316.pdf.nnvjxgy
[4620] 3a08e3bfec2db5d C /home/capstone/project/test_files/checkpoints-000316.pdf
[4620] 3a08e3bfec2db5d O /home/capstone/project/test_files/000185.html.nnvjxgy
[4620] 3a08e3bfec2db5d C /home/capstone/project/test_files/checkpoints-000185.html
[4620] 3a08e3bfec2db5d O /home/capstone/project/test_files/000126.doc.nnvjxgy
[4620] 3a08e3bfec2db5d C /home/capstone/project/test_files/checkpoints-000126.doc
[4620] 3a08e3bfec2db5d O /home/capstone/project/test_files/000067.xml.nnvjxgy
[4620] 3a08e3bfec2db5d C /home/capstone/project/test_files/checkpoints-000067.xml
[4620] 3a08e3bfec2db5d O /home/capstone/project/test_files/000293.ppt.nnvjxgy
[4620] 3a08e3bfec2db5d O /home/capstone/project/test_files/000135.pdf.nnvjxgy
[4620] 3a08e3bfec2db5d C /home/capstone/project/test_files/checkpoints-000135.pdf
[4620] 3a08e3bfec2db5d C /home/capstone/project/test_files/checkpoints-000293.ppt
[4620] 3a08e3bfec2db5d O /home/capstone/project/test_files/000263.pdf.nnvjxgy
[4620] 3a08e3bfec2db5d C /home/capstone/project/test_files/checkpoints-000263.pdf
[4620] 3a08e3bfec2db5d O /home/capstone/project/test_files/000402.xls.nnvjxgy
[4620] 3a08e3bfec2db5d C /home/capstone/project/test_files/checkpoints-000402.xls
[4620] 3a08e3bfec2db5d O /home/capstone/project/test_files/000287.doc.nnvjxgy
[4620] 3a08e3bfec2db5d C /home/capstone/project/test_files/checkpoints-000287.doc
[4620] 3a08e3bfec2db5d O /home/capstone/project/test_files/000102.txt.nnvjxgy
[4620] 3a08e3bfec2db5d C /home/capstone/project/test_files/checkpoints-000102.txt
[4620] 3a08e3bfec2db5d O /home/capstone/project/test_files/000205.html.nnvjxgy
[4620] 3a08e3bfec2db5d C /home/capstone/project/test_files/checkpoints-000205.html
[4620] 3a08e3bfec2db5d O /home/capstone/project/test_files/000824.html.nnvjxgy
[4620] 3a08e3bfec2db5d C /home/capstone/project/test_files/checkpoints-000824.html
[4620] 3a08e3bfec2db5d O /home/capstone/project/test_files/000042.xls.nnvjxgy
[4620] 3a08e3bfec2db5d C /home/capstone/project/test_files/checkpoints-000042.xls
[4620] 3a08e3bfec2db5d O /home/capstone/project/test_files/000430.html.nnvjxgy
[4620] 3a08e3bfec2db5d C /home/capstone/project/test_files/checkpoints-000430.html
[4620] 3a08e3bfec2db5d O /home/capstone/project/test_files/000739.pdf.nnvjxgy
[4620] 3a08e3bfec2db5d C /home/capstone/project/test_files/checkpoints-000739.pdf
[4620] 3a08e3bfec2db5d O /home/capstone/project/test_files/000932.txt.nnvjxgy
[4620] 3a08e3bfec2db5d C /home/capstone/project/test_files/checkpoints-000932.txt
[4620] 3a08e3bfec2db5d O /home/capstone/project/test_files/000054.xls.nnvjxgy
[4620] 3a08e3bfec2db5d C /home/capstone/project/test_files/checkpoints-000054.xls
[4620] 3a08e3bfec2db5d O /home/capstone/project/test_files/000985.ppt.nnvjxgy
[4620] 3a08e3bfec2db5d C /home/capstone/project/test_files/checkpoints-000985.ppt
[4620] 3a08e3bfec2db5d O /home/capstone/project/test_files/000636.html.nnvjxgy
[4620] 3a08e3bfec2db5d C /home/capstone/project/test_files/checkpoints-000636.html
[4620] 3a08e3bfec2db5d O /home/capstone/project/test_files/000333.pdf.nnvjxgy
[4620] 3a08e3bfec2db5d C /home/capstone/project/test_files/checkpoints-000333.pdf
[4620] 3a08e3bfec2db5d O /home/capstone/project/test_files/000988.ppt.nnvjxgy
[4620] 3a08e3bfec2db5d C /home/capstone/project/test_files/checkpoints-000988.ppt
[4620] 3a08e3bfec2db5d O /home/capstone/project/test_files/000281.doc.nnvjxgy
[4620] 3a08e3bfec2db5d C /home/capstone/project/test_files/checkpoints-000281.doc
[4620] 3a08e3bfec2db5d O /home/capstone/project/test_files/000713.ppt.nnvjxgy
[4620] 3a08e3bfec2db5d C /home/capstone/project/test_files/checkpoints-000713.ppt
[4620] 3a08e3bfec2db5d O /home/capstone/project/test_files/000757.pdf.nnvjxgy
[4620] 3a08e3bfec2db5d C /home/capstone/project/test_files/checkpoints-000757.pdf
[4620] 3a08e3bfec2db5d O /home/capstone/project/test_files/000466.unk.nnvjxgy
[4620] 3a08e3bfec2db5d C /home/capstone/project/test_files/checkpoints-000466.unk
[4620] 3a08e3bfec2db5d O /home/capstone/project/test_files/000048.xls.nnvjxgy
[4620] 3a08e3bfec2db5d C /home/capstone/project/test_files/checkpoints-000048.xls
[4620] 3a08e3bfec2db5d D /home/capstone/project/test_files/checkpoints-ziUrAJ8W.nnvjxgy
[4620] 3a08e3bfec2db5d D /home/capstone/project/test_files/checkpoints-000601.html.nnvjxgy
[4620] 3a08e3bfec2db5d D /home/capstone/project/test_files/checkpoints-000808.html.nnvjxgy
[4620] 3a08e3bfec2db5d D /home/capstone/project/test_files/checkpoints-000175.ppt.nnvjxgy
[4620] 3a08e3bfec2db5d D /home/capstone/project/test_files/checkpoints-000487.txt.nnvjxgy
[4620] 3a08e3bfec2db5d D /home/capstone/project/test_files/checkpoints-000577.pdf.nnvjxgy
[4620] 3a08e3bfec2db5d D /home/capstone/project/test_files/checkpoints-000481.txt.nnvjxgy
[4620] 3a08e3bfec2db5d D /home/capstone/project/test_files/checkpoints-000170.xls.nnvjxgy
[4620] 3a08e3bfec2db5d D /home/capstone/project/test_files/checkpoints-000634.html.nnvjxgy
[4620] 3a08e3bfec2db5d D /home/capstone/project/test_files/checkpoints-000616.html.nnvjxgy
[4620] 3a08e3bfec2db5d D /home/capstone/project/test_files/checkpoints-000228.txt.nnvjxgy
[4620] 3a08e3bfec2db5d D /home/capstone/project/test_files/checkpoints-000097.ps.nnvjxgy
[4620] 3a08e3bfec2db5d D /home/capstone/project/test_files/checkpoints-000977.doc.nnvjxgy
[4620] 3a08e3bfec2db5d D /home/capstone/project/test_files/checkpoints-000832.txt.nnvjxgy
[4620] 3a08e3bfec2db5d D /home/capstone/project/test_files/checkpoints-000444.pdf.nnvjxgy
[4620] 3a08e3bfec2db5d D /home/capstone/project/test_files/checkpoints-000177.pdf.nnvjxgy
[4620] 3a08e3bfec2db5d D /home/capstone/project/test_files/checkpoints-000722.csv.nnvjxgy
[4620] 3a08e3bfec2db5d D /home/capstone/project/test_files/checkpoints-000130.doc.nnvjxgy
[4620] 3a08e3bfec2db5d D /home/capstone/project/test_files/checkpoints-000197.html.nnvjxgy
[4620] 3a08e3bfec2db5d D /home/capstone/project/test_files/checkpoints-000660.txt.nnvjxgy
[4620] 3a08e3bfec2db5d D /home/capstone/project/test_files/checkpoints-000360.pdf.nnvjxgy
[4620] 3a08e3bfec2db5d D /home/capstone/project/test_files/checkpoints-000044.xls.nnvjxgy
[4620] 3a08e3bfec2db5d D /home/capstone/project/test_files/checkpoints-000931.txt.nnvjxgy
[4620] 3a08e3bfec2db5d D /home/capstone/project/test_files/checkpoints-000990.ppt.nnvjxgy
[4620] 3a08e3bfec2db5d D /home/capstone/project/test_files/checkpoints-000341.pdf.nnvjxgy
[4620] 3a08e3bfec2db5d D /home/capstone/project/test_files/checkpoints-000799.doc.nnvjxgy
[4620] 3a08e3bfec2db5d D /home/capstone/project/test_files/checkpoints-000548.gif.nnvjxgy
[4620] 3a08e3bfec2db5d D /home/capstone/project/test_files/checkpoints-000301.ppt.nnvjxgy
[4620] 3a08e3bfec2db5d D /home/capstone/project/test_files/checkpoints-000991.ppt.nnvjxgy
[4620] 3a08e3bfec2db5d D /home/capstone/project/test_files/checkpoints-000883.jpg.nnvjxgy
[4620] 3a08e3bfec2db5d D /home/capstone/project/test_files/checkpoints-000640.html.nnvjxgy
[4620] 3a08e3bfec2db5d D /home/capstone/project/test_files/checkpoints-000820.html.nnvjxgy
[4620] 3a08e3bfec2db5d D /home/capstone/project/test_files/checkpoints-000528.jpg.nnvjxgy
[4620] 3a08e3bfec2db5d D /home/capstone/project/test_files/checkpoints-000661.txt.nnvjxgy
[4620] 3a08e3bfec2db5d D /home/capstone/project/test_files/checkpoints-000669.txt.nnvjxgy
[4620] 3a08e3bfec2db5d D /home/capstone/project/test_files/checkpoints-000142.pdf.nnvjxgy
[4620] 3a08e3bfec2db5d D /home/capstone/project/test_files/checkpoints-000025.pdf.nnvjxgy
[4620] 3a08e3bfec2db5d D /home/capstone/project/test_files/checkpoints-000795.doc.nnvjxgy
[4620] 3a08e3bfec2db5d D /home/capstone/project/test_files/checkpoints-000541.jpg.nnvjxgy
[4620] 3a08e3bfec2db5d D /home/capstone/project/test_files/checkpoints-000561.gif.nnvjxgy
[4620] 3a08e3bfec2db5d D /home/capstone/project/test_files/checkpoints-000062.html.nnvjxgy
[4620] 3a08e3bfec2db5d D /home/capstone/project/test_files/checkpoints-000811.pdf.nnvjxgy
[4620] 3a08e3bfec2db5d D /home/capstone/project/test_files/checkpoints-000083.unk.nnvjxgy
[4620] 3a08e3bfec2db5d D /home/capstone/project/test_files/checkpoints-000108.jpg.nnvjxgy
[4620] 3a08e3bfec2db5d D /home/capstone/project/test_files/checkpoints-000651.txt.nnvjxgy
[4620] 3a08e3bfec2db5d D /home/capstone/project/test_files/checkpoints-000576.csv.nnvjxgy
[4620] 3a08e3bfec2db5d D /home/capstone/project/test_files/checkpoints-000952.doc.nnvjxgy
[4620] 3a08e3bfec2db5d D /home/capstone/project/test_files/checkpoints-000859.pdf.nnvjxgy
[4620] 3a08e3bfec2db5d D /home/capstone/project/test_files/checkpoints-000275.doc.nnvjxgy
[4620] 3a08e3bfec2db5d D /home/capstone/project/test_files/checkpoints-000650.txt.nnvjxgy
[4620] 3a08e3bfec2db5d D /home/capstone/project/test_files/checkpoints-000295.ppt.nnvjxgy
[4620] 3a08e3bfec2db5d D /home/capstone/project/test_files/checkpoints-000144.doc.nnvjxgy
[4620] 3a08e3bfec2db5d D /home/capstone/project/test_files/checkpoints-000532.jpg.nnvjxgy
[4620] 3a08e3bfec2db5d D /home/capstone/project/test_files/checkpoints-000655.txt.nnvjxgy
[4620] 3a08e3bfec2db5d D /home/capstone/project/test_files/checkpoints-000088.txt.nnvjxgy
[4620] 3a08e3bfec2db5d D /home/capstone/project/test_files/checkpoints-000967.doc.nnvjxgy
[4620] 3a08e3bfec2db5d D /home/capstone/project/test_files/checkpoints-000885.pdf.nnvjxgy
[4620] 3a08e3bfec2db5d D /home/capstone/project/test_files/checkpoints-000646.txt.nnvjxgy
[4620] 3a08e3bfec2db5d D /home/capstone/project/test_files/checkpoints-000243.jpg.nnvjxgy
[4620] 3a08e3bfec2db5d D /home/capstone/project/test_files/checkpoints-000068.html.nnvjxgy
[4620] 3a08e3bfec2db5d D /home/capstone/project/test_files/checkpoints-000043.xls
[4620] 3a08e3bfec2db5d D /home/capstone/project/test_files/checkpoints-000387.txt.nnvjxgy
[4620] 3a08e3bfec2db5d D /home/capstone/project/test_files/checkpoints-000975.xml.nnvjxgy
[4620] 3a08e3bfec2db5d D /home/capstone/project/test_files/checkpoints-000195.html.nnvjxgy
[4620] 3a08e3bfec2db5d D /home/capstone/project/test_files/checkpoints-000217.html.nnvjxgy
[4620] 3a08e3bfec2db5d D /home/capstone/project/test_files/checkpoints-000046.xls.nnvjxgy
[4620] 3a08e3bfec2db5d D /home/capstone/project/test_files/checkpoints-000996.ps.nnvjxgy
[4620] 3a08e3bfec2db5d D /home/capstone/project/test_files/checkpoints-000115.wp.nnvjxgy
[4620] 3a08e3bfec2db5d D /home/capstone/project/test_files/checkpoints-000589.pdf.nnvjxgy
[4620] 3a08e3bfec2db5d D /home/capstone/project/test_files/checkpoints-000837.txt.nnvjxgy
[4620] 3a08e3bfec2db5d D /home/capstone/project/test_files/checkpoints-000936.txt.nnvjxgy
[4620] 3a08e3bfec2db5d D /home/capstone/project/test_files/checkpoints-000753.pdf.nnvjxgy
[4620] 3a08e3bfec2db5d D /home/capstone/project/test_files/checkpoints-000918.html.nnvjxgy
[4620] 3a08e3bfec2db5d D /home/capstone/project/test_files/checkpoints-000348.pdf.nnvjxgy
[4620] 3a08e3bfec2db5d D /home/capstone/project/test_files/checkpoints-000439.html.nnvjxgy
[4620] 3a08e3bfec2db5d D /home/capstone/project/test_files/checkpoints-000256.doc.nnvjxgy
[4620] 3a08e3bfec2db5d D /home/capstone/project/test_files/checkpoints-000539.jpg.nnvjxgy
[4620] 3a08e3bfec2db5d D /home/capstone/project/test_files/checkpoints-000253.doc.nnvjxgy
[4620] 3a08e3bfec2db5d D /home/capstone/project/test_files/checkpoints-000889.jpg.nnvjxgy
[4620] 3a08e3bfec2db5d D /home/capstone/project/test_files/checkpoints-000378.xls.nnvjxgy
[4620] 3a08e3bfec2db5d D /home/capstone/project/test_files/checkpoints-000839.pdf.nnvjxgy
[4620] 3a08e3bfec2db5d D /home/capstone/project/test_files/checkpoints-000094.txt.nnvjxgy
[4620] 3a08e3bfec2db5d D /home/capstone/project/test_files/checkpoints-000087.txt.nnvjxgy
[4620] 3a08e3bfec2db5d D /home/capstone/project/test_files/checkpoints-000232.jpg.nnvjxgy
[4620] 3a08e3bfec2db5d D /home/capstone/project/test_files/checkpoints-000992.ppt.nnvjxgy
[4620] 3a08e3bfec2db5d D /home/capstone/project/test_files/checkpoints-000095.txt.nnvjxgy
[4620] 3a08e3bfec2db5d D /home/capstone/project/test_files/checkpoints-000342.pdf.nnvjxgy
[4620] 3a08e3bfec2db5d D /home/capstone/project/test_files/checkpoints-000049.xls.nnvjxgy
[4620] 3a08e3bfec2db5d D /home/capstone/project/test_files/checkpoints-000226.txt.nnvjxgy
[4620] 3a08e3bfec2db5d D /home/capstone/project/test_files/checkpoints-000000.swf.nnvjxgy
[4620] 3a08e3bfec2db5d D /home/capstone/project/test_files/checkpoints-000978.xml.nnvjxgy
[4620] 3a08e3bfec2db5d D /home/capstone/project/test_files/checkpoints-000213.html.nnvjxgy
[4620] 3a08e3bfec2db5d D /home/capstone/project/test_files/checkpoints-000455.html.nnvjxgy
[4620] 3a08e3bfec2db5d D /home/capstone/project/test_files/checkpoints-000902.jpg.nnvjxgy
[4620] 3a08e3bfec2db5d D /home/capstone/project/test_files/checkpoints-000511.gif.nnvjxgy
[4620] 3a08e3bfec2db5d D /home/capstone/project/test_files/checkpoints-000949.doc.nnvjxgy
[4620] 3a08e3bfec2db5d D /home/capstone/project/test_files/checkpoints-000796.doc.nnvjxgy
[4620] 3a08e3bfec2db5d D /home/capstone/project/test_files/checkpoints-000393.xls.nnvjxgy
[4620] 3a08e3bfec2db5d D /home/capstone/project/test_files/checkpoints-000419.jpg.nnvjxgy
[4620] 3a08e3bfec2db5d D /home/capstone/project/test_files/checkpoints-000104.txt.nnvjxgy
[4620] 3a08e3bfec2db5d D /home/capstone/project/test_files/checkpoints-000805.html.nnvjxgy
[4620] 3a08e3bfec2db5d D /home/capstone/project/test_files/checkpoints-000101.doc.nnvjxgy
[4620] 3a08e3bfec2db5d D /home/capstone/project/test_files/checkpoints-000851.txt.nnvjxgy
[4620] 3a08e3bfec2db5d D /home/capstone/project/test_files/checkpoints-000580.pdf.nnvjxgy
[4620] 3a08e3bfec2db5d D /home/capstone/project/test_files/checkpoints-000477.txt.nnvjxgy
[4620] 3a08e3bfec2db5d D /home/capstone/project/test_files/checkpoints-000059.html.nnvjxgy
[4620] 3a08e3bfec2db5d D /home/capstone/project/test_files/checkpoints-000076.html.nnvjxgy
[4620] 3a08e3bfec2db5d D /home/capstone/project/test_files/checkpoints-000206.html.nnvjxgy
[1259] systemd-logind D /run/systemd/sessions/17.ref
[1] systemd D /run/systemd/units/invocation:session-17.scope
[1] systemd D /run/systemd/transient/session-17.scope
[1259] systemd-logind D /run/systemd/sessions/17
[2947] gvfsd-metadata C /home/capstone/.local/share/gvfs-metadata/home.VWECM3
[2947] gvfsd-metadata C /home/capstone/.local/share/gvfs-metadata/home-3ec330a6.log.R7DCM3
[2947] gvfsd-metadata O /home/capstone/.local/share/gvfs-metadata/home
[2947] gvfsd-metadata O /home/capstone/.local/share/gvfs-metadata
[2947] gvfsd-metadata D /home/capstone/.local/share/gvfs-metadata/home-99b9ab4e.log
[2947] gvfsd-metadata O /home/capstone/.local/share/gvfs-metadata/home
[2947] gvfsd-metadata O /home/capstone/.local/share/gvfs-metadata/home-3ec330a6.log
[4642] sshd O /home/capstone/.ssh/authorized_keys
[4642] sshd O /home/capstone/.ssh/authorized_keys
[4688] bash O /home/capstone/.bashrc
[4688] sudo C /home/capstone/.sudo_as_admin_successful
[1259] systemd-logind D /run/systemd/sessions/18.ref
[1] systemd D /run/systemd/units/invocation:session-18.scope
[1] systemd D /run/systemd/transient/session-18.scope
[1259] systemd-logind D /run/systemd/sessions/18
[4702] sshd O /home/capstone/.ssh/authorized_keys
[4702] sshd O /home/capstone/.ssh/authorized_keys
[4748] bash O /home/capstone/.bashrc
[4748] sudo C /home/capstone/.sudo_as_admin_successful
