[4882] sshd O /home/capstone/.ssh/authorized_keys
[4882] sshd O /home/capstone/.ssh/authorized_keys
[4929] bash O /home/capstone/.bashrc
[4930] rm D /tmp/malware_fail.log
[4929] bash O /home/capstone/project/run_malware_infected.sh
[4931] sudo C /home/capstone/.sudo_as_admin_successful
[4933] sudo C /home/capstone/.sudo_as_admin_successful
[4935] sudo C /home/capstone/.sudo_as_admin_successful
[4936] 754f2022b72da70 O /home/capstone/project/test_files
[4936] 754f2022b72da70 O /home/capstone/project/test_files/000418.html
[4936] 754f2022b72da70 O /home/capstone/project/test_files/000533.doc
[4936] 754f2022b72da70 O /home/capstone/project/test_files/000533.doc.v-society
[4936] 754f2022b72da70 O /home/capstone/project/test_files/000615.html
[4936] 754f2022b72da70 O /home/capstone/project/test_files/000615.html.v-society
[4936] 754f2022b72da70 O /home/capstone/project/test_files/000418.html.v-society
[4936] 754f2022b72da70 O /home/capstone/project/test_files/000440.html
[4936] 754f2022b72da70 O /home/capstone/project/test_files/000163.pdf
[4936] 754f2022b72da70 O /home/capstone/project/test_files/000163.pdf.v-society
[4936] 754f2022b72da70 O /home/capstone/project/test_files/000574.pdf
[4936] 754f2022b72da70 O /home/capstone/project/test_files/000574.pdf.v-society
[4936] 754f2022b72da70 O /home/capstone/project/test_files/000509.jpg
[4936] 754f2022b72da70 O /home/capstone/project/test_files/000509.jpg.v-society
[4936] 754f2022b72da70 O /home/capstone/project/test_files/000517.gif
[4936] 754f2022b72da70 O /home/capstone/project/test_files/000517.gif.v-society
[4936] 754f2022b72da70 O /home/capstone/project/test_files/000231.jpg
[4936] 754f2022b72da70 O /home/capstone/project/test_files/000231.jpg.v-society
[4936] 754f2022b72da70 O /home/capstone/project/test_files/000098.txt
[4936] 754f2022b72da70 O /home/capstone/project/test_files/000098.txt.v-society
[4936] 754f2022b72da70 O /home/capstone/project/test_files/000986.ppt
[4936] 754f2022b72da70 O /home/capstone/project/test_files/000986.ppt.v-society
[4936] 754f2022b72da70 O /home/capstone/project/test_files/000255.doc
[4936] 754f2022b72da70 O /home/capstone/project/test_files/000255.doc.v-society
[4936] 754f2022b72da70 O /home/capstone/project/test_files/000440.html.v-society
[4936] 754f2022b72da70 C /home/capstone/project/test_files/000533.doc.v-society.README_TO_RESTORE
[4936] 754f2022b72da70 O /home/capstone/project/test_files/000533.doc.v-society.README_TO_RESTORE
[4936] 754f2022b72da70 O /home/capstone/project/test_files/000716.ppt
[4936] 754f2022b72da70 O /home/capstone/project/test_files/000716.ppt.v-society
[4936] 754f2022b72da70 C /home/capstone/project/test_files/000440.html.v-society.README_TO_RESTORE
[4936] 754f2022b72da70 O /home/capstone/project/test_files/000440.html.v-society.README_TO_RESTORE
[4936] 754f2022b72da70 C /home/capstone/project/test_files/000418.html.v-society.README_TO_RESTORE
[4936] 754f2022b72da70 O /home/capstone/project/test_files/000418.html.v-society.README_TO_RESTORE
[4936] 754f2022b72da70 O /home/capstone/project/test_files/000174.ppt
[4936] 754f2022b72da70 O /home/capstone/project/test_files/000174.ppt.v-society
[4936] 754f2022b72da70 C /home/capstone/project/test_files/000986.ppt.v-society.README_TO_RESTORE
[4936] 754f2022b72da70 O /home/capstone/project/test_files/000355.pdf
[4936] 754f2022b72da70 O /home/capstone/project/test_files/000355.pdf.v-society
[4936] 754f2022b72da70 O /home/capstone/project/test_files/000986.ppt.v-society.README_TO_RESTORE
[4936] 754f2022b72da70 C /home/capstone/project/test_files/000574.pdf.v-society.README_TO_RESTORE
[4936] 754f2022b72da70 O /home/capstone/project/test_files/000574.pdf.v-society.README_TO_RESTORE
[4936] 754f2022b72da70 C /home/capstone/project/test_files/000255.doc.v-society.README_TO_RESTORE
[4936] 754f2022b72da70 O /home/capstone/project/test_files/000255.doc.v-society.README_TO_RESTORE
[4936] 754f2022b72da70 C /home/capstone/project/test_files/000163.pdf.v-society.README_TO_RESTORE
[4936] 754f2022b72da70 O /home/capstone/project/test_files/000163.pdf.v-society.README_TO_RESTORE
[4936] 754f2022b72da70 C /home/capstone/project/test_files/000098.txt.v-society.README_TO_RESTORE
[4936] 754f2022b72da70 O /home/capstone/project/test_files/000098.txt.v-society.README_TO_RESTORE
[4936] 754f2022b72da70 C /home/capstone/project/test_files/000231.jpg.v-society.README_TO_RESTORE
[4936] 754f2022b72da70 C /home/capstone/project/test_files/000716.ppt.v-society.README_TO_RESTORE
[4936] 754f2022b72da70 O /home/capstone/project/test_files/000716.ppt.v-society.README_TO_RESTORE
[4936] 754f2022b72da70 C /home/capstone/project/test_files/000509.jpg.v-society.README_TO_RESTORE
[4936] 754f2022b72da70 O /home/capstone/project/test_files/000509.jpg.v-society.README_TO_RESTORE
[4936] 754f2022b72da70 C /home/capstone/project/test_files/000615.html.v-society.README_TO_RESTORE
[4936] 754f2022b72da70 O /home/capstone/project/test_files/000615.html.v-society.README_TO_RESTORE
[4936] 754f2022b72da70 O /home/capstone/project/test_files/000379.pdf
[4936] 754f2022b72da70 O /home/capstone/project/test_files/000379.pdf.v-society
[4936] 754f2022b72da70 O /home/capstone/project/test_files/000231.jpg.v-society.README_TO_RESTORE
[4936] 754f2022b72da70 O /home/capstone/project/test_files/000084.txt
[4936] 754f2022b72da70 O /home/capstone/project/test_files/000084.txt.v-society
[4936] 754f2022b72da70 O /home/capstone/project/test_files/000272.pdf
[4936] 754f2022b72da70 O /home/capstone/project/test_files/000272.pdf.v-society
[4936] 754f2022b72da70 O /home/capstone/project/test_files/000638.html
[4936] 754f2022b72da70 O /home/capstone/project/test_files/000638.html.v-society
[4936] 754f2022b72da70 C /home/capstone/project/test_files/000355.pdf.v-society.README_TO_RESTORE
[4936] 754f2022b72da70 O /home/capstone/project/test_files/000355.pdf.v-society.README_TO_RESTORE
[4936] 754f2022b72da70 C /home/capstone/project/test_files/000379.pdf.v-society.README_TO_RESTORE
[4936] 754f2022b72da70 C /home/capstone/project/test_files/000084.txt.v-society.README_TO_RESTORE
[4936] 754f2022b72da70 O /home/capstone/project/test_files/000084.txt.v-society.README_TO_RESTORE
[4936] 754f2022b72da70 C /home/capstone/project/test_files/000517.gif.v-society.README_TO_RESTORE
[4936] 754f2022b72da70 O /home/capstone/project/test_files/000517.gif.v-society.README_TO_RESTORE
[4936] 754f2022b72da70 C /home/capstone/project/test_files/000174.ppt.v-society.README_TO_RESTORE
[4936] 754f2022b72da70 O /home/capstone/project/test_files/000174.ppt.v-society.README_TO_RESTORE
[4936] 754f2022b72da70 O /home/capstone/project/test_files/000881.jpg
[4936] 754f2022b72da70 O /home/capstone/project/test_files/000881.jpg.v-society
[4936] 754f2022b72da70 C /home/capstone/project/test_files/000272.pdf.v-society.README_TO_RESTORE
[4936] 754f2022b72da70 O /home/capstone/project/test_files/000272.pdf.v-society.README_TO_RESTORE
[4936] 754f2022b72da70 O /home/capstone/project/test_files/000379.pdf.v-society.README_TO_RESTORE
[4936] 754f2022b72da70 O /home/capstone/project/test_files/000786.gz
[4936] 754f2022b72da70 O /home/capstone/project/test_files/000786.gz.v-society
[4936] 754f2022b72da70 O /home/capstone/project/test_files/000567.pdf
[4936] 754f2022b72da70 O /home/capstone/project/test_files/000567.pdf.v-society
[4936] 754f2022b72da70 O /home/capstone/project/test_files/000802.doc
[4936] 754f2022b72da70 O /home/capstone/project/test_files/000802.doc.v-society
[4936] 754f2022b72da70 O /home/capstone/project/test_files/000155.pdf
[4936] 754f2022b72da70 O /home/capstone/project/test_files/000155.pdf.v-society
[4936] 754f2022b72da70 O /home/capstone/project/test_files/000939.txt
[4936] 754f2022b72da70 O /home/capstone/project/test_files/000204.html
[4936] 754f2022b72da70 O /home/capstone/project/test_files/000939.txt.v-society
[4936] 754f2022b72da70 O /home/capstone/project/test_files/000204.html.v-society
[4936] 754f2022b72da70 O /home/capstone/project/test_files/000588.pdf
[4936] 754f2022b72da70 O /home/capstone/project/test_files/000588.pdf.v-society
[4936] 754f2022b72da70 O /home/capstone/project/test_files/000825.pdf
[4936] 754f2022b72da70 O /home/capstone/project/test_files/000825.pdf.v-society
[4936] 754f2022b72da70 C /home/capstone/project/test_files/000638.html.v-society.README_TO_RESTORE
[4936] 754f2022b72da70 O /home/capstone/project/test_files/000638.html.v-society.README_TO_RESTORE
[4936] 754f2022b72da70 O /home/capstone/project/test_files/000189.pdf
[4936] 754f2022b72da70 O /home/capstone/project/test_files/000962.jpg
[4936] 754f2022b72da70 O /home/capstone/project/test_files/000189.pdf.v-society
[4936] 754f2022b72da70 O /home/capstone/project/test_files/000962.jpg.v-society
[4936] 754f2022b72da70 C /home/capstone/project/test_files/000825.pdf.v-society.README_TO_RESTORE
[4936] 754f2022b72da70 O /home/capstone/project/test_files/000825.pdf.v-society.README_TO_RESTORE
[4936] 754f2022b72da70 C /home/capstone/project/test_files/000588.pdf.v-society.README_TO_RESTORE
[4936] 754f2022b72da70 O /home/capstone/project/test_files/000588.pdf.v-society.README_TO_RESTORE
[4936] 754f2022b72da70 C /home/capstone/project/test_files/000786.gz.v-society.README_TO_RESTORE
[4936] 754f2022b72da70 O /home/capstone/project/test_files/000786.gz.v-society.README_TO_RESTORE
[4936] 754f2022b72da70 C /home/capstone/project/test_files/000204.html.v-society.README_TO_RESTORE
[4936] 754f2022b72da70 O /home/capstone/project/test_files/000204.html.v-society.README_TO_RESTORE
[4936] 754f2022b72da70 O /home/capstone/project/test_files/000156.doc
[4936] 754f2022b72da70 O /home/capstone/project/test_files/000156.doc.v-society
[4936] 754f2022b72da70 C /home/capstone/project/test_files/000881.jpg.v-society.README_TO_RESTORE
[4936] 754f2022b72da70 O /home/capstone/project/test_files/000881.jpg.v-society.README_TO_RESTORE
[4936] 754f2022b72da70 O /home/capstone/project/test_files/000138.html
[4936] 754f2022b72da70 O /home/capstone/project/test_files/000138.html.v-society
[4936] 754f2022b72da70 C /home/capstone/project/test_files/000802.doc.v-society.README_TO_RESTORE
[4936] 754f2022b72da70 O /home/capstone/project/test_files/000802.doc.v-society.README_TO_RESTORE
[4936] 754f2022b72da70 C /home/capstone/project/test_files/000155.pdf.v-society.README_TO_RESTORE
[4936] 754f2022b72da70 O /home/capstone/project/test_files/000155.pdf.v-society.README_TO_RESTORE
[4936] 754f2022b72da70 C /home/capstone/project/test_files/000939.txt.v-society.README_TO_RESTORE
[4936] 754f2022b72da70 O /home/capstone/project/test_files/000939.txt.v-society.README_TO_RESTORE
[4936] 754f2022b72da70 O /home/capstone/project/test_files/000729.ppt
[4936] 754f2022b72da70 O /home/capstone/project/test_files/000729.ppt.v-society
[4936] 754f2022b72da70 O /home/capstone/project/test_files/000746.pdf
[4936] 754f2022b72da70 O /home/capstone/project/test_files/000746.pdf.v-society
[4936] 754f2022b72da70 O /home/capstone/project/test_files/000437.jpg
[4936] 754f2022b72da70 O /home/capstone/project/test_files/000437.jpg.v-society
[4936] 754f2022b72da70 C /home/capstone/project/test_files/000567.pdf.v-society.README_TO_RESTORE
[4936] 754f2022b72da70 O /home/capstone/project/test_files/000567.pdf.v-society.README_TO_RESTORE
[4936] 754f2022b72da70 O /home/capstone/project/test_files/000286.doc
[4936] 754f2022b72da70 O /home/capstone/project/test_files/000286.doc.v-society
[4936] 754f2022b72da70 O /home/capstone/project/test_files/000180.html
[4936] 754f2022b72da70 O /home/capstone/project/test_files/000180.html.v-society
[4936] 754f2022b72da70 O /home/capstone/project/test_files/000556.txt
[4936] 754f2022b72da70 O /home/capstone/project/test_files/000556.txt.v-society
[4936] 754f2022b72da70 O /home/capstone/project/test_files/000131.doc
[4936] 754f2022b72da70 O /home/capstone/project/test_files/000131.doc.v-society
[4936] 754f2022b72da70 C /home/capstone/project/test_files/000962.jpg.v-society.README_TO_RESTORE
[4936] 754f2022b72da70 O /home/capstone/project/test_files/000962.jpg.v-society.README_TO_RESTORE
[4936] 754f2022b72da70 C /home/capstone/project/test_files/000189.pdf.v-society.README_TO_RESTORE
[4936] 754f2022b72da70 O /home/capstone/project/test_files/000189.pdf.v-society.README_TO_RESTORE
[4936] 754f2022b72da70 O /home/capstone/project/test_files/000372.pdf
[4936] 754f2022b72da70 O /home/capstone/project/test_files/000372.pdf.v-society
[4936] 754f2022b72da70 C /home/capstone/project/test_files/000138.html.v-society.README_TO_RESTORE
[4936] 754f2022b72da70 O /home/capstone/project/test_files/000138.html.v-society.README_TO_RESTORE
[4936] 754f2022b72da70 C /home/capstone/project/test_files/000156.doc.v-society.README_TO_RESTORE
[4936] 754f2022b72da70 O /home/capstone/project/test_files/000156.doc.v-society.README_TO_RESTORE
[4936] 754f2022b72da70 O /home/capstone/project/test_files/000513.jpg
[4936] 754f2022b72da70 O /home/capstone/project/test_files/000513.jpg.v-society
[4936] 754f2022b72da70 O /home/capstone/project/test_files/000366.pdf
[4936] 754f2022b72da70 O /home/capstone/project/test_files/000366.pdf.v-society
[4936] 754f2022b72da70 O /home/capstone/project/test_files/000590.pdf
[4936] 754f2022b72da70 O /home/capstone/project/test_files/000188.html
[4936] 754f2022b72da70 O /home/capstone/project/test_files/000590.pdf.v-society
[4936] 754f2022b72da70 O /home/capstone/project/test_files/000188.html.v-society
[4936] 754f2022b72da70 C /home/capstone/project/test_files/000131.doc.v-society.README_TO_RESTORE
[4936] 754f2022b72da70 O /home/capstone/project/test_files/000131.doc.v-society.README_TO_RESTORE
[4936] 754f2022b72da70 C /home/capstone/project/test_files/000729.ppt.v-society.README_TO_RESTORE
[4936] 754f2022b72da70 O /home/capstone/project/test_files/000729.ppt.v-society.README_TO_RESTORE
[4936] 754f2022b72da70 C /home/capstone/project/test_files/000746.pdf.v-society.README_TO_RESTORE
[4936] 754f2022b72da70 O /home/capstone/project/test_files/000746.pdf.v-society.README_TO_RESTORE
[4936] 754f2022b72da70 C /home/capstone/project/test_files/000372.pdf.v-society.README_TO_RESTORE
[4936] 754f2022b72da70 O /home/capstone/project/test_files/000372.pdf.v-society.README_TO_RESTORE
[4936] 754f2022b72da70 C /home/capstone/project/test_files/000437.jpg.v-society.README_TO_RESTORE
[4936] 754f2022b72da70 O /home/capstone/project/test_files/000437.jpg.v-society.README_TO_RESTORE
[4936] 754f2022b72da70 C /home/capstone/project/test_files/000180.html.v-society.README_TO_RESTORE
[4936] 754f2022b72da70 O /home/capstone/project/test_files/000180.html.v-society.README_TO_RESTORE
[4936] 754f2022b72da70 O /home/capstone/project/test_files/000890.jpg
[4936] 754f2022b72da70 O /home/capstone/project/test_files/000890.jpg.v-society
[4936] 754f2022b72da70 O /home/capstone/project/test_files/000507.jpg
[4936] 754f2022b72da70 O /home/capstone/project/test_files/000507.jpg.v-society
[4936] 754f2022b72da70 O /home/capstone/project/test_files/000549.jpg
[4936] 754f2022b72da70 O /home/capstone/project/test_files/000050.xls
[4936] 754f2022b72da70 O /home/capstone/project/test_files/000050.xls.v-society
[4936] 754f2022b72da70 C /home/capstone/project/test_files/000286.doc.v-society.README_TO_RESTORE
[4936] 754f2022b72da70 O /home/capstone/project/test_files/000549.jpg.v-society
[4936] 754f2022b72da70 O /home/capstone/project/test_files/000286.doc.v-society.README_TO_RESTORE
[4936] 754f2022b72da70 O /home/capstone/project/test_files/000927.txt
[4936] 754f2022b72da70 O /home/capstone/project/test_files/000927.txt.v-society
[4936] 754f2022b72da70 C /home/capstone/project/test_files/000590.pdf.v-society.README_TO_RESTORE
[4936] 754f2022b72da70 O /home/capstone/project/test_files/000590.pdf.v-society.README_TO_RESTORE
[4936] 754f2022b72da70 O /home/capstone/project/test_files/000937.txt
[4936] 754f2022b72da70 O /home/capstone/project/test_files/000937.txt.v-society
[4936] 754f2022b72da70 C /home/capstone/project/test_files/000513.jpg.v-society.README_TO_RESTORE
[4936] 754f2022b72da70 O /home/capstone/project/test_files/000513.jpg.v-society.README_TO_RESTORE
[4936] 754f2022b72da70 O /home/capstone/project/test_files/000485.txt
[4936] 754f2022b72da70 O /home/capstone/project/test_files/000485.txt.v-society
[4936] 754f2022b72da70 C /home/capstone/project/test_files/000366.pdf.v-society.README_TO_RESTORE
[4936] 754f2022b72da70 O /home/capstone/project/test_files/000664.txt
[4936] 754f2022b72da70 O /home/capstone/project/test_files/000366.pdf.v-society.README_TO_RESTORE
[4936] 754f2022b72da70 O /home/capstone/project/test_files/000664.txt.v-society
[4936] 754f2022b72da70 C /home/capstone/project/test_files/000050.xls.v-society.README_TO_RESTORE
[4936] 754f2022b72da70 O /home/capstone/project/test_files/000050.xls.v-society.README_TO_RESTORE
[4936] 754f2022b72da70 O /home/capstone/project/test_files/000908.jpg
[4936] 754f2022b72da70 O /home/capstone/project/test_files/000908.jpg.v-society
[4936] 754f2022b72da70 O /home/capstone/project/test_files/000752.pdf
[4936] 754f2022b72da70 O /home/capstone/project/test_files/000752.pdf.v-society
[4936] 754f2022b72da70 C /home/capstone/project/test_files/000556.txt.v-society.README_TO_RESTORE
[4936] 754f2022b72da70 O /home/capstone/project/test_files/000556.txt.v-society.README_TO_RESTORE
[4936] 754f2022b72da70 C /home/capstone/project/test_files/000188.html.v-society.README_TO_RESTORE
[4936] 754f2022b72da70 O /home/capstone/project/test_files/000188.html.v-society.README_TO_RESTORE
[4936] 754f2022b72da70 C /home/capstone/project/test_files/000485.txt.v-society.README_TO_RESTORE
[4936] 754f2022b72da70 O /home/capstone/project/test_files/000485.txt.v-society.README_TO_RESTORE
[4936] 754f2022b72da70 C /home/capstone/project/test_files/000507.jpg.v-society.README_TO_RESTORE
[4936] 754f2022b72da70 O /home/capstone/project/test_files/000507.jpg.v-society.README_TO_RESTORE
[4936] 754f2022b72da70 O /home/capstone/project/test_files/000819.html
[4936] 754f2022b72da70 O /home/capstone/project/test_files/000819.html.v-society
[4936] 754f2022b72da70 O /home/capstone/project/test_files/000345.pdf
[4936] 754f2022b72da70 C /home/capstone/project/test_files/000890.jpg.v-society.README_TO_RESTORE
[4936] 754f2022b72da70 O /home/capstone/project/test_files/000345.pdf.v-society
[4936] 754f2022b72da70 O /home/capstone/project/test_files/000890.jpg.v-society.README_TO_RESTORE
[4936] 754f2022b72da70 C /home/capstone/project/test_files/000549.jpg.v-society.README_TO_RESTORE
[4936] 754f2022b72da70 O /home/capstone/project/test_files/000549.jpg.v-society.README_TO_RESTORE
[4936] 754f2022b72da70 O /home/capstone/project/test_files/000090.txt
[4936] 754f2022b72da70 O /home/capstone/project/test_files/000090.txt.v-society
[4936] 754f2022b72da70 O /home/capstone/project/test_files/000265.doc
[4936] 754f2022b72da70 O /home/capstone/project/test_files/000265.doc.v-society
[4936] 754f2022b72da70 O /home/capstone/project/test_files/000843.pdf
[4936] 754f2022b72da70 O /home/capstone/project/test_files/000843.pdf.v-society
[4936] 754f2022b72da70 C /home/capstone/project/test_files/000927.txt.v-society.README_TO_RESTORE
[4936] 754f2022b72da70 O /home/capstone/project/test_files/000927.txt.v-society.README_TO_RESTORE
[4936] 754f2022b72da70 C /home/capstone/project/test_files/000908.jpg.v-society.README_TO_RESTORE
[4936] 754f2022b72da70 O /home/capstone/project/test_files/000908.jpg.v-society.README_TO_RESTORE
[4936] 754f2022b72da70 C /home/capstone/project/test_files/000664.txt.v-society.README_TO_RESTORE
[4936] 754f2022b72da70 O /home/capstone/project/test_files/000664.txt.v-society.README_TO_RESTORE
[4936] 754f2022b72da70 C /home/capstone/project/test_files/000819.html.v-society.README_TO_RESTORE
[4936] 754f2022b72da70 C /home/capstone/project/test_files/000090.txt.v-society.README_TO_RESTORE
[4936] 754f2022b72da70 O /home/capstone/project/test_files/000819.html.v-society.README_TO_RESTORE
[4936] 754f2022b72da70 C /home/capstone/project/test_files/000752.pdf.v-society.README_TO_RESTORE
[4936] 754f2022b72da70 O /home/capstone/project/test_files/000752.pdf.v-society.README_TO_RESTORE
[4936] 754f2022b72da70 O /home/capstone/project/test_files/000090.txt.v-society.README_TO_RESTORE
[4936] 754f2022b72da70 O /home/capstone/project/test_files/000033.xls
[4936] 754f2022b72da70 O /home/capstone/project/test_files/000585.pdf
[4936] 754f2022b72da70 O /home/capstone/project/test_files/000033.xls.v-society
[4936] 754f2022b72da70 O /home/capstone/project/test_files/000585.pdf.v-society
[4936] 754f2022b72da70 O /home/capstone/project/test_files/000468.txt
[4936] 754f2022b72da70 O /home/capstone/project/test_files/000468.txt.v-society
[4936] 754f2022b72da70 O /home/capstone/project/test_files/000012.pdf
[4936] 754f2022b72da70 O /home/capstone/project/test_files/000012.pdf.v-society
[4936] 754f2022b72da70 C /home/capstone/project/test_files/000345.pdf.v-society.README_TO_RESTORE
[4936] 754f2022b72da70 O /home/capstone/project/test_files/000345.pdf.v-society.README_TO_RESTORE
[4936] 754f2022b72da70 C /home/capstone/project/test_files/000937.txt.v-society.README_TO_RESTORE
[4936] 754f2022b72da70 O /home/capstone/project/test_files/000937.txt.v-society.README_TO_RESTORE
[4936] 754f2022b72da70 C /home/capstone/project/test_files/000265.doc.v-society.README_TO_RESTORE
[4936] 754f2022b72da70 O /home/capstone/project/test_files/000265.doc.v-society.README_TO_RESTORE
[4936] 754f2022b72da70 O /home/capstone/project/test_files/000483.txt
[4936] 754f2022b72da70 O /home/capstone/project/test_files/000483.txt.v-society
[4936] 754f2022b72da70 O /home/capstone/project/test_files/000595.pdf
[4936] 754f2022b72da70 O /home/capstone/project/test_files/000595.pdf.v-society
[4936] 754f2022b72da70 C /home/capstone/project/test_files/000033.xls.v-society.README_TO_RESTORE
[4936] 754f2022b72da70 O /home/capstone/project/test_files/000033.xls.v-society.README_TO_RESTORE
[4936] 754f2022b72da70 O /home/capstone/project/test_files/000766.ps
[4936] 754f2022b72da70 C /home/capstone/project/test_files/000843.pdf.v-society.README_TO_RESTORE
[4936] 754f2022b72da70 C /home/capstone/project/test_files/000468.txt.v-society.README_TO_RESTORE
[4936] 754f2022b72da70 O /home/capstone/project/test_files/000766.ps.v-society
[4936] 754f2022b72da70 O /home/capstone/project/test_files/000843.pdf.v-society.README_TO_RESTORE
[4936] 754f2022b72da70 O /home/capstone/project/test_files/000468.txt.v-society.README_TO_RESTORE
[4936] 754f2022b72da70 O /home/capstone/project/test_files/000422.html
[4936] 754f2022b72da70 O /home/capstone/project/test_files/000422.html.v-society
[4936] 754f2022b72da70 O /home/capstone/project/test_files/000362.pdf
[4936] 754f2022b72da70 O /home/capstone/project/test_files/000362.pdf.v-society
[4936] 754f2022b72da70 C /home/capstone/project/test_files/000483.txt.v-society.README_TO_RESTORE
[4936] 754f2022b72da70 O /home/capstone/project/test_files/000483.txt.v-society.README_TO_RESTORE
[4936] 754f2022b72da70 O /home/capstone/project/test_files/000129.html
[4936] 754f2022b72da70 O /home/capstone/project/test_files/000129.html.v-society
[4936] 754f2022b72da70 O /home/capstone/project/test_files/000872.jpg
[4936] 754f2022b72da70 O /home/capstone/project/test_files/000872.jpg.v-society
[4936] 754f2022b72da70 C /home/capstone/project/test_files/000585.pdf.v-society.README_TO_RESTORE
[4936] 754f2022b72da70 O /home/capstone/project/test_files/000585.pdf.v-society.README_TO_RESTORE
[4936] 754f2022b72da70 C /home/capstone/project/test_files/000012.pdf.v-society.README_TO_RESTORE
[4936] 754f2022b72da70 O /home/capstone/project/test_files/000012.pdf.v-society.README_TO_RESTORE
[4936] 754f2022b72da70 O /home/capstone/project/test_files/000961.doc
[4936] 754f2022b72da70 O /home/capstone/project/test_files/000961.doc.v-society
[4936] 754f2022b72da70 O /home/capstone/project/test_files/000913.doc
[4936] 754f2022b72da70 O /home/capstone/project/test_files/000913.doc.v-society
[4936] 754f2022b72da70 O /home/capstone/project/test_files/000943.pdf
[4936] 754f2022b72da70 O /home/capstone/project/test_files/000943.pdf.v-society
[4936] 754f2022b72da70 O /home/capstone/project/test_files/000469.jpg
[4936] 754f2022b72da70 O /home/capstone/project/test_files/000469.jpg.v-society
[4936] 754f2022b72da70 C /home/capstone/project/test_files/000422.html.v-society.README_TO_RESTORE
[4936] 754f2022b72da70 O /home/capstone/project/test_files/000422.html.v-society.README_TO_RESTORE
[4936] 754f2022b72da70 C /home/capstone/project/test_files/000362.pdf.v-society.README_TO_RESTORE
[4936] 754f2022b72da70 O /home/capstone/project/test_files/000362.pdf.v-society.README_TO_RESTORE
[4936] 754f2022b72da70 O /home/capstone/project/test_files/000926.txt
[4936] 754f2022b72da70 O /home/capstone/project/test_files/000926.txt.v-society
[4936] 754f2022b72da70 O /home/capstone/project/test_files/000677.doc
[4936] 754f2022b72da70 O /home/capstone/project/test_files/000677.doc.v-society
[4936] 754f2022b72da70 C /home/capstone/project/test_files/000129.html.v-society.README_TO_RESTORE
[4936] 754f2022b72da70 O /home/capstone/project/test_files/000129.html.v-society.README_TO_RESTORE
[4936] 754f2022b72da70 C /home/capstone/project/test_files/000677.doc.v-society.README_TO_RESTORE
[4936] 754f2022b72da70 O /home/capstone/project/test_files/000677.doc.v-society.README_TO_RESTORE
[4936] 754f2022b72da70 C /home/capstone/project/test_files/000766.ps.v-society.README_TO_RESTORE
[4936] 754f2022b72da70 O /home/capstone/project/test_files/000766.ps.v-society.README_TO_RESTORE
[4936] 754f2022b72da70 C /home/capstone/project/test_files/000943.pdf.v-society.README_TO_RESTORE
[4936] 754f2022b72da70 C /home/capstone/project/test_files/000595.pdf.v-society.README_TO_RESTORE
[4936] 754f2022b72da70 O /home/capstone/project/test_files/000595.pdf.v-society.README_TO_RESTORE
[4936] 754f2022b72da70 O /home/capstone/project/test_files/000943.pdf.v-society.README_TO_RESTORE
[4936] 754f2022b72da70 O /home/capstone/project/test_files/000492.txt
[4936] 754f2022b72da70 O /home/capstone/project/test_files/000171.xls
[4936] 754f2022b72da70 O /home/capstone/project/test_files/000492.txt.v-society
[4936] 754f2022b72da70 O /home/capstone/project/test_files/000171.xls.v-society
[4936] 754f2022b72da70 O /home/capstone/project/test_files/000745.pdf
[4936] 754f2022b72da70 O /home/capstone/project/test_files/000745.pdf.v-society
[4936] 754f2022b72da70 C /home/capstone/project/test_files/000913.doc.v-society.README_TO_RESTORE
[4936] 754f2022b72da70 O /home/capstone/project/test_files/000913.doc.v-society.README_TO_RESTORE
[4936] 754f2022b72da70 C /home/capstone/project/test_files/000961.doc.v-society.README_TO_RESTORE
[4936] 754f2022b72da70 O /home/capstone/project/test_files/000961.doc.v-society.README_TO_RESTORE
[4936] 754f2022b72da70 C /home/capstone/project/test_files/000469.jpg.v-society.README_TO_RESTORE
[4936] 754f2022b72da70 O /home/capstone/project/test_files/000469.jpg.v-society.README_TO_RESTORE
[4936] 754f2022b72da70 C /home/capstone/project/test_files/000171.xls.v-society.README_TO_RESTORE
[4936] 754f2022b72da70 C /home/capstone/project/test_files/000492.txt.v-society.README_TO_RESTORE
[4936] 754f2022b72da70 O /home/capstone/project/test_files/000492.txt.v-society.README_TO_RESTORE
[4936] 754f2022b72da70 C /home/capstone/project/test_files/000872.jpg.v-society.README_TO_RESTORE
[4936] 754f2022b72da70 O /home/capstone/project/test_files/000872.jpg.v-society.README_TO_RESTORE
[4936] 754f2022b72da70 O /home/capstone/project/test_files/000134.ppt
[4936] 754f2022b72da70 O /home/capstone/project/test_files/000134.ppt.v-society
[4936] 754f2022b72da70 O /home/capstone/project/test_files/000414.html
[4936] 754f2022b72da70 O /home/capstone/project/test_files/000414.html.v-society
[4936] 754f2022b72da70 C /home/capstone/project/test_files/000745.pdf.v-society.README_TO_RESTORE
[4936] 754f2022b72da70 O /home/capstone/project/test_files/000745.pdf.v-society.README_TO_RESTORE
[4936] 754f2022b72da70 O /home/capstone/project/test_files/000603.jpg
[4936] 754f2022b72da70 O /home/capstone/project/test_files/000603.jpg.v-society
[4936] 754f2022b72da70 C /home/capstone/project/test_files/000926.txt.v-society.README_TO_RESTORE
[4936] 754f2022b72da70 O /home/capstone/project/test_files/000267.doc
[4936] 754f2022b72da70 O /home/capstone/project/test_files/000267.doc.v-society
[4936] 754f2022b72da70 O /home/capstone/project/test_files/000926.txt.v-society.README_TO_RESTORE
[4936] 754f2022b72da70 O /home/capstone/project/test_files/000657.txt
[4936] 754f2022b72da70 O /home/capstone/project/test_files/000657.txt.v-society
[4936] 754f2022b72da70 O /home/capstone/project/test_files/000171.xls.v-society.README_TO_RESTORE
[4936] 754f2022b72da70 O /home/capstone/project/test_files/000899.pdf
[4936] 754f2022b72da70 O /home/capstone/project/test_files/000899.pdf.v-society
[4936] 754f2022b72da70 O /home/capstone/project/test_files/000399.xls
[4936] 754f2022b72da70 O /home/capstone/project/test_files/000399.xls.v-society
[4936] 754f2022b72da70 O /home/capstone/project/test_files/000063.html
[4936] 754f2022b72da70 O /home/capstone/project/test_files/000063.html.v-society
[4936] 754f2022b72da70 O /home/capstone/project/test_files/000052.xls
[4936] 754f2022b72da70 O /home/capstone/project/test_files/000052.xls.v-society
[4936] 754f2022b72da70 C /home/capstone/project/test_files/000414.html.v-society.README_TO_RESTORE
[4936] 754f2022b72da70 O /home/capstone/project/test_files/000414.html.v-society.README_TO_RESTORE
[4936] 754f2022b72da70 C /home/capstone/project/test_files/000063.html.v-society.README_TO_RESTORE
[4936] 754f2022b72da70 O /home/capstone/project/test_files/000063.html.v-society.README_TO_RESTORE
[4936] 754f2022b72da70 C /home/capstone/project/test_files/000603.jpg.v-society.README_TO_RESTORE
[4936] 754f2022b72da70 O /home/capstone/project/test_files/000603.jpg.v-society.README_TO_RESTORE
[4936] 754f2022b72da70 O /home/capstone/project/test_files/000518.ppt
[4936] 754f2022b72da70 O /home/capstone/project/test_files/000518.ppt.v-society
[4936] 754f2022b72da70 O /home/capstone/project/test_files/000190.html
[4936] 754f2022b72da70 O /home/capstone/project/test_files/000190.html.v-society
[4936] 754f2022b72da70 O /home/capstone/project/test_files/000339.pdf
[4936] 754f2022b72da70 O /home/capstone/project/test_files/000339.pdf.v-society
[4936] 754f2022b72da70 C /home/capstone/project/test_files/000134.ppt.v-society.README_TO_RESTORE
[4936] 754f2022b72da70 O /home/capstone/project/test_files/000134.ppt.v-society.README_TO_RESTORE
[4936] 754f2022b72da70 C /home/capstone/project/test_files/000267.doc.v-society.README_TO_RESTORE
[4936] 754f2022b72da70 O /home/capstone/project/test_files/000526.gif
[4936] 754f2022b72da70 O /home/capstone/project/test_files/000267.doc.v-society.README_TO_RESTORE
[4936] 754f2022b72da70 O /home/capstone/project/test_files/000526.gif.v-society
[4936] 754f2022b72da70 C /home/capstone/project/test_files/000899.pdf.v-society.README_TO_RESTORE
[4936] 754f2022b72da70 O /home/capstone/project/test_files/000899.pdf.v-society.README_TO_RESTORE
[4936] 754f2022b72da70 O /home/capstone/project/test_files/000369.pdf
[4936] 754f2022b72da70 O /home/capstone/project/test_files/000369.pdf.v-society
[4936] 754f2022b72da70 O /home/capstone/project/test_files/000478.txt
[4936] 754f2022b72da70 O /home/capstone/project/test_files/000478.txt.v-society
[4936] 754f2022b72da70 O /home/capstone/project/test_files/000479.txt
[4936] 754f2022b72da70 O /home/capstone/project/test_files/000479.txt.v-society
[4936] 754f2022b72da70 C /home/capstone/project/test_files/000657.txt.v-society.README_TO_RESTORE
[4936] 754f2022b72da70 O /home/capstone/project/test_files/000657.txt.v-society.README_TO_RESTORE
[4936] 754f2022b72da70 C /home/capstone/project/test_files/000052.xls.v-society.README_TO_RESTORE
[4936] 754f2022b72da70 O /home/capstone/project/test_files/000862.txt
[4936] 754f2022b72da70 O /home/capstone/project/test_files/000862.txt.v-society
[4936] 754f2022b72da70 O /home/capstone/project/test_files/000052.xls.v-society.README_TO_RESTORE
[4936] 754f2022b72da70 C /home/capstone/project/test_files/000526.gif.v-society.README_TO_RESTORE
[4936] 754f2022b72da70 C /home/capstone/project/test_files/000369.pdf.v-society.README_TO_RESTORE
[4936] 754f2022b72da70 O /home/capstone/project/test_files/000526.gif.v-society.README_TO_RESTORE
[4936] 754f2022b72da70 O /home/capstone/project/test_files/000369.pdf.v-society.README_TO_RESTORE
[4936] 754f2022b72da70 O /home/capstone/project/test_files/000813.pdf
[4936] 754f2022b72da70 O /home/capstone/project/test_files/000813.pdf.v-society
[4936] 754f2022b72da70 C /home/capstone/project/test_files/000862.txt.v-society.README_TO_RESTORE
[4936] 754f2022b72da70 O /home/capstone/project/test_files/000862.txt.v-society.README_TO_RESTORE
[4936] 754f2022b72da70 C /home/capstone/project/test_files/000339.pdf.v-society.README_TO_RESTORE
[4936] 754f2022b72da70 O /home/capstone/project/test_files/000339.pdf.v-society.README_TO_RESTORE
[4936] 754f2022b72da70 C /home/capstone/project/test_files/000518.ppt.v-society.README_TO_RESTORE
[4936] 754f2022b72da70 O /home/capstone/project/test_files/000518.ppt.v-society.README_TO_RESTORE
[4936] 754f2022b72da70 O /home/capstone/project/test_files/000800.html
[4936] 754f2022b72da70 O /home/capstone/project/test_files/000800.html.v-society
[4936] 754f2022b72da70 C /home/capstone/project/test_files/000479.txt.v-society.README_TO_RESTORE
[4936] 754f2022b72da70 C /home/capstone/project/test_files/000478.txt.v-society.README_TO_RESTORE
[4936] 754f2022b72da70 O /home/capstone/project/test_files/000479.txt.v-society.README_TO_RESTORE
[4936] 754f2022b72da70 O /home/capstone/project/test_files/000478.txt.v-society.README_TO_RESTORE
[4936] 754f2022b72da70 O /home/capstone/project/test_files/000246.jpg
[4936] 754f2022b72da70 O /home/capstone/project/test_files/000246.jpg.v-society
[4936] 754f2022b72da70 O /home/capstone/project/test_files/000693.doc
[4936] 754f2022b72da70 O /home/capstone/project/test_files/000693.doc.v-society
[4936] 754f2022b72da70 O /home/capstone/project/test_files/000089.txt
[4936] 754f2022b72da70 O /home/capstone/project/test_files/000089.txt.v-society
[4936] 754f2022b72da70 C /home/capstone/project/test_files/000190.html.v-society.README_TO_RESTORE
[4936] 754f2022b72da70 O /home/capstone/project/test_files/000190.html.v-society.README_TO_RESTORE
[4936] 754f2022b72da70 O /home/capstone/project/test_files/000074.html
[4936] 754f2022b72da70 O /home/capstone/project/test_files/000074.html.v-society
[4936] 754f2022b72da70 O /home/capstone/project/test_files/000535.jpg
[4936] 754f2022b72da70 O /home/capstone/project/test_files/000781.xls
[4936] 754f2022b72da70 O /home/capstone/project/test_files/000535.jpg.v-society
[4936] 754f2022b72da70 O /home/capstone/project/test_files/000781.xls.v-society
[4936] 754f2022b72da70 C /home/capstone/project/test_files/000800.html.v-society.README_TO_RESTORE
[4936] 754f2022b72da70 O /home/capstone/project/test_files/000800.html.v-society.README_TO_RESTORE
[4936] 754f2022b72da70 O /home/capstone/project/test_files/000436.html
[4936] 754f2022b72da70 O /home/capstone/project/test_files/000436.html.v-society
[4936] 754f2022b72da70 O /home/capstone/project/test_files/000164.pdf
[4936] 754f2022b72da70 O /home/capstone/project/test_files/000164.pdf.v-society
[4936] 754f2022b72da70 C /home/capstone/project/test_files/000399.xls.v-society.README_TO_RESTORE
[4936] 754f2022b72da70 C /home/capstone/project/test_files/000813.pdf.v-society.README_TO_RESTORE
[4936] 754f2022b72da70 O /home/capstone/project/test_files/000813.pdf.v-society.README_TO_RESTORE
[4936] 754f2022b72da70 O /home/capstone/project/test_files/000399.xls.v-society.README_TO_RESTORE
[4936] 754f2022b72da70 C /home/capstone/project/test_files/000246.jpg.v-society.README_TO_RESTORE
[4936] 754f2022b72da70 O /home/capstone/project/test_files/000246.jpg.v-society.README_TO_RESTORE
[4936] 754f2022b72da70 C /home/capstone/project/test_files/000436.html.v-society.README_TO_RESTORE
[4936] 754f2022b72da70 O /home/capstone/project/test_files/000436.html.v-society.README_TO_RESTORE
[4936] 754f2022b72da70 O /home/capstone/project/test_files/000239.jpg
[4936] 754f2022b72da70 O /home/capstone/project/test_files/000239.jpg.v-society
[4936] 754f2022b72da70 O /home/capstone/project/test_files/000173.html
[4936] 754f2022b72da70 O /home/capstone/project/test_files/000173.html.v-society
[4936] 754f2022b72da70 O /home/capstone/project/test_files/000003.doc
[4936] 754f2022b72da70 O /home/capstone/project/test_files/000003.doc.v-society
[4936] 754f2022b72da70 O /home/capstone/project/test_files/000711.ppt
[4936] 754f2022b72da70 O /home/capstone/project/test_files/000711.ppt.v-society
[4936] 754f2022b72da70 C /home/capstone/project/test_files/000781.xls.v-society.README_TO_RESTORE
[4936] 754f2022b72da70 O /home/capstone/project/test_files/000781.xls.v-society.README_TO_RESTORE
[4936] 754f2022b72da70 C /home/capstone/project/test_files/000164.pdf.v-society.README_TO_RESTORE
[4936] 754f2022b72da70 O /home/capstone/project/test_files/000164.pdf.v-society.README_TO_RESTORE
[4936] 754f2022b72da70 C /home/capstone/project/test_files/000693.doc.v-society.README_TO_RESTORE
[4936] 754f2022b72da70 O /home/capstone/project/test_files/000693.doc.v-society.README_TO_RESTORE
[4936] 754f2022b72da70 O /home/capstone/project/test_files/000594.pdf
[4936] 754f2022b72da70 O /home/capstone/project/test_files/000594.pdf.v-society
[4936] 754f2022b72da70 O /home/capstone/project/test_files/000416.html
[4936] 754f2022b72da70 C /home/capstone/project/test_files/000089.txt.v-society.README_TO_RESTORE
[4936] 754f2022b72da70 O /home/capstone/project/test_files/000089.txt.v-society.README_TO_RESTORE
[4936] 754f2022b72da70 O /home/capstone/project/test_files/000416.html.v-society
[4936] 754f2022b72da70 O /home/capstone/project/test_files/000730.ps
[4936] 754f2022b72da70 O /home/capstone/project/test_files/000730.ps.v-society
[4936] 754f2022b72da70 C /home/capstone/project/test_files/000535.jpg.v-society.README_TO_RESTORE
[4936] 754f2022b72da70 O /home/capstone/project/test_files/000535.jpg.v-society.README_TO_RESTORE
[4936] 754f2022b72da70 C /home/capstone/project/test_files/000239.jpg.v-society.README_TO_RESTORE
[4936] 754f2022b72da70 O /home/capstone/project/test_files/000239.jpg.v-society.README_TO_RESTORE
[4936] 754f2022b72da70 O /home/capstone/project/test_files/000812.html
[4936] 754f2022b72da70 O /home/capstone/project/test_files/000812.html.v-society
[4936] 754f2022b72da70 C /home/capstone/project/test_files/000074.html.v-society.README_TO_RESTORE
[4936] 754f2022b72da70 O /home/capstone/project/test_files/000074.html.v-society.README_TO_RESTORE
[4936] 754f2022b72da70 C /home/capstone/project/test_files/000594.pdf.v-society.README_TO_RESTORE
[4936] 754f2022b72da70 O /home/capstone/project/test_files/000594.pdf.v-society.README_TO_RESTORE
[4936] 754f2022b72da70 C /home/capstone/project/test_files/000003.doc.v-society.README_TO_RESTORE
[4936] 754f2022b72da70 O /home/capstone/project/test_files/000003.doc.v-society.README_TO_RESTORE
[4936] 754f2022b72da70 O /home/capstone/project/test_files/000030.xls
[4936] 754f2022b72da70 O /home/capstone/project/test_files/000030.xls.v-society
[4936] 754f2022b72da70 O /home/capstone/project/test_files/000292.ppt
[4936] 754f2022b72da70 O /home/capstone/project/test_files/000292.ppt.v-society
[4936] 754f2022b72da70 O /home/capstone/project/test_files/000358.pdf
[4936] 754f2022b72da70 C /home/capstone/project/test_files/000416.html.v-society.README_TO_RESTORE
[4936] 754f2022b72da70 O /home/capstone/project/test_files/000358.pdf.v-society
[4936] 754f2022b72da70 O /home/capstone/project/test_files/000747.pdf
[4936] 754f2022b72da70 O /home/capstone/project/test_files/000747.pdf.v-society
[4936] 754f2022b72da70 O /home/capstone/project/test_files/000221.txt
[4936] 754f2022b72da70 O /home/capstone/project/test_files/000221.txt.v-society
[4936] 754f2022b72da70 O /home/capstone/project/test_files/000416.html.v-society.README_TO_RESTORE
[4936] 754f2022b72da70 C /home/capstone/project/test_files/000711.ppt.v-society.README_TO_RESTORE
[4936] 754f2022b72da70 O /home/capstone/project/test_files/000711.ppt.v-society.README_TO_RESTORE
[4936] 754f2022b72da70 O /home/capstone/project/test_files/000850.txt
[4936] 754f2022b72da70 O /home/capstone/project/test_files/000850.txt.v-society
[4936] 754f2022b72da70 C /home/capstone/project/test_files/000730.ps.v-society.README_TO_RESTORE
[4936] 754f2022b72da70 O /home/capstone/project/test_files/000730.ps.v-society.README_TO_RESTORE
[4936] 754f2022b72da70 C /home/capstone/project/test_files/000292.ppt.v-society.README_TO_RESTORE
[4936] 754f2022b72da70 O /home/capstone/project/test_files/000292.ppt.v-society.README_TO_RESTORE
[4936] 754f2022b72da70 C /home/capstone/project/test_files/000173.html.v-society.README_TO_RESTORE
[4936] 754f2022b72da70 C /home/capstone/project/test_files/000812.html.v-society.README_TO_RESTORE
[4936] 754f2022b72da70 O /home/capstone/project/test_files/000173.html.v-society.README_TO_RESTORE
[4936] 754f2022b72da70 O /home/capstone/project/test_files/000812.html.v-society.README_TO_RESTORE
[4936] 754f2022b72da70 C /home/capstone/project/test_files/000030.xls.v-society.README_TO_RESTORE
[4936] 754f2022b72da70 O /home/capstone/project/test_files/000030.xls.v-society.README_TO_RESTORE
[4936] 754f2022b72da70 O /home/capstone/project/test_files/000079.html
[4936] 754f2022b72da70 O /home/capstone/project/test_files/000079.html.v-society
[4936] 754f2022b72da70 O /home/capstone/project/test_files/000689.csv
[4936] 754f2022b72da70 O /home/capstone/project/test_files/000689.csv.v-society
[4936] 754f2022b72da70 O /home/capstone/project/test_files/000018.pdf
[4936] 754f2022b72da70 O /home/capstone/project/test_files/000018.pdf.v-society
[4936] 754f2022b72da70 O /home/capstone/project/test_files/000066.html
[4936] 754f2022b72da70 O /home/capstone/project/test_files/000066.html.v-society
[4936] 754f2022b72da70 C /home/capstone/project/test_files/000747.pdf.v-society.README_TO_RESTORE
[4936] 754f2022b72da70 O /home/capstone/project/test_files/000747.pdf.v-society.README_TO_RESTORE
[4936] 754f2022b72da70 C /home/capstone/project/test_files/000358.pdf.v-society.README_TO_RESTORE
[4936] 754f2022b72da70 O /home/capstone/project/test_files/000358.pdf.v-society.README_TO_RESTORE
[4936] 754f2022b72da70 O /home/capstone/project/test_files/000641.txt
[4936] 754f2022b72da70 O /home/capstone/project/test_files/000641.txt.v-society
[4936] 754f2022b72da70 C /home/capstone/project/test_files/000850.txt.v-society.README_TO_RESTORE
[4936] 754f2022b72da70 O /home/capstone/project/test_files/000850.txt.v-society.README_TO_RESTORE
[4936] 754f2022b72da70 C /home/capstone/project/test_files/000221.txt.v-society.README_TO_RESTORE
[4936] 754f2022b72da70 O /home/capstone/project/test_files/000221.txt.v-society.README_TO_RESTORE
[4936] 754f2022b72da70 O /home/capstone/project/test_files/000198.html
[4936] 754f2022b72da70 O /home/capstone/project/test_files/000359.pdf
[4936] 754f2022b72da70 O /home/capstone/project/test_files/000198.html.v-society
[4936] 754f2022b72da70 O /home/capstone/project/test_files/000359.pdf.v-society
[4936] 754f2022b72da70 O /home/capstone/project/test_files/000388.xls
[4936] 754f2022b72da70 O /home/capstone/project/test_files/000388.xls.v-society
[4936] 754f2022b72da70 C /home/capstone/project/test_files/000018.pdf.v-society.README_TO_RESTORE
[4936] 754f2022b72da70 O /home/capstone/project/test_files/000018.pdf.v-society.README_TO_RESTORE
[4936] 754f2022b72da70 C /home/capstone/project/test_files/000641.txt.v-society.README_TO_RESTORE
[4936] 754f2022b72da70 O /home/capstone/project/test_files/000641.txt.v-society.README_TO_RESTORE
[4936] 754f2022b72da70 C /home/capstone/project/test_files/000689.csv.v-society.README_TO_RESTORE
[4936] 754f2022b72da70 O /home/capstone/project/test_files/000689.csv.v-society.README_TO_RESTORE
[4936] 754f2022b72da70 O /home/capstone/project/test_files/000192.html
[4936] 754f2022b72da70 O /home/capstone/project/test_files/000736.gz
[4936] 754f2022b72da70 O /home/capstone/project/test_files/000736.gz.v-society
[4936] 754f2022b72da70 O /home/capstone/project/test_files/000192.html.v-society
[4936] 754f2022b72da70 O /home/capstone/project/test_files/000667.txt
[4936] 754f2022b72da70 O /home/capstone/project/test_files/000667.txt.v-society
[4936] 754f2022b72da70 C /home/capstone/project/test_files/000198.html.v-society.README_TO_RESTORE
[4936] 754f2022b72da70 O /home/capstone/project/test_files/000198.html.v-society.README_TO_RESTORE
[4936] 754f2022b72da70 O /home/capstone/project/test_files/000266.pdf
[4936] 754f2022b72da70 O /home/capstone/project/test_files/000266.pdf.v-society
[4936] 754f2022b72da70 O /home/capstone/project/test_files/000508.jpg
[4936] 754f2022b72da70 O /home/capstone/project/test_files/000508.jpg.v-society
[4936] 754f2022b72da70 C /home/capstone/project/test_files/000359.pdf.v-society.README_TO_RESTORE
[4936] 754f2022b72da70 O /home/capstone/project/test_files/000789.html
[4936] 754f2022b72da70 O /home/capstone/project/test_files/000789.html.v-society
[4936] 754f2022b72da70 O /home/capstone/project/test_files/000359.pdf.v-society.README_TO_RESTORE
[4936] 754f2022b72da70 O /home/capstone/project/test_files/000456.html
[4936] 754f2022b72da70 O /home/capstone/project/test_files/000456.html.v-society
[4936] 754f2022b72da70 C /home/capstone/project/test_files/000066.html.v-society.README_TO_RESTORE
[4936] 754f2022b72da70 O /home/capstone/project/test_files/000066.html.v-society.README_TO_RESTORE
[4936] 754f2022b72da70 C /home/capstone/project/test_files/000079.html.v-society.README_TO_RESTORE
[4936] 754f2022b72da70 O /home/capstone/project/test_files/000079.html.v-society.README_TO_RESTORE
[4936] 754f2022b72da70 O /home/capstone/project/test_files/000852.txt
[4936] 754f2022b72da70 O /home/capstone/project/test_files/000852.txt.v-society
[4936] 754f2022b72da70 C /home/capstone/project/test_files/000388.xls.v-society.README_TO_RESTORE
[4936] 754f2022b72da70 O /home/capstone/project/test_files/000388.xls.v-society.README_TO_RESTORE
[4936] 754f2022b72da70 C /home/capstone/project/test_files/000736.gz.v-society.README_TO_RESTORE
[4936] 754f2022b72da70 O /home/capstone/project/test_files/000736.gz.v-society.README_TO_RESTORE
[4936] 754f2022b72da70 O /home/capstone/project/test_files/000325.pdf
[4936] 754f2022b72da70 O /home/capstone/project/test_files/000325.pdf.v-society
[4936] 754f2022b72da70 O /home/capstone/project/test_files/000600.html
[4936] 754f2022b72da70 O /home/capstone/project/test_files/000600.html.v-society
[4936] 754f2022b72da70 O /home/capstone/project/test_files/000467.txt
[4936] 754f2022b72da70 O /home/capstone/project/test_files/000467.txt.v-society
[4936] 754f2022b72da70 C /home/capstone/project/test_files/000508.jpg.v-society.README_TO_RESTORE
[4936] 754f2022b72da70 O /home/capstone/project/test_files/000508.jpg.v-society.README_TO_RESTORE
[4936] 754f2022b72da70 O /home/capstone/project/test_files/000092.txt
[4936] 754f2022b72da70 C /home/capstone/project/test_files/000325.pdf.v-society.README_TO_RESTORE
[4936] 754f2022b72da70 O /home/capstone/project/test_files/000092.txt.v-society
[4936] 754f2022b72da70 C /home/capstone/project/test_files/000852.txt.v-society.README_TO_RESTORE
[4936] 754f2022b72da70 O /home/capstone/project/test_files/000852.txt.v-society.README_TO_RESTORE
[4936] 754f2022b72da70 C /home/capstone/project/test_files/000667.txt.v-society.README_TO_RESTORE
[4936] 754f2022b72da70 C /home/capstone/project/test_files/000192.html.v-society.README_TO_RESTORE
[4936] 754f2022b72da70 O /home/capstone/project/test_files/000667.txt.v-society.README_TO_RESTORE
[4936] 754f2022b72da70 O /home/capstone/project/test_files/000325.pdf.v-society.README_TO_RESTORE
[4936] 754f2022b72da70 O /home/capstone/project/test_files/000192.html.v-society.README_TO_RESTORE
[4936] 754f2022b72da70 O /home/capstone/project/test_files/000280.pdf
[4936] 754f2022b72da70 O /home/capstone/project/test_files/000280.pdf.v-society
[4936] 754f2022b72da70 C /home/capstone/project/test_files/000600.html.v-society.README_TO_RESTORE
[4936] 754f2022b72da70 O /home/capstone/project/test_files/000600.html.v-society.README_TO_RESTORE
[4936] 754f2022b72da70 C /home/capstone/project/test_files/000456.html.v-society.README_TO_RESTORE
[4936] 754f2022b72da70 O /home/capstone/project/test_files/000456.html.v-society.README_TO_RESTORE
[4936] 754f2022b72da70 O /home/capstone/project/test_files/000686.doc
[4936] 754f2022b72da70 O /home/capstone/project/test_files/000686.doc.v-society
[4936] 754f2022b72da70 O /home/capstone/project/test_files/000053.xls
[4936] 754f2022b72da70 O /home/capstone/project/test_files/000053.xls.v-society
[4936] 754f2022b72da70 C /home/capstone/project/test_files/000266.pdf.v-society.README_TO_RESTORE
[4936] 754f2022b72da70 O /home/capstone/project/test_files/000266.pdf.v-society.README_TO_RESTORE
[4936] 754f2022b72da70 O /home/capstone/project/test_files/000300.ppt
[4936] 754f2022b72da70 O /home/capstone/project/test_files/000300.ppt.v-society
[4936] 754f2022b72da70 C /home/capstone/project/test_files/000789.html.v-society.README_TO_RESTORE
[4936] 754f2022b72da70 O /home/capstone/project/test_files/000789.html.v-society.README_TO_RESTORE
[4936] 754f2022b72da70 O /home/capstone/project/test_files/000601.html
[4936] 754f2022b72da70 O /home/capstone/project/test_files/000601.html.v-society
[4936] 754f2022b72da70 O /home/capstone/project/test_files/ziUrAJ8W
[4936] 754f2022b72da70 O /home/capstone/project/test_files/ziUrAJ8W.v-society
[4936] 754f2022b72da70 O /home/capstone/project/test_files/000808.html
[4936] 754f2022b72da70 O /home/capstone/project/test_files/000808.html.v-society
[4936] 754f2022b72da70 O /home/capstone/project/test_files/000480.txt
[4936] 754f2022b72da70 O /home/capstone/project/test_files/000480.txt.v-society
[4936] 754f2022b72da70 C /home/capstone/project/test_files/000467.txt.v-society.README_TO_RESTORE
[4936] 754f2022b72da70 O /home/capstone/project/test_files/000467.txt.v-society.README_TO_RESTORE
[4936] 754f2022b72da70 C /home/capstone/project/test_files/000280.pdf.v-society.README_TO_RESTORE
[4936] 754f2022b72da70 O /home/capstone/project/test_files/000280.pdf.v-society.README_TO_RESTORE
[4936] 754f2022b72da70 O /home/capstone/project/test_files/000175.ppt
[4936] 754f2022b72da70 O /home/capstone/project/test_files/000175.ppt.v-society
[4936] 754f2022b72da70 C /home/capstone/project/test_files/000808.html.v-society.README_TO_RESTORE
[4936] 754f2022b72da70 O /home/capstone/project/test_files/000808.html.v-society.README_TO_RESTORE
[4936] 754f2022b72da70 O /home/capstone/project/test_files/000170.xls
[4936] 754f2022b72da70 O /home/capstone/project/test_files/000170.xls.v-society
[4936] 754f2022b72da70 O /home/capstone/project/test_files/000487.txt
[4936] 754f2022b72da70 O /home/capstone/project/test_files/000487.txt.v-society
[4936] 754f2022b72da70 C /home/capstone/project/test_files/ziUrAJ8W.v-society.README_TO_RESTORE
[4936] 754f2022b72da70 O /home/capstone/project/test_files/ziUrAJ8W.v-society.README_TO_RESTORE
[4936] 754f2022b72da70 C /home/capstone/project/test_files/000092.txt.v-society.README_TO_RESTORE
[4936] 754f2022b72da70 O /home/capstone/project/test_files/000092.txt.v-society.README_TO_RESTORE
[4936] 754f2022b72da70 O /home/capstone/project/test_files/000481.txt
[4936] 754f2022b72da70 O /home/capstone/project/test_files/000577.pdf
[4936] 754f2022b72da70 O /home/capstone/project/test_files/000577.pdf.v-society
[4936] 754f2022b72da70 O /home/capstone/project/test_files/000616.html
[4936] 754f2022b72da70 O /home/capstone/project/test_files/000616.html.v-society
[4936] 754f2022b72da70 C /home/capstone/project/test_files/000686.doc.v-society.README_TO_RESTORE
[4936] 754f2022b72da70 C /home/capstone/project/test_files/000053.xls.v-society.README_TO_RESTORE
[4936] 754f2022b72da70 O /home/capstone/project/test_files/000481.txt.v-society
[4936] 754f2022b72da70 C /home/capstone/project/test_files/000487.txt.v-society.README_TO_RESTORE
[4936] 754f2022b72da70 O /home/capstone/project/test_files/000487.txt.v-society.README_TO_RESTORE
[4936] 754f2022b72da70 O /home/capstone/project/test_files/000686.doc.v-society.README_TO_RESTORE
[4936] 754f2022b72da70 O /home/capstone/project/test_files/000053.xls.v-society.README_TO_RESTORE
[4936] 754f2022b72da70 O /home/capstone/project/test_files/000634.html
[4936] 754f2022b72da70 O /home/capstone/project/test_files/000634.html.v-society
[4936] 754f2022b72da70 C /home/capstone/project/test_files/000601.html.v-society.README_TO_RESTORE
[4936] 754f2022b72da70 C /home/capstone/project/test_files/000616.html.v-society.README_TO_RESTORE
[4936] 754f2022b72da70 O /home/capstone/project/test_files/000616.html.v-society.README_TO_RESTORE
[4936] 754f2022b72da70 O /home/capstone/project/test_files/000601.html.v-society.README_TO_RESTORE
[4936] 754f2022b72da70 C /home/capstone/project/test_files/000175.ppt.v-society.README_TO_RESTORE
[4936] 754f2022b72da70 C /home/capstone/project/test_files/000480.txt.v-society.README_TO_RESTORE
[4936] 754f2022b72da70 O /home/capstone/project/test_files/000228.txt
[4936] 754f2022b72da70 O /home/capstone/project/test_files/000228.txt.v-society
[4936] 754f2022b72da70 O /home/capstone/project/test_files/000480.txt.v-society.README_TO_RESTORE
[4936] 754f2022b72da70 O /home/capstone/project/test_files/000175.ppt.v-society.README_TO_RESTORE
[4936] 754f2022b72da70 O /home/capstone/project/test_files/000097.ps
[4936] 754f2022b72da70 O /home/capstone/project/test_files/000097.ps.v-society
[4936] 754f2022b72da70 O /home/capstone/project/test_files/000444.pdf
[4936] 754f2022b72da70 O /home/capstone/project/test_files/000444.pdf.v-society
[4936] 754f2022b72da70 O /home/capstone/project/test_files/000977.doc
[4936] 754f2022b72da70 C /home/capstone/project/test_files/000300.ppt.v-society.README_TO_RESTORE
[4936] 754f2022b72da70 O /home/capstone/project/test_files/000977.doc.v-society
[4936] 754f2022b72da70 O /home/capstone/project/test_files/000300.ppt.v-society.README_TO_RESTORE
[4936] 754f2022b72da70 C /home/capstone/project/test_files/000481.txt.v-society.README_TO_RESTORE
[4936] 754f2022b72da70 O /home/capstone/project/test_files/000481.txt.v-society.README_TO_RESTORE
[4936] 754f2022b72da70 O /home/capstone/project/test_files/000130.doc
[4936] 754f2022b72da70 O /home/capstone/project/test_files/000832.txt
[4936] 754f2022b72da70 O /home/capstone/project/test_files/000832.txt.v-society
[4936] 754f2022b72da70 O /home/capstone/project/test_files/000130.doc.v-society
[4936] 754f2022b72da70 C /home/capstone/project/test_files/000577.pdf.v-society.README_TO_RESTORE
[4936] 754f2022b72da70 O /home/capstone/project/test_files/000577.pdf.v-society.README_TO_RESTORE
[4936] 754f2022b72da70 O /home/capstone/project/test_files/000722.csv
[4936] 754f2022b72da70 O /home/capstone/project/test_files/000722.csv.v-society
[4936] 754f2022b72da70 O /home/capstone/project/test_files/000177.pdf
[4936] 754f2022b72da70 O /home/capstone/project/test_files/000177.pdf.v-society
[4936] 754f2022b72da70 C /home/capstone/project/test_files/000170.xls.v-society.README_TO_RESTORE
[4936] 754f2022b72da70 O /home/capstone/project/test_files/000170.xls.v-society.README_TO_RESTORE
[4936] 754f2022b72da70 O /home/capstone/project/test_files/000044.xls
[4936] 754f2022b72da70 O /home/capstone/project/test_files/000044.xls.v-society
[4936] 754f2022b72da70 C /home/capstone/project/test_files/000097.ps.v-society.README_TO_RESTORE
[4936] 754f2022b72da70 O /home/capstone/project/test_files/000097.ps.v-society.README_TO_RESTORE
[4936] 754f2022b72da70 C /home/capstone/project/test_files/000634.html.v-society.README_TO_RESTORE
[4936] 754f2022b72da70 O /home/capstone/project/test_files/000634.html.v-society.README_TO_RESTORE
[4936] 754f2022b72da70 O /home/capstone/project/test_files/000660.txt
[4936] 754f2022b72da70 O /home/capstone/project/test_files/000660.txt.v-society
[4936] 754f2022b72da70 O /home/capstone/project/test_files/000931.txt
[4936] 754f2022b72da70 O /home/capstone/project/test_files/000931.txt.v-society
[4936] 754f2022b72da70 C /home/capstone/project/test_files/000444.pdf.v-society.README_TO_RESTORE
[4936] 754f2022b72da70 O /home/capstone/project/test_files/000444.pdf.v-society.README_TO_RESTORE
[4936] 754f2022b72da70 C /home/capstone/project/test_files/000228.txt.v-society.README_TO_RESTORE
[4936] 754f2022b72da70 O /home/capstone/project/test_files/000228.txt.v-society.README_TO_RESTORE
[4936] 754f2022b72da70 C /home/capstone/project/test_files/000177.pdf.v-society.README_TO_RESTORE
[4936] 754f2022b72da70 O /home/capstone/project/test_files/000177.pdf.v-society.README_TO_RESTORE
[4936] 754f2022b72da70 C /home/capstone/project/test_files/000722.csv.v-society.README_TO_RESTORE
[4936] 754f2022b72da70 C /home/capstone/project/test_files/000977.doc.v-society.README_TO_RESTORE
[4936] 754f2022b72da70 O /home/capstone/project/test_files/000722.csv.v-society.README_TO_RESTORE
[4936] 754f2022b72da70 C /home/capstone/project/test_files/000832.txt.v-society.README_TO_RESTORE
[4936] 754f2022b72da70 O /home/capstone/project/test_files/000832.txt.v-society.README_TO_RESTORE
[4936] 754f2022b72da70 O /home/capstone/project/test_files/000977.doc.v-society.README_TO_RESTORE
[4936] 754f2022b72da70 O /home/capstone/project/test_files/000360.pdf
[4936] 754f2022b72da70 O /home/capstone/project/test_files/000197.html
[4936] 754f2022b72da70 O /home/capstone/project/test_files/000197.html.v-society
[4936] 754f2022b72da70 O /home/capstone/project/test_files/000360.pdf.v-society
[4936] 754f2022b72da70 C /home/capstone/project/test_files/000130.doc.v-society.README_TO_RESTORE
[4936] 754f2022b72da70 O /home/capstone/project/test_files/000661.txt
[4936] 754f2022b72da70 O /home/capstone/project/test_files/000661.txt.v-society
[4936] 754f2022b72da70 O /home/capstone/project/test_files/000130.doc.v-society.README_TO_RESTORE
[4936] 754f2022b72da70 O /home/capstone/project/test_files/000341.pdf
[4936] 754f2022b72da70 O /home/capstone/project/test_files/000341.pdf.v-society
[4936] 754f2022b72da70 C /home/capstone/project/test_files/000044.xls.v-society.README_TO_RESTORE
[4936] 754f2022b72da70 O /home/capstone/project/test_files/000044.xls.v-society.README_TO_RESTORE
[4936] 754f2022b72da70 C /home/capstone/project/test_files/000931.txt.v-society.README_TO_RESTORE
[4936] 754f2022b72da70 O /home/capstone/project/test_files/000931.txt.v-society.README_TO_RESTORE
[4936] 754f2022b72da70 C /home/capstone/project/test_files/000660.txt.v-society.README_TO_RESTORE
[4936] 754f2022b72da70 O /home/capstone/project/test_files/000660.txt.v-society.README_TO_RESTORE
[4936] 754f2022b72da70 O /home/capstone/project/test_files/000669.txt
[4936] 754f2022b72da70 O /home/capstone/project/test_files/000669.txt.v-society
[4936] 754f2022b72da70 C /home/capstone/project/test_files/000360.pdf.v-society.README_TO_RESTORE
[4936] 754f2022b72da70 O /home/capstone/project/test_files/000360.pdf.v-society.README_TO_RESTORE
[4936] 754f2022b72da70 C /home/capstone/project/test_files/000669.txt.v-society.README_TO_RESTORE
[4936] 754f2022b72da70 O /home/capstone/project/test_files/000669.txt.v-society.README_TO_RESTORE
[4936] 754f2022b72da70 O /home/capstone/project/test_files/000990.ppt
[4936] 754f2022b72da70 O /home/capstone/project/test_files/000990.ppt.v-society
[4936] 754f2022b72da70 C /home/capstone/project/test_files/000197.html.v-society.README_TO_RESTORE
[4936] 754f2022b72da70 O /home/capstone/project/test_files/000197.html.v-society.README_TO_RESTORE
[4936] 754f2022b72da70 C /home/capstone/project/test_files/000661.txt.v-society.README_TO_RESTORE
[4936] 754f2022b72da70 O /home/capstone/project/test_files/000661.txt.v-society.README_TO_RESTORE
[4936] 754f2022b72da70 C /home/capstone/project/test_files/000341.pdf.v-society.README_TO_RESTORE
[4936] 754f2022b72da70 O /home/capstone/project/test_files/000341.pdf.v-society.README_TO_RESTORE
[4936] 754f2022b72da70 O /home/capstone/project/test_files/000795.doc
[4936] 754f2022b72da70 O /home/capstone/project/test_files/000795.doc.v-society
[4936] 754f2022b72da70 C /home/capstone/project/test_files/000990.ppt.v-society.README_TO_RESTORE
[4936] 754f2022b72da70 O /home/capstone/project/test_files/000990.ppt.v-society.README_TO_RESTORE
[4936] 754f2022b72da70 O /home/capstone/project/test_files/000025.pdf
[4936] 754f2022b72da70 O /home/capstone/project/test_files/000025.pdf.v-society
[4936] 754f2022b72da70 O /home/capstone/project/test_files/000142.pdf
[4936] 754f2022b72da70 O /home/capstone/project/test_files/000142.pdf.v-society
[4936] 754f2022b72da70 O /home/capstone/project/test_files/000301.ppt
[4936] 754f2022b72da70 O /home/capstone/project/test_files/000301.ppt.v-society
[4936] 754f2022b72da70 O /home/capstone/project/test_files/000799.doc
[4936] 754f2022b72da70 O /home/capstone/project/test_files/000799.doc.v-society
[4936] 754f2022b72da70 O /home/capstone/project/test_files/000991.ppt
[4936] 754f2022b72da70 O /home/capstone/project/test_files/000991.ppt.v-society
[4936] 754f2022b72da70 O /home/capstone/project/test_files/000548.gif
[4936] 754f2022b72da70 O /home/capstone/project/test_files/000548.gif.v-society
[4936] 754f2022b72da70 O /home/capstone/project/test_files/000883.jpg
[4936] 754f2022b72da70 O /home/capstone/project/test_files/000883.jpg.v-society
[4936] 754f2022b72da70 O /home/capstone/project/test_files/000541.jpg
[4936] 754f2022b72da70 O /home/capstone/project/test_files/000541.jpg.v-society
[4936] 754f2022b72da70 C /home/capstone/project/test_files/000025.pdf.v-society.README_TO_RESTORE
[4936] 754f2022b72da70 O /home/capstone/project/test_files/000025.pdf.v-society.README_TO_RESTORE
[4936] 754f2022b72da70 C /home/capstone/project/test_files/000799.doc.v-society.README_TO_RESTORE
[4936] 754f2022b72da70 O /home/capstone/project/test_files/000799.doc.v-society.README_TO_RESTORE
[4936] 754f2022b72da70 O /home/capstone/project/test_files/000561.gif
[4936] 754f2022b72da70 O /home/capstone/project/test_files/000561.gif.v-society
[4936] 754f2022b72da70 C /home/capstone/project/test_files/000795.doc.v-society.README_TO_RESTORE
[4936] 754f2022b72da70 O /home/capstone/project/test_files/000795.doc.v-society.README_TO_RESTORE
[4936] 754f2022b72da70 O /home/capstone/project/test_files/000640.html
[4936] 754f2022b72da70 O /home/capstone/project/test_files/000640.html.v-society
[4936] 754f2022b72da70 C /home/capstone/project/test_files/000548.gif.v-society.README_TO_RESTORE
[4936] 754f2022b72da70 O /home/capstone/project/test_files/000548.gif.v-society.README_TO_RESTORE
[4936] 754f2022b72da70 C /home/capstone/project/test_files/000301.ppt.v-society.README_TO_RESTORE
[4936] 754f2022b72da70 O /home/capstone/project/test_files/000301.ppt.v-society.README_TO_RESTORE
[4936] 754f2022b72da70 O /home/capstone/project/test_files/000528.jpg
[4936] 754f2022b72da70 O /home/capstone/project/test_files/000820.html
[4936] 754f2022b72da70 O /home/capstone/project/test_files/000820.html.v-society
[4936] 754f2022b72da70 O /home/capstone/project/test_files/000528.jpg.v-society
[4936] 754f2022b72da70 O /home/capstone/project/test_files/000062.html
[4936] 754f2022b72da70 O /home/capstone/project/test_files/000062.html.v-society
[4936] 754f2022b72da70 O /home/capstone/project/test_files/000277.doc
[4936] 754f2022b72da70 O /home/capstone/project/test_files/000277.doc.v-society
[4936] 754f2022b72da70 C /home/capstone/project/test_files/000142.pdf.v-society.README_TO_RESTORE
[4936] 754f2022b72da70 O /home/capstone/project/test_files/000142.pdf.v-society.README_TO_RESTORE
[4936] 754f2022b72da70 C /home/capstone/project/test_files/000883.jpg.v-society.README_TO_RESTORE
[4936] 754f2022b72da70 O /home/capstone/project/test_files/000883.jpg.v-society.README_TO_RESTORE
[4936] 754f2022b72da70 C /home/capstone/project/test_files/000561.gif.v-society.README_TO_RESTORE
[4936] 754f2022b72da70 O /home/capstone/project/test_files/000083.unk
[4936] 754f2022b72da70 O /home/capstone/project/test_files/000083.unk.v-society
[4936] 754f2022b72da70 O /home/capstone/project/test_files/000561.gif.v-society.README_TO_RESTORE
[4936] 754f2022b72da70 O /home/capstone/project/test_files/000321.ppt
[4936] 754f2022b72da70 O /home/capstone/project/test_files/000321.ppt.v-society
[4936] 754f2022b72da70 C /home/capstone/project/test_files/000991.ppt.v-society.README_TO_RESTORE
[4936] 754f2022b72da70 O /home/capstone/project/test_files/000991.ppt.v-society.README_TO_RESTORE
[4936] 754f2022b72da70 C /home/capstone/project/test_files/000541.jpg.v-society.README_TO_RESTORE
[4936] 754f2022b72da70 O /home/capstone/project/test_files/000541.jpg.v-society.README_TO_RESTORE
[4936] 754f2022b72da70 O /home/capstone/project/test_files/000525.gif
[4936] 754f2022b72da70 O /home/capstone/project/test_files/000525.gif.v-society
[4936] 754f2022b72da70 O /home/capstone/project/test_files/000811.pdf
[4936] 754f2022b72da70 O /home/capstone/project/test_files/000880.jpg
[4936] 754f2022b72da70 O /home/capstone/project/test_files/000880.jpg.v-society
[4936] 754f2022b72da70 O /home/capstone/project/test_files/000811.pdf.v-society
[4936] 754f2022b72da70 C /home/capstone/project/test_files/000820.html.v-society.README_TO_RESTORE
[4936] 754f2022b72da70 O /home/capstone/project/test_files/000820.html.v-society.README_TO_RESTORE
[4936] 754f2022b72da70 O /home/capstone/project/test_files/000108.jpg
[4936] 754f2022b72da70 O /home/capstone/project/test_files/000626.txt
[4936] 754f2022b72da70 O /home/capstone/project/test_files/000626.txt.v-society
[4936] 754f2022b72da70 O /home/capstone/project/test_files/000108.jpg.v-society
[4936] 754f2022b72da70 C /home/capstone/project/test_files/000525.gif.v-society.README_TO_RESTORE
[4936] 754f2022b72da70 O /home/capstone/project/test_files/000525.gif.v-society.README_TO_RESTORE
[4936] 754f2022b72da70 C /home/capstone/project/test_files/000062.html.v-society.README_TO_RESTORE
[4936] 754f2022b72da70 O /home/capstone/project/test_files/000062.html.v-society.README_TO_RESTORE
[4936] 754f2022b72da70 C /home/capstone/project/test_files/000083.unk.v-society.README_TO_RESTORE
[4936] 754f2022b72da70 O /home/capstone/project/test_files/000083.unk.v-society.README_TO_RESTORE
[4936] 754f2022b72da70 O /home/capstone/project/test_files/000121.doc
[4936] 754f2022b72da70 C /home/capstone/project/test_files/000640.html.v-society.README_TO_RESTORE
[4936] 754f2022b72da70 O /home/capstone/project/test_files/000640.html.v-society.README_TO_RESTORE
[4936] 754f2022b72da70 O /home/capstone/project/test_files/000121.doc.v-society
[4936] 754f2022b72da70 O /home/capstone/project/test_files/000057.html
[4936] 754f2022b72da70 O /home/capstone/project/test_files/000057.html.v-society
[4936] 754f2022b72da70 O /home/capstone/project/test_files/000398.xls
[4936] 754f2022b72da70 O /home/capstone/project/test_files/000398.xls.v-society
[4936] 754f2022b72da70 C /home/capstone/project/test_files/000277.doc.v-society.README_TO_RESTORE
[4936] 754f2022b72da70 O /home/capstone/project/test_files/000277.doc.v-society.README_TO_RESTORE
[4936] 754f2022b72da70 C /home/capstone/project/test_files/000528.jpg.v-society.README_TO_RESTORE
[4936] 754f2022b72da70 O /home/capstone/project/test_files/000528.jpg.v-society.README_TO_RESTORE
[4936] 754f2022b72da70 O /home/capstone/project/test_files/000581.pdf
[4936] 754f2022b72da70 O /home/capstone/project/test_files/000581.pdf.v-society
[4936] 754f2022b72da70 O /home/capstone/project/test_files/000623.html
[4936] 754f2022b72da70 O /home/capstone/project/test_files/000623.html.v-society
[4936] 754f2022b72da70 O /home/capstone/project/test_files/000167.ppt
[4936] 754f2022b72da70 O /home/capstone/project/test_files/000167.ppt.v-society
[4936] 754f2022b72da70 C /home/capstone/project/test_files/000167.ppt.v-society.README_TO_RESTORE
[4936] 754f2022b72da70 O /home/capstone/project/test_files/000167.ppt.v-society.README_TO_RESTORE
[4936] 754f2022b72da70 C /home/capstone/project/test_files/000623.html.v-society.README_TO_RESTORE
[4936] 754f2022b72da70 O /home/capstone/project/test_files/000623.html.v-society.README_TO_RESTORE
[4936] 754f2022b72da70 C /home/capstone/project/test_files/000626.txt.v-society.README_TO_RESTORE
[4936] 754f2022b72da70 O /home/capstone/project/test_files/000626.txt.v-society.README_TO_RESTORE
[4936] 754f2022b72da70 C /home/capstone/project/test_files/000321.ppt.v-society.README_TO_RESTORE
[4936] 754f2022b72da70 O /home/capstone/project/test_files/000321.ppt.v-society.README_TO_RESTORE
[4936] 754f2022b72da70 O /home/capstone/project/test_files/000392.xls
[4936] 754f2022b72da70 O /home/capstone/project/test_files/000065.html
[4936] 754f2022b72da70 O /home/capstone/project/test_files/000065.html.v-society
[4936] 754f2022b72da70 O /home/capstone/project/test_files/000392.xls.v-society
[4936] 754f2022b72da70 C /home/capstone/project/test_files/000398.xls.v-society.README_TO_RESTORE
[4936] 754f2022b72da70 O /home/capstone/project/test_files/000398.xls.v-society.README_TO_RESTORE
[4936] 754f2022b72da70 C /home/capstone/project/test_files/000057.html.v-society.README_TO_RESTORE
[4936] 754f2022b72da70 O /home/capstone/project/test_files/000057.html.v-society.README_TO_RESTORE
[4936] 754f2022b72da70 O /home/capstone/project/test_files/000876.jpg
[4936] 754f2022b72da70 O /home/capstone/project/test_files/000876.jpg.v-society
[4936] 754f2022b72da70 C /home/capstone/project/test_files/000880.jpg.v-society.README_TO_RESTORE
[4936] 754f2022b72da70 O /home/capstone/project/test_files/000880.jpg.v-society.README_TO_RESTORE
[4936] 754f2022b72da70 C /home/capstone/project/test_files/000108.jpg.v-society.README_TO_RESTORE
[4936] 754f2022b72da70 C /home/capstone/project/test_files/000581.pdf.v-society.README_TO_RESTORE
[4936] 754f2022b72da70 O /home/capstone/project/test_files/000581.pdf.v-society.README_TO_RESTORE
[4936] 754f2022b72da70 O /home/capstone/project/test_files/000108.jpg.v-society.README_TO_RESTORE
[4936] 754f2022b72da70 O /home/capstone/project/test_files/000916.html
[4936] 754f2022b72da70 O /home/capstone/project/test_files/000377.xls
[4936] 754f2022b72da70 O /home/capstone/project/test_files/000857.txt
[4936] 754f2022b72da70 O /home/capstone/project/test_files/000857.txt.v-society
[4936] 754f2022b72da70 O /home/capstone/project/test_files/000916.html.v-society
[4936] 754f2022b72da70 O /home/capstone/project/test_files/000377.xls.v-society
[4936] 754f2022b72da70 C /home/capstone/project/test_files/000811.pdf.v-society.README_TO_RESTORE
[4936] 754f2022b72da70 O /home/capstone/project/test_files/000811.pdf.v-society.README_TO_RESTORE
[4936] 754f2022b72da70 O /home/capstone/project/test_files/000842.txt
[4936] 754f2022b72da70 O /home/capstone/project/test_files/000842.txt.v-society
[4936] 754f2022b72da70 O /home/capstone/project/test_files/000815.html
[4936] 754f2022b72da70 O /home/capstone/project/test_files/000815.html.v-society
[4936] 754f2022b72da70 C /home/capstone/project/test_files/000065.html.v-society.README_TO_RESTORE
[4936] 754f2022b72da70 C /home/capstone/project/test_files/000121.doc.v-society.README_TO_RESTORE
[4936] 754f2022b72da70 O /home/capstone/project/test_files/000065.html.v-society.README_TO_RESTORE
[4936] 754f2022b72da70 O /home/capstone/project/test_files/000121.doc.v-society.README_TO_RESTORE
[4936] 754f2022b72da70 O /home/capstone/project/test_files/000544.jpg
[4936] 754f2022b72da70 O /home/capstone/project/test_files/000544.jpg.v-society
[4936] 754f2022b72da70 O /home/capstone/project/test_files/000225.f
[4936] 754f2022b72da70 O /home/capstone/project/test_files/000225.f.v-society
[4936] 754f2022b72da70 O /home/capstone/project/test_files/000960.doc
[4936] 754f2022b72da70 O /home/capstone/project/test_files/000960.doc.v-society
[4936] 754f2022b72da70 C /home/capstone/project/test_files/000876.jpg.v-society.README_TO_RESTORE
[4936] 754f2022b72da70 C /home/capstone/project/test_files/000916.html.v-society.README_TO_RESTORE
[4936] 754f2022b72da70 O /home/capstone/project/test_files/000916.html.v-society.README_TO_RESTORE
[4936] 754f2022b72da70 C /home/capstone/project/test_files/000377.xls.v-society.README_TO_RESTORE
[4936] 754f2022b72da70 O /home/capstone/project/test_files/000407.xls
[4936] 754f2022b72da70 O /home/capstone/project/test_files/000407.xls.v-society
[4936] 754f2022b72da70 O /home/capstone/project/test_files/000876.jpg.v-society.README_TO_RESTORE
[4936] 754f2022b72da70 O /home/capstone/project/test_files/000377.xls.v-society.README_TO_RESTORE
[4936] 754f2022b72da70 O /home/capstone/project/test_files/000371.pdf
[4936] 754f2022b72da70 O /home/capstone/project/test_files/000371.pdf.v-society
[4936] 754f2022b72da70 O /home/capstone/project/test_files/000514.jpg
[4936] 754f2022b72da70 O /home/capstone/project/test_files/000514.jpg.v-society
[4936] 754f2022b72da70 C /home/capstone/project/test_files/000815.html.v-society.README_TO_RESTORE
[4936] 754f2022b72da70 O /home/capstone/project/test_files/000815.html.v-society.README_TO_RESTORE
[4936] 754f2022b72da70 C /home/capstone/project/test_files/000392.xls.v-society.README_TO_RESTORE
[4936] 754f2022b72da70 O /home/capstone/project/test_files/000392.xls.v-society.README_TO_RESTORE
[4936] 754f2022b72da70 C /home/capstone/project/test_files/000544.jpg.v-society.README_TO_RESTORE
[4936] 754f2022b72da70 O /home/capstone/project/test_files/000544.jpg.v-society.README_TO_RESTORE
[4936] 754f2022b72da70 O /home/capstone/project/test_files/000644.txt
[4936] 754f2022b72da70 O /home/capstone/project/test_files/000644.txt.v-society
[4936] 754f2022b72da70 C /home/capstone/project/test_files/000407.xls.v-society.README_TO_RESTORE
[4936] 754f2022b72da70 O /home/capstone/project/test_files/000407.xls.v-society.README_TO_RESTORE
[4936] 754f2022b72da70 C /home/capstone/project/test_files/000842.txt.v-society.README_TO_RESTORE
[4936] 754f2022b72da70 O /home/capstone/project/test_files/000842.txt.v-society.README_TO_RESTORE
[4936] 754f2022b72da70 C /home/capstone/project/test_files/000857.txt.v-society.README_TO_RESTORE
[4936] 754f2022b72da70 O /home/capstone/project/test_files/000857.txt.v-society.README_TO_RESTORE
[4936] 754f2022b72da70 C /home/capstone/project/test_files/000960.doc.v-society.README_TO_RESTORE
[4936] 754f2022b72da70 O /home/capstone/project/test_files/000892.html
[4936] 754f2022b72da70 O /home/capstone/project/test_files/000892.html.v-society
[4936] 754f2022b72da70 O /home/capstone/project/test_files/000960.doc.v-society.README_TO_RESTORE
[4936] 754f2022b72da70 O /home/capstone/project/test_files/000702.ps
[4936] 754f2022b72da70 O /home/capstone/project/test_files/000702.ps.v-society
[4936] 754f2022b72da70 O /home/capstone/project/test_files/000491.txt
[4936] 754f2022b72da70 O /home/capstone/project/test_files/000491.txt.v-society
[4936] 754f2022b72da70 O /home/capstone/project/test_files/000357.pdf
[4936] 754f2022b72da70 O /home/capstone/project/test_files/000357.pdf.v-society
[4936] 754f2022b72da70 O /home/capstone/project/test_files/000288.ppt
[4936] 754f2022b72da70 O /home/capstone/project/test_files/000288.ppt.v-society
[4936] 754f2022b72da70 C /home/capstone/project/test_files/000225.f.v-society.README_TO_RESTORE
[4936] 754f2022b72da70 O /home/capstone/project/test_files/000225.f.v-society.README_TO_RESTORE
[4936] 754f2022b72da70 C /home/capstone/project/test_files/000514.jpg.v-society.README_TO_RESTORE
[4936] 754f2022b72da70 O /home/capstone/project/test_files/000514.jpg.v-society.README_TO_RESTORE
[4936] 754f2022b72da70 O /home/capstone/project/test_files/000415.html
[4936] 754f2022b72da70 O /home/capstone/project/test_files/000415.html.v-society
[4936] 754f2022b72da70 C /home/capstone/project/test_files/000371.pdf.v-society.README_TO_RESTORE
[4936] 754f2022b72da70 O /home/capstone/project/test_files/000371.pdf.v-society.README_TO_RESTORE
[4936] 754f2022b72da70 O /home/capstone/project/test_files/000029.pdf
[4936] 754f2022b72da70 O /home/capstone/project/test_files/000029.pdf.v-society
[4936] 754f2022b72da70 O /home/capstone/project/test_files/000879.jpg
[4936] 754f2022b72da70 O /home/capstone/project/test_files/000879.jpg.v-society
[4936] 754f2022b72da70 O /home/capstone/project/test_files/000159.pdf
[4936] 754f2022b72da70 O /home/capstone/project/test_files/000159.pdf.v-society
[4936] 754f2022b72da70 C /home/capstone/project/test_files/000491.txt.v-society.README_TO_RESTORE
[4936] 754f2022b72da70 O /home/capstone/project/test_files/000491.txt.v-society.README_TO_RESTORE
[4936] 754f2022b72da70 O /home/capstone/project/test_files/000755.pdf
[4936] 754f2022b72da70 O /home/capstone/project/test_files/000755.pdf.v-society
[4936] 754f2022b72da70 C /home/capstone/project/test_files/000159.pdf.v-society.README_TO_RESTORE
[4936] 754f2022b72da70 O /home/capstone/project/test_files/000159.pdf.v-society.README_TO_RESTORE
[4936] 754f2022b72da70 C /home/capstone/project/test_files/000702.ps.v-society.README_TO_RESTORE
[4936] 754f2022b72da70 O /home/capstone/project/test_files/000702.ps.v-society.README_TO_RESTORE
[4936] 754f2022b72da70 C /home/capstone/project/test_files/000288.ppt.v-society.README_TO_RESTORE
[4936] 754f2022b72da70 O /home/capstone/project/test_files/000288.ppt.v-society.README_TO_RESTORE
[4936] 754f2022b72da70 C /home/capstone/project/test_files/000644.txt.v-society.README_TO_RESTORE
[4936] 754f2022b72da70 O /home/capstone/project/test_files/000644.txt.v-society.README_TO_RESTORE
[4936] 754f2022b72da70 C /home/capstone/project/test_files/000892.html.v-society.README_TO_RESTORE
[4936] 754f2022b72da70 O /home/capstone/project/test_files/000892.html.v-society.README_TO_RESTORE
[4936] 754f2022b72da70 O /home/capstone/project/test_files/000612.html
[4936] 754f2022b72da70 O /home/capstone/project/test_files/000612.html.v-society
[4936] 754f2022b72da70 O /home/capstone/project/test_files/000878.pdf
[4936] 754f2022b72da70 O /home/capstone/project/test_files/000878.pdf.v-society
[4936] 754f2022b72da70 C /home/capstone/project/test_files/000029.pdf.v-society.README_TO_RESTORE
[4936] 754f2022b72da70 O /home/capstone/project/test_files/000029.pdf.v-society.README_TO_RESTORE
[4936] 754f2022b72da70 C /home/capstone/project/test_files/000415.html.v-society.README_TO_RESTORE
[4936] 754f2022b72da70 O /home/capstone/project/test_files/000415.html.v-society.README_TO_RESTORE
[4936] 754f2022b72da70 O /home/capstone/project/test_files/000373.pdf
[4936] 754f2022b72da70 O /home/capstone/project/test_files/000373.pdf.v-society
[4936] 754f2022b72da70 C /home/capstone/project/test_files/000357.pdf.v-society.README_TO_RESTORE
[4936] 754f2022b72da70 O /home/capstone/project/test_files/000357.pdf.v-society.README_TO_RESTORE
[4936] 754f2022b72da70 O /home/capstone/project/test_files/000718.gz
[4936] 754f2022b72da70 O /home/capstone/project/test_files/000718.gz.v-society
[4936] 754f2022b72da70 C /home/capstone/project/test_files/000879.jpg.v-society.README_TO_RESTORE
[4936] 754f2022b72da70 O /home/capstone/project/test_files/000879.jpg.v-society.README_TO_RESTORE
[4936] 754f2022b72da70 C /home/capstone/project/test_files/000373.pdf.v-society.README_TO_RESTORE
[4936] 754f2022b72da70 C /home/capstone/project/test_files/000878.pdf.v-society.README_TO_RESTORE
[4936] 754f2022b72da70 O /home/capstone/project/test_files/000373.pdf.v-society.README_TO_RESTORE
[4936] 754f2022b72da70 C /home/capstone/project/test_files/000755.pdf.v-society.README_TO_RESTORE
[4936] 754f2022b72da70 O /home/capstone/project/test_files/000755.pdf.v-society.README_TO_RESTORE
[4936] 754f2022b72da70 C /home/capstone/project/test_files/000718.gz.v-society.README_TO_RESTORE
[4936] 754f2022b72da70 O /home/capstone/project/test_files/000421.html
[4936] 754f2022b72da70 O /home/capstone/project/test_files/000421.html.v-society
[4936] 754f2022b72da70 O /home/capstone/project/test_files/000718.gz.v-society.README_TO_RESTORE
[4936] 754f2022b72da70 O /home/capstone/project/test_files/000878.pdf.v-society.README_TO_RESTORE
[4936] 754f2022b72da70 O /home/capstone/project/test_files/000215.html
[4936] 754f2022b72da70 O /home/capstone/project/test_files/000215.html.v-society
[4936] 754f2022b72da70 C /home/capstone/project/test_files/000612.html.v-society.README_TO_RESTORE
[4936] 754f2022b72da70 O /home/capstone/project/test_files/000612.html.v-society.README_TO_RESTORE
[4936] 754f2022b72da70 O /home/capstone/project/test_files/000242.jpg
[4936] 754f2022b72da70 O /home/capstone/project/test_files/000242.jpg.v-society
[4936] 754f2022b72da70 O /home/capstone/project/test_files/000787.html
[4936] 754f2022b72da70 O /home/capstone/project/test_files/000787.html.v-society
[4936] 754f2022b72da70 O /home/capstone/project/test_files/000200.html
[4936] 754f2022b72da70 O /home/capstone/project/test_files/000200.html.v-society
[4936] 754f2022b72da70 O /home/capstone/project/test_files/000465.unk
[4936] 754f2022b72da70 O /home/capstone/project/test_files/000465.unk.v-society
[4936] 754f2022b72da70 O /home/capstone/project/test_files/000391.xls
[4936] 754f2022b72da70 O /home/capstone/project/test_files/000391.xls.v-society
[4936] 754f2022b72da70 C /home/capstone/project/test_files/000421.html.v-society.README_TO_RESTORE
[4936] 754f2022b72da70 O /home/capstone/project/test_files/000959.xls
[4936] 754f2022b72da70 O /home/capstone/project/test_files/000959.xls.v-society
[4936] 754f2022b72da70 O /home/capstone/project/test_files/000421.html.v-society.README_TO_RESTORE
[4936] 754f2022b72da70 C /home/capstone/project/test_files/000242.jpg.v-society.README_TO_RESTORE
[4936] 754f2022b72da70 C /home/capstone/project/test_files/000215.html.v-society.README_TO_RESTORE
[4936] 754f2022b72da70 O /home/capstone/project/test_files/000215.html.v-society.README_TO_RESTORE
[4936] 754f2022b72da70 C /home/capstone/project/test_files/000787.html.v-society.README_TO_RESTORE
[4936] 754f2022b72da70 O /home/capstone/project/test_files/000787.html.v-society.README_TO_RESTORE
[4936] 754f2022b72da70 O /home/capstone/project/test_files/000035.xls
[4936] 754f2022b72da70 O /home/capstone/project/test_files/000035.xls.v-society
[4936] 754f2022b72da70 O /home/capstone/project/test_files/000036.xls
[4936] 754f2022b72da70 O /home/capstone/project/test_files/000036.xls.v-society
[4936] 754f2022b72da70 O /home/capstone/project/test_files/000242.jpg.v-society.README_TO_RESTORE
[4936] 754f2022b72da70 O /home/capstone/project/test_files/000166.pdf
[4936] 754f2022b72da70 O /home/capstone/project/test_files/000166.pdf.v-society
[4936] 754f2022b72da70 O /home/capstone/project/test_files/000383.xls
[4936] 754f2022b72da70 O /home/capstone/project/test_files/000383.xls.v-society
[4936] 754f2022b72da70 C /home/capstone/project/test_files/000200.html.v-society.README_TO_RESTORE
[4936] 754f2022b72da70 O /home/capstone/project/test_files/000200.html.v-society.README_TO_RESTORE
[4936] 754f2022b72da70 C /home/capstone/project/test_files/000465.unk.v-society.README_TO_RESTORE
[4936] 754f2022b72da70 O /home/capstone/project/test_files/000465.unk.v-society.README_TO_RESTORE
[4936] 754f2022b72da70 O /home/capstone/project/test_files/000400.jpg
[4936] 754f2022b72da70 O /home/capstone/project/test_files/000400.jpg.v-society
[4936] 754f2022b72da70 C /home/capstone/project/test_files/000391.xls.v-society.README_TO_RESTORE
[4936] 754f2022b72da70 O /home/capstone/project/test_files/000391.xls.v-society.README_TO_RESTORE
[4936] 754f2022b72da70 C /home/capstone/project/test_files/000035.xls.v-society.README_TO_RESTORE
[4936] 754f2022b72da70 O /home/capstone/project/test_files/000035.xls.v-society.README_TO_RESTORE
[4936] 754f2022b72da70 O /home/capstone/project/test_files/000453.html
[4936] 754f2022b72da70 O /home/capstone/project/test_files/000453.html.v-society
[4936] 754f2022b72da70 O /home/capstone/project/test_files/000950.doc
[4936] 754f2022b72da70 O /home/capstone/project/test_files/000950.doc.v-society
[4936] 754f2022b72da70 O /home/capstone/project/test_files/000124.doc
[4936] 754f2022b72da70 O /home/capstone/project/test_files/000124.doc.v-society
[4936] 754f2022b72da70 O /home/capstone/project/test_files/000403.xls
[4936] 754f2022b72da70 O /home/capstone/project/test_files/000403.xls.v-society
[4936] 754f2022b72da70 O /home/capstone/project/test_files/000375.xls
[4936] 754f2022b72da70 O /home/capstone/project/test_files/000375.xls.v-society
[4936] 754f2022b72da70 C /home/capstone/project/test_files/000383.xls.v-society.README_TO_RESTORE
[4936] 754f2022b72da70 O /home/capstone/project/test_files/000383.xls.v-society.README_TO_RESTORE
[4936] 754f2022b72da70 C /home/capstone/project/test_files/000124.doc.v-society.README_TO_RESTORE
[4936] 754f2022b72da70 O /home/capstone/project/test_files/000124.doc.v-society.README_TO_RESTORE
[4936] 754f2022b72da70 C /home/capstone/project/test_files/000166.pdf.v-society.README_TO_RESTORE
[4936] 754f2022b72da70 C /home/capstone/project/test_files/000959.xls.v-society.README_TO_RESTORE
[4936] 754f2022b72da70 O /home/capstone/project/test_files/000959.xls.v-society.README_TO_RESTORE
[4936] 754f2022b72da70 O /home/capstone/project/test_files/000166.pdf.v-society.README_TO_RESTORE
[4936] 754f2022b72da70 O /home/capstone/project/test_files/000103.txt
[4936] 754f2022b72da70 O /home/capstone/project/test_files/000010.pdf
[4936] 754f2022b72da70 O /home/capstone/project/test_files/000010.pdf.v-society
[4936] 754f2022b72da70 O /home/capstone/project/test_files/000103.txt.v-society
[4936] 754f2022b72da70 C /home/capstone/project/test_files/000036.xls.v-society.README_TO_RESTORE
[4936] 754f2022b72da70 O /home/capstone/project/test_files/000036.xls.v-society.README_TO_RESTORE
[4936] 754f2022b72da70 O /home/capstone/project/test_files/000671.pdf
[4936] 754f2022b72da70 O /home/capstone/project/test_files/000671.pdf.v-society
[4936] 754f2022b72da70 C /home/capstone/project/test_files/000950.doc.v-society.README_TO_RESTORE
[4936] 754f2022b72da70 O /home/capstone/project/test_files/000950.doc.v-society.README_TO_RESTORE
[4936] 754f2022b72da70 C /home/capstone/project/test_files/000453.html.v-society.README_TO_RESTORE
[4936] 754f2022b72da70 O /home/capstone/project/test_files/000453.html.v-society.README_TO_RESTORE
[4936] 754f2022b72da70 C /home/capstone/project/test_files/000375.xls.v-society.README_TO_RESTORE
[4936] 754f2022b72da70 O /home/capstone/project/test_files/000375.xls.v-society.README_TO_RESTORE
[4936] 754f2022b72da70 O /home/capstone/project/test_files/000792.html
[4936] 754f2022b72da70 O /home/capstone/project/test_files/000792.html.v-society
[4936] 754f2022b72da70 O /home/capstone/project/test_files/000724.ppt
[4936] 754f2022b72da70 O /home/capstone/project/test_files/000724.ppt.v-society
[4936] 754f2022b72da70 C /home/capstone/project/test_files/000400.jpg.v-society.README_TO_RESTORE
[4936] 754f2022b72da70 O /home/capstone/project/test_files/000400.jpg.v-society.README_TO_RESTORE
[4936] 754f2022b72da70 C /home/capstone/project/test_files/000403.xls.v-society.README_TO_RESTORE
[4936] 754f2022b72da70 O /home/capstone/project/test_files/000403.xls.v-society.README_TO_RESTORE
[4936] 754f2022b72da70 O /home/capstone/project/test_files/000370.pdf
[4936] 754f2022b72da70 O /home/capstone/project/test_files/000370.pdf.v-society
[4936] 754f2022b72da70 O /home/capstone/project/test_files/000043.xls
[4936] 754f2022b72da70 O /home/capstone/project/test_files/000043.xls.v-society
[4936] 754f2022b72da70 C /home/capstone/project/test_files/000010.pdf.v-society.README_TO_RESTORE
[4936] 754f2022b72da70 O /home/capstone/project/test_files/000010.pdf.v-society.README_TO_RESTORE
[4936] 754f2022b72da70 C /home/capstone/project/test_files/000671.pdf.v-society.README_TO_RESTORE
[4936] 754f2022b72da70 O /home/capstone/project/test_files/000671.pdf.v-society.README_TO_RESTORE
[4936] 754f2022b72da70 C /home/capstone/project/test_files/000792.html.v-society.README_TO_RESTORE
[4936] 754f2022b72da70 O /home/capstone/project/test_files/000792.html.v-society.README_TO_RESTORE
[4936] 754f2022b72da70 C /home/capstone/project/test_files/000370.pdf.v-society.README_TO_RESTORE
[4936] 754f2022b72da70 O /home/capstone/project/test_files/000370.pdf.v-society.README_TO_RESTORE
[4936] 754f2022b72da70 O /home/capstone/project/test_files/000651.txt
[4936] 754f2022b72da70 O /home/capstone/project/test_files/000651.txt.v-society
[4936] 754f2022b72da70 O /home/capstone/project/test_files/000576.csv
[4936] 754f2022b72da70 O /home/capstone/project/test_files/000576.csv.v-society
[4936] 754f2022b72da70 C /home/capstone/project/test_files/000103.txt.v-society.README_TO_RESTORE
[4936] 754f2022b72da70 O /home/capstone/project/test_files/000522.gif
[4936] 754f2022b72da70 O /home/capstone/project/test_files/000522.gif.v-society
[4936] 754f2022b72da70 O /home/capstone/project/test_files/000446.html
[4936] 754f2022b72da70 O /home/capstone/project/test_files/000446.html.v-society
[4936] 754f2022b72da70 O /home/capstone/project/test_files/000103.txt.v-society.README_TO_RESTORE
[4936] 754f2022b72da70 O /home/capstone/project/test_files/000573.swf
[4936] 754f2022b72da70 O /home/capstone/project/test_files/000573.swf.v-society
[4936] 754f2022b72da70 O /home/capstone/project/test_files/000897.jpg
[4936] 754f2022b72da70 O /home/capstone/project/test_files/000897.jpg.v-society
[4936] 754f2022b72da70 C /home/capstone/project/test_files/000724.ppt.v-society.README_TO_RESTORE
[4936] 754f2022b72da70 O /home/capstone/project/test_files/000724.ppt.v-society.README_TO_RESTORE
[4936] 754f2022b72da70 C /home/capstone/project/test_files/000897.jpg.v-society.README_TO_RESTORE
[4936] 754f2022b72da70 O /home/capstone/project/test_files/000897.jpg.v-society.README_TO_RESTORE
[4936] 754f2022b72da70 C /home/capstone/project/test_files/000043.xls.v-society.README_TO_RESTORE
[4936] 754f2022b72da70 O /home/capstone/project/test_files/000043.xls.v-society.README_TO_RESTORE
[4936] 754f2022b72da70 O /home/capstone/project/test_files/000447.html
[4936] 754f2022b72da70 O /home/capstone/project/test_files/000447.html.v-society
[4936] 754f2022b72da70 C /home/capstone/project/test_files/000573.swf.v-society.README_TO_RESTORE
[4936] 754f2022b72da70 O /home/capstone/project/test_files/000859.pdf
[4936] 754f2022b72da70 O /home/capstone/project/test_files/000859.pdf.v-society
[4936] 754f2022b72da70 O /home/capstone/project/test_files/000573.swf.v-society.README_TO_RESTORE
[4936] 754f2022b72da70 C /home/capstone/project/test_files/000276.doc.v-society.README_TO_RESTORE
[4936] 754f2022b72da70 O /home/capstone/project/test_files/000276.doc.v-society.README_TO_RESTORE
[4936] 754f2022b72da70 O /home/capstone/project/test_files/000161.pdf
[4936] 754f2022b72da70 O /home/capstone/project/test_files/000161.pdf.v-society
[4936] 754f2022b72da70 O /home/capstone/project/test_files/000944.doc
[4936] 754f2022b72da70 O /home/capstone/project/test_files/000944.doc.v-society
[4936] 754f2022b72da70 O /home/capstone/project/test_files/000952.doc
[4936] 754f2022b72da70 O /home/capstone/project/test_files/000952.doc.v-society
[4936] 754f2022b72da70 O /home/capstone/project/test_files/000900.jpg
[4936] 754f2022b72da70 O /home/capstone/project/test_files/000900.jpg.v-society
[4936] 754f2022b72da70 C /home/capstone/project/test_files/000061.html.v-society.README_TO_RESTORE
[4936] 754f2022b72da70 O /home/capstone/project/test_files/000061.html.v-society.README_TO_RESTORE
[4936] 754f2022b72da70 C /home/capstone/project/test_files/000522.gif.v-society.README_TO_RESTORE
[4936] 754f2022b72da70 O /home/capstone/project/test_files/000522.gif.v-society.README_TO_RESTORE
[4936] 754f2022b72da70 O /home/capstone/project/test_files/000741.log
[4936] 754f2022b72da70 O /home/capstone/project/test_files/000741.log.v-society
[4936] 754f2022b72da70 C /home/capstone/project/test_files/000446.html.v-society.README_TO_RESTORE
[4936] 754f2022b72da70 O /home/capstone/project/test_files/000446.html.v-society.README_TO_RESTORE
[4936] 754f2022b72da70 O /home/capstone/project/test_files/000275.doc
[4936] 754f2022b72da70 O /home/capstone/project/test_files/000275.doc.v-society
[4936] 754f2022b72da70 O /home/capstone/project/test_files/000650.txt
[4936] 754f2022b72da70 O /home/capstone/project/test_files/000650.txt.v-society
[4936] 754f2022b72da70 O /home/capstone/project/test_files/000295.ppt
[4936] 754f2022b72da70 O /home/capstone/project/test_files/000295.ppt.v-society
[4936] 754f2022b72da70 C /home/capstone/project/test_files/000944.doc.v-society.README_TO_RESTORE
[4936] 754f2022b72da70 O /home/capstone/project/test_files/000944.doc.v-society.README_TO_RESTORE
[4936] 754f2022b72da70 C /home/capstone/project/test_files/000859.pdf.v-society.README_TO_RESTORE
[4936] 754f2022b72da70 O /home/capstone/project/test_files/000859.pdf.v-society.README_TO_RESTORE
[4936] 754f2022b72da70 C /home/capstone/project/test_files/000900.jpg.v-society.README_TO_RESTORE
[4936] 754f2022b72da70 O /home/capstone/project/test_files/000900.jpg.v-society.README_TO_RESTORE
[4936] 754f2022b72da70 C /home/capstone/project/test_files/000161.pdf.v-society.README_TO_RESTORE
[4936] 754f2022b72da70 O /home/capstone/project/test_files/000161.pdf.v-society.README_TO_RESTORE
[4936] 754f2022b72da70 C /home/capstone/project/test_files/000650.txt.v-society.README_TO_RESTORE
[4936] 754f2022b72da70 O /home/capstone/project/test_files/000650.txt.v-society.README_TO_RESTORE
[4936] 754f2022b72da70 C /home/capstone/project/test_files/000741.log.v-society.README_TO_RESTORE
[4936] 754f2022b72da70 O /home/capstone/project/test_files/000741.log.v-society.README_TO_RESTORE
[4936] 754f2022b72da70 C /home/capstone/project/test_files/000447.html.v-society.README_TO_RESTORE
[4936] 754f2022b72da70 O /home/capstone/project/test_files/000447.html.v-society.README_TO_RESTORE
[4936] 754f2022b72da70 C /home/capstone/project/test_files/000275.doc.v-society.README_TO_RESTORE
[4936] 754f2022b72da70 O /home/capstone/project/test_files/000275.doc.v-society.README_TO_RESTORE
[4936] 754f2022b72da70 C /home/capstone/project/test_files/000295.ppt.v-society.README_TO_RESTORE
[4936] 754f2022b72da70 O /home/capstone/project/test_files/000295.ppt.v-society.README_TO_RESTORE
[4936] 754f2022b72da70 C /home/capstone/project/test_files/000952.doc.v-society.README_TO_RESTORE
[4936] 754f2022b72da70 O /home/capstone/project/test_files/000655.txt
[4936] 754f2022b72da70 O /home/capstone/project/test_files/000144.doc
[4936] 754f2022b72da70 O /home/capstone/project/test_files/000952.doc.v-society.README_TO_RESTORE
[4936] 754f2022b72da70 O /home/capstone/project/test_files/000967.doc
[4936] 754f2022b72da70 O /home/capstone/project/test_files/000967.doc.v-society
[4936] 754f2022b72da70 O /home/capstone/project/test_files/000532.jpg
[4936] 754f2022b72da70 O /home/capstone/project/test_files/000532.jpg.v-society
[4936] 754f2022b72da70 O /home/capstone/project/test_files/000646.txt
[4936] 754f2022b72da70 O /home/capstone/project/test_files/000646.txt.v-society
[4936] 754f2022b72da70 O /home/capstone/project/test_files/000655.txt.v-society
[4936] 754f2022b72da70 O /home/capstone/project/test_files/000144.doc.v-society
[4936] 754f2022b72da70 O /home/capstone/project/test_files/000088.txt
[4936] 754f2022b72da70 O /home/capstone/project/test_files/000088.txt.v-society
[4936] 754f2022b72da70 O /home/capstone/project/test_files/000885.pdf
[4936] 754f2022b72da70 O /home/capstone/project/test_files/000885.pdf.v-society
[4936] 754f2022b72da70 O /home/capstone/project/test_files/000975.xml
[4936] 754f2022b72da70 O /home/capstone/project/test_files/000975.xml.v-society
[4936] 754f2022b72da70 O /home/capstone/project/test_files/000046.xls
[4936] 754f2022b72da70 O /home/capstone/project/test_files/000046.xls.v-society
[4936] 754f2022b72da70 C /home/capstone/project/test_files/000646.txt.v-society.README_TO_RESTORE
[4936] 754f2022b72da70 O /home/capstone/project/test_files/000646.txt.v-society.README_TO_RESTORE
[4936] 754f2022b72da70 C /home/capstone/project/test_files/000655.txt.v-society.README_TO_RESTORE
[4936] 754f2022b72da70 O /home/capstone/project/test_files/000655.txt.v-society.README_TO_RESTORE
[4936] 754f2022b72da70 C /home/capstone/project/test_files/000967.doc.v-society.README_TO_RESTORE
[4936] 754f2022b72da70 O /home/capstone/project/test_files/000967.doc.v-society.README_TO_RESTORE
[4936] 754f2022b72da70 C /home/capstone/project/test_files/000975.xml.v-society.README_TO_RESTORE
[4936] 754f2022b72da70 O /home/capstone/project/test_files/000975.xml.v-society.README_TO_RESTORE
[4936] 754f2022b72da70 C /home/capstone/project/test_files/000088.txt.v-society.README_TO_RESTORE
[4936] 754f2022b72da70 O /home/capstone/project/test_files/000088.txt.v-society.README_TO_RESTORE
[4936] 754f2022b72da70 O /home/capstone/project/test_files/000243.jpg
[4936] 754f2022b72da70 O /home/capstone/project/test_files/000243.jpg.v-society
[4936] 754f2022b72da70 O /home/capstone/project/test_files/000068.html
[4936] 754f2022b72da70 O /home/capstone/project/test_files/000068.html.v-society
[4936] 754f2022b72da70 O /home/capstone/project/test_files/000387.txt
[4936] 754f2022b72da70 O /home/capstone/project/test_files/000387.txt.v-society
[4936] 754f2022b72da70 O /home/capstone/project/test_files/000195.html
[4936] 754f2022b72da70 O /home/capstone/project/test_files/000195.html.v-society
[4936] 754f2022b72da70 O /home/capstone/project/test_files/000217.html
[4936] 754f2022b72da70 O /home/capstone/project/test_files/000217.html.v-society
[4936] 754f2022b72da70 C /home/capstone/project/test_files/000046.xls.v-society.README_TO_RESTORE
[4936] 754f2022b72da70 O /home/capstone/project/test_files/000046.xls.v-society.README_TO_RESTORE
[4936] 754f2022b72da70 C /home/capstone/project/test_files/000885.pdf.v-society.README_TO_RESTORE
[4936] 754f2022b72da70 O /home/capstone/project/test_files/000885.pdf.v-society.README_TO_RESTORE
[4936] 754f2022b72da70 C /home/capstone/project/test_files/000532.jpg.v-society.README_TO_RESTORE
[4936] 754f2022b72da70 C /home/capstone/project/test_files/000144.doc.v-society.README_TO_RESTORE
[4936] 754f2022b72da70 O /home/capstone/project/test_files/000144.doc.v-society.README_TO_RESTORE
[4936] 754f2022b72da70 O /home/capstone/project/test_files/000532.jpg.v-society.README_TO_RESTORE
[4936] 754f2022b72da70 O /home/capstone/project/test_files/000058.html
[4936] 754f2022b72da70 O /home/capstone/project/test_files/000058.html.v-society
[4936] 754f2022b72da70 O /home/capstone/project/test_files/000133.ppt
[4936] 754f2022b72da70 O /home/capstone/project/test_files/000133.ppt.v-society
[4936] 754f2022b72da70 O /home/capstone/project/test_files/000691.doc
[4936] 754f2022b72da70 O /home/capstone/project/test_files/000691.doc.v-society
[4936] 754f2022b72da70 O /home/capstone/project/test_files/000996.ps
[4936] 754f2022b72da70 O /home/capstone/project/test_files/000996.ps.v-society
[4936] 754f2022b72da70 C /home/capstone/project/test_files/000387.txt.v-society.README_TO_RESTORE
[4936] 754f2022b72da70 O /home/capstone/project/test_files/000387.txt.v-society.README_TO_RESTORE
[4936] 754f2022b72da70 O /home/capstone/project/test_files/000335.xml
[4936] 754f2022b72da70 C /home/capstone/project/test_files/000243.jpg.v-society.README_TO_RESTORE
[4936] 754f2022b72da70 O /home/capstone/project/test_files/000335.xml.v-society
[4936] 754f2022b72da70 O /home/capstone/project/test_files/000243.jpg.v-society.README_TO_RESTORE
[4936] 754f2022b72da70 O /home/capstone/project/test_files/000445.html
[4936] 754f2022b72da70 O /home/capstone/project/test_files/000445.html.v-society
[4936] 754f2022b72da70 O /home/capstone/project/test_files/000817.pdf
[4936] 754f2022b72da70 O /home/capstone/project/test_files/000817.pdf.v-society
[4936] 754f2022b72da70 C /home/capstone/project/test_files/000817.pdf.v-society.README_TO_RESTORE
[4936] 754f2022b72da70 O /home/capstone/project/test_files/000817.pdf.v-society.README_TO_RESTORE
[4936] 754f2022b72da70 C /home/capstone/project/test_files/000217.html.v-society.README_TO_RESTORE
[4936] 754f2022b72da70 O /home/capstone/project/test_files/000217.html.v-society.README_TO_RESTORE
[4936] 754f2022b72da70 C /home/capstone/project/test_files/000058.html.v-society.README_TO_RESTORE
[4936] 754f2022b72da70 O /home/capstone/project/test_files/000058.html.v-society.README_TO_RESTORE
[4936] 754f2022b72da70 O /home/capstone/project/test_files/000732.ppt
[4936] 754f2022b72da70 O /home/capstone/project/test_files/000732.ppt.v-society
[4936] 754f2022b72da70 C /home/capstone/project/test_files/000133.ppt.v-society.README_TO_RESTORE
[4936] 754f2022b72da70 O /home/capstone/project/test_files/000133.ppt.v-society.README_TO_RESTORE
[4936] 754f2022b72da70 C /home/capstone/project/test_files/000195.html.v-society.README_TO_RESTORE
[4936] 754f2022b72da70 O /home/capstone/project/test_files/000195.html.v-society.README_TO_RESTORE
[4936] 754f2022b72da70 C /home/capstone/project/test_files/000068.html.v-society.README_TO_RESTORE
[4936] 754f2022b72da70 O /home/capstone/project/test_files/000068.html.v-society.README_TO_RESTORE
[4936] 754f2022b72da70 C /home/capstone/project/test_files/000691.doc.v-society.README_TO_RESTORE
[4936] 754f2022b72da70 O /home/capstone/project/test_files/000691.doc.v-society.README_TO_RESTORE
[4936] 754f2022b72da70 O /home/capstone/project/test_files/000777.xls
[4936] 754f2022b72da70 O /home/capstone/project/test_files/000788.doc
[4936] 754f2022b72da70 O /home/capstone/project/test_files/000788.doc.v-society
[4936] 754f2022b72da70 O /home/capstone/project/test_files/000777.xls.v-society
[4936] 754f2022b72da70 C /home/capstone/project/test_files/000445.html.v-society.README_TO_RESTORE
[4936] 754f2022b72da70 O /home/capstone/project/test_files/000445.html.v-society.README_TO_RESTORE
[4936] 754f2022b72da70 O /home/capstone/project/test_files/000740.html
[4936] 754f2022b72da70 O /home/capstone/project/test_files/000700.xml
[4936] 754f2022b72da70 O /home/capstone/project/test_files/000740.html.v-society
[4936] 754f2022b72da70 O /home/capstone/project/test_files/000700.xml.v-society
[4936] 754f2022b72da70 C /home/capstone/project/test_files/000996.ps.v-society.README_TO_RESTORE
[4936] 754f2022b72da70 O /home/capstone/project/test_files/000853.pdf
[4936] 754f2022b72da70 O /home/capstone/project/test_files/000996.ps.v-society.README_TO_RESTORE
[4936] 754f2022b72da70 O /home/capstone/project/test_files/000853.pdf.v-society
[4936] 754f2022b72da70 O /home/capstone/project/test_files/000828.txt
[4936] 754f2022b72da70 O /home/capstone/project/test_files/000828.txt.v-society
[4936] 754f2022b72da70 O /home/capstone/project/test_files/000313.ppt
[4936] 754f2022b72da70 O /home/capstone/project/test_files/000313.ppt.v-society
[4936] 754f2022b72da70 C /home/capstone/project/test_files/000335.xml.v-society.README_TO_RESTORE
[4936] 754f2022b72da70 O /home/capstone/project/test_files/000335.xml.v-society.README_TO_RESTORE
[4936] 754f2022b72da70 O /home/capstone/project/test_files/000005.doc
[4936] 754f2022b72da70 O /home/capstone/project/test_files/000005.doc.v-society
[4936] 754f2022b72da70 C /home/capstone/project/test_files/000732.ppt.v-society.README_TO_RESTORE
[4936] 754f2022b72da70 O /home/capstone/project/test_files/000732.ppt.v-society.README_TO_RESTORE
[4936] 754f2022b72da70 C /home/capstone/project/test_files/000313.ppt.v-society.README_TO_RESTORE
[4936] 754f2022b72da70 O /home/capstone/project/test_files/000313.ppt.v-society.README_TO_RESTORE
[2421] gnome-shell O /home/capstone/.icons/Yaru/cursors/default
[2421] gnome-shell O /home/capstone/.icons/Yaru/index.theme
[4936] 754f2022b72da70 O /home/capstone/project/test_files/000214.html
[4936] 754f2022b72da70 O /home/capstone/project/test_files/000214.html.v-society
[4936] 754f2022b72da70 C /home/capstone/project/test_files/000214.html.v-society.README_TO_RESTORE
[4936] 754f2022b72da70 O /home/capstone/project/test_files/000214.html.v-society.README_TO_RESTORE
[2946] pool-org.gnome. O /home/capstone/project/venv
[4936] 754f2022b72da70 O /home/capstone/project/test_files/000125.doc
[4936] 754f2022b72da70 O /home/capstone/project/test_files/000125.doc.v-society
[4936] 754f2022b72da70 C /home/capstone/project/test_files/000777.xls.v-society.README_TO_RESTORE
[4936] 754f2022b72da70 O /home/capstone/project/test_files/000777.xls.v-society.README_TO_RESTORE
[4936] 754f2022b72da70 C /home/capstone/project/test_files/000853.pdf.v-society.README_TO_RESTORE
[4936] 754f2022b72da70 O /home/capstone/project/test_files/000853.pdf.v-society.README_TO_RESTORE
[4936] 754f2022b72da70 C /home/capstone/project/test_files/000005.doc.v-society.README_TO_RESTORE
[4936] 754f2022b72da70 O /home/capstone/project/test_files/000005.doc.v-society.README_TO_RESTORE
[4936] 754f2022b72da70 O /home/capstone/project/test_files/000620.txt
[4936] 754f2022b72da70 O /home/capstone/project/test_files/000620.txt.v-society
[2220] dbus-daemon O /home/capstone/.local/share/dbus-1/services
[4936] 754f2022b72da70 C /home/capstone/project/test_files/000700.xml.v-society.README_TO_RESTORE
[2946] pool-org.gnome. O /home/capstone/project/venv
[2946] pool-org.gnome. O /home/capstone/project/venv/.hidden
[4936] 754f2022b72da70 O /home/capstone/project/test_files/000700.xml.v-society.README_TO_RESTORE
[2421] gnome-shell O /home/capstone/.icons/Yaru/cursors/default
[2421] gnome-shell O /home/capstone/.icons/Yaru/index.theme
[2946] pool-org.gnome. O /home/capstone/project/venv/pyvenv.cfg
[4936] 754f2022b72da70 O /home/capstone/project/test_files/000565.csv
[4936] 754f2022b72da70 O /home/capstone/project/test_files/000565.csv.v-society
[4936] 754f2022b72da70 O /home/capstone/project/test_files/000308.ppt
[4936] 754f2022b72da70 O /home/capstone/project/test_files/000308.ppt.v-society
[4936] 754f2022b72da70 O /home/capstone/project/test_files/000019.pdf
[4936] 754f2022b72da70 O /home/capstone/project/test_files/000019.pdf.v-society
[4936] 754f2022b72da70 O /home/capstone/project/test_files/000779.xls
[4936] 754f2022b72da70 C /home/capstone/project/test_files/000828.txt.v-society.README_TO_RESTORE
[4936] 754f2022b72da70 O /home/capstone/project/test_files/000828.txt.v-society.README_TO_RESTORE
[2946] pool-org.gnome. O /home/capstone/project/venv/bin
[4936] 754f2022b72da70 O /home/capstone/project/test_files/000268.doc
[2946] pool-org.gnome. O /home/capstone/project/venv/bin/.hidden
[4936] 754f2022b72da70 O /home/capstone/project/test_files/000268.doc.v-society
[4936] 754f2022b72da70 C /home/capstone/project/test_files/000740.html.v-society.README_TO_RESTORE
[4936] 754f2022b72da70 O /home/capstone/project/test_files/000740.html.v-society.README_TO_RESTORE
[4936] 754f2022b72da70 O /home/capstone/project/test_files/000779.xls.v-society
[2946] pool-org.gnome. O /home/capstone/project/venv/lib64
[2946] pool-org.gnome. O /home/capstone/project/venv/lib64/.hidden
[2946] pool-org.gnome. O /home/capstone/project/venv/lib
[4936] 754f2022b72da70 C /home/capstone/project/test_files/000620.txt.v-society.README_TO_RESTORE
[4936] 754f2022b72da70 O /home/capstone/project/test_files/000620.txt.v-society.README_TO_RESTORE
[2946] pool-org.gnome. O /home/capstone/project/venv/lib/.hidden
[2946] pool-org.gnome. O /home/capstone/project/venv/include
[2946] pool-org.gnome. O /home/capstone/project/venv/include/.hidden
[4936] 754f2022b72da70 C /home/capstone/project/test_files/000788.doc.v-society.README_TO_RESTORE
[4936] 754f2022b72da70 O /home/capstone/project/test_files/000788.doc.v-society.README_TO_RESTORE
[4936] 754f2022b72da70 C /home/capstone/project/test_files/000565.csv.v-society.README_TO_RESTORE
[4936] 754f2022b72da70 O /home/capstone/project/test_files/000565.csv.v-society.README_TO_RESTORE
[4936] 754f2022b72da70 C /home/capstone/project/test_files/000125.doc.v-society.README_TO_RESTORE
[4936] 754f2022b72da70 O /home/capstone/project/test_files/000955.pdf
[4936] 754f2022b72da70 O /home/capstone/project/test_files/000955.pdf.v-society
[4936] 754f2022b72da70 O /home/capstone/project/test_files/000219.txt
[4936] 754f2022b72da70 O /home/capstone/project/test_files/000219.txt.v-society
[4936] 754f2022b72da70 O /home/capstone/project/test_files/000125.doc.v-society.README_TO_RESTORE
[4936] 754f2022b72da70 O /home/capstone/project/test_files/000579.gz
[4936] 754f2022b72da70 O /home/capstone/project/test_files/000579.gz.v-society
[4936] 754f2022b72da70 O /home/capstone/project/test_files/000254.doc
[4936] 754f2022b72da70 C /home/capstone/project/test_files/000308.ppt.v-society.README_TO_RESTORE
[4936] 754f2022b72da70 O /home/capstone/project/test_files/000308.ppt.v-society.README_TO_RESTORE
[4936] 754f2022b72da70 O /home/capstone/project/test_files/000176.pdf
[4936] 754f2022b72da70 O /home/capstone/project/test_files/000176.pdf.v-society
[4936] 754f2022b72da70 O /home/capstone/project/test_files/000254.doc.v-society
[4936] 754f2022b72da70 O /home/capstone/project/test_files/000113.doc
[4936] 754f2022b72da70 O /home/capstone/project/test_files/000113.doc.v-society
[4936] 754f2022b72da70 O /home/capstone/project/test_files/000807.pdf
[4936] 754f2022b72da70 O /home/capstone/project/test_files/000807.pdf.v-society
[4936] 754f2022b72da70 O /home/capstone/project/test_files/000106.txt
[4936] 754f2022b72da70 O /home/capstone/project/test_files/000106.txt.v-society
[4936] 754f2022b72da70 C /home/capstone/project/test_files/000779.xls.v-society.README_TO_RESTORE
[4936] 754f2022b72da70 O /home/capstone/project/test_files/000779.xls.v-society.README_TO_RESTORE
[4936] 754f2022b72da70 O /home/capstone/project/test_files/000427.html
[4936] 754f2022b72da70 O /home/capstone/project/test_files/000427.html.v-society
[4936] 754f2022b72da70 C /home/capstone/project/test_files/000219.txt.v-society.README_TO_RESTORE
[4936] 754f2022b72da70 O /home/capstone/project/test_files/000219.txt.v-society.README_TO_RESTORE
[4936] 754f2022b72da70 C /home/capstone/project/test_files/000955.pdf.v-society.README_TO_RESTORE
[4936] 754f2022b72da70 O /home/capstone/project/test_files/000955.pdf.v-society.README_TO_RESTORE
[4936] 754f2022b72da70 C /home/capstone/project/test_files/000113.doc.v-society.README_TO_RESTORE
[4936] 754f2022b72da70 O /home/capstone/project/test_files/000113.doc.v-society.README_TO_RESTORE
[4936] 754f2022b72da70 O /home/capstone/project/test_files/000893.html
[4936] 754f2022b72da70 O /home/capstone/project/test_files/000893.html.v-society
[4936] 754f2022b72da70 O /home/capstone/project/test_files/000472.txt
[4936] 754f2022b72da70 O /home/capstone/project/test_files/000472.txt.v-society
[4936] 754f2022b72da70 C /home/capstone/project/test_files/000254.doc.v-society.README_TO_RESTORE
[4936] 754f2022b72da70 O /home/capstone/project/test_files/000254.doc.v-society.README_TO_RESTORE
[4936] 754f2022b72da70 C /home/capstone/project/test_files/000176.pdf.v-society.README_TO_RESTORE
[4936] 754f2022b72da70 O /home/capstone/project/test_files/000176.pdf.v-society.README_TO_RESTORE
[4936] 754f2022b72da70 C /home/capstone/project/test_files/000579.gz.v-society.README_TO_RESTORE
[4936] 754f2022b72da70 O /home/capstone/project/test_files/000411.html
[4936] 754f2022b72da70 O /home/capstone/project/test_files/000909.jpg
[4936] 754f2022b72da70 O /home/capstone/project/test_files/000909.jpg.v-society
[4936] 754f2022b72da70 O /home/capstone/project/test_files/000411.html.v-society
[4936] 754f2022b72da70 C /home/capstone/project/test_files/000268.doc.v-society.README_TO_RESTORE
[4936] 754f2022b72da70 O /home/capstone/project/test_files/000268.doc.v-society.README_TO_RESTORE
[4936] 754f2022b72da70 O /home/capstone/project/test_files/000579.gz.v-society.README_TO_RESTORE
[4936] 754f2022b72da70 O /home/capstone/project/test_files/000141.pdf
[4936] 754f2022b72da70 O /home/capstone/project/test_files/000141.pdf.v-society
[4936] 754f2022b72da70 O /home/capstone/project/test_files/000510.jpg
[4936] 754f2022b72da70 C /home/capstone/project/test_files/000427.html.v-society.README_TO_RESTORE
[4936] 754f2022b72da70 O /home/capstone/project/test_files/000510.jpg.v-society
[4936] 754f2022b72da70 O /home/capstone/project/test_files/000427.html.v-society.README_TO_RESTORE
[4936] 754f2022b72da70 C /home/capstone/project/test_files/000893.html.v-society.README_TO_RESTORE
[4936] 754f2022b72da70 O /home/capstone/project/test_files/000893.html.v-society.README_TO_RESTORE
[4936] 754f2022b72da70 C /home/capstone/project/test_files/000807.pdf.v-society.README_TO_RESTORE
[4936] 754f2022b72da70 O /home/capstone/project/test_files/000613.html
[4936] 754f2022b72da70 O /home/capstone/project/test_files/000613.html.v-society
[4936] 754f2022b72da70 O /home/capstone/project/test_files/000807.pdf.v-society.README_TO_RESTORE
[4936] 754f2022b72da70 O /home/capstone/project/test_files/000356.pdf
[4936] 754f2022b72da70 O /home/capstone/project/test_files/000356.pdf.v-society
[4936] 754f2022b72da70 O /home/capstone/project/test_files/000911.doc
[4936] 754f2022b72da70 O /home/capstone/project/test_files/000911.doc.v-society
[4936] 754f2022b72da70 C /home/capstone/project/test_files/000019.pdf.v-society.README_TO_RESTORE
[4936] 754f2022b72da70 O /home/capstone/project/test_files/000019.pdf.v-society.README_TO_RESTORE
[4936] 754f2022b72da70 C /home/capstone/project/test_files/000106.txt.v-society.README_TO_RESTORE
[4936] 754f2022b72da70 O /home/capstone/project/test_files/000259.doc
[4936] 754f2022b72da70 O /home/capstone/project/test_files/000259.doc.v-society
[4936] 754f2022b72da70 O /home/capstone/project/test_files/000106.txt.v-society.README_TO_RESTORE
[4936] 754f2022b72da70 C /home/capstone/project/test_files/000411.html.v-society.README_TO_RESTORE
[4936] 754f2022b72da70 O /home/capstone/project/test_files/000411.html.v-society.README_TO_RESTORE
[4936] 754f2022b72da70 O /home/capstone/project/test_files/000051.xls
[4936] 754f2022b72da70 O /home/capstone/project/test_files/000051.xls.v-society
[4936] 754f2022b72da70 O /home/capstone/project/test_files/000704.xml
[4936] 754f2022b72da70 O /home/capstone/project/test_files/000704.xml.v-society
[4936] 754f2022b72da70 C /home/capstone/project/test_files/000356.pdf.v-society.README_TO_RESTORE
[4936] 754f2022b72da70 O /home/capstone/project/test_files/000356.pdf.v-society.README_TO_RESTORE
[4936] 754f2022b72da70 C /home/capstone/project/test_files/000909.jpg.v-society.README_TO_RESTORE
[4936] 754f2022b72da70 C /home/capstone/project/test_files/000911.doc.v-society.README_TO_RESTORE
[4936] 754f2022b72da70 O /home/capstone/project/test_files/000909.jpg.v-society.README_TO_RESTORE
[4936] 754f2022b72da70 C /home/capstone/project/test_files/000472.txt.v-society.README_TO_RESTORE
[4936] 754f2022b72da70 O /home/capstone/project/test_files/000472.txt.v-society.README_TO_RESTORE
[4936] 754f2022b72da70 O /home/capstone/project/test_files/000911.doc.v-society.README_TO_RESTORE
[4936] 754f2022b72da70 C /home/capstone/project/test_files/000141.pdf.v-society.README_TO_RESTORE
[4936] 754f2022b72da70 O /home/capstone/project/test_files/000141.pdf.v-society.README_TO_RESTORE
[4936] 754f2022b72da70 C /home/capstone/project/test_files/000613.html.v-society.README_TO_RESTORE
[4936] 754f2022b72da70 O /home/capstone/project/test_files/000648.txt
[4936] 754f2022b72da70 O /home/capstone/project/test_files/000648.txt.v-society
[4936] 754f2022b72da70 O /home/capstone/project/test_files/000613.html.v-society.README_TO_RESTORE
[4936] 754f2022b72da70 O /home/capstone/project/test_files/000178.html
[4936] 754f2022b72da70 O /home/capstone/project/test_files/000114.doc
[4936] 754f2022b72da70 O /home/capstone/project/test_files/000114.doc.v-society
[4936] 754f2022b72da70 O /home/capstone/project/test_files/000178.html.v-society
[4936] 754f2022b72da70 O /home/capstone/project/test_files/000599.html
[4936] 754f2022b72da70 O /home/capstone/project/test_files/000599.html.v-society
[4936] 754f2022b72da70 O /home/capstone/project/test_files/000749.html
[4936] 754f2022b72da70 O /home/capstone/project/test_files/000749.html.v-society
[4936] 754f2022b72da70 O /home/capstone/project/test_files/000947.html
[4936] 754f2022b72da70 O /home/capstone/project/test_files/000947.html.v-society
[4936] 754f2022b72da70 C /home/capstone/project/test_files/000648.txt.v-society.README_TO_RESTORE
[4936] 754f2022b72da70 O /home/capstone/project/test_files/000648.txt.v-society.README_TO_RESTORE
[4936] 754f2022b72da70 C /home/capstone/project/test_files/000259.doc.v-society.README_TO_RESTORE
[4936] 754f2022b72da70 O /home/capstone/project/test_files/000435.html
[4936] 754f2022b72da70 O /home/capstone/project/test_files/000435.html.v-society
[4936] 754f2022b72da70 O /home/capstone/project/test_files/000891.html
[4936] 754f2022b72da70 O /home/capstone/project/test_files/000891.html.v-society
[4936] 754f2022b72da70 C /home/capstone/project/test_files/000749.html.v-society.README_TO_RESTORE
[4936] 754f2022b72da70 O /home/capstone/project/test_files/000749.html.v-society.README_TO_RESTORE
[4936] 754f2022b72da70 O /home/capstone/project/test_files/000259.doc.v-society.README_TO_RESTORE
[4936] 754f2022b72da70 C /home/capstone/project/test_files/000510.jpg.v-society.README_TO_RESTORE
[4936] 754f2022b72da70 O /home/capstone/project/test_files/000251.pdf
[4936] 754f2022b72da70 O /home/capstone/project/test_files/000251.pdf.v-society
[4936] 754f2022b72da70 O /home/capstone/project/test_files/000510.jpg.v-society.README_TO_RESTORE
[4936] 754f2022b72da70 O /home/capstone/project/test_files/000980.ps
[4936] 754f2022b72da70 O /home/capstone/project/test_files/000980.ps.v-society
[4936] 754f2022b72da70 C /home/capstone/project/test_files/000704.xml.v-society.README_TO_RESTORE
[4936] 754f2022b72da70 O /home/capstone/project/test_files/000704.xml.v-society.README_TO_RESTORE
[4936] 754f2022b72da70 O /home/capstone/project/test_files/000941.txt
[4936] 754f2022b72da70 O /home/capstone/project/test_files/000941.txt.v-society
[4936] 754f2022b72da70 O /home/capstone/project/test_files/000073.html
[4936] 754f2022b72da70 O /home/capstone/project/test_files/000073.html.v-society
[4936] 754f2022b72da70 C /home/capstone/project/test_files/000599.html.v-society.README_TO_RESTORE
[4936] 754f2022b72da70 O /home/capstone/project/test_files/000599.html.v-society.README_TO_RESTORE
[4936] 754f2022b72da70 O /home/capstone/project/test_files/000797.html
[4936] 754f2022b72da70 O /home/capstone/project/test_files/000797.html.v-society
[4936] 754f2022b72da70 C /home/capstone/project/test_files/000947.html.v-society.README_TO_RESTORE
[4936] 754f2022b72da70 O /home/capstone/project/test_files/000947.html.v-society.README_TO_RESTORE
[4936] 754f2022b72da70 O /home/capstone/project/test_files/000490.txt
[4936] 754f2022b72da70 O /home/capstone/project/test_files/000490.txt.v-society
[4936] 754f2022b72da70 C /home/capstone/project/test_files/000891.html.v-society.README_TO_RESTORE
[4936] 754f2022b72da70 O /home/capstone/project/test_files/000891.html.v-society.README_TO_RESTORE
[4936] 754f2022b72da70 C /home/capstone/project/test_files/000114.doc.v-society.README_TO_RESTORE
[4936] 754f2022b72da70 O /home/capstone/project/test_files/000114.doc.v-society.README_TO_RESTORE
[4936] 754f2022b72da70 O /home/capstone/project/test_files/000552.html
[4936] 754f2022b72da70 O /home/capstone/project/test_files/000552.html.v-society
[4936] 754f2022b72da70 C /home/capstone/project/test_files/000552.html.v-society.README_TO_RESTORE
[4936] 754f2022b72da70 O /home/capstone/project/test_files/000552.html.v-society.README_TO_RESTORE
[4936] 754f2022b72da70 O /home/capstone/project/test_files/000140.pdf
[4936] 754f2022b72da70 O /home/capstone/project/test_files/000140.pdf.v-society
[4936] 754f2022b72da70 C /home/capstone/project/test_files/000178.html.v-society.README_TO_RESTORE
[4936] 754f2022b72da70 O /home/capstone/project/test_files/000178.html.v-society.README_TO_RESTORE
[4936] 754f2022b72da70 C /home/capstone/project/test_files/000140.pdf.v-society.README_TO_RESTORE
[4936] 754f2022b72da70 O /home/capstone/project/test_files/000140.pdf.v-society.README_TO_RESTORE
[4936] 754f2022b72da70 O /home/capstone/project/test_files/000367.pdf
[4936] 754f2022b72da70 O /home/capstone/project/test_files/000367.pdf.v-society
[4936] 754f2022b72da70 C /home/capstone/project/test_files/000435.html.v-society.README_TO_RESTORE
[4936] 754f2022b72da70 O /home/capstone/project/test_files/000435.html.v-society.README_TO_RESTORE
[4936] 754f2022b72da70 C /home/capstone/project/test_files/000367.pdf.v-society.README_TO_RESTORE
[4936] 754f2022b72da70 O /home/capstone/project/test_files/000367.pdf.v-society.README_TO_RESTORE
[4936] 754f2022b72da70 O /home/capstone/project/test_files/000329.ppt
[4936] 754f2022b72da70 O /home/capstone/project/test_files/000329.ppt.v-society
[4936] 754f2022b72da70 O /home/capstone/project/test_files/000454.html
[4936] 754f2022b72da70 O /home/capstone/project/test_files/000454.html.v-society
[4936] 754f2022b72da70 C /home/capstone/project/test_files/000941.txt.v-society.README_TO_RESTORE
[4936] 754f2022b72da70 O /home/capstone/project/test_files/000941.txt.v-society.README_TO_RESTORE
[4936] 754f2022b72da70 C /home/capstone/project/test_files/000251.pdf.v-society.README_TO_RESTORE
[4936] 754f2022b72da70 O /home/capstone/project/test_files/000251.pdf.v-society.README_TO_RESTORE
[4936] 754f2022b72da70 O /home/capstone/project/test_files/000869.jpg
[4936] 754f2022b72da70 O /home/capstone/project/test_files/000869.jpg.v-society
[4936] 754f2022b72da70 O /home/capstone/project/test_files/000838.pdf
[4936] 754f2022b72da70 O /home/capstone/project/test_files/000838.pdf.v-society
[4936] 754f2022b72da70 O /home/capstone/project/test_files/000169.ppt
[4936] 754f2022b72da70 O /home/capstone/project/test_files/000169.ppt.v-society
[4936] 754f2022b72da70 O /home/capstone/project/test_files/000559.ppt
[4936] 754f2022b72da70 O /home/capstone/project/test_files/000559.ppt.v-society
[4936] 754f2022b72da70 C /home/capstone/project/test_files/000329.ppt.v-society.README_TO_RESTORE
[4936] 754f2022b72da70 O /home/capstone/project/test_files/000329.ppt.v-society.README_TO_RESTORE
[4936] 754f2022b72da70 O /home/capstone/project/test_files/000504.txt
[4936] 754f2022b72da70 O /home/capstone/project/test_files/000504.txt.v-society
[4936] 754f2022b72da70 O /home/capstone/project/test_files/000690.csv
[4936] 754f2022b72da70 O /home/capstone/project/test_files/000690.csv.v-society
[4936] 754f2022b72da70 C /home/capstone/project/test_files/000051.xls.v-society.README_TO_RESTORE
[4936] 754f2022b72da70 O /home/capstone/project/test_files/000051.xls.v-society.README_TO_RESTORE
[4936] 754f2022b72da70 C /home/capstone/project/test_files/000980.ps.v-society.README_TO_RESTORE
[4936] 754f2022b72da70 C /home/capstone/project/test_files/000490.txt.v-society.README_TO_RESTORE
[4936] 754f2022b72da70 O /home/capstone/project/test_files/000980.ps.v-society.README_TO_RESTORE
[4936] 754f2022b72da70 O /home/capstone/project/test_files/000490.txt.v-society.README_TO_RESTORE
[4936] 754f2022b72da70 C /home/capstone/project/test_files/000869.jpg.v-society.README_TO_RESTORE
[4936] 754f2022b72da70 C /home/capstone/project/test_files/000559.ppt.v-society.README_TO_RESTORE
[4936] 754f2022b72da70 O /home/capstone/project/test_files/000559.ppt.v-society.README_TO_RESTORE
[4936] 754f2022b72da70 O /home/capstone/project/test_files/000964.doc
[4936] 754f2022b72da70 O /home/capstone/project/test_files/000964.doc.v-society
[4936] 754f2022b72da70 C /home/capstone/project/test_files/000454.html.v-society.README_TO_RESTORE
[4936] 754f2022b72da70 O /home/capstone/project/test_files/000454.html.v-society.README_TO_RESTORE
[4936] 754f2022b72da70 O /home/capstone/project/test_files/000869.jpg.v-society.README_TO_RESTORE
[4936] 754f2022b72da70 O /home/capstone/project/test_files/000649.txt
[4936] 754f2022b72da70 O /home/capstone/project/test_files/000649.txt.v-society
[4936] 754f2022b72da70 O /home/capstone/project/test_files/000874.jpg
[4936] 754f2022b72da70 O /home/capstone/project/test_files/000874.jpg.v-society
[4936] 754f2022b72da70 C /home/capstone/project/test_files/000797.html.v-society.README_TO_RESTORE
[4936] 754f2022b72da70 O /home/capstone/project/test_files/000797.html.v-society.README_TO_RESTORE
[4936] 754f2022b72da70 O /home/capstone/project/test_files/000105.txt
[4936] 754f2022b72da70 O /home/capstone/project/test_files/000105.txt.v-society
[4936] 754f2022b72da70 C /home/capstone/project/test_files/000504.txt.v-society.README_TO_RESTORE
[4936] 754f2022b72da70 O /home/capstone/project/test_files/000504.txt.v-society.README_TO_RESTORE
[4936] 754f2022b72da70 C /home/capstone/project/test_files/000874.jpg.v-society.README_TO_RESTORE
[4936] 754f2022b72da70 O /home/capstone/project/test_files/000874.jpg.v-society.README_TO_RESTORE
[4936] 754f2022b72da70 O /home/capstone/project/test_files/000818.pdf
[4936] 754f2022b72da70 O /home/capstone/project/test_files/000818.pdf.v-society
[4936] 754f2022b72da70 O /home/capstone/project/test_files/000283.doc
[4936] 754f2022b72da70 O /home/capstone/project/test_files/000283.doc.v-society
[4936] 754f2022b72da70 C /home/capstone/project/test_files/000073.html.v-society.README_TO_RESTORE
[4936] 754f2022b72da70 O /home/capstone/project/test_files/000073.html.v-society.README_TO_RESTORE
[4936] 754f2022b72da70 C /home/capstone/project/test_files/000838.pdf.v-society.README_TO_RESTORE
[4936] 754f2022b72da70 C /home/capstone/project/test_files/000964.doc.v-society.README_TO_RESTORE
[4936] 754f2022b72da70 O /home/capstone/project/test_files/000838.pdf.v-society.README_TO_RESTORE
[4936] 754f2022b72da70 O /home/capstone/project/test_files/000964.doc.v-society.README_TO_RESTORE
[4936] 754f2022b72da70 C /home/capstone/project/test_files/000649.txt.v-society.README_TO_RESTORE
[4936] 754f2022b72da70 O /home/capstone/project/test_files/000649.txt.v-society.README_TO_RESTORE
[4936] 754f2022b72da70 C /home/capstone/project/test_files/000690.csv.v-society.README_TO_RESTORE
[4936] 754f2022b72da70 O /home/capstone/project/test_files/000690.csv.v-society.README_TO_RESTORE
[4936] 754f2022b72da70 C /home/capstone/project/test_files/000105.txt.v-society.README_TO_RESTORE
[4936] 754f2022b72da70 O /home/capstone/project/test_files/000105.txt.v-society.README_TO_RESTORE
[4936] 754f2022b72da70 O /home/capstone/project/test_files/000179.html
[4936] 754f2022b72da70 O /home/capstone/project/test_files/000179.html.v-society
[4936] 754f2022b72da70 C /home/capstone/project/test_files/000169.ppt.v-society.README_TO_RESTORE
[4936] 754f2022b72da70 O /home/capstone/project/test_files/000169.ppt.v-society.README_TO_RESTORE
[4936] 754f2022b72da70 O /home/capstone/project/test_files/000115.wp
[4936] 754f2022b72da70 O /home/capstone/project/test_files/000115.wp.v-society
[4936] 754f2022b72da70 O /home/capstone/project/test_files/000637.html
[4936] 754f2022b72da70 O /home/capstone/project/test_files/000637.html.v-society
[4936] 754f2022b72da70 O /home/capstone/project/test_files/000589.pdf
[4936] 754f2022b72da70 O /home/capstone/project/test_files/000589.pdf.v-society
[4936] 754f2022b72da70 O /home/capstone/project/test_files/000917.html
[4936] 754f2022b72da70 O /home/capstone/project/test_files/000917.html.v-society
[4936] 754f2022b72da70 O /home/capstone/project/test_files/000760.pdf
[4936] 754f2022b72da70 O /home/capstone/project/test_files/000760.pdf.v-society
[4936] 754f2022b72da70 C /home/capstone/project/test_files/000917.html.v-society.README_TO_RESTORE
[4936] 754f2022b72da70 O /home/capstone/project/test_files/000917.html.v-society.README_TO_RESTORE
[4936] 754f2022b72da70 C /home/capstone/project/test_files/000179.html.v-society.README_TO_RESTORE
[4936] 754f2022b72da70 O /home/capstone/project/test_files/000837.txt
[4936] 754f2022b72da70 O /home/capstone/project/test_files/000837.txt.v-society
[4936] 754f2022b72da70 O /home/capstone/project/test_files/000179.html.v-society.README_TO_RESTORE
[4936] 754f2022b72da70 O /home/capstone/project/test_files/000524.jpg
[4936] 754f2022b72da70 O /home/capstone/project/test_files/000524.jpg.v-society
[4936] 754f2022b72da70 O /home/capstone/project/test_files/000420.html
[4936] 754f2022b72da70 O /home/capstone/project/test_files/000420.html.v-society
[4936] 754f2022b72da70 C /home/capstone/project/test_files/000283.doc.v-society.README_TO_RESTORE
[4936] 754f2022b72da70 O /home/capstone/project/test_files/000283.doc.v-society.README_TO_RESTORE
[4936] 754f2022b72da70 C /home/capstone/project/test_files/000818.pdf.v-society.README_TO_RESTORE
[4936] 754f2022b72da70 O /home/capstone/project/test_files/000818.pdf.v-society.README_TO_RESTORE
[4936] 754f2022b72da70 C /home/capstone/project/test_files/000524.jpg.v-society.README_TO_RESTORE
[4936] 754f2022b72da70 O /home/capstone/project/test_files/000524.jpg.v-society.README_TO_RESTORE
[4936] 754f2022b72da70 C /home/capstone/project/test_files/000637.html.v-society.README_TO_RESTORE
[4936] 754f2022b72da70 O /home/capstone/project/test_files/000637.html.v-society.README_TO_RESTORE
[4936] 754f2022b72da70 O /home/capstone/project/test_files/000520.gif
[4936] 754f2022b72da70 O /home/capstone/project/test_files/000520.gif.v-society
[4936] 754f2022b72da70 O /home/capstone/project/test_files/000338.pdf
[4936] 754f2022b72da70 O /home/capstone/project/test_files/000338.pdf.v-society
[4936] 754f2022b72da70 O /home/capstone/project/test_files/000578.pdf
[4936] 754f2022b72da70 O /home/capstone/project/test_files/000578.pdf.v-society
[4936] 754f2022b72da70 O /home/capstone/project/test_files/000364.pdf
[4936] 754f2022b72da70 O /home/capstone/project/test_files/000364.pdf.v-society
[4936] 754f2022b72da70 O /home/capstone/project/test_files/000261.doc
[4936] 754f2022b72da70 O /home/capstone/project/test_files/000261.doc.v-society
[4936] 754f2022b72da70 C /home/capstone/project/test_files/000589.pdf.v-society.README_TO_RESTORE
[4936] 754f2022b72da70 O /home/capstone/project/test_files/000589.pdf.v-society.README_TO_RESTORE
[4936] 754f2022b72da70 C /home/capstone/project/test_files/000520.gif.v-society.README_TO_RESTORE
[4936] 754f2022b72da70 O /home/capstone/project/test_files/000520.gif.v-society.README_TO_RESTORE
[4936] 754f2022b72da70 C /home/capstone/project/test_files/000115.wp.v-society.README_TO_RESTORE
[4936] 754f2022b72da70 O /home/capstone/project/test_files/000115.wp.v-society.README_TO_RESTORE
[4936] 754f2022b72da70 O /home/capstone/project/test_files/000551.jpg
[4936] 754f2022b72da70 O /home/capstone/project/test_files/000551.jpg.v-society
[4936] 754f2022b72da70 O /home/capstone/project/test_files/000871.jpg
[4936] 754f2022b72da70 O /home/capstone/project/test_files/000871.jpg.v-society
[4936] 754f2022b72da70 O /home/capstone/project/test_files/000596.pdf
[4936] 754f2022b72da70 O /home/capstone/project/test_files/000596.pdf.v-society
[4936] 754f2022b72da70 O /home/capstone/project/test_files/000199.html
[4936] 754f2022b72da70 O /home/capstone/project/test_files/000199.html.v-society
[4936] 754f2022b72da70 C /home/capstone/project/test_files/000760.pdf.v-society.README_TO_RESTORE
[4936] 754f2022b72da70 O /home/capstone/project/test_files/000760.pdf.v-society.README_TO_RESTORE
[4936] 754f2022b72da70 O /home/capstone/project/test_files/000835.txt
[4936] 754f2022b72da70 O /home/capstone/project/test_files/000835.txt.v-society
[4936] 754f2022b72da70 C /home/capstone/project/test_files/000551.jpg.v-society.README_TO_RESTORE
[4936] 754f2022b72da70 O /home/capstone/project/test_files/000551.jpg.v-society.README_TO_RESTORE
[4936] 754f2022b72da70 C /home/capstone/project/test_files/000578.pdf.v-society.README_TO_RESTORE
[4936] 754f2022b72da70 O /home/capstone/project/test_files/000578.pdf.v-society.README_TO_RESTORE
[4936] 754f2022b72da70 C /home/capstone/project/test_files/000835.txt.v-society.README_TO_RESTORE
[4936] 754f2022b72da70 O /home/capstone/project/test_files/000835.txt.v-society.README_TO_RESTORE
[4936] 754f2022b72da70 C /home/capstone/project/test_files/000364.pdf.v-society.README_TO_RESTORE
[4936] 754f2022b72da70 O /home/capstone/project/test_files/000364.pdf.v-society.README_TO_RESTORE
[4936] 754f2022b72da70 C /home/capstone/project/test_files/000837.txt.v-society.README_TO_RESTORE
[4936] 754f2022b72da70 O /home/capstone/project/test_files/000837.txt.v-society.README_TO_RESTORE
[4936] 754f2022b72da70 C /home/capstone/project/test_files/000420.html.v-society.README_TO_RESTORE
[4936] 754f2022b72da70 O /home/capstone/project/test_files/000420.html.v-society.README_TO_RESTORE
[4936] 754f2022b72da70 C /home/capstone/project/test_files/000261.doc.v-society.README_TO_RESTORE
[4936] 754f2022b72da70 O /home/capstone/project/test_files/000261.doc.v-society.README_TO_RESTORE
[4936] 754f2022b72da70 O /home/capstone/project/test_files/000017.swf
[4936] 754f2022b72da70 O /home/capstone/project/test_files/000017.swf.v-society
[4936] 754f2022b72da70 C /home/capstone/project/test_files/000199.html.v-society.README_TO_RESTORE
[4936] 754f2022b72da70 O /home/capstone/project/test_files/000199.html.v-society.README_TO_RESTORE
[4936] 754f2022b72da70 O /home/capstone/project/test_files/000244.jpg
[4936] 754f2022b72da70 O /home/capstone/project/test_files/000244.jpg.v-society
[4936] 754f2022b72da70 O /home/capstone/project/test_files/000742.pdf
[4936] 754f2022b72da70 O /home/capstone/project/test_files/000742.pdf.v-society
[4936] 754f2022b72da70 O /home/capstone/project/test_files/000725.ppt
[4936] 754f2022b72da70 O /home/capstone/project/test_files/000725.ppt.v-society
[4936] 754f2022b72da70 O /home/capstone/project/test_files/000922.java
[4936] 754f2022b72da70 O /home/capstone/project/test_files/000922.java.v-society
[4936] 754f2022b72da70 O /home/capstone/project/test_files/000191.html
[4936] 754f2022b72da70 O /home/capstone/project/test_files/000191.html.v-society
[4936] 754f2022b72da70 O /home/capstone/project/test_files/000663.pdf
[4936] 754f2022b72da70 O /home/capstone/project/test_files/000663.pdf.v-society
[4936] 754f2022b72da70 O /home/capstone/project/test_files/000998.ppt
[4936] 754f2022b72da70 O /home/capstone/project/test_files/000998.ppt.v-society
[4936] 754f2022b72da70 C /home/capstone/project/test_files/000596.pdf.v-society.README_TO_RESTORE
[4936] 754f2022b72da70 O /home/capstone/project/test_files/000596.pdf.v-society.README_TO_RESTORE
[4936] 754f2022b72da70 C /home/capstone/project/test_files/000663.pdf.v-society.README_TO_RESTORE
[4936] 754f2022b72da70 O /home/capstone/project/test_files/000663.pdf.v-society.README_TO_RESTORE
[4936] 754f2022b72da70 C /home/capstone/project/test_files/000871.jpg.v-society.README_TO_RESTORE
[4936] 754f2022b72da70 O /home/capstone/project/test_files/000871.jpg.v-society.README_TO_RESTORE
[4936] 754f2022b72da70 C /home/capstone/project/test_files/000742.pdf.v-society.README_TO_RESTORE
[4936] 754f2022b72da70 O /home/capstone/project/test_files/000742.pdf.v-society.README_TO_RESTORE
[4936] 754f2022b72da70 O /home/capstone/project/test_files/000162.pdf
[4936] 754f2022b72da70 O /home/capstone/project/test_files/000162.pdf.v-society
[4936] 754f2022b72da70 O /home/capstone/project/test_files/000653.txt
[4936] 754f2022b72da70 O /home/capstone/project/test_files/000653.txt.v-society
[4936] 754f2022b72da70 O /home/capstone/project/test_files/000905.jpg
[4936] 754f2022b72da70 O /home/capstone/project/test_files/000905.jpg.v-society
[4936] 754f2022b72da70 O /home/capstone/project/test_files/000681.jpg
[4936] 754f2022b72da70 O /home/capstone/project/test_files/000306.ppt
[4936] 754f2022b72da70 O /home/capstone/project/test_files/000306.ppt.v-society
[4936] 754f2022b72da70 O /home/capstone/project/test_files/000681.jpg.v-society
[4936] 754f2022b72da70 C /home/capstone/project/test_files/000191.html.v-society.README_TO_RESTORE
[4936] 754f2022b72da70 O /home/capstone/project/test_files/000191.html.v-society.README_TO_RESTORE
[4936] 754f2022b72da70 C /home/capstone/project/test_files/000725.ppt.v-society.README_TO_RESTORE
[4936] 754f2022b72da70 O /home/capstone/project/test_files/000725.ppt.v-society.README_TO_RESTORE
[4936] 754f2022b72da70 C /home/capstone/project/test_files/000922.java.v-society.README_TO_RESTORE
[4936] 754f2022b72da70 O /home/capstone/project/test_files/000922.java.v-society.README_TO_RESTORE
[4936] 754f2022b72da70 O /home/capstone/project/test_files/000498.txt
[4936] 754f2022b72da70 O /home/capstone/project/test_files/000498.txt.v-society
[4936] 754f2022b72da70 C /home/capstone/project/test_files/000681.jpg.v-society.README_TO_RESTORE
[4936] 754f2022b72da70 O /home/capstone/project/test_files/000681.jpg.v-society.README_TO_RESTORE
[4936] 754f2022b72da70 C /home/capstone/project/test_files/000338.pdf.v-society.README_TO_RESTORE
[4936] 754f2022b72da70 O /home/capstone/project/test_files/000338.pdf.v-society.README_TO_RESTORE
[4936] 754f2022b72da70 C /home/capstone/project/test_files/000905.jpg.v-society.README_TO_RESTORE
[4936] 754f2022b72da70 O /home/capstone/project/test_files/000905.jpg.v-society.README_TO_RESTORE
[4936] 754f2022b72da70 O /home/capstone/project/test_files/000531.jpg
[4936] 754f2022b72da70 O /home/capstone/project/test_files/000390.xls
[4936] 754f2022b72da70 O /home/capstone/project/test_files/000390.xls.v-society
[4936] 754f2022b72da70 O /home/capstone/project/test_files/000531.jpg.v-society
[4936] 754f2022b72da70 C /home/capstone/project/test_files/000244.jpg.v-society.README_TO_RESTORE
[4936] 754f2022b72da70 O /home/capstone/project/test_files/000244.jpg.v-society.README_TO_RESTORE
[4936] 754f2022b72da70 O /home/capstone/project/test_files/000705.doc
[4936] 754f2022b72da70 O /home/capstone/project/test_files/000705.doc.v-society
[4936] 754f2022b72da70 O /home/capstone/project/test_files/000658.txt
[4936] 754f2022b72da70 O /home/capstone/project/test_files/000658.txt.v-society
[4936] 754f2022b72da70 O /home/capstone/project/test_files/000296.ppt
[4936] 754f2022b72da70 O /home/capstone/project/test_files/000296.ppt.v-society
[4936] 754f2022b72da70 O /home/capstone/project/test_files/000737.pdf
[4936] 754f2022b72da70 O /home/capstone/project/test_files/000737.pdf.v-society
[4936] 754f2022b72da70 C /home/capstone/project/test_files/000998.ppt.v-society.README_TO_RESTORE
[4936] 754f2022b72da70 O /home/capstone/project/test_files/000998.ppt.v-society.README_TO_RESTORE
[4936] 754f2022b72da70 C /home/capstone/project/test_files/000017.swf.v-society.README_TO_RESTORE
[4936] 754f2022b72da70 O /home/capstone/project/test_files/000017.swf.v-society.README_TO_RESTORE
[4936] 754f2022b72da70 C /home/capstone/project/test_files/000531.jpg.v-society.README_TO_RESTORE
[4936] 754f2022b72da70 O /home/capstone/project/test_files/000531.jpg.v-society.README_TO_RESTORE
[4936] 754f2022b72da70 C /home/capstone/project/test_files/000306.ppt.v-society.README_TO_RESTORE
[4936] 754f2022b72da70 O /home/capstone/project/test_files/000306.ppt.v-society.README_TO_RESTORE
[4936] 754f2022b72da70 C /home/capstone/project/test_files/000705.doc.v-society.README_TO_RESTORE
[4936] 754f2022b72da70 O /home/capstone/project/test_files/000705.doc.v-society.README_TO_RESTORE
[4936] 754f2022b72da70 C /home/capstone/project/test_files/000390.xls.v-society.README_TO_RESTORE
[4936] 754f2022b72da70 O /home/capstone/project/test_files/000390.xls.v-society.README_TO_RESTORE
[4936] 754f2022b72da70 O /home/capstone/project/test_files/000958.doc
[4936] 754f2022b72da70 O /home/capstone/project/test_files/000958.doc.v-society
[4936] 754f2022b72da70 O /home/capstone/project/test_files/000794.html
[4936] 754f2022b72da70 O /home/capstone/project/test_files/000794.html.v-society
[4936] 754f2022b72da70 O /home/capstone/project/test_files/000763.pdf
[4936] 754f2022b72da70 O /home/capstone/project/test_files/000763.pdf.v-society
[4936] 754f2022b72da70 O /home/capstone/project/test_files/000924.txt
[4936] 754f2022b72da70 O /home/capstone/project/test_files/000924.txt.v-society
[4936] 754f2022b72da70 C /home/capstone/project/test_files/000653.txt.v-society.README_TO_RESTORE
[4936] 754f2022b72da70 O /home/capstone/project/test_files/000653.txt.v-society.README_TO_RESTORE
[4936] 754f2022b72da70 C /home/capstone/project/test_files/000162.pdf.v-society.README_TO_RESTORE
[4936] 754f2022b72da70 O /home/capstone/project/test_files/000938.txt
[4936] 754f2022b72da70 O /home/capstone/project/test_files/000938.txt.v-society
[4936] 754f2022b72da70 O /home/capstone/project/test_files/000304.ppt
[4936] 754f2022b72da70 O /home/capstone/project/test_files/000304.ppt.v-society
[4936] 754f2022b72da70 C /home/capstone/project/test_files/000737.pdf.v-society.README_TO_RESTORE
[4936] 754f2022b72da70 O /home/capstone/project/test_files/000737.pdf.v-society.README_TO_RESTORE
[4936] 754f2022b72da70 O /home/capstone/project/test_files/000162.pdf.v-society.README_TO_RESTORE
[4936] 754f2022b72da70 C /home/capstone/project/test_files/000924.txt.v-society.README_TO_RESTORE
[4936] 754f2022b72da70 O /home/capstone/project/test_files/000924.txt.v-society.README_TO_RESTORE
[4936] 754f2022b72da70 C /home/capstone/project/test_files/000658.txt.v-society.README_TO_RESTORE
[4936] 754f2022b72da70 O /home/capstone/project/test_files/000658.txt.v-society.README_TO_RESTORE
[4936] 754f2022b72da70 C /home/capstone/project/test_files/000958.doc.v-society.README_TO_RESTORE
[4936] 754f2022b72da70 O /home/capstone/project/test_files/000958.doc.v-society.README_TO_RESTORE
[4936] 754f2022b72da70 C /home/capstone/project/test_files/000296.ppt.v-society.README_TO_RESTORE
[4936] 754f2022b72da70 O /home/capstone/project/test_files/000296.ppt.v-society.README_TO_RESTORE
[4936] 754f2022b72da70 C /home/capstone/project/test_files/000794.html.v-society.README_TO_RESTORE
[4936] 754f2022b72da70 O /home/capstone/project/test_files/000794.html.v-society.README_TO_RESTORE
[4936] 754f2022b72da70 C /home/capstone/project/test_files/000938.txt.v-society.README_TO_RESTORE
[4936] 754f2022b72da70 O /home/capstone/project/test_files/000938.txt.v-society.README_TO_RESTORE
[4936] 754f2022b72da70 C /home/capstone/project/test_files/000763.pdf.v-society.README_TO_RESTORE
[4936] 754f2022b72da70 O /home/capstone/project/test_files/000763.pdf.v-society.README_TO_RESTORE
[4936] 754f2022b72da70 C /home/capstone/project/test_files/000498.txt.v-society.README_TO_RESTORE
[4936] 754f2022b72da70 O /home/capstone/project/test_files/000498.txt.v-society.README_TO_RESTORE
[4936] 754f2022b72da70 O /home/capstone/project/test_files/000032.xls
[4936] 754f2022b72da70 O /home/capstone/project/test_files/000032.xls.v-society
[4936] 754f2022b72da70 O /home/capstone/project/test_files/000715.ppt
[4936] 754f2022b72da70 O /home/capstone/project/test_files/000715.ppt.v-society
[4936] 754f2022b72da70 O /home/capstone/project/test_files/000343.pdf
[4936] 754f2022b72da70 O /home/capstone/project/test_files/000343.pdf.v-society
[4936] 754f2022b72da70 O /home/capstone/project/test_files/000935.txt
[4936] 754f2022b72da70 O /home/capstone/project/test_files/000935.txt.v-society
[4936] 754f2022b72da70 O /home/capstone/project/test_files/000547.pdf
[4936] 754f2022b72da70 O /home/capstone/project/test_files/000547.pdf.v-society
[4936] 754f2022b72da70 O /home/capstone/project/test_files/000009.pdf
[4936] 754f2022b72da70 O /home/capstone/project/test_files/000009.pdf.v-society
[4936] 754f2022b72da70 C /home/capstone/project/test_files/000304.ppt.v-society.README_TO_RESTORE
[4936] 754f2022b72da70 O /home/capstone/project/test_files/000304.ppt.v-society.README_TO_RESTORE
[4936] 754f2022b72da70 C /home/capstone/project/test_files/000032.xls.v-society.README_TO_RESTORE
[4936] 754f2022b72da70 O /home/capstone/project/test_files/000032.xls.v-society.README_TO_RESTORE
[4936] 754f2022b72da70 C /home/capstone/project/test_files/000715.ppt.v-society.README_TO_RESTORE
[4936] 754f2022b72da70 O /home/capstone/project/test_files/000715.ppt.v-society.README_TO_RESTORE
[4936] 754f2022b72da70 C /home/capstone/project/test_files/000009.pdf.v-society.README_TO_RESTORE
[4936] 754f2022b72da70 O /home/capstone/project/test_files/000009.pdf.v-society.README_TO_RESTORE
[4936] 754f2022b72da70 C /home/capstone/project/test_files/000343.pdf.v-society.README_TO_RESTORE
[4936] 754f2022b72da70 O /home/capstone/project/test_files/000343.pdf.v-society.README_TO_RESTORE
[4936] 754f2022b72da70 O /home/capstone/project/test_files/000695.doc
[4936] 754f2022b72da70 O /home/capstone/project/test_files/000695.doc.v-society
[4936] 754f2022b72da70 O /home/capstone/project/test_files/000662.txt
[4936] 754f2022b72da70 O /home/capstone/project/test_files/000662.txt.v-society
[4936] 754f2022b72da70 O /home/capstone/project/test_files/000554.html
[4936] 754f2022b72da70 O /home/capstone/project/test_files/000554.html.v-society
[4936] 754f2022b72da70 C /home/capstone/project/test_files/000662.txt.v-society.README_TO_RESTORE
[4936] 754f2022b72da70 C /home/capstone/project/test_files/000935.txt.v-society.README_TO_RESTORE
[4936] 754f2022b72da70 O /home/capstone/project/test_files/000935.txt.v-society.README_TO_RESTORE
[4936] 754f2022b72da70 O /home/capstone/project/test_files/000656.txt
[4936] 754f2022b72da70 O /home/capstone/project/test_files/000656.txt.v-society
[4936] 754f2022b72da70 O /home/capstone/project/test_files/000233.gif
[4936] 754f2022b72da70 O /home/capstone/project/test_files/000233.gif.v-society
[4936] 754f2022b72da70 C /home/capstone/project/test_files/000547.pdf.v-society.README_TO_RESTORE
[4936] 754f2022b72da70 O /home/capstone/project/test_files/000547.pdf.v-society.README_TO_RESTORE
[4936] 754f2022b72da70 O /home/capstone/project/test_files/000662.txt.v-society.README_TO_RESTORE
[4936] 754f2022b72da70 O /home/capstone/project/test_files/000160.ppt
[4936] 754f2022b72da70 O /home/capstone/project/test_files/000160.ppt.v-society
[4936] 754f2022b72da70 C /home/capstone/project/test_files/000554.html.v-society.README_TO_RESTORE
[4936] 754f2022b72da70 O /home/capstone/project/test_files/000554.html.v-society.README_TO_RESTORE
[4936] 754f2022b72da70 C /home/capstone/project/test_files/000695.doc.v-society.README_TO_RESTORE
[4936] 754f2022b72da70 O /home/capstone/project/test_files/000695.doc.v-society.README_TO_RESTORE
[4936] 754f2022b72da70 O /home/capstone/project/test_files/000493.xml
[4936] 754f2022b72da70 O /home/capstone/project/test_files/000493.xml.v-society
[4936] 754f2022b72da70 C /home/capstone/project/test_files/000656.txt.v-society.README_TO_RESTORE
[4936] 754f2022b72da70 O /home/capstone/project/test_files/000656.txt.v-society.README_TO_RESTORE
[4936] 754f2022b72da70 C /home/capstone/project/test_files/000233.gif.v-society.README_TO_RESTORE
[4936] 754f2022b72da70 O /home/capstone/project/test_files/000233.gif.v-society.README_TO_RESTORE
[4936] 754f2022b72da70 O /home/capstone/project/test_files/000829.txt
[4936] 754f2022b72da70 O /home/capstone/project/test_files/000829.txt.v-society
[4936] 754f2022b72da70 O /home/capstone/project/test_files/000953.doc
[4936] 754f2022b72da70 O /home/capstone/project/test_files/000953.doc.v-society
[4936] 754f2022b72da70 O /home/capstone/project/test_files/000317.ppt
[4936] 754f2022b72da70 O /home/capstone/project/test_files/000317.ppt.v-society
[4936] 754f2022b72da70 C /home/capstone/project/test_files/000160.ppt.v-society.README_TO_RESTORE
[4936] 754f2022b72da70 O /home/capstone/project/test_files/000160.ppt.v-society.README_TO_RESTORE
[4936] 754f2022b72da70 O /home/capstone/project/test_files/000413.html
[4936] 754f2022b72da70 O /home/capstone/project/test_files/000413.html.v-society
[4936] 754f2022b72da70 O /home/capstone/project/test_files/000368.pdf
[4936] 754f2022b72da70 O /home/capstone/project/test_files/000368.pdf.v-society
[4936] 754f2022b72da70 O /home/capstone/project/test_files/000247.jpg
[4936] 754f2022b72da70 O /home/capstone/project/test_files/000247.jpg.v-society
[4936] 754f2022b72da70 C /home/capstone/project/test_files/000247.jpg.v-society.README_TO_RESTORE
[4936] 754f2022b72da70 O /home/capstone/project/test_files/000247.jpg.v-society.README_TO_RESTORE
[4936] 754f2022b72da70 O /home/capstone/project/test_files/000751.pdf
[4936] 754f2022b72da70 O /home/capstone/project/test_files/000751.pdf.v-society
[4936] 754f2022b72da70 C /home/capstone/project/test_files/000413.html.v-society.README_TO_RESTORE
[4936] 754f2022b72da70 O /home/capstone/project/test_files/000413.html.v-society.README_TO_RESTORE
[4936] 754f2022b72da70 C /home/capstone/project/test_files/000829.txt.v-society.README_TO_RESTORE
[4936] 754f2022b72da70 O /home/capstone/project/test_files/000829.txt.v-society.README_TO_RESTORE
[4936] 754f2022b72da70 O /home/capstone/project/test_files/000326.ppt
[4936] 754f2022b72da70 O /home/capstone/project/test_files/000326.ppt.v-society
[4936] 754f2022b72da70 O /home/capstone/project/test_files/000834.pdf
[4936] 754f2022b72da70 O /home/capstone/project/test_files/000834.pdf.v-society
[4936] 754f2022b72da70 O /home/capstone/project/test_files/000310.ppt
[4936] 754f2022b72da70 O /home/capstone/project/test_files/000310.ppt.v-society
[4936] 754f2022b72da70 O /home/capstone/project/test_files/000099.ps
[4936] 754f2022b72da70 O /home/capstone/project/test_files/000099.ps.v-society
[4936] 754f2022b72da70 C /home/capstone/project/test_files/000099.ps.v-society.README_TO_RESTORE
[4936] 754f2022b72da70 O /home/capstone/project/test_files/000099.ps.v-society.README_TO_RESTORE
[4936] 754f2022b72da70 C /home/capstone/project/test_files/000834.pdf.v-society.README_TO_RESTORE
[4936] 754f2022b72da70 O /home/capstone/project/test_files/000834.pdf.v-society.README_TO_RESTORE
[4936] 754f2022b72da70 C /home/capstone/project/test_files/000751.pdf.v-society.README_TO_RESTORE
[4936] 754f2022b72da70 O /home/capstone/project/test_files/000751.pdf.v-society.README_TO_RESTORE
[4936] 754f2022b72da70 C /home/capstone/project/test_files/000317.ppt.v-society.README_TO_RESTORE
[4936] 754f2022b72da70 C /home/capstone/project/test_files/000493.xml.v-society.README_TO_RESTORE
[4936] 754f2022b72da70 O /home/capstone/project/test_files/000317.ppt.v-society.README_TO_RESTORE
[4936] 754f2022b72da70 O /home/capstone/project/test_files/000493.xml.v-society.README_TO_RESTORE
[4936] 754f2022b72da70 C /home/capstone/project/test_files/000310.ppt.v-society.README_TO_RESTORE
[4936] 754f2022b72da70 O /home/capstone/project/test_files/000310.ppt.v-society.README_TO_RESTORE
[4936] 754f2022b72da70 C /home/capstone/project/test_files/000953.doc.v-society.README_TO_RESTORE
[4936] 754f2022b72da70 O /home/capstone/project/test_files/000936.txt
[4936] 754f2022b72da70 O /home/capstone/project/test_files/000936.txt.v-society
[4936] 754f2022b72da70 O /home/capstone/project/test_files/000953.doc.v-society.README_TO_RESTORE
[4936] 754f2022b72da70 O /home/capstone/project/test_files/000753.pdf
[4936] 754f2022b72da70 O /home/capstone/project/test_files/000753.pdf.v-society
[4936] 754f2022b72da70 O /home/capstone/project/test_files/000021.pdf
[4936] 754f2022b72da70 O /home/capstone/project/test_files/000021.pdf.v-society
[4936] 754f2022b72da70 O /home/capstone/project/test_files/000840.pdf
[4936] 754f2022b72da70 O /home/capstone/project/test_files/000840.pdf.v-society
[4936] 754f2022b72da70 O /home/capstone/project/test_files/000918.html
[4936] 754f2022b72da70 O /home/capstone/project/test_files/000918.html.v-society
[4936] 754f2022b72da70 O /home/capstone/project/test_files/000558.ppt
[4936] 754f2022b72da70 O /home/capstone/project/test_files/000558.ppt.v-society
[4936] 754f2022b72da70 O /home/capstone/project/test_files/000348.pdf
[4936] 754f2022b72da70 O /home/capstone/project/test_files/000348.pdf.v-society
[4936] 754f2022b72da70 O /home/capstone/project/test_files/000080.html
[4936] 754f2022b72da70 O /home/capstone/project/test_files/000080.html.v-society
[4936] 754f2022b72da70 C /home/capstone/project/test_files/000326.ppt.v-society.README_TO_RESTORE
[4936] 754f2022b72da70 O /home/capstone/project/test_files/000326.ppt.v-society.README_TO_RESTORE
[4936] 754f2022b72da70 C /home/capstone/project/test_files/000368.pdf.v-society.README_TO_RESTORE
[4936] 754f2022b72da70 O /home/capstone/project/test_files/000368.pdf.v-society.README_TO_RESTORE
[4936] 754f2022b72da70 C /home/capstone/project/test_files/000936.txt.v-society.README_TO_RESTORE
[4936] 754f2022b72da70 O /home/capstone/project/test_files/000936.txt.v-society.README_TO_RESTORE
[4936] 754f2022b72da70 O /home/capstone/project/test_files/000406.xls
[4936] 754f2022b72da70 O /home/capstone/project/test_files/000406.xls.v-society
[4936] 754f2022b72da70 C /home/capstone/project/test_files/000021.pdf.v-society.README_TO_RESTORE
[4936] 754f2022b72da70 O /home/capstone/project/test_files/000021.pdf.v-society.README_TO_RESTORE
[4936] 754f2022b72da70 C /home/capstone/project/test_files/000753.pdf.v-society.README_TO_RESTORE
[4936] 754f2022b72da70 O /home/capstone/project/test_files/000753.pdf.v-society.README_TO_RESTORE
[4936] 754f2022b72da70 C /home/capstone/project/test_files/000406.xls.v-society.README_TO_RESTORE
[4936] 754f2022b72da70 O /home/capstone/project/test_files/000406.xls.v-society.README_TO_RESTORE
[4936] 754f2022b72da70 O /home/capstone/project/test_files/000945.pdf
[4936] 754f2022b72da70 O /home/capstone/project/test_files/000945.pdf.v-society
[4936] 754f2022b72da70 O /home/capstone/project/test_files/000137.pdf
[4936] 754f2022b72da70 O /home/capstone/project/test_files/000137.pdf.v-society
[4936] 754f2022b72da70 C /home/capstone/project/test_files/000918.html.v-society.README_TO_RESTORE
[4936] 754f2022b72da70 O /home/capstone/project/test_files/000918.html.v-society.README_TO_RESTORE
[4936] 754f2022b72da70 C /home/capstone/project/test_files/000080.html.v-society.README_TO_RESTORE
[4936] 754f2022b72da70 O /home/capstone/project/test_files/000080.html.v-society.README_TO_RESTORE
[4936] 754f2022b72da70 C /home/capstone/project/test_files/000348.pdf.v-society.README_TO_RESTORE
[4936] 754f2022b72da70 O /home/capstone/project/test_files/000348.pdf.v-society.README_TO_RESTORE
[4936] 754f2022b72da70 C /home/capstone/project/test_files/000840.pdf.v-society.README_TO_RESTORE
[4936] 754f2022b72da70 O /home/capstone/project/test_files/000840.pdf.v-society.README_TO_RESTORE
[4936] 754f2022b72da70 O /home/capstone/project/test_files/000248.doc
[4936] 754f2022b72da70 O /home/capstone/project/test_files/000060.html
[4936] 754f2022b72da70 O /home/capstone/project/test_files/000060.html.v-society
[4936] 754f2022b72da70 O /home/capstone/project/test_files/000248.doc.v-society
[4936] 754f2022b72da70 O /home/capstone/project/test_files/000495.unk
[4936] 754f2022b72da70 O /home/capstone/project/test_files/000495.unk.v-society
[4936] 754f2022b72da70 C /home/capstone/project/test_files/000558.ppt.v-society.README_TO_RESTORE
[4936] 754f2022b72da70 O /home/capstone/project/test_files/000558.ppt.v-society.README_TO_RESTORE
[4936] 754f2022b72da70 C /home/capstone/project/test_files/000137.pdf.v-society.README_TO_RESTORE
[4936] 754f2022b72da70 O /home/capstone/project/test_files/000137.pdf.v-society.README_TO_RESTORE
[4936] 754f2022b72da70 O /home/capstone/project/test_files/000439.html
[4936] 754f2022b72da70 O /home/capstone/project/test_files/000439.html.v-society
[4936] 754f2022b72da70 O /home/capstone/project/test_files/000841.txt
[4936] 754f2022b72da70 O /home/capstone/project/test_files/000256.doc
[4936] 754f2022b72da70 O /home/capstone/project/test_files/000841.txt.v-society
[4936] 754f2022b72da70 O /home/capstone/project/test_files/000256.doc.v-society
[4936] 754f2022b72da70 C /home/capstone/project/test_files/000945.pdf.v-society.README_TO_RESTORE
[4936] 754f2022b72da70 O /home/capstone/project/test_files/000945.pdf.v-society.README_TO_RESTORE
[4936] 754f2022b72da70 O /home/capstone/project/test_files/000750.pdf
[4936] 754f2022b72da70 O /home/capstone/project/test_files/000750.pdf.v-society
[4936] 754f2022b72da70 C /home/capstone/project/test_files/000439.html.v-society.README_TO_RESTORE
[4936] 754f2022b72da70 O /home/capstone/project/test_files/000439.html.v-society.README_TO_RESTORE
[4936] 754f2022b72da70 O /home/capstone/project/test_files/000463.txt
[4936] 754f2022b72da70 O /home/capstone/project/test_files/000463.txt.v-society
[4936] 754f2022b72da70 O /home/capstone/project/test_files/000597.html
[4936] 754f2022b72da70 O /home/capstone/project/test_files/000597.html.v-society
[4936] 754f2022b72da70 C /home/capstone/project/test_files/000060.html.v-society.README_TO_RESTORE
[4936] 754f2022b72da70 C /home/capstone/project/test_files/000750.pdf.v-society.README_TO_RESTORE
[4936] 754f2022b72da70 O /home/capstone/project/test_files/000750.pdf.v-society.README_TO_RESTORE
[4936] 754f2022b72da70 C /home/capstone/project/test_files/000597.html.v-society.README_TO_RESTORE
[4936] 754f2022b72da70 O /home/capstone/project/test_files/000597.html.v-society.README_TO_RESTORE
[4936] 754f2022b72da70 O /home/capstone/project/test_files/000060.html.v-society.README_TO_RESTORE
[4936] 754f2022b72da70 C /home/capstone/project/test_files/000463.txt.v-society.README_TO_RESTORE
[4936] 754f2022b72da70 O /home/capstone/project/test_files/000463.txt.v-society.README_TO_RESTORE
[4936] 754f2022b72da70 O /home/capstone/project/test_files/000386.xls
[4936] 754f2022b72da70 O /home/capstone/project/test_files/000386.xls.v-society
[4936] 754f2022b72da70 C /home/capstone/project/test_files/000841.txt.v-society.README_TO_RESTORE
[4936] 754f2022b72da70 O /home/capstone/project/test_files/000841.txt.v-society.README_TO_RESTORE
[4936] 754f2022b72da70 C /home/capstone/project/test_files/000248.doc.v-society.README_TO_RESTORE
[4936] 754f2022b72da70 C /home/capstone/project/test_files/000495.unk.v-society.README_TO_RESTORE
[4936] 754f2022b72da70 O /home/capstone/project/test_files/000119.doc
[4936] 754f2022b72da70 O /home/capstone/project/test_files/000119.doc.v-society
[4936] 754f2022b72da70 O /home/capstone/project/test_files/000495.unk.v-society.README_TO_RESTORE
[4936] 754f2022b72da70 O /home/capstone/project/test_files/000972.gif
[4936] 754f2022b72da70 O /home/capstone/project/test_files/000972.gif.v-society
[4936] 754f2022b72da70 O /home/capstone/project/test_files/000248.doc.v-society.README_TO_RESTORE
[4936] 754f2022b72da70 O /home/capstone/project/test_files/000942.txt
[4936] 754f2022b72da70 O /home/capstone/project/test_files/000942.txt.v-society
[4936] 754f2022b72da70 O /home/capstone/project/test_files/000784.html
[4936] 754f2022b72da70 O /home/capstone/project/test_files/000784.html.v-society
[4936] 754f2022b72da70 O /home/capstone/project/test_files/000539.jpg
[4936] 754f2022b72da70 C /home/capstone/project/test_files/000256.doc.v-society.README_TO_RESTORE
[4936] 754f2022b72da70 O /home/capstone/project/test_files/000253.doc
[4936] 754f2022b72da70 O /home/capstone/project/test_files/000256.doc.v-society.README_TO_RESTORE
[4936] 754f2022b72da70 C /home/capstone/project/test_files/000386.xls.v-society.README_TO_RESTORE
[4936] 754f2022b72da70 O /home/capstone/project/test_files/000386.xls.v-society.README_TO_RESTORE
[4936] 754f2022b72da70 O /home/capstone/project/test_files/000539.jpg.v-society
[4936] 754f2022b72da70 O /home/capstone/project/test_files/000253.doc.v-society
[4936] 754f2022b72da70 O /home/capstone/project/test_files/000889.jpg
[4936] 754f2022b72da70 O /home/capstone/project/test_files/000889.jpg.v-society
[4936] 754f2022b72da70 C /home/capstone/project/test_files/000119.doc.v-society.README_TO_RESTORE
[4936] 754f2022b72da70 O /home/capstone/project/test_files/000119.doc.v-society.README_TO_RESTORE
[4936] 754f2022b72da70 C /home/capstone/project/test_files/000972.gif.v-society.README_TO_RESTORE
[4936] 754f2022b72da70 O /home/capstone/project/test_files/000972.gif.v-society.README_TO_RESTORE
[4936] 754f2022b72da70 O /home/capstone/project/test_files/000127.doc
[4936] 754f2022b72da70 O /home/capstone/project/test_files/000127.doc.v-society
[4936] 754f2022b72da70 C /home/capstone/project/test_files/000784.html.v-society.README_TO_RESTORE
[4936] 754f2022b72da70 O /home/capstone/project/test_files/000784.html.v-society.README_TO_RESTORE
[4936] 754f2022b72da70 C /home/capstone/project/test_files/000942.txt.v-society.README_TO_RESTORE
[4936] 754f2022b72da70 O /home/capstone/project/test_files/000942.txt.v-society.README_TO_RESTORE
[4936] 754f2022b72da70 O /home/capstone/project/test_files/000378.xls
[4936] 754f2022b72da70 O /home/capstone/project/test_files/000378.xls.v-society
[4936] 754f2022b72da70 O /home/capstone/project/test_files/000765.log
[4936] 754f2022b72da70 O /home/capstone/project/test_files/000765.log.v-society
[4936] 754f2022b72da70 O /home/capstone/project/test_files/000258.rtf
[4936] 754f2022b72da70 O /home/capstone/project/test_files/000258.rtf.v-society
[4936] 754f2022b72da70 O /home/capstone/project/test_files/000337.pdf
[4936] 754f2022b72da70 O /home/capstone/project/test_files/000337.pdf.v-society
[4936] 754f2022b72da70 C /home/capstone/project/test_files/000378.xls.v-society.README_TO_RESTORE
[4936] 754f2022b72da70 O /home/capstone/project/test_files/000378.xls.v-society.README_TO_RESTORE
[4936] 754f2022b72da70 C /home/capstone/project/test_files/000253.doc.v-society.README_TO_RESTORE
[4936] 754f2022b72da70 O /home/capstone/project/test_files/000253.doc.v-society.README_TO_RESTORE
[4936] 754f2022b72da70 C /home/capstone/project/test_files/000765.log.v-society.README_TO_RESTORE
[4936] 754f2022b72da70 O /home/capstone/project/test_files/000989.ppt
[4936] 754f2022b72da70 O /home/capstone/project/test_files/000989.ppt.v-society
[4936] 754f2022b72da70 O /home/capstone/project/test_files/000856.txt
[4936] 754f2022b72da70 O /home/capstone/project/test_files/000856.txt.v-society
[4936] 754f2022b72da70 O /home/capstone/project/test_files/000236.pdf
[4936] 754f2022b72da70 O /home/capstone/project/test_files/000236.pdf.v-society
[4936] 754f2022b72da70 C /home/capstone/project/test_files/000127.doc.v-society.README_TO_RESTORE
[4936] 754f2022b72da70 O /home/capstone/project/test_files/000765.log.v-society.README_TO_RESTORE
[4936] 754f2022b72da70 C /home/capstone/project/test_files/000889.jpg.v-society.README_TO_RESTORE
[4936] 754f2022b72da70 O /home/capstone/project/test_files/000889.jpg.v-society.README_TO_RESTORE
[4936] 754f2022b72da70 O /home/capstone/project/test_files/000652.txt
[4936] 754f2022b72da70 O /home/capstone/project/test_files/000652.txt.v-society
[4936] 754f2022b72da70 O /home/capstone/project/test_files/000982.ppt
[4936] 754f2022b72da70 O /home/capstone/project/test_files/000982.ppt.v-society
[4936] 754f2022b72da70 C /home/capstone/project/test_files/000982.ppt.v-society.README_TO_RESTORE
[4936] 754f2022b72da70 C /home/capstone/project/test_files/000652.txt.v-society.README_TO_RESTORE
[4936] 754f2022b72da70 O /home/capstone/project/test_files/000982.ppt.v-society.README_TO_RESTORE
[4936] 754f2022b72da70 O /home/capstone/project/test_files/000652.txt.v-society.README_TO_RESTORE
[4936] 754f2022b72da70 C /home/capstone/project/test_files/000856.txt.v-society.README_TO_RESTORE
[4936] 754f2022b72da70 O /home/capstone/project/test_files/000856.txt.v-society.README_TO_RESTORE
[4936] 754f2022b72da70 O /home/capstone/project/test_files/000127.doc.v-society.README_TO_RESTORE
[4936] 754f2022b72da70 O /home/capstone/project/test_files/000452.html
[4936] 754f2022b72da70 O /home/capstone/project/test_files/000452.html.v-society
[4936] 754f2022b72da70 O /home/capstone/project/test_files/000426.html
[4936] 754f2022b72da70 O /home/capstone/project/test_files/000426.html.v-society
[4936] 754f2022b72da70 O /home/capstone/project/test_files/000654.txt
[4936] 754f2022b72da70 O /home/capstone/project/test_files/000654.txt.v-society
[4936] 754f2022b72da70 O /home/capstone/project/test_files/000895.html
[4936] 754f2022b72da70 O /home/capstone/project/test_files/000895.html.v-society
[4936] 754f2022b72da70 C /home/capstone/project/test_files/000989.ppt.v-society.README_TO_RESTORE
[4936] 754f2022b72da70 O /home/capstone/project/test_files/000989.ppt.v-society.README_TO_RESTORE
[4936] 754f2022b72da70 C /home/capstone/project/test_files/000258.rtf.v-society.README_TO_RESTORE
[4936] 754f2022b72da70 O /home/capstone/project/test_files/000258.rtf.v-society.README_TO_RESTORE
[4936] 754f2022b72da70 C /home/capstone/project/test_files/000539.jpg.v-society.README_TO_RESTORE
[4936] 754f2022b72da70 O /home/capstone/project/test_files/000539.jpg.v-society.README_TO_RESTORE
[4936] 754f2022b72da70 O /home/capstone/project/test_files/000536.jpg
[4936] 754f2022b72da70 O /home/capstone/project/test_files/000536.jpg.v-society
[4936] 754f2022b72da70 O /home/capstone/project/test_files/000919.html
[4936] 754f2022b72da70 O /home/capstone/project/test_files/000919.html.v-society
[4936] 754f2022b72da70 C /home/capstone/project/test_files/000337.pdf.v-society.README_TO_RESTORE
[4936] 754f2022b72da70 O /home/capstone/project/test_files/000337.pdf.v-society.README_TO_RESTORE
[4936] 754f2022b72da70 O /home/capstone/project/test_files/000560.ppt
[4936] 754f2022b72da70 O /home/capstone/project/test_files/000560.ppt.v-society
[4936] 754f2022b72da70 O /home/capstone/project/test_files/000331.pdf
[4936] 754f2022b72da70 O /home/capstone/project/test_files/000331.pdf.v-society
[4936] 754f2022b72da70 C /home/capstone/project/test_files/000536.jpg.v-society.README_TO_RESTORE
[4936] 754f2022b72da70 O /home/capstone/project/test_files/000536.jpg.v-society.README_TO_RESTORE
[4936] 754f2022b72da70 C /home/capstone/project/test_files/000452.html.v-society.README_TO_RESTORE
[4936] 754f2022b72da70 O /home/capstone/project/test_files/000452.html.v-society.README_TO_RESTORE
[4936] 754f2022b72da70 C /home/capstone/project/test_files/000236.pdf.v-society.README_TO_RESTORE
[4936] 754f2022b72da70 O /home/capstone/project/test_files/000236.pdf.v-society.README_TO_RESTORE
[4936] 754f2022b72da70 O /home/capstone/project/test_files/000085.txt
[4936] 754f2022b72da70 O /home/capstone/project/test_files/000085.txt.v-society
[4936] 754f2022b72da70 O /home/capstone/project/test_files/000273.doc
[4936] 754f2022b72da70 O /home/capstone/project/test_files/000273.doc.v-society
[4936] 754f2022b72da70 O /home/capstone/project/test_files/000238.jpg
[4936] 754f2022b72da70 O /home/capstone/project/test_files/000238.jpg.v-society
[4936] 754f2022b72da70 C /home/capstone/project/test_files/000895.html.v-society.README_TO_RESTORE
[4936] 754f2022b72da70 O /home/capstone/project/test_files/000895.html.v-society.README_TO_RESTORE
[4936] 754f2022b72da70 O /home/capstone/project/test_files/000346.pdf
[4936] 754f2022b72da70 O /home/capstone/project/test_files/000346.pdf.v-society
[4936] 754f2022b72da70 C /home/capstone/project/test_files/000238.jpg.v-society.README_TO_RESTORE
[4936] 754f2022b72da70 O /home/capstone/project/test_files/000238.jpg.v-society.README_TO_RESTORE
[4936] 754f2022b72da70 C /home/capstone/project/test_files/000919.html.v-society.README_TO_RESTORE
[4936] 754f2022b72da70 O /home/capstone/project/test_files/000919.html.v-society.README_TO_RESTORE
[4936] 754f2022b72da70 C /home/capstone/project/test_files/000426.html.v-society.README_TO_RESTORE
[4936] 754f2022b72da70 C /home/capstone/project/test_files/000654.txt.v-society.README_TO_RESTORE
[4936] 754f2022b72da70 O /home/capstone/project/test_files/000668.txt
[4936] 754f2022b72da70 O /home/capstone/project/test_files/000654.txt.v-society.README_TO_RESTORE
[4936] 754f2022b72da70 O /home/capstone/project/test_files/000426.html.v-society.README_TO_RESTORE
[4936] 754f2022b72da70 O /home/capstone/project/test_files/000349.pdf
[4936] 754f2022b72da70 O /home/capstone/project/test_files/000349.pdf.v-society
[4936] 754f2022b72da70 O /home/capstone/project/test_files/000886.pdf
[4936] 754f2022b72da70 O /home/capstone/project/test_files/000886.pdf.v-society
[4936] 754f2022b72da70 O /home/capstone/project/test_files/000668.txt.v-society
[4936] 754f2022b72da70 O /home/capstone/project/test_files/000999.ppt
[4936] 754f2022b72da70 O /home/capstone/project/test_files/000999.ppt.v-society
[4936] 754f2022b72da70 O /home/capstone/project/test_files/000309.ppt
[4936] 754f2022b72da70 O /home/capstone/project/test_files/000309.ppt.v-society
[4936] 754f2022b72da70 C /home/capstone/project/test_files/000560.ppt.v-society.README_TO_RESTORE
[4936] 754f2022b72da70 O /home/capstone/project/test_files/000560.ppt.v-society.README_TO_RESTORE
[4936] 754f2022b72da70 C /home/capstone/project/test_files/000331.pdf.v-society.README_TO_RESTORE
[4936] 754f2022b72da70 O /home/capstone/project/test_files/000331.pdf.v-society.README_TO_RESTORE
[4936] 754f2022b72da70 C /home/capstone/project/test_files/000346.pdf.v-society.README_TO_RESTORE
[4936] 754f2022b72da70 O /home/capstone/project/test_files/000346.pdf.v-society.README_TO_RESTORE
[4936] 754f2022b72da70 C /home/capstone/project/test_files/000668.txt.v-society.README_TO_RESTORE
[4936] 754f2022b72da70 O /home/capstone/project/test_files/000668.txt.v-society.README_TO_RESTORE
[4936] 754f2022b72da70 C /home/capstone/project/test_files/000886.pdf.v-society.README_TO_RESTORE
[4936] 754f2022b72da70 O /home/capstone/project/test_files/000886.pdf.v-society.README_TO_RESTORE
[4936] 754f2022b72da70 O /home/capstone/project/test_files/000974.doc
[4936] 754f2022b72da70 O /home/capstone/project/test_files/000974.doc.v-society
[4936] 754f2022b72da70 O /home/capstone/project/test_files/000208.pdf
[4936] 754f2022b72da70 O /home/capstone/project/test_files/000208.pdf.v-society
[4936] 754f2022b72da70 C /home/capstone/project/test_files/000085.txt.v-society.README_TO_RESTORE
[4936] 754f2022b72da70 C /home/capstone/project/test_files/000349.pdf.v-society.README_TO_RESTORE
[4936] 754f2022b72da70 O /home/capstone/project/test_files/000349.pdf.v-society.README_TO_RESTORE
[4936] 754f2022b72da70 O /home/capstone/project/test_files/000085.txt.v-society.README_TO_RESTORE
[4936] 754f2022b72da70 C /home/capstone/project/test_files/000999.ppt.v-society.README_TO_RESTORE
[4936] 754f2022b72da70 O /home/capstone/project/test_files/000999.ppt.v-society.README_TO_RESTORE
[4936] 754f2022b72da70 C /home/capstone/project/test_files/000309.ppt.v-society.README_TO_RESTORE
[4936] 754f2022b72da70 O /home/capstone/project/test_files/000309.ppt.v-society.README_TO_RESTORE
[4936] 754f2022b72da70 C /home/capstone/project/test_files/000273.doc.v-society.README_TO_RESTORE
[4936] 754f2022b72da70 O /home/capstone/project/test_files/000273.doc.v-society.README_TO_RESTORE
[4936] 754f2022b72da70 O /home/capstone/project/test_files/000070.html
[4936] 754f2022b72da70 O /home/capstone/project/test_files/000070.html.v-society
[4936] 754f2022b72da70 O /home/capstone/project/test_files/000363.pdf
[4936] 754f2022b72da70 O /home/capstone/project/test_files/000363.pdf.v-society
[4936] 754f2022b72da70 O /home/capstone/project/test_files/000645.txt
[4936] 754f2022b72da70 O /home/capstone/project/test_files/000645.txt.v-society
[4936] 754f2022b72da70 O /home/capstone/project/test_files/000568.pdf
[4936] 754f2022b72da70 O /home/capstone/project/test_files/000568.pdf.v-society
[4936] 754f2022b72da70 O /home/capstone/project/test_files/000218.txt
[4936] 754f2022b72da70 O /home/capstone/project/test_files/000218.txt.v-society
[4936] 754f2022b72da70 O /home/capstone/project/test_files/000767.ps
[4936] 754f2022b72da70 O /home/capstone/project/test_files/000767.ps.v-society
[4936] 754f2022b72da70 O /home/capstone/project/test_files/000860.txt
[4936] 754f2022b72da70 O /home/capstone/project/test_files/000860.txt.v-society
[4936] 754f2022b72da70 C /home/capstone/project/test_files/000974.doc.v-society.README_TO_RESTORE
[4936] 754f2022b72da70 O /home/capstone/project/test_files/000974.doc.v-society.README_TO_RESTORE
[4936] 754f2022b72da70 C /home/capstone/project/test_files/000208.pdf.v-society.README_TO_RESTORE
[4936] 754f2022b72da70 O /home/capstone/project/test_files/000208.pdf.v-society.README_TO_RESTORE
[4936] 754f2022b72da70 C /home/capstone/project/test_files/000645.txt.v-society.README_TO_RESTORE
[4936] 754f2022b72da70 O /home/capstone/project/test_files/000645.txt.v-society.README_TO_RESTORE
[4936] 754f2022b72da70 C /home/capstone/project/test_files/000568.pdf.v-society.README_TO_RESTORE
[4936] 754f2022b72da70 C /home/capstone/project/test_files/000860.txt.v-society.README_TO_RESTORE
[4936] 754f2022b72da70 O /home/capstone/project/test_files/000860.txt.v-society.README_TO_RESTORE
[4936] 754f2022b72da70 C /home/capstone/project/test_files/000070.html.v-society.README_TO_RESTORE
[4936] 754f2022b72da70 O /home/capstone/project/test_files/000070.html.v-society.README_TO_RESTORE
[4936] 754f2022b72da70 O /home/capstone/project/test_files/000047.xls
[4936] 754f2022b72da70 O /home/capstone/project/test_files/000047.xls.v-society
[4936] 754f2022b72da70 O /home/capstone/project/test_files/000002.doc
[4936] 754f2022b72da70 O /home/capstone/project/test_files/000002.doc.v-society
[4936] 754f2022b72da70 O /home/capstone/project/test_files/000458.html
[4936] 754f2022b72da70 O /home/capstone/project/test_files/000458.html.v-society
[4936] 754f2022b72da70 O /home/capstone/project/test_files/000568.pdf.v-society.README_TO_RESTORE
[4936] 754f2022b72da70 O /home/capstone/project/test_files/000237.jpg
[4936] 754f2022b72da70 O /home/capstone/project/test_files/000237.jpg.v-society
[4936] 754f2022b72da70 O /home/capstone/project/test_files/000395.xls
[4936] 754f2022b72da70 O /home/capstone/project/test_files/000395.xls.v-society
[4936] 754f2022b72da70 O /home/capstone/project/test_files/000951.html
[4936] 754f2022b72da70 O /home/capstone/project/test_files/000951.html.v-society
[4936] 754f2022b72da70 C /home/capstone/project/test_files/000767.ps.v-society.README_TO_RESTORE
[4936] 754f2022b72da70 O /home/capstone/project/test_files/000767.ps.v-society.README_TO_RESTORE
[4936] 754f2022b72da70 C /home/capstone/project/test_files/000218.txt.v-society.README_TO_RESTORE
[4936] 754f2022b72da70 O /home/capstone/project/test_files/000218.txt.v-society.README_TO_RESTORE
[4936] 754f2022b72da70 C /home/capstone/project/test_files/000002.doc.v-society.README_TO_RESTORE
[4936] 754f2022b72da70 O /home/capstone/project/test_files/000002.doc.v-society.README_TO_RESTORE
[4936] 754f2022b72da70 O /home/capstone/project/test_files/000203.html
[4936] 754f2022b72da70 O /home/capstone/project/test_files/000203.html.v-society
[4936] 754f2022b72da70 C /home/capstone/project/test_files/000363.pdf.v-society.README_TO_RESTORE
[4936] 754f2022b72da70 O /home/capstone/project/test_files/000363.pdf.v-society.README_TO_RESTORE
[4936] 754f2022b72da70 O /home/capstone/project/test_files/000726.html
[4936] 754f2022b72da70 O /home/capstone/project/test_files/000726.html.v-society
[4936] 754f2022b72da70 C /home/capstone/project/test_files/000047.xls.v-society.README_TO_RESTORE
[4936] 754f2022b72da70 O /home/capstone/project/test_files/000047.xls.v-society.README_TO_RESTORE
[4936] 754f2022b72da70 O /home/capstone/project/test_files/000249.doc
[4936] 754f2022b72da70 O /home/capstone/project/test_files/000249.doc.v-society
[4936] 754f2022b72da70 C /home/capstone/project/test_files/000203.html.v-society.README_TO_RESTORE
[4936] 754f2022b72da70 O /home/capstone/project/test_files/000203.html.v-society.README_TO_RESTORE
[4936] 754f2022b72da70 O /home/capstone/project/test_files/000618.pdf
[4936] 754f2022b72da70 O /home/capstone/project/test_files/000618.pdf.v-society
[4936] 754f2022b72da70 O /home/capstone/project/test_files/000621.txt
[4936] 754f2022b72da70 O /home/capstone/project/test_files/000621.txt.v-society
[4936] 754f2022b72da70 C /home/capstone/project/test_files/000621.txt.v-society.README_TO_RESTORE
[4936] 754f2022b72da70 O /home/capstone/project/test_files/000621.txt.v-society.README_TO_RESTORE
[4936] 754f2022b72da70 O /home/capstone/project/test_files/000150.pdf
[4936] 754f2022b72da70 O /home/capstone/project/test_files/000150.pdf.v-society
[4936] 754f2022b72da70 O /home/capstone/project/test_files/000026.pdf
[4936] 754f2022b72da70 O /home/capstone/project/test_files/000026.pdf.v-society
[4936] 754f2022b72da70 C /home/capstone/project/test_files/000150.pdf.v-society.README_TO_RESTORE
[4936] 754f2022b72da70 O /home/capstone/project/test_files/000150.pdf.v-society.README_TO_RESTORE
[4936] 754f2022b72da70 O /home/capstone/project/test_files/000727.ppt
[4936] 754f2022b72da70 O /home/capstone/project/test_files/000727.ppt.v-society
[4936] 754f2022b72da70 O /home/capstone/project/test_files/000966.doc
[4936] 754f2022b72da70 O /home/capstone/project/test_files/000966.doc.v-society
[4936] 754f2022b72da70 C /home/capstone/project/test_files/000395.xls.v-society.README_TO_RESTORE
[4936] 754f2022b72da70 O /home/capstone/project/test_files/000395.xls.v-society.README_TO_RESTORE
[4936] 754f2022b72da70 O /home/capstone/project/test_files/000475.txt
[4936] 754f2022b72da70 O /home/capstone/project/test_files/000475.txt.v-society
[4936] 754f2022b72da70 C /home/capstone/project/test_files/000237.jpg.v-society.README_TO_RESTORE
[4936] 754f2022b72da70 O /home/capstone/project/test_files/000237.jpg.v-society.README_TO_RESTORE
[4936] 754f2022b72da70 C /home/capstone/project/test_files/000951.html.v-society.README_TO_RESTORE
[4936] 754f2022b72da70 O /home/capstone/project/test_files/000951.html.v-society.README_TO_RESTORE
[4936] 754f2022b72da70 O /home/capstone/project/test_files/000521.jpg
[4936] 754f2022b72da70 O /home/capstone/project/test_files/000521.jpg.v-society
[4936] 754f2022b72da70 C /home/capstone/project/test_files/000458.html.v-society.README_TO_RESTORE
[4936] 754f2022b72da70 O /home/capstone/project/test_files/000458.html.v-society.README_TO_RESTORE
[4936] 754f2022b72da70 C /home/capstone/project/test_files/000966.doc.v-society.README_TO_RESTORE
[4936] 754f2022b72da70 O /home/capstone/project/test_files/000966.doc.v-society.README_TO_RESTORE
[4936] 754f2022b72da70 O /home/capstone/project/test_files/000234.jpg
[4936] 754f2022b72da70 O /home/capstone/project/test_files/000234.jpg.v-society
[4936] 754f2022b72da70 C /home/capstone/project/test_files/000727.ppt.v-society.README_TO_RESTORE
[4936] 754f2022b72da70 O /home/capstone/project/test_files/000643.txt
[4936] 754f2022b72da70 O /home/capstone/project/test_files/000643.txt.v-society
[4936] 754f2022b72da70 O /home/capstone/project/test_files/000423.html
[4936] 754f2022b72da70 O /home/capstone/project/test_files/000423.html.v-society
[4936] 754f2022b72da70 O /home/capstone/project/test_files/000727.ppt.v-society.README_TO_RESTORE
[4936] 754f2022b72da70 C /home/capstone/project/test_files/000249.doc.v-society.README_TO_RESTORE
[4936] 754f2022b72da70 C /home/capstone/project/test_files/000618.pdf.v-society.README_TO_RESTORE
[4936] 754f2022b72da70 C /home/capstone/project/test_files/000643.txt.v-society.README_TO_RESTORE
[4936] 754f2022b72da70 O /home/capstone/project/test_files/000643.txt.v-society.README_TO_RESTORE
[4936] 754f2022b72da70 O /home/capstone/project/test_files/000618.pdf.v-society.README_TO_RESTORE
[4936] 754f2022b72da70 C /home/capstone/project/test_files/000423.html.v-society.README_TO_RESTORE
[4936] 754f2022b72da70 O /home/capstone/project/test_files/000423.html.v-society.README_TO_RESTORE
[4936] 754f2022b72da70 O /home/capstone/project/test_files/000249.doc.v-society.README_TO_RESTORE
[4936] 754f2022b72da70 O /home/capstone/project/test_files/000823.html
[4936] 754f2022b72da70 C /home/capstone/project/test_files/000726.html.v-society.README_TO_RESTORE
[4936] 754f2022b72da70 O /home/capstone/project/test_files/000823.html.v-society
[4936] 754f2022b72da70 O /home/capstone/project/test_files/000726.html.v-society.README_TO_RESTORE
[4936] 754f2022b72da70 O /home/capstone/project/test_files/000473.txt
[4936] 754f2022b72da70 O /home/capstone/project/test_files/000473.txt.v-society
[4936] 754f2022b72da70 O /home/capstone/project/test_files/000506.jpg
[4936] 754f2022b72da70 O /home/capstone/project/test_files/000506.jpg.v-society
[4936] 754f2022b72da70 O /home/capstone/project/test_files/000929.txt
[4936] 754f2022b72da70 O /home/capstone/project/test_files/000929.txt.v-society
[4936] 754f2022b72da70 O /home/capstone/project/test_files/000290.ppt
[4936] 754f2022b72da70 O /home/capstone/project/test_files/000290.ppt.v-society
[4936] 754f2022b72da70 C /home/capstone/project/test_files/000026.pdf.v-society.README_TO_RESTORE
[4936] 754f2022b72da70 O /home/capstone/project/test_files/000026.pdf.v-society.README_TO_RESTORE
[4936] 754f2022b72da70 O /home/capstone/project/test_files/000397.jpg
[4936] 754f2022b72da70 O /home/capstone/project/test_files/000397.jpg.v-society
[4936] 754f2022b72da70 O /home/capstone/project/test_files/000546.jpg
[4936] 754f2022b72da70 O /home/capstone/project/test_files/000546.jpg.v-society
[4936] 754f2022b72da70 C /home/capstone/project/test_files/000521.jpg.v-society.README_TO_RESTORE
[4936] 754f2022b72da70 O /home/capstone/project/test_files/000521.jpg.v-society.README_TO_RESTORE
[4936] 754f2022b72da70 O /home/capstone/project/test_files/000512.jpg
[4936] 754f2022b72da70 O /home/capstone/project/test_files/000512.jpg.v-society
[4936] 754f2022b72da70 O /home/capstone/project/test_files/000888.jpg
[4936] 754f2022b72da70 O /home/capstone/project/test_files/000888.jpg.v-society
[4936] 754f2022b72da70 C /home/capstone/project/test_files/000475.txt.v-society.README_TO_RESTORE
[4936] 754f2022b72da70 O /home/capstone/project/test_files/000475.txt.v-society.README_TO_RESTORE
[4936] 754f2022b72da70 O /home/capstone/project/test_files/000412.html
[4936] 754f2022b72da70 O /home/capstone/project/test_files/000412.html.v-society
[4936] 754f2022b72da70 C /home/capstone/project/test_files/000473.txt.v-society.README_TO_RESTORE
[4936] 754f2022b72da70 O /home/capstone/project/test_files/000473.txt.v-society.README_TO_RESTORE
[4936] 754f2022b72da70 O /home/capstone/project/test_files/000380.pdf
[4936] 754f2022b72da70 O /home/capstone/project/test_files/000380.pdf.v-society
[4936] 754f2022b72da70 C /home/capstone/project/test_files/000929.txt.v-society.README_TO_RESTORE
[4936] 754f2022b72da70 O /home/capstone/project/test_files/000929.txt.v-society.README_TO_RESTORE
[4936] 754f2022b72da70 C /home/capstone/project/test_files/000546.jpg.v-society.README_TO_RESTORE
[4936] 754f2022b72da70 O /home/capstone/project/test_files/000546.jpg.v-society.README_TO_RESTORE
[4936] 754f2022b72da70 C /home/capstone/project/test_files/000380.pdf.v-society.README_TO_RESTORE
[4936] 754f2022b72da70 O /home/capstone/project/test_files/000045.xls
[4936] 754f2022b72da70 O /home/capstone/project/test_files/000045.xls.v-society
[4936] 754f2022b72da70 C /home/capstone/project/test_files/000290.ppt.v-society.README_TO_RESTORE
[4936] 754f2022b72da70 O /home/capstone/project/test_files/000290.ppt.v-society.README_TO_RESTORE
[4936] 754f2022b72da70 O /home/capstone/project/test_files/000380.pdf.v-society.README_TO_RESTORE
[4936] 754f2022b72da70 O /home/capstone/project/test_files/000762.pdf
[4936] 754f2022b72da70 O /home/capstone/project/test_files/000957.doc
[4936] 754f2022b72da70 O /home/capstone/project/test_files/000093.txt
[4936] 754f2022b72da70 O /home/capstone/project/test_files/000762.pdf.v-society
[4936] 754f2022b72da70 O /home/capstone/project/test_files/000957.doc.v-society
[4936] 754f2022b72da70 O /home/capstone/project/test_files/000093.txt.v-society
[2220] dbus-daemon O /home/capstone/.local/share/dbus-1/services
[4936] 754f2022b72da70 C /home/capstone/project/test_files/000888.jpg.v-society.README_TO_RESTORE
[4936] 754f2022b72da70 O /home/capstone/project/test_files/000888.jpg.v-society.README_TO_RESTORE
[4936] 754f2022b72da70 C /home/capstone/project/test_files/000412.html.v-society.README_TO_RESTORE
[4936] 754f2022b72da70 O /home/capstone/project/test_files/000412.html.v-society.README_TO_RESTORE
[4936] 754f2022b72da70 C /home/capstone/project/test_files/000234.jpg.v-society.README_TO_RESTORE
[4936] 754f2022b72da70 O /home/capstone/project/test_files/000234.jpg.v-society.README_TO_RESTORE
[4936] 754f2022b72da70 O /home/capstone/project/test_files/000698.log
[4936] 754f2022b72da70 O /home/capstone/project/test_files/000698.log.v-society
[4936] 754f2022b72da70 C /home/capstone/project/test_files/000093.txt.v-society.README_TO_RESTORE
[4936] 754f2022b72da70 C /home/capstone/project/test_files/000823.html.v-society.README_TO_RESTORE
[4936] 754f2022b72da70 O /home/capstone/project/test_files/000093.txt.v-society.README_TO_RESTORE
[4936] 754f2022b72da70 O /home/capstone/project/test_files/000823.html.v-society.README_TO_RESTORE
[4936] 754f2022b72da70 C /home/capstone/project/test_files/000512.jpg.v-society.README_TO_RESTORE
[4936] 754f2022b72da70 O /home/capstone/project/test_files/000512.jpg.v-society.README_TO_RESTORE
[4936] 754f2022b72da70 O /home/capstone/project/test_files/000432.jpg
[4936] 754f2022b72da70 O /home/capstone/project/test_files/000676.pdf
[4936] 754f2022b72da70 O /home/capstone/project/test_files/000432.jpg.v-society
[4936] 754f2022b72da70 O /home/capstone/project/test_files/000676.pdf.v-society
[4936] 754f2022b72da70 O /home/capstone/project/test_files/000733.ps
[4936] 754f2022b72da70 O /home/capstone/project/test_files/000733.ps.v-society
[4936] 754f2022b72da70 O /home/capstone/project/test_files/000182.html
[4936] 754f2022b72da70 O /home/capstone/project/test_files/000182.html.v-society
[4936] 754f2022b72da70 C /home/capstone/project/test_files/000397.jpg.v-society.README_TO_RESTORE
[4936] 754f2022b72da70 O /home/capstone/project/test_files/000397.jpg.v-society.README_TO_RESTORE
[4936] 754f2022b72da70 C /home/capstone/project/test_files/000506.jpg.v-society.README_TO_RESTORE
[4936] 754f2022b72da70 O /home/capstone/project/test_files/000506.jpg.v-society.README_TO_RESTORE
[4936] 754f2022b72da70 C /home/capstone/project/test_files/000045.xls.v-society.README_TO_RESTORE
[4936] 754f2022b72da70 O /home/capstone/project/test_files/000094.txt
[4936] 754f2022b72da70 O /home/capstone/project/test_files/000839.pdf
[4936] 754f2022b72da70 O /home/capstone/project/test_files/000839.pdf.v-society
[4936] 754f2022b72da70 O /home/capstone/project/test_files/000045.xls.v-society.README_TO_RESTORE
[4936] 754f2022b72da70 O /home/capstone/project/test_files/000094.txt.v-society
[4936] 754f2022b72da70 C /home/capstone/project/test_files/000762.pdf.v-society.README_TO_RESTORE
[4936] 754f2022b72da70 O /home/capstone/project/test_files/000762.pdf.v-society.README_TO_RESTORE
[4936] 754f2022b72da70 O /home/capstone/project/test_files/000087.txt
[4936] 754f2022b72da70 O /home/capstone/project/test_files/000087.txt.v-society
[4936] 754f2022b72da70 C /home/capstone/project/test_files/000182.html.v-society.README_TO_RESTORE
[4936] 754f2022b72da70 O /home/capstone/project/test_files/000182.html.v-society.README_TO_RESTORE
[4936] 754f2022b72da70 C /home/capstone/project/test_files/000733.ps.v-society.README_TO_RESTORE
[4936] 754f2022b72da70 O /home/capstone/project/test_files/000733.ps.v-society.README_TO_RESTORE
[4936] 754f2022b72da70 O /home/capstone/project/test_files/000232.jpg
[4936] 754f2022b72da70 O /home/capstone/project/test_files/000232.jpg.v-society
[4936] 754f2022b72da70 O /home/capstone/project/test_files/000049.xls
[4936] 754f2022b72da70 C /home/capstone/project/test_files/000432.jpg.v-society.README_TO_RESTORE
[4936] 754f2022b72da70 O /home/capstone/project/test_files/000049.xls.v-society
[4936] 754f2022b72da70 O /home/capstone/project/test_files/000095.txt
[4936] 754f2022b72da70 O /home/capstone/project/test_files/000095.txt.v-society
[4936] 754f2022b72da70 O /home/capstone/project/test_files/000432.jpg.v-society.README_TO_RESTORE
[4936] 754f2022b72da70 C /home/capstone/project/test_files/000698.log.v-society.README_TO_RESTORE
[4936] 754f2022b72da70 O /home/capstone/project/test_files/000698.log.v-society.README_TO_RESTORE
[4936] 754f2022b72da70 C /home/capstone/project/test_files/000232.jpg.v-society.README_TO_RESTORE
[4936] 754f2022b72da70 O /home/capstone/project/test_files/000232.jpg.v-society.README_TO_RESTORE
[2421] gnome-shell O /home/capstone/.icons/Yaru/cursors/default
[2421] gnome-shell O /home/capstone/.icons/Yaru/index.theme
[4936] 754f2022b72da70 C /home/capstone/project/test_files/000094.txt.v-society.README_TO_RESTORE
[4936] 754f2022b72da70 O /home/capstone/project/test_files/000342.pdf
[2946] pool-org.gnome. O /home/capstone/project/venv/lib
[4936] 754f2022b72da70 O /home/capstone/project/test_files/000094.txt.v-society.README_TO_RESTORE
[4936] 754f2022b72da70 O /home/capstone/project/test_files/000342.pdf.v-society
[2946] pool-org.gnome. O /home/capstone/project/venv/lib
[2946] pool-org.gnome. O /home/capstone/project/venv/lib/python3.12
[2946] pool-org.gnome. O /home/capstone/project/venv/lib/python3.12/.hidden
[4936] 754f2022b72da70 C /home/capstone/project/test_files/000957.doc.v-society.README_TO_RESTORE
[4936] 754f2022b72da70 C /home/capstone/project/test_files/000087.txt.v-society.README_TO_RESTORE
[4936] 754f2022b72da70 O /home/capstone/project/test_files/000957.doc.v-society.README_TO_RESTORE
[4936] 754f2022b72da70 C /home/capstone/project/test_files/000095.txt.v-society.README_TO_RESTORE
[4936] 754f2022b72da70 O /home/capstone/project/test_files/000095.txt.v-society.README_TO_RESTORE
[4936] 754f2022b72da70 O /home/capstone/project/test_files/000087.txt.v-society.README_TO_RESTORE
[2421] gnome-shell O /home/capstone/.icons/Yaru/cursors/default
[2421] gnome-shell O /home/capstone/.icons/Yaru/index.theme
[4936] 754f2022b72da70 O /home/capstone/project/test_files/000992.ppt
[4936] 754f2022b72da70 O /home/capstone/project/test_files/000992.ppt.v-society
[4936] 754f2022b72da70 C /home/capstone/project/test_files/000676.pdf.v-society.README_TO_RESTORE
[4936] 754f2022b72da70 O /home/capstone/project/test_files/000676.pdf.v-society.README_TO_RESTORE
[4936] 754f2022b72da70 O /home/capstone/project/test_files/000806.doc
[4936] 754f2022b72da70 O /home/capstone/project/test_files/000806.doc.v-society
[4936] 754f2022b72da70 O /home/capstone/project/test_files/000027.csv
[4936] 754f2022b72da70 O /home/capstone/project/test_files/000307.ppt
[4936] 754f2022b72da70 O /home/capstone/project/test_files/000887.pdf
[4936] 754f2022b72da70 O /home/capstone/project/test_files/000027.csv.v-society
[4936] 754f2022b72da70 O /home/capstone/project/test_files/000307.ppt.v-society
[4936] 754f2022b72da70 O /home/capstone/project/test_files/000887.pdf.v-society
[4936] 754f2022b72da70 O /home/capstone/project/test_files/000434.html
[4936] 754f2022b72da70 O /home/capstone/project/test_files/000717.ppt
[4936] 754f2022b72da70 O /home/capstone/project/test_files/000434.html.v-society
[4936] 754f2022b72da70 O /home/capstone/project/test_files/000717.ppt.v-society
[4936] 754f2022b72da70 O /home/capstone/project/test_files/000072.html
[4936] 754f2022b72da70 O /home/capstone/project/test_files/000072.html.v-society
[4936] 754f2022b72da70 C /home/capstone/project/test_files/000049.xls.v-society.README_TO_RESTORE
[4936] 754f2022b72da70 O /home/capstone/project/test_files/000049.xls.v-society.README_TO_RESTORE
[4936] 754f2022b72da70 C /home/capstone/project/test_files/000887.pdf.v-society.README_TO_RESTORE
[4936] 754f2022b72da70 O /home/capstone/project/test_files/000887.pdf.v-society.README_TO_RESTORE
[4936] 754f2022b72da70 C /home/capstone/project/test_files/000307.ppt.v-society.README_TO_RESTORE
[4936] 754f2022b72da70 O /home/capstone/project/test_files/000307.ppt.v-society.README_TO_RESTORE
[4936] 754f2022b72da70 C /home/capstone/project/test_files/000434.html.v-society.README_TO_RESTORE
[4936] 754f2022b72da70 C /home/capstone/project/test_files/000806.doc.v-society.README_TO_RESTORE
[4936] 754f2022b72da70 O /home/capstone/project/test_files/000806.doc.v-society.README_TO_RESTORE
[4936] 754f2022b72da70 C /home/capstone/project/test_files/000839.pdf.v-society.README_TO_RESTORE
[4936] 754f2022b72da70 O /home/capstone/project/test_files/000839.pdf.v-society.README_TO_RESTORE
[4936] 754f2022b72da70 C /home/capstone/project/test_files/000992.ppt.v-society.README_TO_RESTORE
[4936] 754f2022b72da70 O /home/capstone/project/test_files/000992.ppt.v-society.README_TO_RESTORE
[4936] 754f2022b72da70 O /home/capstone/project/test_files/000759.doc
[4936] 754f2022b72da70 O /home/capstone/project/test_files/000759.doc.v-society
[4936] 754f2022b72da70 O /home/capstone/project/test_files/000000.swf
[4936] 754f2022b72da70 O /home/capstone/project/test_files/000000.swf.v-society
[4936] 754f2022b72da70 C /home/capstone/project/test_files/000072.html.v-society.README_TO_RESTORE
[4936] 754f2022b72da70 O /home/capstone/project/test_files/000226.txt
[4936] 754f2022b72da70 O /home/capstone/project/test_files/000226.txt.v-society
[4936] 754f2022b72da70 O /home/capstone/project/test_files/000434.html.v-society.README_TO_RESTORE
[4936] 754f2022b72da70 C /home/capstone/project/test_files/000342.pdf.v-society.README_TO_RESTORE
[4936] 754f2022b72da70 O /home/capstone/project/test_files/000978.xml
[4936] 754f2022b72da70 O /home/capstone/project/test_files/000978.xml.v-society
[4936] 754f2022b72da70 O /home/capstone/project/test_files/000342.pdf.v-society.README_TO_RESTORE
[4936] 754f2022b72da70 O /home/capstone/project/test_files/000696.doc
[4936] 754f2022b72da70 O /home/capstone/project/test_files/000696.doc.v-society
[4936] 754f2022b72da70 O /home/capstone/project/test_files/000072.html.v-society.README_TO_RESTORE
[4936] 754f2022b72da70 O /home/capstone/project/test_files/000854.pdf
[4936] 754f2022b72da70 O /home/capstone/project/test_files/000854.pdf.v-society
[4936] 754f2022b72da70 O /home/capstone/project/test_files/000451.html
[4936] 754f2022b72da70 O /home/capstone/project/test_files/000451.html.v-society
[4936] 754f2022b72da70 O /home/capstone/project/test_files/000184.html
[4936] 754f2022b72da70 O /home/capstone/project/test_files/000184.html.v-society
[4936] 754f2022b72da70 O /home/capstone/project/test_files/000384.xls
[4936] 754f2022b72da70 O /home/capstone/project/test_files/000384.xls.v-society
[4936] 754f2022b72da70 C /home/capstone/project/test_files/000027.csv.v-society.README_TO_RESTORE
[4936] 754f2022b72da70 C /home/capstone/project/test_files/000226.txt.v-society.README_TO_RESTORE
[4936] 754f2022b72da70 O /home/capstone/project/test_files/000027.csv.v-society.README_TO_RESTORE
[4936] 754f2022b72da70 O /home/capstone/project/test_files/000226.txt.v-society.README_TO_RESTORE
[4936] 754f2022b72da70 C /home/capstone/project/test_files/000696.doc.v-society.README_TO_RESTORE
[4936] 754f2022b72da70 O /home/capstone/project/test_files/000696.doc.v-society.README_TO_RESTORE
[4936] 754f2022b72da70 O /home/capstone/project/test_files/000213.html
[4936] 754f2022b72da70 O /home/capstone/project/test_files/000213.html.v-society
[4936] 754f2022b72da70 O /home/capstone/project/test_files/000934.txt
[4936] 754f2022b72da70 O /home/capstone/project/test_files/000934.txt.v-society
[4936] 754f2022b72da70 C /home/capstone/project/test_files/000717.ppt.v-society.README_TO_RESTORE
[4936] 754f2022b72da70 O /home/capstone/project/test_files/000717.ppt.v-society.README_TO_RESTORE
[4936] 754f2022b72da70 C /home/capstone/project/test_files/000000.swf.v-society.README_TO_RESTORE
[4936] 754f2022b72da70 O /home/capstone/project/test_files/000000.swf.v-society.README_TO_RESTORE
[4936] 754f2022b72da70 O /home/capstone/project/test_files/000424.html
[4936] 754f2022b72da70 O /home/capstone/project/test_files/000424.html.v-society
[4936] 754f2022b72da70 O /home/capstone/project/test_files/000314.pdf
[4936] 754f2022b72da70 O /home/capstone/project/test_files/000314.pdf.v-society
[4936] 754f2022b72da70 C /home/capstone/project/test_files/000978.xml.v-society.README_TO_RESTORE
[4936] 754f2022b72da70 O /home/capstone/project/test_files/000978.xml.v-society.README_TO_RESTORE
[4936] 754f2022b72da70 O /home/capstone/project/test_files/000877.html
[4936] 754f2022b72da70 O /home/capstone/project/test_files/000393.xls
[4936] 754f2022b72da70 O /home/capstone/project/test_files/000877.html.v-society
[4936] 754f2022b72da70 O /home/capstone/project/test_files/000393.xls.v-society
[4936] 754f2022b72da70 C /home/capstone/project/test_files/000759.doc.v-society.README_TO_RESTORE
[4936] 754f2022b72da70 O /home/capstone/project/test_files/000759.doc.v-society.README_TO_RESTORE
[4936] 754f2022b72da70 C /home/capstone/project/test_files/000184.html.v-society.README_TO_RESTORE
[4936] 754f2022b72da70 O /home/capstone/project/test_files/000184.html.v-society.README_TO_RESTORE
[4936] 754f2022b72da70 O /home/capstone/project/test_files/000352.pdf
[4936] 754f2022b72da70 O /home/capstone/project/test_files/000352.pdf.v-society
[4936] 754f2022b72da70 O /home/capstone/project/test_files/000455.html
[4936] 754f2022b72da70 O /home/capstone/project/test_files/000455.html.v-society
[4936] 754f2022b72da70 C /home/capstone/project/test_files/000854.pdf.v-society.README_TO_RESTORE
[4936] 754f2022b72da70 O /home/capstone/project/test_files/000854.pdf.v-society.README_TO_RESTORE
[4936] 754f2022b72da70 C /home/capstone/project/test_files/000451.html.v-society.README_TO_RESTORE
[4936] 754f2022b72da70 O /home/capstone/project/test_files/000451.html.v-society.README_TO_RESTORE
[4936] 754f2022b72da70 O /home/capstone/project/test_files/000902.jpg
[4936] 754f2022b72da70 O /home/capstone/project/test_files/000902.jpg.v-society
[4936] 754f2022b72da70 C /home/capstone/project/test_files/000384.xls.v-society.README_TO_RESTORE
[4936] 754f2022b72da70 O /home/capstone/project/test_files/000384.xls.v-society.README_TO_RESTORE
[4936] 754f2022b72da70 O /home/capstone/project/test_files/000104.txt
[4936] 754f2022b72da70 O /home/capstone/project/test_files/000104.txt.v-society
[4936] 754f2022b72da70 O /home/capstone/project/test_files/000511.gif
[4936] 754f2022b72da70 O /home/capstone/project/test_files/000511.gif.v-society
[4936] 754f2022b72da70 C /home/capstone/project/test_files/000424.html.v-society.README_TO_RESTORE
[4936] 754f2022b72da70 C /home/capstone/project/test_files/000314.pdf.v-society.README_TO_RESTORE
[4936] 754f2022b72da70 O /home/capstone/project/test_files/000314.pdf.v-society.README_TO_RESTORE
[4936] 754f2022b72da70 O /home/capstone/project/test_files/000424.html.v-society.README_TO_RESTORE
[4936] 754f2022b72da70 C /home/capstone/project/test_files/000455.html.v-society.README_TO_RESTORE
[4936] 754f2022b72da70 O /home/capstone/project/test_files/000455.html.v-society.README_TO_RESTORE
[4936] 754f2022b72da70 O /home/capstone/project/test_files/000949.doc
[4936] 754f2022b72da70 O /home/capstone/project/test_files/000949.doc.v-society
[4936] 754f2022b72da70 O /home/capstone/project/test_files/000419.jpg
[4936] 754f2022b72da70 O /home/capstone/project/test_files/000419.jpg.v-society
[4936] 754f2022b72da70 C /home/capstone/project/test_files/000934.txt.v-society.README_TO_RESTORE
[4936] 754f2022b72da70 O /home/capstone/project/test_files/000934.txt.v-society.README_TO_RESTORE
[4936] 754f2022b72da70 O /home/capstone/project/test_files/000796.doc
[4936] 754f2022b72da70 O /home/capstone/project/test_files/000796.doc.v-society
[4936] 754f2022b72da70 C /home/capstone/project/test_files/000393.xls.v-society.README_TO_RESTORE
[4936] 754f2022b72da70 O /home/capstone/project/test_files/000393.xls.v-society.README_TO_RESTORE
[4936] 754f2022b72da70 C /home/capstone/project/test_files/000213.html.v-society.README_TO_RESTORE
[4936] 754f2022b72da70 C /home/capstone/project/test_files/000877.html.v-society.README_TO_RESTORE
[4936] 754f2022b72da70 O /home/capstone/project/test_files/000877.html.v-society.README_TO_RESTORE
[4936] 754f2022b72da70 O /home/capstone/project/test_files/000805.html
[4936] 754f2022b72da70 O /home/capstone/project/test_files/000805.html.v-society
[4936] 754f2022b72da70 O /home/capstone/project/test_files/000213.html.v-society.README_TO_RESTORE
[4936] 754f2022b72da70 C /home/capstone/project/test_files/000902.jpg.v-society.README_TO_RESTORE
[4936] 754f2022b72da70 O /home/capstone/project/test_files/000902.jpg.v-society.README_TO_RESTORE
[4936] 754f2022b72da70 O /home/capstone/project/test_files/000101.doc
[4936] 754f2022b72da70 O /home/capstone/project/test_files/000101.doc.v-society
[4936] 754f2022b72da70 O /home/capstone/project/test_files/000139.doc
[4936] 754f2022b72da70 O /home/capstone/project/test_files/000139.doc.v-society
[4936] 754f2022b72da70 O /home/capstone/project/test_files/000482.ps
[4936] 754f2022b72da70 O /home/capstone/project/test_files/000482.ps.v-society
[4936] 754f2022b72da70 C /home/capstone/project/test_files/000352.pdf.v-society.README_TO_RESTORE
[4936] 754f2022b72da70 O /home/capstone/project/test_files/000352.pdf.v-society.README_TO_RESTORE
[4936] 754f2022b72da70 C /home/capstone/project/test_files/000796.doc.v-society.README_TO_RESTORE
[4936] 754f2022b72da70 O /home/capstone/project/test_files/000796.doc.v-society.README_TO_RESTORE
[4936] 754f2022b72da70 C /home/capstone/project/test_files/000949.doc.v-society.README_TO_RESTORE
[4936] 754f2022b72da70 O /home/capstone/project/test_files/000949.doc.v-society.README_TO_RESTORE
[4936] 754f2022b72da70 O /home/capstone/project/test_files/000476.jpg
[4936] 754f2022b72da70 O /home/capstone/project/test_files/000476.jpg.v-society
[4936] 754f2022b72da70 C /home/capstone/project/test_files/000104.txt.v-society.README_TO_RESTORE
[4936] 754f2022b72da70 C /home/capstone/project/test_files/000419.jpg.v-society.README_TO_RESTORE
[4936] 754f2022b72da70 O /home/capstone/project/test_files/000104.txt.v-society.README_TO_RESTORE
[4936] 754f2022b72da70 O /home/capstone/project/test_files/000851.txt
[4936] 754f2022b72da70 O /home/capstone/project/test_files/000851.txt.v-society
[4936] 754f2022b72da70 O /home/capstone/project/test_files/000666.txt
[4936] 754f2022b72da70 O /home/capstone/project/test_files/000580.pdf
[4936] 754f2022b72da70 O /home/capstone/project/test_files/000666.txt.v-society
[4936] 754f2022b72da70 O /home/capstone/project/test_files/000580.pdf.v-society
[4936] 754f2022b72da70 O /home/capstone/project/test_files/000419.jpg.v-society.README_TO_RESTORE
[4936] 754f2022b72da70 O /home/capstone/project/test_files/000222.txt
[4936] 754f2022b72da70 O /home/capstone/project/test_files/000222.txt.v-society
[4936] 754f2022b72da70 O /home/capstone/project/test_files/000477.txt
[4936] 754f2022b72da70 O /home/capstone/project/test_files/000477.txt.v-society
[4936] 754f2022b72da70 C /home/capstone/project/test_files/000101.doc.v-society.README_TO_RESTORE
[4936] 754f2022b72da70 O /home/capstone/project/test_files/000101.doc.v-society.README_TO_RESTORE
[4936] 754f2022b72da70 O /home/capstone/project/test_files/000059.html
[4936] 754f2022b72da70 O /home/capstone/project/test_files/000059.html.v-society
[4936] 754f2022b72da70 C /home/capstone/project/test_files/000139.doc.v-society.README_TO_RESTORE
[4936] 754f2022b72da70 O /home/capstone/project/test_files/000139.doc.v-society.README_TO_RESTORE
[4936] 754f2022b72da70 C /home/capstone/project/test_files/000805.html.v-society.README_TO_RESTORE
[4936] 754f2022b72da70 O /home/capstone/project/test_files/000805.html.v-society.README_TO_RESTORE
[4936] 754f2022b72da70 C /home/capstone/project/test_files/000222.txt.v-society.README_TO_RESTORE
[4936] 754f2022b72da70 O /home/capstone/project/test_files/000222.txt.v-society.README_TO_RESTORE
[4936] 754f2022b72da70 O /home/capstone/project/test_files/000609.html
[4936] 754f2022b72da70 O /home/capstone/project/test_files/000609.html.v-society
[4936] 754f2022b72da70 C /home/capstone/project/test_files/000476.jpg.v-society.README_TO_RESTORE
[4936] 754f2022b72da70 O /home/capstone/project/test_files/000848.txt
[4936] 754f2022b72da70 O /home/capstone/project/test_files/000848.txt.v-society
[4936] 754f2022b72da70 O /home/capstone/project/test_files/000305.ppt
[4936] 754f2022b72da70 O /home/capstone/project/test_files/000305.ppt.v-society
[4936] 754f2022b72da70 O /home/capstone/project/test_files/000425.html
[4936] 754f2022b72da70 O /home/capstone/project/test_files/000425.html.v-society
[4936] 754f2022b72da70 O /home/capstone/project/test_files/000476.jpg.v-society.README_TO_RESTORE
[4936] 754f2022b72da70 C /home/capstone/project/test_files/000851.txt.v-society.README_TO_RESTORE
[4936] 754f2022b72da70 O /home/capstone/project/test_files/000851.txt.v-society.README_TO_RESTORE
[4936] 754f2022b72da70 C /home/capstone/project/test_files/000666.txt.v-society.README_TO_RESTORE
[4936] 754f2022b72da70 O /home/capstone/project/test_files/000666.txt.v-society.README_TO_RESTORE
[4936] 754f2022b72da70 C /home/capstone/project/test_files/000511.gif.v-society.README_TO_RESTORE
[4936] 754f2022b72da70 O /home/capstone/project/test_files/000076.html
[4936] 754f2022b72da70 O /home/capstone/project/test_files/000076.html.v-society
[4936] 754f2022b72da70 O /home/capstone/project/test_files/000511.gif.v-society.README_TO_RESTORE
[4936] 754f2022b72da70 O /home/capstone/project/test_files/000542.gif
[4936] 754f2022b72da70 O /home/capstone/project/test_files/000542.gif.v-society
[4936] 754f2022b72da70 C /home/capstone/project/test_files/000482.ps.v-society.README_TO_RESTORE
[4936] 754f2022b72da70 C /home/capstone/project/test_files/000305.ppt.v-society.README_TO_RESTORE
[4936] 754f2022b72da70 C /home/capstone/project/test_files/000477.txt.v-society.README_TO_RESTORE
[4936] 754f2022b72da70 O /home/capstone/project/test_files/000305.ppt.v-society.README_TO_RESTORE
[4936] 754f2022b72da70 O /home/capstone/project/test_files/000482.ps.v-society.README_TO_RESTORE
[4936] 754f2022b72da70 O /home/capstone/project/test_files/000477.txt.v-society.README_TO_RESTORE
[4936] 754f2022b72da70 C /home/capstone/project/test_files/000580.pdf.v-society.README_TO_RESTORE
[4936] 754f2022b72da70 O /home/capstone/project/test_files/000580.pdf.v-society.README_TO_RESTORE
[4936] 754f2022b72da70 C /home/capstone/project/test_files/000848.txt.v-society.README_TO_RESTORE
[4936] 754f2022b72da70 O /home/capstone/project/test_files/000848.txt.v-society.README_TO_RESTORE
[4936] 754f2022b72da70 C /home/capstone/project/test_files/000059.html.v-society.README_TO_RESTORE
[4936] 754f2022b72da70 O /home/capstone/project/test_files/000059.html.v-society.README_TO_RESTORE
[4936] 754f2022b72da70 O /home/capstone/project/test_files/000956.pdf
[4936] 754f2022b72da70 O /home/capstone/project/test_files/000956.pdf.v-society
[4936] 754f2022b72da70 O /home/capstone/project/test_files/000803.rtf
[4936] 754f2022b72da70 O /home/capstone/project/test_files/000803.rtf.v-society
[4936] 754f2022b72da70 O /home/capstone/project/test_files/000987.ppt
[4936] 754f2022b72da70 O /home/capstone/project/test_files/000987.ppt.v-society
[4936] 754f2022b72da70 O /home/capstone/project/test_files/000457.html
[4936] 754f2022b72da70 O /home/capstone/project/test_files/000457.html.v-society
[4936] 754f2022b72da70 O /home/capstone/project/test_files/000940.txt
[4936] 754f2022b72da70 O /home/capstone/project/test_files/000940.txt.v-society
[4936] 754f2022b72da70 C /home/capstone/project/test_files/000425.html.v-society.README_TO_RESTORE
[4936] 754f2022b72da70 O /home/capstone/project/test_files/000425.html.v-society.README_TO_RESTORE
[4936] 754f2022b72da70 O /home/capstone/project/test_files/000319.ppt
[4936] 754f2022b72da70 O /home/capstone/project/test_files/000319.ppt.v-society
[4936] 754f2022b72da70 O /home/capstone/project/test_files/000628.pdf
[4936] 754f2022b72da70 O /home/capstone/project/test_files/000628.pdf.v-society
[4936] 754f2022b72da70 C /home/capstone/project/test_files/000609.html.v-society.README_TO_RESTORE
[4936] 754f2022b72da70 O /home/capstone/project/test_files/000609.html.v-society.README_TO_RESTORE
[4936] 754f2022b72da70 C /home/capstone/project/test_files/000457.html.v-society.README_TO_RESTORE
[4936] 754f2022b72da70 O /home/capstone/project/test_files/000457.html.v-society.README_TO_RESTORE
[4936] 754f2022b72da70 C /home/capstone/project/test_files/000319.ppt.v-society.README_TO_RESTORE
[4936] 754f2022b72da70 O /home/capstone/project/test_files/000319.ppt.v-society.README_TO_RESTORE
[4936] 754f2022b72da70 O /home/capstone/project/test_files/000608.html
[4936] 754f2022b72da70 O /home/capstone/project/test_files/000608.html.v-society
[4936] 754f2022b72da70 O /home/capstone/project/test_files/000994.ppt
[4936] 754f2022b72da70 O /home/capstone/project/test_files/000933.txt
[4936] 754f2022b72da70 O /home/capstone/project/test_files/000994.ppt.v-society
[4936] 754f2022b72da70 C /home/capstone/project/test_files/000076.html.v-society.README_TO_RESTORE
[4936] 754f2022b72da70 O /home/capstone/project/test_files/000076.html.v-society.README_TO_RESTORE
[4936] 754f2022b72da70 C /home/capstone/project/test_files/000542.gif.v-society.README_TO_RESTORE
[4936] 754f2022b72da70 O /home/capstone/project/test_files/000933.txt.v-society
[4936] 754f2022b72da70 C /home/capstone/project/test_files/000803.rtf.v-society.README_TO_RESTORE
[4936] 754f2022b72da70 O /home/capstone/project/test_files/000803.rtf.v-society.README_TO_RESTORE
[4936] 754f2022b72da70 O /home/capstone/project/test_files/000542.gif.v-society.README_TO_RESTORE
[4936] 754f2022b72da70 C /home/capstone/project/test_files/000608.html.v-society.README_TO_RESTORE
[4936] 754f2022b72da70 O /home/capstone/project/test_files/000608.html.v-society.README_TO_RESTORE
[4936] 754f2022b72da70 O /home/capstone/project/test_files/000096.txt
[4936] 754f2022b72da70 O /home/capstone/project/test_files/000096.txt.v-society
[4936] 754f2022b72da70 C /home/capstone/project/test_files/000956.pdf.v-society.README_TO_RESTORE
[4936] 754f2022b72da70 O /home/capstone/project/test_files/000956.pdf.v-society.README_TO_RESTORE
[4936] 754f2022b72da70 O /home/capstone/project/test_files/000289.ppt
[4936] 754f2022b72da70 O /home/capstone/project/test_files/000289.ppt.v-society
[4936] 754f2022b72da70 O /home/capstone/project/test_files/000516.jpg
[4936] 754f2022b72da70 C /home/capstone/project/test_files/000987.ppt.v-society.README_TO_RESTORE
[4936] 754f2022b72da70 O /home/capstone/project/test_files/000516.jpg.v-society
[4936] 754f2022b72da70 O /home/capstone/project/test_files/000118.doc
[4936] 754f2022b72da70 O /home/capstone/project/test_files/000118.doc.v-society
[4936] 754f2022b72da70 O /home/capstone/project/test_files/000987.ppt.v-society.README_TO_RESTORE
[4936] 754f2022b72da70 C /home/capstone/project/test_files/000628.pdf.v-society.README_TO_RESTORE
[4936] 754f2022b72da70 O /home/capstone/project/test_files/000628.pdf.v-society.README_TO_RESTORE
[4936] 754f2022b72da70 O /home/capstone/project/test_files/000863.txt
[4936] 754f2022b72da70 O /home/capstone/project/test_files/000863.txt.v-society
[4936] 754f2022b72da70 O /home/capstone/project/test_files/000721.csv
[4936] 754f2022b72da70 C /home/capstone/project/test_files/000118.doc.v-society.README_TO_RESTORE
[4936] 754f2022b72da70 O /home/capstone/project/test_files/000721.csv.v-society
[4936] 754f2022b72da70 O /home/capstone/project/test_files/000365.pdf
[4936] 754f2022b72da70 O /home/capstone/project/test_files/000365.pdf.v-society
[4936] 754f2022b72da70 O /home/capstone/project/test_files/000118.doc.v-society.README_TO_RESTORE
[4936] 754f2022b72da70 O /home/capstone/project/test_files/000687.doc
[4936] 754f2022b72da70 O /home/capstone/project/test_files/000687.doc.v-society
[4936] 754f2022b72da70 C /home/capstone/project/test_files/000940.txt.v-society.README_TO_RESTORE
[4936] 754f2022b72da70 O /home/capstone/project/test_files/000940.txt.v-society.README_TO_RESTORE
[4936] 754f2022b72da70 O /home/capstone/project/test_files/000117.rtf
[4936] 754f2022b72da70 O /home/capstone/project/test_files/000117.rtf.v-society
[4936] 754f2022b72da70 O /home/capstone/project/test_files/000557.ppt
[4936] 754f2022b72da70 O /home/capstone/project/test_files/000557.ppt.v-society
[4936] 754f2022b72da70 C /home/capstone/project/test_files/000933.txt.v-society.README_TO_RESTORE
[4936] 754f2022b72da70 O /home/capstone/project/test_files/000933.txt.v-society.README_TO_RESTORE
[4936] 754f2022b72da70 C /home/capstone/project/test_files/000096.txt.v-society.README_TO_RESTORE
[4936] 754f2022b72da70 O /home/capstone/project/test_files/000096.txt.v-society.README_TO_RESTORE
[4936] 754f2022b72da70 C /home/capstone/project/test_files/000516.jpg.v-society.README_TO_RESTORE
[4936] 754f2022b72da70 O /home/capstone/project/test_files/000516.jpg.v-society.README_TO_RESTORE
[4936] 754f2022b72da70 C /home/capstone/project/test_files/000994.ppt.v-society.README_TO_RESTORE
[4936] 754f2022b72da70 O /home/capstone/project/test_files/000994.ppt.v-society.README_TO_RESTORE
[4936] 754f2022b72da70 O /home/capstone/project/test_files/000703.xml
[4936] 754f2022b72da70 O /home/capstone/project/test_files/000703.xml.v-society
[4936] 754f2022b72da70 C /home/capstone/project/test_files/000687.doc.v-society.README_TO_RESTORE
[4936] 754f2022b72da70 O /home/capstone/project/test_files/000687.doc.v-society.README_TO_RESTORE
[4936] 754f2022b72da70 C /home/capstone/project/test_files/000863.txt.v-society.README_TO_RESTORE
[4936] 754f2022b72da70 O /home/capstone/project/test_files/000863.txt.v-society.README_TO_RESTORE
[4936] 754f2022b72da70 C /home/capstone/project/test_files/000365.pdf.v-society.README_TO_RESTORE
[4936] 754f2022b72da70 C /home/capstone/project/test_files/000557.ppt.v-society.README_TO_RESTORE
[4936] 754f2022b72da70 O /home/capstone/project/test_files/000365.pdf.v-society.README_TO_RESTORE
[4936] 754f2022b72da70 C /home/capstone/project/test_files/000289.ppt.v-society.README_TO_RESTORE
[4936] 754f2022b72da70 O /home/capstone/project/test_files/000289.ppt.v-society.README_TO_RESTORE
[4936] 754f2022b72da70 C /home/capstone/project/test_files/000721.csv.v-society.README_TO_RESTORE
[4936] 754f2022b72da70 O /home/capstone/project/test_files/000721.csv.v-society.README_TO_RESTORE
[4936] 754f2022b72da70 C /home/capstone/project/test_files/000117.rtf.v-society.README_TO_RESTORE
[4936] 754f2022b72da70 O /home/capstone/project/test_files/000117.rtf.v-society.README_TO_RESTORE
[4936] 754f2022b72da70 O /home/capstone/project/test_files/000583.pdf
[4936] 754f2022b72da70 O /home/capstone/project/test_files/000583.pdf.v-society
[4936] 754f2022b72da70 O /home/capstone/project/test_files/000642.txt
[4936] 754f2022b72da70 O /home/capstone/project/test_files/000642.txt.v-society
[4936] 754f2022b72da70 O /home/capstone/project/test_files/000409.html
[4936] 754f2022b72da70 O /home/capstone/project/test_files/000409.html.v-society
[4936] 754f2022b72da70 O /home/capstone/project/test_files/000984.ppt
[4936] 754f2022b72da70 O /home/capstone/project/test_files/000984.ppt.v-society
[4936] 754f2022b72da70 O /home/capstone/project/test_files/000625.txt
[4936] 754f2022b72da70 O /home/capstone/project/test_files/000625.txt.v-society
[4936] 754f2022b72da70 O /home/capstone/project/test_files/000833.txt
[4936] 754f2022b72da70 O /home/capstone/project/test_files/000833.txt.v-society
[4936] 754f2022b72da70 O /home/capstone/project/test_files/000318.ppt
[4936] 754f2022b72da70 O /home/capstone/project/test_files/000557.ppt.v-society.README_TO_RESTORE
[4936] 754f2022b72da70 O /home/capstone/project/test_files/000318.ppt.v-society
[4936] 754f2022b72da70 C /home/capstone/project/test_files/000642.txt.v-society.README_TO_RESTORE
[4936] 754f2022b72da70 O /home/capstone/project/test_files/000642.txt.v-society.README_TO_RESTORE
[4936] 754f2022b72da70 O /home/capstone/project/test_files/000193.html
[4936] 754f2022b72da70 O /home/capstone/project/test_files/000193.html.v-society
[4936] 754f2022b72da70 C /home/capstone/project/test_files/000703.xml.v-society.README_TO_RESTORE
[4936] 754f2022b72da70 O /home/capstone/project/test_files/000703.xml.v-society.README_TO_RESTORE
[4936] 754f2022b72da70 C /home/capstone/project/test_files/000625.txt.v-society.README_TO_RESTORE
[4936] 754f2022b72da70 O /home/capstone/project/test_files/000625.txt.v-society.README_TO_RESTORE
[4936] 754f2022b72da70 O /home/capstone/project/test_files/000584.pdf
[4936] 754f2022b72da70 O /home/capstone/project/test_files/000584.pdf.v-society
[4936] 754f2022b72da70 O /home/capstone/project/test_files/000756.csv
[4936] 754f2022b72da70 O /home/capstone/project/test_files/000756.csv.v-society
[4936] 754f2022b72da70 O /home/capstone/project/test_files/000710.ppt
[4936] 754f2022b72da70 O /home/capstone/project/test_files/000710.ppt.v-society
[4936] 754f2022b72da70 O /home/capstone/project/test_files/000212.html
[4936] 754f2022b72da70 O /home/capstone/project/test_files/000212.html.v-society
[4936] 754f2022b72da70 C /home/capstone/project/test_files/000409.html.v-society.README_TO_RESTORE
[4936] 754f2022b72da70 O /home/capstone/project/test_files/000409.html.v-society.README_TO_RESTORE
[4936] 754f2022b72da70 C /home/capstone/project/test_files/000583.pdf.v-society.README_TO_RESTORE
[4936] 754f2022b72da70 O /home/capstone/project/test_files/000583.pdf.v-society.README_TO_RESTORE
[4936] 754f2022b72da70 O /home/capstone/project/test_files/000449.html
[4936] 754f2022b72da70 O /home/capstone/project/test_files/000449.html.v-society
[4936] 754f2022b72da70 O /home/capstone/project/test_files/000875.html
[4936] 754f2022b72da70 O /home/capstone/project/test_files/000875.html.v-society
[4936] 754f2022b72da70 C /home/capstone/project/test_files/000318.ppt.v-society.README_TO_RESTORE
[4936] 754f2022b72da70 O /home/capstone/project/test_files/000318.ppt.v-society.README_TO_RESTORE
[4936] 754f2022b72da70 O /home/capstone/project/test_files/000241.gif
[4936] 754f2022b72da70 O /home/capstone/project/test_files/000241.gif.v-society
[4936] 754f2022b72da70 O /home/capstone/project/test_files/000428.html
[4936] 754f2022b72da70 O /home/capstone/project/test_files/000428.html.v-society
[4936] 754f2022b72da70 C /home/capstone/project/test_files/000193.html.v-society.README_TO_RESTORE
[4936] 754f2022b72da70 O /home/capstone/project/test_files/000193.html.v-society.README_TO_RESTORE
[4936] 754f2022b72da70 O /home/capstone/project/test_files/000488.unk
[4936] 754f2022b72da70 O /home/capstone/project/test_files/000488.unk.v-society
[4936] 754f2022b72da70 O /home/capstone/project/test_files/000216.html
[4936] 754f2022b72da70 O /home/capstone/project/test_files/000216.html.v-society
[4936] 754f2022b72da70 C /home/capstone/project/test_files/000984.ppt.v-society.README_TO_RESTORE
[4936] 754f2022b72da70 O /home/capstone/project/test_files/000984.ppt.v-society.README_TO_RESTORE
[4936] 754f2022b72da70 C /home/capstone/project/test_files/000833.txt.v-society.README_TO_RESTORE
[4936] 754f2022b72da70 C /home/capstone/project/test_files/000756.csv.v-society.README_TO_RESTORE
[4936] 754f2022b72da70 O /home/capstone/project/test_files/000756.csv.v-society.README_TO_RESTORE
[4936] 754f2022b72da70 O /home/capstone/project/test_files/000833.txt.v-society.README_TO_RESTORE
[4936] 754f2022b72da70 C /home/capstone/project/test_files/000875.html.v-society.README_TO_RESTORE
[4936] 754f2022b72da70 O /home/capstone/project/test_files/000875.html.v-society.README_TO_RESTORE
[4936] 754f2022b72da70 O /home/capstone/project/test_files/000433.html
[4936] 754f2022b72da70 O /home/capstone/project/test_files/000433.html.v-society
[4936] 754f2022b72da70 O /home/capstone/project/test_files/000332.pdf
[4936] 754f2022b72da70 O /home/capstone/project/test_files/000332.pdf.v-society
[4936] 754f2022b72da70 C /home/capstone/project/test_files/000710.ppt.v-society.README_TO_RESTORE
[4936] 754f2022b72da70 O /home/capstone/project/test_files/000710.ppt.v-society.README_TO_RESTORE
[4936] 754f2022b72da70 C /home/capstone/project/test_files/000584.pdf.v-society.README_TO_RESTORE
[4936] 754f2022b72da70 O /home/capstone/project/test_files/000584.pdf.v-society.README_TO_RESTORE
[4936] 754f2022b72da70 C /home/capstone/project/test_files/000241.gif.v-society.README_TO_RESTORE
[4936] 754f2022b72da70 O /home/capstone/project/test_files/000241.gif.v-society.README_TO_RESTORE
[4936] 754f2022b72da70 C /home/capstone/project/test_files/000488.unk.v-society.README_TO_RESTORE
[4936] 754f2022b72da70 O /home/capstone/project/test_files/000488.unk.v-society.README_TO_RESTORE
[4936] 754f2022b72da70 C /home/capstone/project/test_files/000449.html.v-society.README_TO_RESTORE
[4936] 754f2022b72da70 O /home/capstone/project/test_files/000449.html.v-society.README_TO_RESTORE
[4936] 754f2022b72da70 C /home/capstone/project/test_files/000332.pdf.v-society.README_TO_RESTORE
[4936] 754f2022b72da70 O /home/capstone/project/test_files/000743.log
[4936] 754f2022b72da70 O /home/capstone/project/test_files/000743.log.v-society
[4936] 754f2022b72da70 O /home/capstone/project/test_files/000969.jpg
[4936] 754f2022b72da70 O /home/capstone/project/test_files/000969.jpg.v-society
[4936] 754f2022b72da70 O /home/capstone/project/test_files/000901.pdf
[4936] 754f2022b72da70 O /home/capstone/project/test_files/000901.pdf.v-society
[4936] 754f2022b72da70 C /home/capstone/project/test_files/000216.html.v-society.README_TO_RESTORE
[4936] 754f2022b72da70 O /home/capstone/project/test_files/000216.html.v-society.README_TO_RESTORE
[4936] 754f2022b72da70 O /home/capstone/project/test_files/000332.pdf.v-society.README_TO_RESTORE
[4936] 754f2022b72da70 C /home/capstone/project/test_files/000433.html.v-society.README_TO_RESTORE
[4936] 754f2022b72da70 O /home/capstone/project/test_files/000433.html.v-society.README_TO_RESTORE
[4936] 754f2022b72da70 C /home/capstone/project/test_files/000428.html.v-society.README_TO_RESTORE
[4936] 754f2022b72da70 C /home/capstone/project/test_files/000743.log.v-society.README_TO_RESTORE
[4936] 754f2022b72da70 C /home/capstone/project/test_files/000212.html.v-society.README_TO_RESTORE
[4936] 754f2022b72da70 O /home/capstone/project/test_files/000529.gif
[4936] 754f2022b72da70 O /home/capstone/project/test_files/000334.pdf
[4936] 754f2022b72da70 O /home/capstone/project/test_files/000353.pdf
[4936] 754f2022b72da70 O /home/capstone/project/test_files/000034.xls
[4936] 754f2022b72da70 O /home/capstone/project/test_files/000428.html.v-society.README_TO_RESTORE
[4936] 754f2022b72da70 O /home/capstone/project/test_files/000743.log.v-society.README_TO_RESTORE
[4936] 754f2022b72da70 O /home/capstone/project/test_files/000206.html
[4936] 754f2022b72da70 O /home/capstone/project/test_files/000206.html.v-society
[4936] 754f2022b72da70 O /home/capstone/project/test_files/000701.doc
[4936] 754f2022b72da70 O /home/capstone/project/test_files/000701.doc.v-society
[4936] 754f2022b72da70 C /home/capstone/project/test_files/000969.jpg.v-society.README_TO_RESTORE
[4936] 754f2022b72da70 O /home/capstone/project/test_files/000212.html.v-society.README_TO_RESTORE
[4936] 754f2022b72da70 O /home/capstone/project/test_files/000529.gif.v-society
[4936] 754f2022b72da70 O /home/capstone/project/test_files/000969.jpg.v-society.README_TO_RESTORE
[4936] 754f2022b72da70 C /home/capstone/project/test_files/000901.pdf.v-society.README_TO_RESTORE
[4936] 754f2022b72da70 O /home/capstone/project/test_files/000901.pdf.v-society.README_TO_RESTORE
[4936] 754f2022b72da70 O /home/capstone/project/test_files/000592.pdf
[4936] 754f2022b72da70 O /home/capstone/project/test_files/000592.pdf.v-society
[4936] 754f2022b72da70 O /home/capstone/project/test_files/000069.html
[4936] 754f2022b72da70 O /home/capstone/project/test_files/000069.html.v-society
[4936] 754f2022b72da70 O /home/capstone/project/test_files/000334.pdf.v-society
[4936] 754f2022b72da70 O /home/capstone/project/test_files/000353.pdf.v-society
[4936] 754f2022b72da70 O /home/capstone/project/test_files/000034.xls.v-society
[4936] 754f2022b72da70 O /home/capstone/project/test_files/000778.xls
[4936] 754f2022b72da70 O /home/capstone/project/test_files/000778.xls.v-society
[4936] 754f2022b72da70 O /home/capstone/project/test_files/000855.txt
[4936] 754f2022b72da70 O /home/capstone/project/test_files/000855.txt.v-society
[4936] 754f2022b72da70 O /home/capstone/project/test_files/000572.pdf
[4936] 754f2022b72da70 O /home/capstone/project/test_files/000572.pdf.v-society
[4936] 754f2022b72da70 C /home/capstone/project/test_files/000334.pdf.v-society.README_TO_RESTORE
[4936] 754f2022b72da70 O /home/capstone/project/test_files/000334.pdf.v-society.README_TO_RESTORE
[4936] 754f2022b72da70 C /home/capstone/project/test_files/000206.html.v-society.README_TO_RESTORE
[4936] 754f2022b72da70 O /home/capstone/project/test_files/000206.html.v-society.README_TO_RESTORE
[4936] 754f2022b72da70 C /home/capstone/project/test_files/000529.gif.v-society.README_TO_RESTORE
[4936] 754f2022b72da70 O /home/capstone/project/test_files/000529.gif.v-society.README_TO_RESTORE
[4936] 754f2022b72da70 O /home/capstone/project/test_files/000022.pdf
[4936] 754f2022b72da70 O /home/capstone/project/test_files/000022.pdf.v-society
[4936] 754f2022b72da70 O /home/capstone/project/test_files/000845.swf
[4936] 754f2022b72da70 O /home/capstone/project/test_files/000845.swf.v-society
[4936] 754f2022b72da70 O /home/capstone/project/test_files/000071.html
[4936] 754f2022b72da70 O /home/capstone/project/test_files/000071.html.v-society
[4936] 754f2022b72da70 C /home/capstone/project/test_files/000778.xls.v-society.README_TO_RESTORE
[4936] 754f2022b72da70 O /home/capstone/project/test_files/000778.xls.v-society.README_TO_RESTORE
[4936] 754f2022b72da70 C /home/capstone/project/test_files/000353.pdf.v-society.README_TO_RESTORE
[4936] 754f2022b72da70 O /home/capstone/project/test_files/000353.pdf.v-society.README_TO_RESTORE
[4936] 754f2022b72da70 C /home/capstone/project/test_files/000701.doc.v-society.README_TO_RESTORE
[4936] 754f2022b72da70 O /home/capstone/project/test_files/000701.doc.v-society.README_TO_RESTORE
[4936] 754f2022b72da70 C /home/capstone/project/test_files/000572.pdf.v-society.README_TO_RESTORE
[4936] 754f2022b72da70 O /home/capstone/project/test_files/000572.pdf.v-society.README_TO_RESTORE
[4936] 754f2022b72da70 O /home/capstone/project/test_files/000320.ppt
[4936] 754f2022b72da70 O /home/capstone/project/test_files/000320.ppt.v-society
[4936] 754f2022b72da70 C /home/capstone/project/test_files/000071.html.v-society.README_TO_RESTORE
[4936] 754f2022b72da70 O /home/capstone/project/test_files/000071.html.v-society.README_TO_RESTORE
[4936] 754f2022b72da70 C /home/capstone/project/test_files/000592.pdf.v-society.README_TO_RESTORE
[4936] 754f2022b72da70 O /home/capstone/project/test_files/000592.pdf.v-society.README_TO_RESTORE
[4936] 754f2022b72da70 O /home/capstone/project/test_files/000165.ppt
[4936] 754f2022b72da70 C /home/capstone/project/test_files/000069.html.v-society.README_TO_RESTORE
[4936] 754f2022b72da70 O /home/capstone/project/test_files/000165.ppt.v-society
[4936] 754f2022b72da70 O /home/capstone/project/test_files/000069.html.v-society.README_TO_RESTORE
[4936] 754f2022b72da70 O /home/capstone/project/test_files/000530.gif
[4936] 754f2022b72da70 O /home/capstone/project/test_files/000530.gif.v-society
[4936] 754f2022b72da70 O /home/capstone/project/test_files/000970.doc
[4936] 754f2022b72da70 O /home/capstone/project/test_files/000970.doc.v-society
[4936] 754f2022b72da70 O /home/capstone/project/test_files/000004.doc
[4936] 754f2022b72da70 O /home/capstone/project/test_files/000004.doc.v-society
[4936] 754f2022b72da70 O /home/capstone/project/test_files/000460.txt
[4936] 754f2022b72da70 O /home/capstone/project/test_files/000460.txt.v-society
[4936] 754f2022b72da70 O /home/capstone/project/test_files/000039.xml
[4936] 754f2022b72da70 C /home/capstone/project/test_files/000034.xls.v-society.README_TO_RESTORE
[4936] 754f2022b72da70 O /home/capstone/project/test_files/000039.xml.v-society
[4936] 754f2022b72da70 O /home/capstone/project/test_files/000034.xls.v-society.README_TO_RESTORE
[4936] 754f2022b72da70 O /home/capstone/project/test_files/000629.pdf
[4936] 754f2022b72da70 O /home/capstone/project/test_files/000629.pdf.v-society
[4936] 754f2022b72da70 C /home/capstone/project/test_files/000530.gif.v-society.README_TO_RESTORE
[4936] 754f2022b72da70 O /home/capstone/project/test_files/000530.gif.v-society.README_TO_RESTORE
[4936] 754f2022b72da70 C /home/capstone/project/test_files/000022.pdf.v-society.README_TO_RESTORE
[4936] 754f2022b72da70 O /home/capstone/project/test_files/000022.pdf.v-society.README_TO_RESTORE
[4936] 754f2022b72da70 C /home/capstone/project/test_files/000855.txt.v-society.README_TO_RESTORE
[4936] 754f2022b72da70 O /home/capstone/project/test_files/000855.txt.v-society.README_TO_RESTORE
[4936] 754f2022b72da70 C /home/capstone/project/test_files/000165.ppt.v-society.README_TO_RESTORE
[4936] 754f2022b72da70 O /home/capstone/project/test_files/000165.ppt.v-society.README_TO_RESTORE
[4936] 754f2022b72da70 O /home/capstone/project/test_files/000804.doc
[4936] 754f2022b72da70 O /home/capstone/project/test_files/000804.doc.v-society
[4936] 754f2022b72da70 O /home/capstone/project/test_files/000186.html
[4936] 754f2022b72da70 O /home/capstone/project/test_files/000186.html.v-society
[4936] 754f2022b72da70 C /home/capstone/project/test_files/000320.ppt.v-society.README_TO_RESTORE
[4936] 754f2022b72da70 O /home/capstone/project/test_files/000320.ppt.v-society.README_TO_RESTORE
[4936] 754f2022b72da70 C /home/capstone/project/test_files/000970.doc.v-society.README_TO_RESTORE
[4936] 754f2022b72da70 O /home/capstone/project/test_files/000970.doc.v-society.README_TO_RESTORE
[4936] 754f2022b72da70 C /home/capstone/project/test_files/000004.doc.v-society.README_TO_RESTORE
[4936] 754f2022b72da70 O /home/capstone/project/test_files/000004.doc.v-society.README_TO_RESTORE
[4936] 754f2022b72da70 C /home/capstone/project/test_files/000845.swf.v-society.README_TO_RESTORE
[4936] 754f2022b72da70 O /home/capstone/project/test_files/000845.swf.v-society.README_TO_RESTORE
[4936] 754f2022b72da70 C /home/capstone/project/test_files/000460.txt.v-society.README_TO_RESTORE
[4936] 754f2022b72da70 O /home/capstone/project/test_files/000460.txt.v-society.README_TO_RESTORE
[4936] 754f2022b72da70 O /home/capstone/project/test_files/000132.doc
[4936] 754f2022b72da70 O /home/capstone/project/test_files/000132.doc.v-society
[4936] 754f2022b72da70 C /home/capstone/project/test_files/000039.xml.v-society.README_TO_RESTORE
[4936] 754f2022b72da70 O /home/capstone/project/test_files/000039.xml.v-society.README_TO_RESTORE
[4936] 754f2022b72da70 O /home/capstone/project/test_files/000617.html
[4936] 754f2022b72da70 O /home/capstone/project/test_files/000617.html.v-society
[4936] 754f2022b72da70 O /home/capstone/project/test_files/000720.ppt
[4936] 754f2022b72da70 O /home/capstone/project/test_files/000633.xls
[4936] 754f2022b72da70 O /home/capstone/project/test_files/000720.ppt.v-society
[4936] 754f2022b72da70 C /home/capstone/project/test_files/000629.pdf.v-society.README_TO_RESTORE
[4936] 754f2022b72da70 O /home/capstone/project/test_files/000629.pdf.v-society.README_TO_RESTORE
[4936] 754f2022b72da70 O /home/capstone/project/test_files/000633.xls.v-society
[4936] 754f2022b72da70 C /home/capstone/project/test_files/000804.doc.v-society.README_TO_RESTORE
[4936] 754f2022b72da70 O /home/capstone/project/test_files/000804.doc.v-society.README_TO_RESTORE
[4936] 754f2022b72da70 C /home/capstone/project/test_files/000186.html.v-society.README_TO_RESTORE
[4936] 754f2022b72da70 O /home/capstone/project/test_files/000186.html.v-society.README_TO_RESTORE
[4936] 754f2022b72da70 C /home/capstone/project/test_files/000720.ppt.v-society.README_TO_RESTORE
[4936] 754f2022b72da70 O /home/capstone/project/test_files/000720.ppt.v-society.README_TO_RESTORE
[4936] 754f2022b72da70 C /home/capstone/project/test_files/000617.html.v-society.README_TO_RESTORE
[4936] 754f2022b72da70 O /home/capstone/project/test_files/000617.html.v-society.README_TO_RESTORE
[4936] 754f2022b72da70 O /home/capstone/project/test_files/000223.f
[4936] 754f2022b72da70 O /home/capstone/project/test_files/000223.f.v-society
[4936] 754f2022b72da70 O /home/capstone/project/test_files/000754.gz
[4936] 754f2022b72da70 O /home/capstone/project/test_files/000754.gz.v-society
[4936] 754f2022b72da70 O /home/capstone/project/test_files/000007.doc
[4936] 754f2022b72da70 O /home/capstone/project/test_files/000007.doc.v-society
[4936] 754f2022b72da70 C /home/capstone/project/test_files/000132.doc.v-society.README_TO_RESTORE
[4936] 754f2022b72da70 O /home/capstone/project/test_files/000132.doc.v-society.README_TO_RESTORE
[4936] 754f2022b72da70 O /home/capstone/project/test_files/000122.doc
[4936] 754f2022b72da70 O /home/capstone/project/test_files/000122.doc.v-society
[4936] 754f2022b72da70 O /home/capstone/project/test_files/000771.doc
[4936] 754f2022b72da70 O /home/capstone/project/test_files/000771.doc.v-society
[4936] 754f2022b72da70 O /home/capstone/project/test_files/000442.html
[4936] 754f2022b72da70 O /home/capstone/project/test_files/000442.html.v-society
[4936] 754f2022b72da70 O /home/capstone/project/test_files/000269.pdf
[4936] 754f2022b72da70 O /home/capstone/project/test_files/000269.pdf.v-society
[4936] 754f2022b72da70 O /home/capstone/project/test_files/000981.doc
[4936] 754f2022b72da70 O /home/capstone/project/test_files/000981.doc.v-society
[4936] 754f2022b72da70 O /home/capstone/project/test_files/000499.txt
[4936] 754f2022b72da70 O /home/capstone/project/test_files/000499.txt.v-society
[4936] 754f2022b72da70 C /home/capstone/project/test_files/000633.xls.v-society.README_TO_RESTORE
[4936] 754f2022b72da70 O /home/capstone/project/test_files/000633.xls.v-society.README_TO_RESTORE
[4936] 754f2022b72da70 C /home/capstone/project/test_files/000754.gz.v-society.README_TO_RESTORE
[4936] 754f2022b72da70 O /home/capstone/project/test_files/000754.gz.v-society.README_TO_RESTORE
[4936] 754f2022b72da70 C /home/capstone/project/test_files/000122.doc.v-society.README_TO_RESTORE
[4936] 754f2022b72da70 O /home/capstone/project/test_files/000122.doc.v-society.README_TO_RESTORE
[4936] 754f2022b72da70 C /home/capstone/project/test_files/000771.doc.v-society.README_TO_RESTORE
[4936] 754f2022b72da70 O /home/capstone/project/test_files/000771.doc.v-society.README_TO_RESTORE
[4936] 754f2022b72da70 C /home/capstone/project/test_files/000442.html.v-society.README_TO_RESTORE
[4936] 754f2022b72da70 O /home/capstone/project/test_files/000442.html.v-society.README_TO_RESTORE
[4936] 754f2022b72da70 C /home/capstone/project/test_files/000007.doc.v-society.README_TO_RESTORE
[4936] 754f2022b72da70 O /home/capstone/project/test_files/000007.doc.v-society.README_TO_RESTORE
[4936] 754f2022b72da70 O /home/capstone/project/test_files/000224.txt
[4936] 754f2022b72da70 O /home/capstone/project/test_files/000976.doc
[4936] 754f2022b72da70 O /home/capstone/project/test_files/000224.txt.v-society
[4936] 754f2022b72da70 O /home/capstone/project/test_files/000976.doc.v-society
[4936] 754f2022b72da70 O /home/capstone/project/test_files/000735.html
[4936] 754f2022b72da70 O /home/capstone/project/test_files/000735.html.v-society
[4936] 754f2022b72da70 O /home/capstone/project/test_files/000995.ppt
[4936] 754f2022b72da70 O /home/capstone/project/test_files/000995.ppt.v-society
[4936] 754f2022b72da70 C /home/capstone/project/test_files/000223.f.v-society.README_TO_RESTORE
[4936] 754f2022b72da70 O /home/capstone/project/test_files/000223.f.v-society.README_TO_RESTORE
[4936] 754f2022b72da70 O /home/capstone/project/test_files/000714.ppt
[4936] 754f2022b72da70 O /home/capstone/project/test_files/000714.ppt.v-society
[4936] 754f2022b72da70 O /home/capstone/project/test_files/000699.log
[4936] 754f2022b72da70 O /home/capstone/project/test_files/000699.log.v-society
[4936] 754f2022b72da70 O /home/capstone/project/test_files/000410.html
[4936] 754f2022b72da70 O /home/capstone/project/test_files/000410.html.v-society
[4936] 754f2022b72da70 C /home/capstone/project/test_files/000499.txt.v-society.README_TO_RESTORE
[4936] 754f2022b72da70 O /home/capstone/project/test_files/000499.txt.v-society.README_TO_RESTORE
[4936] 754f2022b72da70 C /home/capstone/project/test_files/000269.pdf.v-society.README_TO_RESTORE
[4936] 754f2022b72da70 O /home/capstone/project/test_files/000269.pdf.v-society.README_TO_RESTORE
[4936] 754f2022b72da70 C /home/capstone/project/test_files/000714.ppt.v-society.README_TO_RESTORE
[4936] 754f2022b72da70 O /home/capstone/project/test_files/000714.ppt.v-society.README_TO_RESTORE
[4936] 754f2022b72da70 C /home/capstone/project/test_files/000981.doc.v-society.README_TO_RESTORE
[4936] 754f2022b72da70 O /home/capstone/project/test_files/000981.doc.v-society.README_TO_RESTORE
[4936] 754f2022b72da70 C /home/capstone/project/test_files/000224.txt.v-society.README_TO_RESTORE
[4936] 754f2022b72da70 O /home/capstone/project/test_files/000224.txt.v-society.README_TO_RESTORE
[4936] 754f2022b72da70 C /home/capstone/project/test_files/000410.html.v-society.README_TO_RESTORE
[4936] 754f2022b72da70 O /home/capstone/project/test_files/000410.html.v-society.README_TO_RESTORE
[4936] 754f2022b72da70 O /home/capstone/project/test_files/000809.pdf
[4936] 754f2022b72da70 O /home/capstone/project/test_files/000809.pdf.v-society
[4936] 754f2022b72da70 O /home/capstone/project/test_files/000587.pdf
[4936] 754f2022b72da70 O /home/capstone/project/test_files/000587.pdf.v-society
[4936] 754f2022b72da70 O /home/capstone/project/test_files/000670.txt
[4936] 754f2022b72da70 O /home/capstone/project/test_files/000670.txt.v-society
[4936] 754f2022b72da70 C /home/capstone/project/test_files/000995.ppt.v-society.README_TO_RESTORE
[4936] 754f2022b72da70 O /home/capstone/project/test_files/000995.ppt.v-society.README_TO_RESTORE
[4936] 754f2022b72da70 C /home/capstone/project/test_files/000735.html.v-society.README_TO_RESTORE
[4936] 754f2022b72da70 O /home/capstone/project/test_files/000735.html.v-society.README_TO_RESTORE
[4936] 754f2022b72da70 O /home/capstone/project/test_files/000519.gif
[4936] 754f2022b72da70 O /home/capstone/project/test_files/000519.gif.v-society
[4936] 754f2022b72da70 O /home/capstone/project/test_files/000707.doc
[4936] 754f2022b72da70 O /home/capstone/project/test_files/000707.doc.v-society
[4936] 754f2022b72da70 O /home/capstone/project/test_files/000923.xml
[4936] 754f2022b72da70 O /home/capstone/project/test_files/000923.xml.v-society
[4936] 754f2022b72da70 C /home/capstone/project/test_files/000699.log.v-society.README_TO_RESTORE
[4936] 754f2022b72da70 O /home/capstone/project/test_files/000699.log.v-society.README_TO_RESTORE
[4936] 754f2022b72da70 C /home/capstone/project/test_files/000809.pdf.v-society.README_TO_RESTORE
[4936] 754f2022b72da70 O /home/capstone/project/test_files/000809.pdf.v-society.README_TO_RESTORE
[4936] 754f2022b72da70 O /home/capstone/project/test_files/000207.html
[4936] 754f2022b72da70 O /home/capstone/project/test_files/000207.html.v-society
[4936] 754f2022b72da70 C /home/capstone/project/test_files/000207.html.v-society.README_TO_RESTORE
[4936] 754f2022b72da70 C /home/capstone/project/test_files/000976.doc.v-society.README_TO_RESTORE
[4936] 754f2022b72da70 O /home/capstone/project/test_files/000976.doc.v-society.README_TO_RESTORE
[4936] 754f2022b72da70 O /home/capstone/project/test_files/000844.txt
[4936] 754f2022b72da70 O /home/capstone/project/test_files/000844.txt.v-society
[4936] 754f2022b72da70 C /home/capstone/project/test_files/000923.xml.v-society.README_TO_RESTORE
[4936] 754f2022b72da70 C /home/capstone/project/test_files/000587.pdf.v-society.README_TO_RESTORE
[4936] 754f2022b72da70 O /home/capstone/project/test_files/000587.pdf.v-society.README_TO_RESTORE
[4936] 754f2022b72da70 O /home/capstone/project/test_files/000894.html
[4936] 754f2022b72da70 O /home/capstone/project/test_files/000894.html.v-society
[4936] 754f2022b72da70 O /home/capstone/project/test_files/000207.html.v-society.README_TO_RESTORE
[4936] 754f2022b72da70 O /home/capstone/project/test_files/000461.html
[4936] 754f2022b72da70 O /home/capstone/project/test_files/000461.html.v-society
[4936] 754f2022b72da70 O /home/capstone/project/test_files/000381.pdf
[4936] 754f2022b72da70 O /home/capstone/project/test_files/000381.pdf.v-society
[4936] 754f2022b72da70 C /home/capstone/project/test_files/000519.gif.v-society.README_TO_RESTORE
[4936] 754f2022b72da70 O /home/capstone/project/test_files/000519.gif.v-society.README_TO_RESTORE
[4936] 754f2022b72da70 C /home/capstone/project/test_files/000670.txt.v-society.README_TO_RESTORE
[4936] 754f2022b72da70 O /home/capstone/project/test_files/000670.txt.v-society.README_TO_RESTORE
[4936] 754f2022b72da70 O /home/capstone/project/test_files/000489.txt
[4936] 754f2022b72da70 O /home/capstone/project/test_files/000489.txt.v-society
[4936] 754f2022b72da70 O /home/capstone/project/test_files/000923.xml.v-society.README_TO_RESTORE
[4936] 754f2022b72da70 C /home/capstone/project/test_files/000707.doc.v-society.README_TO_RESTORE
[4936] 754f2022b72da70 O /home/capstone/project/test_files/000707.doc.v-society.README_TO_RESTORE
[4936] 754f2022b72da70 C /home/capstone/project/test_files/000894.html.v-society.README_TO_RESTORE
[4936] 754f2022b72da70 O /home/capstone/project/test_files/000894.html.v-society.README_TO_RESTORE
[4936] 754f2022b72da70 C /home/capstone/project/test_files/000844.txt.v-society.README_TO_RESTORE
[4936] 754f2022b72da70 O /home/capstone/project/test_files/000844.txt.v-society.README_TO_RESTORE
[4936] 754f2022b72da70 O /home/capstone/project/test_files/000545.gif
[4936] 754f2022b72da70 O /home/capstone/project/test_files/000545.gif.v-society
[4936] 754f2022b72da70 O /home/capstone/project/test_files/000285.doc
[4936] 754f2022b72da70 O /home/capstone/project/test_files/000285.doc.v-society
[4936] 754f2022b72da70 C /home/capstone/project/test_files/000461.html.v-society.README_TO_RESTORE
[4936] 754f2022b72da70 O /home/capstone/project/test_files/000461.html.v-society.README_TO_RESTORE
[4936] 754f2022b72da70 C /home/capstone/project/test_files/000381.pdf.v-society.README_TO_RESTORE
[4936] 754f2022b72da70 O /home/capstone/project/test_files/000381.pdf.v-society.README_TO_RESTORE
[4936] 754f2022b72da70 O /home/capstone/project/test_files/000748.pdf
[4936] 754f2022b72da70 O /home/capstone/project/test_files/000748.pdf.v-society
[4936] 754f2022b72da70 O /home/capstone/project/test_files/000810.pdf
[4936] 754f2022b72da70 O /home/capstone/project/test_files/000810.pdf.v-society
[4936] 754f2022b72da70 O /home/capstone/project/test_files/000865.gz
[4936] 754f2022b72da70 O /home/capstone/project/test_files/000865.gz.v-society
[4936] 754f2022b72da70 O /home/capstone/project/test_files/000773.ps
[4936] 754f2022b72da70 O /home/capstone/project/test_files/000773.ps.v-society
[4936] 754f2022b72da70 O /home/capstone/project/test_files/000109.jpg
[4936] 754f2022b72da70 O /home/capstone/project/test_files/000109.jpg.v-society
[4936] 754f2022b72da70 O /home/capstone/project/test_files/000675.doc
[4936] 754f2022b72da70 O /home/capstone/project/test_files/000675.doc.v-society
[4936] 754f2022b72da70 O /home/capstone/project/test_files/000692.html
[4936] 754f2022b72da70 O /home/capstone/project/test_files/000692.html.v-society
[4936] 754f2022b72da70 O /home/capstone/project/test_files/000431.html
[4936] 754f2022b72da70 O /home/capstone/project/test_files/000431.html.v-society
[4936] 754f2022b72da70 O /home/capstone/project/test_files/000082.txt
[4936] 754f2022b72da70 O /home/capstone/project/test_files/000082.txt.v-society
[4936] 754f2022b72da70 C /home/capstone/project/test_files/000545.gif.v-society.README_TO_RESTORE
[4936] 754f2022b72da70 O /home/capstone/project/test_files/000545.gif.v-society.README_TO_RESTORE
[4936] 754f2022b72da70 C /home/capstone/project/test_files/000773.ps.v-society.README_TO_RESTORE
[4936] 754f2022b72da70 O /home/capstone/project/test_files/000773.ps.v-society.README_TO_RESTORE
[4936] 754f2022b72da70 C /home/capstone/project/test_files/000865.gz.v-society.README_TO_RESTORE
[4936] 754f2022b72da70 O /home/capstone/project/test_files/000865.gz.v-society.README_TO_RESTORE
[4936] 754f2022b72da70 C /home/capstone/project/test_files/000285.doc.v-society.README_TO_RESTORE
[4936] 754f2022b72da70 O /home/capstone/project/test_files/000285.doc.v-society.README_TO_RESTORE
[4936] 754f2022b72da70 O /home/capstone/project/test_files/000324.pdf
[4936] 754f2022b72da70 O /home/capstone/project/test_files/000324.pdf.v-society
[4936] 754f2022b72da70 O /home/capstone/project/test_files/000866.txt
[4936] 754f2022b72da70 O /home/capstone/project/test_files/000866.txt.v-society
[4936] 754f2022b72da70 C /home/capstone/project/test_files/000082.txt.v-society.README_TO_RESTORE
[4936] 754f2022b72da70 C /home/capstone/project/test_files/000109.jpg.v-society.README_TO_RESTORE
[4936] 754f2022b72da70 O /home/capstone/project/test_files/000109.jpg.v-society.README_TO_RESTORE
[4936] 754f2022b72da70 C /home/capstone/project/test_files/000692.html.v-society.README_TO_RESTORE
[4936] 754f2022b72da70 C /home/capstone/project/test_files/000748.pdf.v-society.README_TO_RESTORE
[4936] 754f2022b72da70 O /home/capstone/project/test_files/000692.html.v-society.README_TO_RESTORE
[4936] 754f2022b72da70 C /home/capstone/project/test_files/000431.html.v-society.README_TO_RESTORE
[4936] 754f2022b72da70 O /home/capstone/project/test_files/000748.pdf.v-society.README_TO_RESTORE
[4936] 754f2022b72da70 O /home/capstone/project/test_files/000389.dbase3
[4936] 754f2022b72da70 O /home/capstone/project/test_files/000389.dbase3.v-society
[4936] 754f2022b72da70 O /home/capstone/project/test_files/000431.html.v-society.README_TO_RESTORE
[4936] 754f2022b72da70 O /home/capstone/project/test_files/000534.gif
[4936] 754f2022b72da70 O /home/capstone/project/test_files/000534.gif.v-society
[4936] 754f2022b72da70 O /home/capstone/project/test_files/000082.txt.v-society.README_TO_RESTORE
[4936] 754f2022b72da70 O /home/capstone/project/test_files/000793.html
[4936] 754f2022b72da70 O /home/capstone/project/test_files/000793.html.v-society
[4936] 754f2022b72da70 O /home/capstone/project/test_files/000697.log
[4936] 754f2022b72da70 O /home/capstone/project/test_files/000697.log.v-society
[4936] 754f2022b72da70 O /home/capstone/project/test_files/000322.ppt
[4936] 754f2022b72da70 O /home/capstone/project/test_files/000322.ppt.v-society
[4936] 754f2022b72da70 C /home/capstone/project/test_files/000389.dbase3.v-society.README_TO_RESTORE
[4936] 754f2022b72da70 O /home/capstone/project/test_files/000389.dbase3.v-society.README_TO_RESTORE
[4936] 754f2022b72da70 O /home/capstone/project/test_files/000494.txt
[4936] 754f2022b72da70 O /home/capstone/project/test_files/000861.txt
[4936] 754f2022b72da70 O /home/capstone/project/test_files/000110.jpg
[4936] 754f2022b72da70 C /home/capstone/project/test_files/000324.pdf.v-society.README_TO_RESTORE
[4936] 754f2022b72da70 O /home/capstone/project/test_files/000494.txt.v-society
[4936] 754f2022b72da70 C /home/capstone/project/test_files/000697.log.v-society.README_TO_RESTORE
[4936] 754f2022b72da70 O /home/capstone/project/test_files/000697.log.v-society.README_TO_RESTORE
[4936] 754f2022b72da70 O /home/capstone/project/test_files/000110.jpg.v-society
[4936] 754f2022b72da70 C /home/capstone/project/test_files/000675.doc.v-society.README_TO_RESTORE
[4936] 754f2022b72da70 O /home/capstone/project/test_files/000675.doc.v-society.README_TO_RESTORE
[4936] 754f2022b72da70 C /home/capstone/project/test_files/000810.pdf.v-society.README_TO_RESTORE
[4936] 754f2022b72da70 O /home/capstone/project/test_files/000810.pdf.v-society.README_TO_RESTORE
[4936] 754f2022b72da70 O /home/capstone/project/test_files/000861.txt.v-society
[4936] 754f2022b72da70 O /home/capstone/project/test_files/000294.ppt
[4936] 754f2022b72da70 O /home/capstone/project/test_files/000294.ppt.v-society
[4936] 754f2022b72da70 O /home/capstone/project/test_files/000849.txt
[4936] 754f2022b72da70 O /home/capstone/project/test_files/000849.txt.v-society
[4936] 754f2022b72da70 O /home/capstone/project/test_files/000153.pdf
[4936] 754f2022b72da70 O /home/capstone/project/test_files/000153.pdf.v-society
[4936] 754f2022b72da70 O /home/capstone/project/test_files/000324.pdf.v-society.README_TO_RESTORE
[4936] 754f2022b72da70 C /home/capstone/project/test_files/000534.gif.v-society.README_TO_RESTORE
[4936] 754f2022b72da70 O /home/capstone/project/test_files/000534.gif.v-society.README_TO_RESTORE
[4936] 754f2022b72da70 C /home/capstone/project/test_files/000866.txt.v-society.README_TO_RESTORE
[4936] 754f2022b72da70 O /home/capstone/project/test_files/000866.txt.v-society.README_TO_RESTORE
[4936] 754f2022b72da70 O /home/capstone/project/test_files/000014.html
[4936] 754f2022b72da70 O /home/capstone/project/test_files/000014.html.v-society
[4936] 754f2022b72da70 C /home/capstone/project/test_files/000494.txt.v-society.README_TO_RESTORE
[4936] 754f2022b72da70 O /home/capstone/project/test_files/000494.txt.v-society.README_TO_RESTORE
[4936] 754f2022b72da70 C /home/capstone/project/test_files/000110.jpg.v-society.README_TO_RESTORE
[4936] 754f2022b72da70 O /home/capstone/project/test_files/000382.xls
[4936] 754f2022b72da70 O /home/capstone/project/test_files/000382.xls.v-society
[4936] 754f2022b72da70 C /home/capstone/project/test_files/000322.ppt.v-society.README_TO_RESTORE
[4936] 754f2022b72da70 O /home/capstone/project/test_files/000496.xml
[4936] 754f2022b72da70 O /home/capstone/project/test_files/000496.xml.v-society
[4936] 754f2022b72da70 O /home/capstone/project/test_files/000322.ppt.v-society.README_TO_RESTORE
[4936] 754f2022b72da70 C /home/capstone/project/test_files/000861.txt.v-society.README_TO_RESTORE
[4936] 754f2022b72da70 O /home/capstone/project/test_files/000078.html
[4936] 754f2022b72da70 O /home/capstone/project/test_files/000078.html.v-society
[4936] 754f2022b72da70 O /home/capstone/project/test_files/000861.txt.v-society.README_TO_RESTORE
[4936] 754f2022b72da70 O /home/capstone/project/test_files/000631.pdf
[4936] 754f2022b72da70 O /home/capstone/project/test_files/000631.pdf.v-society
[4936] 754f2022b72da70 C /home/capstone/project/test_files/000793.html.v-society.README_TO_RESTORE
[4936] 754f2022b72da70 O /home/capstone/project/test_files/000110.jpg.v-society.README_TO_RESTORE
[4936] 754f2022b72da70 C /home/capstone/project/test_files/000294.ppt.v-society.README_TO_RESTORE
[4936] 754f2022b72da70 O /home/capstone/project/test_files/000294.ppt.v-society.README_TO_RESTORE
[4936] 754f2022b72da70 O /home/capstone/project/test_files/000793.html.v-society.README_TO_RESTORE
[4936] 754f2022b72da70 O /home/capstone/project/test_files/000782.xls
[4936] 754f2022b72da70 O /home/capstone/project/test_files/000782.xls.v-society
[4936] 754f2022b72da70 O /home/capstone/project/test_files/000768.ps
[4936] 754f2022b72da70 O /home/capstone/project/test_files/000768.ps.v-society
[4936] 754f2022b72da70 O /home/capstone/project/test_files/000827.txt
[4936] 754f2022b72da70 O /home/capstone/project/test_files/000827.txt.v-society
[4936] 754f2022b72da70 C /home/capstone/project/test_files/000153.pdf.v-society.README_TO_RESTORE
[4936] 754f2022b72da70 O /home/capstone/project/test_files/000153.pdf.v-society.README_TO_RESTORE
[4936] 754f2022b72da70 C /home/capstone/project/test_files/000078.html.v-society.README_TO_RESTORE
[4936] 754f2022b72da70 O /home/capstone/project/test_files/000078.html.v-society.README_TO_RESTORE
[4936] 754f2022b72da70 C /home/capstone/project/test_files/000382.xls.v-society.README_TO_RESTORE
[4936] 754f2022b72da70 O /home/capstone/project/test_files/000382.xls.v-society.README_TO_RESTORE
[4936] 754f2022b72da70 C /home/capstone/project/test_files/000496.xml.v-society.README_TO_RESTORE
[4936] 754f2022b72da70 O /home/capstone/project/test_files/000496.xml.v-society.README_TO_RESTORE
[4936] 754f2022b72da70 C /home/capstone/project/test_files/000849.txt.v-society.README_TO_RESTORE
[4936] 754f2022b72da70 O /home/capstone/project/test_files/000849.txt.v-society.README_TO_RESTORE
[4936] 754f2022b72da70 C /home/capstone/project/test_files/000782.xls.v-society.README_TO_RESTORE
[4936] 754f2022b72da70 O /home/capstone/project/test_files/000782.xls.v-society.README_TO_RESTORE
[4936] 754f2022b72da70 C /home/capstone/project/test_files/000827.txt.v-society.README_TO_RESTORE
[4936] 754f2022b72da70 C /home/capstone/project/test_files/000014.html.v-society.README_TO_RESTORE
[4936] 754f2022b72da70 O /home/capstone/project/test_files/000014.html.v-society.README_TO_RESTORE
[4936] 754f2022b72da70 C /home/capstone/project/test_files/000631.pdf.v-society.README_TO_RESTORE
[4936] 754f2022b72da70 O /home/capstone/project/test_files/000631.pdf.v-society.README_TO_RESTORE
[4936] 754f2022b72da70 O /home/capstone/project/test_files/000354.pdf
[4936] 754f2022b72da70 O /home/capstone/project/test_files/000354.pdf.v-society
[4936] 754f2022b72da70 O /home/capstone/project/test_files/000040.xls
[4936] 754f2022b72da70 O /home/capstone/project/test_files/000040.xls.v-society
[4936] 754f2022b72da70 O /home/capstone/project/test_files/000209.html
[4936] 754f2022b72da70 O /home/capstone/project/test_files/000227.txt
[4936] 754f2022b72da70 O /home/capstone/project/test_files/000209.html.v-society
[4936] 754f2022b72da70 O /home/capstone/project/test_files/000227.txt.v-society
[4936] 754f2022b72da70 O /home/capstone/project/test_files/000298.ppt
[4936] 754f2022b72da70 O /home/capstone/project/test_files/000728.ppt
[4936] 754f2022b72da70 O /home/capstone/project/test_files/000298.ppt.v-society
[4936] 754f2022b72da70 O /home/capstone/project/test_files/000728.ppt.v-society
[4936] 754f2022b72da70 O /home/capstone/project/test_files/000827.txt.v-society.README_TO_RESTORE
[4936] 754f2022b72da70 O /home/capstone/project/test_files/000598.html
[4936] 754f2022b72da70 O /home/capstone/project/test_files/000598.html.v-society
[4936] 754f2022b72da70 O /home/capstone/project/test_files/000013.pdf
[4936] 754f2022b72da70 O /home/capstone/project/test_files/000013.pdf.v-society
[4936] 754f2022b72da70 O /home/capstone/project/test_files/000361.pdf
[4936] 754f2022b72da70 O /home/capstone/project/test_files/000361.pdf.v-society
[4936] 754f2022b72da70 O /home/capstone/project/test_files/000015.pdf
[4936] 754f2022b72da70 O /home/capstone/project/test_files/000015.pdf.v-society
[4936] 754f2022b72da70 C /home/capstone/project/test_files/000013.pdf.v-society.README_TO_RESTORE
[4936] 754f2022b72da70 O /home/capstone/project/test_files/000013.pdf.v-society.README_TO_RESTORE
[4936] 754f2022b72da70 C /home/capstone/project/test_files/000768.ps.v-society.README_TO_RESTORE
[4936] 754f2022b72da70 O /home/capstone/project/test_files/000768.ps.v-society.README_TO_RESTORE
[4936] 754f2022b72da70 O /home/capstone/project/test_files/000816.pdf
[4936] 754f2022b72da70 O /home/capstone/project/test_files/000816.pdf.v-society
[4936] 754f2022b72da70 C /home/capstone/project/test_files/000040.xls.v-society.README_TO_RESTORE
[4936] 754f2022b72da70 O /home/capstone/project/test_files/000040.xls.v-society.README_TO_RESTORE
[4936] 754f2022b72da70 O /home/capstone/project/test_files/000055.xls
[4936] 754f2022b72da70 O /home/capstone/project/test_files/000055.xls.v-society
[4936] 754f2022b72da70 O /home/capstone/project/test_files/000303.ppt
[4936] 754f2022b72da70 O /home/capstone/project/test_files/000303.ppt.v-society
[4936] 754f2022b72da70 O /home/capstone/project/test_files/000582.pdf
[4936] 754f2022b72da70 O /home/capstone/project/test_files/000582.pdf.v-society
[4936] 754f2022b72da70 C /home/capstone/project/test_files/000598.html.v-society.README_TO_RESTORE
[4936] 754f2022b72da70 O /home/capstone/project/test_files/000598.html.v-society.README_TO_RESTORE
[4936] 754f2022b72da70 C /home/capstone/project/test_files/000354.pdf.v-society.README_TO_RESTORE
[4936] 754f2022b72da70 O /home/capstone/project/test_files/000354.pdf.v-society.README_TO_RESTORE
[4936] 754f2022b72da70 O /home/capstone/project/test_files/000873.jpg
[4936] 754f2022b72da70 O /home/capstone/project/test_files/000873.jpg.v-society
[4936] 754f2022b72da70 O /home/capstone/project/test_files/000928.txt
[4936] 754f2022b72da70 O /home/capstone/project/test_files/000928.txt.v-society
[4936] 754f2022b72da70 C /home/capstone/project/test_files/000015.pdf.v-society.README_TO_RESTORE
[4936] 754f2022b72da70 O /home/capstone/project/test_files/000015.pdf.v-society.README_TO_RESTORE
[4936] 754f2022b72da70 O /home/capstone/project/test_files/000181.ppt
[4936] 754f2022b72da70 O /home/capstone/project/test_files/000181.ppt.v-society
[4936] 754f2022b72da70 C /home/capstone/project/test_files/000361.pdf.v-society.README_TO_RESTORE
[4936] 754f2022b72da70 C /home/capstone/project/test_files/000209.html.v-society.README_TO_RESTORE
[4936] 754f2022b72da70 C /home/capstone/project/test_files/000055.xls.v-society.README_TO_RESTORE
[4936] 754f2022b72da70 O /home/capstone/project/test_files/000361.pdf.v-society.README_TO_RESTORE
[4936] 754f2022b72da70 O /home/capstone/project/test_files/000209.html.v-society.README_TO_RESTORE
[4936] 754f2022b72da70 C /home/capstone/project/test_files/000873.jpg.v-society.README_TO_RESTORE
[4936] 754f2022b72da70 O /home/capstone/project/test_files/000873.jpg.v-society.README_TO_RESTORE
[4936] 754f2022b72da70 C /home/capstone/project/test_files/000582.pdf.v-society.README_TO_RESTORE
[4936] 754f2022b72da70 O /home/capstone/project/test_files/000582.pdf.v-society.README_TO_RESTORE
[4936] 754f2022b72da70 C /home/capstone/project/test_files/000928.txt.v-society.README_TO_RESTORE
[4936] 754f2022b72da70 O /home/capstone/project/test_files/000928.txt.v-society.README_TO_RESTORE
[4936] 754f2022b72da70 C /home/capstone/project/test_files/000181.ppt.v-society.README_TO_RESTORE
[4936] 754f2022b72da70 O /home/capstone/project/test_files/000181.ppt.v-society.README_TO_RESTORE
[4936] 754f2022b72da70 O /home/capstone/project/test_files/000738.pdf
[4936] 754f2022b72da70 O /home/capstone/project/test_files/000738.pdf.v-society
[4936] 754f2022b72da70 O /home/capstone/project/test_files/000202.html
[4936] 754f2022b72da70 O /home/capstone/project/test_files/000202.html.v-society
[4936] 754f2022b72da70 O /home/capstone/project/test_files/000055.xls.v-society.README_TO_RESTORE
[4936] 754f2022b72da70 O /home/capstone/project/test_files/000543.gif
[4936] 754f2022b72da70 O /home/capstone/project/test_files/000543.gif.v-society
[4936] 754f2022b72da70 C /home/capstone/project/test_files/000303.ppt.v-society.README_TO_RESTORE
[4936] 754f2022b72da70 O /home/capstone/project/test_files/000264.doc
[4936] 754f2022b72da70 O /home/capstone/project/test_files/000264.doc.v-society
[4936] 754f2022b72da70 O /home/capstone/project/test_files/000303.ppt.v-society.README_TO_RESTORE
[4936] 754f2022b72da70 O /home/capstone/project/test_files/000278.doc
[4936] 754f2022b72da70 O /home/capstone/project/test_files/000278.doc.v-society
[4936] 754f2022b72da70 C /home/capstone/project/test_files/000816.pdf.v-society.README_TO_RESTORE
[4936] 754f2022b72da70 C /home/capstone/project/test_files/000227.txt.v-society.README_TO_RESTORE
[4936] 754f2022b72da70 O /home/capstone/project/test_files/000816.pdf.v-society.README_TO_RESTORE
[4936] 754f2022b72da70 C /home/capstone/project/test_files/000298.ppt.v-society.README_TO_RESTORE
[4936] 754f2022b72da70 O /home/capstone/project/test_files/000298.ppt.v-society.README_TO_RESTORE
[4936] 754f2022b72da70 C /home/capstone/project/test_files/000728.ppt.v-society.README_TO_RESTORE
[4936] 754f2022b72da70 C /home/capstone/project/test_files/000278.doc.v-society.README_TO_RESTORE
[4936] 754f2022b72da70 O /home/capstone/project/test_files/000728.ppt.v-society.README_TO_RESTORE
[4936] 754f2022b72da70 O /home/capstone/project/test_files/000527.gif
[4936] 754f2022b72da70 O /home/capstone/project/test_files/000527.gif.v-society
[4936] 754f2022b72da70 C /home/capstone/project/test_files/000202.html.v-society.README_TO_RESTORE
[4936] 754f2022b72da70 O /home/capstone/project/test_files/000227.txt.v-society.README_TO_RESTORE
[4936] 754f2022b72da70 C /home/capstone/project/test_files/000738.pdf.v-society.README_TO_RESTORE
[4936] 754f2022b72da70 O /home/capstone/project/test_files/000738.pdf.v-society.README_TO_RESTORE
[4936] 754f2022b72da70 C /home/capstone/project/test_files/000527.gif.v-society.README_TO_RESTORE
[4936] 754f2022b72da70 O /home/capstone/project/test_files/000527.gif.v-society.README_TO_RESTORE
[4936] 754f2022b72da70 C /home/capstone/project/test_files/000264.doc.v-society.README_TO_RESTORE
[4936] 754f2022b72da70 O /home/capstone/project/test_files/000264.doc.v-society.README_TO_RESTORE
[4936] 754f2022b72da70 O /home/capstone/project/test_files/000278.doc.v-society.README_TO_RESTORE
[4936] 754f2022b72da70 C /home/capstone/project/test_files/000543.gif.v-society.README_TO_RESTORE
[4936] 754f2022b72da70 O /home/capstone/project/test_files/000543.gif.v-society.README_TO_RESTORE
[4936] 754f2022b72da70 O /home/capstone/project/test_files/000202.html.v-society.README_TO_RESTORE
[4936] 754f2022b72da70 O /home/capstone/project/test_files/000723.ppt
[4936] 754f2022b72da70 O /home/capstone/project/test_files/000723.ppt.v-society
[4936] 754f2022b72da70 O /home/capstone/project/test_files/000814.html
[4936] 754f2022b72da70 O /home/capstone/project/test_files/000814.html.v-society
[4936] 754f2022b72da70 O /home/capstone/project/test_files/000783.html
[4936] 754f2022b72da70 O /home/capstone/project/test_files/000783.html.v-society
[4936] 754f2022b72da70 O /home/capstone/project/test_files/000858.txt
[4936] 754f2022b72da70 O /home/capstone/project/test_files/000858.txt.v-society
[4936] 754f2022b72da70 O /home/capstone/project/test_files/000311.ppt
[4936] 754f2022b72da70 O /home/capstone/project/test_files/000311.ppt.v-society
[4936] 754f2022b72da70 O /home/capstone/project/test_files/000385.xls
[4936] 754f2022b72da70 O /home/capstone/project/test_files/000385.xls.v-society
[4936] 754f2022b72da70 O /home/capstone/project/test_files/000904.pdf
[4936] 754f2022b72da70 O /home/capstone/project/test_files/000904.pdf.v-society
[4936] 754f2022b72da70 O /home/capstone/project/test_files/000983.ppt
[4936] 754f2022b72da70 O /home/capstone/project/test_files/000983.ppt.v-society
[4936] 754f2022b72da70 O /home/capstone/project/test_files/000694.html
[4936] 754f2022b72da70 O /home/capstone/project/test_files/000694.html.v-society
[4936] 754f2022b72da70 O /home/capstone/project/test_files/000474.txt
[4936] 754f2022b72da70 O /home/capstone/project/test_files/000474.txt.v-society
[4936] 754f2022b72da70 C /home/capstone/project/test_files/000723.ppt.v-society.README_TO_RESTORE
[4936] 754f2022b72da70 O /home/capstone/project/test_files/000723.ppt.v-society.README_TO_RESTORE
[4936] 754f2022b72da70 C /home/capstone/project/test_files/000904.pdf.v-society.README_TO_RESTORE
[4936] 754f2022b72da70 O /home/capstone/project/test_files/000904.pdf.v-society.README_TO_RESTORE
[4936] 754f2022b72da70 C /home/capstone/project/test_files/000814.html.v-society.README_TO_RESTORE
[4936] 754f2022b72da70 O /home/capstone/project/test_files/000814.html.v-society.README_TO_RESTORE
[4936] 754f2022b72da70 O /home/capstone/project/test_files/000152.pdf
[4936] 754f2022b72da70 O /home/capstone/project/test_files/000152.pdf.v-society
[4936] 754f2022b72da70 O /home/capstone/project/test_files/000315.ppt
[4936] 754f2022b72da70 O /home/capstone/project/test_files/000315.ppt.v-society
[4936] 754f2022b72da70 C /home/capstone/project/test_files/000783.html.v-society.README_TO_RESTORE
[4936] 754f2022b72da70 O /home/capstone/project/test_files/000744.pdf
[4936] 754f2022b72da70 O /home/capstone/project/test_files/000744.pdf.v-society
[4936] 754f2022b72da70 O /home/capstone/project/test_files/000783.html.v-society.README_TO_RESTORE
[4936] 754f2022b72da70 C /home/capstone/project/test_files/000744.pdf.v-society.README_TO_RESTORE
[4936] 754f2022b72da70 O /home/capstone/project/test_files/000744.pdf.v-society.README_TO_RESTORE
[4936] 754f2022b72da70 C /home/capstone/project/test_files/000474.txt.v-society.README_TO_RESTORE
[4936] 754f2022b72da70 C /home/capstone/project/test_files/000694.html.v-society.README_TO_RESTORE
[4936] 754f2022b72da70 C /home/capstone/project/test_files/000983.ppt.v-society.README_TO_RESTORE
[4936] 754f2022b72da70 O /home/capstone/project/test_files/000474.txt.v-society.README_TO_RESTORE
[4936] 754f2022b72da70 O /home/capstone/project/test_files/000694.html.v-society.README_TO_RESTORE
[4936] 754f2022b72da70 O /home/capstone/project/test_files/000983.ppt.v-society.README_TO_RESTORE
[4936] 754f2022b72da70 C /home/capstone/project/test_files/000385.xls.v-society.README_TO_RESTORE
[4936] 754f2022b72da70 O /home/capstone/project/test_files/000920.txt
[4936] 754f2022b72da70 O /home/capstone/project/test_files/000920.txt.v-society
[4936] 754f2022b72da70 O /home/capstone/project/test_files/000385.xls.v-society.README_TO_RESTORE
[4936] 754f2022b72da70 C /home/capstone/project/test_files/000858.txt.v-society.README_TO_RESTORE
[4936] 754f2022b72da70 O /home/capstone/project/test_files/000858.txt.v-society.README_TO_RESTORE
[4936] 754f2022b72da70 O /home/capstone/project/test_files/000540.jpg
[4936] 754f2022b72da70 O /home/capstone/project/test_files/000540.jpg.v-society
[4936] 754f2022b72da70 O /home/capstone/project/test_files/000291.ppt
[4936] 754f2022b72da70 O /home/capstone/project/test_files/000291.ppt.v-society
[4936] 754f2022b72da70 O /home/capstone/project/test_files/000674.pdf
[4936] 754f2022b72da70 O /home/capstone/project/test_files/000674.pdf.v-society
[4936] 754f2022b72da70 O /home/capstone/project/test_files/000299.ppt
[4936] 754f2022b72da70 O /home/capstone/project/test_files/000299.ppt.v-society
[4936] 754f2022b72da70 O /home/capstone/project/test_files/000979.doc
[4936] 754f2022b72da70 O /home/capstone/project/test_files/000979.doc.v-society
[4936] 754f2022b72da70 C /home/capstone/project/test_files/000311.ppt.v-society.README_TO_RESTORE
[4936] 754f2022b72da70 O /home/capstone/project/test_files/000672.pdf
[4936] 754f2022b72da70 O /home/capstone/project/test_files/000672.pdf.v-society
[4936] 754f2022b72da70 O /home/capstone/project/test_files/000993.ppt
[4936] 754f2022b72da70 O /home/capstone/project/test_files/000993.ppt.v-society
[4936] 754f2022b72da70 O /home/capstone/project/test_files/000311.ppt.v-society.README_TO_RESTORE
[4936] 754f2022b72da70 C /home/capstone/project/test_files/000152.pdf.v-society.README_TO_RESTORE
[4936] 754f2022b72da70 O /home/capstone/project/test_files/000152.pdf.v-society.README_TO_RESTORE
[4936] 754f2022b72da70 O /home/capstone/project/test_files/000712.ppt
[4936] 754f2022b72da70 O /home/capstone/project/test_files/000712.ppt.v-society
[4936] 754f2022b72da70 C /home/capstone/project/test_files/000920.txt.v-society.README_TO_RESTORE
[4936] 754f2022b72da70 O /home/capstone/project/test_files/000920.txt.v-society.README_TO_RESTORE
[4936] 754f2022b72da70 C /home/capstone/project/test_files/000315.ppt.v-society.README_TO_RESTORE
[4936] 754f2022b72da70 O /home/capstone/project/test_files/000315.ppt.v-society.README_TO_RESTORE
[4936] 754f2022b72da70 C /home/capstone/project/test_files/000993.ppt.v-society.README_TO_RESTORE
[4936] 754f2022b72da70 O /home/capstone/project/test_files/000993.ppt.v-society.README_TO_RESTORE
[4936] 754f2022b72da70 C /home/capstone/project/test_files/000672.pdf.v-society.README_TO_RESTORE
[4936] 754f2022b72da70 O /home/capstone/project/test_files/000672.pdf.v-society.README_TO_RESTORE
[4936] 754f2022b72da70 C /home/capstone/project/test_files/000299.ppt.v-society.README_TO_RESTORE
[4936] 754f2022b72da70 O /home/capstone/project/test_files/000299.ppt.v-society.README_TO_RESTORE
[4936] 754f2022b72da70 C /home/capstone/project/test_files/000540.jpg.v-society.README_TO_RESTORE
[4936] 754f2022b72da70 O /home/capstone/project/test_files/000540.jpg.v-society.README_TO_RESTORE
[4936] 754f2022b72da70 C /home/capstone/project/test_files/000712.ppt.v-society.README_TO_RESTORE
[4936] 754f2022b72da70 O /home/capstone/project/test_files/000586.pdf
[4936] 754f2022b72da70 O /home/capstone/project/test_files/000586.pdf.v-society
[4936] 754f2022b72da70 O /home/capstone/project/test_files/000870.jpg
[4936] 754f2022b72da70 O /home/capstone/project/test_files/000870.jpg.v-society
[4936] 754f2022b72da70 C /home/capstone/project/test_files/000979.doc.v-society.README_TO_RESTORE
[4936] 754f2022b72da70 O /home/capstone/project/test_files/000712.ppt.v-society.README_TO_RESTORE
[4936] 754f2022b72da70 C /home/capstone/project/test_files/000674.pdf.v-society.README_TO_RESTORE
[4936] 754f2022b72da70 O /home/capstone/project/test_files/000979.doc.v-society.README_TO_RESTORE
[4936] 754f2022b72da70 O /home/capstone/project/test_files/000674.pdf.v-society.README_TO_RESTORE
[4936] 754f2022b72da70 C /home/capstone/project/test_files/000291.ppt.v-society.README_TO_RESTORE
[4936] 754f2022b72da70 C /home/capstone/project/test_files/000586.pdf.v-society.README_TO_RESTORE
[4936] 754f2022b72da70 O /home/capstone/project/test_files/000665.txt
[4936] 754f2022b72da70 O /home/capstone/project/test_files/000665.txt.v-society
[4936] 754f2022b72da70 O /home/capstone/project/test_files/000291.ppt.v-society.README_TO_RESTORE
[4936] 754f2022b72da70 O /home/capstone/project/test_files/000586.pdf.v-society.README_TO_RESTORE
[4936] 754f2022b72da70 C /home/capstone/project/test_files/000870.jpg.v-society.README_TO_RESTORE
[4936] 754f2022b72da70 O /home/capstone/project/test_files/000870.jpg.v-society.README_TO_RESTORE
[4936] 754f2022b72da70 O /home/capstone/project/test_files/000376.dbase3
[4936] 754f2022b72da70 O /home/capstone/project/test_files/000376.dbase3.v-society
[4936] 754f2022b72da70 O /home/capstone/project/test_files/000550.jpg
[4936] 754f2022b72da70 O /home/capstone/project/test_files/000550.jpg.v-society
[4936] 754f2022b72da70 C /home/capstone/project/test_files/000665.txt.v-society.README_TO_RESTORE
[4936] 754f2022b72da70 O /home/capstone/project/test_files/000665.txt.v-society.README_TO_RESTORE
[4936] 754f2022b72da70 C /home/capstone/project/test_files/000550.jpg.v-society.README_TO_RESTORE
[4936] 754f2022b72da70 O /home/capstone/project/test_files/000550.jpg.v-society.README_TO_RESTORE
[4936] 754f2022b72da70 O /home/capstone/project/test_files/000775.xls
[4936] 754f2022b72da70 O /home/capstone/project/test_files/000659.txt
[4936] 754f2022b72da70 O /home/capstone/project/test_files/000659.txt.v-society
[4936] 754f2022b72da70 O /home/capstone/project/test_files/000775.xls.v-society
[4936] 754f2022b72da70 O /home/capstone/project/test_files/000336.pdf
[4936] 754f2022b72da70 O /home/capstone/project/test_files/000336.pdf.v-society
[4936] 754f2022b72da70 O /home/capstone/project/test_files/000830.html
[4936] 754f2022b72da70 O /home/capstone/project/test_files/000830.html.v-society
[4936] 754f2022b72da70 C /home/capstone/project/test_files/000659.txt.v-society.README_TO_RESTORE
[4936] 754f2022b72da70 O /home/capstone/project/test_files/000659.txt.v-society.README_TO_RESTORE
[4936] 754f2022b72da70 C /home/capstone/project/test_files/000376.dbase3.v-society.README_TO_RESTORE
[4936] 754f2022b72da70 O /home/capstone/project/test_files/000376.dbase3.v-society.README_TO_RESTORE
[4936] 754f2022b72da70 O /home/capstone/project/test_files/000564.csv
[4936] 754f2022b72da70 O /home/capstone/project/test_files/000564.csv.v-society
[4936] 754f2022b72da70 O /home/capstone/project/test_files/000404.jpg
[4936] 754f2022b72da70 O /home/capstone/project/test_files/000404.jpg.v-society
[4936] 754f2022b72da70 O /home/capstone/project/test_files/000954.pdf
[4936] 754f2022b72da70 O /home/capstone/project/test_files/000954.pdf.v-society
[4936] 754f2022b72da70 O /home/capstone/project/test_files/000210.html
[4936] 754f2022b72da70 O /home/capstone/project/test_files/000210.html.v-society
[4936] 754f2022b72da70 O /home/capstone/project/test_files/000831.txt
[4936] 754f2022b72da70 O /home/capstone/project/test_files/000831.txt.v-society
[4936] 754f2022b72da70 C /home/capstone/project/test_files/000564.csv.v-society.README_TO_RESTORE
[4936] 754f2022b72da70 O /home/capstone/project/test_files/000564.csv.v-society.README_TO_RESTORE
[4936] 754f2022b72da70 C /home/capstone/project/test_files/000830.html.v-society.README_TO_RESTORE
[4936] 754f2022b72da70 O /home/capstone/project/test_files/000830.html.v-society.README_TO_RESTORE
[4936] 754f2022b72da70 C /home/capstone/project/test_files/000775.xls.v-society.README_TO_RESTORE
[4936] 754f2022b72da70 O /home/capstone/project/test_files/000775.xls.v-society.README_TO_RESTORE
[4936] 754f2022b72da70 O /home/capstone/project/test_files/000604.html
[4936] 754f2022b72da70 O /home/capstone/project/test_files/000604.html.v-society
[4936] 754f2022b72da70 O /home/capstone/project/test_files/000523.png
[4936] 754f2022b72da70 O /home/capstone/project/test_files/000523.png.v-society
[4936] 754f2022b72da70 O /home/capstone/project/test_files/000149.pdf
[4936] 754f2022b72da70 O /home/capstone/project/test_files/000149.pdf.v-society
[4936] 754f2022b72da70 C /home/capstone/project/test_files/000831.txt.v-society.README_TO_RESTORE
[4936] 754f2022b72da70 O /home/capstone/project/test_files/000831.txt.v-society.README_TO_RESTORE
[4936] 754f2022b72da70 O /home/capstone/project/test_files/000684.jpg
[4936] 754f2022b72da70 O /home/capstone/project/test_files/000684.jpg.v-society
[4936] 754f2022b72da70 O /home/capstone/project/test_files/000201.html
[4936] 754f2022b72da70 O /home/capstone/project/test_files/000201.html.v-society
[4936] 754f2022b72da70 O /home/capstone/project/test_files/000262.pdf
[4936] 754f2022b72da70 O /home/capstone/project/test_files/000262.pdf.v-society
[4936] 754f2022b72da70 C /home/capstone/project/test_files/000954.pdf.v-society.README_TO_RESTORE
[4936] 754f2022b72da70 O /home/capstone/project/test_files/000954.pdf.v-society.README_TO_RESTORE
[4936] 754f2022b72da70 C /home/capstone/project/test_files/000210.html.v-society.README_TO_RESTORE
[4936] 754f2022b72da70 O /home/capstone/project/test_files/000210.html.v-society.README_TO_RESTORE
[4936] 754f2022b72da70 C /home/capstone/project/test_files/000404.jpg.v-society.README_TO_RESTORE
[4936] 754f2022b72da70 O /home/capstone/project/test_files/000404.jpg.v-society.README_TO_RESTORE
[4936] 754f2022b72da70 O /home/capstone/project/test_files/000624.txt
[4936] 754f2022b72da70 O /home/capstone/project/test_files/000624.txt.v-society
[4936] 754f2022b72da70 O /home/capstone/project/test_files/000907.html
[4936] 754f2022b72da70 O /home/capstone/project/test_files/000907.html.v-society
[4936] 754f2022b72da70 O /home/capstone/project/test_files/000688.gif
[4936] 754f2022b72da70 O /home/capstone/project/test_files/000688.gif.v-society
[4936] 754f2022b72da70 C /home/capstone/project/test_files/000604.html.v-society.README_TO_RESTORE
[4936] 754f2022b72da70 O /home/capstone/project/test_files/000604.html.v-society.README_TO_RESTORE
[4936] 754f2022b72da70 O /home/capstone/project/test_files/000196.pdf
[4936] 754f2022b72da70 C /home/capstone/project/test_files/000684.jpg.v-society.README_TO_RESTORE
[4936] 754f2022b72da70 O /home/capstone/project/test_files/000684.jpg.v-society.README_TO_RESTORE
[4936] 754f2022b72da70 O /home/capstone/project/test_files/000196.pdf.v-society
[4936] 754f2022b72da70 O /home/capstone/project/test_files/000790.doc
[4936] 754f2022b72da70 O /home/capstone/project/test_files/000790.doc.v-society
[4936] 754f2022b72da70 O /home/capstone/project/test_files/000396.xls
[4936] 754f2022b72da70 O /home/capstone/project/test_files/000396.xls.v-society
[4936] 754f2022b72da70 C /home/capstone/project/test_files/000149.pdf.v-society.README_TO_RESTORE
[4936] 754f2022b72da70 O /home/capstone/project/test_files/000149.pdf.v-society.README_TO_RESTORE
[4936] 754f2022b72da70 C /home/capstone/project/test_files/000336.pdf.v-society.README_TO_RESTORE
[4936] 754f2022b72da70 O /home/capstone/project/test_files/000336.pdf.v-society.README_TO_RESTORE
[4936] 754f2022b72da70 C /home/capstone/project/test_files/000907.html.v-society.README_TO_RESTORE
[4936] 754f2022b72da70 O /home/capstone/project/test_files/000907.html.v-society.README_TO_RESTORE
[4936] 754f2022b72da70 C /home/capstone/project/test_files/000201.html.v-society.README_TO_RESTORE
[4936] 754f2022b72da70 O /home/capstone/project/test_files/000201.html.v-society.README_TO_RESTORE
[4936] 754f2022b72da70 O /home/capstone/project/test_files/000194.html
[4936] 754f2022b72da70 O /home/capstone/project/test_files/000194.html.v-society
[4936] 754f2022b72da70 O /home/capstone/project/test_files/000537.gif
[4936] 754f2022b72da70 O /home/capstone/project/test_files/000537.gif.v-society
[4936] 754f2022b72da70 O /home/capstone/project/test_files/000630.pdf
[4936] 754f2022b72da70 O /home/capstone/project/test_files/000630.pdf.v-society
[4936] 754f2022b72da70 C /home/capstone/project/test_files/000523.png.v-society.README_TO_RESTORE
[4936] 754f2022b72da70 O /home/capstone/project/test_files/000523.png.v-society.README_TO_RESTORE
[4936] 754f2022b72da70 C /home/capstone/project/test_files/000624.txt.v-society.README_TO_RESTORE
[4936] 754f2022b72da70 O /home/capstone/project/test_files/000624.txt.v-society.README_TO_RESTORE
[4936] 754f2022b72da70 C /home/capstone/project/test_files/000790.doc.v-society.README_TO_RESTORE
[4936] 754f2022b72da70 O /home/capstone/project/test_files/000790.doc.v-society.README_TO_RESTORE
[4936] 754f2022b72da70 O /home/capstone/project/test_files/000312.ppt
[4936] 754f2022b72da70 O /home/capstone/project/test_files/000312.ppt.v-society
[4936] 754f2022b72da70 C /home/capstone/project/test_files/000194.html.v-society.README_TO_RESTORE
[4936] 754f2022b72da70 C /home/capstone/project/test_files/000262.pdf.v-society.README_TO_RESTORE
[4936] 754f2022b72da70 O /home/capstone/project/test_files/000194.html.v-society.README_TO_RESTORE
[4936] 754f2022b72da70 O /home/capstone/project/test_files/000262.pdf.v-society.README_TO_RESTORE
[4936] 754f2022b72da70 C /home/capstone/project/test_files/000688.gif.v-society.README_TO_RESTORE
[4936] 754f2022b72da70 O /home/capstone/project/test_files/000688.gif.v-society.README_TO_RESTORE
[4936] 754f2022b72da70 C /home/capstone/project/test_files/000396.xls.v-society.README_TO_RESTORE
[4936] 754f2022b72da70 O /home/capstone/project/test_files/000396.xls.v-society.README_TO_RESTORE
[4936] 754f2022b72da70 C /home/capstone/project/test_files/000196.pdf.v-society.README_TO_RESTORE
[4936] 754f2022b72da70 O /home/capstone/project/test_files/000417.jpg
[4936] 754f2022b72da70 O /home/capstone/project/test_files/000168.pdf
[4936] 754f2022b72da70 O /home/capstone/project/test_files/000252.pdf
[4936] 754f2022b72da70 O /home/capstone/project/test_files/000502.txt
[4936] 754f2022b72da70 C /home/capstone/project/test_files/000312.ppt.v-society.README_TO_RESTORE
[4936] 754f2022b72da70 O /home/capstone/project/test_files/000196.pdf.v-society.README_TO_RESTORE
[4936] 754f2022b72da70 O /home/capstone/project/test_files/000417.jpg.v-society
[4936] 754f2022b72da70 O /home/capstone/project/test_files/000168.pdf.v-society
[4936] 754f2022b72da70 O /home/capstone/project/test_files/000252.pdf.v-society
[4936] 754f2022b72da70 O /home/capstone/project/test_files/000123.html
[4936] 754f2022b72da70 O /home/capstone/project/test_files/000123.html.v-society
[4936] 754f2022b72da70 O /home/capstone/project/test_files/000471.txt
[4936] 754f2022b72da70 O /home/capstone/project/test_files/000471.txt.v-society
[4936] 754f2022b72da70 O /home/capstone/project/test_files/000776.xls
[4936] 754f2022b72da70 O /home/capstone/project/test_files/000776.xls.v-society
[4936] 754f2022b72da70 O /home/capstone/project/test_files/000502.txt.v-society
[4936] 754f2022b72da70 O /home/capstone/project/test_files/000028.pdf
[4936] 754f2022b72da70 O /home/capstone/project/test_files/000312.ppt.v-society.README_TO_RESTORE
[4936] 754f2022b72da70 O /home/capstone/project/test_files/000028.pdf.v-society
[4936] 754f2022b72da70 C /home/capstone/project/test_files/000630.pdf.v-society.README_TO_RESTORE
[4936] 754f2022b72da70 O /home/capstone/project/test_files/000630.pdf.v-society.README_TO_RESTORE
[4936] 754f2022b72da70 C /home/capstone/project/test_files/000537.gif.v-society.README_TO_RESTORE
[4936] 754f2022b72da70 O /home/capstone/project/test_files/000537.gif.v-society.README_TO_RESTORE
[4936] 754f2022b72da70 C /home/capstone/project/test_files/000168.pdf.v-society.README_TO_RESTORE
[4936] 754f2022b72da70 O /home/capstone/project/test_files/000168.pdf.v-society.README_TO_RESTORE
[4936] 754f2022b72da70 C /home/capstone/project/test_files/000123.html.v-society.README_TO_RESTORE
[4936] 754f2022b72da70 O /home/capstone/project/test_files/000123.html.v-society.README_TO_RESTORE
[4936] 754f2022b72da70 O /home/capstone/project/test_files/000270.pdf
[4936] 754f2022b72da70 O /home/capstone/project/test_files/000270.pdf.v-society
[4936] 754f2022b72da70 O /home/capstone/project/test_files/000464.txt
[4936] 754f2022b72da70 O /home/capstone/project/test_files/000464.txt.v-society
[4936] 754f2022b72da70 O /home/capstone/project/test_files/000401.xls
[4936] 754f2022b72da70 O /home/capstone/project/test_files/000351.pdf
[4936] 754f2022b72da70 O /home/capstone/project/test_files/000351.pdf.v-society
[4936] 754f2022b72da70 O /home/capstone/project/test_files/000438.html
[4936] 754f2022b72da70 O /home/capstone/project/test_files/000401.xls.v-society
[4936] 754f2022b72da70 O /home/capstone/project/test_files/000438.html.v-society
[4936] 754f2022b72da70 C /home/capstone/project/test_files/000417.jpg.v-society.README_TO_RESTORE
[4936] 754f2022b72da70 O /home/capstone/project/test_files/000417.jpg.v-society.README_TO_RESTORE
[4936] 754f2022b72da70 C /home/capstone/project/test_files/000252.pdf.v-society.README_TO_RESTORE
[4936] 754f2022b72da70 O /home/capstone/project/test_files/000252.pdf.v-society.README_TO_RESTORE
[4936] 754f2022b72da70 O /home/capstone/project/test_files/000077.html
[4936] 754f2022b72da70 O /home/capstone/project/test_files/000077.html.v-society
[4936] 754f2022b72da70 O /home/capstone/project/test_files/000323.ppt
[4936] 754f2022b72da70 O /home/capstone/project/test_files/000323.ppt.v-society
[4936] 754f2022b72da70 C /home/capstone/project/test_files/000502.txt.v-society.README_TO_RESTORE
[4936] 754f2022b72da70 O /home/capstone/project/test_files/000502.txt.v-society.README_TO_RESTORE
[4936] 754f2022b72da70 O /home/capstone/project/test_files/000764.csv
[4936] 754f2022b72da70 O /home/capstone/project/test_files/000764.csv.v-society
[4936] 754f2022b72da70 C /home/capstone/project/test_files/000471.txt.v-society.README_TO_RESTORE
[4936] 754f2022b72da70 O /home/capstone/project/test_files/000471.txt.v-society.README_TO_RESTORE
[4936] 754f2022b72da70 C /home/capstone/project/test_files/000776.xls.v-society.README_TO_RESTORE
[4936] 754f2022b72da70 O /home/capstone/project/test_files/000776.xls.v-society.README_TO_RESTORE
[4936] 754f2022b72da70 C /home/capstone/project/test_files/000028.pdf.v-society.README_TO_RESTORE
[4936] 754f2022b72da70 O /home/capstone/project/test_files/000028.pdf.v-society.README_TO_RESTORE
[4936] 754f2022b72da70 C /home/capstone/project/test_files/000401.xls.v-society.README_TO_RESTORE
[4936] 754f2022b72da70 O /home/capstone/project/test_files/000401.xls.v-society.README_TO_RESTORE
[4936] 754f2022b72da70 O /home/capstone/project/test_files/000462.txt
[4936] 754f2022b72da70 O /home/capstone/project/test_files/000462.txt.v-society
[4936] 754f2022b72da70 C /home/capstone/project/test_files/000323.ppt.v-society.README_TO_RESTORE
[4936] 754f2022b72da70 O /home/capstone/project/test_files/000323.ppt.v-society.README_TO_RESTORE
[4936] 754f2022b72da70 C /home/capstone/project/test_files/000270.pdf.v-society.README_TO_RESTORE
[4936] 754f2022b72da70 O /home/capstone/project/test_files/000270.pdf.v-society.README_TO_RESTORE
[4936] 754f2022b72da70 C /home/capstone/project/test_files/000438.html.v-society.README_TO_RESTORE
[4936] 754f2022b72da70 C /home/capstone/project/test_files/000077.html.v-society.README_TO_RESTORE
[4936] 754f2022b72da70 O /home/capstone/project/test_files/000077.html.v-society.README_TO_RESTORE
[4936] 754f2022b72da70 O /home/capstone/project/test_files/000438.html.v-society.README_TO_RESTORE
[4936] 754f2022b72da70 C /home/capstone/project/test_files/000351.pdf.v-society.README_TO_RESTORE
[4936] 754f2022b72da70 O /home/capstone/project/test_files/000351.pdf.v-society.README_TO_RESTORE
[4936] 754f2022b72da70 O /home/capstone/project/test_files/000770.pdf
[4936] 754f2022b72da70 O /home/capstone/project/test_files/000770.pdf.v-society
[4936] 754f2022b72da70 O /home/capstone/project/test_files/000826.pdf
[4936] 754f2022b72da70 O /home/capstone/project/test_files/000826.pdf.v-society
[4936] 754f2022b72da70 O /home/capstone/project/test_files/000719.ppt
[4936] 754f2022b72da70 O /home/capstone/project/test_files/000719.ppt.v-society
[4936] 754f2022b72da70 O /home/capstone/project/test_files/000774.ps
[4936] 754f2022b72da70 O /home/capstone/project/test_files/000774.ps.v-society
[4936] 754f2022b72da70 O /home/capstone/project/test_files/000946.doc
[4936] 754f2022b72da70 O /home/capstone/project/test_files/000946.doc.v-society
[4936] 754f2022b72da70 O /home/capstone/project/test_files/000635.html
[4936] 754f2022b72da70 O /home/capstone/project/test_files/000635.html.v-society
[4936] 754f2022b72da70 C /home/capstone/project/test_files/000764.csv.v-society.README_TO_RESTORE
[4936] 754f2022b72da70 O /home/capstone/project/test_files/000764.csv.v-society.README_TO_RESTORE
[4936] 754f2022b72da70 C /home/capstone/project/test_files/000464.txt.v-society.README_TO_RESTORE
[4936] 754f2022b72da70 O /home/capstone/project/test_files/000120.doc
[4936] 754f2022b72da70 O /home/capstone/project/test_files/000464.txt.v-society.README_TO_RESTORE
[4936] 754f2022b72da70 O /home/capstone/project/test_files/000120.doc.v-society
[4936] 754f2022b72da70 O /home/capstone/project/test_files/000257.rtf
[4936] 754f2022b72da70 O /home/capstone/project/test_files/000147.pdf
[4936] 754f2022b72da70 O /home/capstone/project/test_files/000257.rtf.v-society
[4936] 754f2022b72da70 O /home/capstone/project/test_files/000147.pdf.v-society
[4936] 754f2022b72da70 C /home/capstone/project/test_files/000770.pdf.v-society.README_TO_RESTORE
[4936] 754f2022b72da70 O /home/capstone/project/test_files/000770.pdf.v-society.README_TO_RESTORE
[4936] 754f2022b72da70 O /home/capstone/project/test_files/000836.txt
[4936] 754f2022b72da70 O /home/capstone/project/test_files/000836.txt.v-society
[4936] 754f2022b72da70 O /home/capstone/project/test_files/000538.gif
[4936] 754f2022b72da70 O /home/capstone/project/test_files/000538.gif.v-society
[4936] 754f2022b72da70 C /home/capstone/project/test_files/000946.doc.v-society.README_TO_RESTORE
[4936] 754f2022b72da70 O /home/capstone/project/test_files/000946.doc.v-society.README_TO_RESTORE
[4936] 754f2022b72da70 O /home/capstone/project/test_files/000154.doc
[4936] 754f2022b72da70 O /home/capstone/project/test_files/000154.doc.v-society
[4936] 754f2022b72da70 C /home/capstone/project/test_files/000826.pdf.v-society.README_TO_RESTORE
[4936] 754f2022b72da70 O /home/capstone/project/test_files/000826.pdf.v-society.README_TO_RESTORE
[4936] 754f2022b72da70 C /home/capstone/project/test_files/000635.html.v-society.README_TO_RESTORE
[4936] 754f2022b72da70 C /home/capstone/project/test_files/000462.txt.v-society.README_TO_RESTORE
[4936] 754f2022b72da70 O /home/capstone/project/test_files/000635.html.v-society.README_TO_RESTORE
[4936] 754f2022b72da70 O /home/capstone/project/test_files/000462.txt.v-society.README_TO_RESTORE
[4936] 754f2022b72da70 O /home/capstone/project/test_files/000484.txt
[4936] 754f2022b72da70 O /home/capstone/project/test_files/000484.txt.v-society
[4936] 754f2022b72da70 O /home/capstone/project/test_files/000340.pdf
[4936] 754f2022b72da70 O /home/capstone/project/test_files/000340.pdf.v-society
[4936] 754f2022b72da70 O /home/capstone/project/test_files/000185.html
[4936] 754f2022b72da70 O /home/capstone/project/test_files/000185.html.v-society
[4936] 754f2022b72da70 C /home/capstone/project/test_files/000836.txt.v-society.README_TO_RESTORE
[4936] 754f2022b72da70 O /home/capstone/project/test_files/000836.txt.v-society.README_TO_RESTORE
[4936] 754f2022b72da70 O /home/capstone/project/test_files/000001.doc
[4936] 754f2022b72da70 O /home/capstone/project/test_files/000001.doc.v-society
[4936] 754f2022b72da70 C /home/capstone/project/test_files/000538.gif.v-society.README_TO_RESTORE
[4936] 754f2022b72da70 C /home/capstone/project/test_files/000257.rtf.v-society.README_TO_RESTORE
[4936] 754f2022b72da70 O /home/capstone/project/test_files/000563.gif
[4936] 754f2022b72da70 C /home/capstone/project/test_files/000484.txt.v-society.README_TO_RESTORE
[4936] 754f2022b72da70 O /home/capstone/project/test_files/000719.ppt.v-society.README_TO_RESTORE
[4936] 754f2022b72da70 O /home/capstone/project/test_files/000538.gif.v-society.README_TO_RESTORE
[4936] 754f2022b72da70 O /home/capstone/project/test_files/000563.gif.v-society
[4936] 754f2022b72da70 O /home/capstone/project/test_files/000257.rtf.v-society.README_TO_RESTORE
[4936] 754f2022b72da70 O /home/capstone/project/test_files/000484.txt.v-society.README_TO_RESTORE
[4936] 754f2022b72da70 O /home/capstone/project/test_files/000780.xls
[4936] 754f2022b72da70 O /home/capstone/project/test_files/000780.xls.v-society
[4936] 754f2022b72da70 O /home/capstone/project/test_files/000316.pdf
[4936] 754f2022b72da70 O /home/capstone/project/test_files/000316.pdf.v-society
[4936] 754f2022b72da70 C /home/capstone/project/test_files/000154.doc.v-society.README_TO_RESTORE
[4936] 754f2022b72da70 O /home/capstone/project/test_files/000154.doc.v-society.README_TO_RESTORE
[4936] 754f2022b72da70 C /home/capstone/project/test_files/000774.ps.v-society.README_TO_RESTORE
[4936] 754f2022b72da70 O /home/capstone/project/test_files/000774.ps.v-society.README_TO_RESTORE
[4936] 754f2022b72da70 C /home/capstone/project/test_files/000340.pdf.v-society.README_TO_RESTORE
[4936] 754f2022b72da70 O /home/capstone/project/test_files/000340.pdf.v-society.README_TO_RESTORE
[4936] 754f2022b72da70 C /home/capstone/project/test_files/000147.pdf.v-society.README_TO_RESTORE
[4936] 754f2022b72da70 C /home/capstone/project/test_files/000120.doc.v-society.README_TO_RESTORE
[4936] 754f2022b72da70 O /home/capstone/project/test_files/000147.pdf.v-society.README_TO_RESTORE
[4936] 754f2022b72da70 O /home/capstone/project/test_files/000120.doc.v-society.README_TO_RESTORE
[4936] 754f2022b72da70 C /home/capstone/project/test_files/000001.doc.v-society.README_TO_RESTORE
[4936] 754f2022b72da70 O /home/capstone/project/test_files/000001.doc.v-society.README_TO_RESTORE
[4936] 754f2022b72da70 C /home/capstone/project/test_files/000563.gif.v-society.README_TO_RESTORE
[4936] 754f2022b72da70 C /home/capstone/project/test_files/000780.xls.v-society.README_TO_RESTORE
[4936] 754f2022b72da70 O /home/capstone/project/test_files/000780.xls.v-society.README_TO_RESTORE
[4936] 754f2022b72da70 C /home/capstone/project/test_files/000185.html.v-society.README_TO_RESTORE
[4936] 754f2022b72da70 O /home/capstone/project/test_files/000185.html.v-society.README_TO_RESTORE
[4936] 754f2022b72da70 O /home/capstone/project/test_files/000126.doc
[4936] 754f2022b72da70 O /home/capstone/project/test_files/000126.doc.v-society
[4936] 754f2022b72da70 O /home/capstone/project/test_files/000067.xml
[4936] 754f2022b72da70 O /home/capstone/project/test_files/000067.xml.v-society
[4936] 754f2022b72da70 O /home/capstone/project/test_files/000135.pdf
[4936] 754f2022b72da70 O /home/capstone/project/test_files/000135.pdf.v-society
[4936] 754f2022b72da70 O /home/capstone/project/test_files/000293.ppt
[4936] 754f2022b72da70 O /home/capstone/project/test_files/000293.ppt.v-society
[4936] 754f2022b72da70 O /home/capstone/project/test_files/000263.pdf
[4936] 754f2022b72da70 O /home/capstone/project/test_files/000402.xls
[4936] 754f2022b72da70 O /home/capstone/project/test_files/000402.xls.v-society
[4936] 754f2022b72da70 O /home/capstone/project/test_files/000263.pdf.v-society
[4936] 754f2022b72da70 O /home/capstone/project/test_files/000563.gif.v-society.README_TO_RESTORE
[4936] 754f2022b72da70 O /home/capstone/project/test_files/000287.doc
[4936] 754f2022b72da70 O /home/capstone/project/test_files/000287.doc.v-society
[4936] 754f2022b72da70 C /home/capstone/project/test_files/000316.pdf.v-society.README_TO_RESTORE
[4936] 754f2022b72da70 O /home/capstone/project/test_files/000316.pdf.v-society.README_TO_RESTORE
[4936] 754f2022b72da70 C /home/capstone/project/test_files/000126.doc.v-society.README_TO_RESTORE
[4936] 754f2022b72da70 O /home/capstone/project/test_files/000126.doc.v-society.README_TO_RESTORE
[4936] 754f2022b72da70 O /home/capstone/project/test_files/000102.txt
[4936] 754f2022b72da70 O /home/capstone/project/test_files/000102.txt.v-society
[4936] 754f2022b72da70 O /home/capstone/project/test_files/000205.html
[4936] 754f2022b72da70 O /home/capstone/project/test_files/000205.html.v-society
[4936] 754f2022b72da70 O /home/capstone/project/test_files/000824.html
[4936] 754f2022b72da70 O /home/capstone/project/test_files/000824.html.v-society
[4936] 754f2022b72da70 C /home/capstone/project/test_files/000263.pdf.v-society.README_TO_RESTORE
[4936] 754f2022b72da70 O /home/capstone/project/test_files/000263.pdf.v-society.README_TO_RESTORE
[4936] 754f2022b72da70 C /home/capstone/project/test_files/000287.doc.v-society.README_TO_RESTORE
[4936] 754f2022b72da70 O /home/capstone/project/test_files/000287.doc.v-society.README_TO_RESTORE
[4936] 754f2022b72da70 C /home/capstone/project/test_files/000102.txt.v-society.README_TO_RESTORE
[4936] 754f2022b72da70 O /home/capstone/project/test_files/000102.txt.v-society.README_TO_RESTORE
[4936] 754f2022b72da70 O /home/capstone/project/test_files/000042.xls
[4936] 754f2022b72da70 O /home/capstone/project/test_files/000042.xls.v-society
[4936] 754f2022b72da70 C /home/capstone/project/test_files/000402.xls.v-society.README_TO_RESTORE
[4936] 754f2022b72da70 O /home/capstone/project/test_files/000402.xls.v-society.README_TO_RESTORE
[4936] 754f2022b72da70 O /home/capstone/project/test_files/000430.html
[4936] 754f2022b72da70 O /home/capstone/project/test_files/000430.html.v-society
[4936] 754f2022b72da70 C /home/capstone/project/test_files/000067.xml.v-society.README_TO_RESTORE
[4936] 754f2022b72da70 O /home/capstone/project/test_files/000067.xml.v-society.README_TO_RESTORE
[4936] 754f2022b72da70 O /home/capstone/project/test_files/000739.pdf
[4936] 754f2022b72da70 O /home/capstone/project/test_files/000739.pdf.v-society
[4936] 754f2022b72da70 O /home/capstone/project/test_files/000932.txt
[4936] 754f2022b72da70 O /home/capstone/project/test_files/000932.txt.v-society
[4936] 754f2022b72da70 O /home/capstone/project/test_files/000054.xls
[4936] 754f2022b72da70 O /home/capstone/project/test_files/000054.xls.v-society
[4936] 754f2022b72da70 C /home/capstone/project/test_files/000293.ppt.v-society.README_TO_RESTORE
[4936] 754f2022b72da70 O /home/capstone/project/test_files/000293.ppt.v-society.README_TO_RESTORE
[4936] 754f2022b72da70 O /home/capstone/project/test_files/000988.ppt
[4936] 754f2022b72da70 O /home/capstone/project/test_files/000988.ppt.v-society
[4936] 754f2022b72da70 C /home/capstone/project/test_files/000135.pdf.v-society.README_TO_RESTORE
[4936] 754f2022b72da70 O /home/capstone/project/test_files/000135.pdf.v-society.README_TO_RESTORE
[4936] 754f2022b72da70 C /home/capstone/project/test_files/000824.html.v-society.README_TO_RESTORE
[4936] 754f2022b72da70 C /home/capstone/project/test_files/000054.xls.v-society.README_TO_RESTORE
[4936] 754f2022b72da70 O /home/capstone/project/test_files/000985.ppt
[4936] 754f2022b72da70 O /home/capstone/project/test_files/000636.html
[4936] 754f2022b72da70 O /home/capstone/project/test_files/000333.pdf
[4936] 754f2022b72da70 C /home/capstone/project/test_files/000205.html.v-society.README_TO_RESTORE
[4936] 754f2022b72da70 C /home/capstone/project/test_files/000988.ppt.v-society.README_TO_RESTORE
[4936] 754f2022b72da70 C /home/capstone/project/test_files/000042.xls.v-society.README_TO_RESTORE
[4936] 754f2022b72da70 O /home/capstone/project/test_files/000824.html.v-society.README_TO_RESTORE
[4936] 754f2022b72da70 C /home/capstone/project/test_files/000430.html.v-society.README_TO_RESTORE
[4936] 754f2022b72da70 C /home/capstone/project/test_files/000932.txt.v-society.README_TO_RESTORE
[4936] 754f2022b72da70 O /home/capstone/project/test_files/000054.xls.v-society.README_TO_RESTORE
[4936] 754f2022b72da70 O /home/capstone/project/test_files/000985.ppt.v-society
[4936] 754f2022b72da70 O /home/capstone/project/test_files/000636.html.v-society
[4936] 754f2022b72da70 O /home/capstone/project/test_files/000281.doc
[4936] 754f2022b72da70 O /home/capstone/project/test_files/000281.doc.v-society
[4936] 754f2022b72da70 O /home/capstone/project/test_files/000333.pdf.v-society
[4936] 754f2022b72da70 O /home/capstone/project/test_files/000205.html.v-society.README_TO_RESTORE
[4936] 754f2022b72da70 O /home/capstone/project/test_files/000867.jpg
[4936] 754f2022b72da70 O /home/capstone/project/test_files/000867.jpg.v-society
[4936] 754f2022b72da70 O /home/capstone/project/test_files/000988.ppt.v-society.README_TO_RESTORE
[4936] 754f2022b72da70 O /home/capstone/project/test_files/000042.xls.v-society.README_TO_RESTORE
[4936] 754f2022b72da70 O /home/capstone/project/test_files/000220.txt
[4936] 754f2022b72da70 O /home/capstone/project/test_files/000220.txt.v-society
[4936] 754f2022b72da70 O /home/capstone/project/test_files/000430.html.v-society.README_TO_RESTORE
[4936] 754f2022b72da70 O /home/capstone/project/test_files/000229.txt
[4936] 754f2022b72da70 O /home/capstone/project/test_files/000229.txt.v-society
[4936] 754f2022b72da70 O /home/capstone/project/test_files/000284.txt
[4936] 754f2022b72da70 O /home/capstone/project/test_files/000284.txt.v-society
[4936] 754f2022b72da70 O /home/capstone/project/test_files/000932.txt.v-society.README_TO_RESTORE
[4936] 754f2022b72da70 O /home/capstone/project/test_files/000107.jpg
[4936] 754f2022b72da70 O /home/capstone/project/test_files/000107.jpg.v-society
[4936] 754f2022b72da70 C /home/capstone/project/test_files/000739.pdf.v-society.README_TO_RESTORE
[4936] 754f2022b72da70 O /home/capstone/project/test_files/000739.pdf.v-society.README_TO_RESTORE
[4936] 754f2022b72da70 O /home/capstone/project/test_files/000619.txt
[4936] 754f2022b72da70 O /home/capstone/project/test_files/000619.txt.v-society
[4936] 754f2022b72da70 O /home/capstone/project/test_files/000898.html
[4936] 754f2022b72da70 O /home/capstone/project/test_files/000898.html.v-society
[4936] 754f2022b72da70 C /home/capstone/project/test_files/000636.html.v-society.README_TO_RESTORE
[4936] 754f2022b72da70 O /home/capstone/project/test_files/000636.html.v-society.README_TO_RESTORE
[4936] 754f2022b72da70 C /home/capstone/project/test_files/000107.jpg.v-society.README_TO_RESTORE
[4936] 754f2022b72da70 O /home/capstone/project/test_files/000107.jpg.v-society.README_TO_RESTORE
[4936] 754f2022b72da70 O /home/capstone/project/test_files/000678.doc
[4936] 754f2022b72da70 O /home/capstone/project/test_files/000678.doc.v-society
[4936] 754f2022b72da70 C /home/capstone/project/test_files/000985.ppt.v-society.README_TO_RESTORE
[4936] 754f2022b72da70 O /home/capstone/project/test_files/000985.ppt.v-society.README_TO_RESTORE
[4936] 754f2022b72da70 C /home/capstone/project/test_files/000281.doc.v-society.README_TO_RESTORE
[4936] 754f2022b72da70 O /home/capstone/project/test_files/000281.doc.v-society.README_TO_RESTORE
[4936] 754f2022b72da70 C /home/capstone/project/test_files/000867.jpg.v-society.README_TO_RESTORE
[4936] 754f2022b72da70 O /home/capstone/project/test_files/000867.jpg.v-society.README_TO_RESTORE
[4936] 754f2022b72da70 C /home/capstone/project/test_files/000284.txt.v-society.README_TO_RESTORE
[4936] 754f2022b72da70 O /home/capstone/project/test_files/000284.txt.v-society.README_TO_RESTORE
[4936] 754f2022b72da70 O /home/capstone/project/test_files/000605.pdf
[4936] 754f2022b72da70 O /home/capstone/project/test_files/000605.pdf.v-society
[4936] 754f2022b72da70 O /home/capstone/project/test_files/000016.pdf
[4936] 754f2022b72da70 O /home/capstone/project/test_files/000016.pdf.v-society
[4936] 754f2022b72da70 O /home/capstone/project/test_files/000328.ppt
[4936] 754f2022b72da70 O /home/capstone/project/test_files/000328.ppt.v-society
[4936] 754f2022b72da70 C /home/capstone/project/test_files/000333.pdf.v-society.README_TO_RESTORE
[4936] 754f2022b72da70 O /home/capstone/project/test_files/000333.pdf.v-society.README_TO_RESTORE
[4936] 754f2022b72da70 O /home/capstone/project/test_files/000297.ppt
[4936] 754f2022b72da70 O /home/capstone/project/test_files/000297.ppt.v-society
[4936] 754f2022b72da70 C /home/capstone/project/test_files/000229.txt.v-society.README_TO_RESTORE
[4936] 754f2022b72da70 O /home/capstone/project/test_files/000229.txt.v-society.README_TO_RESTORE
[4936] 754f2022b72da70 O /home/capstone/project/test_files/000801.doc
[4936] 754f2022b72da70 O /home/capstone/project/test_files/000801.doc.v-society
[4936] 754f2022b72da70 O /home/capstone/project/test_files/000501.txt
[4936] 754f2022b72da70 O /home/capstone/project/test_files/000501.txt.v-society
[4936] 754f2022b72da70 O /home/capstone/project/test_files/000282.pdf
[4936] 754f2022b72da70 O /home/capstone/project/test_files/000282.pdf.v-society
[4936] 754f2022b72da70 C /home/capstone/project/test_files/000898.html.v-society.README_TO_RESTORE
[4936] 754f2022b72da70 O /home/capstone/project/test_files/000898.html.v-society.README_TO_RESTORE
[4936] 754f2022b72da70 O /home/capstone/project/test_files/000570.pdf
[4936] 754f2022b72da70 O /home/capstone/project/test_files/000570.pdf.v-society
[4936] 754f2022b72da70 O /home/capstone/project/test_files/000593.pdf
[4936] 754f2022b72da70 O /home/capstone/project/test_files/000593.pdf.v-society
[4936] 754f2022b72da70 C /home/capstone/project/test_files/000220.txt.v-society.README_TO_RESTORE
[4936] 754f2022b72da70 O /home/capstone/project/test_files/000220.txt.v-society.README_TO_RESTORE
[4936] 754f2022b72da70 C /home/capstone/project/test_files/000016.pdf.v-society.README_TO_RESTORE
[4936] 754f2022b72da70 O /home/capstone/project/test_files/000016.pdf.v-society.README_TO_RESTORE
[4936] 754f2022b72da70 C /home/capstone/project/test_files/000801.doc.v-society.README_TO_RESTORE
[4936] 754f2022b72da70 O /home/capstone/project/test_files/000801.doc.v-society.README_TO_RESTORE
[2220] dbus-daemon O /home/capstone/.local/share/dbus-1/services
[4936] 754f2022b72da70 O /home/capstone/project/test_files/000971.doc
[4936] 754f2022b72da70 O /home/capstone/project/test_files/000971.doc.v-society
[4936] 754f2022b72da70 O /home/capstone/project/test_files/000553.html
[4936] 754f2022b72da70 O /home/capstone/project/test_files/000553.html.v-society
[4936] 754f2022b72da70 C /home/capstone/project/test_files/000570.pdf.v-society.README_TO_RESTORE
[4936] 754f2022b72da70 O /home/capstone/project/test_files/000570.pdf.v-society.README_TO_RESTORE
[4936] 754f2022b72da70 C /home/capstone/project/test_files/000593.pdf.v-society.README_TO_RESTORE
[4936] 754f2022b72da70 O /home/capstone/project/test_files/000593.pdf.v-society.README_TO_RESTORE
[4936] 754f2022b72da70 O /home/capstone/project/test_files/000973.doc
[4936] 754f2022b72da70 O /home/capstone/project/test_files/000973.doc.v-society
[4936] 754f2022b72da70 O /home/capstone/project/test_files/000112.wp
[4936] 754f2022b72da70 O /home/capstone/project/test_files/000112.wp.v-society
[4936] 754f2022b72da70 C /home/capstone/project/test_files/000297.ppt.v-society.README_TO_RESTORE
[4936] 754f2022b72da70 O /home/capstone/project/test_files/000297.ppt.v-society.README_TO_RESTORE
[4936] 754f2022b72da70 C /home/capstone/project/test_files/000605.pdf.v-society.README_TO_RESTORE
[4936] 754f2022b72da70 O /home/capstone/project/test_files/000605.pdf.v-society.README_TO_RESTORE
[4936] 754f2022b72da70 C /home/capstone/project/test_files/000619.txt.v-society.README_TO_RESTORE
[4936] 754f2022b72da70 O /home/capstone/project/test_files/000619.txt.v-society.README_TO_RESTORE
[4936] 754f2022b72da70 C /home/capstone/project/test_files/000678.doc.v-society.README_TO_RESTORE
[4936] 754f2022b72da70 O /home/capstone/project/test_files/000678.doc.v-society.README_TO_RESTORE
[4936] 754f2022b72da70 O /home/capstone/project/test_files/000148.doc
[4936] 754f2022b72da70 O /home/capstone/project/test_files/000148.doc.v-society
[4936] 754f2022b72da70 O /home/capstone/project/test_files/000245.jpg
[4936] 754f2022b72da70 O /home/capstone/project/test_files/000245.jpg.v-society
[4936] 754f2022b72da70 O /home/capstone/project/test_files/000571.pdf
[4936] 754f2022b72da70 O /home/capstone/project/test_files/000571.pdf.v-society
[4936] 754f2022b72da70 C /home/capstone/project/test_files/000112.wp.v-society.README_TO_RESTORE
[4936] 754f2022b72da70 O /home/capstone/project/test_files/000112.wp.v-society.README_TO_RESTORE
[4936] 754f2022b72da70 C /home/capstone/project/test_files/000501.txt.v-society.README_TO_RESTORE
[4936] 754f2022b72da70 O /home/capstone/project/test_files/000501.txt.v-society.README_TO_RESTORE
[4936] 754f2022b72da70 O /home/capstone/project/test_files/000607.html
[4936] 754f2022b72da70 O /home/capstone/project/test_files/000607.html.v-society
[4936] 754f2022b72da70 O /home/capstone/project/test_files/000505.jpg
[4936] 754f2022b72da70 O /home/capstone/project/test_files/000505.jpg.v-society
[4936] 754f2022b72da70 C /home/capstone/project/test_files/000973.doc.v-society.README_TO_RESTORE
[4936] 754f2022b72da70 O /home/capstone/project/test_files/000973.doc.v-society.README_TO_RESTORE
[4936] 754f2022b72da70 O /home/capstone/project/test_files/000968.jpg
[4936] 754f2022b72da70 O /home/capstone/project/test_files/000968.jpg.v-society
[4936] 754f2022b72da70 C /home/capstone/project/test_files/000282.pdf.v-society.README_TO_RESTORE
[4936] 754f2022b72da70 O /home/capstone/project/test_files/000282.pdf.v-society.README_TO_RESTORE
[4936] 754f2022b72da70 C /home/capstone/project/test_files/000553.html.v-society.README_TO_RESTORE
[4936] 754f2022b72da70 O /home/capstone/project/test_files/000553.html.v-society.README_TO_RESTORE
[4936] 754f2022b72da70 O /home/capstone/project/test_files/000240.jpg
[4936] 754f2022b72da70 O /home/capstone/project/test_files/000240.jpg.v-society
[4936] 754f2022b72da70 O /home/capstone/project/test_files/000158.doc
[4936] 754f2022b72da70 O /home/capstone/project/test_files/000158.doc.v-society
[4936] 754f2022b72da70 O /home/capstone/project/test_files/000075.html
[4936] 754f2022b72da70 O /home/capstone/project/test_files/000075.html.v-society
[4936] 754f2022b72da70 C /home/capstone/project/test_files/000328.ppt.v-society.README_TO_RESTORE
[4936] 754f2022b72da70 C /home/capstone/project/test_files/000968.jpg.v-society.README_TO_RESTORE
[4936] 754f2022b72da70 O /home/capstone/project/test_files/000968.jpg.v-society.README_TO_RESTORE
[4936] 754f2022b72da70 O /home/capstone/project/test_files/000328.ppt.v-society.README_TO_RESTORE
[4936] 754f2022b72da70 O /home/capstone/project/test_files/000864.txt
[4936] 754f2022b72da70 O /home/capstone/project/test_files/000864.txt.v-society
[4936] 754f2022b72da70 C /home/capstone/project/test_files/000971.doc.v-society.README_TO_RESTORE
[4936] 754f2022b72da70 O /home/capstone/project/test_files/000971.doc.v-society.README_TO_RESTORE
[4936] 754f2022b72da70 C /home/capstone/project/test_files/000240.jpg.v-society.README_TO_RESTORE
[4936] 754f2022b72da70 O /home/capstone/project/test_files/000240.jpg.v-society.README_TO_RESTORE
[4936] 754f2022b72da70 O /home/capstone/project/test_files/000575.csv
[4936] 754f2022b72da70 O /home/capstone/project/test_files/000575.csv.v-society
[4936] 754f2022b72da70 O /home/capstone/project/test_files/000734.ps
[4936] 754f2022b72da70 O /home/capstone/project/test_files/000734.ps.v-society
[4936] 754f2022b72da70 O /home/capstone/project/test_files/000330.ppt
[4936] 754f2022b72da70 O /home/capstone/project/test_files/000330.ppt.v-society
[2421] gnome-shell O /home/capstone/.icons/Yaru/cursors/default
[2421] gnome-shell O /home/capstone/.icons/Yaru/index.theme
[4936] 754f2022b72da70 C /home/capstone/project/test_files/000245.jpg.v-society.README_TO_RESTORE
[2946] pool-org.gnome. O /home/capstone/project/venv/lib/python3.12
[4936] 754f2022b72da70 O /home/capstone/project/test_files/000245.jpg.v-society.README_TO_RESTORE
[4936] 754f2022b72da70 C /home/capstone/project/test_files/000075.html.v-society.README_TO_RESTORE
[4936] 754f2022b72da70 O /home/capstone/project/test_files/000075.html.v-society.README_TO_RESTORE
[4936] 754f2022b72da70 C /home/capstone/project/test_files/000148.doc.v-society.README_TO_RESTORE
[4936] 754f2022b72da70 O /home/capstone/project/test_files/000350.pdf
[4936] 754f2022b72da70 O /home/capstone/project/test_files/000486.txt
[4936] 754f2022b72da70 C /home/capstone/project/test_files/000607.html.v-society.README_TO_RESTORE
[4936] 754f2022b72da70 C /home/capstone/project/test_files/000158.doc.v-society.README_TO_RESTORE
[4936] 754f2022b72da70 C /home/capstone/project/test_files/000571.pdf.v-society.README_TO_RESTORE
[4936] 754f2022b72da70 O /home/capstone/project/test_files/000486.txt.v-society
[4936] 754f2022b72da70 O /home/capstone/project/test_files/000350.pdf.v-society
[4936] 754f2022b72da70 O /home/capstone/project/test_files/000148.doc.v-society.README_TO_RESTORE
[4936] 754f2022b72da70 C /home/capstone/project/test_files/000734.ps.v-society.README_TO_RESTORE
[4936] 754f2022b72da70 O /home/capstone/project/test_files/000607.html.v-society.README_TO_RESTORE
[2421] gnome-shell O /home/capstone/.icons/Yaru/cursors/default
[2421] gnome-shell O /home/capstone/.icons/Yaru/index.theme
[4936] 754f2022b72da70 O /home/capstone/project/test_files/000158.doc.v-society.README_TO_RESTORE
[4936] 754f2022b72da70 O /home/capstone/project/test_files/000731.ps
[4936] 754f2022b72da70 O /home/capstone/project/test_files/000731.ps.v-society
[4936] 754f2022b72da70 C /home/capstone/project/test_files/000575.csv.v-society.README_TO_RESTORE
[4936] 754f2022b72da70 O /home/capstone/project/test_files/000575.csv.v-society.README_TO_RESTORE
[4936] 754f2022b72da70 O /home/capstone/project/test_files/000571.pdf.v-society.README_TO_RESTORE
[4936] 754f2022b72da70 O /home/capstone/project/test_files/000734.ps.v-society.README_TO_RESTORE
[4936] 754f2022b72da70 O /home/capstone/project/test_files/000405.xls
[4936] 754f2022b72da70 O /home/capstone/project/test_files/000405.xls.v-society
[4936] 754f2022b72da70 O /home/capstone/project/test_files/000622.txt
[4936] 754f2022b72da70 O /home/capstone/project/test_files/000622.txt.v-society
[4936] 754f2022b72da70 O /home/capstone/project/test_files/000706.doc
[4936] 754f2022b72da70 O /home/capstone/project/test_files/000706.doc.v-society
[4936] 754f2022b72da70 C /home/capstone/project/test_files/000505.jpg.v-society.README_TO_RESTORE
[4936] 754f2022b72da70 O /home/capstone/project/test_files/000505.jpg.v-society.README_TO_RESTORE
[4936] 754f2022b72da70 O /home/capstone/project/test_files/000997.ppt
[4936] 754f2022b72da70 O /home/capstone/project/test_files/000997.ppt.v-society
[4936] 754f2022b72da70 O /home/capstone/project/test_files/000682.jpg
[4936] 754f2022b72da70 O /home/capstone/project/test_files/000682.jpg.v-society
[4936] 754f2022b72da70 C /home/capstone/project/test_files/000864.txt.v-society.README_TO_RESTORE
[4936] 754f2022b72da70 O /home/capstone/project/test_files/000864.txt.v-society.README_TO_RESTORE
[4936] 754f2022b72da70 O /home/capstone/project/test_files/000429.html
[4936] 754f2022b72da70 O /home/capstone/project/test_files/000429.html.v-society
[4936] 754f2022b72da70 C /home/capstone/project/test_files/000350.pdf.v-society.README_TO_RESTORE
[4936] 754f2022b72da70 C /home/capstone/project/test_files/000330.ppt.v-society.README_TO_RESTORE
[4936] 754f2022b72da70 O /home/capstone/project/test_files/000350.pdf.v-society.README_TO_RESTORE
[4936] 754f2022b72da70 O /home/capstone/project/test_files/000330.ppt.v-society.README_TO_RESTORE
[4936] 754f2022b72da70 O /home/capstone/project/test_files/000038.xls
[4936] 754f2022b72da70 O /home/capstone/project/test_files/000038.xls.v-society
[4936] 754f2022b72da70 O /home/capstone/project/test_files/000912.jpg
[4936] 754f2022b72da70 O /home/capstone/project/test_files/000912.jpg.v-society
[4936] 754f2022b72da70 C /home/capstone/project/test_files/000997.ppt.v-society.README_TO_RESTORE
[4936] 754f2022b72da70 O /home/capstone/project/test_files/000997.ppt.v-society.README_TO_RESTORE
[4936] 754f2022b72da70 C /home/capstone/project/test_files/000706.doc.v-society.README_TO_RESTORE
[4936] 754f2022b72da70 C /home/capstone/project/test_files/000486.txt.v-society.README_TO_RESTORE
[4936] 754f2022b72da70 O /home/capstone/project/test_files/000486.txt.v-society.README_TO_RESTORE
[4936] 754f2022b72da70 C /home/capstone/project/test_files/000682.jpg.v-society.README_TO_RESTORE
[4936] 754f2022b72da70 O /home/capstone/project/test_files/000706.doc.v-society.README_TO_RESTORE
[4936] 754f2022b72da70 O /home/capstone/project/test_files/000682.jpg.v-society.README_TO_RESTORE
[2946] pool-org.gnome. O /home/capstone/project/venv/lib/python3.12
[4936] 754f2022b72da70 C /home/capstone/project/test_files/000731.ps.v-society.README_TO_RESTORE
[2946] pool-org.gnome. O /home/capstone/project/venv/lib/python3.12/site-packages
[4936] 754f2022b72da70 O /home/capstone/project/test_files/000731.ps.v-society.README_TO_RESTORE
[2946] pool-org.gnome. O /home/capstone/project/venv/lib/python3.12/site-packages/.hidden
[4936] 754f2022b72da70 C /home/capstone/project/test_files/000622.txt.v-society.README_TO_RESTORE
[4936] 754f2022b72da70 O /home/capstone/project/test_files/000622.txt.v-society.README_TO_RESTORE
[4936] 754f2022b72da70 C /home/capstone/project/test_files/000405.xls.v-society.README_TO_RESTORE
[4936] 754f2022b72da70 O /home/capstone/project/test_files/000405.xls.v-society.README_TO_RESTORE
[4936] 754f2022b72da70 C /home/capstone/project/test_files/000429.html.v-society.README_TO_RESTORE
[4936] 754f2022b72da70 O /home/capstone/project/test_files/000429.html.v-society.README_TO_RESTORE
[4936] 754f2022b72da70 O /home/capstone/project/test_files/000250.doc
[4936] 754f2022b72da70 O /home/capstone/project/test_files/000250.doc.v-society
[4936] 754f2022b72da70 O /home/capstone/project/test_files/000791.html
[4936] 754f2022b72da70 O /home/capstone/project/test_files/000791.html.v-society
[4936] 754f2022b72da70 O /home/capstone/project/test_files/000327.ppt
[4936] 754f2022b72da70 O /home/capstone/project/test_files/000327.ppt.v-society
[4936] 754f2022b72da70 O /home/capstone/project/test_files/000056.html
[4936] 754f2022b72da70 O /home/capstone/project/test_files/000056.html.v-society
[4936] 754f2022b72da70 O /home/capstone/project/test_files/000965.doc
[4936] 754f2022b72da70 O /home/capstone/project/test_files/000965.doc.v-society
[4936] 754f2022b72da70 O /home/capstone/project/test_files/000610.pdf
[4936] 754f2022b72da70 O /home/capstone/project/test_files/000610.pdf.v-society
[4936] 754f2022b72da70 O /home/capstone/project/test_files/000394.xls
[4936] 754f2022b72da70 O /home/capstone/project/test_files/000394.xls.v-society
[4936] 754f2022b72da70 C /home/capstone/project/test_files/000912.jpg.v-society.README_TO_RESTORE
[4936] 754f2022b72da70 O /home/capstone/project/test_files/000912.jpg.v-society.README_TO_RESTORE
[4936] 754f2022b72da70 C /home/capstone/project/test_files/000038.xls.v-society.README_TO_RESTORE
[4936] 754f2022b72da70 O /home/capstone/project/test_files/000450.html
[4936] 754f2022b72da70 O /home/capstone/project/test_files/000450.html.v-society
[4936] 754f2022b72da70 O /home/capstone/project/test_files/000038.xls.v-society.README_TO_RESTORE
[4936] 754f2022b72da70 C /home/capstone/project/test_files/000250.doc.v-society.README_TO_RESTORE
[4936] 754f2022b72da70 O /home/capstone/project/test_files/000250.doc.v-society.README_TO_RESTORE
[4936] 754f2022b72da70 O /home/capstone/project/test_files/000279.doc
[4936] 754f2022b72da70 O /home/capstone/project/test_files/000279.doc.v-society
[4936] 754f2022b72da70 O /home/capstone/project/test_files/000459.html
[4936] 754f2022b72da70 O /home/capstone/project/test_files/000459.html.v-society
[4936] 754f2022b72da70 O /home/capstone/project/test_files/000100.doc
[4936] 754f2022b72da70 O /home/capstone/project/test_files/000100.doc.v-society
[4936] 754f2022b72da70 C /home/capstone/project/test_files/000327.ppt.v-society.README_TO_RESTORE
[4936] 754f2022b72da70 O /home/capstone/project/test_files/000327.ppt.v-society.README_TO_RESTORE
[4936] 754f2022b72da70 C /home/capstone/project/test_files/000056.html.v-society.README_TO_RESTORE
[4936] 754f2022b72da70 O /home/capstone/project/test_files/000056.html.v-society.README_TO_RESTORE
[4936] 754f2022b72da70 O /home/capstone/project/test_files/000948.doc
[4936] 754f2022b72da70 O /home/capstone/project/test_files/000948.doc.v-society
[4936] 754f2022b72da70 C /home/capstone/project/test_files/000450.html.v-society.README_TO_RESTORE
[4936] 754f2022b72da70 O /home/capstone/project/test_files/000450.html.v-society.README_TO_RESTORE
[4936] 754f2022b72da70 O /home/capstone/project/test_files/000271.doc
[4936] 754f2022b72da70 O /home/capstone/project/test_files/000271.doc.v-society
[4936] 754f2022b72da70 C /home/capstone/project/test_files/000791.html.v-society.README_TO_RESTORE
[4936] 754f2022b72da70 O /home/capstone/project/test_files/000791.html.v-society.README_TO_RESTORE
[4936] 754f2022b72da70 O /home/capstone/project/test_files/000136.html
[4936] 754f2022b72da70 O /home/capstone/project/test_files/000136.html.v-society
[4936] 754f2022b72da70 O /home/capstone/project/test_files/000821.html
[4936] 754f2022b72da70 O /home/capstone/project/test_files/000821.html.v-society
[4936] 754f2022b72da70 C /home/capstone/project/test_files/000610.pdf.v-society.README_TO_RESTORE
[4936] 754f2022b72da70 O /home/capstone/project/test_files/000610.pdf.v-society.README_TO_RESTORE
[4936] 754f2022b72da70 C /home/capstone/project/test_files/000965.doc.v-society.README_TO_RESTORE
[4936] 754f2022b72da70 O /home/capstone/project/test_files/000965.doc.v-society.README_TO_RESTORE
[4936] 754f2022b72da70 C /home/capstone/project/test_files/000279.doc.v-society.README_TO_RESTORE
[4936] 754f2022b72da70 O /home/capstone/project/test_files/000279.doc.v-society.README_TO_RESTORE
[4936] 754f2022b72da70 C /home/capstone/project/test_files/000394.xls.v-society.README_TO_RESTORE
[4936] 754f2022b72da70 O /home/capstone/project/test_files/000394.xls.v-society.README_TO_RESTORE
[4936] 754f2022b72da70 O /home/capstone/project/test_files/000408.xls
[4936] 754f2022b72da70 O /home/capstone/project/test_files/000408.xls.v-society
[4936] 754f2022b72da70 O /home/capstone/project/test_files/000566.pdf
[4936] 754f2022b72da70 O /home/capstone/project/test_files/000566.pdf.v-society
[4936] 754f2022b72da70 C /home/capstone/project/test_files/000100.doc.v-society.README_TO_RESTORE
[4936] 754f2022b72da70 O /home/capstone/project/test_files/000100.doc.v-society.README_TO_RESTORE
[4936] 754f2022b72da70 O /home/capstone/project/test_files/000235.jpg
[4936] 754f2022b72da70 O /home/capstone/project/test_files/000235.jpg.v-society
[4936] 754f2022b72da70 O /home/capstone/project/test_files/000906.jpg
[4936] 754f2022b72da70 O /home/capstone/project/test_files/000906.jpg.v-society
[4936] 754f2022b72da70 C /home/capstone/project/test_files/000235.jpg.v-society.README_TO_RESTORE
[4936] 754f2022b72da70 O /home/capstone/project/test_files/000235.jpg.v-society.README_TO_RESTORE
[4936] 754f2022b72da70 C /home/capstone/project/test_files/000271.doc.v-society.README_TO_RESTORE
[4936] 754f2022b72da70 O /home/capstone/project/test_files/000271.doc.v-society.README_TO_RESTORE
[4936] 754f2022b72da70 O /home/capstone/project/test_files/000903.jpg
[4936] 754f2022b72da70 O /home/capstone/project/test_files/000024.pdf
[4936] 754f2022b72da70 O /home/capstone/project/test_files/000903.jpg.v-society
[4936] 754f2022b72da70 O /home/capstone/project/test_files/000024.pdf.v-society
[4936] 754f2022b72da70 C /home/capstone/project/test_files/000459.html.v-society.README_TO_RESTORE
[4936] 754f2022b72da70 O /home/capstone/project/test_files/000459.html.v-society.README_TO_RESTORE
[4936] 754f2022b72da70 O /home/capstone/project/test_files/000713.ppt
[4936] 754f2022b72da70 O /home/capstone/project/test_files/000713.ppt.v-society
[4936] 754f2022b72da70 O /home/capstone/project/test_files/000064.html
[4936] 754f2022b72da70 O /home/capstone/project/test_files/000064.html.v-society
[4936] 754f2022b72da70 O /home/capstone/project/test_files/000757.pdf
[4936] 754f2022b72da70 O /home/capstone/project/test_files/000757.pdf.v-society
[4936] 754f2022b72da70 C /home/capstone/project/test_files/000136.html.v-society.README_TO_RESTORE
[4936] 754f2022b72da70 O /home/capstone/project/test_files/000136.html.v-society.README_TO_RESTORE
[4936] 754f2022b72da70 O /home/capstone/project/test_files/000925.txt
[4936] 754f2022b72da70 O /home/capstone/project/test_files/000925.txt.v-society
[4936] 754f2022b72da70 O /home/capstone/project/test_files/000632.pdf
[4936] 754f2022b72da70 O /home/capstone/project/test_files/000632.pdf.v-society
[4936] 754f2022b72da70 C /home/capstone/project/test_files/000757.pdf.v-society.README_TO_RESTORE
[4936] 754f2022b72da70 O /home/capstone/project/test_files/000757.pdf.v-society.README_TO_RESTORE
[4936] 754f2022b72da70 C /home/capstone/project/test_files/000821.html.v-society.README_TO_RESTORE
[4936] 754f2022b72da70 O /home/capstone/project/test_files/000821.html.v-society.README_TO_RESTORE
[4936] 754f2022b72da70 C /home/capstone/project/test_files/000408.xls.v-society.README_TO_RESTORE
[4936] 754f2022b72da70 O /home/capstone/project/test_files/000408.xls.v-society.README_TO_RESTORE
[4936] 754f2022b72da70 C /home/capstone/project/test_files/000906.jpg.v-society.README_TO_RESTORE
[4936] 754f2022b72da70 O /home/capstone/project/test_files/000906.jpg.v-society.README_TO_RESTORE
[4936] 754f2022b72da70 O /home/capstone/project/test_files/000569.pdf
[4936] 754f2022b72da70 O /home/capstone/project/test_files/000569.pdf.v-society
[4936] 754f2022b72da70 O /home/capstone/project/test_files/000555.html
[4936] 754f2022b72da70 O /home/capstone/project/test_files/000555.html.v-society
[4936] 754f2022b72da70 C /home/capstone/project/test_files/000566.pdf.v-society.README_TO_RESTORE
[4936] 754f2022b72da70 O /home/capstone/project/test_files/000111.doc
[4936] 754f2022b72da70 O /home/capstone/project/test_files/000111.doc.v-society
[4936] 754f2022b72da70 O /home/capstone/project/test_files/000566.pdf.v-society.README_TO_RESTORE
[4936] 754f2022b72da70 C /home/capstone/project/test_files/000948.doc.v-society.README_TO_RESTORE
[4936] 754f2022b72da70 O /home/capstone/project/test_files/000948.doc.v-society.README_TO_RESTORE
[4936] 754f2022b72da70 C /home/capstone/project/test_files/000632.pdf.v-society.README_TO_RESTORE
[4936] 754f2022b72da70 C /home/capstone/project/test_files/000064.html.v-society.README_TO_RESTORE
[4936] 754f2022b72da70 O /home/capstone/project/test_files/000064.html.v-society.README_TO_RESTORE
[4936] 754f2022b72da70 C /home/capstone/project/test_files/000555.html.v-society.README_TO_RESTORE
[4936] 754f2022b72da70 O /home/capstone/project/test_files/000555.html.v-society.README_TO_RESTORE
[4936] 754f2022b72da70 O /home/capstone/project/test_files/000146.pdf
[4936] 754f2022b72da70 C /home/capstone/project/test_files/000024.pdf.v-society.README_TO_RESTORE
[4936] 754f2022b72da70 O /home/capstone/project/test_files/000146.pdf.v-society
[4936] 754f2022b72da70 O /home/capstone/project/test_files/000024.pdf.v-society.README_TO_RESTORE
[4936] 754f2022b72da70 C /home/capstone/project/test_files/000903.jpg.v-society.README_TO_RESTORE
[4936] 754f2022b72da70 O /home/capstone/project/test_files/000903.jpg.v-society.README_TO_RESTORE
[4936] 754f2022b72da70 O /home/capstone/project/test_files/000632.pdf.v-society.README_TO_RESTORE
[4936] 754f2022b72da70 O /home/capstone/project/test_files/000302.ppt
[4936] 754f2022b72da70 O /home/capstone/project/test_files/000611.html
[4936] 754f2022b72da70 O /home/capstone/project/test_files/000302.ppt.v-society
[4936] 754f2022b72da70 O /home/capstone/project/test_files/000611.html.v-society
[4936] 754f2022b72da70 O /home/capstone/project/test_files/000344.pdf
[4936] 754f2022b72da70 O /home/capstone/project/test_files/000344.pdf.v-society
[4936] 754f2022b72da70 O /home/capstone/project/test_files/000500.txt
[4936] 754f2022b72da70 O /home/capstone/project/test_files/000500.txt.v-society
[4936] 754f2022b72da70 C /home/capstone/project/test_files/000713.ppt.v-society.README_TO_RESTORE
[4936] 754f2022b72da70 C /home/capstone/project/test_files/000111.doc.v-society.README_TO_RESTORE
[4936] 754f2022b72da70 O /home/capstone/project/test_files/000111.doc.v-society.README_TO_RESTORE
[4936] 754f2022b72da70 O /home/capstone/project/test_files/000713.ppt.v-society.README_TO_RESTORE
[4936] 754f2022b72da70 O /home/capstone/project/test_files/000128.doc
[4936] 754f2022b72da70 O /home/capstone/project/test_files/000128.doc.v-society
[4936] 754f2022b72da70 C /home/capstone/project/test_files/000925.txt.v-society.README_TO_RESTORE
[4936] 754f2022b72da70 O /home/capstone/project/test_files/000925.txt.v-society.README_TO_RESTORE
[4936] 754f2022b72da70 O /home/capstone/project/test_files/000448.html
[4936] 754f2022b72da70 O /home/capstone/project/test_files/000448.html.v-society
[4936] 754f2022b72da70 C /home/capstone/project/test_files/000569.pdf.v-society.README_TO_RESTORE
[4936] 754f2022b72da70 O /home/capstone/project/test_files/000569.pdf.v-society.README_TO_RESTORE
[4936] 754f2022b72da70 O /home/capstone/project/test_files/000639.html
[4936] 754f2022b72da70 O /home/capstone/project/test_files/000639.html.v-society
[4936] 754f2022b72da70 O /home/capstone/project/test_files/000008.ppt
[4936] 754f2022b72da70 O /home/capstone/project/test_files/000008.ppt.v-society
[4936] 754f2022b72da70 O /home/capstone/project/test_files/000086.txt
[4936] 754f2022b72da70 O /home/capstone/project/test_files/000086.txt.v-society
[4936] 754f2022b72da70 O /home/capstone/project/test_files/000041.xls
[4936] 754f2022b72da70 O /home/capstone/project/test_files/000041.xls.v-society
[4936] 754f2022b72da70 C /home/capstone/project/test_files/000500.txt.v-society.README_TO_RESTORE
[4936] 754f2022b72da70 O /home/capstone/project/test_files/000500.txt.v-society.README_TO_RESTORE
[4936] 754f2022b72da70 O /home/capstone/project/test_files/000785.html
[4936] 754f2022b72da70 O /home/capstone/project/test_files/000785.html.v-society
[4936] 754f2022b72da70 C /home/capstone/project/test_files/000302.ppt.v-society.README_TO_RESTORE
[4936] 754f2022b72da70 O /home/capstone/project/test_files/000302.ppt.v-society.README_TO_RESTORE
[4936] 754f2022b72da70 C /home/capstone/project/test_files/000086.txt.v-society.README_TO_RESTORE
[4936] 754f2022b72da70 C /home/capstone/project/test_files/000785.html.v-society.README_TO_RESTORE
[4936] 754f2022b72da70 O /home/capstone/project/test_files/000785.html.v-society.README_TO_RESTORE
[4936] 754f2022b72da70 C /home/capstone/project/test_files/000344.pdf.v-society.README_TO_RESTORE
[4936] 754f2022b72da70 O /home/capstone/project/test_files/000344.pdf.v-society.README_TO_RESTORE
[4936] 754f2022b72da70 O /home/capstone/project/test_files/000086.txt.v-society.README_TO_RESTORE
[4936] 754f2022b72da70 O /home/capstone/project/test_files/000020.pdf
[4936] 754f2022b72da70 O /home/capstone/project/test_files/000020.pdf.v-society
[4936] 754f2022b72da70 O /home/capstone/project/test_files/000011.pdf
[4936] 754f2022b72da70 O /home/capstone/project/test_files/000011.pdf.v-society
[4936] 754f2022b72da70 C /home/capstone/project/test_files/000448.html.v-society.README_TO_RESTORE
[4936] 754f2022b72da70 O /home/capstone/project/test_files/000910.jpg
[4936] 754f2022b72da70 O /home/capstone/project/test_files/000910.jpg.v-society
[4936] 754f2022b72da70 O /home/capstone/project/test_files/000448.html.v-society.README_TO_RESTORE
[4936] 754f2022b72da70 C /home/capstone/project/test_files/000611.html.v-society.README_TO_RESTORE
[4936] 754f2022b72da70 O /home/capstone/project/test_files/000611.html.v-society.README_TO_RESTORE
[4936] 754f2022b72da70 C /home/capstone/project/test_files/000146.pdf.v-society.README_TO_RESTORE
[4936] 754f2022b72da70 O /home/capstone/project/test_files/000146.pdf.v-society.README_TO_RESTORE
[4936] 754f2022b72da70 O /home/capstone/project/test_files/000230.txt
[4936] 754f2022b72da70 O /home/capstone/project/test_files/000230.txt.v-society
[4936] 754f2022b72da70 O /home/capstone/project/test_files/000930.txt
[4936] 754f2022b72da70 O /home/capstone/project/test_files/000930.txt.v-society
[4936] 754f2022b72da70 C /home/capstone/project/test_files/000910.jpg.v-society.README_TO_RESTORE
[4936] 754f2022b72da70 O /home/capstone/project/test_files/000910.jpg.v-society.README_TO_RESTORE
[4936] 754f2022b72da70 C /home/capstone/project/test_files/000008.ppt.v-society.README_TO_RESTORE
[4936] 754f2022b72da70 O /home/capstone/project/test_files/000008.ppt.v-society.README_TO_RESTORE
[4936] 754f2022b72da70 C /home/capstone/project/test_files/000041.xls.v-society.README_TO_RESTORE
[4936] 754f2022b72da70 O /home/capstone/project/test_files/000041.xls.v-society.README_TO_RESTORE
[4936] 754f2022b72da70 C /home/capstone/project/test_files/000128.doc.v-society.README_TO_RESTORE
[4936] 754f2022b72da70 O /home/capstone/project/test_files/000128.doc.v-society.README_TO_RESTORE
[4936] 754f2022b72da70 O /home/capstone/project/test_files/000031.xls
[4936] 754f2022b72da70 O /home/capstone/project/test_files/000031.xls.v-society
[4936] 754f2022b72da70 O /home/capstone/project/test_files/000798.html
[4936] 754f2022b72da70 O /home/capstone/project/test_files/000798.html.v-society
[4936] 754f2022b72da70 C /home/capstone/project/test_files/000011.pdf.v-society.README_TO_RESTORE
[4936] 754f2022b72da70 O /home/capstone/project/test_files/000011.pdf.v-society.README_TO_RESTORE
[4936] 754f2022b72da70 C /home/capstone/project/test_files/000020.pdf.v-society.README_TO_RESTORE
[4936] 754f2022b72da70 C /home/capstone/project/test_files/000639.html.v-society.README_TO_RESTORE
[4936] 754f2022b72da70 O /home/capstone/project/test_files/000020.pdf.v-society.README_TO_RESTORE
[4936] 754f2022b72da70 O /home/capstone/project/test_files/000639.html.v-society.README_TO_RESTORE
[4936] 754f2022b72da70 O /home/capstone/project/test_files/000183.html
[4936] 754f2022b72da70 O /home/capstone/project/test_files/000183.html.v-society
[4936] 754f2022b72da70 O /home/capstone/project/test_files/000260.doc
[4936] 754f2022b72da70 O /home/capstone/project/test_files/000260.doc.v-society
[4936] 754f2022b72da70 O /home/capstone/project/test_files/000006.doc
[4936] 754f2022b72da70 O /home/capstone/project/test_files/000006.doc.v-society
[4936] 754f2022b72da70 O /home/capstone/project/test_files/000470.txt
[4936] 754f2022b72da70 O /home/capstone/project/test_files/000470.txt.v-society
[4936] 754f2022b72da70 O /home/capstone/project/test_files/000882.pdf
[4936] 754f2022b72da70 O /home/capstone/project/test_files/000882.pdf.v-society
[4936] 754f2022b72da70 O /home/capstone/project/test_files/000048.xls
[4936] 754f2022b72da70 O /home/capstone/project/test_files/000048.xls.v-society
[4936] 754f2022b72da70 C /home/capstone/project/test_files/000031.xls.v-society.README_TO_RESTORE
[4936] 754f2022b72da70 O /home/capstone/project/test_files/000031.xls.v-society.README_TO_RESTORE
[4936] 754f2022b72da70 C /home/capstone/project/test_files/000798.html.v-society.README_TO_RESTORE
[4936] 754f2022b72da70 O /home/capstone/project/test_files/000798.html.v-society.README_TO_RESTORE
[4936] 754f2022b72da70 C /home/capstone/project/test_files/000230.txt.v-society.README_TO_RESTORE
[4936] 754f2022b72da70 O /home/capstone/project/test_files/000230.txt.v-society.README_TO_RESTORE
[4936] 754f2022b72da70 O /home/capstone/project/test_files/000606.pdf
[4936] 754f2022b72da70 O /home/capstone/project/test_files/000606.pdf.v-society
[4936] 754f2022b72da70 O /home/capstone/project/test_files/000211.html
[4936] 754f2022b72da70 O /home/capstone/project/test_files/000211.html.v-society
[4936] 754f2022b72da70 C /home/capstone/project/test_files/000930.txt.v-society.README_TO_RESTORE
[4936] 754f2022b72da70 O /home/capstone/project/test_files/000930.txt.v-society.README_TO_RESTORE
[4936] 754f2022b72da70 C /home/capstone/project/test_files/000048.xls.v-society.README_TO_RESTORE
[4936] 754f2022b72da70 O /home/capstone/project/test_files/000048.xls.v-society.README_TO_RESTORE
[4936] 754f2022b72da70 C /home/capstone/project/test_files/000183.html.v-society.README_TO_RESTORE
[4936] 754f2022b72da70 O /home/capstone/project/test_files/000347.pdf
[4936] 754f2022b72da70 O /home/capstone/project/test_files/000347.pdf.v-society
[4936] 754f2022b72da70 O /home/capstone/project/test_files/000157.pdf
[4936] 754f2022b72da70 O /home/capstone/project/test_files/000157.pdf.v-society
[4936] 754f2022b72da70 O /home/capstone/project/test_files/000183.html.v-society.README_TO_RESTORE
[4936] 754f2022b72da70 C /home/capstone/project/test_files/000006.doc.v-society.README_TO_RESTORE
[4936] 754f2022b72da70 O /home/capstone/project/test_files/000006.doc.v-society.README_TO_RESTORE
[4936] 754f2022b72da70 C /home/capstone/project/test_files/000470.txt.v-society.README_TO_RESTORE
[4936] 754f2022b72da70 O /home/capstone/project/test_files/000470.txt.v-society.README_TO_RESTORE
[4936] 754f2022b72da70 C /home/capstone/project/test_files/000606.pdf.v-society.README_TO_RESTORE
[4936] 754f2022b72da70 O /home/capstone/project/test_files/000606.pdf.v-society.README_TO_RESTORE
[4936] 754f2022b72da70 C /home/capstone/project/test_files/000260.doc.v-society.README_TO_RESTORE
[4936] 754f2022b72da70 O /home/capstone/project/test_files/000260.doc.v-society.README_TO_RESTORE
[4936] 754f2022b72da70 O /home/capstone/project/test_files/000116.doc
[4936] 754f2022b72da70 O /home/capstone/project/test_files/000116.doc.v-society
[4936] 754f2022b72da70 O /home/capstone/project/test_files/000896.jpg
[4936] 754f2022b72da70 O /home/capstone/project/test_files/000896.jpg.v-society
[4936] 754f2022b72da70 C /home/capstone/project/test_files/000211.html.v-society.README_TO_RESTORE
[4936] 754f2022b72da70 O /home/capstone/project/test_files/000211.html.v-society.README_TO_RESTORE
[4936] 754f2022b72da70 O /home/capstone/project/test_files/000037.xls
[4936] 754f2022b72da70 O /home/capstone/project/test_files/000037.xls.v-society
[4936] 754f2022b72da70 O /home/capstone/project/test_files/000515.jpg
[4936] 754f2022b72da70 O /home/capstone/project/test_files/000515.jpg.v-society
[4936] 754f2022b72da70 O /home/capstone/project/test_files/000497.xml
[4936] 754f2022b72da70 O /home/capstone/project/test_files/000497.xml.v-society
[4936] 754f2022b72da70 O /home/capstone/project/test_files/000143.pdf
[4936] 754f2022b72da70 O /home/capstone/project/test_files/000143.pdf.v-society
[4936] 754f2022b72da70 O /home/capstone/project/test_files/000187.pdf
[4936] 754f2022b72da70 O /home/capstone/project/test_files/000187.pdf.v-society
[4936] 754f2022b72da70 O /home/capstone/project/test_files/000847.txt
[4936] 754f2022b72da70 O /home/capstone/project/test_files/000847.txt.v-society
[4936] 754f2022b72da70 O /home/capstone/project/test_files/000081.txt
[4936] 754f2022b72da70 O /home/capstone/project/test_files/000081.txt.v-society
[4936] 754f2022b72da70 C /home/capstone/project/test_files/000882.pdf.v-society.README_TO_RESTORE
[4936] 754f2022b72da70 O /home/capstone/project/test_files/000882.pdf.v-society.README_TO_RESTORE
[4936] 754f2022b72da70 C /home/capstone/project/test_files/000157.pdf.v-society.README_TO_RESTORE
[4936] 754f2022b72da70 C /home/capstone/project/test_files/000347.pdf.v-society.README_TO_RESTORE
[4936] 754f2022b72da70 O /home/capstone/project/test_files/000347.pdf.v-society.README_TO_RESTORE
[4936] 754f2022b72da70 O /home/capstone/project/test_files/000157.pdf.v-society.README_TO_RESTORE
[4936] 754f2022b72da70 O /home/capstone/project/test_files/000846.txt
[4936] 754f2022b72da70 O /home/capstone/project/test_files/000846.txt.v-society
[4936] 754f2022b72da70 C /home/capstone/project/test_files/000116.doc.v-society.README_TO_RESTORE
[4936] 754f2022b72da70 C /home/capstone/project/test_files/000515.jpg.v-society.README_TO_RESTORE
[4936] 754f2022b72da70 O /home/capstone/project/test_files/000116.doc.v-society.README_TO_RESTORE
[4936] 754f2022b72da70 O /home/capstone/project/test_files/000515.jpg.v-society.README_TO_RESTORE
[4936] 754f2022b72da70 O /home/capstone/project/test_files/000466.unk
[4936] 754f2022b72da70 O /home/capstone/project/test_files/000466.unk.v-society
[4936] 754f2022b72da70 C /home/capstone/project/test_files/000081.txt.v-society.README_TO_RESTORE
[4936] 754f2022b72da70 O /home/capstone/project/test_files/000081.txt.v-society.README_TO_RESTORE
[4936] 754f2022b72da70 O /home/capstone/project/test_files/000963.doc
[4936] 754f2022b72da70 O /home/capstone/project/test_files/000963.doc.v-society
[4936] 754f2022b72da70 O /home/capstone/project/test_files/000145.pdf
[4936] 754f2022b72da70 O /home/capstone/project/test_files/000145.pdf.v-society
[4936] 754f2022b72da70 O /home/capstone/project/test_files/000151.doc
[4936] 754f2022b72da70 O /home/capstone/project/test_files/000151.doc.v-society
[4936] 754f2022b72da70 C /home/capstone/project/test_files/000037.xls.v-society.README_TO_RESTORE
[4936] 754f2022b72da70 O /home/capstone/project/test_files/000037.xls.v-society.README_TO_RESTORE
[4936] 754f2022b72da70 C /home/capstone/project/test_files/000963.doc.v-society.README_TO_RESTORE
[4936] 754f2022b72da70 O /home/capstone/project/test_files/000963.doc.v-society.README_TO_RESTORE
[4936] 754f2022b72da70 O /home/capstone/project/test_files/000274.doc
[4936] 754f2022b72da70 O /home/capstone/project/test_files/000274.doc.v-society
[4936] 754f2022b72da70 C /home/capstone/project/test_files/000145.pdf.v-society.README_TO_RESTORE
[4936] 754f2022b72da70 O /home/capstone/project/test_files/000145.pdf.v-society.README_TO_RESTORE
[4936] 754f2022b72da70 C /home/capstone/project/test_files/000896.jpg.v-society.README_TO_RESTORE
[4936] 754f2022b72da70 O /home/capstone/project/test_files/000896.jpg.v-society.README_TO_RESTORE
[4936] 754f2022b72da70 O /home/capstone/project/test_files/000647.txt
[4936] 754f2022b72da70 O /home/capstone/project/test_files/000647.txt.v-society
[4936] 754f2022b72da70 C /home/capstone/project/test_files/000466.unk.v-society.README_TO_RESTORE
[4936] 754f2022b72da70 C /home/capstone/project/test_files/000847.txt.v-society.README_TO_RESTORE
[4936] 754f2022b72da70 O /home/capstone/project/test_files/000847.txt.v-society.README_TO_RESTORE
[4936] 754f2022b72da70 O /home/capstone/project/test_files/000466.unk.v-society.README_TO_RESTORE
[4936] 754f2022b72da70 C /home/capstone/project/test_files/000187.pdf.v-society.README_TO_RESTORE
[4936] 754f2022b72da70 O /home/capstone/project/test_files/000187.pdf.v-society.README_TO_RESTORE
[4936] 754f2022b72da70 O /home/capstone/project/test_files/000772.ps
[4936] 754f2022b72da70 O /home/capstone/project/test_files/000772.ps.v-society
[4936] 754f2022b72da70 O /home/capstone/project/test_files/000884.jpg
[4936] 754f2022b72da70 O /home/capstone/project/test_files/000884.jpg.v-society
[4936] 754f2022b72da70 O /home/capstone/project/test_files/000761.pdf
[4936] 754f2022b72da70 O /home/capstone/project/test_files/000761.pdf.v-society
[4936] 754f2022b72da70 C /home/capstone/project/test_files/000143.pdf.v-society.README_TO_RESTORE
[4936] 754f2022b72da70 O /home/capstone/project/test_files/000143.pdf.v-society.README_TO_RESTORE
[4936] 754f2022b72da70 C /home/capstone/project/test_files/000497.xml.v-society.README_TO_RESTORE
[4936] 754f2022b72da70 C /home/capstone/project/test_files/000274.doc.v-society.README_TO_RESTORE
[4936] 754f2022b72da70 O /home/capstone/project/test_files/000497.xml.v-society.README_TO_RESTORE
[4936] 754f2022b72da70 O /home/capstone/project/test_files/000274.doc.v-society.README_TO_RESTORE
[4936] 754f2022b72da70 C /home/capstone/project/test_files/000846.txt.v-society.README_TO_RESTORE
[4936] 754f2022b72da70 O /home/capstone/project/test_files/000846.txt.v-society.README_TO_RESTORE
[4936] 754f2022b72da70 O /home/capstone/project/test_files/000868.jpg
[4936] 754f2022b72da70 C /home/capstone/project/test_files/000151.doc.v-society.README_TO_RESTORE
[4936] 754f2022b72da70 O /home/capstone/project/test_files/000868.jpg.v-society
[4936] 754f2022b72da70 O /home/capstone/project/test_files/000151.doc.v-society.README_TO_RESTORE
[4936] 754f2022b72da70 O /home/capstone/project/test_files/000591.pdf
[4936] 754f2022b72da70 O /home/capstone/project/test_files/000591.pdf.v-society
[4936] 754f2022b72da70 O /home/capstone/project/test_files/000503.txt
[4936] 754f2022b72da70 O /home/capstone/project/test_files/000503.txt.v-society
[4936] 754f2022b72da70 O /home/capstone/project/test_files/000562.pdf
[4936] 754f2022b72da70 O /home/capstone/project/test_files/000562.pdf.v-society
[4936] 754f2022b72da70 C /home/capstone/project/test_files/000647.txt.v-society.README_TO_RESTORE
[4936] 754f2022b72da70 O /home/capstone/project/test_files/000647.txt.v-society.README_TO_RESTORE
[4936] 754f2022b72da70 O /home/capstone/project/test_files/000614.jpg
[4936] 754f2022b72da70 O /home/capstone/project/test_files/000614.jpg.v-society
[4936] 754f2022b72da70 C /home/capstone/project/test_files/000772.ps.v-society.README_TO_RESTORE
[4936] 754f2022b72da70 O /home/capstone/project/test_files/000772.ps.v-society.README_TO_RESTORE
[4936] 754f2022b72da70 O /home/capstone/project/test_files/000921.txt
[4936] 754f2022b72da70 O /home/capstone/project/test_files/000921.txt.v-society
[4936] 754f2022b72da70 C /home/capstone/project/test_files/000884.jpg.v-society.README_TO_RESTORE
[4936] 754f2022b72da70 O /home/capstone/project/test_files/000884.jpg.v-society.README_TO_RESTORE
[4936] 754f2022b72da70 C /home/capstone/project/test_files/000614.jpg.v-society.README_TO_RESTORE
[4936] 754f2022b72da70 C /home/capstone/project/test_files/000761.pdf.v-society.README_TO_RESTORE
[4936] 754f2022b72da70 C /home/capstone/project/test_files/000591.pdf.v-society.README_TO_RESTORE
[4936] 754f2022b72da70 O /home/capstone/project/test_files/000761.pdf.v-society.README_TO_RESTORE
[4936] 754f2022b72da70 O /home/capstone/project/test_files/000591.pdf.v-society.README_TO_RESTORE
[4936] 754f2022b72da70 C /home/capstone/project/test_files/000921.txt.v-society.README_TO_RESTORE
[4936] 754f2022b72da70 O /home/capstone/project/test_files/000921.txt.v-society.README_TO_RESTORE
[4936] 754f2022b72da70 O /home/capstone/project/test_files/000614.jpg.v-society.README_TO_RESTORE
[4936] 754f2022b72da70 C /home/capstone/project/test_files/000868.jpg.v-society.README_TO_RESTORE
[4936] 754f2022b72da70 O /home/capstone/project/test_files/000868.jpg.v-society.README_TO_RESTORE
[4936] 754f2022b72da70 C /home/capstone/project/test_files/000562.pdf.v-society.README_TO_RESTORE
[4936] 754f2022b72da70 O /home/capstone/project/test_files/000562.pdf.v-society.README_TO_RESTORE
[4936] 754f2022b72da70 C /home/capstone/project/test_files/000503.txt.v-society.README_TO_RESTORE
[4936] 754f2022b72da70 O /home/capstone/project/test_files/000503.txt.v-society.README_TO_RESTORE
[1259] systemd-logind D /run/systemd/sessions/18.ref
[1] systemd D /run/systemd/units/invocation:session-18.scope
[1] systemd D /run/systemd/transient/session-18.scope
[1259] systemd-logind D /run/systemd/sessions/18
[2946] pool-org.gnome. O /home/capstone/project/venv/lib
[2946] pool-org.gnome. O /home/capstone/project/venv/lib
[2220] dbus-daemon O /home/capstone/.local/share/dbus-1/services
[2946] pool-org.gnome. O /home/capstone/project/venv
[2946] pool-org.gnome. O /home/capstone/project/venv
[2946] pool-org.gnome. O /home/capstone/project/venv/pyvenv.cfg
[2946] pool-org.gnome. O /home/capstone/project/venv/bin
[2946] pool-org.gnome. O /home/capstone/project/venv/lib64
[2946] pool-org.gnome. O /home/capstone/project/venv/include
[2220] dbus-daemon O /home/capstone/.local/share/dbus-1/services
[2421] gnome-shell O /home/capstone/.icons/Yaru/cursors/default
[2421] gnome-shell O /home/capstone/.icons/Yaru/index.theme
[2946] pool-org.gnome. O /home/capstone/project
[2946] pool-org.gnome. O /home/capstone/project
[2946] pool-org.gnome. O /home/capstone/project/.hidden
[2946] pool-org.gnome. O /home/capstone/project/log_sender.py
[2946] pool-org.gnome. O /home/capstone/project/trace.bt
[2946] pool-org.gnome. O /home/capstone/project/script.py
[2946] pool-org.gnome. O /home/capstone/project/simulate_ransomware.py
[2946] pool-org.gnome. O /home/capstone/project/bpf.py
[2946] pool-org.gnome. O /home/capstone/project/test_files
[2946] pool-org.gnome. O /home/capstone/project/test_files/.hidden
[2946] pool-org.gnome. O /home/capstone/project/test
[2946] pool-org.gnome. O /home/capstone/project/test/.hidden
[2946] pool-org.gnome. O /home/capstone/project/malware
[2946] pool-org.gnome. O /home/capstone/project/malware/.hidden
[2220] dbus-daemon O /home/capstone/.local/share/dbus-1/services
[2947] gvfsd-metadata C /home/capstone/.local/share/gvfs-metadata/home.4WOCM3
[2947] gvfsd-metadata C /home/capstone/.local/share/gvfs-metadata/home-3ec330a6.log.SVNCM3
[2947] gvfsd-metadata O /home/capstone/.local/share/gvfs-metadata/home
[2947] gvfsd-metadata O /home/capstone/.local/share/gvfs-metadata
[2947] gvfsd-metadata D /home/capstone/.local/share/gvfs-metadata/home-99b9ab4e.log
[2947] gvfsd-metadata O /home/capstone/.local/share/gvfs-metadata/home
[2947] gvfsd-metadata O /home/capstone/.local/share/gvfs-metadata/home-3ec330a6.log
[2220] dbus-daemon O /home/capstone/.local/share/dbus-1/services
[2421] gnome-shell O /home/capstone/.icons/Yaru/cursors/default
[2421] gnome-shell O /home/capstone/.icons/Yaru/index.theme
[5943] gnome-text-edit O /home/capstone/.cache/fontconfig//4c599c202bc5c08e2d34565a40eac3b2-le64.cache-9
[5943] gnome-text-edit O /home/capstone/.fontconfig//4c599c202bc5c08e2d34565a40eac3b2-le64.cache-9
[5943] gnome-text-edit O /home/capstone/.cache/fontconfig//3830d5c3ddfd5cd38a049b759396e72e-le64.cache-9
[5943] gnome-text-edit O /home/capstone/.fontconfig//3830d5c3ddfd5cd38a049b759396e72e-le64.cache-9
[5943] gnome-text-edit O /home/capstone/.cache/fontconfig//c855463f699352c367813e37f3f70ea7-le64.cache-9
[5943] gnome-text-edit O /home/capstone/.fontconfig//c855463f699352c367813e37f3f70ea7-le64.cache-9
[5943] gnome-text-edit O /home/capstone/.cache/fontconfig//32b6488e5b8292a2e95c79d947e009e8-le64.cache-9
[5943] gnome-text-edit O /home/capstone/.fontconfig//32b6488e5b8292a2e95c79d947e009e8-le64.cache-9
[5943] gnome-text-edit O /home/capstone/.cache/fontconfig//57e423e26b20ab21d0f2f29c145174c3-le64.cache-9
[5943] gnome-text-edit O /home/capstone/.fontconfig//57e423e26b20ab21d0f2f29c145174c3-le64.cache-9
[5943] gnome-text-edit O /home/capstone/.cache/fontconfig//573ec803664ed168555e0e8b6d0f0c7f-le64.cache-9
[5943] gnome-text-edit O /home/capstone/.fontconfig//573ec803664ed168555e0e8b6d0f0c7f-le64.cache-9
[5943] gnome-text-edit O /home/capstone/.cache/fontconfig//7ef2298fde41cc6eeb7af42e48b7d293-le64.cache-9
[5943] gnome-text-edit O /home/capstone/.fontconfig//7ef2298fde41cc6eeb7af42e48b7d293-le64.cache-9
[5943] gnome-text-edit O /home/capstone/.cache/fontconfig//d82eb4fd963d448e2fcb7d7b793b5df3-le64.cache-9
[5943] gnome-text-edit O /home/capstone/.fontconfig//d82eb4fd963d448e2fcb7d7b793b5df3-le64.cache-9
[5943] gnome-text-edit O /home/capstone/.cache/fontconfig//e13b20fdb08344e0e664864cc2ede53d-le64.cache-9
[5943] gnome-text-edit O /home/capstone/.fontconfig//e13b20fdb08344e0e664864cc2ede53d-le64.cache-9
[5943] gnome-text-edit O /home/capstone/.cache/fontconfig//707971e003b4ae6c8121c3a920e507f5-le64.cache-9
[5943] gnome-text-edit O /home/capstone/.fontconfig//707971e003b4ae6c8121c3a920e507f5-le64.cache-9
[5943] gnome-text-edit O /home/capstone/.cache/fontconfig//cabbd14511b9e8a55e92af97fb3a0461-le64.cache-9
[5943] gnome-text-edit O /home/capstone/.fontconfig//cabbd14511b9e8a55e92af97fb3a0461-le64.cache-9
[5943] gnome-text-edit O /home/capstone/.cache/fontconfig//fe547fea3a41b43a38975d292a2b19c7-le64.cache-9
[5943] gnome-text-edit O /home/capstone/.fontconfig//fe547fea3a41b43a38975d292a2b19c7-le64.cache-9
[5943] gnome-text-edit O /home/capstone/.cache/fontconfig//f1f2465696798768e9653f19e17ccdc8-le64.cache-9
[5943] gnome-text-edit O /home/capstone/.fontconfig//f1f2465696798768e9653f19e17ccdc8-le64.cache-9
[5943] gnome-text-edit O /home/capstone/.cache/fontconfig//95530828ff6c81d309f8258d8d02a23e-le64.cache-9
[5943] gnome-text-edit O /home/capstone/.fontconfig//95530828ff6c81d309f8258d8d02a23e-le64.cache-9
[5943] gnome-text-edit O /home/capstone/.cache/fontconfig//d3e5c4ee2ceb1fc347f91d4cefc53bc0-le64.cache-9
[5943] gnome-text-edit O /home/capstone/.fontconfig//d3e5c4ee2ceb1fc347f91d4cefc53bc0-le64.cache-9
[5943] gnome-text-edit O /home/capstone/.cache/fontconfig//e52a45a1c8c8fe895fc0fc8c4e6999b8-le64.cache-9
[5943] gnome-text-edit O /home/capstone/.fontconfig//e52a45a1c8c8fe895fc0fc8c4e6999b8-le64.cache-9
[5943] gnome-text-edit O /home/capstone/.cache/fontconfig//188ac73a183f12857f63bb60a4a6d603-le64.cache-9
[5943] gnome-text-edit O /home/capstone/.fontconfig//188ac73a183f12857f63bb60a4a6d603-le64.cache-9
[5943] gnome-text-edit O /home/capstone/.cache/fontconfig//9b89f8e3dae116d678bbf48e5f21f69b-le64.cache-9
[5943] gnome-text-edit O /home/capstone/.fontconfig//9b89f8e3dae116d678bbf48e5f21f69b-le64.cache-9
[5943] gnome-text-edit O /home/capstone/.cache/fontconfig//6cc790b63b123a6a96ee260fcdad32a9-le64.cache-9
[5943] gnome-text-edit O /home/capstone/.fontconfig//6cc790b63b123a6a96ee260fcdad32a9-le64.cache-9
[5943] gnome-text-edit O /home/capstone/.cache/fontconfig//d589a48862398ed80a3d6066f4f56f4c-le64.cache-9
[5943] gnome-text-edit O /home/capstone/.fontconfig//d589a48862398ed80a3d6066f4f56f4c-le64.cache-9
[5943] gnome-text-edit O /home/capstone/.cache/fontconfig//3f7329c5293ffd510edef78f73874cfd-le64.cache-9
[5943] gnome-text-edit O /home/capstone/.fontconfig//3f7329c5293ffd510edef78f73874cfd-le64.cache-9
[5943] gnome-text-edit O /home/capstone/.cache/fontconfig//3047814df9a2f067bd2d96a2b9c36e5a-le64.cache-9
[5943] gnome-text-edit O /home/capstone/.fontconfig//3047814df9a2f067bd2d96a2b9c36e5a-le64.cache-9
[5943] gnome-text-edit O /home/capstone/.cache/fontconfig//0bd3dc0958fa2205aaaa8ebb13e2872b-le64.cache-9
[5943] gnome-text-edit O /home/capstone/.fontconfig//0bd3dc0958fa2205aaaa8ebb13e2872b-le64.cache-9
[5943] gnome-text-edit O /home/capstone/.local/share/glib-2.0/schemas/gschemas.compiled
[5943] gnome-text-edit O /home/capstone/.cache/fontconfig//2300eef321c393bfd76478a5c0e95b23-le64.cache-9
[5943] gnome-text-edit O /home/capstone/.fontconfig//2300eef321c393bfd76478a5c0e95b23-le64.cache-9
[5943] gnome-text-edit O /home/capstone/.cache/fontconfig//a4e60e8d1e10d2fdff3fe3037a1845fb-le64.cache-9
[5943] gnome-text-edit O /home/capstone/.fontconfig//a4e60e8d1e10d2fdff3fe3037a1845fb-le64.cache-9
[5943] gnome-text-edit O /home/capstone/.cache/fontconfig//6333f38776742d18e214673cd2c24e34-le64.cache-9
[5943] gnome-text-edit O /home/capstone/.fontconfig//6333f38776742d18e214673cd2c24e34-le64.cache-9
[5943] gnome-text-edit O /home/capstone/.config/dconf/user
[5943] gnome-text-edit O /home/capstone/.config/gtk-4.0/settings.ini
[2421] gnome-shell O /home/capstone/.icons/Yaru/cursors/default
[2421] gnome-shell O /home/capstone/.icons/Yaru/index.theme
[369] systemd-journal D /run/systemd/journal/streams/9:37609
[2946] nautilus C /home/capstone/.local/share/recently-used.xbel.5NTZL3
[2946] nautilus O /home/capstone/.local/share
[3278] gvfsd-recent O /home/capstone/.local/share/recently-used.xbel
[2946] nautilus O /home/capstone/.local/share/recently-used.xbel
[3352] pool-gnome-text C /home/capstone/.local/share/org.gnome.TextEditor/session.gvariant
[3352] pool-gnome-text C /home/capstone/.local/share/org.gnome.TextEditor/session.gvariant
[3352] pool-gnome-text C /home/capstone/.local/share/org.gnome.TextEditor/.goutputstream-VWLBM3
[3352] pool-gnome-text O /home/capstone/.local/share/org.gnome.TextEditor/recently-used.xbel
[3352] pool-gnome-text C /home/capstone/.local/share/org.gnome.TextEditor/recently-used.xbel.8NPBM3
[3352] pool-gnome-text O /home/capstone/.local/share/org.gnome.TextEditor
[369] systemd-journal D /run/systemd/journal/streams/9:29293
[2421] gnome-shell O /home/capstone/.icons/Yaru/cursors/default
[2421] gnome-shell O /home/capstone/.icons/Yaru/index.theme
[2220] dbus-daemon O /home/capstone/.local/share/dbus-1/services
[2421] gnome-shell O /home/capstone/.icons/Yaru/cursors/default
[2421] gnome-shell O /home/capstone/.icons/Yaru/index.theme
[2946] pool-org.gnome. O /home/capstone/project/venv
[2946] pool-org.gnome. O /home/capstone/project/venv
[2946] pool-org.gnome. O /home/capstone/project/venv/.hidden
[2946] pool-org.gnome. O /home/capstone/.local/share/gvfs-metadata/home
[2946] pool-org.gnome. O /home/capstone/.local/share/gvfs-metadata/home-3ec330a6.log
[2946] pool-org.gnome. O /home/capstone/project/venv/pyvenv.cfg
[2946] pool-org.gnome. O /home/capstone/project/venv/bin
[2946] pool-org.gnome. O /home/capstone/project/venv/bin/.hidden
[2946] pool-org.gnome. O /home/capstone/project/venv/lib64
[2946] pool-org.gnome. O /home/capstone/project/venv/lib64/.hidden
[2946] pool-org.gnome. O /home/capstone/project/venv/include
[2946] pool-org.gnome. O /home/capstone/project/venv/include/.hidden
[2421] gnome-shell O /home/capstone/.icons/Yaru/cursors/default
[2421] gnome-shell O /home/capstone/.icons/Yaru/index.theme
[2220] dbus-daemon O /home/capstone/.local/share/dbus-1/services
[2421] gnome-shell O /home/capstone/.icons/Yaru/cursors/default
[2421] gnome-shell O /home/capstone/.icons/Yaru/index.theme
[2946] pool-org.gnome. O /home/capstone/project/venv/include
[2946] pool-org.gnome. O /home/capstone/project/venv/include
[2946] pool-org.gnome. O /home/capstone/project/venv/include/python3.12
[2421] gnome-shell O /home/capstone/.icons/Yaru/cursors/default
[2421] gnome-shell O /home/capstone/.icons/Yaru/index.theme
[2421] gnome-shell O /home/capstone/.icons/Yaru/cursors/default
[2421] gnome-shell O /home/capstone/.icons/Yaru/index.theme
[2946] pool-org.gnome. O /home/capstone/project
[2946] pool-org.gnome. O /home/capstone/project
[2946] pool-org.gnome. O /home/capstone/project/.hidden
[2946] pool-org.gnome. O /home/capstone/project/log_sender.py
[2946] pool-org.gnome. O /home/capstone/project/trace.bt
[2946] pool-org.gnome. O /home/capstone/project/script.py
[2946] pool-org.gnome. O /home/capstone/project/simulate_ransomware.py
[2946] pool-org.gnome. O /home/capstone/project/bpf.py
[2946] pool-org.gnome. O /home/capstone/project/test_files
[2946] pool-org.gnome. O /home/capstone/project/test_files/.hidden
[2946] pool-org.gnome. O /home/capstone/project/test
[2946] pool-org.gnome. O /home/capstone/project/test/.hidden
[2946] pool-org.gnome. O /home/capstone/project/malware
[2946] pool-org.gnome. O /home/capstone/project/malware/.hidden
[2421] gnome-shell O /home/capstone/.icons/Yaru/cursors/default
[2421] gnome-shell O /home/capstone/.icons/Yaru/index.theme
[2220] dbus-daemon O /home/capstone/.local/share/dbus-1/services
[2421] gnome-shell O /home/capstone/.icons/Yaru/cursors/default
[2421] gnome-shell O /home/capstone/.icons/Yaru/index.theme
[5982] sshd O /home/capstone/.ssh/authorized_keys
[5982] sshd O /home/capstone/.ssh/authorized_keys
[6026] bash O /home/capstone/.bashrc
[6026] sudo C /home/capstone/.sudo_as_admin_successful
[1259] systemd-logind D /run/systemd/sessions/20.ref
[1] systemd D /run/systemd/units/invocation:session-20.scope
[1] systemd D /run/systemd/transient/session-20.scope
[1259] systemd-logind D /run/systemd/sessions/20
[6037] sshd O /home/capstone/.ssh/authorized_keys
[6037] sshd O /home/capstone/.ssh/authorized_keys
[6084] bash O /home/capstone/.bashrc
[6084] sudo C /home/capstone/.sudo_as_admin_successful
