[3497] sudo C /home/capstone/.sudo_as_admin_successful
[3500] sudo C /home/capstone/.sudo_as_admin_successful
[3502] 8f3db63f70fad91 O /home/capstone/project/test_files
[3502] 8f3db63f70fad91 O /home/capstone/project/test_files/000615.html
[3502] 8f3db63f70fad91 O /home/capstone/project/test_files/000440.html
[3502] 8f3db63f70fad91 O /home/capstone/project/test_files/000418.html
[3502] 8f3db63f70fad91 O /home/capstone/project/test_files/000440.html.tmp_
[3502] 8f3db63f70fad91 O /home/capstone/project/test_files/000418.html.tmp_
[3502] 8f3db63f70fad91 O /home/capstone/project/test_files/000615.html.tmp_
[3502] 8f3db63f70fad91 O /home/capstone/project/test_files/000533.doc
[3502] 8f3db63f70fad91 O /home/capstone/project/test_files/000255.doc
[3502] 8f3db63f70fad91 O /home/capstone/project/test_files/000533.doc.tmp_
[3502] 8f3db63f70fad91 O /home/capstone/project/test_files/000255.doc.tmp_
[3502] 8f3db63f70fad91 O /home/capstone/project/test_files/000517.gif
[3502] 8f3db63f70fad91 O /home/capstone/project/test_files/000517.gif.tmp_
[3502] 8f3db63f70fad91 O /home/capstone/project/test_files/000163.pdf
[3502] 8f3db63f70fad91 O /home/capstone/project/test_files/000163.pdf.tmp_
[3502] 8f3db63f70fad91 O /home/capstone/project/test_files/000574.pdf
[3502] 8f3db63f70fad91 O /home/capstone/project/test_files/000567.pdf
[3502] 8f3db63f70fad91 O /home/capstone/project/test_files/000802.doc
[3502] 8f3db63f70fad91 O /home/capstone/project/test_files/000155.pdf
[3502] 8f3db63f70fad91 O /home/capstone/project/test_files/000939.txt
[3502] 8f3db63f70fad91 O /home/capstone/project/test_files/000204.html
[3502] 8f3db63f70fad91 O /home/capstone/project/test_files/000588.pdf
[3502] 8f3db63f70fad91 O /home/capstone/project/test_files/000825.pdf
[3502] 8f3db63f70fad91 O /home/capstone/project/test_files/000189.pdf
[3502] 8f3db63f70fad91 O /home/capstone/project/test_files/000962.jpg
[3502] 8f3db63f70fad91 O /home/capstone/project/test_files/000156.doc
[3502] 8f3db63f70fad91 O /home/capstone/project/test_files/000138.html
[3502] 8f3db63f70fad91 O /home/capstone/project/test_files/000729.ppt
[3502] 8f3db63f70fad91 O /home/capstone/project/test_files/000567.pdf.tmp_
[3502] 8f3db63f70fad91 O /home/capstone/project/test_files/000746.pdf
[3502] 8f3db63f70fad91 O /home/capstone/project/test_files/000746.pdf.tmp_
[3502] 8f3db63f70fad91 O /home/capstone/project/test_files/000574.pdf.tmp_
[3502] 8f3db63f70fad91 O /home/capstone/project/test_files/000231.jpg
[3502] 8f3db63f70fad91 O /home/capstone/project/test_files/000231.jpg.tmp_
[3502] 8f3db63f70fad91 O /home/capstone/project/test_files/000098.txt
[3502] 8f3db63f70fad91 O /home/capstone/project/test_files/000098.txt.tmp_
[3502] 8f3db63f70fad91 O /home/capstone/project/test_files/000986.ppt
[3502] 8f3db63f70fad91 O /home/capstone/project/test_files/000716.ppt
[3502] 8f3db63f70fad91 O /home/capstone/project/test_files/000174.ppt
[3502] 8f3db63f70fad91 O /home/capstone/project/test_files/000355.pdf
[3502] 8f3db63f70fad91 O /home/capstone/project/test_files/000379.pdf
[3502] 8f3db63f70fad91 O /home/capstone/project/test_files/000084.txt
[3502] 8f3db63f70fad91 O /home/capstone/project/test_files/000272.pdf
[3502] 8f3db63f70fad91 O /home/capstone/project/test_files/000638.html
[3502] 8f3db63f70fad91 O /home/capstone/project/test_files/000881.jpg
[3502] 8f3db63f70fad91 O /home/capstone/project/test_files/000786.gz
[3502] 8f3db63f70fad91 O /home/capstone/project/test_files/000786.gz.tmp_
[3502] 8f3db63f70fad91 O /home/capstone/project/test_files/000437.jpg
[3502] 8f3db63f70fad91 O /home/capstone/project/test_files/000437.jpg.tmp_
[3502] 8f3db63f70fad91 O /home/capstone/project/test_files/000286.doc
[3502] 8f3db63f70fad91 O /home/capstone/project/test_files/000286.doc.tmp_
[3502] 8f3db63f70fad91 O /home/capstone/project/test_files/000180.html
[3502] 8f3db63f70fad91 O /home/capstone/project/test_files/000180.html.tmp_
[3502] 8f3db63f70fad91 O /home/capstone/project/test_files/000131.doc
[3502] 8f3db63f70fad91 O /home/capstone/project/test_files/000131.doc.tmp_
[3502] 8f3db63f70fad91 O /home/capstone/project/test_files/000556.txt
[3502] 8f3db63f70fad91 O /home/capstone/project/test_files/000556.txt.tmp_
[3502] 8f3db63f70fad91 O /home/capstone/project/test_files/000372.pdf
[3502] 8f3db63f70fad91 O /home/capstone/project/test_files/000372.pdf.tmp_
[3502] 8f3db63f70fad91 O /home/capstone/project/test_files/000513.jpg
[3502] 8f3db63f70fad91 O /home/capstone/project/test_files/000513.jpg.tmp_
[3502] 8f3db63f70fad91 O /home/capstone/project/test_files/000188.html
[3502] 8f3db63f70fad91 O /home/capstone/project/test_files/000188.html.tmp_
[3502] 8f3db63f70fad91 O /home/capstone/project/test_files/000366.pdf
[3502] 8f3db63f70fad91 O /home/capstone/project/test_files/000366.pdf.tmp_
[3502] 8f3db63f70fad91 O /home/capstone/project/test_files/000590.pdf
[3502] 8f3db63f70fad91 O /home/capstone/project/test_files/000590.pdf.tmp_
[3502] 8f3db63f70fad91 O /home/capstone/project/test_files/000890.jpg
[3502] 8f3db63f70fad91 O /home/capstone/project/test_files/000890.jpg.tmp_
[3502] 8f3db63f70fad91 O /home/capstone/project/test_files/000507.jpg
[3502] 8f3db63f70fad91 O /home/capstone/project/test_files/000507.jpg.tmp_
[3502] 8f3db63f70fad91 O /home/capstone/project/test_files/000549.jpg
[3502] 8f3db63f70fad91 O /home/capstone/project/test_files/000549.jpg.tmp_
[3502] 8f3db63f70fad91 O /home/capstone/project/test_files/000050.xls
[3502] 8f3db63f70fad91 O /home/capstone/project/test_files/000050.xls.tmp_
[3502] 8f3db63f70fad91 O /home/capstone/project/test_files/000927.txt
[3502] 8f3db63f70fad91 O /home/capstone/project/test_files/000927.txt.tmp_
[3502] 8f3db63f70fad91 O /home/capstone/project/test_files/000937.txt
[3502] 8f3db63f70fad91 O /home/capstone/project/test_files/000937.txt.tmp_
[3502] 8f3db63f70fad91 O /home/capstone/project/test_files/000485.txt
[3502] 8f3db63f70fad91 O /home/capstone/project/test_files/000485.txt.tmp_
[3502] 8f3db63f70fad91 O /home/capstone/project/test_files/000664.txt
[3502] 8f3db63f70fad91 O /home/capstone/project/test_files/000664.txt.tmp_
[3502] 8f3db63f70fad91 O /home/capstone/project/test_files/000908.jpg
[3502] 8f3db63f70fad91 O /home/capstone/project/test_files/000908.jpg.tmp_
[3502] 8f3db63f70fad91 O /home/capstone/project/test_files/000752.pdf
[3502] 8f3db63f70fad91 O /home/capstone/project/test_files/000752.pdf.tmp_
[3502] 8f3db63f70fad91 O /home/capstone/project/test_files/000819.html
[3502] 8f3db63f70fad91 O /home/capstone/project/test_files/000819.html.tmp_
[3502] 8f3db63f70fad91 O /home/capstone/project/test_files/000802.doc.tmp_
[3502] 8f3db63f70fad91 O /home/capstone/project/test_files/000716.ppt.tmp_
[3502] 8f3db63f70fad91 O /home/capstone/project/test_files/000155.pdf.tmp_
[3502] 8f3db63f70fad91 O /home/capstone/project/test_files/000588.pdf.tmp_
[3502] 8f3db63f70fad91 O /home/capstone/project/test_files/000509.jpg
[3502] 8f3db63f70fad91 O /home/capstone/project/test_files/000509.jpg.tmp_
[3502] 8f3db63f70fad91 O /home/capstone/project/test_files/000986.ppt.tmp_
[3502] 8f3db63f70fad91 O /home/capstone/project/test_files/000345.pdf
[3502] 8f3db63f70fad91 O /home/capstone/project/test_files/000090.txt
[3502] 8f3db63f70fad91 O /home/capstone/project/test_files/000090.txt.tmp_
[3502] 8f3db63f70fad91 O /home/capstone/project/test_files/000265.doc
[3502] 8f3db63f70fad91 O /home/capstone/project/test_files/000265.doc.tmp_
[3502] 8f3db63f70fad91 O /home/capstone/project/test_files/000843.pdf
[3502] 8f3db63f70fad91 O /home/capstone/project/test_files/000843.pdf.tmp_
[3502] 8f3db63f70fad91 O /home/capstone/project/test_files/000033.xls
[3502] 8f3db63f70fad91 O /home/capstone/project/test_files/000033.xls.tmp_
[3502] 8f3db63f70fad91 O /home/capstone/project/test_files/000585.pdf
[3502] 8f3db63f70fad91 O /home/capstone/project/test_files/000585.pdf.tmp_
[3502] 8f3db63f70fad91 O /home/capstone/project/test_files/000468.txt
[3502] 8f3db63f70fad91 O /home/capstone/project/test_files/000468.txt.tmp_
[3502] 8f3db63f70fad91 O /home/capstone/project/test_files/000345.pdf.tmp_
[3502] 8f3db63f70fad91 O /home/capstone/project/test_files/000012.pdf
[3502] 8f3db63f70fad91 O /home/capstone/project/test_files/000012.pdf.tmp_
[3502] 8f3db63f70fad91 O /home/capstone/project/test_files/000483.txt
[3502] 8f3db63f70fad91 O /home/capstone/project/test_files/000483.txt.tmp_
[3502] 8f3db63f70fad91 O /home/capstone/project/test_files/000174.ppt.tmp_
[3502] 8f3db63f70fad91 O /home/capstone/project/test_files/000084.txt.tmp_
[3502] 8f3db63f70fad91 O /home/capstone/project/test_files/000638.html.tmp_
[3502] 8f3db63f70fad91 O /home/capstone/project/test_files/000825.pdf.tmp_
[3502] 8f3db63f70fad91 O /home/capstone/project/test_files/000766.ps.tmp_
[3502] 8f3db63f70fad91 O /home/capstone/project/test_files/000962.jpg.tmp_
[3502] 8f3db63f70fad91 O /home/capstone/project/test_files/000881.jpg.tmp_
[3502] 8f3db63f70fad91 O /home/capstone/project/test_files/000362.pdf
[3502] 8f3db63f70fad91 O /home/capstone/project/test_files/000362.pdf.tmp_
[3502] 8f3db63f70fad91 O /home/capstone/project/test_files/000156.doc.tmp_
[3502] 8f3db63f70fad91 O /home/capstone/project/test_files/000129.html
[3502] 8f3db63f70fad91 O /home/capstone/project/test_files/000129.html.tmp_
[3502] 8f3db63f70fad91 O /home/capstone/project/test_files/000872.jpg
[3502] 8f3db63f70fad91 O /home/capstone/project/test_files/000872.jpg.tmp_
[3502] 8f3db63f70fad91 O /home/capstone/project/test_files/000138.html.tmp_
[3502] 8f3db63f70fad91 O /home/capstone/project/test_files/000729.ppt.tmp_
[3502] 8f3db63f70fad91 O /home/capstone/project/test_files/000961.doc
[3502] 8f3db63f70fad91 O /home/capstone/project/test_files/000961.doc.tmp_
[3502] 8f3db63f70fad91 C /home/capstone/project/test_files/000231.jpg.tmp_.README_TO_RESTORE
[3502] 8f3db63f70fad91 O /home/capstone/project/test_files/000231.jpg.tmp_.README_TO_RESTORE
[3502] 8f3db63f70fad91 O /home/capstone/project/test_files/000943.pdf
[3502] 8f3db63f70fad91 O /home/capstone/project/test_files/000943.pdf.tmp_
[3502] 8f3db63f70fad91 O /home/capstone/project/test_files/000469.jpg
[3502] 8f3db63f70fad91 O /home/capstone/project/test_files/000469.jpg.tmp_
[3502] 8f3db63f70fad91 C /home/capstone/project/test_files/000595.pdf.tmp_.README_TO_RESTORE
[3502] 8f3db63f70fad91 O /home/capstone/project/test_files/000595.pdf.tmp_.README_TO_RESTORE
[3502] 8f3db63f70fad91 C /home/capstone/project/test_files/000189.pdf.tmp_.README_TO_RESTORE
[3502] 8f3db63f70fad91 O /home/capstone/project/test_files/000189.pdf.tmp_.README_TO_RESTORE
[3502] 8f3db63f70fad91 O /home/capstone/project/test_files/000913.doc
[3502] 8f3db63f70fad91 O /home/capstone/project/test_files/000913.doc.tmp_
[3502] 8f3db63f70fad91 C /home/capstone/project/test_files/000872.jpg.tmp_.README_TO_RESTORE
[3502] 8f3db63f70fad91 O /home/capstone/project/test_files/000872.jpg.tmp_.README_TO_RESTORE
[3502] 8f3db63f70fad91 C /home/capstone/project/test_files/000638.html.tmp_.README_TO_RESTORE
[3502] 8f3db63f70fad91 O /home/capstone/project/test_files/000638.html.tmp_.README_TO_RESTORE
[3502] 8f3db63f70fad91 O /home/capstone/project/test_files/000677.doc
[3502] 8f3db63f70fad91 O /home/capstone/project/test_files/000677.doc.tmp_
[3502] 8f3db63f70fad91 O /home/capstone/project/test_files/000926.txt
[3502] 8f3db63f70fad91 O /home/capstone/project/test_files/000926.txt.tmp_
[3502] 8f3db63f70fad91 O /home/capstone/project/test_files/000171.xls
[3502] 8f3db63f70fad91 O /home/capstone/project/test_files/000171.xls.tmp_
[3502] 8f3db63f70fad91 C /home/capstone/project/test_files/000171.xls.tmp_.README_TO_RESTORE
[3502] 8f3db63f70fad91 O /home/capstone/project/test_files/000171.xls.tmp_.README_TO_RESTORE
[3502] 8f3db63f70fad91 O /home/capstone/project/test_files/000492.txt
[3502] 8f3db63f70fad91 O /home/capstone/project/test_files/000492.txt.tmp_
[3502] 8f3db63f70fad91 C /home/capstone/project/test_files/000372.pdf.tmp_.README_TO_RESTORE
[3502] 8f3db63f70fad91 O /home/capstone/project/test_files/000372.pdf.tmp_.README_TO_RESTORE
[3502] 8f3db63f70fad91 C /home/capstone/project/test_files/000084.txt.tmp_.README_TO_RESTORE
[3502] 8f3db63f70fad91 C /home/capstone/project/test_files/000492.txt.tmp_.README_TO_RESTORE
[3502] 8f3db63f70fad91 C /home/capstone/project/test_files/000379.pdf.tmp_.README_TO_RESTORE
[3502] 8f3db63f70fad91 C /home/capstone/project/test_files/000437.jpg.tmp_.README_TO_RESTORE
[3502] 8f3db63f70fad91 O /home/capstone/project/test_files/000745.pdf
[3502] 8f3db63f70fad91 O /home/capstone/project/test_files/000745.pdf.tmp_
[3502] 8f3db63f70fad91 O /home/capstone/project/test_files/000134.ppt
[3502] 8f3db63f70fad91 O /home/capstone/project/test_files/000134.ppt.tmp_
[3502] 8f3db63f70fad91 O /home/capstone/project/test_files/000414.html
[3502] 8f3db63f70fad91 O /home/capstone/project/test_files/000414.html.tmp_
[3502] 8f3db63f70fad91 O /home/capstone/project/test_files/000084.txt.tmp_.README_TO_RESTORE
[3502] 8f3db63f70fad91 O /home/capstone/project/test_files/000492.txt.tmp_.README_TO_RESTORE
[3502] 8f3db63f70fad91 O /home/capstone/project/test_files/000437.jpg.tmp_.README_TO_RESTORE
[3502] 8f3db63f70fad91 O /home/capstone/project/test_files/000379.pdf.tmp_.README_TO_RESTORE
[3502] 8f3db63f70fad91 O /home/capstone/project/test_files/000603.jpg
[3502] 8f3db63f70fad91 O /home/capstone/project/test_files/000603.jpg.tmp_
[3502] 8f3db63f70fad91 O /home/capstone/project/test_files/000267.doc
[3502] 8f3db63f70fad91 O /home/capstone/project/test_files/000267.doc.tmp_
[3502] 8f3db63f70fad91 C /home/capstone/project/test_files/000440.html.tmp_.README_TO_RESTORE
[3502] 8f3db63f70fad91 O /home/capstone/project/test_files/000440.html.tmp_.README_TO_RESTORE
[3502] 8f3db63f70fad91 O /home/capstone/project/test_files/000657.txt
[3502] 8f3db63f70fad91 O /home/capstone/project/test_files/000657.txt.tmp_
[3502] 8f3db63f70fad91 O /home/capstone/project/test_files/000899.pdf
[3502] 8f3db63f70fad91 O /home/capstone/project/test_files/000899.pdf.tmp_
[3502] 8f3db63f70fad91 C /home/capstone/project/test_files/000129.html.tmp_.README_TO_RESTORE
[3502] 8f3db63f70fad91 O /home/capstone/project/test_files/000129.html.tmp_.README_TO_RESTORE
[3502] 8f3db63f70fad91 C /home/capstone/project/test_files/000729.ppt.tmp_.README_TO_RESTORE
[3502] 8f3db63f70fad91 O /home/capstone/project/test_files/000729.ppt.tmp_.README_TO_RESTORE
[3502] 8f3db63f70fad91 C /home/capstone/project/test_files/000677.doc.tmp_.README_TO_RESTORE
[3502] 8f3db63f70fad91 O /home/capstone/project/test_files/000677.doc.tmp_.README_TO_RESTORE
[3502] 8f3db63f70fad91 O /home/capstone/project/test_files/000399.xls
[3502] 8f3db63f70fad91 O /home/capstone/project/test_files/000399.xls.tmp_
[3502] 8f3db63f70fad91 O /home/capstone/project/test_files/000063.html
[3502] 8f3db63f70fad91 O /home/capstone/project/test_files/000063.html.tmp_
[3502] 8f3db63f70fad91 C /home/capstone/project/test_files/000843.pdf.tmp_.README_TO_RESTORE
[3502] 8f3db63f70fad91 O /home/capstone/project/test_files/000843.pdf.tmp_.README_TO_RESTORE
[3502] 8f3db63f70fad91 O /home/capstone/project/test_files/000052.xls
[3502] 8f3db63f70fad91 O /home/capstone/project/test_files/000052.xls.tmp_
[3502] 8f3db63f70fad91 C /home/capstone/project/test_files/000098.txt.tmp_.README_TO_RESTORE
[3502] 8f3db63f70fad91 O /home/capstone/project/test_files/000098.txt.tmp_.README_TO_RESTORE
[3502] 8f3db63f70fad91 O /home/capstone/project/test_files/000556.txt.tmp_.README_TO_RESTORE
[3502] 8f3db63f70fad91 C /home/capstone/project/test_files/000746.pdf.tmp_.README_TO_RESTORE
[3502] 8f3db63f70fad91 O /home/capstone/project/test_files/000746.pdf.tmp_.README_TO_RESTORE
[3502] 8f3db63f70fad91 O /home/capstone/project/test_files/000190.html
[3502] 8f3db63f70fad91 O /home/capstone/project/test_files/000190.html.tmp_
[3502] 8f3db63f70fad91 O /home/capstone/project/test_files/000518.ppt
[3502] 8f3db63f70fad91 O /home/capstone/project/test_files/000518.ppt.tmp_
[3502] 8f3db63f70fad91 C /home/capstone/project/test_files/000362.pdf.tmp_.README_TO_RESTORE
[3502] 8f3db63f70fad91 O /home/capstone/project/test_files/000362.pdf.tmp_.README_TO_RESTORE
[3502] 8f3db63f70fad91 O /home/capstone/project/test_files/000943.pdf.tmp_.README_TO_RESTORE
[3502] 8f3db63f70fad91 O /home/capstone/project/test_files/000050.xls.tmp_.README_TO_RESTORE
[3502] 8f3db63f70fad91 O /home/capstone/project/test_files/000339.pdf
[3502] 8f3db63f70fad91 O /home/capstone/project/test_files/000339.pdf.tmp_
[3502] 8f3db63f70fad91 O /home/capstone/project/test_files/000567.pdf.tmp_.README_TO_RESTORE
[3502] 8f3db63f70fad91 O /home/capstone/project/test_files/000188.html.tmp_.README_TO_RESTORE
[3502] 8f3db63f70fad91 O /home/capstone/project/test_files/000526.gif
[3502] 8f3db63f70fad91 O /home/capstone/project/test_files/000526.gif.tmp_
[3502] 8f3db63f70fad91 O /home/capstone/project/test_files/000485.txt.tmp_.README_TO_RESTORE
[3502] 8f3db63f70fad91 C /home/capstone/project/test_files/000255.doc.tmp_.README_TO_RESTORE
[3502] 8f3db63f70fad91 O /home/capstone/project/test_files/000255.doc.tmp_.README_TO_RESTORE
[3502] 8f3db63f70fad91 O /home/capstone/project/test_files/000369.pdf
[3502] 8f3db63f70fad91 O /home/capstone/project/test_files/000369.pdf.tmp_
[3502] 8f3db63f70fad91 O /home/capstone/project/test_files/000479.txt
[3502] 8f3db63f70fad91 O /home/capstone/project/test_files/000479.txt.tmp_
[3502] 8f3db63f70fad91 O /home/capstone/project/test_files/000478.txt
[3502] 8f3db63f70fad91 O /home/capstone/project/test_files/000478.txt.tmp_
[3502] 8f3db63f70fad91 C /home/capstone/project/test_files/000926.txt.tmp_.README_TO_RESTORE
[3502] 8f3db63f70fad91 O /home/capstone/project/test_files/000926.txt.tmp_.README_TO_RESTORE
[3502] 8f3db63f70fad91 O /home/capstone/project/test_files/000862.txt
[3502] 8f3db63f70fad91 O /home/capstone/project/test_files/000862.txt.tmp_
[3502] 8f3db63f70fad91 O /home/capstone/project/test_files/000813.pdf
[3502] 8f3db63f70fad91 O /home/capstone/project/test_files/000813.pdf.tmp_
[3502] 8f3db63f70fad91 O /home/capstone/project/test_files/000800.html
[3502] 8f3db63f70fad91 O /home/capstone/project/test_files/000800.html.tmp_
[3502] 8f3db63f70fad91 O /home/capstone/project/test_files/000246.jpg
[3502] 8f3db63f70fad91 O /home/capstone/project/test_files/000246.jpg.tmp_
[3502] 8f3db63f70fad91 O /home/capstone/project/test_files/000507.jpg.tmp_.README_TO_RESTORE
[3502] 8f3db63f70fad91 O /home/capstone/project/test_files/000693.doc
[3502] 8f3db63f70fad91 O /home/capstone/project/test_files/000693.doc.tmp_
[3502] 8f3db63f70fad91 O /home/capstone/project/test_files/000366.pdf.tmp_.README_TO_RESTORE
[3502] 8f3db63f70fad91 C /home/capstone/project/test_files/000908.jpg.tmp_.README_TO_RESTORE
[3502] 8f3db63f70fad91 O /home/capstone/project/test_files/000908.jpg.tmp_.README_TO_RESTORE
[3502] 8f3db63f70fad91 O /home/capstone/project/test_files/000089.txt
[3502] 8f3db63f70fad91 O /home/capstone/project/test_files/000089.txt.tmp_
[3502] 8f3db63f70fad91 O /home/capstone/project/test_files/000074.html
[3502] 8f3db63f70fad91 O /home/capstone/project/test_files/000074.html.tmp_
[3502] 8f3db63f70fad91 O /home/capstone/project/test_files/000535.jpg
[3502] 8f3db63f70fad91 O /home/capstone/project/test_files/000535.jpg.tmp_
[3502] 8f3db63f70fad91 O /home/capstone/project/test_files/000781.xls
[3502] 8f3db63f70fad91 O /home/capstone/project/test_files/000781.xls.tmp_
[3502] 8f3db63f70fad91 O /home/capstone/project/test_files/000436.html
[3502] 8f3db63f70fad91 O /home/capstone/project/test_files/000436.html.tmp_
[3502] 8f3db63f70fad91 C /home/capstone/project/test_files/000533.doc.tmp_.README_TO_RESTORE
[3502] 8f3db63f70fad91 C /home/capstone/project/test_files/000937.txt.tmp_.README_TO_RESTORE
[3502] 8f3db63f70fad91 O /home/capstone/project/test_files/000937.txt.tmp_.README_TO_RESTORE
[3502] 8f3db63f70fad91 C /home/capstone/project/test_files/000422.html.tmp_.README_TO_RESTORE
[3502] 8f3db63f70fad91 C /home/capstone/project/test_files/000089.txt.tmp_.README_TO_RESTORE
[3502] 8f3db63f70fad91 O /home/capstone/project/test_files/000089.txt.tmp_.README_TO_RESTORE
[3502] 8f3db63f70fad91 O /home/capstone/project/test_files/000533.doc.tmp_.README_TO_RESTORE
[3502] 8f3db63f70fad91 C /home/capstone/project/test_files/000881.jpg.tmp_.README_TO_RESTORE
[3502] 8f3db63f70fad91 O /home/capstone/project/test_files/000881.jpg.tmp_.README_TO_RESTORE
[3502] 8f3db63f70fad91 C /home/capstone/project/test_files/000156.doc.tmp_.README_TO_RESTORE
[3502] 8f3db63f70fad91 O /home/capstone/project/test_files/000156.doc.tmp_.README_TO_RESTORE
[3502] 8f3db63f70fad91 O /home/capstone/project/test_files/000173.html
[3502] 8f3db63f70fad91 O /home/capstone/project/test_files/000173.html.tmp_
[3502] 8f3db63f70fad91 O /home/capstone/project/test_files/000711.ppt
[3502] 8f3db63f70fad91 O /home/capstone/project/test_files/000711.ppt.tmp_
[3502] 8f3db63f70fad91 O /home/capstone/project/test_files/000239.jpg
[3502] 8f3db63f70fad91 O /home/capstone/project/test_files/000239.jpg.tmp_
[3502] 8f3db63f70fad91 O /home/capstone/project/test_files/000164.pdf
[3502] 8f3db63f70fad91 O /home/capstone/project/test_files/000164.pdf.tmp_
[3502] 8f3db63f70fad91 O /home/capstone/project/test_files/000422.html.tmp_.README_TO_RESTORE
[3502] 8f3db63f70fad91 C /home/capstone/project/test_files/000745.pdf.tmp_.README_TO_RESTORE
[3502] 8f3db63f70fad91 O /home/capstone/project/test_files/000745.pdf.tmp_.README_TO_RESTORE
[3502] 8f3db63f70fad91 O /home/capstone/project/test_files/000003.doc
[3502] 8f3db63f70fad91 O /home/capstone/project/test_files/000003.doc.tmp_
[3502] 8f3db63f70fad91 O /home/capstone/project/test_files/000594.pdf
[3502] 8f3db63f70fad91 O /home/capstone/project/test_files/000594.pdf.tmp_
[3502] 8f3db63f70fad91 O /home/capstone/project/test_files/000416.html
[3502] 8f3db63f70fad91 O /home/capstone/project/test_files/000416.html.tmp_
[3502] 8f3db63f70fad91 C /home/capstone/project/test_files/000265.doc.tmp_.README_TO_RESTORE
[3502] 8f3db63f70fad91 O /home/capstone/project/test_files/000265.doc.tmp_.README_TO_RESTORE
[3502] 8f3db63f70fad91 O /home/capstone/project/test_files/000730.ps
[3502] 8f3db63f70fad91 O /home/capstone/project/test_files/000730.ps.tmp_
[3502] 8f3db63f70fad91 C /home/capstone/project/test_files/000468.txt.tmp_.README_TO_RESTORE
[3502] 8f3db63f70fad91 O /home/capstone/project/test_files/000468.txt.tmp_.README_TO_RESTORE
[3502] 8f3db63f70fad91 C /home/capstone/project/test_files/000355.pdf.tmp_.README_TO_RESTORE
[3502] 8f3db63f70fad91 O /home/capstone/project/test_files/000355.pdf.tmp_.README_TO_RESTORE
[3502] 8f3db63f70fad91 O /home/capstone/project/test_files/000812.html
[3502] 8f3db63f70fad91 O /home/capstone/project/test_files/000812.html.tmp_
[3502] 8f3db63f70fad91 O /home/capstone/project/test_files/000030.xls
[3502] 8f3db63f70fad91 O /home/capstone/project/test_files/000030.xls.tmp_
[3502] 8f3db63f70fad91 O /home/capstone/project/test_files/000292.ppt
[3502] 8f3db63f70fad91 O /home/capstone/project/test_files/000292.ppt.tmp_
[3502] 8f3db63f70fad91 C /home/capstone/project/test_files/000134.ppt.tmp_.README_TO_RESTORE
[3502] 8f3db63f70fad91 O /home/capstone/project/test_files/000134.ppt.tmp_.README_TO_RESTORE
[3502] 8f3db63f70fad91 C /home/capstone/project/test_files/000469.jpg.tmp_.README_TO_RESTORE
[3502] 8f3db63f70fad91 O /home/capstone/project/test_files/000469.jpg.tmp_.README_TO_RESTORE
[3502] 8f3db63f70fad91 C /home/capstone/project/test_files/000369.pdf.tmp_.README_TO_RESTORE
[3502] 8f3db63f70fad91 O /home/capstone/project/test_files/000369.pdf.tmp_.README_TO_RESTORE
[3502] 8f3db63f70fad91 C /home/capstone/project/test_files/000862.txt.tmp_.README_TO_RESTORE
[3502] 8f3db63f70fad91 O /home/capstone/project/test_files/000862.txt.tmp_.README_TO_RESTORE
[3502] 8f3db63f70fad91 C /home/capstone/project/test_files/000716.ppt.tmp_.README_TO_RESTORE
[3502] 8f3db63f70fad91 C /home/capstone/project/test_files/000138.html.tmp_.README_TO_RESTORE
[3502] 8f3db63f70fad91 C /home/capstone/project/test_files/000766.ps.tmp_.README_TO_RESTORE
[3502] 8f3db63f70fad91 O /home/capstone/project/test_files/000766.ps.tmp_.README_TO_RESTORE
[3502] 8f3db63f70fad91 C /home/capstone/project/test_files/000090.txt.tmp_.README_TO_RESTORE
[3502] 8f3db63f70fad91 O /home/capstone/project/test_files/000090.txt.tmp_.README_TO_RESTORE
[3502] 8f3db63f70fad91 O /home/capstone/project/test_files/000358.pdf
[3502] 8f3db63f70fad91 O /home/capstone/project/test_files/000358.pdf.tmp_
[3502] 8f3db63f70fad91 C /home/capstone/project/test_files/000131.doc.tmp_.README_TO_RESTORE
[3502] 8f3db63f70fad91 O /home/capstone/project/test_files/000747.pdf.tmp_.README_TO_RESTORE
[3502] 8f3db63f70fad91 C /home/capstone/project/test_files/000164.pdf.tmp_.README_TO_RESTORE
[3502] 8f3db63f70fad91 O /home/capstone/project/test_files/000164.pdf.tmp_.README_TO_RESTORE
[3502] 8f3db63f70fad91 C /home/capstone/project/test_files/000585.pdf.tmp_.README_TO_RESTORE
[3502] 8f3db63f70fad91 O /home/capstone/project/test_files/000585.pdf.tmp_.README_TO_RESTORE
[3502] 8f3db63f70fad91 C /home/capstone/project/test_files/000962.jpg.tmp_.README_TO_RESTORE
[3502] 8f3db63f70fad91 O /home/capstone/project/test_files/000962.jpg.tmp_.README_TO_RESTORE
[3502] 8f3db63f70fad91 O /home/capstone/project/test_files/000018.pdf
[3502] 8f3db63f70fad91 O /home/capstone/project/test_files/000018.pdf.tmp_
[3502] 8f3db63f70fad91 C /home/capstone/project/test_files/000781.xls.tmp_.README_TO_RESTORE
[3502] 8f3db63f70fad91 C /home/capstone/project/test_files/000345.pdf.tmp_.README_TO_RESTORE
[3502] 8f3db63f70fad91 C /home/capstone/project/test_files/000913.doc.tmp_.README_TO_RESTORE
[3502] 8f3db63f70fad91 O /home/capstone/project/test_files/000066.html
[3502] 8f3db63f70fad91 C /home/capstone/project/test_files/000752.pdf.tmp_.README_TO_RESTORE
[3502] 8f3db63f70fad91 O /home/capstone/project/test_files/000752.pdf.tmp_.README_TO_RESTORE
[3502] 8f3db63f70fad91 O /home/capstone/project/test_files/000198.html
[3502] 8f3db63f70fad91 O /home/capstone/project/test_files/000198.html.tmp_
[3502] 8f3db63f70fad91 O /home/capstone/project/test_files/000641.txt
[3502] 8f3db63f70fad91 O /home/capstone/project/test_files/000517.gif.tmp_.README_TO_RESTORE
[3502] 8f3db63f70fad91 O /home/capstone/project/test_files/000359.pdf
[3502] 8f3db63f70fad91 O /home/capstone/project/test_files/000359.pdf.tmp_
[3502] 8f3db63f70fad91 O /home/capstone/project/test_files/000388.xls
[3502] 8f3db63f70fad91 O /home/capstone/project/test_files/000388.xls.tmp_
[3502] 8f3db63f70fad91 O /home/capstone/project/test_files/000641.txt.tmp_
[3502] 8f3db63f70fad91 C /home/capstone/project/test_files/000800.html.tmp_.README_TO_RESTORE
[3502] 8f3db63f70fad91 O /home/capstone/project/test_files/000800.html.tmp_.README_TO_RESTORE
[3502] 8f3db63f70fad91 O /home/capstone/project/test_files/000192.html
[3502] 8f3db63f70fad91 O /home/capstone/project/test_files/000192.html.tmp_
[3502] 8f3db63f70fad91 O /home/capstone/project/test_files/000736.gz
[3502] 8f3db63f70fad91 O /home/capstone/project/test_files/000736.gz.tmp_
[3502] 8f3db63f70fad91 C /home/capstone/project/test_files/000730.ps.tmp_.README_TO_RESTORE
[3502] 8f3db63f70fad91 O /home/capstone/project/test_files/000730.ps.tmp_.README_TO_RESTORE
[3502] 8f3db63f70fad91 C /home/capstone/project/test_files/000603.jpg.tmp_.README_TO_RESTORE
[3502] 8f3db63f70fad91 O /home/capstone/project/test_files/000603.jpg.tmp_.README_TO_RESTORE
[3502] 8f3db63f70fad91 C /home/capstone/project/test_files/000416.html.tmp_.README_TO_RESTORE
[3502] 8f3db63f70fad91 O /home/capstone/project/test_files/000416.html.tmp_.README_TO_RESTORE
[3502] 8f3db63f70fad91 O /home/capstone/project/test_files/000667.txt
[3502] 8f3db63f70fad91 O /home/capstone/project/test_files/000667.txt.tmp_
[3502] 8f3db63f70fad91 O /home/capstone/project/test_files/000266.pdf
[3502] 8f3db63f70fad91 O /home/capstone/project/test_files/000266.pdf.tmp_
[3502] 8f3db63f70fad91 O /home/capstone/project/test_files/000518.ppt.tmp_.README_TO_RESTORE
[3502] 8f3db63f70fad91 O /home/capstone/project/test_files/000190.html.tmp_.README_TO_RESTORE
[3502] 8f3db63f70fad91 O /home/capstone/project/test_files/000711.ppt.tmp_.README_TO_RESTORE
[3502] 8f3db63f70fad91 C /home/capstone/project/test_files/000549.jpg.tmp_.README_TO_RESTORE
[3502] 8f3db63f70fad91 O /home/capstone/project/test_files/000549.jpg.tmp_.README_TO_RESTORE
[3502] 8f3db63f70fad91 C /home/capstone/project/test_files/000012.pdf.tmp_.README_TO_RESTORE
[3502] 8f3db63f70fad91 O /home/capstone/project/test_files/000012.pdf.tmp_.README_TO_RESTORE
[3502] 8f3db63f70fad91 C /home/capstone/project/test_files/000986.ppt.tmp_.README_TO_RESTORE
[3502] 8f3db63f70fad91 O /home/capstone/project/test_files/000986.ppt.tmp_.README_TO_RESTORE
[3502] 8f3db63f70fad91 C /home/capstone/project/test_files/000074.html.tmp_.README_TO_RESTORE
[3502] 8f3db63f70fad91 O /home/capstone/project/test_files/000074.html.tmp_.README_TO_RESTORE
[3502] 8f3db63f70fad91 C /home/capstone/project/test_files/000615.html.tmp_.README_TO_RESTORE
[3502] 8f3db63f70fad91 O /home/capstone/project/test_files/000615.html.tmp_.README_TO_RESTORE
[3502] 8f3db63f70fad91 C /home/capstone/project/test_files/000526.gif.tmp_.README_TO_RESTORE
[3502] 8f3db63f70fad91 O /home/capstone/project/test_files/000526.gif.tmp_.README_TO_RESTORE
[3502] 8f3db63f70fad91 O /home/capstone/project/test_files/000239.jpg.tmp_.README_TO_RESTORE
[3502] 8f3db63f70fad91 C /home/capstone/project/test_files/000079.html.tmp_.README_TO_RESTORE
[3502] 8f3db63f70fad91 O /home/capstone/project/test_files/000079.html.tmp_.README_TO_RESTORE
[3502] 8f3db63f70fad91 C /home/capstone/project/test_files/000359.pdf.tmp_.README_TO_RESTORE
[3502] 8f3db63f70fad91 O /home/capstone/project/test_files/000359.pdf.tmp_.README_TO_RESTORE
[3502] 8f3db63f70fad91 C /home/capstone/project/test_files/000292.ppt.tmp_.README_TO_RESTORE
[3502] 8f3db63f70fad91 O /home/capstone/project/test_files/000292.ppt.tmp_.README_TO_RESTORE
[3502] 8f3db63f70fad91 O /home/capstone/project/test_files/000825.pdf.tmp_.README_TO_RESTORE
[3502] 8f3db63f70fad91 C /home/capstone/project/test_files/000483.txt.tmp_.README_TO_RESTORE
[3502] 8f3db63f70fad91 O /home/capstone/project/test_files/000483.txt.tmp_.README_TO_RESTORE
[3502] 8f3db63f70fad91 C /home/capstone/project/test_files/000018.pdf.tmp_.README_TO_RESTORE
[3502] 8f3db63f70fad91 O /home/capstone/project/test_files/000018.pdf.tmp_.README_TO_RESTORE
[3502] 8f3db63f70fad91 O /home/capstone/project/test_files/000033.xls.tmp_.README_TO_RESTORE
[3502] 8f3db63f70fad91 C /home/capstone/project/test_files/000667.txt.tmp_.README_TO_RESTORE
[3502] 8f3db63f70fad91 O /home/capstone/project/test_files/000667.txt.tmp_.README_TO_RESTORE
[3502] 8f3db63f70fad91 O /home/capstone/project/test_files/000789.html
[3502] 8f3db63f70fad91 O /home/capstone/project/test_files/000789.html.tmp_
[3502] 8f3db63f70fad91 C /home/capstone/project/test_files/000689.csv.tmp_.README_TO_RESTORE
[3502] 8f3db63f70fad91 O /home/capstone/project/test_files/000689.csv.tmp_.README_TO_RESTORE
[3502] 8f3db63f70fad91 O /home/capstone/project/test_files/000399.xls.tmp_.README_TO_RESTORE
[3502] 8f3db63f70fad91 C /home/capstone/project/test_files/000246.jpg.tmp_.README_TO_RESTORE
[3502] 8f3db63f70fad91 O /home/capstone/project/test_files/000508.jpg
[3502] 8f3db63f70fad91 O /home/capstone/project/test_files/000508.jpg.tmp_
[3502] 8f3db63f70fad91 O /home/capstone/project/test_files/000246.jpg.tmp_.README_TO_RESTORE
[3502] 8f3db63f70fad91 C /home/capstone/project/test_files/000850.txt.tmp_.README_TO_RESTORE
[3502] 8f3db63f70fad91 O /home/capstone/project/test_files/000850.txt.tmp_.README_TO_RESTORE
[3502] 8f3db63f70fad91 O /home/capstone/project/test_files/000961.doc.tmp_.README_TO_RESTORE
[3502] 8f3db63f70fad91 O /home/capstone/project/test_files/000927.txt.tmp_.README_TO_RESTORE
[3502] 8f3db63f70fad91 O /home/capstone/project/test_files/000138.html.tmp_.README_TO_RESTORE
[3502] 8f3db63f70fad91 C /home/capstone/project/test_files/000657.txt.tmp_.README_TO_RESTORE
[3502] 8f3db63f70fad91 O /home/capstone/project/test_files/000657.txt.tmp_.README_TO_RESTORE
[3502] 8f3db63f70fad91 O /home/capstone/project/test_files/000456.html
[3502] 8f3db63f70fad91 O /home/capstone/project/test_files/000456.html.tmp_
[3502] 8f3db63f70fad91 O /home/capstone/project/test_files/000852.txt
[3502] 8f3db63f70fad91 O /home/capstone/project/test_files/000852.txt.tmp_
[3502] 8f3db63f70fad91 O /home/capstone/project/test_files/000325.pdf
[3502] 8f3db63f70fad91 O /home/capstone/project/test_files/000325.pdf.tmp_
[3502] 8f3db63f70fad91 O /home/capstone/project/test_files/000600.html
[3502] 8f3db63f70fad91 O /home/capstone/project/test_files/000600.html.tmp_
[3502] 8f3db63f70fad91 C /home/capstone/project/test_files/000508.jpg.tmp_.README_TO_RESTORE
[3502] 8f3db63f70fad91 O /home/capstone/project/test_files/000467.txt
[3502] 8f3db63f70fad91 O /home/capstone/project/test_files/000467.txt.tmp_
[3502] 8f3db63f70fad91 O /home/capstone/project/test_files/000092.txt
[3502] 8f3db63f70fad91 O /home/capstone/project/test_files/000092.txt.tmp_
[3502] 8f3db63f70fad91 O /home/capstone/project/test_files/000280.pdf
[3502] 8f3db63f70fad91 O /home/capstone/project/test_files/000280.pdf.tmp_
[3502] 8f3db63f70fad91 O /home/capstone/project/test_files/000686.doc
[3502] 8f3db63f70fad91 O /home/capstone/project/test_files/000686.doc.tmp_
[3502] 8f3db63f70fad91 O /home/capstone/project/test_files/000053.xls
[3502] 8f3db63f70fad91 O /home/capstone/project/test_files/000053.xls.tmp_
[3502] 8f3db63f70fad91 O /home/capstone/project/test_files/000300.ppt
[3502] 8f3db63f70fad91 O /home/capstone/project/test_files/000300.ppt.tmp_
[3502] 8f3db63f70fad91 O /home/capstone/project/test_files/000601.html
[3502] 8f3db63f70fad91 O /home/capstone/project/test_files/000601.html.tmp_
[3502] 8f3db63f70fad91 O /home/capstone/project/test_files/000030.xls.tmp_.README_TO_RESTORE
[3502] 8f3db63f70fad91 O /home/capstone/project/test_files/000508.jpg.tmp_.README_TO_RESTORE
[3502] 8f3db63f70fad91 O /home/capstone/project/test_files/000693.doc.tmp_.README_TO_RESTORE
[3502] 8f3db63f70fad91 O /home/capstone/project/test_files/000590.pdf.tmp_.README_TO_RESTORE
[3502] 8f3db63f70fad91 O /home/capstone/project/test_files/000574.pdf.tmp_.README_TO_RESTORE
[3502] 8f3db63f70fad91 O /home/capstone/project/test_files/000781.xls.tmp_.README_TO_RESTORE
[3502] 8f3db63f70fad91 O /home/capstone/project/test_files/000480.txt
[3502] 8f3db63f70fad91 O /home/capstone/project/test_files/000480.txt.tmp_
[3502] 8f3db63f70fad91 O /home/capstone/project/test_files/ziUrAJ8W
[3502] 8f3db63f70fad91 O /home/capstone/project/test_files/ziUrAJ8W.tmp_
[3502] 8f3db63f70fad91 O /home/capstone/project/test_files/000808.html
[3502] 8f3db63f70fad91 O /home/capstone/project/test_files/000808.html.tmp_
[3502] 8f3db63f70fad91 O /home/capstone/project/test_files/000175.ppt
[3502] 8f3db63f70fad91 O /home/capstone/project/test_files/000175.ppt.tmp_
[3502] 8f3db63f70fad91 O /home/capstone/project/test_files/000170.xls
[3502] 8f3db63f70fad91 O /home/capstone/project/test_files/000170.xls.tmp_
[3502] 8f3db63f70fad91 O /home/capstone/project/test_files/000487.txt
[3502] 8f3db63f70fad91 O /home/capstone/project/test_files/000487.txt.tmp_
[3502] 8f3db63f70fad91 O /home/capstone/project/test_files/000616.html
[3502] 8f3db63f70fad91 O /home/capstone/project/test_files/000616.html.tmp_
[3502] 8f3db63f70fad91 O /home/capstone/project/test_files/000481.txt
[3502] 8f3db63f70fad91 O /home/capstone/project/test_files/000481.txt.tmp_
[3502] 8f3db63f70fad91 O /home/capstone/project/test_files/000577.pdf
[3502] 8f3db63f70fad91 O /home/capstone/project/test_files/000577.pdf.tmp_
[3502] 8f3db63f70fad91 O /home/capstone/project/test_files/000634.html
[3502] 8f3db63f70fad91 O /home/capstone/project/test_files/000634.html.tmp_
[3502] 8f3db63f70fad91 O /home/capstone/project/test_files/000228.txt
[3502] 8f3db63f70fad91 O /home/capstone/project/test_files/000228.txt.tmp_
[3502] 8f3db63f70fad91 O /home/capstone/project/test_files/000444.pdf
[3502] 8f3db63f70fad91 C /home/capstone/project/test_files/000789.html.tmp_.README_TO_RESTORE
[3502] 8f3db63f70fad91 O /home/capstone/project/test_files/000789.html.tmp_.README_TO_RESTORE
[3502] 8f3db63f70fad91 O /home/capstone/project/test_files/000832.txt
[3502] 8f3db63f70fad91 O /home/capstone/project/test_files/000832.txt.tmp_
[3502] 8f3db63f70fad91 O /home/capstone/project/test_files/000722.csv
[3502] 8f3db63f70fad91 O /home/capstone/project/test_files/000722.csv.tmp_
[3502] 8f3db63f70fad91 C /home/capstone/project/test_files/000388.xls.tmp_.README_TO_RESTORE
[3502] 8f3db63f70fad91 O /home/capstone/project/test_files/000388.xls.tmp_.README_TO_RESTORE
[3502] 8f3db63f70fad91 O /home/capstone/project/test_files/000044.xls
[3502] 8f3db63f70fad91 O /home/capstone/project/test_files/000044.xls.tmp_
[3502] 8f3db63f70fad91 O /home/capstone/project/test_files/000345.pdf.tmp_.README_TO_RESTORE
[3502] 8f3db63f70fad91 O /home/capstone/project/test_files/000913.doc.tmp_.README_TO_RESTORE
[3502] 8f3db63f70fad91 C /home/capstone/project/test_files/000097.ps.tmp_.README_TO_RESTORE
[3502] 8f3db63f70fad91 O /home/capstone/project/test_files/000097.ps.tmp_.README_TO_RESTORE
[3502] 8f3db63f70fad91 O /home/capstone/project/test_files/000173.html.tmp_.README_TO_RESTORE
[3502] 8f3db63f70fad91 O /home/capstone/project/test_files/000003.doc.tmp_.README_TO_RESTORE
[3502] 8f3db63f70fad91 O /home/capstone/project/test_files/000339.pdf.tmp_.README_TO_RESTORE
[3502] 8f3db63f70fad91 C /home/capstone/project/test_files/000467.txt.tmp_.README_TO_RESTORE
[3502] 8f3db63f70fad91 O /home/capstone/project/test_files/000467.txt.tmp_.README_TO_RESTORE
[3502] 8f3db63f70fad91 O /home/capstone/project/test_files/000660.txt
[3502] 8f3db63f70fad91 O /home/capstone/project/test_files/000660.txt.tmp_
[3502] 8f3db63f70fad91 O /home/capstone/project/test_files/000358.pdf.tmp_.README_TO_RESTORE
[3502] 8f3db63f70fad91 O /home/capstone/project/test_files/000931.txt
[3502] 8f3db63f70fad91 O /home/capstone/project/test_files/000931.txt.tmp_
[3502] 8f3db63f70fad91 O /home/capstone/project/test_files/000197.html
[3502] 8f3db63f70fad91 O /home/capstone/project/test_files/000197.html.tmp_
[3502] 8f3db63f70fad91 O /home/capstone/project/test_files/000360.pdf
[3502] 8f3db63f70fad91 O /home/capstone/project/test_files/000661.txt
[3502] 8f3db63f70fad91 O /home/capstone/project/test_files/000341.pdf
[3502] 8f3db63f70fad91 O /home/capstone/project/test_files/000669.txt
[3502] 8f3db63f70fad91 C /home/capstone/project/test_files/000170.xls.tmp_.README_TO_RESTORE
[3502] 8f3db63f70fad91 O /home/capstone/project/test_files/000990.ppt
[3502] 8f3db63f70fad91 O /home/capstone/project/test_files/000795.doc
[3502] 8f3db63f70fad91 O /home/capstone/project/test_files/000025.pdf
[3502] 8f3db63f70fad91 O /home/capstone/project/test_files/000131.doc.tmp_.README_TO_RESTORE
[3502] 8f3db63f70fad91 C /home/capstone/project/test_files/000044.xls.tmp_.README_TO_RESTORE
[3502] 8f3db63f70fad91 O /home/capstone/project/test_files/000360.pdf.tmp_
[3502] 8f3db63f70fad91 O /home/capstone/project/test_files/000066.html.tmp_
[3502] 8f3db63f70fad91 C /home/capstone/project/test_files/000852.txt.tmp_.README_TO_RESTORE
[3502] 8f3db63f70fad91 O /home/capstone/project/test_files/000852.txt.tmp_.README_TO_RESTORE
[3502] 8f3db63f70fad91 O /home/capstone/project/test_files/000142.pdf
[3502] 8f3db63f70fad91 O /home/capstone/project/test_files/000142.pdf.tmp_
[3502] 8f3db63f70fad91 O /home/capstone/project/test_files/000799.doc
[3502] 8f3db63f70fad91 O /home/capstone/project/test_files/000799.doc.tmp_
[3502] 8f3db63f70fad91 O /home/capstone/project/test_files/000991.ppt
[3502] 8f3db63f70fad91 O /home/capstone/project/test_files/000991.ppt.tmp_
[3502] 8f3db63f70fad91 O /home/capstone/project/test_files/000548.gif
[3502] 8f3db63f70fad91 O /home/capstone/project/test_files/000548.gif.tmp_
[3502] 8f3db63f70fad91 O /home/capstone/project/test_files/000301.ppt
[3502] 8f3db63f70fad91 O /home/capstone/project/test_files/000301.ppt.tmp_
[3502] 8f3db63f70fad91 C /home/capstone/project/test_files/000066.html.tmp_.README_TO_RESTORE
[3502] 8f3db63f70fad91 O /home/capstone/project/test_files/000066.html.tmp_.README_TO_RESTORE
[3502] 8f3db63f70fad91 O /home/capstone/project/test_files/000541.jpg
[3502] 8f3db63f70fad91 O /home/capstone/project/test_files/000541.jpg.tmp_
[3502] 8f3db63f70fad91 O /home/capstone/project/test_files/000883.jpg
[3502] 8f3db63f70fad91 O /home/capstone/project/test_files/000883.jpg.tmp_
[3502] 8f3db63f70fad91 O /home/capstone/project/test_files/000561.gif
[3502] 8f3db63f70fad91 O /home/capstone/project/test_files/000561.gif.tmp_
[3502] 8f3db63f70fad91 O /home/capstone/project/test_files/000640.html
[3502] 8f3db63f70fad91 O /home/capstone/project/test_files/000640.html.tmp_
[3502] 8f3db63f70fad91 O /home/capstone/project/test_files/000528.jpg
[3502] 8f3db63f70fad91 O /home/capstone/project/test_files/000528.jpg.tmp_
[3502] 8f3db63f70fad91 O /home/capstone/project/test_files/000820.html
[3502] 8f3db63f70fad91 O /home/capstone/project/test_files/000820.html.tmp_
[3502] 8f3db63f70fad91 O /home/capstone/project/test_files/000062.html
[3502] 8f3db63f70fad91 O /home/capstone/project/test_files/000062.html.tmp_
[3502] 8f3db63f70fad91 C /home/capstone/project/test_files/000686.doc.tmp_.README_TO_RESTORE
[3502] 8f3db63f70fad91 O /home/capstone/project/test_files/000661.txt.tmp_
[3502] 8f3db63f70fad91 C /home/capstone/project/test_files/000300.ppt.tmp_.README_TO_RESTORE
[3502] 8f3db63f70fad91 O /home/capstone/project/test_files/000300.ppt.tmp_.README_TO_RESTORE
[3502] 8f3db63f70fad91 O /home/capstone/project/test_files/000277.doc
[3502] 8f3db63f70fad91 O /home/capstone/project/test_files/000277.doc.tmp_
[3502] 8f3db63f70fad91 O /home/capstone/project/test_files/000083.unk
[3502] 8f3db63f70fad91 O /home/capstone/project/test_files/000083.unk.tmp_
[3502] 8f3db63f70fad91 O /home/capstone/project/test_files/000321.ppt
[3502] 8f3db63f70fad91 O /home/capstone/project/test_files/000321.ppt.tmp_
[3502] 8f3db63f70fad91 O /home/capstone/project/test_files/000811.pdf
[3502] 8f3db63f70fad91 O /home/capstone/project/test_files/000811.pdf.tmp_
[3502] 8f3db63f70fad91 O /home/capstone/project/test_files/000880.jpg
[3502] 8f3db63f70fad91 O /home/capstone/project/test_files/000880.jpg.tmp_
[3502] 8f3db63f70fad91 O /home/capstone/project/test_files/000525.gif
[3502] 8f3db63f70fad91 O /home/capstone/project/test_files/000525.gif.tmp_
[3502] 8f3db63f70fad91 O /home/capstone/project/test_files/000108.jpg
[3502] 8f3db63f70fad91 O /home/capstone/project/test_files/000108.jpg.tmp_
[3502] 8f3db63f70fad91 O /home/capstone/project/test_files/000626.txt
[3502] 8f3db63f70fad91 O /home/capstone/project/test_files/000626.txt.tmp_
[3502] 8f3db63f70fad91 O /home/capstone/project/test_files/000121.doc
[3502] 8f3db63f70fad91 O /home/capstone/project/test_files/000121.doc.tmp_
[3502] 8f3db63f70fad91 O /home/capstone/project/test_files/000398.xls
[3502] 8f3db63f70fad91 O /home/capstone/project/test_files/000398.xls.tmp_
[3502] 8f3db63f70fad91 O /home/capstone/project/test_files/000057.html
[3502] 8f3db63f70fad91 O /home/capstone/project/test_files/000057.html.tmp_
[3502] 8f3db63f70fad91 O /home/capstone/project/test_files/000581.pdf
[3502] 8f3db63f70fad91 O /home/capstone/project/test_files/000581.pdf.tmp_
[3502] 8f3db63f70fad91 O /home/capstone/project/test_files/000623.html
[3502] 8f3db63f70fad91 O /home/capstone/project/test_files/000623.html.tmp_
[3502] 8f3db63f70fad91 O /home/capstone/project/test_files/000167.ppt
[3502] 8f3db63f70fad91 O /home/capstone/project/test_files/000167.ppt.tmp_
[3502] 8f3db63f70fad91 O /home/capstone/project/test_files/000392.xls
[3502] 8f3db63f70fad91 O /home/capstone/project/test_files/000392.xls.tmp_
[3502] 8f3db63f70fad91 O /home/capstone/project/test_files/000170.xls.tmp_.README_TO_RESTORE
[3502] 8f3db63f70fad91 O /home/capstone/project/test_files/000065.html
[3502] 8f3db63f70fad91 O /home/capstone/project/test_files/000065.html.tmp_
[3502] 8f3db63f70fad91 O /home/capstone/project/test_files/000990.ppt.tmp_
[3502] 8f3db63f70fad91 O /home/capstone/project/test_files/000025.pdf.tmp_
[3502] 8f3db63f70fad91 O /home/capstone/project/test_files/000795.doc.tmp_
[3502] 8f3db63f70fad91 O /home/capstone/project/test_files/000876.jpg
[3502] 8f3db63f70fad91 O /home/capstone/project/test_files/000876.jpg.tmp_
[3502] 8f3db63f70fad91 O /home/capstone/project/test_files/000916.html
[3502] 8f3db63f70fad91 O /home/capstone/project/test_files/000377.xls
[3502] 8f3db63f70fad91 O /home/capstone/project/test_files/000377.xls.tmp_
[3502] 8f3db63f70fad91 O /home/capstone/project/test_files/000916.html.tmp_
[3502] 8f3db63f70fad91 O /home/capstone/project/test_files/000044.xls.tmp_.README_TO_RESTORE
[3502] 8f3db63f70fad91 O /home/capstone/project/test_files/000857.txt
[3502] 8f3db63f70fad91 O /home/capstone/project/test_files/000857.txt.tmp_
[3502] 8f3db63f70fad91 O /home/capstone/project/test_files/000842.txt
[3502] 8f3db63f70fad91 O /home/capstone/project/test_files/000842.txt.tmp_
[3502] 8f3db63f70fad91 C /home/capstone/project/test_files/000057.html.tmp_.README_TO_RESTORE
[3502] 8f3db63f70fad91 O /home/capstone/project/test_files/000057.html.tmp_.README_TO_RESTORE
[3502] 8f3db63f70fad91 C /home/capstone/project/test_files/000799.doc.tmp_.README_TO_RESTORE
[3502] 8f3db63f70fad91 O /home/capstone/project/test_files/000799.doc.tmp_.README_TO_RESTORE
[3502] 8f3db63f70fad91 C /home/capstone/project/test_files/000487.txt.tmp_.README_TO_RESTORE
[3502] 8f3db63f70fad91 O /home/capstone/project/test_files/000487.txt.tmp_.README_TO_RESTORE
[3502] 8f3db63f70fad91 O /home/capstone/project/test_files/000815.html
[3502] 8f3db63f70fad91 O /home/capstone/project/test_files/000815.html.tmp_
[3502] 8f3db63f70fad91 C /home/capstone/project/test_files/000815.html.tmp_.README_TO_RESTORE
[3502] 8f3db63f70fad91 O /home/capstone/project/test_files/000815.html.tmp_.README_TO_RESTORE
[3502] 8f3db63f70fad91 C /home/capstone/project/test_files/000977.doc.tmp_.README_TO_RESTORE
[3502] 8f3db63f70fad91 O /home/capstone/project/test_files/000977.doc.tmp_.README_TO_RESTORE
[3502] 8f3db63f70fad91 C /home/capstone/project/test_files/000228.txt.tmp_.README_TO_RESTORE
[3502] 8f3db63f70fad91 O /home/capstone/project/test_files/000228.txt.tmp_.README_TO_RESTORE
[3502] 8f3db63f70fad91 C /home/capstone/project/test_files/000444.pdf.tmp_.README_TO_RESTORE
[3502] 8f3db63f70fad91 O /home/capstone/project/test_files/000444.pdf.tmp_.README_TO_RESTORE
[3502] 8f3db63f70fad91 C /home/capstone/project/test_files/000660.txt.tmp_.README_TO_RESTORE
[3502] 8f3db63f70fad91 O /home/capstone/project/test_files/000660.txt.tmp_.README_TO_RESTORE
[3502] 8f3db63f70fad91 C /home/capstone/project/test_files/000142.pdf.tmp_.README_TO_RESTORE
[3502] 8f3db63f70fad91 O /home/capstone/project/test_files/000142.pdf.tmp_.README_TO_RESTORE
[3502] 8f3db63f70fad91 C /home/capstone/project/test_files/000548.gif.tmp_.README_TO_RESTORE
[3502] 8f3db63f70fad91 O /home/capstone/project/test_files/000548.gif.tmp_.README_TO_RESTORE
[3502] 8f3db63f70fad91 O /home/capstone/project/test_files/000544.jpg
[3502] 8f3db63f70fad91 O /home/capstone/project/test_files/000544.jpg.tmp_
[3502] 8f3db63f70fad91 O /home/capstone/project/test_files/000225.f
[3502] 8f3db63f70fad91 O /home/capstone/project/test_files/000225.f.tmp_
[3502] 8f3db63f70fad91 O /home/capstone/project/test_files/000960.doc
[3502] 8f3db63f70fad91 O /home/capstone/project/test_files/000960.doc.tmp_
[3502] 8f3db63f70fad91 O /home/capstone/project/test_files/000407.xls
[3502] 8f3db63f70fad91 O /home/capstone/project/test_files/000407.xls.tmp_
[3502] 8f3db63f70fad91 O /home/capstone/project/test_files/000371.pdf
[3502] 8f3db63f70fad91 O /home/capstone/project/test_files/000371.pdf.tmp_
[3502] 8f3db63f70fad91 C /home/capstone/project/test_files/000092.txt.tmp_.README_TO_RESTORE
[3502] 8f3db63f70fad91 O /home/capstone/project/test_files/000092.txt.tmp_.README_TO_RESTORE
[3502] 8f3db63f70fad91 O /home/capstone/project/test_files/000514.jpg
[3502] 8f3db63f70fad91 O /home/capstone/project/test_files/000514.jpg.tmp_
[3502] 8f3db63f70fad91 O /home/capstone/project/test_files/000644.txt
[3502] 8f3db63f70fad91 O /home/capstone/project/test_files/000644.txt.tmp_
[3502] 8f3db63f70fad91 O /home/capstone/project/test_files/000892.html
[3502] 8f3db63f70fad91 O /home/capstone/project/test_files/000892.html.tmp_
[3502] 8f3db63f70fad91 C /home/capstone/project/test_files/000880.jpg.tmp_.README_TO_RESTORE
[3502] 8f3db63f70fad91 O /home/capstone/project/test_files/000880.jpg.tmp_.README_TO_RESTORE
[3502] 8f3db63f70fad91 C /home/capstone/project/test_files/000062.html.tmp_.README_TO_RESTORE
[3502] 8f3db63f70fad91 O /home/capstone/project/test_files/000062.html.tmp_.README_TO_RESTORE
[3502] 8f3db63f70fad91 C /home/capstone/project/test_files/000514.jpg.tmp_.README_TO_RESTORE
[3502] 8f3db63f70fad91 O /home/capstone/project/test_files/000702.ps
[3502] 8f3db63f70fad91 O /home/capstone/project/test_files/000702.ps.tmp_
[3502] 8f3db63f70fad91 C /home/capstone/project/test_files/000371.pdf.tmp_.README_TO_RESTORE
[3502] 8f3db63f70fad91 O /home/capstone/project/test_files/000371.pdf.tmp_.README_TO_RESTORE
[3502] 8f3db63f70fad91 O /home/capstone/project/test_files/000491.txt
[3502] 8f3db63f70fad91 O /home/capstone/project/test_files/000491.txt.tmp_
[3502] 8f3db63f70fad91 O /home/capstone/project/test_files/000357.pdf
[3502] 8f3db63f70fad91 O /home/capstone/project/test_files/000357.pdf.tmp_
[3502] 8f3db63f70fad91 O /home/capstone/project/test_files/000288.ppt
[3502] 8f3db63f70fad91 O /home/capstone/project/test_files/000288.ppt.tmp_
[3502] 8f3db63f70fad91 O /home/capstone/project/test_files/000415.html
[3502] 8f3db63f70fad91 O /home/capstone/project/test_files/000415.html.tmp_
[3502] 8f3db63f70fad91 C /home/capstone/project/test_files/000357.pdf.tmp_.README_TO_RESTORE
[3502] 8f3db63f70fad91 O /home/capstone/project/test_files/000357.pdf.tmp_.README_TO_RESTORE
[3502] 8f3db63f70fad91 O /home/capstone/project/test_files/000029.pdf
[3502] 8f3db63f70fad91 O /home/capstone/project/test_files/000029.pdf.tmp_
[3502] 8f3db63f70fad91 O /home/capstone/project/test_files/000879.jpg
[3502] 8f3db63f70fad91 O /home/capstone/project/test_files/000879.jpg.tmp_
[3502] 8f3db63f70fad91 O /home/capstone/project/test_files/000159.pdf
[3502] 8f3db63f70fad91 O /home/capstone/project/test_files/000159.pdf.tmp_
[3502] 8f3db63f70fad91 C /home/capstone/project/test_files/000702.ps.tmp_.README_TO_RESTORE
[3502] 8f3db63f70fad91 O /home/capstone/project/test_files/000702.ps.tmp_.README_TO_RESTORE
[3502] 8f3db63f70fad91 O /home/capstone/project/test_files/000755.pdf
[3502] 8f3db63f70fad91 O /home/capstone/project/test_files/000755.pdf.tmp_
[3502] 8f3db63f70fad91 C /home/capstone/project/test_files/000601.html.tmp_.README_TO_RESTORE
[3502] 8f3db63f70fad91 O /home/capstone/project/test_files/000601.html.tmp_.README_TO_RESTORE
[3502] 8f3db63f70fad91 C /home/capstone/project/test_files/000991.ppt.tmp_.README_TO_RESTORE
[3502] 8f3db63f70fad91 C /home/capstone/project/test_files/000879.jpg.tmp_.README_TO_RESTORE
[3502] 8f3db63f70fad91 C /home/capstone/project/test_files/000623.html.tmp_.README_TO_RESTORE
[3502] 8f3db63f70fad91 C /home/capstone/project/test_files/000280.pdf.tmp_.README_TO_RESTORE
[3502] 8f3db63f70fad91 C /home/capstone/project/test_files/000931.txt.tmp_.README_TO_RESTORE
[3502] 8f3db63f70fad91 O /home/capstone/project/test_files/000991.ppt.tmp_.README_TO_RESTORE
[3502] 8f3db63f70fad91 C /home/capstone/project/test_files/000159.pdf.tmp_.README_TO_RESTORE
[3502] 8f3db63f70fad91 O /home/capstone/project/test_files/000159.pdf.tmp_.README_TO_RESTORE
[3502] 8f3db63f70fad91 C /home/capstone/project/test_files/000480.txt.tmp_.README_TO_RESTORE
[3502] 8f3db63f70fad91 C /home/capstone/project/test_files/000053.xls.tmp_.README_TO_RESTORE
[3502] 8f3db63f70fad91 C /home/capstone/project/test_files/000634.html.tmp_.README_TO_RESTORE
[3502] 8f3db63f70fad91 C /home/capstone/project/test_files/000029.pdf.tmp_.README_TO_RESTORE
[3502] 8f3db63f70fad91 O /home/capstone/project/test_files/000525.gif.tmp_.README_TO_RESTORE
[3502] 8f3db63f70fad91 C /home/capstone/project/test_files/000065.html.tmp_.README_TO_RESTORE
[3502] 8f3db63f70fad91 C /home/capstone/project/test_files/000857.txt.tmp_.README_TO_RESTORE
[3502] 8f3db63f70fad91 O /home/capstone/project/test_files/000480.txt.tmp_.README_TO_RESTORE
[3502] 8f3db63f70fad91 O /home/capstone/project/test_files/000812.html.tmp_.README_TO_RESTORE
[3502] 8f3db63f70fad91 O /home/capstone/project/test_files/000373.pdf
[3502] 8f3db63f70fad91 O /home/capstone/project/test_files/000373.pdf.tmp_
[3502] 8f3db63f70fad91 O /home/capstone/project/test_files/000718.gz
[3502] 8f3db63f70fad91 O /home/capstone/project/test_files/000718.gz.tmp_
[3502] 8f3db63f70fad91 O /home/capstone/project/test_files/000421.html
[3502] 8f3db63f70fad91 O /home/capstone/project/test_files/000421.html.tmp_
[3502] 8f3db63f70fad91 O /home/capstone/project/test_files/000215.html
[3502] 8f3db63f70fad91 O /home/capstone/project/test_files/000215.html.tmp_
[3502] 8f3db63f70fad91 O /home/capstone/project/test_files/000242.jpg
[3502] 8f3db63f70fad91 O /home/capstone/project/test_files/000242.jpg.tmp_
[3502] 8f3db63f70fad91 O /home/capstone/project/test_files/000879.jpg.tmp_.README_TO_RESTORE
[3502] 8f3db63f70fad91 C /home/capstone/project/test_files/000456.html.tmp_.README_TO_RESTORE
[3502] 8f3db63f70fad91 O /home/capstone/project/test_files/000456.html.tmp_.README_TO_RESTORE
[3502] 8f3db63f70fad91 C /home/capstone/project/test_files/000197.html.tmp_.README_TO_RESTORE
[3502] 8f3db63f70fad91 O /home/capstone/project/test_files/000197.html.tmp_.README_TO_RESTORE
[3502] 8f3db63f70fad91 O /home/capstone/project/test_files/000634.html.tmp_.README_TO_RESTORE
[3502] 8f3db63f70fad91 O /home/capstone/project/test_files/000787.html
[3502] 8f3db63f70fad91 O /home/capstone/project/test_files/000787.html.tmp_
[3502] 8f3db63f70fad91 O /home/capstone/project/test_files/000200.html
[3502] 8f3db63f70fad91 O /home/capstone/project/test_files/000200.html.tmp_
[3502] 8f3db63f70fad91 O /home/capstone/project/test_files/000465.unk
[3502] 8f3db63f70fad91 O /home/capstone/project/test_files/000465.unk.tmp_
[3502] 8f3db63f70fad91 O /home/capstone/project/test_files/000623.html.tmp_.README_TO_RESTORE
[3502] 8f3db63f70fad91 O /home/capstone/project/test_files/000280.pdf.tmp_.README_TO_RESTORE
[3502] 8f3db63f70fad91 C /home/capstone/project/test_files/000581.pdf.tmp_.README_TO_RESTORE
[3502] 8f3db63f70fad91 O /home/capstone/project/test_files/000581.pdf.tmp_.README_TO_RESTORE
[3502] 8f3db63f70fad91 O /home/capstone/project/test_files/000391.xls
[3502] 8f3db63f70fad91 O /home/capstone/project/test_files/000391.xls.tmp_
[3502] 8f3db63f70fad91 O /home/capstone/project/test_files/000959.xls
[3502] 8f3db63f70fad91 O /home/capstone/project/test_files/000959.xls.tmp_
[3502] 8f3db63f70fad91 O /home/capstone/project/test_files/000931.txt.tmp_.README_TO_RESTORE
[3502] 8f3db63f70fad91 C /home/capstone/project/test_files/000661.txt.tmp_.README_TO_RESTORE
[3502] 8f3db63f70fad91 O /home/capstone/project/test_files/000661.txt.tmp_.README_TO_RESTORE
[3502] 8f3db63f70fad91 O /home/capstone/project/test_files/000577.pdf.tmp_.README_TO_RESTORE
[3502] 8f3db63f70fad91 O /home/capstone/project/test_files/000990.ppt.tmp_.README_TO_RESTORE
[3502] 8f3db63f70fad91 O /home/capstone/project/test_files/000035.xls
[3502] 8f3db63f70fad91 O /home/capstone/project/test_files/000035.xls.tmp_
[3502] 8f3db63f70fad91 O /home/capstone/project/test_files/000036.xls
[3502] 8f3db63f70fad91 O /home/capstone/project/test_files/000036.xls.tmp_
[3502] 8f3db63f70fad91 O /home/capstone/project/test_files/000301.ppt.tmp_.README_TO_RESTORE
[3502] 8f3db63f70fad91 O /home/capstone/project/test_files/000166.pdf
[3502] 8f3db63f70fad91 O /home/capstone/project/test_files/000166.pdf.tmp_
[3502] 8f3db63f70fad91 O /home/capstone/project/test_files/000561.gif.tmp_.README_TO_RESTORE
[3502] 8f3db63f70fad91 O /home/capstone/project/test_files/000541.jpg.tmp_.README_TO_RESTORE
[3502] 8f3db63f70fad91 O /home/capstone/project/test_files/000288.ppt.tmp_.README_TO_RESTORE
[3502] 8f3db63f70fad91 O /home/capstone/project/test_files/000883.jpg.tmp_.README_TO_RESTORE
[3502] 8f3db63f70fad91 O /home/capstone/project/test_files/000400.jpg
[3502] 8f3db63f70fad91 O /home/capstone/project/test_files/000400.jpg.tmp_
[3502] 8f3db63f70fad91 O /home/capstone/project/test_files/000108.jpg.tmp_.README_TO_RESTORE
[3502] 8f3db63f70fad91 O /home/capstone/project/test_files/000383.xls
[3502] 8f3db63f70fad91 O /home/capstone/project/test_files/000383.xls.tmp_
[3502] 8f3db63f70fad91 O /home/capstone/project/test_files/000398.xls.tmp_.README_TO_RESTORE
[3502] 8f3db63f70fad91 O /home/capstone/project/test_files/000453.html
[3502] 8f3db63f70fad91 O /home/capstone/project/test_files/000053.xls.tmp_.README_TO_RESTORE
[3502] 8f3db63f70fad91 O /home/capstone/project/test_files/000453.html.tmp_
[3502] 8f3db63f70fad91 C /home/capstone/project/test_files/000360.pdf.tmp_.README_TO_RESTORE
[3502] 8f3db63f70fad91 O /home/capstone/project/test_files/000360.pdf.tmp_.README_TO_RESTORE
[3502] 8f3db63f70fad91 O /home/capstone/project/test_files/000616.html.tmp_.README_TO_RESTORE
[3502] 8f3db63f70fad91 O /home/capstone/project/test_files/000892.html.tmp_.README_TO_RESTORE
[3502] 8f3db63f70fad91 O /home/capstone/project/test_files/000671.pdf
[3502] 8f3db63f70fad91 O /home/capstone/project/test_files/000671.pdf.tmp_
[3502] 8f3db63f70fad91 O /home/capstone/project/test_files/000792.html
[3502] 8f3db63f70fad91 O /home/capstone/project/test_files/000792.html.tmp_
[3502] 8f3db63f70fad91 O /home/capstone/project/test_files/000724.ppt
[3502] 8f3db63f70fad91 O /home/capstone/project/test_files/000370.pdf
[3502] 8f3db63f70fad91 O /home/capstone/project/test_files/000370.pdf.tmp_
[3502] 8f3db63f70fad91 O /home/capstone/project/test_files/000724.ppt.tmp_
[3502] 8f3db63f70fad91 O /home/capstone/project/test_files/000043.xls
[3502] 8f3db63f70fad91 O /home/capstone/project/test_files/000043.xls.tmp_
[3502] 8f3db63f70fad91 O /home/capstone/project/test_files/000651.txt
[3502] 8f3db63f70fad91 O /home/capstone/project/test_files/000651.txt.tmp_
[3502] 8f3db63f70fad91 O /home/capstone/project/test_files/000897.jpg
[3502] 8f3db63f70fad91 O /home/capstone/project/test_files/000897.jpg.tmp_
[3502] 8f3db63f70fad91 O /home/capstone/project/test_files/000276.doc
[3502] 8f3db63f70fad91 O /home/capstone/project/test_files/000276.doc.tmp_
[3502] 8f3db63f70fad91 O /home/capstone/project/test_files/000061.html
[3502] 8f3db63f70fad91 O /home/capstone/project/test_files/000061.html.tmp_
[3502] 8f3db63f70fad91 O /home/capstone/project/test_files/000950.doc
[3502] 8f3db63f70fad91 O /home/capstone/project/test_files/000124.doc
[3502] 8f3db63f70fad91 O /home/capstone/project/test_files/000124.doc.tmp_
[3502] 8f3db63f70fad91 O /home/capstone/project/test_files/000375.xls
[3502] 8f3db63f70fad91 O /home/capstone/project/test_files/000375.xls.tmp_
[3502] 8f3db63f70fad91 O /home/capstone/project/test_files/000403.xls
[3502] 8f3db63f70fad91 O /home/capstone/project/test_files/000403.xls.tmp_
[3502] 8f3db63f70fad91 O /home/capstone/project/test_files/000103.txt
[3502] 8f3db63f70fad91 O /home/capstone/project/test_files/000103.txt.tmp_
[3502] 8f3db63f70fad91 O /home/capstone/project/test_files/000010.pdf
[3502] 8f3db63f70fad91 O /home/capstone/project/test_files/000010.pdf.tmp_
[3502] 8f3db63f70fad91 C /home/capstone/project/test_files/000491.txt.tmp_.README_TO_RESTORE
[3502] 8f3db63f70fad91 O /home/capstone/project/test_files/000491.txt.tmp_.README_TO_RESTORE
[3502] 8f3db63f70fad91 O /home/capstone/project/test_files/000065.html.tmp_.README_TO_RESTORE
[3502] 8f3db63f70fad91 O /home/capstone/project/test_files/000857.txt.tmp_.README_TO_RESTORE
[3502] 8f3db63f70fad91 O /home/capstone/project/test_files/000950.doc.tmp_
[3502] 8f3db63f70fad91 O /home/capstone/project/test_files/000996.ps
[3502] 8f3db63f70fad91 O /home/capstone/project/test_files/000996.ps.tmp_
[3502] 8f3db63f70fad91 C /home/capstone/project/test_files/000061.html.tmp_.README_TO_RESTORE
[3502] 8f3db63f70fad91 O /home/capstone/project/test_files/000061.html.tmp_.README_TO_RESTORE
[3502] 8f3db63f70fad91 O /home/capstone/project/test_files/000944.doc
[3502] 8f3db63f70fad91 O /home/capstone/project/test_files/000944.doc.tmp_
[3502] 8f3db63f70fad91 C /home/capstone/project/test_files/000952.doc.tmp_.README_TO_RESTORE
[3502] 8f3db63f70fad91 O /home/capstone/project/test_files/000952.doc.tmp_.README_TO_RESTORE
[3502] 8f3db63f70fad91 C /home/capstone/project/test_files/000795.doc.tmp_.README_TO_RESTORE
[3502] 8f3db63f70fad91 O /home/capstone/project/test_files/000795.doc.tmp_.README_TO_RESTORE
[3502] 8f3db63f70fad91 O /home/capstone/project/test_files/000058.html
[3502] 8f3db63f70fad91 O /home/capstone/project/test_files/000058.html.tmp_
[3502] 8f3db63f70fad91 O /home/capstone/project/test_files/000133.ppt
[3502] 8f3db63f70fad91 O /home/capstone/project/test_files/000133.ppt.tmp_
[3502] 8f3db63f70fad91 O /home/capstone/project/test_files/000691.doc
[3502] 8f3db63f70fad91 O /home/capstone/project/test_files/000691.doc.tmp_
[3502] 8f3db63f70fad91 O /home/capstone/project/test_files/000335.xml
[3502] 8f3db63f70fad91 O /home/capstone/project/test_files/000335.xml.tmp_
[3502] 8f3db63f70fad91 O /home/capstone/project/test_files/000700.xml
[3502] 8f3db63f70fad91 O /home/capstone/project/test_files/000700.xml.tmp_
[3502] 8f3db63f70fad91 O /home/capstone/project/test_files/000853.pdf
[3502] 8f3db63f70fad91 C /home/capstone/project/test_files/000646.txt.tmp_.README_TO_RESTORE
[3502] 8f3db63f70fad91 C /home/capstone/project/test_files/000755.pdf.tmp_.README_TO_RESTORE
[3502] 8f3db63f70fad91 C /home/capstone/project/test_files/000403.xls.tmp_.README_TO_RESTORE
[3502] 8f3db63f70fad91 O /home/capstone/project/test_files/000058.html.tmp_.README_TO_RESTORE
[3502] 8f3db63f70fad91 C /home/capstone/project/test_files/000373.pdf.tmp_.README_TO_RESTORE
[3502] 8f3db63f70fad91 O /home/capstone/project/test_files/000313.ppt
[3502] 8f3db63f70fad91 O /home/capstone/project/test_files/000313.ppt.tmp_
[3502] 8f3db63f70fad91 C /home/capstone/project/test_files/000161.pdf.tmp_.README_TO_RESTORE
[3502] 8f3db63f70fad91 O /home/capstone/project/test_files/000161.pdf.tmp_.README_TO_RESTORE
[3502] 8f3db63f70fad91 C /home/capstone/project/test_files/000415.html.tmp_.README_TO_RESTORE
[3502] 8f3db63f70fad91 O /home/capstone/project/test_files/000403.xls.tmp_.README_TO_RESTORE
[3502] 8f3db63f70fad91 O /home/capstone/project/test_files/000740.html.tmp_
[3502] 8f3db63f70fad91 O /home/capstone/project/test_files/000828.txt
[3502] 8f3db63f70fad91 C /home/capstone/project/test_files/000445.html.tmp_.README_TO_RESTORE
[3502] 8f3db63f70fad91 O /home/capstone/project/test_files/000445.html.tmp_.README_TO_RESTORE
[3502] 8f3db63f70fad91 C /home/capstone/project/test_files/000832.txt.tmp_.README_TO_RESTORE
[3502] 8f3db63f70fad91 O /home/capstone/project/test_files/000832.txt.tmp_.README_TO_RESTORE
[3502] 8f3db63f70fad91 O /home/capstone/project/test_files/000620.txt
[3502] 8f3db63f70fad91 O /home/capstone/project/test_files/000620.txt.tmp_
[3502] 8f3db63f70fad91 O /home/capstone/project/test_files/000646.txt.tmp_.README_TO_RESTORE
[3502] 8f3db63f70fad91 O /home/capstone/project/test_files/000043.xls.tmp_.README_TO_RESTORE
[3502] 8f3db63f70fad91 O /home/capstone/project/test_files/000005.doc
[3502] 8f3db63f70fad91 O /home/capstone/project/test_files/000005.doc.tmp_
[3502] 8f3db63f70fad91 O /home/capstone/project/test_files/000214.html
[3502] 8f3db63f70fad91 O /home/capstone/project/test_files/000214.html.tmp_
[3502] 8f3db63f70fad91 C /home/capstone/project/test_files/000391.xls.tmp_.README_TO_RESTORE
[3502] 8f3db63f70fad91 O /home/capstone/project/test_files/000391.xls.tmp_.README_TO_RESTORE
[3502] 8f3db63f70fad91 O /home/capstone/project/test_files/000219.txt
[3502] 8f3db63f70fad91 O /home/capstone/project/test_files/000219.txt.tmp_
[3502] 8f3db63f70fad91 C /home/capstone/project/test_files/000853.pdf.tmp_.README_TO_RESTORE
[3502] 8f3db63f70fad91 O /home/capstone/project/test_files/000853.pdf.tmp_.README_TO_RESTORE
[3502] 8f3db63f70fad91 O /home/capstone/project/test_files/000427.html
[3502] 8f3db63f70fad91 O /home/capstone/project/test_files/000427.html.tmp_
[3502] 8f3db63f70fad91 O /home/capstone/project/test_files/000472.txt
[3502] 8f3db63f70fad91 O /home/capstone/project/test_files/000472.txt.tmp_
[3502] 8f3db63f70fad91 O /home/capstone/project/test_files/000411.html
[3502] 8f3db63f70fad91 O /home/capstone/project/test_files/000411.html.tmp_
[3502] 8f3db63f70fad91 O /home/capstone/project/test_files/000909.jpg
[3502] 8f3db63f70fad91 O /home/capstone/project/test_files/000909.jpg.tmp_
[3502] 8f3db63f70fad91 C /home/capstone/project/test_files/000700.xml.tmp_.README_TO_RESTORE
[3502] 8f3db63f70fad91 O /home/capstone/project/test_files/000700.xml.tmp_.README_TO_RESTORE
[3502] 8f3db63f70fad91 O /home/capstone/project/test_files/000051.xls
[3502] 8f3db63f70fad91 O /home/capstone/project/test_files/000051.xls.tmp_
[3502] 8f3db63f70fad91 O /home/capstone/project/test_files/000704.xml
[3502] 8f3db63f70fad91 O /home/capstone/project/test_files/000704.xml.tmp_
[3502] 8f3db63f70fad91 O /home/capstone/project/test_files/000308.ppt
[3502] 8f3db63f70fad91 O /home/capstone/project/test_files/000308.ppt.tmp_
[3502] 8f3db63f70fad91 O /home/capstone/project/test_files/000019.pdf
[3502] 8f3db63f70fad91 O /home/capstone/project/test_files/000019.pdf.tmp_
[3502] 8f3db63f70fad91 O /home/capstone/project/test_files/000779.xls
[3502] 8f3db63f70fad91 O /home/capstone/project/test_files/000779.xls.tmp_
[3502] 8f3db63f70fad91 O /home/capstone/project/test_files/000955.pdf
[3502] 8f3db63f70fad91 O /home/capstone/project/test_files/000955.pdf.tmp_
[3502] 8f3db63f70fad91 O /home/capstone/project/test_files/000176.pdf
[3502] 8f3db63f70fad91 O /home/capstone/project/test_files/000176.pdf.tmp_
[3502] 8f3db63f70fad91 O /home/capstone/project/test_files/000579.gz
[3502] 8f3db63f70fad91 O /home/capstone/project/test_files/000579.gz.tmp_
[3502] 8f3db63f70fad91 O /home/capstone/project/test_files/000268.doc
[3502] 8f3db63f70fad91 O /home/capstone/project/test_files/000268.doc.tmp_
[3502] 8f3db63f70fad91 O /home/capstone/project/test_files/000254.doc
[3502] 8f3db63f70fad91 O /home/capstone/project/test_files/000254.doc.tmp_
[3502] 8f3db63f70fad91 O /home/capstone/project/test_files/000113.doc
[3502] 8f3db63f70fad91 O /home/capstone/project/test_files/000113.doc.tmp_
[3502] 8f3db63f70fad91 O /home/capstone/project/test_files/000807.pdf
[3502] 8f3db63f70fad91 O /home/capstone/project/test_files/000807.pdf.tmp_
[3502] 8f3db63f70fad91 O /home/capstone/project/test_files/000106.txt
[3502] 8f3db63f70fad91 O /home/capstone/project/test_files/000106.txt.tmp_
[3502] 8f3db63f70fad91 O /home/capstone/project/test_files/000308.ppt.tmp_.README_TO_RESTORE
[3502] 8f3db63f70fad91 O /home/capstone/project/test_files/000891.html
[3502] 8f3db63f70fad91 O /home/capstone/project/test_files/000891.html.tmp_
[3502] 8f3db63f70fad91 O /home/capstone/project/test_files/000941.txt
[3502] 8f3db63f70fad91 O /home/capstone/project/test_files/000941.txt.tmp_
[3502] 8f3db63f70fad91 O /home/capstone/project/test_files/000073.html
[3502] 8f3db63f70fad91 O /home/capstone/project/test_files/000073.html.tmp_
[3502] 8f3db63f70fad91 O /home/capstone/project/test_files/000797.html
[3502] 8f3db63f70fad91 O /home/capstone/project/test_files/000797.html.tmp_
[3502] 8f3db63f70fad91 C /home/capstone/project/test_files/000114.doc.tmp_.README_TO_RESTORE
[3502] 8f3db63f70fad91 O /home/capstone/project/test_files/000114.doc.tmp_.README_TO_RESTORE
[3502] 8f3db63f70fad91 C /home/capstone/project/test_files/000749.html.tmp_.README_TO_RESTORE
[3502] 8f3db63f70fad91 O /home/capstone/project/test_files/000749.html.tmp_.README_TO_RESTORE
[3502] 8f3db63f70fad91 O /home/capstone/project/test_files/000947.html.tmp_.README_TO_RESTORE
[3502] 8f3db63f70fad91 C /home/capstone/project/test_files/000141.pdf.tmp_.README_TO_RESTORE
[3502] 8f3db63f70fad91 O /home/capstone/project/test_files/000141.pdf.tmp_.README_TO_RESTORE
[3502] 8f3db63f70fad91 O /home/capstone/project/test_files/000490.txt
[3502] 8f3db63f70fad91 O /home/capstone/project/test_files/000490.txt.tmp_
[3502] 8f3db63f70fad91 C /home/capstone/project/test_files/000704.xml.tmp_.README_TO_RESTORE
[3502] 8f3db63f70fad91 O /home/capstone/project/test_files/000704.xml.tmp_.README_TO_RESTORE
[3502] 8f3db63f70fad91 O /home/capstone/project/test_files/000552.html
[3502] 8f3db63f70fad91 O /home/capstone/project/test_files/000552.html.tmp_
[3502] 8f3db63f70fad91 O /home/capstone/project/test_files/000140.pdf
[3502] 8f3db63f70fad91 O /home/capstone/project/test_files/000140.pdf.tmp_
[3502] 8f3db63f70fad91 O /home/capstone/project/test_files/000329.ppt
[3502] 8f3db63f70fad91 O /home/capstone/project/test_files/000329.ppt.tmp_
[3502] 8f3db63f70fad91 O /home/capstone/project/test_files/000869.jpg
[3502] 8f3db63f70fad91 O /home/capstone/project/test_files/000869.jpg.tmp_
[3502] 8f3db63f70fad91 O /home/capstone/project/test_files/000838.pdf
[3502] 8f3db63f70fad91 O /home/capstone/project/test_files/000838.pdf.tmp_
[3502] 8f3db63f70fad91 O /home/capstone/project/test_files/000169.ppt
[3502] 8f3db63f70fad91 O /home/capstone/project/test_files/000169.ppt.tmp_
[3502] 8f3db63f70fad91 O /home/capstone/project/test_files/000559.ppt
[3502] 8f3db63f70fad91 O /home/capstone/project/test_files/000559.ppt.tmp_
[3502] 8f3db63f70fad91 O /home/capstone/project/test_files/000504.txt
[3502] 8f3db63f70fad91 O /home/capstone/project/test_files/000504.txt.tmp_
[3502] 8f3db63f70fad91 C /home/capstone/project/test_files/000277.doc.tmp_.README_TO_RESTORE
[3502] 8f3db63f70fad91 O /home/capstone/project/test_files/000277.doc.tmp_.README_TO_RESTORE
[3502] 8f3db63f70fad91 C /home/capstone/project/test_files/000669.txt.tmp_.README_TO_RESTORE
[3502] 8f3db63f70fad91 O /home/capstone/project/test_files/000669.txt.tmp_.README_TO_RESTORE
[3502] 8f3db63f70fad91 C /home/capstone/project/test_files/000648.txt.tmp_.README_TO_RESTORE
[3502] 8f3db63f70fad91 O /home/capstone/project/test_files/000648.txt.tmp_.README_TO_RESTORE
[3502] 8f3db63f70fad91 O /home/capstone/project/test_files/000690.csv
[3502] 8f3db63f70fad91 O /home/capstone/project/test_files/000690.csv.tmp_
[3502] 8f3db63f70fad91 O /home/capstone/project/test_files/000964.doc
[3502] 8f3db63f70fad91 O /home/capstone/project/test_files/000649.txt
[3502] 8f3db63f70fad91 O /home/capstone/project/test_files/000874.jpg
[3502] 8f3db63f70fad91 O /home/capstone/project/test_files/000105.txt
[3502] 8f3db63f70fad91 O /home/capstone/project/test_files/000818.pdf
[3502] 8f3db63f70fad91 O /home/capstone/project/test_files/000283.doc
[3502] 8f3db63f70fad91 O /home/capstone/project/test_files/000179.html
[3502] 8f3db63f70fad91 O /home/capstone/project/test_files/000115.wp
[3502] 8f3db63f70fad91 O /home/capstone/project/test_files/000637.html
[3502] 8f3db63f70fad91 O /home/capstone/project/test_files/000964.doc.tmp_
[3502] 8f3db63f70fad91 O /home/capstone/project/test_files/000454.html
[3502] 8f3db63f70fad91 O /home/capstone/project/test_files/000454.html.tmp_
[3502] 8f3db63f70fad91 O /home/capstone/project/test_files/000917.html
[3502] 8f3db63f70fad91 O /home/capstone/project/test_files/000917.html.tmp_
[3502] 8f3db63f70fad91 O /home/capstone/project/test_files/000589.pdf
[3502] 8f3db63f70fad91 O /home/capstone/project/test_files/000589.pdf.tmp_
[3502] 8f3db63f70fad91 O /home/capstone/project/test_files/000760.pdf
[3502] 8f3db63f70fad91 O /home/capstone/project/test_files/000760.pdf.tmp_
[3502] 8f3db63f70fad91 O /home/capstone/project/test_files/000649.txt.tmp_
[3502] 8f3db63f70fad91 O /home/capstone/project/test_files/000874.jpg.tmp_
[3502] 8f3db63f70fad91 O /home/capstone/project/test_files/000105.txt.tmp_
[3502] 8f3db63f70fad91 C /home/capstone/project/test_files/000356.pdf.tmp_.README_TO_RESTORE
[3502] 8f3db63f70fad91 O /home/capstone/project/test_files/000356.pdf.tmp_.README_TO_RESTORE
[3502] 8f3db63f70fad91 O /home/capstone/project/test_files/000837.txt
[3502] 8f3db63f70fad91 O /home/capstone/project/test_files/000837.txt.tmp_
[3502] 8f3db63f70fad91 O /home/capstone/project/test_files/000364.pdf
[3502] 8f3db63f70fad91 O /home/capstone/project/test_files/000364.pdf.tmp_
[3502] 8f3db63f70fad91 O /home/capstone/project/test_files/000283.doc.tmp_
[3502] 8f3db63f70fad91 O /home/capstone/project/test_files/000179.html.tmp_
[3502] 8f3db63f70fad91 C /home/capstone/project/test_files/000338.pdf.tmp_.README_TO_RESTORE
[3502] 8f3db63f70fad91 O /home/capstone/project/test_files/000338.pdf.tmp_.README_TO_RESTORE
[3502] 8f3db63f70fad91 O /home/capstone/project/test_files/000115.wp.tmp_
[3502] 8f3db63f70fad91 O /home/capstone/project/test_files/000261.doc
[3502] 8f3db63f70fad91 O /home/capstone/project/test_files/000261.doc.tmp_
[3502] 8f3db63f70fad91 O /home/capstone/project/test_files/000551.jpg
[3502] 8f3db63f70fad91 O /home/capstone/project/test_files/000551.jpg.tmp_
[3502] 8f3db63f70fad91 C /home/capstone/project/test_files/000140.pdf.tmp_.README_TO_RESTORE
[3502] 8f3db63f70fad91 O /home/capstone/project/test_files/000140.pdf.tmp_.README_TO_RESTORE
[3502] 8f3db63f70fad91 C /home/capstone/project/test_files/000490.txt.tmp_.README_TO_RESTORE
[3502] 8f3db63f70fad91 O /home/capstone/project/test_files/000490.txt.tmp_.README_TO_RESTORE
[3502] 8f3db63f70fad91 O /home/capstone/project/test_files/000637.html.tmp_
[3502] 8f3db63f70fad91 O /home/capstone/project/test_files/000871.jpg
[3502] 8f3db63f70fad91 O /home/capstone/project/test_files/000871.jpg.tmp_
[3502] 8f3db63f70fad91 C /home/capstone/project/test_files/000552.html.tmp_.README_TO_RESTORE
[3502] 8f3db63f70fad91 O /home/capstone/project/test_files/000552.html.tmp_.README_TO_RESTORE
[3502] 8f3db63f70fad91 C /home/capstone/project/test_files/000051.xls.tmp_.README_TO_RESTORE
[3502] 8f3db63f70fad91 O /home/capstone/project/test_files/000051.xls.tmp_.README_TO_RESTORE
[3502] 8f3db63f70fad91 C /home/capstone/project/test_files/000760.pdf.tmp_.README_TO_RESTORE
[3502] 8f3db63f70fad91 O /home/capstone/project/test_files/000760.pdf.tmp_.README_TO_RESTORE
[3502] 8f3db63f70fad91 C /home/capstone/project/test_files/000551.jpg.tmp_.README_TO_RESTORE
[3502] 8f3db63f70fad91 O /home/capstone/project/test_files/000551.jpg.tmp_.README_TO_RESTORE
[3502] 8f3db63f70fad91 C /home/capstone/project/test_files/000637.html.tmp_.README_TO_RESTORE
[3502] 8f3db63f70fad91 C /home/capstone/project/test_files/000420.html.tmp_.README_TO_RESTORE
[3502] 8f3db63f70fad91 O /home/capstone/project/test_files/000420.html.tmp_.README_TO_RESTORE
[3502] 8f3db63f70fad91 C /home/capstone/project/test_files/000578.pdf.tmp_.README_TO_RESTORE
[3502] 8f3db63f70fad91 O /home/capstone/project/test_files/000578.pdf.tmp_.README_TO_RESTORE
[3502] 8f3db63f70fad91 C /home/capstone/project/test_files/000788.doc.tmp_.README_TO_RESTORE
[3502] 8f3db63f70fad91 O /home/capstone/project/test_files/000788.doc.tmp_.README_TO_RESTORE
[3502] 8f3db63f70fad91 C /home/capstone/project/test_files/000524.jpg.tmp_.README_TO_RESTORE
[3502] 8f3db63f70fad91 O /home/capstone/project/test_files/000524.jpg.tmp_.README_TO_RESTORE
[3502] 8f3db63f70fad91 C /home/capstone/project/test_files/000964.doc.tmp_.README_TO_RESTORE
[3502] 8f3db63f70fad91 O /home/capstone/project/test_files/000964.doc.tmp_.README_TO_RESTORE
[3502] 8f3db63f70fad91 C /home/capstone/project/test_files/000259.doc.tmp_.README_TO_RESTORE
[3502] 8f3db63f70fad91 O /home/capstone/project/test_files/000259.doc.tmp_.README_TO_RESTORE
[3502] 8f3db63f70fad91 C /home/capstone/project/test_files/000251.pdf.tmp_.README_TO_RESTORE
[3502] 8f3db63f70fad91 O /home/capstone/project/test_files/000251.pdf.tmp_.README_TO_RESTORE
[3502] 8f3db63f70fad91 O /home/capstone/project/test_files/000922.java.tmp_
[3502] 8f3db63f70fad91 O /home/capstone/project/test_files/000191.html
[3502] 8f3db63f70fad91 O /home/capstone/project/test_files/000191.html.tmp_
[3502] 8f3db63f70fad91 O /home/capstone/project/test_files/000663.pdf
[3502] 8f3db63f70fad91 O /home/capstone/project/test_files/000663.pdf.tmp_
[3502] 8f3db63f70fad91 O /home/capstone/project/test_files/000998.ppt
[3502] 8f3db63f70fad91 O /home/capstone/project/test_files/000998.ppt.tmp_
[3502] 8f3db63f70fad91 O /home/capstone/project/test_files/000653.txt
[3502] 8f3db63f70fad91 O /home/capstone/project/test_files/000653.txt.tmp_
[3502] 8f3db63f70fad91 C /home/capstone/project/test_files/000367.pdf.tmp_.README_TO_RESTORE
[3502] 8f3db63f70fad91 O /home/capstone/project/test_files/000367.pdf.tmp_.README_TO_RESTORE
[3502] 8f3db63f70fad91 C /home/capstone/project/test_files/000613.html.tmp_.README_TO_RESTORE
[3502] 8f3db63f70fad91 O /home/capstone/project/test_files/000613.html.tmp_.README_TO_RESTORE
[3502] 8f3db63f70fad91 O /home/capstone/project/test_files/000199.html
[3502] 8f3db63f70fad91 O /home/capstone/project/test_files/000199.html.tmp_
[3502] 8f3db63f70fad91 O /home/capstone/project/test_files/000835.txt
[3502] 8f3db63f70fad91 O /home/capstone/project/test_files/000835.txt.tmp_
[3502] 8f3db63f70fad91 O /home/capstone/project/test_files/000662.txt
[3502] 8f3db63f70fad91 O /home/capstone/project/test_files/000662.txt.tmp_
[3502] 8f3db63f70fad91 O /home/capstone/project/test_files/000554.html
[3502] 8f3db63f70fad91 O /home/capstone/project/test_files/000554.html.tmp_
[3502] 8f3db63f70fad91 C /home/capstone/project/test_files/000705.doc.tmp_.README_TO_RESTORE
[3502] 8f3db63f70fad91 O /home/capstone/project/test_files/000705.doc.tmp_.README_TO_RESTORE
[3502] 8f3db63f70fad91 C /home/capstone/project/test_files/000296.ppt.tmp_.README_TO_RESTORE
[3502] 8f3db63f70fad91 O /home/capstone/project/test_files/000296.ppt.tmp_.README_TO_RESTORE
[3502] 8f3db63f70fad91 C /home/capstone/project/test_files/000017.swf.tmp_.README_TO_RESTORE
[3502] 8f3db63f70fad91 O /home/capstone/project/test_files/000017.swf.tmp_.README_TO_RESTORE
[3502] 8f3db63f70fad91 C /home/capstone/project/test_files/000737.pdf.tmp_.README_TO_RESTORE
[3502] 8f3db63f70fad91 O /home/capstone/project/test_files/000737.pdf.tmp_.README_TO_RESTORE
[3502] 8f3db63f70fad91 C /home/capstone/project/test_files/000794.html.tmp_.README_TO_RESTORE
[3502] 8f3db63f70fad91 O /home/capstone/project/test_files/000794.html.tmp_.README_TO_RESTORE
[3502] 8f3db63f70fad91 C /home/capstone/project/test_files/000715.ppt.tmp_.README_TO_RESTORE
[3502] 8f3db63f70fad91 O /home/capstone/project/test_files/000715.ppt.tmp_.README_TO_RESTORE
[3502] 8f3db63f70fad91 C /home/capstone/project/test_files/000938.txt.tmp_.README_TO_RESTORE
[3502] 8f3db63f70fad91 O /home/capstone/project/test_files/000938.txt.tmp_.README_TO_RESTORE
[3502] 8f3db63f70fad91 C /home/capstone/project/test_files/000763.pdf.tmp_.README_TO_RESTORE
[3502] 8f3db63f70fad91 O /home/capstone/project/test_files/000763.pdf.tmp_.README_TO_RESTORE
[3502] 8f3db63f70fad91 C /home/capstone/project/test_files/000924.txt.tmp_.README_TO_RESTORE
[3502] 8f3db63f70fad91 O /home/capstone/project/test_files/000924.txt.tmp_.README_TO_RESTORE
[3502] 8f3db63f70fad91 C /home/capstone/project/test_files/000695.doc.tmp_.README_TO_RESTORE
[3502] 8f3db63f70fad91 O /home/capstone/project/test_files/000695.doc.tmp_.README_TO_RESTORE
[3502] 8f3db63f70fad91 C /home/capstone/project/test_files/000009.pdf.tmp_.README_TO_RESTORE
[3502] 8f3db63f70fad91 O /home/capstone/project/test_files/000009.pdf.tmp_.README_TO_RESTORE
[3502] 8f3db63f70fad91 C /home/capstone/project/test_files/000304.ppt.tmp_.README_TO_RESTORE
[3502] 8f3db63f70fad91 O /home/capstone/project/test_files/000304.ppt.tmp_.README_TO_RESTORE
[3502] 8f3db63f70fad91 C /home/capstone/project/test_files/000547.pdf.tmp_.README_TO_RESTORE
[3502] 8f3db63f70fad91 O /home/capstone/project/test_files/000547.pdf.tmp_.README_TO_RESTORE
[3502] 8f3db63f70fad91 C /home/capstone/project/test_files/000498.txt.tmp_.README_TO_RESTORE
[3502] 8f3db63f70fad91 O /home/capstone/project/test_files/000498.txt.tmp_.README_TO_RESTORE
[3502] 8f3db63f70fad91 C /home/capstone/project/test_files/000958.doc.tmp_.README_TO_RESTORE
[3502] 8f3db63f70fad91 O /home/capstone/project/test_files/000958.doc.tmp_.README_TO_RESTORE
[3502] 8f3db63f70fad91 C /home/capstone/project/test_files/000656.txt.tmp_.README_TO_RESTORE
[3502] 8f3db63f70fad91 O /home/capstone/project/test_files/000656.txt.tmp_.README_TO_RESTORE
[3502] 8f3db63f70fad91 O /home/capstone/project/test_files/000247.jpg
[3502] 8f3db63f70fad91 O /home/capstone/project/test_files/000247.jpg.tmp_
[3502] 8f3db63f70fad91 O /home/capstone/project/test_files/000751.pdf
[3502] 8f3db63f70fad91 O /home/capstone/project/test_files/000751.pdf.tmp_
[3502] 8f3db63f70fad91 C /home/capstone/project/test_files/000032.xls.tmp_.README_TO_RESTORE
[3502] 8f3db63f70fad91 O /home/capstone/project/test_files/000032.xls.tmp_.README_TO_RESTORE
[3502] 8f3db63f70fad91 O /home/capstone/project/test_files/000953.doc
[3502] 8f3db63f70fad91 O /home/capstone/project/test_files/000953.doc.tmp_
[3502] 8f3db63f70fad91 O /home/capstone/project/test_files/000317.ppt
[3502] 8f3db63f70fad91 O /home/capstone/project/test_files/000317.ppt.tmp_
[3502] 8f3db63f70fad91 O /home/capstone/project/test_files/000368.pdf
[3502] 8f3db63f70fad91 O /home/capstone/project/test_files/000368.pdf.tmp_
[3502] 8f3db63f70fad91 O /home/capstone/project/test_files/000413.html
[3502] 8f3db63f70fad91 O /home/capstone/project/test_files/000413.html.tmp_
[3502] 8f3db63f70fad91 O /home/capstone/project/test_files/000099.ps
[3502] 8f3db63f70fad91 O /home/capstone/project/test_files/000099.ps.tmp_
[3502] 8f3db63f70fad91 O /home/capstone/project/test_files/000936.txt
[3502] 8f3db63f70fad91 O /home/capstone/project/test_files/000936.txt.tmp_
[3502] 8f3db63f70fad91 O /home/capstone/project/test_files/000753.pdf
[3502] 8f3db63f70fad91 O /home/capstone/project/test_files/000753.pdf.tmp_
[3502] 8f3db63f70fad91 O /home/capstone/project/test_files/000021.pdf
[3502] 8f3db63f70fad91 O /home/capstone/project/test_files/000021.pdf.tmp_
[3502] 8f3db63f70fad91 O /home/capstone/project/test_files/000840.pdf
[3502] 8f3db63f70fad91 O /home/capstone/project/test_files/000840.pdf.tmp_
[3502] 8f3db63f70fad91 O /home/capstone/project/test_files/000918.html
[3502] 8f3db63f70fad91 O /home/capstone/project/test_files/000918.html.tmp_
[3502] 8f3db63f70fad91 O /home/capstone/project/test_files/000558.ppt
[3502] 8f3db63f70fad91 O /home/capstone/project/test_files/000558.ppt.tmp_
[3502] 8f3db63f70fad91 O /home/capstone/project/test_files/000348.pdf
[3502] 8f3db63f70fad91 O /home/capstone/project/test_files/000348.pdf.tmp_
[3502] 8f3db63f70fad91 O /home/capstone/project/test_files/000080.html
[3502] 8f3db63f70fad91 O /home/capstone/project/test_files/000080.html.tmp_
[3502] 8f3db63f70fad91 O /home/capstone/project/test_files/000406.xls
[3502] 8f3db63f70fad91 O /home/capstone/project/test_files/000406.xls.tmp_
[3502] 8f3db63f70fad91 O /home/capstone/project/test_files/000945.pdf
[3502] 8f3db63f70fad91 O /home/capstone/project/test_files/000945.pdf.tmp_
[3502] 8f3db63f70fad91 O /home/capstone/project/test_files/000137.pdf
[3502] 8f3db63f70fad91 O /home/capstone/project/test_files/000137.pdf.tmp_
[3502] 8f3db63f70fad91 O /home/capstone/project/test_files/000060.html
[3502] 8f3db63f70fad91 O /home/capstone/project/test_files/000060.html.tmp_
[3502] 8f3db63f70fad91 O /home/capstone/project/test_files/000248.doc
[3502] 8f3db63f70fad91 O /home/capstone/project/test_files/000248.doc.tmp_
[3502] 8f3db63f70fad91 O /home/capstone/project/test_files/000495.unk
[3502] 8f3db63f70fad91 O /home/capstone/project/test_files/000495.unk.tmp_
[3502] 8f3db63f70fad91 O /home/capstone/project/test_files/000439.html
[3502] 8f3db63f70fad91 O /home/capstone/project/test_files/000439.html.tmp_
[3502] 8f3db63f70fad91 O /home/capstone/project/test_files/000841.txt
[3502] 8f3db63f70fad91 O /home/capstone/project/test_files/000841.txt.tmp_
[3502] 8f3db63f70fad91 O /home/capstone/project/test_files/000256.doc
[3502] 8f3db63f70fad91 O /home/capstone/project/test_files/000256.doc.tmp_
[3502] 8f3db63f70fad91 O /home/capstone/project/test_files/000750.pdf
[3502] 8f3db63f70fad91 O /home/capstone/project/test_files/000750.pdf.tmp_
[3502] 8f3db63f70fad91 O /home/capstone/project/test_files/000463.txt
[3502] 8f3db63f70fad91 O /home/capstone/project/test_files/000463.txt.tmp_
[3502] 8f3db63f70fad91 O /home/capstone/project/test_files/000597.html
[3502] 8f3db63f70fad91 O /home/capstone/project/test_files/000597.html.tmp_
[3502] 8f3db63f70fad91 C /home/capstone/project/test_files/000554.html.tmp_.README_TO_RESTORE
[3502] 8f3db63f70fad91 O /home/capstone/project/test_files/000554.html.tmp_.README_TO_RESTORE
[3502] 8f3db63f70fad91 O /home/capstone/project/test_files/000127.doc
[3502] 8f3db63f70fad91 O /home/capstone/project/test_files/000127.doc.tmp_
[3502] 8f3db63f70fad91 O /home/capstone/project/test_files/000765.log
[3502] 8f3db63f70fad91 O /home/capstone/project/test_files/000386.xls
[3502] 8f3db63f70fad91 O /home/capstone/project/test_files/000386.xls.tmp_
[3502] 8f3db63f70fad91 O /home/capstone/project/test_files/000119.doc
[3502] 8f3db63f70fad91 O /home/capstone/project/test_files/000119.doc.tmp_
[3502] 8f3db63f70fad91 O /home/capstone/project/test_files/000972.gif
[3502] 8f3db63f70fad91 O /home/capstone/project/test_files/000972.gif.tmp_
[3502] 8f3db63f70fad91 C /home/capstone/project/test_files/000233.gif.tmp_.README_TO_RESTORE
[3502] 8f3db63f70fad91 O /home/capstone/project/test_files/000233.gif.tmp_.README_TO_RESTORE
[3502] 8f3db63f70fad91 O /home/capstone/project/test_files/000936.txt.tmp_.README_TO_RESTORE
[3502] 8f3db63f70fad91 C /home/capstone/project/test_files/000834.pdf.tmp_.README_TO_RESTORE
[3502] 8f3db63f70fad91 O /home/capstone/project/test_files/000834.pdf.tmp_.README_TO_RESTORE
[3502] 8f3db63f70fad91 C /home/capstone/project/test_files/000942.txt.tmp_.README_TO_RESTORE
[3502] 8f3db63f70fad91 O /home/capstone/project/test_files/000942.txt.tmp_.README_TO_RESTORE
[3502] 8f3db63f70fad91 O /home/capstone/project/test_files/000258.rtf
[3502] 8f3db63f70fad91 O /home/capstone/project/test_files/000258.rtf.tmp_
[3502] 8f3db63f70fad91 O /home/capstone/project/test_files/000337.pdf
[3502] 8f3db63f70fad91 O /home/capstone/project/test_files/000337.pdf.tmp_
[3502] 8f3db63f70fad91 O /home/capstone/project/test_files/000989.ppt
[3502] 8f3db63f70fad91 O /home/capstone/project/test_files/000989.ppt.tmp_
[3502] 8f3db63f70fad91 O /home/capstone/project/test_files/000856.txt
[3502] 8f3db63f70fad91 O /home/capstone/project/test_files/000856.txt.tmp_
[3502] 8f3db63f70fad91 O /home/capstone/project/test_files/000236.pdf
[3502] 8f3db63f70fad91 O /home/capstone/project/test_files/000236.pdf.tmp_
[3502] 8f3db63f70fad91 O /home/capstone/project/test_files/000652.txt
[3502] 8f3db63f70fad91 O /home/capstone/project/test_files/000652.txt.tmp_
[3502] 8f3db63f70fad91 O /home/capstone/project/test_files/000982.ppt
[3502] 8f3db63f70fad91 O /home/capstone/project/test_files/000982.ppt.tmp_
[3502] 8f3db63f70fad91 O /home/capstone/project/test_files/000426.html
[3502] 8f3db63f70fad91 O /home/capstone/project/test_files/000426.html.tmp_
[3502] 8f3db63f70fad91 O /home/capstone/project/test_files/000452.html
[3502] 8f3db63f70fad91 O /home/capstone/project/test_files/000452.html.tmp_
[3502] 8f3db63f70fad91 O /home/capstone/project/test_files/000654.txt
[3502] 8f3db63f70fad91 O /home/capstone/project/test_files/000654.txt.tmp_
[3502] 8f3db63f70fad91 O /home/capstone/project/test_files/000895.html
[3502] 8f3db63f70fad91 O /home/capstone/project/test_files/000895.html.tmp_
[3502] 8f3db63f70fad91 O /home/capstone/project/test_files/000536.jpg
[3502] 8f3db63f70fad91 O /home/capstone/project/test_files/000919.html
[3502] 8f3db63f70fad91 O /home/capstone/project/test_files/000919.html.tmp_
[3502] 8f3db63f70fad91 O /home/capstone/project/test_files/000560.ppt
[3502] 8f3db63f70fad91 O /home/capstone/project/test_files/000560.ppt.tmp_
[3502] 8f3db63f70fad91 O /home/capstone/project/test_files/000331.pdf
[3502] 8f3db63f70fad91 O /home/capstone/project/test_files/000331.pdf.tmp_
[3502] 8f3db63f70fad91 O /home/capstone/project/test_files/000085.txt
[3502] 8f3db63f70fad91 O /home/capstone/project/test_files/000085.txt.tmp_
[3502] 8f3db63f70fad91 O /home/capstone/project/test_files/000536.jpg.tmp_
[3502] 8f3db63f70fad91 C /home/capstone/project/test_files/000829.txt.tmp_.README_TO_RESTORE
[3502] 8f3db63f70fad91 O /home/capstone/project/test_files/000829.txt.tmp_.README_TO_RESTORE
[3502] 8f3db63f70fad91 O /home/capstone/project/test_files/000273.doc
[3502] 8f3db63f70fad91 O /home/capstone/project/test_files/000273.doc.tmp_
[3502] 8f3db63f70fad91 O /home/capstone/project/test_files/000238.jpg
[3502] 8f3db63f70fad91 O /home/capstone/project/test_files/000238.jpg.tmp_
[3502] 8f3db63f70fad91 O /home/capstone/project/test_files/000346.pdf
[3502] 8f3db63f70fad91 O /home/capstone/project/test_files/000346.pdf.tmp_
[3502] 8f3db63f70fad91 O /home/capstone/project/test_files/000668.txt
[3502] 8f3db63f70fad91 O /home/capstone/project/test_files/000668.txt.tmp_
[3502] 8f3db63f70fad91 O /home/capstone/project/test_files/000349.pdf
[3502] 8f3db63f70fad91 O /home/capstone/project/test_files/000349.pdf.tmp_
[3502] 8f3db63f70fad91 O /home/capstone/project/test_files/000999.ppt
[3502] 8f3db63f70fad91 O /home/capstone/project/test_files/000999.ppt.tmp_
[3502] 8f3db63f70fad91 O /home/capstone/project/test_files/000568.pdf
[3502] 8f3db63f70fad91 O /home/capstone/project/test_files/000568.pdf.tmp_
[3502] 8f3db63f70fad91 O /home/capstone/project/test_files/000363.pdf
[3502] 8f3db63f70fad91 O /home/capstone/project/test_files/000363.pdf.tmp_
[3502] 8f3db63f70fad91 O /home/capstone/project/test_files/000645.txt
[3502] 8f3db63f70fad91 O /home/capstone/project/test_files/000645.txt.tmp_
[3502] 8f3db63f70fad91 O /home/capstone/project/test_files/000218.txt
[3502] 8f3db63f70fad91 O /home/capstone/project/test_files/000218.txt.tmp_
[3502] 8f3db63f70fad91 C /home/capstone/project/test_files/000348.pdf.tmp_.README_TO_RESTORE
[3502] 8f3db63f70fad91 O /home/capstone/project/test_files/000348.pdf.tmp_.README_TO_RESTORE
[3502] 8f3db63f70fad91 O /home/capstone/project/test_files/000767.ps
[3502] 8f3db63f70fad91 O /home/capstone/project/test_files/000767.ps.tmp_
[3502] 8f3db63f70fad91 O /home/capstone/project/test_files/000860.txt
[3502] 8f3db63f70fad91 O /home/capstone/project/test_files/000860.txt.tmp_
[3502] 8f3db63f70fad91 O /home/capstone/project/test_files/000047.xls.tmp_
[3502] 8f3db63f70fad91 O /home/capstone/project/test_files/000002.doc
[3502] 8f3db63f70fad91 O /home/capstone/project/test_files/000002.doc.tmp_
[3502] 8f3db63f70fad91 O /home/capstone/project/test_files/000237.jpg
[3502] 8f3db63f70fad91 O /home/capstone/project/test_files/000237.jpg.tmp_
[3502] 8f3db63f70fad91 O /home/capstone/project/test_files/000395.xls
[3502] 8f3db63f70fad91 O /home/capstone/project/test_files/000395.xls.tmp_
[3502] 8f3db63f70fad91 O /home/capstone/project/test_files/000951.html
[3502] 8f3db63f70fad91 O /home/capstone/project/test_files/000951.html.tmp_
[3502] 8f3db63f70fad91 O /home/capstone/project/test_files/000203.html
[3502] 8f3db63f70fad91 O /home/capstone/project/test_files/000203.html.tmp_
[3502] 8f3db63f70fad91 C /home/capstone/project/test_files/000127.doc.tmp_.README_TO_RESTORE
[3502] 8f3db63f70fad91 O /home/capstone/project/test_files/000127.doc.tmp_.README_TO_RESTORE
[3502] 8f3db63f70fad91 O /home/capstone/project/test_files/000249.doc
[3502] 8f3db63f70fad91 O /home/capstone/project/test_files/000249.doc.tmp_
[3502] 8f3db63f70fad91 O /home/capstone/project/test_files/000726.html
[3502] 8f3db63f70fad91 O /home/capstone/project/test_files/000726.html.tmp_
[3502] 8f3db63f70fad91 O /home/capstone/project/test_files/000860.txt.tmp_.README_TO_RESTORE
[3502] 8f3db63f70fad91 C /home/capstone/project/test_files/000726.html.tmp_.README_TO_RESTORE
[3502] 8f3db63f70fad91 C /home/capstone/project/test_files/000317.ppt.tmp_.README_TO_RESTORE
[3502] 8f3db63f70fad91 O /home/capstone/project/test_files/000317.ppt.tmp_.README_TO_RESTORE
[3502] 8f3db63f70fad91 O /home/capstone/project/test_files/000621.txt
[3502] 8f3db63f70fad91 O /home/capstone/project/test_files/000621.txt.tmp_
[3502] 8f3db63f70fad91 C /home/capstone/project/test_files/000654.txt.tmp_.README_TO_RESTORE
[3502] 8f3db63f70fad91 O /home/capstone/project/test_files/000654.txt.tmp_.README_TO_RESTORE
[3502] 8f3db63f70fad91 O /home/capstone/project/test_files/000618.pdf
[3502] 8f3db63f70fad91 O /home/capstone/project/test_files/000618.pdf.tmp_
[3502] 8f3db63f70fad91 O /home/capstone/project/test_files/000026.pdf
[3502] 8f3db63f70fad91 O /home/capstone/project/test_files/000026.pdf.tmp_
[3502] 8f3db63f70fad91 O /home/capstone/project/test_files/000423.html
[3502] 8f3db63f70fad91 O /home/capstone/project/test_files/000423.html.tmp_
[3502] 8f3db63f70fad91 O /home/capstone/project/test_files/000823.html
[3502] 8f3db63f70fad91 O /home/capstone/project/test_files/000823.html.tmp_
[3502] 8f3db63f70fad91 O /home/capstone/project/test_files/000966.doc
[3502] 8f3db63f70fad91 O /home/capstone/project/test_files/000966.doc.tmp_
[3502] 8f3db63f70fad91 O /home/capstone/project/test_files/000727.ppt
[3502] 8f3db63f70fad91 O /home/capstone/project/test_files/000727.ppt.tmp_
[3502] 8f3db63f70fad91 O /home/capstone/project/test_files/000475.txt
[3502] 8f3db63f70fad91 O /home/capstone/project/test_files/000475.txt.tmp_
[3502] 8f3db63f70fad91 O /home/capstone/project/test_files/000521.jpg
[3502] 8f3db63f70fad91 O /home/capstone/project/test_files/000521.jpg.tmp_
[3502] 8f3db63f70fad91 O /home/capstone/project/test_files/000234.jpg
[3502] 8f3db63f70fad91 O /home/capstone/project/test_files/000234.jpg.tmp_
[3502] 8f3db63f70fad91 O /home/capstone/project/test_files/000643.txt
[3502] 8f3db63f70fad91 O /home/capstone/project/test_files/000643.txt.tmp_
[3502] 8f3db63f70fad91 O /home/capstone/project/test_files/000150.pdf
[3502] 8f3db63f70fad91 O /home/capstone/project/test_files/000150.pdf.tmp_
[3502] 8f3db63f70fad91 C /home/capstone/project/test_files/000273.doc.tmp_.README_TO_RESTORE
[3502] 8f3db63f70fad91 O /home/capstone/project/test_files/000473.txt
[3502] 8f3db63f70fad91 O /home/capstone/project/test_files/000473.txt.tmp_
[3502] 8f3db63f70fad91 O /home/capstone/project/test_files/000273.doc.tmp_.README_TO_RESTORE
[3502] 8f3db63f70fad91 O /home/capstone/project/test_files/000506.jpg
[3502] 8f3db63f70fad91 O /home/capstone/project/test_files/000506.jpg.tmp_
[3502] 8f3db63f70fad91 C /home/capstone/project/test_files/000989.ppt.tmp_.README_TO_RESTORE
[3502] 8f3db63f70fad91 O /home/capstone/project/test_files/000989.ppt.tmp_.README_TO_RESTORE
[3502] 8f3db63f70fad91 C /home/capstone/project/test_files/000218.txt.tmp_.README_TO_RESTORE
[3502] 8f3db63f70fad91 O /home/capstone/project/test_files/000218.txt.tmp_.README_TO_RESTORE
[3502] 8f3db63f70fad91 C /home/capstone/project/test_files/000137.pdf.tmp_.README_TO_RESTORE
[3502] 8f3db63f70fad91 O /home/capstone/project/test_files/000137.pdf.tmp_.README_TO_RESTORE
[3502] 8f3db63f70fad91 O /home/capstone/project/test_files/000726.html.tmp_.README_TO_RESTORE
[3502] 8f3db63f70fad91 C /home/capstone/project/test_files/000080.html.tmp_.README_TO_RESTORE
[3502] 8f3db63f70fad91 O /home/capstone/project/test_files/000080.html.tmp_.README_TO_RESTORE
[3502] 8f3db63f70fad91 C /home/capstone/project/test_files/000618.pdf.tmp_.README_TO_RESTORE
[3502] 8f3db63f70fad91 O /home/capstone/project/test_files/000618.pdf.tmp_.README_TO_RESTORE
[3502] 8f3db63f70fad91 C /home/capstone/project/test_files/000458.html.tmp_.README_TO_RESTORE
[3502] 8f3db63f70fad91 O /home/capstone/project/test_files/000458.html.tmp_.README_TO_RESTORE
[3502] 8f3db63f70fad91 C /home/capstone/project/test_files/000452.html.tmp_.README_TO_RESTORE
[3502] 8f3db63f70fad91 O /home/capstone/project/test_files/000452.html.tmp_.README_TO_RESTORE
[3502] 8f3db63f70fad91 C /home/capstone/project/test_files/000767.ps.tmp_.README_TO_RESTORE
[3502] 8f3db63f70fad91 O /home/capstone/project/test_files/000767.ps.tmp_.README_TO_RESTORE
[3502] 8f3db63f70fad91 C /home/capstone/project/test_files/000919.html.tmp_.README_TO_RESTORE
[3502] 8f3db63f70fad91 O /home/capstone/project/test_files/000919.html.tmp_.README_TO_RESTORE
[3502] 8f3db63f70fad91 O /home/capstone/project/test_files/000290.ppt
[3502] 8f3db63f70fad91 O /home/capstone/project/test_files/000290.ppt.tmp_
[3502] 8f3db63f70fad91 O /home/capstone/project/test_files/000929.txt
[3502] 8f3db63f70fad91 O /home/capstone/project/test_files/000929.txt.tmp_
[3502] 8f3db63f70fad91 O /home/capstone/project/test_files/000397.jpg
[3502] 8f3db63f70fad91 O /home/capstone/project/test_files/000397.jpg.tmp_
[3502] 8f3db63f70fad91 O /home/capstone/project/test_files/000546.jpg
[3502] 8f3db63f70fad91 O /home/capstone/project/test_files/000546.jpg.tmp_
[3502] 8f3db63f70fad91 O /home/capstone/project/test_files/000512.jpg
[3502] 8f3db63f70fad91 O /home/capstone/project/test_files/000512.jpg.tmp_
[3502] 8f3db63f70fad91 O /home/capstone/project/test_files/000888.jpg
[3502] 8f3db63f70fad91 O /home/capstone/project/test_files/000888.jpg.tmp_
[3502] 8f3db63f70fad91 O /home/capstone/project/test_files/000412.html
[3502] 8f3db63f70fad91 O /home/capstone/project/test_files/000412.html.tmp_
[3502] 8f3db63f70fad91 O /home/capstone/project/test_files/000380.pdf
[3502] 8f3db63f70fad91 O /home/capstone/project/test_files/000380.pdf.tmp_
[3502] 8f3db63f70fad91 O /home/capstone/project/test_files/000045.xls
[3502] 8f3db63f70fad91 O /home/capstone/project/test_files/000045.xls.tmp_
[3502] 8f3db63f70fad91 O /home/capstone/project/test_files/000762.pdf
[3502] 8f3db63f70fad91 O /home/capstone/project/test_files/000762.pdf.tmp_
[3502] 8f3db63f70fad91 O /home/capstone/project/test_files/000957.doc
[3502] 8f3db63f70fad91 O /home/capstone/project/test_files/000957.doc.tmp_
[3502] 8f3db63f70fad91 O /home/capstone/project/test_files/000093.txt
[3502] 8f3db63f70fad91 O /home/capstone/project/test_files/000093.txt.tmp_
[3502] 8f3db63f70fad91 O /home/capstone/project/test_files/000698.log
[3502] 8f3db63f70fad91 O /home/capstone/project/test_files/000698.log.tmp_
[3502] 8f3db63f70fad91 O /home/capstone/project/test_files/000432.jpg
[3502] 8f3db63f70fad91 O /home/capstone/project/test_files/000432.jpg.tmp_
[3502] 8f3db63f70fad91 O /home/capstone/project/test_files/000676.pdf
[3502] 8f3db63f70fad91 O /home/capstone/project/test_files/000676.pdf.tmp_
[3502] 8f3db63f70fad91 O /home/capstone/project/test_files/000733.ps
[3502] 8f3db63f70fad91 O /home/capstone/project/test_files/000733.ps.tmp_
[3502] 8f3db63f70fad91 C /home/capstone/project/test_files/000395.xls.tmp_.README_TO_RESTORE
[3502] 8f3db63f70fad91 O /home/capstone/project/test_files/000395.xls.tmp_.README_TO_RESTORE
[3502] 8f3db63f70fad91 C /home/capstone/project/test_files/000309.ppt.tmp_.README_TO_RESTORE
[3502] 8f3db63f70fad91 O /home/capstone/project/test_files/000309.ppt.tmp_.README_TO_RESTORE
[3502] 8f3db63f70fad91 C /home/capstone/project/test_files/000085.txt.tmp_.README_TO_RESTORE
[3502] 8f3db63f70fad91 O /home/capstone/project/test_files/000249.doc.tmp_.README_TO_RESTORE
[3502] 8f3db63f70fad91 O /home/capstone/project/test_files/000085.txt.tmp_.README_TO_RESTORE
[3502] 8f3db63f70fad91 O /home/capstone/project/test_files/000095.txt
[3502] 8f3db63f70fad91 O /home/capstone/project/test_files/000095.txt.tmp_
[3502] 8f3db63f70fad91 C /home/capstone/project/test_files/000423.html.tmp_.README_TO_RESTORE
[3502] 8f3db63f70fad91 O /home/capstone/project/test_files/000423.html.tmp_.README_TO_RESTORE
[3502] 8f3db63f70fad91 O /home/capstone/project/test_files/000226.txt
[3502] 8f3db63f70fad91 O /home/capstone/project/test_files/000226.txt.tmp_
[3502] 8f3db63f70fad91 O /home/capstone/project/test_files/000978.xml
[3502] 8f3db63f70fad91 O /home/capstone/project/test_files/000978.xml.tmp_
[3502] 8f3db63f70fad91 O /home/capstone/project/test_files/000696.doc
[3502] 8f3db63f70fad91 O /home/capstone/project/test_files/000696.doc.tmp_
[3502] 8f3db63f70fad91 O /home/capstone/project/test_files/000854.pdf
[3502] 8f3db63f70fad91 O /home/capstone/project/test_files/000854.pdf.tmp_
[3502] 8f3db63f70fad91 O /home/capstone/project/test_files/000342.pdf
[3502] 8f3db63f70fad91 O /home/capstone/project/test_files/000342.pdf.tmp_
[3502] 8f3db63f70fad91 O /home/capstone/project/test_files/000992.ppt
[3502] 8f3db63f70fad91 O /home/capstone/project/test_files/000992.ppt.tmp_
[3502] 8f3db63f70fad91 O /home/capstone/project/test_files/000806.doc
[3502] 8f3db63f70fad91 O /home/capstone/project/test_files/000806.doc.tmp_
[3502] 8f3db63f70fad91 O /home/capstone/project/test_files/000027.csv
[3502] 8f3db63f70fad91 O /home/capstone/project/test_files/000027.csv.tmp_
[3502] 8f3db63f70fad91 O /home/capstone/project/test_files/000307.ppt
[3502] 8f3db63f70fad91 O /home/capstone/project/test_files/000307.ppt.tmp_
[3502] 8f3db63f70fad91 O /home/capstone/project/test_files/000887.pdf
[3502] 8f3db63f70fad91 O /home/capstone/project/test_files/000887.pdf.tmp_
[3502] 8f3db63f70fad91 O /home/capstone/project/test_files/000717.ppt
[3502] 8f3db63f70fad91 O /home/capstone/project/test_files/000717.ppt.tmp_
[3502] 8f3db63f70fad91 O /home/capstone/project/test_files/000434.html
[3502] 8f3db63f70fad91 O /home/capstone/project/test_files/000434.html.tmp_
[3502] 8f3db63f70fad91 O /home/capstone/project/test_files/000072.html
[3502] 8f3db63f70fad91 O /home/capstone/project/test_files/000759.doc
[3502] 8f3db63f70fad91 O /home/capstone/project/test_files/000759.doc.tmp_
[3502] 8f3db63f70fad91 O /home/capstone/project/test_files/000000.swf
[3502] 8f3db63f70fad91 O /home/capstone/project/test_files/000000.swf.tmp_
[3502] 8f3db63f70fad91 O /home/capstone/project/test_files/000072.html.tmp_
[3502] 8f3db63f70fad91 C /home/capstone/project/test_files/000238.jpg.tmp_.README_TO_RESTORE
[3502] 8f3db63f70fad91 O /home/capstone/project/test_files/000238.jpg.tmp_.README_TO_RESTORE
[3502] 8f3db63f70fad91 C /home/capstone/project/test_files/000645.txt.tmp_.README_TO_RESTORE
[3502] 8f3db63f70fad91 O /home/capstone/project/test_files/000645.txt.tmp_.README_TO_RESTORE
[3502] 8f3db63f70fad91 O /home/capstone/project/test_files/000451.html
[3502] 8f3db63f70fad91 O /home/capstone/project/test_files/000451.html.tmp_
[3502] 8f3db63f70fad91 C /home/capstone/project/test_files/000886.pdf.tmp_.README_TO_RESTORE
[3502] 8f3db63f70fad91 O /home/capstone/project/test_files/000886.pdf.tmp_.README_TO_RESTORE
[3502] 8f3db63f70fad91 O /home/capstone/project/test_files/000796.doc
[3502] 8f3db63f70fad91 O /home/capstone/project/test_files/000796.doc.tmp_
[3502] 8f3db63f70fad91 O /home/capstone/project/test_files/000805.html
[3502] 8f3db63f70fad91 O /home/capstone/project/test_files/000805.html.tmp_
[3502] 8f3db63f70fad91 O /home/capstone/project/test_files/000101.doc
[3502] 8f3db63f70fad91 O /home/capstone/project/test_files/000101.doc.tmp_
[3502] 8f3db63f70fad91 O /home/capstone/project/test_files/000482.ps
[3502] 8f3db63f70fad91 O /home/capstone/project/test_files/000482.ps.tmp_
[3502] 8f3db63f70fad91 O /home/capstone/project/test_files/000139.doc
[3502] 8f3db63f70fad91 O /home/capstone/project/test_files/000139.doc.tmp_
[3502] 8f3db63f70fad91 O /home/capstone/project/test_files/000476.jpg
[3502] 8f3db63f70fad91 O /home/capstone/project/test_files/000476.jpg.tmp_
[3502] 8f3db63f70fad91 O /home/capstone/project/test_files/000851.txt
[3502] 8f3db63f70fad91 O /home/capstone/project/test_files/000851.txt.tmp_
[3502] 8f3db63f70fad91 O /home/capstone/project/test_files/000666.txt
[3502] 8f3db63f70fad91 O /home/capstone/project/test_files/000666.txt.tmp_
[3502] 8f3db63f70fad91 O /home/capstone/project/test_files/000104.txt
[3502] 8f3db63f70fad91 O /home/capstone/project/test_files/000104.txt.tmp_
[3502] 8f3db63f70fad91 O /home/capstone/project/test_files/000511.gif
[3502] 8f3db63f70fad91 O /home/capstone/project/test_files/000511.gif.tmp_
[3502] 8f3db63f70fad91 O /home/capstone/project/test_files/000949.doc
[3502] 8f3db63f70fad91 O /home/capstone/project/test_files/000419.jpg
[3502] 8f3db63f70fad91 O /home/capstone/project/test_files/000419.jpg.tmp_
[3502] 8f3db63f70fad91 O /home/capstone/project/test_files/000580.pdf
[3502] 8f3db63f70fad91 O /home/capstone/project/test_files/000580.pdf.tmp_
[3502] 8f3db63f70fad91 O /home/capstone/project/test_files/000222.txt
[3502] 8f3db63f70fad91 O /home/capstone/project/test_files/000222.txt.tmp_
[3502] 8f3db63f70fad91 O /home/capstone/project/test_files/000949.doc.tmp_
[3502] 8f3db63f70fad91 O /home/capstone/project/test_files/000477.txt
[3502] 8f3db63f70fad91 O /home/capstone/project/test_files/000059.html
[3502] 8f3db63f70fad91 O /home/capstone/project/test_files/000609.html
[3502] 8f3db63f70fad91 O /home/capstone/project/test_files/000848.txt
[3502] 8f3db63f70fad91 O /home/capstone/project/test_files/000477.txt.tmp_
[3502] 8f3db63f70fad91 O /home/capstone/project/test_files/000305.ppt
[3502] 8f3db63f70fad91 O /home/capstone/project/test_files/000305.ppt.tmp_
[3502] 8f3db63f70fad91 O /home/capstone/project/test_files/000425.html
[3502] 8f3db63f70fad91 O /home/capstone/project/test_files/000425.html.tmp_
[3502] 8f3db63f70fad91 O /home/capstone/project/test_files/000076.html
[3502] 8f3db63f70fad91 O /home/capstone/project/test_files/000076.html.tmp_
[3502] 8f3db63f70fad91 O /home/capstone/project/test_files/000542.gif
[3502] 8f3db63f70fad91 O /home/capstone/project/test_files/000542.gif.tmp_
[3502] 8f3db63f70fad91 O /home/capstone/project/test_files/000803.rtf
[3502] 8f3db63f70fad91 O /home/capstone/project/test_files/000803.rtf.tmp_
[3502] 8f3db63f70fad91 C /home/capstone/project/test_files/000476.jpg.tmp_.README_TO_RESTORE
[3502] 8f3db63f70fad91 O /home/capstone/project/test_files/000476.jpg.tmp_.README_TO_RESTORE
[3502] 8f3db63f70fad91 O /home/capstone/project/test_files/000059.html.tmp_
[3502] 8f3db63f70fad91 O /home/capstone/project/test_files/000987.ppt
[3502] 8f3db63f70fad91 O /home/capstone/project/test_files/000987.ppt.tmp_
[3502] 8f3db63f70fad91 O /home/capstone/project/test_files/000956.pdf
[3502] 8f3db63f70fad91 O /home/capstone/project/test_files/000956.pdf.tmp_
[3502] 8f3db63f70fad91 O /home/capstone/project/test_files/000457.html
[3502] 8f3db63f70fad91 O /home/capstone/project/test_files/000457.html.tmp_
[3502] 8f3db63f70fad91 O /home/capstone/project/test_files/000940.txt
[3502] 8f3db63f70fad91 O /home/capstone/project/test_files/000609.html.tmp_
[3502] 8f3db63f70fad91 O /home/capstone/project/test_files/000319.ppt
[3502] 8f3db63f70fad91 O /home/capstone/project/test_files/000319.ppt.tmp_
[3502] 8f3db63f70fad91 O /home/capstone/project/test_files/000940.txt.tmp_
[3502] 8f3db63f70fad91 O /home/capstone/project/test_files/000848.txt.tmp_
[3502] 8f3db63f70fad91 O /home/capstone/project/test_files/000628.pdf
[3502] 8f3db63f70fad91 O /home/capstone/project/test_files/000628.pdf.tmp_
[3502] 8f3db63f70fad91 O /home/capstone/project/test_files/000608.html
[3502] 8f3db63f70fad91 O /home/capstone/project/test_files/000608.html.tmp_
[3502] 8f3db63f70fad91 O /home/capstone/project/test_files/000994.ppt
[3502] 8f3db63f70fad91 O /home/capstone/project/test_files/000994.ppt.tmp_
[3502] 8f3db63f70fad91 C /home/capstone/project/test_files/000676.pdf.tmp_.README_TO_RESTORE
[3502] 8f3db63f70fad91 O /home/capstone/project/test_files/000676.pdf.tmp_.README_TO_RESTORE
[3502] 8f3db63f70fad91 O /home/capstone/project/test_files/000933.txt
[3502] 8f3db63f70fad91 O /home/capstone/project/test_files/000933.txt.tmp_
[3502] 8f3db63f70fad91 C /home/capstone/project/test_files/000026.pdf.tmp_.README_TO_RESTORE
[3502] 8f3db63f70fad91 O /home/capstone/project/test_files/000026.pdf.tmp_.README_TO_RESTORE
[3502] 8f3db63f70fad91 O /home/capstone/project/test_files/000096.txt
[3502] 8f3db63f70fad91 O /home/capstone/project/test_files/000096.txt.tmp_
[3502] 8f3db63f70fad91 O /home/capstone/project/test_files/000289.ppt
[3502] 8f3db63f70fad91 O /home/capstone/project/test_files/000289.ppt.tmp_
[3502] 8f3db63f70fad91 C /home/capstone/project/test_files/000698.log.tmp_.README_TO_RESTORE
[3502] 8f3db63f70fad91 O /home/capstone/project/test_files/000698.log.tmp_.README_TO_RESTORE
[3502] 8f3db63f70fad91 O /home/capstone/project/test_files/000516.jpg
[3502] 8f3db63f70fad91 O /home/capstone/project/test_files/000516.jpg.tmp_
[3502] 8f3db63f70fad91 C /home/capstone/project/test_files/000432.jpg.tmp_.README_TO_RESTORE
[3502] 8f3db63f70fad91 C /home/capstone/project/test_files/000495.unk.tmp_.README_TO_RESTORE
[3502] 8f3db63f70fad91 O /home/capstone/project/test_files/000495.unk.tmp_.README_TO_RESTORE
[3502] 8f3db63f70fad91 C /home/capstone/project/test_files/000628.pdf.tmp_.README_TO_RESTORE
[3502] 8f3db63f70fad91 O /home/capstone/project/test_files/000628.pdf.tmp_.README_TO_RESTORE
[3502] 8f3db63f70fad91 O /home/capstone/project/test_files/000118.doc
[3502] 8f3db63f70fad91 O /home/capstone/project/test_files/000118.doc.tmp_
[3502] 8f3db63f70fad91 O /home/capstone/project/test_files/000863.txt
[3502] 8f3db63f70fad91 O /home/capstone/project/test_files/000863.txt.tmp_
[3502] 8f3db63f70fad91 O /home/capstone/project/test_files/000721.csv
[3502] 8f3db63f70fad91 O /home/capstone/project/test_files/000721.csv.tmp_
[3502] 8f3db63f70fad91 O /home/capstone/project/test_files/000365.pdf
[3502] 8f3db63f70fad91 O /home/capstone/project/test_files/000365.pdf.tmp_
[3502] 8f3db63f70fad91 O /home/capstone/project/test_files/000117.rtf
[3502] 8f3db63f70fad91 O /home/capstone/project/test_files/000117.rtf.tmp_
[3502] 8f3db63f70fad91 O /home/capstone/project/test_files/000432.jpg.tmp_.README_TO_RESTORE
[3502] 8f3db63f70fad91 O /home/capstone/project/test_files/000687.doc
[3502] 8f3db63f70fad91 O /home/capstone/project/test_files/000687.doc.tmp_
[3502] 8f3db63f70fad91 C /home/capstone/project/test_files/000863.txt.tmp_.README_TO_RESTORE
[3502] 8f3db63f70fad91 O /home/capstone/project/test_files/000863.txt.tmp_.README_TO_RESTORE
[3502] 8f3db63f70fad91 C /home/capstone/project/test_files/000902.jpg.tmp_.README_TO_RESTORE
[3502] 8f3db63f70fad91 O /home/capstone/project/test_files/000902.jpg.tmp_.README_TO_RESTORE
[3502] 8f3db63f70fad91 C /home/capstone/project/test_files/000393.xls.tmp_.README_TO_RESTORE
[3502] 8f3db63f70fad91 O /home/capstone/project/test_files/000393.xls.tmp_.README_TO_RESTORE
[3502] 8f3db63f70fad91 O /home/capstone/project/test_files/000557.ppt
[3502] 8f3db63f70fad91 O /home/capstone/project/test_files/000557.ppt.tmp_
[3502] 8f3db63f70fad91 O /home/capstone/project/test_files/000703.xml
[3502] 8f3db63f70fad91 O /home/capstone/project/test_files/000703.xml.tmp_
[3502] 8f3db63f70fad91 O /home/capstone/project/test_files/000583.pdf
[3502] 8f3db63f70fad91 O /home/capstone/project/test_files/000583.pdf.tmp_
[3502] 8f3db63f70fad91 O /home/capstone/project/test_files/000642.txt
[3502] 8f3db63f70fad91 O /home/capstone/project/test_files/000642.txt.tmp_
[3502] 8f3db63f70fad91 O /home/capstone/project/test_files/000409.html
[3502] 8f3db63f70fad91 O /home/capstone/project/test_files/000409.html.tmp_
[3502] 8f3db63f70fad91 O /home/capstone/project/test_files/000984.ppt
[3502] 8f3db63f70fad91 O /home/capstone/project/test_files/000984.ppt.tmp_
[3502] 8f3db63f70fad91 C /home/capstone/project/test_files/000557.ppt.tmp_.README_TO_RESTORE
[3502] 8f3db63f70fad91 O /home/capstone/project/test_files/000557.ppt.tmp_.README_TO_RESTORE
[3502] 8f3db63f70fad91 O /home/capstone/project/test_files/000625.txt
[3502] 8f3db63f70fad91 O /home/capstone/project/test_files/000625.txt.tmp_
[3502] 8f3db63f70fad91 O /home/capstone/project/test_files/000833.txt
[3502] 8f3db63f70fad91 O /home/capstone/project/test_files/000833.txt.tmp_
[3502] 8f3db63f70fad91 O /home/capstone/project/test_files/000318.ppt
[3502] 8f3db63f70fad91 C /home/capstone/project/test_files/000076.html.tmp_.README_TO_RESTORE
[3502] 8f3db63f70fad91 O /home/capstone/project/test_files/000076.html.tmp_.README_TO_RESTORE
[3502] 8f3db63f70fad91 C /home/capstone/project/test_files/000542.gif.tmp_.README_TO_RESTORE
[3502] 8f3db63f70fad91 O /home/capstone/project/test_files/000542.gif.tmp_.README_TO_RESTORE
[3502] 8f3db63f70fad91 C /home/capstone/project/test_files/000625.txt.tmp_.README_TO_RESTORE
[3502] 8f3db63f70fad91 O /home/capstone/project/test_files/000625.txt.tmp_.README_TO_RESTORE
[3502] 8f3db63f70fad91 O /home/capstone/project/test_files/000875.html
[3502] 8f3db63f70fad91 O /home/capstone/project/test_files/000875.html.tmp_
[3502] 8f3db63f70fad91 O /home/capstone/project/test_files/000449.html
[3502] 8f3db63f70fad91 O /home/capstone/project/test_files/000449.html.tmp_
[3502] 8f3db63f70fad91 O /home/capstone/project/test_files/000241.gif
[3502] 8f3db63f70fad91 O /home/capstone/project/test_files/000241.gif.tmp_
[3502] 8f3db63f70fad91 O /home/capstone/project/test_files/000428.html
[3502] 8f3db63f70fad91 O /home/capstone/project/test_files/000428.html.tmp_
[3502] 8f3db63f70fad91 O /home/capstone/project/test_files/000216.html
[3502] 8f3db63f70fad91 O /home/capstone/project/test_files/000216.html.tmp_
[3502] 8f3db63f70fad91 C /home/capstone/project/test_files/000710.ppt.tmp_.README_TO_RESTORE
[3502] 8f3db63f70fad91 O /home/capstone/project/test_files/000710.ppt.tmp_.README_TO_RESTORE
[3502] 8f3db63f70fad91 C /home/capstone/project/test_files/000101.doc.tmp_.README_TO_RESTORE
[3502] 8f3db63f70fad91 O /home/capstone/project/test_files/000101.doc.tmp_.README_TO_RESTORE
[3502] 8f3db63f70fad91 C /home/capstone/project/test_files/000851.txt.tmp_.README_TO_RESTORE
[3502] 8f3db63f70fad91 O /home/capstone/project/test_files/000851.txt.tmp_.README_TO_RESTORE
[3502] 8f3db63f70fad91 O /home/capstone/project/test_files/000206.html
[3502] 8f3db63f70fad91 O /home/capstone/project/test_files/000206.html.tmp_
[3502] 8f3db63f70fad91 O /home/capstone/project/test_files/000701.doc
[3502] 8f3db63f70fad91 O /home/capstone/project/test_files/000701.doc.tmp_
[3502] 8f3db63f70fad91 O /home/capstone/project/test_files/000855.txt
[3502] 8f3db63f70fad91 O /home/capstone/project/test_files/000855.txt.tmp_
[3502] 8f3db63f70fad91 C /home/capstone/project/test_files/000956.pdf.tmp_.README_TO_RESTORE
[3502] 8f3db63f70fad91 O /home/capstone/project/test_files/000956.pdf.tmp_.README_TO_RESTORE
[3502] 8f3db63f70fad91 O /home/capstone/project/test_files/000592.pdf
[3502] 8f3db63f70fad91 O /home/capstone/project/test_files/000592.pdf.tmp_
[3502] 8f3db63f70fad91 O /home/capstone/project/test_files/000069.html
[3502] 8f3db63f70fad91 O /home/capstone/project/test_files/000069.html.tmp_
[3502] 8f3db63f70fad91 C /home/capstone/project/test_files/000193.html.tmp_.README_TO_RESTORE
[3502] 8f3db63f70fad91 O /home/capstone/project/test_files/000193.html.tmp_.README_TO_RESTORE
[3502] 8f3db63f70fad91 O /home/capstone/project/test_files/000778.xls
[3502] 8f3db63f70fad91 O /home/capstone/project/test_files/000778.xls.tmp_
[3502] 8f3db63f70fad91 C /home/capstone/project/test_files/000117.rtf.tmp_.README_TO_RESTORE
[3502] 8f3db63f70fad91 C /home/capstone/project/test_files/000034.xls.tmp_.README_TO_RESTORE
[3502] 8f3db63f70fad91 C /home/capstone/project/test_files/000572.pdf.tmp_.README_TO_RESTORE
[3502] 8f3db63f70fad91 C /home/capstone/project/test_files/000845.swf.tmp_.README_TO_RESTORE
[3502] 8f3db63f70fad91 C /home/capstone/project/test_files/000320.ppt.tmp_.README_TO_RESTORE
[3502] 8f3db63f70fad91 C /home/capstone/project/test_files/000071.html.tmp_.README_TO_RESTORE
[3502] 8f3db63f70fad91 O /home/capstone/project/test_files/000117.rtf.tmp_.README_TO_RESTORE
[3502] 8f3db63f70fad91 O /home/capstone/project/test_files/000034.xls.tmp_.README_TO_RESTORE
[3502] 8f3db63f70fad91 O /home/capstone/project/test_files/000530.gif
[3502] 8f3db63f70fad91 O /home/capstone/project/test_files/000530.gif.tmp_
[3502] 8f3db63f70fad91 O /home/capstone/project/test_files/000970.doc
[3502] 8f3db63f70fad91 O /home/capstone/project/test_files/000970.doc.tmp_
[3502] 8f3db63f70fad91 O /home/capstone/project/test_files/000004.doc
[3502] 8f3db63f70fad91 O /home/capstone/project/test_files/000004.doc.tmp_
[3502] 8f3db63f70fad91 O /home/capstone/project/test_files/000460.txt
[3502] 8f3db63f70fad91 O /home/capstone/project/test_files/000460.txt.tmp_
[3502] 8f3db63f70fad91 O /home/capstone/project/test_files/000165.ppt
[3502] 8f3db63f70fad91 O /home/capstone/project/test_files/000165.ppt.tmp_
[3502] 8f3db63f70fad91 C /home/capstone/project/test_files/000592.pdf.tmp_.README_TO_RESTORE
[3502] 8f3db63f70fad91 O /home/capstone/project/test_files/000592.pdf.tmp_.README_TO_RESTORE
[3502] 8f3db63f70fad91 O /home/capstone/project/test_files/000778.xls.tmp_.README_TO_RESTORE
[3502] 8f3db63f70fad91 C /home/capstone/project/test_files/000803.rtf.tmp_.README_TO_RESTORE
[3502] 8f3db63f70fad91 O /home/capstone/project/test_files/000803.rtf.tmp_.README_TO_RESTORE
[3502] 8f3db63f70fad91 O /home/capstone/project/test_files/000039.xml
[3502] 8f3db63f70fad91 O /home/capstone/project/test_files/000039.xml.tmp_
[3502] 8f3db63f70fad91 O /home/capstone/project/test_files/000629.pdf
[3502] 8f3db63f70fad91 O /home/capstone/project/test_files/000629.pdf.tmp_
[3502] 8f3db63f70fad91 O /home/capstone/project/test_files/000804.doc
[3502] 8f3db63f70fad91 O /home/capstone/project/test_files/000804.doc.tmp_
[3502] 8f3db63f70fad91 O /home/capstone/project/test_files/000186.html
[3502] 8f3db63f70fad91 O /home/capstone/project/test_files/000186.html.tmp_
[3502] 8f3db63f70fad91 C /home/capstone/project/test_files/000583.pdf.tmp_.README_TO_RESTORE
[3502] 8f3db63f70fad91 O /home/capstone/project/test_files/000583.pdf.tmp_.README_TO_RESTORE
[3502] 8f3db63f70fad91 O /home/capstone/project/test_files/000608.html.tmp_.README_TO_RESTORE
[3502] 8f3db63f70fad91 C /home/capstone/project/test_files/000022.pdf.tmp_.README_TO_RESTORE
[3502] 8f3db63f70fad91 O /home/capstone/project/test_files/000022.pdf.tmp_.README_TO_RESTORE
[3502] 8f3db63f70fad91 O /home/capstone/project/test_files/000572.pdf.tmp_.README_TO_RESTORE
[3502] 8f3db63f70fad91 O /home/capstone/project/test_files/000071.html.tmp_.README_TO_RESTORE
[3502] 8f3db63f70fad91 O /home/capstone/project/test_files/000845.swf.tmp_.README_TO_RESTORE
[3502] 8f3db63f70fad91 O /home/capstone/project/test_files/000132.doc
[3502] 8f3db63f70fad91 O /home/capstone/project/test_files/000617.html
[3502] 8f3db63f70fad91 O /home/capstone/project/test_files/000617.html.tmp_
[3502] 8f3db63f70fad91 O /home/capstone/project/test_files/000720.ppt
[3502] 8f3db63f70fad91 O /home/capstone/project/test_files/000720.ppt.tmp_
[3502] 8f3db63f70fad91 O /home/capstone/project/test_files/000633.xls
[3502] 8f3db63f70fad91 O /home/capstone/project/test_files/000633.xls.tmp_
[3502] 8f3db63f70fad91 O /home/capstone/project/test_files/000223.f
[3502] 8f3db63f70fad91 O /home/capstone/project/test_files/000223.f.tmp_
[3502] 8f3db63f70fad91 O /home/capstone/project/test_files/000754.gz
[3502] 8f3db63f70fad91 O /home/capstone/project/test_files/000754.gz.tmp_
[3502] 8f3db63f70fad91 O /home/capstone/project/test_files/000007.doc
[3502] 8f3db63f70fad91 O /home/capstone/project/test_files/000007.doc.tmp_
[3502] 8f3db63f70fad91 O /home/capstone/project/test_files/000122.doc
[3502] 8f3db63f70fad91 O /home/capstone/project/test_files/000122.doc.tmp_
[3502] 8f3db63f70fad91 O /home/capstone/project/test_files/000442.html
[3502] 8f3db63f70fad91 O /home/capstone/project/test_files/000442.html.tmp_
[3502] 8f3db63f70fad91 O /home/capstone/project/test_files/000269.pdf
[3502] 8f3db63f70fad91 O /home/capstone/project/test_files/000269.pdf.tmp_
[3502] 8f3db63f70fad91 O /home/capstone/project/test_files/000981.doc
[3502] 8f3db63f70fad91 O /home/capstone/project/test_files/000981.doc.tmp_
[3502] 8f3db63f70fad91 O /home/capstone/project/test_files/000499.txt
[3502] 8f3db63f70fad91 O /home/capstone/project/test_files/000499.txt.tmp_
[3502] 8f3db63f70fad91 O /home/capstone/project/test_files/000224.txt
[3502] 8f3db63f70fad91 O /home/capstone/project/test_files/000224.txt.tmp_
[3502] 8f3db63f70fad91 O /home/capstone/project/test_files/000976.doc
[3502] 8f3db63f70fad91 O /home/capstone/project/test_files/000976.doc.tmp_
[3502] 8f3db63f70fad91 O /home/capstone/project/test_files/000771.doc
[3502] 8f3db63f70fad91 O /home/capstone/project/test_files/000771.doc.tmp_
[3502] 8f3db63f70fad91 O /home/capstone/project/test_files/000735.html
[3502] 8f3db63f70fad91 O /home/capstone/project/test_files/000735.html.tmp_
[3502] 8f3db63f70fad91 O /home/capstone/project/test_files/000995.ppt
[3502] 8f3db63f70fad91 O /home/capstone/project/test_files/000995.ppt.tmp_
[3502] 8f3db63f70fad91 O /home/capstone/project/test_files/000132.doc.tmp_
[3502] 8f3db63f70fad91 O /home/capstone/project/test_files/000714.ppt
[3502] 8f3db63f70fad91 O /home/capstone/project/test_files/000714.ppt.tmp_
[3502] 8f3db63f70fad91 O /home/capstone/project/test_files/000699.log
[3502] 8f3db63f70fad91 O /home/capstone/project/test_files/000699.log.tmp_
[3502] 8f3db63f70fad91 O /home/capstone/project/test_files/000410.html
[3502] 8f3db63f70fad91 O /home/capstone/project/test_files/000410.html.tmp_
[3502] 8f3db63f70fad91 O /home/capstone/project/test_files/000809.pdf
[3502] 8f3db63f70fad91 O /home/capstone/project/test_files/000809.pdf.tmp_
[3502] 8f3db63f70fad91 O /home/capstone/project/test_files/000587.pdf
[3502] 8f3db63f70fad91 O /home/capstone/project/test_files/000587.pdf.tmp_
[3502] 8f3db63f70fad91 O /home/capstone/project/test_files/000670.txt
[3502] 8f3db63f70fad91 O /home/capstone/project/test_files/000670.txt.tmp_
[3502] 8f3db63f70fad91 O /home/capstone/project/test_files/000519.gif
[3502] 8f3db63f70fad91 O /home/capstone/project/test_files/000519.gif.tmp_
[3502] 8f3db63f70fad91 O /home/capstone/project/test_files/000320.ppt.tmp_.README_TO_RESTORE
[3502] 8f3db63f70fad91 O /home/capstone/project/test_files/000545.gif
[3502] 8f3db63f70fad91 O /home/capstone/project/test_files/000545.gif.tmp_
[3502] 8f3db63f70fad91 O /home/capstone/project/test_files/000810.pdf
[3502] 8f3db63f70fad91 O /home/capstone/project/test_files/000810.pdf.tmp_
[3502] 8f3db63f70fad91 O /home/capstone/project/test_files/000082.txt
[3502] 8f3db63f70fad91 O /home/capstone/project/test_files/000082.txt.tmp_
[3502] 8f3db63f70fad91 O /home/capstone/project/test_files/000617.html.tmp_.README_TO_RESTORE
[3502] 8f3db63f70fad91 O /home/capstone/project/test_files/000223.f.tmp_.README_TO_RESTORE
[3502] 8f3db63f70fad91 C /home/capstone/project/test_files/000014.html.tmp_.README_TO_RESTORE
[3502] 8f3db63f70fad91 O /home/capstone/project/test_files/000014.html.tmp_.README_TO_RESTORE
[3502] 8f3db63f70fad91 O /home/capstone/project/test_files/000707.doc
[3502] 8f3db63f70fad91 O /home/capstone/project/test_files/000707.doc.tmp_
[3502] 8f3db63f70fad91 O /home/capstone/project/test_files/000923.xml
[3502] 8f3db63f70fad91 O /home/capstone/project/test_files/000923.xml.tmp_
[3502] 8f3db63f70fad91 O /home/capstone/project/test_files/000207.html
[3502] 8f3db63f70fad91 O /home/capstone/project/test_files/000207.html.tmp_
[3502] 8f3db63f70fad91 O /home/capstone/project/test_files/000844.txt
[3502] 8f3db63f70fad91 O /home/capstone/project/test_files/000844.txt.tmp_
[3502] 8f3db63f70fad91 O /home/capstone/project/test_files/000894.html
[3502] 8f3db63f70fad91 O /home/capstone/project/test_files/000894.html.tmp_
[3502] 8f3db63f70fad91 O /home/capstone/project/test_files/000461.html
[3502] 8f3db63f70fad91 O /home/capstone/project/test_files/000461.html.tmp_
[3502] 8f3db63f70fad91 O /home/capstone/project/test_files/000381.pdf
[3502] 8f3db63f70fad91 O /home/capstone/project/test_files/000381.pdf.tmp_
[3502] 8f3db63f70fad91 O /home/capstone/project/test_files/000489.txt
[3502] 8f3db63f70fad91 O /home/capstone/project/test_files/000489.txt.tmp_
[3502] 8f3db63f70fad91 O /home/capstone/project/test_files/000285.doc
[3502] 8f3db63f70fad91 O /home/capstone/project/test_files/000285.doc.tmp_
[3502] 8f3db63f70fad91 O /home/capstone/project/test_files/000534.gif.tmp_.README_TO_RESTORE
[3502] 8f3db63f70fad91 C /home/capstone/project/test_files/000040.xls.tmp_.README_TO_RESTORE
[3502] 8f3db63f70fad91 O /home/capstone/project/test_files/000040.xls.tmp_.README_TO_RESTORE
[3502] 8f3db63f70fad91 O /home/capstone/project/test_files/000269.pdf.tmp_.README_TO_RESTORE
[3502] 8f3db63f70fad91 O /home/capstone/project/test_files/000543.gif
[3502] 8f3db63f70fad91 O /home/capstone/project/test_files/000543.gif.tmp_
[3502] 8f3db63f70fad91 O /home/capstone/project/test_files/000264.doc
[3502] 8f3db63f70fad91 O /home/capstone/project/test_files/000264.doc.tmp_
[3502] 8f3db63f70fad91 O /home/capstone/project/test_files/000278.doc
[3502] 8f3db63f70fad91 O /home/capstone/project/test_files/000278.doc.tmp_
[3502] 8f3db63f70fad91 O /home/capstone/project/test_files/000981.doc.tmp_.README_TO_RESTORE
[3502] 8f3db63f70fad91 O /home/capstone/project/test_files/000007.doc.tmp_.README_TO_RESTORE
[3502] 8f3db63f70fad91 C /home/capstone/project/test_files/000410.html.tmp_.README_TO_RESTORE
[3502] 8f3db63f70fad91 O /home/capstone/project/test_files/000410.html.tmp_.README_TO_RESTORE
[3502] 8f3db63f70fad91 O /home/capstone/project/test_files/000499.txt.tmp_.README_TO_RESTORE
[3502] 8f3db63f70fad91 O /home/capstone/project/test_files/000723.ppt
[3502] 8f3db63f70fad91 O /home/capstone/project/test_files/000723.ppt.tmp_
[3502] 8f3db63f70fad91 O /home/capstone/project/test_files/000814.html
[3502] 8f3db63f70fad91 C /home/capstone/project/test_files/000782.xls.tmp_.README_TO_RESTORE
[3502] 8f3db63f70fad91 O /home/capstone/project/test_files/000782.xls.tmp_.README_TO_RESTORE
[3502] 8f3db63f70fad91 C /home/capstone/project/test_files/000527.gif.tmp_.README_TO_RESTORE
[3502] 8f3db63f70fad91 O /home/capstone/project/test_files/000527.gif.tmp_.README_TO_RESTORE
[3502] 8f3db63f70fad91 O /home/capstone/project/test_files/000674.pdf
[3502] 8f3db63f70fad91 O /home/capstone/project/test_files/000674.pdf.tmp_
[3502] 8f3db63f70fad91 C /home/capstone/project/test_files/000783.html.tmp_.README_TO_RESTORE
[3502] 8f3db63f70fad91 O /home/capstone/project/test_files/000783.html.tmp_.README_TO_RESTORE
[3502] 8f3db63f70fad91 C /home/capstone/project/test_files/000723.ppt.tmp_.README_TO_RESTORE
[3502] 8f3db63f70fad91 O /home/capstone/project/test_files/000723.ppt.tmp_.README_TO_RESTORE
[3502] 8f3db63f70fad91 C /home/capstone/project/test_files/000814.html.tmp_.README_TO_RESTORE
[3502] 8f3db63f70fad91 O /home/capstone/project/test_files/000814.html.tmp_.README_TO_RESTORE
[3502] 8f3db63f70fad91 O /home/capstone/project/test_files/000865.gz.tmp_.README_TO_RESTORE
[3502] 8f3db63f70fad91 C /home/capstone/project/test_files/000078.html.tmp_.README_TO_RESTORE
[3502] 8f3db63f70fad91 O /home/capstone/project/test_files/000078.html.tmp_.README_TO_RESTORE
[3502] 8f3db63f70fad91 C /home/capstone/project/test_files/000827.txt.tmp_.README_TO_RESTORE
[3502] 8f3db63f70fad91 O /home/capstone/project/test_files/000827.txt.tmp_.README_TO_RESTORE
[3502] 8f3db63f70fad91 O /home/capstone/project/test_files/000209.html.tmp_
[3502] 8f3db63f70fad91 O /home/capstone/project/test_files/000227.txt.tmp_
[3502] 8f3db63f70fad91 O /home/capstone/project/test_files/000904.pdf
[3502] 8f3db63f70fad91 O /home/capstone/project/test_files/000904.pdf.tmp_
[3502] 8f3db63f70fad91 O /home/capstone/project/test_files/000858.txt
[3502] 8f3db63f70fad91 O /home/capstone/project/test_files/000858.txt.tmp_
[3502] 8f3db63f70fad91 O /home/capstone/project/test_files/000311.ppt
[3502] 8f3db63f70fad91 O /home/capstone/project/test_files/000311.ppt.tmp_
[3502] 8f3db63f70fad91 O /home/capstone/project/test_files/000015.pdf.tmp_
[3502] 8f3db63f70fad91 O /home/capstone/project/test_files/000816.pdf.tmp_
[3502] 8f3db63f70fad91 O /home/capstone/project/test_files/000582.pdf.tmp_
[3502] 8f3db63f70fad91 C /home/capstone/project/test_files/000674.pdf.tmp_.README_TO_RESTORE
[3502] 8f3db63f70fad91 O /home/capstone/project/test_files/000674.pdf.tmp_.README_TO_RESTORE
[3502] 8f3db63f70fad91 O /home/capstone/project/test_files/000873.jpg.tmp_
[3502] 8f3db63f70fad91 C /home/capstone/project/test_files/000303.ppt.tmp_.README_TO_RESTORE
[3502] 8f3db63f70fad91 O /home/capstone/project/test_files/000303.ppt.tmp_.README_TO_RESTORE
[3502] 8f3db63f70fad91 C /home/capstone/project/test_files/000582.pdf.tmp_.README_TO_RESTORE
[3502] 8f3db63f70fad91 O /home/capstone/project/test_files/000582.pdf.tmp_.README_TO_RESTORE
[3502] 8f3db63f70fad91 O /home/capstone/project/test_files/000181.ppt.tmp_
[3502] 8f3db63f70fad91 O /home/capstone/project/test_files/000672.pdf
[3502] 8f3db63f70fad91 O /home/capstone/project/test_files/000672.pdf.tmp_
[3502] 8f3db63f70fad91 O /home/capstone/project/test_files/000993.ppt
[3502] 8f3db63f70fad91 O /home/capstone/project/test_files/000993.ppt.tmp_
[3502] 8f3db63f70fad91 O /home/capstone/project/test_files/000712.ppt
[3502] 8f3db63f70fad91 O /home/capstone/project/test_files/000712.ppt.tmp_
[3502] 8f3db63f70fad91 O /home/capstone/project/test_files/000586.pdf
[3502] 8f3db63f70fad91 O /home/capstone/project/test_files/000586.pdf.tmp_
[3502] 8f3db63f70fad91 O /home/capstone/project/test_files/000870.jpg
[3502] 8f3db63f70fad91 O /home/capstone/project/test_files/000870.jpg.tmp_
[3502] 8f3db63f70fad91 O /home/capstone/project/test_files/000665.txt
[3502] 8f3db63f70fad91 O /home/capstone/project/test_files/000665.txt.tmp_
[3502] 8f3db63f70fad91 O /home/capstone/project/test_files/000376.dbase3
[3502] 8f3db63f70fad91 O /home/capstone/project/test_files/000376.dbase3.tmp_
[3502] 8f3db63f70fad91 O /home/capstone/project/test_files/000550.jpg
[3502] 8f3db63f70fad91 O /home/capstone/project/test_files/000550.jpg.tmp_
[3502] 8f3db63f70fad91 O /home/capstone/project/test_files/000775.xls
[3502] 8f3db63f70fad91 O /home/capstone/project/test_files/000775.xls.tmp_
[3502] 8f3db63f70fad91 O /home/capstone/project/test_files/000659.txt
[3502] 8f3db63f70fad91 O /home/capstone/project/test_files/000659.txt.tmp_
[3502] 8f3db63f70fad91 O /home/capstone/project/test_files/000336.pdf
[3502] 8f3db63f70fad91 O /home/capstone/project/test_files/000336.pdf.tmp_
[3502] 8f3db63f70fad91 O /home/capstone/project/test_files/000738.pdf.tmp_
[3502] 8f3db63f70fad91 O /home/capstone/project/test_files/000830.html
[3502] 8f3db63f70fad91 O /home/capstone/project/test_files/000830.html.tmp_
[3502] 8f3db63f70fad91 O /home/capstone/project/test_files/000564.csv
[3502] 8f3db63f70fad91 O /home/capstone/project/test_files/000564.csv.tmp_
[3502] 8f3db63f70fad91 O /home/capstone/project/test_files/000404.jpg
[3502] 8f3db63f70fad91 O /home/capstone/project/test_files/000404.jpg.tmp_
[3502] 8f3db63f70fad91 C /home/capstone/project/test_files/000604.html.tmp_.README_TO_RESTORE
[3502] 8f3db63f70fad91 O /home/capstone/project/test_files/000604.html.tmp_.README_TO_RESTORE
[3502] 8f3db63f70fad91 O /home/capstone/project/test_files/000744.pdf.tmp_
[3502] 8f3db63f70fad91 C /home/capstone/project/test_files/000055.xls.tmp_.README_TO_RESTORE
[3502] 8f3db63f70fad91 O /home/capstone/project/test_files/000055.xls.tmp_.README_TO_RESTORE
[3502] 8f3db63f70fad91 C /home/capstone/project/test_files/000873.jpg.tmp_.README_TO_RESTORE
[3502] 8f3db63f70fad91 O /home/capstone/project/test_files/000873.jpg.tmp_.README_TO_RESTORE
[3502] 8f3db63f70fad91 O /home/capstone/project/test_files/000983.ppt.tmp_
[3502] 8f3db63f70fad91 C /home/capstone/project/test_files/000684.jpg.tmp_.README_TO_RESTORE
[3502] 8f3db63f70fad91 O /home/capstone/project/test_files/000684.jpg.tmp_.README_TO_RESTORE
[3502] 8f3db63f70fad91 C /home/capstone/project/test_files/000262.pdf.tmp_.README_TO_RESTORE
[3502] 8f3db63f70fad91 O /home/capstone/project/test_files/000262.pdf.tmp_.README_TO_RESTORE
[3502] 8f3db63f70fad91 O /home/capstone/project/test_files/000688.gif
[3502] 8f3db63f70fad91 O /home/capstone/project/test_files/000688.gif.tmp_
[3502] 8f3db63f70fad91 O /home/capstone/project/test_files/000196.pdf
[3502] 8f3db63f70fad91 O /home/capstone/project/test_files/000196.pdf.tmp_
[3502] 8f3db63f70fad91 O /home/capstone/project/test_files/000790.doc
[3502] 8f3db63f70fad91 O /home/capstone/project/test_files/000790.doc.tmp_
[3502] 8f3db63f70fad91 O /home/capstone/project/test_files/000396.xls
[3502] 8f3db63f70fad91 O /home/capstone/project/test_files/000396.xls.tmp_
[3502] 8f3db63f70fad91 O /home/capstone/project/test_files/000537.gif
[3502] 8f3db63f70fad91 O /home/capstone/project/test_files/000537.gif.tmp_
[3502] 8f3db63f70fad91 O /home/capstone/project/test_files/000630.pdf
[3502] 8f3db63f70fad91 O /home/capstone/project/test_files/000630.pdf.tmp_
[3502] 8f3db63f70fad91 O /home/capstone/project/test_files/000417.jpg
[3502] 8f3db63f70fad91 O /home/capstone/project/test_files/000417.jpg.tmp_
[3502] 8f3db63f70fad91 O /home/capstone/project/test_files/000168.pdf
[3502] 8f3db63f70fad91 O /home/capstone/project/test_files/000168.pdf.tmp_
[3502] 8f3db63f70fad91 O /home/capstone/project/test_files/000252.pdf
[3502] 8f3db63f70fad91 O /home/capstone/project/test_files/000252.pdf.tmp_
[3502] 8f3db63f70fad91 O /home/capstone/project/test_files/000502.txt
[3502] 8f3db63f70fad91 O /home/capstone/project/test_files/000502.txt.tmp_
[3502] 8f3db63f70fad91 O /home/capstone/project/test_files/000123.html
[3502] 8f3db63f70fad91 O /home/capstone/project/test_files/000123.html.tmp_
[3502] 8f3db63f70fad91 O /home/capstone/project/test_files/000471.txt
[3502] 8f3db63f70fad91 O /home/capstone/project/test_files/000471.txt.tmp_
[3502] 8f3db63f70fad91 O /home/capstone/project/test_files/000776.xls
[3502] 8f3db63f70fad91 O /home/capstone/project/test_files/000776.xls.tmp_
[3502] 8f3db63f70fad91 O /home/capstone/project/test_files/000028.pdf
[3502] 8f3db63f70fad91 O /home/capstone/project/test_files/000028.pdf.tmp_
[3502] 8f3db63f70fad91 O /home/capstone/project/test_files/000270.pdf
[3502] 8f3db63f70fad91 O /home/capstone/project/test_files/000270.pdf.tmp_
[3502] 8f3db63f70fad91 O /home/capstone/project/test_files/000401.xls
[3502] 8f3db63f70fad91 O /home/capstone/project/test_files/000401.xls.tmp_
[3502] 8f3db63f70fad91 O /home/capstone/project/test_files/000351.pdf
[3502] 8f3db63f70fad91 O /home/capstone/project/test_files/000351.pdf.tmp_
[3502] 8f3db63f70fad91 O /home/capstone/project/test_files/000946.doc
[3502] 8f3db63f70fad91 O /home/capstone/project/test_files/000946.doc.tmp_
[3502] 8f3db63f70fad91 O /home/capstone/project/test_files/000438.html
[3502] 8f3db63f70fad91 O /home/capstone/project/test_files/000438.html.tmp_
[3502] 8f3db63f70fad91 O /home/capstone/project/test_files/000464.txt
[3502] 8f3db63f70fad91 O /home/capstone/project/test_files/000464.txt.tmp_
[3502] 8f3db63f70fad91 O /home/capstone/project/test_files/000077.html
[3502] 8f3db63f70fad91 O /home/capstone/project/test_files/000077.html.tmp_
[3502] 8f3db63f70fad91 O /home/capstone/project/test_files/000323.ppt
[3502] 8f3db63f70fad91 O /home/capstone/project/test_files/000323.ppt.tmp_
[3502] 8f3db63f70fad91 O /home/capstone/project/test_files/000764.csv
[3502] 8f3db63f70fad91 O /home/capstone/project/test_files/000764.csv.tmp_
[3502] 8f3db63f70fad91 O /home/capstone/project/test_files/000462.txt
[3502] 8f3db63f70fad91 O /home/capstone/project/test_files/000462.txt.tmp_
[3502] 8f3db63f70fad91 O /home/capstone/project/test_files/000770.pdf
[3502] 8f3db63f70fad91 O /home/capstone/project/test_files/000770.pdf.tmp_
[3502] 8f3db63f70fad91 O /home/capstone/project/test_files/000826.pdf
[3502] 8f3db63f70fad91 O /home/capstone/project/test_files/000826.pdf.tmp_
[3502] 8f3db63f70fad91 O /home/capstone/project/test_files/000719.ppt
[3502] 8f3db63f70fad91 O /home/capstone/project/test_files/000719.ppt.tmp_
[3502] 8f3db63f70fad91 O /home/capstone/project/test_files/000774.ps
[3502] 8f3db63f70fad91 O /home/capstone/project/test_files/000774.ps.tmp_
[3502] 8f3db63f70fad91 O /home/capstone/project/test_files/000635.html
[3502] 8f3db63f70fad91 O /home/capstone/project/test_files/000635.html.tmp_
[3502] 8f3db63f70fad91 O /home/capstone/project/test_files/000147.pdf
[3502] 8f3db63f70fad91 O /home/capstone/project/test_files/000147.pdf.tmp_
[3502] 8f3db63f70fad91 O /home/capstone/project/test_files/000836.txt
[3502] 8f3db63f70fad91 O /home/capstone/project/test_files/000836.txt.tmp_
[3502] 8f3db63f70fad91 O /home/capstone/project/test_files/000538.gif
[3502] 8f3db63f70fad91 O /home/capstone/project/test_files/000538.gif.tmp_
[3502] 8f3db63f70fad91 O /home/capstone/project/test_files/000154.doc
[3502] 8f3db63f70fad91 O /home/capstone/project/test_files/000154.doc.tmp_
[3502] 8f3db63f70fad91 O /home/capstone/project/test_files/000484.txt
[3502] 8f3db63f70fad91 O /home/capstone/project/test_files/000484.txt.tmp_
[3502] 8f3db63f70fad91 C /home/capstone/project/test_files/000149.pdf.tmp_.README_TO_RESTORE
[3502] 8f3db63f70fad91 O /home/capstone/project/test_files/000149.pdf.tmp_.README_TO_RESTORE
[3502] 8f3db63f70fad91 O /home/capstone/project/test_files/000540.jpg.tmp_.README_TO_RESTORE
[3502] 8f3db63f70fad91 O /home/capstone/project/test_files/000194.html
[3502] 8f3db63f70fad91 O /home/capstone/project/test_files/000194.html.tmp_
[3502] 8f3db63f70fad91 O /home/capstone/project/test_files/000312.ppt
[3502] 8f3db63f70fad91 O /home/capstone/project/test_files/000312.ppt.tmp_
[3502] 8f3db63f70fad91 O /home/capstone/project/test_files/000120.doc
[3502] 8f3db63f70fad91 O /home/capstone/project/test_files/000120.doc.tmp_
[3502] 8f3db63f70fad91 O /home/capstone/project/test_files/000257.rtf
[3502] 8f3db63f70fad91 O /home/capstone/project/test_files/000257.rtf.tmp_
[3502] 8f3db63f70fad91 O /home/capstone/project/test_files/000340.pdf
[3502] 8f3db63f70fad91 O /home/capstone/project/test_files/000340.pdf.tmp_
[3502] 8f3db63f70fad91 C /home/capstone/project/test_files/000147.pdf.tmp_.README_TO_RESTORE
[3502] 8f3db63f70fad91 O /home/capstone/project/test_files/000147.pdf.tmp_.README_TO_RESTORE
[3502] 8f3db63f70fad91 O /home/capstone/project/test_files/000001.doc
[3502] 8f3db63f70fad91 O /home/capstone/project/test_files/000001.doc.tmp_
[3502] 8f3db63f70fad91 O /home/capstone/project/test_files/000185.html
[3502] 8f3db63f70fad91 O /home/capstone/project/test_files/000185.html.tmp_
[3502] 8f3db63f70fad91 O /home/capstone/project/test_files/000563.gif
[3502] 8f3db63f70fad91 O /home/capstone/project/test_files/000563.gif.tmp_
[3502] 8f3db63f70fad91 O /home/capstone/project/test_files/000780.xls
[3502] 8f3db63f70fad91 O /home/capstone/project/test_files/000780.xls.tmp_
[3502] 8f3db63f70fad91 O /home/capstone/project/test_files/000067.xml
[3502] 8f3db63f70fad91 O /home/capstone/project/test_files/000067.xml.tmp_
[3502] 8f3db63f70fad91 O /home/capstone/project/test_files/000316.pdf
[3502] 8f3db63f70fad91 O /home/capstone/project/test_files/000316.pdf.tmp_
[3502] 8f3db63f70fad91 O /home/capstone/project/test_files/000126.doc
[3502] 8f3db63f70fad91 O /home/capstone/project/test_files/000126.doc.tmp_
[3502] 8f3db63f70fad91 O /home/capstone/project/test_files/000135.pdf
[3502] 8f3db63f70fad91 O /home/capstone/project/test_files/000135.pdf.tmp_
[3502] 8f3db63f70fad91 O /home/capstone/project/test_files/000293.ppt
[3502] 8f3db63f70fad91 O /home/capstone/project/test_files/000293.ppt.tmp_
[3502] 8f3db63f70fad91 O /home/capstone/project/test_files/000263.pdf
[3502] 8f3db63f70fad91 O /home/capstone/project/test_files/000263.pdf.tmp_
[3502] 8f3db63f70fad91 O /home/capstone/project/test_files/000402.xls
[3502] 8f3db63f70fad91 O /home/capstone/project/test_files/000402.xls.tmp_
[3502] 8f3db63f70fad91 O /home/capstone/project/test_files/000287.doc
[3502] 8f3db63f70fad91 O /home/capstone/project/test_files/000287.doc.tmp_
[3502] 8f3db63f70fad91 O /home/capstone/project/test_files/000102.txt
[3502] 8f3db63f70fad91 O /home/capstone/project/test_files/000102.txt.tmp_
[3502] 8f3db63f70fad91 C /home/capstone/project/test_files/000196.pdf.tmp_.README_TO_RESTORE
[3502] 8f3db63f70fad91 O /home/capstone/project/test_files/000196.pdf.tmp_.README_TO_RESTORE
[3502] 8f3db63f70fad91 C /home/capstone/project/test_files/000738.pdf.tmp_.README_TO_RESTORE
[3502] 8f3db63f70fad91 O /home/capstone/project/test_files/000738.pdf.tmp_.README_TO_RESTORE
[3502] 8f3db63f70fad91 O /home/capstone/project/test_files/000205.html
[3502] 8f3db63f70fad91 O /home/capstone/project/test_files/000205.html.tmp_
[3502] 8f3db63f70fad91 O /home/capstone/project/test_files/000824.html
[3502] 8f3db63f70fad91 O /home/capstone/project/test_files/000824.html.tmp_
[3502] 8f3db63f70fad91 O /home/capstone/project/test_files/000042.xls
[3502] 8f3db63f70fad91 O /home/capstone/project/test_files/000042.xls.tmp_
[3502] 8f3db63f70fad91 C /home/capstone/project/test_files/000205.html.tmp_.README_TO_RESTORE
[3502] 8f3db63f70fad91 C /home/capstone/project/test_files/000252.pdf.tmp_.README_TO_RESTORE
[3502] 8f3db63f70fad91 O /home/capstone/project/test_files/000252.pdf.tmp_.README_TO_RESTORE
[3502] 8f3db63f70fad91 C /home/capstone/project/test_files/000502.txt.tmp_.README_TO_RESTORE
[3502] 8f3db63f70fad91 O /home/capstone/project/test_files/000502.txt.tmp_.README_TO_RESTORE
[3502] 8f3db63f70fad91 O /home/capstone/project/test_files/000205.html.tmp_.README_TO_RESTORE
[3502] 8f3db63f70fad91 O /home/capstone/project/test_files/000430.html
[3502] 8f3db63f70fad91 O /home/capstone/project/test_files/000430.html.tmp_
[3502] 8f3db63f70fad91 O /home/capstone/project/test_files/000739.pdf
[3502] 8f3db63f70fad91 O /home/capstone/project/test_files/000739.pdf.tmp_
[3502] 8f3db63f70fad91 C /home/capstone/project/test_files/000471.txt.tmp_.README_TO_RESTORE
[3502] 8f3db63f70fad91 O /home/capstone/project/test_files/000471.txt.tmp_.README_TO_RESTORE
[3502] 8f3db63f70fad91 O /home/capstone/project/test_files/000932.txt
[3502] 8f3db63f70fad91 O /home/capstone/project/test_files/000932.txt.tmp_
[3502] 8f3db63f70fad91 O /home/capstone/project/test_files/000054.xls
[3502] 8f3db63f70fad91 O /home/capstone/project/test_files/000054.xls.tmp_
[3502] 8f3db63f70fad91 C /home/capstone/project/test_files/000028.pdf.tmp_.README_TO_RESTORE
[3502] 8f3db63f70fad91 O /home/capstone/project/test_files/000028.pdf.tmp_.README_TO_RESTORE
[3502] 8f3db63f70fad91 C /home/capstone/project/test_files/000776.xls.tmp_.README_TO_RESTORE
[3502] 8f3db63f70fad91 O /home/capstone/project/test_files/000776.xls.tmp_.README_TO_RESTORE
[3502] 8f3db63f70fad91 C /home/capstone/project/test_files/000270.pdf.tmp_.README_TO_RESTORE
[3502] 8f3db63f70fad91 O /home/capstone/project/test_files/000270.pdf.tmp_.README_TO_RESTORE
[3502] 8f3db63f70fad91 C /home/capstone/project/test_files/000438.html.tmp_.README_TO_RESTORE
[3502] 8f3db63f70fad91 O /home/capstone/project/test_files/000438.html.tmp_.README_TO_RESTORE
[3502] 8f3db63f70fad91 O /home/capstone/project/test_files/000988.ppt
[3502] 8f3db63f70fad91 O /home/capstone/project/test_files/000988.ppt.tmp_
[3502] 8f3db63f70fad91 O /home/capstone/project/test_files/000985.ppt
[3502] 8f3db63f70fad91 O /home/capstone/project/test_files/000985.ppt.tmp_
[3502] 8f3db63f70fad91 O /home/capstone/project/test_files/000636.html
[3502] 8f3db63f70fad91 O /home/capstone/project/test_files/000636.html.tmp_
[3502] 8f3db63f70fad91 C /home/capstone/project/test_files/000257.rtf.tmp_.README_TO_RESTORE
[3502] 8f3db63f70fad91 O /home/capstone/project/test_files/000257.rtf.tmp_.README_TO_RESTORE
[3502] 8f3db63f70fad91 O /home/capstone/project/test_files/000333.pdf
[3502] 8f3db63f70fad91 O /home/capstone/project/test_files/000333.pdf.tmp_
[3502] 8f3db63f70fad91 C /home/capstone/project/test_files/000764.csv.tmp_.README_TO_RESTORE
[3502] 8f3db63f70fad91 O /home/capstone/project/test_files/000764.csv.tmp_.README_TO_RESTORE
[3502] 8f3db63f70fad91 C /home/capstone/project/test_files/000630.pdf.tmp_.README_TO_RESTORE
[3502] 8f3db63f70fad91 O /home/capstone/project/test_files/000630.pdf.tmp_.README_TO_RESTORE
[3502] 8f3db63f70fad91 C /home/capstone/project/test_files/000780.xls.tmp_.README_TO_RESTORE
[3502] 8f3db63f70fad91 O /home/capstone/project/test_files/000780.xls.tmp_.README_TO_RESTORE
[3502] 8f3db63f70fad91 O /home/capstone/project/test_files/000281.doc
[3502] 8f3db63f70fad91 O /home/capstone/project/test_files/000281.doc.tmp_
[3502] 8f3db63f70fad91 O /home/capstone/project/test_files/000867.jpg
[3502] 8f3db63f70fad91 O /home/capstone/project/test_files/000867.jpg.tmp_
[3502] 8f3db63f70fad91 O /home/capstone/project/test_files/000220.txt
[3502] 8f3db63f70fad91 O /home/capstone/project/test_files/000220.txt.tmp_
[3502] 8f3db63f70fad91 C /home/capstone/project/test_files/000194.html.tmp_.README_TO_RESTORE
[3502] 8f3db63f70fad91 O /home/capstone/project/test_files/000194.html.tmp_.README_TO_RESTORE
[3502] 8f3db63f70fad91 O /home/capstone/project/test_files/000107.jpg
[3502] 8f3db63f70fad91 O /home/capstone/project/test_files/000107.jpg.tmp_
[3502] 8f3db63f70fad91 O /home/capstone/project/test_files/000284.txt
[3502] 8f3db63f70fad91 O /home/capstone/project/test_files/000284.txt.tmp_
[3502] 8f3db63f70fad91 O /home/capstone/project/test_files/000229.txt
[3502] 8f3db63f70fad91 O /home/capstone/project/test_files/000229.txt.tmp_
[3502] 8f3db63f70fad91 O /home/capstone/project/test_files/000619.txt
[3502] 8f3db63f70fad91 O /home/capstone/project/test_files/000619.txt.tmp_
[3502] 8f3db63f70fad91 C /home/capstone/project/test_files/000770.pdf.tmp_.README_TO_RESTORE
[3502] 8f3db63f70fad91 O /home/capstone/project/test_files/000770.pdf.tmp_.README_TO_RESTORE
[3502] 8f3db63f70fad91 O /home/capstone/project/test_files/000898.html
[3502] 8f3db63f70fad91 O /home/capstone/project/test_files/000898.html.tmp_
[3502] 8f3db63f70fad91 C /home/capstone/project/test_files/000867.jpg.tmp_.README_TO_RESTORE
[3502] 8f3db63f70fad91 O /home/capstone/project/test_files/000867.jpg.tmp_.README_TO_RESTORE
[3502] 8f3db63f70fad91 C /home/capstone/project/test_files/000401.xls.tmp_.README_TO_RESTORE
[3502] 8f3db63f70fad91 O /home/capstone/project/test_files/000401.xls.tmp_.README_TO_RESTORE
[3502] 8f3db63f70fad91 O /home/capstone/project/test_files/000678.doc
[3502] 8f3db63f70fad91 O /home/capstone/project/test_files/000678.doc.tmp_
[3502] 8f3db63f70fad91 O /home/capstone/project/test_files/000605.pdf
[3502] 8f3db63f70fad91 O /home/capstone/project/test_files/000605.pdf.tmp_
[3502] 8f3db63f70fad91 C /home/capstone/project/test_files/000107.jpg.tmp_.README_TO_RESTORE
[3502] 8f3db63f70fad91 O /home/capstone/project/test_files/000107.jpg.tmp_.README_TO_RESTORE
[3502] 8f3db63f70fad91 C /home/capstone/project/test_files/000688.gif.tmp_.README_TO_RESTORE
[3502] 8f3db63f70fad91 O /home/capstone/project/test_files/000688.gif.tmp_.README_TO_RESTORE
[3502] 8f3db63f70fad91 C /home/capstone/project/test_files/000775.xls.tmp_.README_TO_RESTORE
[3502] 8f3db63f70fad91 O /home/capstone/project/test_files/000775.xls.tmp_.README_TO_RESTORE
[3502] 8f3db63f70fad91 O /home/capstone/project/test_files/000297.ppt
[3502] 8f3db63f70fad91 O /home/capstone/project/test_files/000297.ppt.tmp_
[3502] 8f3db63f70fad91 O /home/capstone/project/test_files/000501.txt
[3502] 8f3db63f70fad91 O /home/capstone/project/test_files/000501.txt.tmp_
[3502] 8f3db63f70fad91 O /home/capstone/project/test_files/000282.pdf
[3502] 8f3db63f70fad91 O /home/capstone/project/test_files/000282.pdf.tmp_
[3502] 8f3db63f70fad91 C /home/capstone/project/test_files/000462.txt.tmp_.README_TO_RESTORE
[3502] 8f3db63f70fad91 O /home/capstone/project/test_files/000462.txt.tmp_.README_TO_RESTORE
[3502] 8f3db63f70fad91 O /home/capstone/project/test_files/000016.pdf
[3502] 8f3db63f70fad91 O /home/capstone/project/test_files/000016.pdf.tmp_
[3502] 8f3db63f70fad91 O /home/capstone/project/test_files/000328.ppt
[3502] 8f3db63f70fad91 O /home/capstone/project/test_files/000328.ppt.tmp_
[3502] 8f3db63f70fad91 O /home/capstone/project/test_files/000801.doc
[3502] 8f3db63f70fad91 O /home/capstone/project/test_files/000801.doc.tmp_
[3502] 8f3db63f70fad91 O /home/capstone/project/test_files/000971.doc
[3502] 8f3db63f70fad91 O /home/capstone/project/test_files/000971.doc.tmp_
[3502] 8f3db63f70fad91 C /home/capstone/project/test_files/000550.jpg.tmp_.README_TO_RESTORE
[3502] 8f3db63f70fad91 O /home/capstone/project/test_files/000550.jpg.tmp_.README_TO_RESTORE
[3502] 8f3db63f70fad91 C /home/capstone/project/test_files/000016.pdf.tmp_.README_TO_RESTORE
[3502] 8f3db63f70fad91 O /home/capstone/project/test_files/000016.pdf.tmp_.README_TO_RESTORE
[3502] 8f3db63f70fad91 O /home/capstone/project/test_files/000593.pdf
[3502] 8f3db63f70fad91 O /home/capstone/project/test_files/000593.pdf.tmp_
[3502] 8f3db63f70fad91 O /home/capstone/project/test_files/000553.html
[3502] 8f3db63f70fad91 O /home/capstone/project/test_files/000553.html.tmp_
[3502] 8f3db63f70fad91 O /home/capstone/project/test_files/000112.wp
[3502] 8f3db63f70fad91 O /home/capstone/project/test_files/000112.wp.tmp_
[3502] 8f3db63f70fad91 C /home/capstone/project/test_files/000659.txt.tmp_.README_TO_RESTORE
[3502] 8f3db63f70fad91 O /home/capstone/project/test_files/000659.txt.tmp_.README_TO_RESTORE
[3502] 8f3db63f70fad91 O /home/capstone/project/test_files/000245.jpg
[3502] 8f3db63f70fad91 O /home/capstone/project/test_files/000245.jpg.tmp_
[3502] 8f3db63f70fad91 C /home/capstone/project/test_files/000287.doc.tmp_.README_TO_RESTORE
[3502] 8f3db63f70fad91 O /home/capstone/project/test_files/000287.doc.tmp_.README_TO_RESTORE
[3502] 8f3db63f70fad91 C /home/capstone/project/test_files/000417.jpg.tmp_.README_TO_RESTORE
[3502] 8f3db63f70fad91 O /home/capstone/project/test_files/000417.jpg.tmp_.README_TO_RESTORE
[3502] 8f3db63f70fad91 O /home/capstone/project/test_files/000148.doc
[3502] 8f3db63f70fad91 O /home/capstone/project/test_files/000148.doc.tmp_
[3502] 8f3db63f70fad91 C /home/capstone/project/test_files/000464.txt.tmp_.README_TO_RESTORE
[3502] 8f3db63f70fad91 O /home/capstone/project/test_files/000464.txt.tmp_.README_TO_RESTORE
[3502] 8f3db63f70fad91 C /home/capstone/project/test_files/000537.gif.tmp_.README_TO_RESTORE
[3502] 8f3db63f70fad91 O /home/capstone/project/test_files/000537.gif.tmp_.README_TO_RESTORE
[3502] 8f3db63f70fad91 O /home/capstone/project/test_files/000571.pdf
[3502] 8f3db63f70fad91 O /home/capstone/project/test_files/000571.pdf.tmp_
[3502] 8f3db63f70fad91 O /home/capstone/project/test_files/000607.html
[3502] 8f3db63f70fad91 O /home/capstone/project/test_files/000607.html.tmp_
[3502] 8f3db63f70fad91 O /home/capstone/project/test_files/000968.jpg
[3502] 8f3db63f70fad91 O /home/capstone/project/test_files/000968.jpg.tmp_
[3502] 8f3db63f70fad91 O /home/capstone/project/test_files/000505.jpg
[3502] 8f3db63f70fad91 O /home/capstone/project/test_files/000505.jpg.tmp_
[3502] 8f3db63f70fad91 O /home/capstone/project/test_files/000240.jpg
[3502] 8f3db63f70fad91 O /home/capstone/project/test_files/000240.jpg.tmp_
[3502] 8f3db63f70fad91 C /home/capstone/project/test_files/000946.doc.tmp_.README_TO_RESTORE
[3502] 8f3db63f70fad91 O /home/capstone/project/test_files/000946.doc.tmp_.README_TO_RESTORE
[3502] 8f3db63f70fad91 O /home/capstone/project/test_files/000158.doc
[3502] 8f3db63f70fad91 O /home/capstone/project/test_files/000158.doc.tmp_
[3502] 8f3db63f70fad91 O /home/capstone/project/test_files/000864.txt
[3502] 8f3db63f70fad91 O /home/capstone/project/test_files/000864.txt.tmp_
[3502] 8f3db63f70fad91 O /home/capstone/project/test_files/000075.html
[3502] 8f3db63f70fad91 O /home/capstone/project/test_files/000075.html.tmp_
[3502] 8f3db63f70fad91 C /home/capstone/project/test_files/000336.pdf.tmp_.README_TO_RESTORE
[3502] 8f3db63f70fad91 C /home/capstone/project/test_files/000220.txt.tmp_.README_TO_RESTORE
[3502] 8f3db63f70fad91 O /home/capstone/project/test_files/000220.txt.tmp_.README_TO_RESTORE
[3502] 8f3db63f70fad91 O /home/capstone/project/test_files/000635.html.tmp_.README_TO_RESTORE
[3502] 8f3db63f70fad91 O /home/capstone/project/test_files/000988.ppt.tmp_.README_TO_RESTORE
[3502] 8f3db63f70fad91 O /home/capstone/project/test_files/000575.csv
[3502] 8f3db63f70fad91 O /home/capstone/project/test_files/000575.csv.tmp_
[3502] 8f3db63f70fad91 O /home/capstone/project/test_files/000734.ps
[3502] 8f3db63f70fad91 O /home/capstone/project/test_files/000734.ps.tmp_
[3502] 8f3db63f70fad91 O /home/capstone/project/test_files/000330.ppt
[3502] 8f3db63f70fad91 O /home/capstone/project/test_files/000330.ppt.tmp_
[3502] 8f3db63f70fad91 O /home/capstone/project/test_files/000350.pdf
[3502] 8f3db63f70fad91 O /home/capstone/project/test_files/000350.pdf.tmp_
[3502] 8f3db63f70fad91 O /home/capstone/project/test_files/000486.txt
[3502] 8f3db63f70fad91 O /home/capstone/project/test_files/000486.txt.tmp_
[3502] 8f3db63f70fad91 O /home/capstone/project/test_files/000731.ps
[3502] 8f3db63f70fad91 O /home/capstone/project/test_files/000731.ps.tmp_
[3502] 8f3db63f70fad91 O /home/capstone/project/test_files/000336.pdf.tmp_.README_TO_RESTORE
[3502] 8f3db63f70fad91 O /home/capstone/project/test_files/000405.xls
[3502] 8f3db63f70fad91 O /home/capstone/project/test_files/000405.xls.tmp_
[3502] 8f3db63f70fad91 C /home/capstone/project/test_files/000575.csv.tmp_.README_TO_RESTORE
[3502] 8f3db63f70fad91 C /home/capstone/project/test_files/000154.doc.tmp_.README_TO_RESTORE
[3502] 8f3db63f70fad91 O /home/capstone/project/test_files/000154.doc.tmp_.README_TO_RESTORE
[3502] 8f3db63f70fad91 O /home/capstone/project/test_files/000575.csv.tmp_.README_TO_RESTORE
[3502] 8f3db63f70fad91 O /home/capstone/project/test_files/000622.txt
[3502] 8f3db63f70fad91 O /home/capstone/project/test_files/000622.txt.tmp_
[3502] 8f3db63f70fad91 C /home/capstone/project/test_files/000563.gif.tmp_.README_TO_RESTORE
[3502] 8f3db63f70fad91 O /home/capstone/project/test_files/000563.gif.tmp_.README_TO_RESTORE
[3502] 8f3db63f70fad91 C /home/capstone/project/test_files/000185.html.tmp_.README_TO_RESTORE
[3502] 8f3db63f70fad91 O /home/capstone/project/test_files/000185.html.tmp_.README_TO_RESTORE
[3502] 8f3db63f70fad91 C /home/capstone/project/test_files/000001.doc.tmp_.README_TO_RESTORE
[3502] 8f3db63f70fad91 O /home/capstone/project/test_files/000001.doc.tmp_.README_TO_RESTORE
[3502] 8f3db63f70fad91 O /home/capstone/project/test_files/000706.doc
[3502] 8f3db63f70fad91 O /home/capstone/project/test_files/000706.doc.tmp_
[3502] 8f3db63f70fad91 O /home/capstone/project/test_files/000997.ppt
[3502] 8f3db63f70fad91 O /home/capstone/project/test_files/000997.ppt.tmp_
[3502] 8f3db63f70fad91 O /home/capstone/project/test_files/000682.jpg
[3502] 8f3db63f70fad91 O /home/capstone/project/test_files/000682.jpg.tmp_
[3502] 8f3db63f70fad91 C /home/capstone/project/test_files/000168.pdf.tmp_.README_TO_RESTORE
[3502] 8f3db63f70fad91 O /home/capstone/project/test_files/000168.pdf.tmp_.README_TO_RESTORE
[3502] 8f3db63f70fad91 C /home/capstone/project/test_files/000396.xls.tmp_.README_TO_RESTORE
[3502] 8f3db63f70fad91 O /home/capstone/project/test_files/000396.xls.tmp_.README_TO_RESTORE
[3502] 8f3db63f70fad91 O /home/capstone/project/test_files/000429.html
[3502] 8f3db63f70fad91 O /home/capstone/project/test_files/000429.html.tmp_
[3502] 8f3db63f70fad91 C /home/capstone/project/test_files/000429.html.tmp_.README_TO_RESTORE
[3502] 8f3db63f70fad91 C /home/capstone/project/test_files/000126.doc.tmp_.README_TO_RESTORE
[3502] 8f3db63f70fad91 O /home/capstone/project/test_files/000126.doc.tmp_.README_TO_RESTORE
[3502] 8f3db63f70fad91 O /home/capstone/project/test_files/000038.xls
[3502] 8f3db63f70fad91 O /home/capstone/project/test_files/000038.xls.tmp_
[3502] 8f3db63f70fad91 O /home/capstone/project/test_files/000912.jpg
[3502] 8f3db63f70fad91 O /home/capstone/project/test_files/000912.jpg.tmp_
[3502] 8f3db63f70fad91 O /home/capstone/project/test_files/000429.html.tmp_.README_TO_RESTORE
[3502] 8f3db63f70fad91 O /home/capstone/project/test_files/000250.doc
[3502] 8f3db63f70fad91 O /home/capstone/project/test_files/000250.doc.tmp_
[3502] 8f3db63f70fad91 C /home/capstone/project/test_files/000824.html.tmp_.README_TO_RESTORE
[3502] 8f3db63f70fad91 O /home/capstone/project/test_files/000824.html.tmp_.README_TO_RESTORE
[3502] 8f3db63f70fad91 O /home/capstone/project/test_files/000791.html
[3502] 8f3db63f70fad91 O /home/capstone/project/test_files/000791.html.tmp_
[3502] 8f3db63f70fad91 O /home/capstone/project/test_files/000327.ppt
[3502] 8f3db63f70fad91 O /home/capstone/project/test_files/000327.ppt.tmp_
[3502] 8f3db63f70fad91 C /home/capstone/project/test_files/000932.txt.tmp_.README_TO_RESTORE
[3502] 8f3db63f70fad91 O /home/capstone/project/test_files/000932.txt.tmp_.README_TO_RESTORE
[3502] 8f3db63f70fad91 C /home/capstone/project/test_files/000284.txt.tmp_.README_TO_RESTORE
[3502] 8f3db63f70fad91 C /home/capstone/project/test_files/000898.html.tmp_.README_TO_RESTORE
[3502] 8f3db63f70fad91 O /home/capstone/project/test_files/000898.html.tmp_.README_TO_RESTORE
[3502] 8f3db63f70fad91 O /home/capstone/project/test_files/000284.txt.tmp_.README_TO_RESTORE
[3502] 8f3db63f70fad91 C /home/capstone/project/test_files/000836.txt.tmp_.README_TO_RESTORE
[3502] 8f3db63f70fad91 O /home/capstone/project/test_files/000836.txt.tmp_.README_TO_RESTORE
[3502] 8f3db63f70fad91 C /home/capstone/project/test_files/000985.ppt.tmp_.README_TO_RESTORE
[3502] 8f3db63f70fad91 O /home/capstone/project/test_files/000985.ppt.tmp_.README_TO_RESTORE
[3502] 8f3db63f70fad91 O /home/capstone/project/test_files/000965.doc
[3502] 8f3db63f70fad91 O /home/capstone/project/test_files/000965.doc.tmp_
[3502] 8f3db63f70fad91 O /home/capstone/project/test_files/000056.html
[3502] 8f3db63f70fad91 O /home/capstone/project/test_files/000056.html.tmp_
[3502] 8f3db63f70fad91 O /home/capstone/project/test_files/000610.pdf
[3502] 8f3db63f70fad91 O /home/capstone/project/test_files/000610.pdf.tmp_
[3502] 8f3db63f70fad91 C /home/capstone/project/test_files/000297.ppt.tmp_.README_TO_RESTORE
[3502] 8f3db63f70fad91 O /home/capstone/project/test_files/000297.ppt.tmp_.README_TO_RESTORE
[3502] 8f3db63f70fad91 C /home/capstone/project/test_files/000774.ps.tmp_.README_TO_RESTORE
[3502] 8f3db63f70fad91 O /home/capstone/project/test_files/000774.ps.tmp_.README_TO_RESTORE
[3502] 8f3db63f70fad91 C /home/capstone/project/test_files/000973.doc.tmp_.README_TO_RESTORE
[3502] 8f3db63f70fad91 O /home/capstone/project/test_files/000973.doc.tmp_.README_TO_RESTORE
[3502] 8f3db63f70fad91 O /home/capstone/project/test_files/000394.xls
[3502] 8f3db63f70fad91 O /home/capstone/project/test_files/000394.xls.tmp_
[3502] 8f3db63f70fad91 O /home/capstone/project/test_files/000450.html
[3502] 8f3db63f70fad91 O /home/capstone/project/test_files/000450.html.tmp_
[3502] 8f3db63f70fad91 O /home/capstone/project/test_files/000279.doc
[3502] 8f3db63f70fad91 O /home/capstone/project/test_files/000279.doc.tmp_
[3502] 8f3db63f70fad91 O /home/capstone/project/test_files/000459.html
[3502] 8f3db63f70fad91 O /home/capstone/project/test_files/000459.html.tmp_
[3502] 8f3db63f70fad91 O /home/capstone/project/test_files/000100.doc
[3502] 8f3db63f70fad91 O /home/capstone/project/test_files/000100.doc.tmp_
[3502] 8f3db63f70fad91 C /home/capstone/project/test_files/000791.html.tmp_.README_TO_RESTORE
[3502] 8f3db63f70fad91 O /home/capstone/project/test_files/000791.html.tmp_.README_TO_RESTORE
[3502] 8f3db63f70fad91 C /home/capstone/project/test_files/000636.html.tmp_.README_TO_RESTORE
[3502] 8f3db63f70fad91 O /home/capstone/project/test_files/000636.html.tmp_.README_TO_RESTORE
[3502] 8f3db63f70fad91 C /home/capstone/project/test_files/000077.html.tmp_.README_TO_RESTORE
[3502] 8f3db63f70fad91 O /home/capstone/project/test_files/000077.html.tmp_.README_TO_RESTORE
[3502] 8f3db63f70fad91 O /home/capstone/project/test_files/000948.doc
[3502] 8f3db63f70fad91 O /home/capstone/project/test_files/000948.doc.tmp_
[3502] 8f3db63f70fad91 O /home/capstone/project/test_files/000271.doc
[3502] 8f3db63f70fad91 O /home/capstone/project/test_files/000271.doc.tmp_
[3502] 8f3db63f70fad91 O /home/capstone/project/test_files/000136.html
[3502] 8f3db63f70fad91 O /home/capstone/project/test_files/000136.html.tmp_
[3502] 8f3db63f70fad91 O /home/capstone/project/test_files/000821.html
[3502] 8f3db63f70fad91 O /home/capstone/project/test_files/000821.html.tmp_
[3502] 8f3db63f70fad91 O /home/capstone/project/test_files/000408.xls
[3502] 8f3db63f70fad91 O /home/capstone/project/test_files/000408.xls.tmp_
[3502] 8f3db63f70fad91 C /home/capstone/project/test_files/000605.pdf.tmp_.README_TO_RESTORE
[3502] 8f3db63f70fad91 C /home/capstone/project/test_files/000622.txt.tmp_.README_TO_RESTORE
[3502] 8f3db63f70fad91 C /home/capstone/project/test_files/000312.ppt.tmp_.README_TO_RESTORE
[3502] 8f3db63f70fad91 O /home/capstone/project/test_files/000622.txt.tmp_.README_TO_RESTORE
[3502] 8f3db63f70fad91 O /home/capstone/project/test_files/000605.pdf.tmp_.README_TO_RESTORE
[3502] 8f3db63f70fad91 O /home/capstone/project/test_files/000566.pdf
[3502] 8f3db63f70fad91 O /home/capstone/project/test_files/000566.pdf.tmp_
[3502] 8f3db63f70fad91 C /home/capstone/project/test_files/000281.doc.tmp_.README_TO_RESTORE
[3502] 8f3db63f70fad91 O /home/capstone/project/test_files/000281.doc.tmp_.README_TO_RESTORE
[3502] 8f3db63f70fad91 O /home/capstone/project/test_files/000906.jpg
[3502] 8f3db63f70fad91 O /home/capstone/project/test_files/000906.jpg.tmp_
[3502] 8f3db63f70fad91 O /home/capstone/project/test_files/000235.jpg
[3502] 8f3db63f70fad91 O /home/capstone/project/test_files/000235.jpg.tmp_
[3502] 8f3db63f70fad91 O /home/capstone/project/test_files/000312.ppt.tmp_.README_TO_RESTORE
[3502] 8f3db63f70fad91 C /home/capstone/project/test_files/000739.pdf.tmp_.README_TO_RESTORE
[3502] 8f3db63f70fad91 C /home/capstone/project/test_files/000571.pdf.tmp_.README_TO_RESTORE
[3502] 8f3db63f70fad91 O /home/capstone/project/test_files/000571.pdf.tmp_.README_TO_RESTORE
[3502] 8f3db63f70fad91 C /home/capstone/project/test_files/000678.doc.tmp_.README_TO_RESTORE
[3502] 8f3db63f70fad91 O /home/capstone/project/test_files/000678.doc.tmp_.README_TO_RESTORE
[3502] 8f3db63f70fad91 O /home/capstone/project/test_files/000739.pdf.tmp_.README_TO_RESTORE
[3502] 8f3db63f70fad91 O /home/capstone/project/test_files/000903.jpg
[3502] 8f3db63f70fad91 O /home/capstone/project/test_files/000903.jpg.tmp_
[3502] 8f3db63f70fad91 O /home/capstone/project/test_files/000024.pdf
[3502] 8f3db63f70fad91 O /home/capstone/project/test_files/000024.pdf.tmp_
[3502] 8f3db63f70fad91 O /home/capstone/project/test_files/000713.ppt
[3502] 8f3db63f70fad91 O /home/capstone/project/test_files/000713.ppt.tmp_
[3502] 8f3db63f70fad91 C /home/capstone/project/test_files/000350.pdf.tmp_.README_TO_RESTORE
[3502] 8f3db63f70fad91 C /home/capstone/project/test_files/000402.xls.tmp_.README_TO_RESTORE
[3502] 8f3db63f70fad91 O /home/capstone/project/test_files/000402.xls.tmp_.README_TO_RESTORE
[3502] 8f3db63f70fad91 O /home/capstone/project/test_files/000350.pdf.tmp_.README_TO_RESTORE
[3502] 8f3db63f70fad91 O /home/capstone/project/test_files/000064.html
[3502] 8f3db63f70fad91 O /home/capstone/project/test_files/000064.html.tmp_
[3502] 8f3db63f70fad91 O /home/capstone/project/test_files/000757.pdf
[3502] 8f3db63f70fad91 O /home/capstone/project/test_files/000757.pdf.tmp_
[3502] 8f3db63f70fad91 O /home/capstone/project/test_files/000925.txt
[3502] 8f3db63f70fad91 C /home/capstone/project/test_files/000250.doc.tmp_.README_TO_RESTORE
[3502] 8f3db63f70fad91 O /home/capstone/project/test_files/000250.doc.tmp_.README_TO_RESTORE
[3502] 8f3db63f70fad91 C /home/capstone/project/test_files/000120.doc.tmp_.README_TO_RESTORE
[3502] 8f3db63f70fad91 O /home/capstone/project/test_files/000120.doc.tmp_.README_TO_RESTORE
[3502] 8f3db63f70fad91 O /home/capstone/project/test_files/000925.txt.tmp_
[3502] 8f3db63f70fad91 O /home/capstone/project/test_files/000632.pdf
[3502] 8f3db63f70fad91 O /home/capstone/project/test_files/000632.pdf.tmp_
[3502] 8f3db63f70fad91 O /home/capstone/project/test_files/000569.pdf
[3502] 8f3db63f70fad91 O /home/capstone/project/test_files/000569.pdf.tmp_
[3502] 8f3db63f70fad91 O /home/capstone/project/test_files/000555.html
[3502] 8f3db63f70fad91 O /home/capstone/project/test_files/000555.html.tmp_
[3502] 8f3db63f70fad91 C /home/capstone/project/test_files/000282.pdf.tmp_.README_TO_RESTORE
[3502] 8f3db63f70fad91 O /home/capstone/project/test_files/000282.pdf.tmp_.README_TO_RESTORE
[3502] 8f3db63f70fad91 C /home/capstone/project/test_files/000553.html.tmp_.README_TO_RESTORE
[3502] 8f3db63f70fad91 O /home/capstone/project/test_files/000553.html.tmp_.README_TO_RESTORE
[3502] 8f3db63f70fad91 O /home/capstone/project/test_files/000111.doc
[3502] 8f3db63f70fad91 O /home/capstone/project/test_files/000111.doc.tmp_
[3502] 8f3db63f70fad91 C /home/capstone/project/test_files/000607.html.tmp_.README_TO_RESTORE
[3502] 8f3db63f70fad91 O /home/capstone/project/test_files/000607.html.tmp_.README_TO_RESTORE
[3502] 8f3db63f70fad91 O /home/capstone/project/test_files/000302.ppt
[3502] 8f3db63f70fad91 O /home/capstone/project/test_files/000611.html
[3502] 8f3db63f70fad91 O /home/capstone/project/test_files/000611.html.tmp_
[3502] 8f3db63f70fad91 O /home/capstone/project/test_files/000302.ppt.tmp_
[3502] 8f3db63f70fad91 O /home/capstone/project/test_files/000146.pdf
[3502] 8f3db63f70fad91 O /home/capstone/project/test_files/000146.pdf.tmp_
[3502] 8f3db63f70fad91 O /home/capstone/project/test_files/000500.txt
[3502] 8f3db63f70fad91 O /home/capstone/project/test_files/000500.txt.tmp_
[3502] 8f3db63f70fad91 C /home/capstone/project/test_files/000038.xls.tmp_.README_TO_RESTORE
[3502] 8f3db63f70fad91 O /home/capstone/project/test_files/000038.xls.tmp_.README_TO_RESTORE
[3502] 8f3db63f70fad91 O /home/capstone/project/test_files/000128.doc
[3502] 8f3db63f70fad91 O /home/capstone/project/test_files/000128.doc.tmp_
[3502] 8f3db63f70fad91 O /home/capstone/project/test_files/000344.pdf
[3502] 8f3db63f70fad91 O /home/capstone/project/test_files/000344.pdf.tmp_
[3502] 8f3db63f70fad91 C /home/capstone/project/test_files/000801.doc.tmp_.README_TO_RESTORE
[3502] 8f3db63f70fad91 O /home/capstone/project/test_files/000801.doc.tmp_.README_TO_RESTORE
[3502] 8f3db63f70fad91 C /home/capstone/project/test_files/000075.html.tmp_.README_TO_RESTORE
[3502] 8f3db63f70fad91 O /home/capstone/project/test_files/000075.html.tmp_.README_TO_RESTORE
[3502] 8f3db63f70fad91 C /home/capstone/project/test_files/000965.doc.tmp_.README_TO_RESTORE
[3502] 8f3db63f70fad91 O /home/capstone/project/test_files/000965.doc.tmp_.README_TO_RESTORE
[3502] 8f3db63f70fad91 C /home/capstone/project/test_files/000734.ps.tmp_.README_TO_RESTORE
[3502] 8f3db63f70fad91 O /home/capstone/project/test_files/000734.ps.tmp_.README_TO_RESTORE
[3502] 8f3db63f70fad91 C /home/capstone/project/test_files/000330.ppt.tmp_.README_TO_RESTORE
[3502] 8f3db63f70fad91 O /home/capstone/project/test_files/000330.ppt.tmp_.README_TO_RESTORE
[3502] 8f3db63f70fad91 C /home/capstone/project/test_files/000344.pdf.tmp_.README_TO_RESTORE
[3502] 8f3db63f70fad91 O /home/capstone/project/test_files/000344.pdf.tmp_.README_TO_RESTORE
[3502] 8f3db63f70fad91 C /home/capstone/project/test_files/000757.pdf.tmp_.README_TO_RESTORE
[3502] 8f3db63f70fad91 O /home/capstone/project/test_files/000757.pdf.tmp_.README_TO_RESTORE
[3502] 8f3db63f70fad91 C /home/capstone/project/test_files/000064.html.tmp_.README_TO_RESTORE
[3502] 8f3db63f70fad91 O /home/capstone/project/test_files/000064.html.tmp_.README_TO_RESTORE
[3502] 8f3db63f70fad91 O /home/capstone/project/test_files/000448.html
[3502] 8f3db63f70fad91 O /home/capstone/project/test_files/000639.html
[3502] 8f3db63f70fad91 O /home/capstone/project/test_files/000448.html.tmp_
[3502] 8f3db63f70fad91 O /home/capstone/project/test_files/000639.html.tmp_
[3502] 8f3db63f70fad91 O /home/capstone/project/test_files/000008.ppt
[3502] 8f3db63f70fad91 O /home/capstone/project/test_files/000008.ppt.tmp_
[3502] 8f3db63f70fad91 O /home/capstone/project/test_files/000086.txt
[3502] 8f3db63f70fad91 O /home/capstone/project/test_files/000086.txt.tmp_
[3502] 8f3db63f70fad91 O /home/capstone/project/test_files/000041.xls
[3502] 8f3db63f70fad91 O /home/capstone/project/test_files/000041.xls.tmp_
[3502] 8f3db63f70fad91 O /home/capstone/project/test_files/000785.html
[3502] 8f3db63f70fad91 O /home/capstone/project/test_files/000785.html.tmp_
[3502] 8f3db63f70fad91 C /home/capstone/project/test_files/000450.html.tmp_.README_TO_RESTORE
[3502] 8f3db63f70fad91 O /home/capstone/project/test_files/000450.html.tmp_.README_TO_RESTORE
[3502] 8f3db63f70fad91 C /home/capstone/project/test_files/000569.pdf.tmp_.README_TO_RESTORE
[3502] 8f3db63f70fad91 O /home/capstone/project/test_files/000569.pdf.tmp_.README_TO_RESTORE
[3502] 8f3db63f70fad91 O /home/capstone/project/test_files/000020.pdf
[3502] 8f3db63f70fad91 O /home/capstone/project/test_files/000020.pdf.tmp_
[3502] 8f3db63f70fad91 O /home/capstone/project/test_files/000011.pdf
[3502] 8f3db63f70fad91 O /home/capstone/project/test_files/000011.pdf.tmp_
[3502] 8f3db63f70fad91 C /home/capstone/project/test_files/000538.gif.tmp_.README_TO_RESTORE
[3502] 8f3db63f70fad91 O /home/capstone/project/test_files/000538.gif.tmp_.README_TO_RESTORE
[3502] 8f3db63f70fad91 C /home/capstone/project/test_files/000979.doc.tmp_.README_TO_RESTORE
[3502] 8f3db63f70fad91 O /home/capstone/project/test_files/000979.doc.tmp_.README_TO_RESTORE
[3502] 8f3db63f70fad91 C /home/capstone/project/test_files/000011.pdf.tmp_.README_TO_RESTORE
[3502] 8f3db63f70fad91 O /home/capstone/project/test_files/000011.pdf.tmp_.README_TO_RESTORE
[3502] 8f3db63f70fad91 C /home/capstone/project/test_files/000123.html.tmp_.README_TO_RESTORE
[3502] 8f3db63f70fad91 O /home/capstone/project/test_files/000123.html.tmp_.README_TO_RESTORE
[3502] 8f3db63f70fad91 O /home/capstone/project/test_files/000910.jpg
[3502] 8f3db63f70fad91 O /home/capstone/project/test_files/000230.txt
[3502] 8f3db63f70fad91 O /home/capstone/project/test_files/000230.txt.tmp_
[3502] 8f3db63f70fad91 O /home/capstone/project/test_files/000910.jpg.tmp_
[3502] 8f3db63f70fad91 O /home/capstone/project/test_files/000930.txt
[3502] 8f3db63f70fad91 O /home/capstone/project/test_files/000930.txt.tmp_
[3502] 8f3db63f70fad91 C /home/capstone/project/test_files/000245.jpg.tmp_.README_TO_RESTORE
[3502] 8f3db63f70fad91 O /home/capstone/project/test_files/000245.jpg.tmp_.README_TO_RESTORE
[3502] 8f3db63f70fad91 C /home/capstone/project/test_files/000408.xls.tmp_.README_TO_RESTORE
[3502] 8f3db63f70fad91 O /home/capstone/project/test_files/000408.xls.tmp_.README_TO_RESTORE
[3502] 8f3db63f70fad91 O /home/capstone/project/test_files/000031.xls
[3502] 8f3db63f70fad91 O /home/capstone/project/test_files/000031.xls.tmp_
[3502] 8f3db63f70fad91 O /home/capstone/project/test_files/000606.pdf
[3502] 8f3db63f70fad91 O /home/capstone/project/test_files/000606.pdf.tmp_
[3502] 8f3db63f70fad91 O /home/capstone/project/test_files/000211.html
[3502] 8f3db63f70fad91 O /home/capstone/project/test_files/000211.html.tmp_
[3502] 8f3db63f70fad91 C /home/capstone/project/test_files/000484.txt.tmp_.README_TO_RESTORE
[3502] 8f3db63f70fad91 O /home/capstone/project/test_files/000484.txt.tmp_.README_TO_RESTORE
[3502] 8f3db63f70fad91 C /home/capstone/project/test_files/000158.doc.tmp_.README_TO_RESTORE
[3502] 8f3db63f70fad91 O /home/capstone/project/test_files/000158.doc.tmp_.README_TO_RESTORE
[3502] 8f3db63f70fad91 C /home/capstone/project/test_files/000260.doc.tmp_.README_TO_RESTORE
[3502] 8f3db63f70fad91 O /home/capstone/project/test_files/000260.doc.tmp_.README_TO_RESTORE
[3502] 8f3db63f70fad91 O /home/capstone/project/test_files/000882.pdf.tmp_.README_TO_RESTORE
[3502] 8f3db63f70fad91 O /home/capstone/project/test_files/000347.pdf
[3502] 8f3db63f70fad91 O /home/capstone/project/test_files/000347.pdf.tmp_
[3502] 8f3db63f70fad91 O /home/capstone/project/test_files/000081.txt
[3502] 8f3db63f70fad91 O /home/capstone/project/test_files/000081.txt.tmp_
[3502] 8f3db63f70fad91 C /home/capstone/project/test_files/000020.pdf.tmp_.README_TO_RESTORE
[3502] 8f3db63f70fad91 O /home/capstone/project/test_files/000020.pdf.tmp_.README_TO_RESTORE
[3502] 8f3db63f70fad91 C /home/capstone/project/test_files/000610.pdf.tmp_.README_TO_RESTORE
[3502] 8f3db63f70fad91 O /home/capstone/project/test_files/000610.pdf.tmp_.README_TO_RESTORE
[3502] 8f3db63f70fad91 O /home/capstone/project/test_files/000145.pdf
[3502] 8f3db63f70fad91 O /home/capstone/project/test_files/000145.pdf.tmp_
[3502] 8f3db63f70fad91 O /home/capstone/project/test_files/000151.doc
[3502] 8f3db63f70fad91 O /home/capstone/project/test_files/000151.doc.tmp_
[3502] 8f3db63f70fad91 O /home/capstone/project/test_files/000503.txt
[3502] 8f3db63f70fad91 C /home/capstone/project/test_files/000230.txt.tmp_.README_TO_RESTORE
[3502] 8f3db63f70fad91 O /home/capstone/project/test_files/000230.txt.tmp_.README_TO_RESTORE
[3502] 8f3db63f70fad91 C /home/capstone/project/test_files/000963.doc.tmp_.README_TO_RESTORE
[3502] 8f3db63f70fad91 O /home/capstone/project/test_files/000963.doc.tmp_.README_TO_RESTORE
[3502] 8f3db63f70fad91 C /home/capstone/project/test_files/000347.pdf.tmp_.README_TO_RESTORE
[3502] 8f3db63f70fad91 O /home/capstone/project/test_files/000347.pdf.tmp_.README_TO_RESTORE
[3502] 8f3db63f70fad91 O /home/capstone/project/test_files/000274.doc.tmp_.README_TO_RESTORE
[3502] 8f3db63f70fad91 C /home/capstone/project/test_files/000562.pdf.tmp_.README_TO_RESTORE
[3502] 8f3db63f70fad91 O /home/capstone/project/test_files/000562.pdf.tmp_.README_TO_RESTORE
[3502] 8f3db63f70fad91 C /home/capstone/project/test_files/000921.txt.tmp_.README_TO_RESTORE
[3502] 8f3db63f70fad91 O /home/capstone/project/test_files/000145.pdf.tmp_.README_TO_RESTORE
[3502] 8f3db63f70fad91 C /home/capstone/project/test_files/000761.pdf.tmp_.README_TO_RESTORE
[3502] 8f3db63f70fad91 O /home/capstone/project/test_files/000761.pdf.tmp_.README_TO_RESTORE
[3502] 8f3db63f70fad91 C /home/capstone/project/test_files/000847.txt.tmp_.README_TO_RESTORE
[3502] 8f3db63f70fad91 O /home/capstone/project/test_files/000847.txt.tmp_.README_TO_RESTORE
[3502] 8f3db63f70fad91 O /home/capstone/project/test_files/000614.jpg
[3502] 8f3db63f70fad91 O /home/capstone/project/test_files/000614.jpg.tmp_
[3502] 8f3db63f70fad91 O /home/capstone/project/test_files/000081.txt.tmp_.README_TO_RESTORE
[3502] 8f3db63f70fad91 C /home/capstone/project/test_files/000501.txt.tmp_.README_TO_RESTORE
[3502] 8f3db63f70fad91 C /home/capstone/project/test_files/000647.txt.tmp_.README_TO_RESTORE
[3502] 8f3db63f70fad91 O /home/capstone/project/test_files/000647.txt.tmp_.README_TO_RESTORE
[3502] 8f3db63f70fad91 O /home/capstone/project/test_files/000968.jpg.tmp_.README_TO_RESTORE
[3502] 8f3db63f70fad91 O /home/capstone/project/test_files/000501.txt.tmp_.README_TO_RESTORE
[3502] 8f3db63f70fad91 O /home/capstone/project/test_files/000211.html.tmp_.README_TO_RESTORE
[3502] 8f3db63f70fad91 O /home/capstone/project/test_files/000772.ps.tmp_.README_TO_RESTORE
[3502] 8f3db63f70fad91 O /home/capstone/project/test_files/000921.txt.tmp_.README_TO_RESTORE
[3502] 8f3db63f70fad91 O /home/capstone/project/test_files/000100.doc.tmp_.README_TO_RESTORE
[3502] 8f3db63f70fad91 O /home/capstone/project/test_files/000884.jpg.tmp_.README_TO_RESTORE
[3502] 8f3db63f70fad91 O /home/capstone/project/test_files/000925.txt.tmp_.README_TO_RESTORE
[3502] 8f3db63f70fad91 O /home/capstone/project/test_files/000128.doc.tmp_.README_TO_RESTORE
[3502] 8f3db63f70fad91 O /home/capstone/project/test_files/000470.txt.tmp_.README_TO_RESTORE
[3502] 8f3db63f70fad91 O /home/capstone/project/test_files/000500.txt.tmp_.README_TO_RESTORE
[3502] 8f3db63f70fad91 O /home/capstone/project/test_files/000864.txt.tmp_.README_TO_RESTORE
[3502] 8f3db63f70fad91 O /home/capstone/project/test_files/000143.pdf.tmp_.README_TO_RESTORE
[2217] dbus-daemon O /home/capstone/.local/share/dbus-1/services
