[10458] sudo C /home/capstone/.sudo_as_admin_successful
[10460] command-not-fou O /home/capstone/.command-not-found.blacklist
[10472] sudo C /home/capstone/.sudo_as_admin_successful
[8185] pool-org.gnome. O /home/capstone/project/malware/IceFire/.hidden
[8185] pool-org.gnome. O /home/capstone/project/malware/IceFire/iFire.pid
[8185] pool-org.gnome. O /home/capstone/project/malware/IceFire/iFire.pid
[8185] pool-org.gnome. O /home/capstone/project/malware/IceFire/iFire.pid
[8185] pool-org.gnome. O /home/capstone/project/malware/IceFire/iFire.pid
[10474] e9cc7fdfa3cf40f C /home/capstone/iFire-readme.txt
[10474] e9cc7fdfa3cf40f O /home/capstone/.config
[10474] e9cc7fdfa3cf40f C /home/capstone/.config/iFire-readme.txt
[10474] e9cc7fdfa3cf40f O /home/capstone/.config/ubuntu-xdg-terminals.list
[10474] e9cc7fdfa3cf40f O /home/capstone/.config/user-dirs.dirs
[10474] e9cc7fdfa3cf40f O /home/capstone/.config/user-dirs.locale
[10474] e9cc7fdfa3cf40f O /home/capstone/.config/xdg-terminals.list
[10474] e9cc7fdfa3cf40f O /home/capstone/.config/GNOME-xdg-terminals.list
[10474] e9cc7fdfa3cf40f O /home/capstone/.config/dconf
[10474] e9cc7fdfa3cf40f C /home/capstone/.config/dconf/iFire-readme.txt
[10474] e9cc7fdfa3cf40f O /home/capstone/.config/evolution
[10474] e9cc7fdfa3cf40f C /home/capstone/.config/evolution/iFire-readme.txt
[10474] e9cc7fdfa3cf40f O /home/capstone/.config/evolution/sources
[10474] e9cc7fdfa3cf40f C /home/capstone/.config/evolution/sources/iFire-readme.txt
[10474] e9cc7fdfa3cf40f O /home/capstone/.config/goa-1.0
[10474] e9cc7fdfa3cf40f C /home/capstone/.config/goa-1.0/iFire-readme.txt
[10474] e9cc7fdfa3cf40f O /home/capstone/.config/nautilus
[10474] e9cc7fdfa3cf40f C /home/capstone/.config/nautilus/iFire-readme.txt
[10474] e9cc7fdfa3cf40f O /home/capstone/.config/gnome-session
[10474] e9cc7fdfa3cf40f C /home/capstone/.config/gnome-session/iFire-readme.txt
[10474] e9cc7fdfa3cf40f O /home/capstone/.config/gnome-session/saved-session
[10474] e9cc7fdfa3cf40f C /home/capstone/.config/gnome-session/saved-session/iFire-readme.txt
[10474] e9cc7fdfa3cf40f O /home/capstone/.config/systemd
[10474] e9cc7fdfa3cf40f C /home/capstone/.config/systemd/iFire-readme.txt
[10474] e9cc7fdfa3cf40f O /home/capstone/.config/systemd/user
[10474] e9cc7fdfa3cf40f C /home/capstone/.config/systemd/user/iFire-readme.txt
[10474] e9cc7fdfa3cf40f O /home/capstone/.config/systemd/user/default.target.wants
[10474] e9cc7fdfa3cf40f C /home/capstone/.config/systemd/user/default.target.wants/iFire-readme.txt
[10474] e9cc7fdfa3cf40f O /home/capstone/.config/systemd/user/timers.target.wants
[10474] e9cc7fdfa3cf40f C /home/capstone/.config/systemd/user/timers.target.wants/iFire-readme.txt
[10474] e9cc7fdfa3cf40f O /home/capstone/.config/tiling-assistant
[10474] e9cc7fdfa3cf40f C /home/capstone/.config/tiling-assistant/iFire-readme.txt
[10474] e9cc7fdfa3cf40f O /home/capstone/.config/tiling-assistant/tiledSessionRestore.json
[10474] e9cc7fdfa3cf40f O /home/capstone/.config/update-notifier
[10474] e9cc7fdfa3cf40f C /home/capstone/.config/update-notifier/iFire-readme.txt
[10474] e9cc7fdfa3cf40f O /home/capstone/.config/gtk-3.0
[10474] e9cc7fdfa3cf40f C /home/capstone/.config/gtk-3.0/iFire-readme.txt
[10474] e9cc7fdfa3cf40f O /home/capstone/.config/ibus
[10474] e9cc7fdfa3cf40f C /home/capstone/.config/ibus/iFire-readme.txt
[10474] e9cc7fdfa3cf40f O /home/capstone/.config/ibus/bus
[10474] e9cc7fdfa3cf40f C /home/capstone/.config/ibus/bus/iFire-readme.txt
[10474] e9cc7fdfa3cf40f O /home/capstone/.config/gtk-4.0
[10474] e9cc7fdfa3cf40f C /home/capstone/.config/gtk-4.0/iFire-readme.txt
[10474] e9cc7fdfa3cf40f O /home/capstone/.config/pulse
[365] systemd-journal D /run/systemd/journal/streams/9:75159
[10474] e9cc7fdfa3cf40f C /home/capstone/.config/pulse/iFire-readme.txt
[10474] e9cc7fdfa3cf40f O /home/capstone/.config/enchant
[10474] e9cc7fdfa3cf40f C /home/capstone/.config/enchant/iFire-readme.txt
[10474] e9cc7fdfa3cf40f O /home/capstone/Downloads
[10474] e9cc7fdfa3cf40f C /home/capstone/Downloads/iFire-readme.txt
[10474] e9cc7fdfa3cf40f O /home/capstone/Downloads/000.zip
[8185] nautilus O /home/capstone/.config/ubuntu-mimeapps.list
[8185] nautilus O /home/capstone/.config/gnome-mimeapps.list
[8185] nautilus O /home/capstone/.config/mimeapps.list
[10474] e9cc7fdfa3cf40f O /home/capstone/Downloads/000
[10474] e9cc7fdfa3cf40f O /home/capstone/.cache
[10474] e9cc7fdfa3cf40f C /home/capstone/.cache/iFire-readme.txt
[10474] e9cc7fdfa3cf40f O /home/capstone/.cache/tracker3
[10474] e9cc7fdfa3cf40f O /home/capstone/.cache/vmware
[10474] e9cc7fdfa3cf40f O /home/capstone/.cache/evolution
[10474] e9cc7fdfa3cf40f C /home/capstone/.cache/evolution/iFire-readme.txt
[10474] e9cc7fdfa3cf40f O /home/capstone/.cache/evolution/calendar
[10474] e9cc7fdfa3cf40f O /home/capstone/.cache/evolution/tasks
[10474] e9cc7fdfa3cf40f C /home/capstone/.cache/tracker3/iFire-readme.txt
[10474] e9cc7fdfa3cf40f O /home/capstone/.cache/tracker3/files
[10474] e9cc7fdfa3cf40f C /home/capstone/.cache/evolution/calendar/iFire-readme.txt
[10474] e9cc7fdfa3cf40f O /home/capstone/.cache/evolution/memos/trash
[10474] e9cc7fdfa3cf40f C /home/capstone/.cache/evolution/memos/trash/iFire-readme.txt
[10474] e9cc7fdfa3cf40f O /home/capstone/.cache/evolution/mail
[10474] e9cc7fdfa3cf40f C /home/capstone/.cache/tracker3/files/iFire-readme.txt
[10474] e9cc7fdfa3cf40f O /home/capstone/.cache/tracker3/files/http%3A%2F%2Ftracker.api.gnome.org%2Fontology%2Fv3%2Ftracker%23Video.db
[10474] e9cc7fdfa3cf40f O /home/capstone/.cache/evolution/addressbook/trash
[10474] e9cc7fdfa3cf40f C /home/capstone/.cache/evolution/addressbook/trash/iFire-readme.txt
[10474] e9cc7fdfa3cf40f O /home/capstone/.cache/evolution/sources
[10474] e9cc7fdfa3cf40f C /home/capstone/.cache/vmware/iFire-readme.txt
[10474] e9cc7fdfa3cf40f O /home/capstone/.cache/vmware/drag_and_drop
[10474] e9cc7fdfa3cf40f C /home/capstone/.cache/vmware/drag_and_drop/iFire-readme.txt
[10474] e9cc7fdfa3cf40f O /home/capstone/.cache/vmware/drag_and_drop/DldFka
[10474] e9cc7fdfa3cf40f C /home/capstone/.cache/evolution/sources/iFire-readme.txt
[10474] e9cc7fdfa3cf40f O /home/capstone/.cache/evolution/sources/trash
[10474] e9cc7fdfa3cf40f C /home/capstone/.cache/evolution/sources/trash/iFire-readme.txt
[10474] e9cc7fdfa3cf40f O /home/capstone/.cache/update-manager-core
[10474] e9cc7fdfa3cf40f C /home/capstone/.cache/vmware/drag_and_drop/DldFka/iFire-readme.txt
[10474] e9cc7fdfa3cf40f O /home/capstone/.cache/pip
[10474] e9cc7fdfa3cf40f C /home/capstone/.cache/evolution/mail/iFire-readme.txt
[10474] e9cc7fdfa3cf40f O /home/capstone/.cache/evolution/mail/trash
[10474] e9cc7fdfa3cf40f C /home/capstone/.cache/evolution/tasks/iFire-readme.txt
[10474] e9cc7fdfa3cf40f O /home/capstone/.cache/evolution/tasks/trash
[10474] e9cc7fdfa3cf40f C /home/capstone/.cache/evolution/tasks/trash/iFire-readme.txt
[10474] e9cc7fdfa3cf40f O /home/capstone/.cache/gstreamer-1.0
[10474] e9cc7fdfa3cf40f C /home/capstone/.cache/update-manager-core/iFire-readme.txt
[10474] e9cc7fdfa3cf40f O /home/capstone/.cache/gnome-desktop-thumbnailer
[10474] e9cc7fdfa3cf40f O /home/capstone/.cache/tracker3/files/http%3A%2F%2Ftracker.api.gnome.org%2Fontology%2Fv3%2Ftracker%23Pictures.db
[10474] e9cc7fdfa3cf40f C /home/capstone/.cache/gnome-desktop-thumbnailer/iFire-readme.txt
[10474] e9cc7fdfa3cf40f O /home/capstone/.cache/gnome-desktop-thumbnailer/gstreamer-1.0
[10474] e9cc7fdfa3cf40f C /home/capstone/.cache/gnome-desktop-thumbnailer/gstreamer-1.0/iFire-readme.txt
[10474] e9cc7fdfa3cf40f O /home/capstone/.cache/ibus-table
[10474] e9cc7fdfa3cf40f C /home/capstone/.cache/ibus-table/iFire-readme.txt
[10474] e9cc7fdfa3cf40f O /home/capstone/.cache/ibus
[10474] e9cc7fdfa3cf40f O /home/capstone/.cache/tracker3/files/http%3A%2F%2Ftracker.api.gnome.org%2Fontology%2Fv3%2Ftracker%23Documents.db
[10474] e9cc7fdfa3cf40f C /home/capstone/.cache/evolution/mail/trash/iFire-readme.txt
[10474] e9cc7fdfa3cf40f O /home/capstone/test
[10474] e9cc7fdfa3cf40f C /home/capstone/test/iFire-readme.txt
[10474] e9cc7fdfa3cf40f O /home/capstone/test/file4.txt.enc
[10474] e9cc7fdfa3cf40f C /home/capstone/.cache/pip/iFire-readme.txt
[10474] e9cc7fdfa3cf40f O /home/capstone/.cache/pip/http-v2
[10474] e9cc7fdfa3cf40f C /home/capstone/.cache/gstreamer-1.0/iFire-readme.txt
[10474] e9cc7fdfa3cf40f O /home/capstone/.cache/gstreamer-1.0/registry.x86_64.bin
[10474] e9cc7fdfa3cf40f C /home/capstone/.cache/pip/http-v2/iFire-readme.txt
[10474] e9cc7fdfa3cf40f O /home/capstone/.cache/pip/http-v2/3
[10474] e9cc7fdfa3cf40f C /home/capstone/.cache/ibus/iFire-readme.txt
[10474] e9cc7fdfa3cf40f O /home/capstone/.cache/ibus/bus
[10474] e9cc7fdfa3cf40f O /home/capstone/.cache/evolution/memos
[10474] e9cc7fdfa3cf40f C /home/capstone/.cache/evolution/memos/iFire-readme.txt
[10474] e9cc7fdfa3cf40f O /home/capstone/.cache/evolution/calendar/trash
[10474] e9cc7fdfa3cf40f C /home/capstone/.cache/evolution/calendar/trash/iFire-readme.txt
[10474] e9cc7fdfa3cf40f O /home/capstone/.cache/evolution/addressbook
[10474] e9cc7fdfa3cf40f C /home/capstone/.cache/evolution/addressbook/iFire-readme.txt
[10474] e9cc7fdfa3cf40f O /home/capstone/.cache/tracker3/files/errors
[10474] e9cc7fdfa3cf40f C /home/capstone/.cache/tracker3/files/errors/iFire-readme.txt
[10474] e9cc7fdfa3cf40f O /home/capstone/.cache/thumbnails
[10474] e9cc7fdfa3cf40f C /home/capstone/.cache/thumbnails/iFire-readme.txt
[10474] e9cc7fdfa3cf40f O /home/capstone/.cache/thumbnails/fail
[10474] e9cc7fdfa3cf40f C /home/capstone/.cache/thumbnails/fail/iFire-readme.txt
[10474] e9cc7fdfa3cf40f O /home/capstone/.cache/thumbnails/fail/gnome-thumbnail-factory
[10474] e9cc7fdfa3cf40f C /home/capstone/.cache/thumbnails/fail/gnome-thumbnail-factory/iFire-readme.txt
[10474] e9cc7fdfa3cf40f O /home/capstone/.cache/thumbnails/fail/gnome-thumbnail-factory/3b62a4b3506fabdb3f55edc66791de54.png
[10474] e9cc7fdfa3cf40f O /home/capstone/.cache/thumbnails/fail/gnome-thumbnail-factory/565ea9ce0f7dbb3e4113c24906773382.png
[10474] e9cc7fdfa3cf40f O /home/capstone/.cache/thumbnails/fail/gnome-thumbnail-factory/8b74edc16f4cb4aa4349f86cbeb050a6.png
[10474] e9cc7fdfa3cf40f O /home/capstone/.cache/thumbnails/fail/gnome-thumbnail-factory/b94c4965d4fcd363fb9bc822d3ccd56d.png
[10474] e9cc7fdfa3cf40f O /home/capstone/.cache/thumbnails/fail/gnome-thumbnail-factory/db6bc5bab67e6e715729c14b5d6f83ca.png
[10474] e9cc7fdfa3cf40f O /home/capstone/.cache/thumbnails/fail/gnome-thumbnail-factory/9e2e4b09fb2c2da97f1b624997d25baa.png
[10474] e9cc7fdfa3cf40f O /home/capstone/.cache/thumbnails/fail/gnome-thumbnail-factory/59b886bff18157baed4bff1b512cc3e1.png
[10474] e9cc7fdfa3cf40f O /home/capstone/.cache/thumbnails/large
[10474] e9cc7fdfa3cf40f C /home/capstone/.cache/thumbnails/large/iFire-readme.txt
[10474] e9cc7fdfa3cf40f O /home/capstone/.cache/thumbnails/large/44d98b4cfa30db6f723af3b0c4aecd90.png
[10474] e9cc7fdfa3cf40f O /home/capstone/.cache/thumbnails/large/36e6d493e6c197e2f946c531fef4098d.png
[10474] e9cc7fdfa3cf40f O /home/capstone/.cache/thumbnails/large/2dabbd1aba2fcb91cca62487fd0da3f8.png
[10474] e9cc7fdfa3cf40f O /home/capstone/.cache/thumbnails/large/f72cd194a0ac6663928a0ae0974a4fe3.png
[10474] e9cc7fdfa3cf40f O /home/capstone/.cache/thumbnails/large/f66ba01066357af22e907b2d31b68097.png
[10474] e9cc7fdfa3cf40f O /home/capstone/.cache/thumbnails/large/d4be38332601d015df2be50a47b9acd0.png
[10474] e9cc7fdfa3cf40f O /home/capstone/.cache/thumbnails/large/f6d7d8d49c448223dc5133e29c968a07.png
[10474] e9cc7fdfa3cf40f O /home/capstone/.cache/thumbnails/large/6f3445ddc536bfaf9fc85c2dda37572d.png
[10474] e9cc7fdfa3cf40f O /home/capstone/.cache/thumbnails/large/7e5c8209d1a4a6fa5a0b640e92b3d734.png
[10474] e9cc7fdfa3cf40f O /home/capstone/.cache/thumbnails/large/94334dca41eeb31481904d515c7e9530.png
[10474] e9cc7fdfa3cf40f O /home/capstone/.cache/thumbnails/large/b18552081447ca1ccfde765f2e282a2c.png
[10474] e9cc7fdfa3cf40f O /home/capstone/.cache/thumbnails/large/fc29bf3317892b242125a8ba1fbf1aad.png
[10474] e9cc7fdfa3cf40f O /home/capstone/.cache/thumbnails/large/6700064fe186d52a65335f18574a543d.png
[10474] e9cc7fdfa3cf40f O /home/capstone/.cache/thumbnails/large/d520ff9b5b799eedfed4c53b59c1180c.png
[10474] e9cc7fdfa3cf40f O /home/capstone/.cache/thumbnails/large/5644973053cc0a8115f337bd70b19122.png
[10474] e9cc7fdfa3cf40f O /home/capstone/.cache/thumbnails/large/f0caa5d778f57cab0772691c3c4d3a6b.png
[10474] e9cc7fdfa3cf40f O /home/capstone/.cache/thumbnails/large/0cb931623b6e1c86057f531ad2b54609.png
[10474] e9cc7fdfa3cf40f O /home/capstone/.cache/thumbnails/large/5b71151517436d9d80c384b179c1b760.png
[10474] e9cc7fdfa3cf40f O /home/capstone/.cache/thumbnails/large/c6fe56fabb82d9735deedf2e501cf09a.png
[10474] e9cc7fdfa3cf40f O /home/capstone/.cache/thumbnails/large/5918fbc8f76151079dd2e1aafbc0aed5.png
[10474] e9cc7fdfa3cf40f O /home/capstone/.cache/thumbnails/large/c4457cce5f3f8bde7374fa69453aa654.png
[10474] e9cc7fdfa3cf40f O /home/capstone/.cache/thumbnails/large/067e70cec5f155b917bd079c86a68098.png
[10474] e9cc7fdfa3cf40f O /home/capstone/.cache/thumbnails/large/f53f7075ccd7781dbe3dc4b0d9c5950c.png
[10474] e9cc7fdfa3cf40f O /home/capstone/.cache/thumbnails/large/9723c536943465b35052e5a9a4576eac.png
[10474] e9cc7fdfa3cf40f O /home/capstone/.cache/tracker3/files/http%3A%2F%2Ftracker.api.gnome.org%2Fontology%2Fv3%2Ftracker%23FileSystem.db
[10474] e9cc7fdfa3cf40f O /home/capstone/.cache/tracker3/files/ontologies.gvdb
[10474] e9cc7fdfa3cf40f O /home/capstone/.cache/thumbnails/large/d20c7005676ee518b94e845ba94f2685.png
[10474] e9cc7fdfa3cf40f O /home/capstone/test/file2.txt.enc
[10474] e9cc7fdfa3cf40f C /home/capstone/.cache/ibus/bus/iFire-readme.txt
[10474] e9cc7fdfa3cf40f O /home/capstone/.cache/thumbnails/large/c9e088e585c5ada54252e32301761cb0.png
[10474] e9cc7fdfa3cf40f C /home/capstone/.cache/pip/http-v2/3/iFire-readme.txt
[10474] e9cc7fdfa3cf40f O /home/capstone/.cache/pip/http-v2/3/2
[10474] e9cc7fdfa3cf40f O /home/capstone/.cache/thumbnails/large/9bd4dfb9014aa042efb212ee330093bc.png
[10474] e9cc7fdfa3cf40f O /home/capstone/.cache/pip/http-v2/a
[10474] e9cc7fdfa3cf40f O /home/capstone/.cache/thumbnails/large/ea74733a76a2a2a4f993aa9d5916152a.png
[10474] e9cc7fdfa3cf40f C /home/capstone/.cache/pip/http-v2/a/iFire-readme.txt
[10474] e9cc7fdfa3cf40f O /home/capstone/.cache/thumbnails/large/339de7dd7abb28655d615074189f97e7.png
[10474] e9cc7fdfa3cf40f O /home/capstone/.cache/thumbnails/large/1df31ad3dc016b05b9930bd28b35740b.png
[10474] e9cc7fdfa3cf40f O /home/capstone/.cache/pip/http-v2/a/b
[10474] e9cc7fdfa3cf40f O /home/capstone/test/file1.txt.enc
[10474] e9cc7fdfa3cf40f C /home/capstone/.cache/pip/http-v2/a/b/iFire-readme.txt
[10474] e9cc7fdfa3cf40f O /home/capstone/.cache/pip/http-v2/a/b/f
[10474] e9cc7fdfa3cf40f C /home/capstone/.cache/pip/http-v2/a/b/f/iFire-readme.txt
[10474] e9cc7fdfa3cf40f O /home/capstone/.cache/pip/http-v2/a/b/f/6
[10474] e9cc7fdfa3cf40f C /home/capstone/.cache/pip/http-v2/a/b/f/6/iFire-readme.txt
[10474] e9cc7fdfa3cf40f O /home/capstone/.cache/pip/http-v2/a/b/f/6/4
[10474] e9cc7fdfa3cf40f C /home/capstone/.cache/pip/http-v2/3/2/iFire-readme.txt
[10474] e9cc7fdfa3cf40f O /home/capstone/.cache/pip/http-v2/3/2/6
[10474] e9cc7fdfa3cf40f O /home/capstone/.cache/tracker3/files/http%3A%2F%2Ftracker.api.gnome.org%2Fontology%2Fv3%2Ftracker%23Audio.db
[10474] e9cc7fdfa3cf40f O /home/capstone/.cache/thumbnails/large/77ef3868d023b9bd00920e4dd8160f30.png
[10474] e9cc7fdfa3cf40f C /home/capstone/.cache/pip/http-v2/a/b/f/6/4/iFire-readme.txt
[10474] e9cc7fdfa3cf40f O /home/capstone/.cache/pip/http-v2/a/b/f/6/4/abf643fb140580b6afd15bdde11e40993bebb3a49a7b68f5a824332f.body
[10474] e9cc7fdfa3cf40f O /home/capstone/.cache/tracker3/files/meta.db
[10474] e9cc7fdfa3cf40f O /home/capstone/test/file0.txt.enc
[10474] e9cc7fdfa3cf40f C /home/capstone/.cache/pip/http-v2/3/2/6/iFire-readme.txt
[10474] e9cc7fdfa3cf40f O /home/capstone/.cache/pip/http-v2/3/2/6/f
[10474] e9cc7fdfa3cf40f O /home/capstone/.cache/pip/http-v2/a/e
[10474] e9cc7fdfa3cf40f O /home/capstone/.cache/thumbnails/large/6909b9bd2d2ec2665a9f00e635354e73.png
[10474] e9cc7fdfa3cf40f C /home/capstone/.cache/pip/http-v2/a/e/iFire-readme.txt
[10474] e9cc7fdfa3cf40f O /home/capstone/test/file3.txt.enc
[10474] e9cc7fdfa3cf40f O /home/capstone/.cache/pip/http-v2/a/e/9
[10474] e9cc7fdfa3cf40f O /home/capstone/.cache/tracker3/files/http%3A%2F%2Ftracker.api.gnome.org%2Fontology%2Fv3%2Ftracker%23Software.db
[10474] e9cc7fdfa3cf40f C /home/capstone/.cache/pip/http-v2/3/2/6/f/iFire-readme.txt
[10474] e9cc7fdfa3cf40f O /home/capstone/.cache/pip/http-v2/3/2/6/f/4
[10474] e9cc7fdfa3cf40f C /home/capstone/.cache/pip/http-v2/a/e/9/iFire-readme.txt
[10474] e9cc7fdfa3cf40f O /home/capstone/.cache/pip/http-v2/a/e/9/0
[10474] e9cc7fdfa3cf40f O /home/capstone/.cache/thumbnails/large/1f9318da7ce6d2576f3976fa352cb654.png
[10474] e9cc7fdfa3cf40f O /home/capstone/.cache/thumbnails/large/446ec11af240fd30c5283ee8aa78f664.png
[10474] e9cc7fdfa3cf40f O /home/capstone/.cache/pip/http-v2/d
[10474] e9cc7fdfa3cf40f C /home/capstone/.cache/pip/http-v2/3/2/6/f/4/iFire-readme.txt
[10474] e9cc7fdfa3cf40f O /home/capstone/.cache/pip/http-v2/3/2/6/f/4/326f42bcae35215b1f180f35a00e7f803f3226e00188f9b73724cbfb.body
[10474] e9cc7fdfa3cf40f O /home/capstone/.cache/thumbnails/large/049739aeb2c031a72772f900e5ed073a.png
[10474] e9cc7fdfa3cf40f O /home/capstone/.cache/pip/http-v2/1
[10474] e9cc7fdfa3cf40f C /home/capstone/.cache/pip/http-v2/a/e/9/0/iFire-readme.txt
[10474] e9cc7fdfa3cf40f O /home/capstone/.cache/pip/http-v2/a/e/9/0/5
[10474] e9cc7fdfa3cf40f C /home/capstone/.cache/pip/http-v2/a/e/9/0/5/iFire-readme.txt
[10474] e9cc7fdfa3cf40f O /home/capstone/.cache/pip/http-v2/a/e/9/0/5/ae905ac3658f15d83b271fa6713bc365c7430a1cd059609730ab0f27.body
[10474] e9cc7fdfa3cf40f C /home/capstone/.cache/pip/http-v2/d/iFire-readme.txt
[10474] e9cc7fdfa3cf40f O /home/capstone/.cache/pip/http-v2/d/b
[10474] e9cc7fdfa3cf40f C /home/capstone/.cache/pip/http-v2/d/b/iFire-readme.txt
[10474] e9cc7fdfa3cf40f O /home/capstone/.cache/pip/http-v2/d/b/4
[10474] e9cc7fdfa3cf40f O /home/capstone/.cache/pip/http-v2/4
[10474] e9cc7fdfa3cf40f C /home/capstone/.cache/pip/http-v2/d/b/4/iFire-readme.txt
[10474] e9cc7fdfa3cf40f O /home/capstone/.cache/pip/http-v2/d/b/4/f
[10474] e9cc7fdfa3cf40f O /home/capstone/.cache/thumbnails/large/813ee92550ca09396be1cce45df6dd78.png
[10474] e9cc7fdfa3cf40f O /home/capstone/.cache/thumbnails/large/7b6905876089ebe6d9507826660fc114.png
[10474] e9cc7fdfa3cf40f O /home/capstone/.cache/thumbnails/large/d0cb6607e7e506db30cd1ae62b5f56c6.png
[10474] e9cc7fdfa3cf40f O /home/capstone/.cache/thumbnails/large/b7f676b657a7e1c1c6709865b62bc618.png
[10474] e9cc7fdfa3cf40f C /home/capstone/.cache/pip/http-v2/1/iFire-readme.txt
[10474] e9cc7fdfa3cf40f O /home/capstone/.cache/pip/http-v2/4/b
[10474] e9cc7fdfa3cf40f C /home/capstone/.cache/pip/http-v2/4/b/iFire-readme.txt
[10474] e9cc7fdfa3cf40f O /home/capstone/.cache/pip/http-v2/1/8/7
[10474] e9cc7fdfa3cf40f O /home/capstone/.cache/thumbnails/large/5b80d539f7fa14a784e15ccc7412cec2.png
[10474] e9cc7fdfa3cf40f C /home/capstone/.cache/pip/http-v2/4/iFire-readme.txt
[10474] e9cc7fdfa3cf40f O /home/capstone/.cache/pip/http-v2/1/8
[10474] e9cc7fdfa3cf40f C /home/capstone/.cache/pip/http-v2/d/b/4/f/iFire-readme.txt
[10474] e9cc7fdfa3cf40f O /home/capstone/.cache/pip/http-v2/d/b/4/f/1
[10474] e9cc7fdfa3cf40f C /home/capstone/.cache/pip/http-v2/1/8/iFire-readme.txt
[10474] e9cc7fdfa3cf40f O /home/capstone/.cache/pip/http-v2/4/b/e
[10474] e9cc7fdfa3cf40f O /home/capstone/.cache/thumbnails/large/84f441e0a92c44c69d34a40c04de70a2.png
[10474] e9cc7fdfa3cf40f C /home/capstone/.cache/pip/http-v2/d/b/4/f/1/iFire-readme.txt
[10474] e9cc7fdfa3cf40f O /home/capstone/.cache/pip/http-v2/d/b/4/f/1/db4f1a46f0bc9bac065fd35cdbe1c65d030e9fd9ca59d06fa230106f.body
[10474] e9cc7fdfa3cf40f C /home/capstone/.cache/pip/http-v2/4/b/e/iFire-readme.txt
[10474] e9cc7fdfa3cf40f O /home/capstone/.cache/pip/http-v2/4/b/e/0
[10474] e9cc7fdfa3cf40f O /home/capstone/.cache/pip/http-v2/4/0
[10474] e9cc7fdfa3cf40f C /home/capstone/.cache/pip/http-v2/4/b/e/0/iFire-readme.txt
[10474] e9cc7fdfa3cf40f O /home/capstone/.cache/pip/http-v2/4/b/e/0/7
[10474] e9cc7fdfa3cf40f C /home/capstone/.cache/pip/http-v2/1/8/7/iFire-readme.txt
[10474] e9cc7fdfa3cf40f O /home/capstone/.cache/pip/http-v2/1/8/7/a
[10474] e9cc7fdfa3cf40f C /home/capstone/.cache/pip/http-v2/4/0/iFire-readme.txt
[10474] e9cc7fdfa3cf40f O /home/capstone/.cache/pip/http-v2/4/0/0
[10474] e9cc7fdfa3cf40f C /home/capstone/.cache/pip/http-v2/4/0/0/iFire-readme.txt
[10474] e9cc7fdfa3cf40f O /home/capstone/.cache/pip/http-v2/4/0/0/d
[10474] e9cc7fdfa3cf40f C /home/capstone/.cache/pip/http-v2/4/b/e/0/7/iFire-readme.txt
[10474] e9cc7fdfa3cf40f O /home/capstone/.cache/pip/http-v2/4/b/e/0/7/4be07d3ac353e38d2c9e3a257cad36ee2a758fc88b4cd5f0d479a5a9.body
[10474] e9cc7fdfa3cf40f C /home/capstone/.cache/pip/http-v2/4/0/0/d/iFire-readme.txt
[10474] e9cc7fdfa3cf40f O /home/capstone/.cache/pip/http-v2/4/0/0/d/b
[10474] e9cc7fdfa3cf40f C /home/capstone/.cache/pip/http-v2/1/8/7/a/iFire-readme.txt
[10474] e9cc7fdfa3cf40f O /home/capstone/.cache/pip/http-v2/1/8/7/a/c
[10474] e9cc7fdfa3cf40f O /home/capstone/.cache/thumbnails/large/fdf644da6bff1885aca43fad4db0e571.png
[10474] e9cc7fdfa3cf40f C /home/capstone/.cache/pip/http-v2/1/8/7/a/c/iFire-readme.txt
[10474] e9cc7fdfa3cf40f O /home/capstone/.cache/pip/http-v2/1/8/7/a/c/187ac7a4026b4029cf282bde24a9146cdf595a03aa442cb15441ac5c.body
[10474] e9cc7fdfa3cf40f O /home/capstone/.cache/thumbnails/large/97da8997578dcefdc26e947a3ee3eced.png
[10474] e9cc7fdfa3cf40f O /home/capstone/.cache/pip/http-v2/e
[10474] e9cc7fdfa3cf40f C /home/capstone/.cache/pip/http-v2/e/iFire-readme.txt
[10474] e9cc7fdfa3cf40f O /home/capstone/.cache/pip/http-v2/e/a
[10474] e9cc7fdfa3cf40f O /home/capstone/.cache/thumbnails/large/cbd48d001c4388ee35850a75a17e4aa0.png
[10474] e9cc7fdfa3cf40f O /home/capstone/.cache/thumbnails/large/d1e5098edcc2cc610976020bd2719bd8.png
[10474] e9cc7fdfa3cf40f C /home/capstone/.cache/pip/http-v2/4/0/0/d/b/iFire-readme.txt
[10474] e9cc7fdfa3cf40f O /home/capstone/.cache/pip/http-v2/4/0/0/d/b/400db3c9a550719d76958c9c597bfbff6eb98533f684c02cc870de92.body
[10474] e9cc7fdfa3cf40f O /home/capstone/.cache/pip/http-v2/8
[10474] e9cc7fdfa3cf40f C /home/capstone/.cache/pip/http-v2/e/a/iFire-readme.txt
[10474] e9cc7fdfa3cf40f O /home/capstone/.cache/pip/http-v2/e/a/c
[10474] e9cc7fdfa3cf40f C /home/capstone/.cache/pip/http-v2/e/a/c/iFire-readme.txt
[10474] e9cc7fdfa3cf40f O /home/capstone/.cache/pip/http-v2/8/d/0
[10474] e9cc7fdfa3cf40f O /home/capstone/.cache/pip/http-v2/e/1
[10474] e9cc7fdfa3cf40f C /home/capstone/.cache/pip/http-v2/8/iFire-readme.txt
[10474] e9cc7fdfa3cf40f O /home/capstone/.cache/pip/http-v2/8/d
[10474] e9cc7fdfa3cf40f C /home/capstone/.cache/pip/http-v2/e/1/iFire-readme.txt
[10474] e9cc7fdfa3cf40f O /home/capstone/.cache/pip/http-v2/e/a/c/6
[10474] e9cc7fdfa3cf40f C /home/capstone/.cache/pip/http-v2/8/d/iFire-readme.txt
[10474] e9cc7fdfa3cf40f O /home/capstone/.cache/pip/http-v2/e/1/a
[10474] e9cc7fdfa3cf40f C /home/capstone/.cache/pip/http-v2/e/a/c/6/iFire-readme.txt
[10474] e9cc7fdfa3cf40f O /home/capstone/.cache/pip/http-v2/e/a/c/6/1
[10474] e9cc7fdfa3cf40f C /home/capstone/.cache/pip/http-v2/e/1/a/iFire-readme.txt
[10474] e9cc7fdfa3cf40f O /home/capstone/.cache/pip/http-v2/e/1/a/1
[10474] e9cc7fdfa3cf40f C /home/capstone/.cache/pip/http-v2/e/a/c/6/1/iFire-readme.txt
[10474] e9cc7fdfa3cf40f O /home/capstone/.cache/pip/http-v2/e/a/c/6/1/eac61126daf80149d2a016f12a54eab5e3b5c1dbc77410ff1a97edc4.body
[10474] e9cc7fdfa3cf40f C /home/capstone/.cache/pip/http-v2/e/1/a/1/iFire-readme.txt
[10474] e9cc7fdfa3cf40f O /home/capstone/.cache/pip/http-v2/e/1/a/1/0
[10474] e9cc7fdfa3cf40f O /home/capstone/.cache/pip/http-v2/e/1/7
[10474] e9cc7fdfa3cf40f C /home/capstone/.cache/pip/http-v2/e/1/7/iFire-readme.txt
[10474] e9cc7fdfa3cf40f O /home/capstone/.cache/pip/http-v2/e/1/7/5
[10474] e9cc7fdfa3cf40f C /home/capstone/.cache/pip/http-v2/e/1/a/1/0/iFire-readme.txt
[10474] e9cc7fdfa3cf40f O /home/capstone/.cache/pip/http-v2/e/1/a/1/0/e1a102a58d5f97b4d2a7ffd62157f43e68a5808f81e4779f2eb95e89.body
[10474] e9cc7fdfa3cf40f C /home/capstone/.cache/pip/http-v2/e/1/7/5/iFire-readme.txt
[10474] e9cc7fdfa3cf40f O /home/capstone/.cache/pip/http-v2/e/1/7/5/8
[10474] e9cc7fdfa3cf40f O /home/capstone/.cache/pip/http-v2/8/b
[10474] e9cc7fdfa3cf40f C /home/capstone/.cache/pip/http-v2/e/1/7/5/8/iFire-readme.txt
[10474] e9cc7fdfa3cf40f O /home/capstone/.cache/pip/http-v2/e/1/7/5/8/e1758c321fec87c155d434a44be5fe1f47edaf544e4966f99765fcd2.body
[10474] e9cc7fdfa3cf40f O /home/capstone/.cache/pip/http-v2/8/8
[10474] e9cc7fdfa3cf40f C /home/capstone/.cache/pip/http-v2/8/b/iFire-readme.txt
[10474] e9cc7fdfa3cf40f O /home/capstone/.cache/pip/http-v2/8/b/2
[10474] e9cc7fdfa3cf40f C /home/capstone/.cache/pip/http-v2/8/8/iFire-readme.txt
[10474] e9cc7fdfa3cf40f O /home/capstone/.cache/pip/http-v2/8/8/f
[10474] e9cc7fdfa3cf40f C /home/capstone/.cache/pip/http-v2/8/b/2/iFire-readme.txt
[10474] e9cc7fdfa3cf40f O /home/capstone/.cache/pip/http-v2/8/b/2/4
[10474] e9cc7fdfa3cf40f C /home/capstone/.cache/pip/http-v2/8/8/f/iFire-readme.txt
[10474] e9cc7fdfa3cf40f C /home/capstone/.cache/pip/http-v2/8/b/2/4/iFire-readme.txt
[10474] e9cc7fdfa3cf40f O /home/capstone/.cache/pip/http-v2/8/8/f/0
[10474] e9cc7fdfa3cf40f O /home/capstone/.cache/pip/http-v2/8/d/0/e
[10474] e9cc7fdfa3cf40f C /home/capstone/.cache/pip/http-v2/8/8/f/0/iFire-readme.txt
[10474] e9cc7fdfa3cf40f O /home/capstone/.cache/pip/http-v2/8/8/f/0/6
[10474] e9cc7fdfa3cf40f C /home/capstone/.cache/pip/http-v2/8/8/f/0/6/iFire-readme.txt
[10474] e9cc7fdfa3cf40f O /home/capstone/.cache/pip/http-v2/8/8/f/0/6/88f06a944c734c3736badbb02d887cddfeb74de4f837c06db79e749c.body
[10474] e9cc7fdfa3cf40f C /home/capstone/.cache/pip/http-v2/8/d/0/e/iFire-readme.txt
[10474] e9cc7fdfa3cf40f O /home/capstone/.cache/pip/http-v2/8/2/d
[10474] e9cc7fdfa3cf40f C /home/capstone/.cache/pip/http-v2/8/2/d/iFire-readme.txt
[10474] e9cc7fdfa3cf40f O /home/capstone/.cache/pip/http-v2/8/2/d/3
[10474] e9cc7fdfa3cf40f C /home/capstone/.cache/pip/http-v2/8/2/d/3/iFire-readme.txt
[10474] e9cc7fdfa3cf40f O /home/capstone/.cache/pip/http-v2/8/2/d/3/b
[10474] e9cc7fdfa3cf40f O /home/capstone/.cache/pip/http-v2/8/f
[10474] e9cc7fdfa3cf40f C /home/capstone/.cache/pip/http-v2/8/2/d/3/b/iFire-readme.txt
[10474] e9cc7fdfa3cf40f O /home/capstone/.cache/pip/http-v2/8/2/d/3/b/82d3b1270e716906b92643ecea0c7d53df8db0a043c71c5b2bb46c10.body
[10474] e9cc7fdfa3cf40f C /home/capstone/.cache/pip/http-v2/8/f/iFire-readme.txt
[10474] e9cc7fdfa3cf40f O /home/capstone/.cache/pip/http-v2/8/f/7
[10474] e9cc7fdfa3cf40f O /home/capstone/.cache/pip/http-v2/2
[10474] e9cc7fdfa3cf40f C /home/capstone/.cache/pip/http-v2/8/f/7/iFire-readme.txt
[10474] e9cc7fdfa3cf40f O /home/capstone/.cache/pip/http-v2/8/f/7/8
[10474] e9cc7fdfa3cf40f O /home/capstone/.cache/thumbnails/large/09b928cf9db7b4cbcbcc1504eb851160.png
[10474] e9cc7fdfa3cf40f O /home/capstone/.cache/thumbnails/large/382f79e9b547121d74545415aefb00d0.png
[10474] e9cc7fdfa3cf40f O /home/capstone/.cache/thumbnails/large/f617c2756d4d99976ddc514430ae71ef.png
[10474] e9cc7fdfa3cf40f C /home/capstone/.cache/pip/http-v2/8/d/0/iFire-readme.txt
[10474] e9cc7fdfa3cf40f O /home/capstone/.cache/pip/http-v2/8/b/2/4/2
[10474] e9cc7fdfa3cf40f C /home/capstone/.cache/pip/http-v2/8/b/2/4/2/iFire-readme.txt
[10474] e9cc7fdfa3cf40f O /home/capstone/.cache/pip/http-v2/8/b/2/4/2/8b24226e2da88df4abeee0d8ca6bce79b19ca2bcd5f94b543939c66c.body
[10474] e9cc7fdfa3cf40f O /home/capstone/.cache/pip/http-v2/8/2
[10474] e9cc7fdfa3cf40f C /home/capstone/.cache/pip/http-v2/8/2/iFire-readme.txt
[10474] e9cc7fdfa3cf40f O /home/capstone/.cache/pip/http-v2/8/d/0/e/1
[10474] e9cc7fdfa3cf40f O /home/capstone/.cache/thumbnails/large/c9338c1b1a332a5974adbd76f88c2f1f.png
[10474] e9cc7fdfa3cf40f O /home/capstone/.cache/thumbnails/large/19be5d39f176d53f667727217719f670.png
[10474] e9cc7fdfa3cf40f O /home/capstone/.cache/thumbnails/large/02292abdc596752428f48ac04af258f6.png
[10474] e9cc7fdfa3cf40f C /home/capstone/.cache/pip/http-v2/8/d/0/e/1/iFire-readme.txt
[10474] e9cc7fdfa3cf40f O /home/capstone/.cache/pip/http-v2/8/d/0/e/1/8d0e104919449355aedb55b5b546bb9fd53f0e1a8ca1b082109464e9.body
[10474] e9cc7fdfa3cf40f O /home/capstone/.cache/thumbnails/large/e40a2d3883d5327826accaeb74db07a1.png
[10474] e9cc7fdfa3cf40f O /home/capstone/.cache/pip/http-v2/6
[10474] e9cc7fdfa3cf40f C /home/capstone/.cache/pip/http-v2/6/iFire-readme.txt
[10474] e9cc7fdfa3cf40f O /home/capstone/.cache/pip/http-v2/6/6
[10474] e9cc7fdfa3cf40f O /home/capstone/.cache/thumbnails/large/51b34fdc97e90e8588f534fcee724338.png
[10474] e9cc7fdfa3cf40f C /home/capstone/.cache/pip/http-v2/6/6/iFire-readme.txt
[10474] e9cc7fdfa3cf40f O /home/capstone/.cache/pip/http-v2/2/5
[10474] e9cc7fdfa3cf40f C /home/capstone/.cache/pip/http-v2/2/5/iFire-readme.txt
[10474] e9cc7fdfa3cf40f O /home/capstone/.cache/pip/http-v2/2/5/7
[10474] e9cc7fdfa3cf40f C /home/capstone/.cache/pip/http-v2/2/5/7/iFire-readme.txt
[10474] e9cc7fdfa3cf40f O /home/capstone/.cache/pip/http-v2/2/5/7/d
[10474] e9cc7fdfa3cf40f O /home/capstone/.cache/thumbnails/large/f99917b5256e9eb5d4d2a89adeaec51f.png
[10474] e9cc7fdfa3cf40f C /home/capstone/.cache/pip/http-v2/2/5/7/d/iFire-readme.txt
[10474] e9cc7fdfa3cf40f O /home/capstone/.cache/pip/http-v2/2/5/7/d/3
[10474] e9cc7fdfa3cf40f O /home/capstone/.cache/thumbnails/large/643eb670f440d4c47dec75e7f5dc09d5.png
[10474] e9cc7fdfa3cf40f O /home/capstone/.cache/thumbnails/large/aabac65019131e13779573c921ab4011.png
[10474] e9cc7fdfa3cf40f O /home/capstone/.cache/thumbnails/large/f68c0cfc18bddfde013f2cb9179692f2.png
[10474] e9cc7fdfa3cf40f C /home/capstone/.cache/pip/http-v2/2/5/7/d/3/iFire-readme.txt
[10474] e9cc7fdfa3cf40f O /home/capstone/.cache/pip/http-v2/2/5/7/d/3/257d3af673d1aeffb8ce0d98a7f87a5d06595f853a453e29f569a5c2.body
[10474] e9cc7fdfa3cf40f O /home/capstone/.cache/pip/http-v2/0
[10474] e9cc7fdfa3cf40f C /home/capstone/.cache/pip/http-v2/8/f/7/8/iFire-readme.txt
[10474] e9cc7fdfa3cf40f O /home/capstone/.cache/pip/http-v2/8/f/7/8/a
[10474] e9cc7fdfa3cf40f C /home/capstone/.cache/pip/http-v2/2/iFire-readme.txt
[10474] e9cc7fdfa3cf40f O /home/capstone/.cache/pip/http-v2/6/6/e
[10474] e9cc7fdfa3cf40f C /home/capstone/.cache/pip/http-v2/8/f/7/8/a/iFire-readme.txt
[10474] e9cc7fdfa3cf40f O /home/capstone/.cache/pip/http-v2/8/f/7/8/a/8f78a59c750512c5eff98117526033c3ddca4a99c7d75426a1ad4942.body
[10474] e9cc7fdfa3cf40f C /home/capstone/.cache/pip/http-v2/6/6/e/iFire-readme.txt
[10474] e9cc7fdfa3cf40f O /home/capstone/.cache/pip/http-v2/6/6/e/c
[10474] e9cc7fdfa3cf40f C /home/capstone/.cache/pip/http-v2/6/6/e/c/iFire-readme.txt
[10474] e9cc7fdfa3cf40f O /home/capstone/.cache/pip/http-v2/6/6/e/c/7
[10474] e9cc7fdfa3cf40f O /home/capstone/.cache/pip/http-v2/2/c
[10474] e9cc7fdfa3cf40f C /home/capstone/.cache/pip/http-v2/6/6/e/c/7/iFire-readme.txt
[10474] e9cc7fdfa3cf40f O /home/capstone/.cache/pip/http-v2/6/6/e/c/7/66ec76a7b6ed4081044f5c7821af293b63c17bc2ac523ff93d5ca7d5.body
[10474] e9cc7fdfa3cf40f C /home/capstone/.cache/pip/http-v2/2/c/iFire-readme.txt
[10474] e9cc7fdfa3cf40f O /home/capstone/.cache/pip/http-v2/2/c/5
[10474] e9cc7fdfa3cf40f O /home/capstone/.cache/pip/http-v2/6/5
[10474] e9cc7fdfa3cf40f C /home/capstone/.cache/pip/http-v2/2/c/5/iFire-readme.txt
[10474] e9cc7fdfa3cf40f O /home/capstone/.cache/pip/http-v2/2/c/5/0
[10474] e9cc7fdfa3cf40f C /home/capstone/.cache/pip/http-v2/6/5/iFire-readme.txt
[10474] e9cc7fdfa3cf40f O /home/capstone/.cache/pip/http-v2/6/5/a
[10474] e9cc7fdfa3cf40f C /home/capstone/.cache/pip/http-v2/2/c/5/0/iFire-readme.txt
[10474] e9cc7fdfa3cf40f O /home/capstone/.cache/pip/http-v2/2/c/5/0/9
[10474] e9cc7fdfa3cf40f C /home/capstone/.cache/pip/http-v2/6/5/a/iFire-readme.txt
[10474] e9cc7fdfa3cf40f O /home/capstone/.cache/pip/http-v2/6/5/a/f
[10474] e9cc7fdfa3cf40f C /home/capstone/.cache/pip/http-v2/2/c/5/0/9/iFire-readme.txt
[10474] e9cc7fdfa3cf40f O /home/capstone/.cache/pip/http-v2/2/c/5/0/9/2c5093416a6abc33fb0ff1433322d374c320a79a2ce63946a0a9ddf3.body
[10474] e9cc7fdfa3cf40f C /home/capstone/.cache/pip/http-v2/6/5/a/f/iFire-readme.txt
[10474] e9cc7fdfa3cf40f O /home/capstone/.cache/pip/http-v2/6/5/a/f/8
[10474] e9cc7fdfa3cf40f O /home/capstone/.cache/pip/http-v2/7
[10474] e9cc7fdfa3cf40f C /home/capstone/.cache/pip/http-v2/6/5/a/f/8/iFire-readme.txt
[10474] e9cc7fdfa3cf40f O /home/capstone/.cache/pip/http-v2/6/5/a/f/8/65af88561e8b18ff500b9fe7d5ad34c1636e3423202d926b9e18a96f.body
[10474] e9cc7fdfa3cf40f C /home/capstone/.cache/pip/http-v2/7/iFire-readme.txt
[10474] e9cc7fdfa3cf40f O /home/capstone/.cache/pip/http-v2/7/d
[10474] e9cc7fdfa3cf40f O /home/capstone/.cache/pip/http-v2/7/0
[10474] e9cc7fdfa3cf40f C /home/capstone/.cache/pip/http-v2/7/d/iFire-readme.txt
[10474] e9cc7fdfa3cf40f O /home/capstone/.cache/pip/http-v2/7/d/0
[10474] e9cc7fdfa3cf40f C /home/capstone/.cache/pip/http-v2/7/d/0/iFire-readme.txt
[10474] e9cc7fdfa3cf40f O /home/capstone/.cache/pip/http-v2/7/d/0/6
[10474] e9cc7fdfa3cf40f C /home/capstone/.cache/pip/http-v2/7/0/iFire-readme.txt
[10474] e9cc7fdfa3cf40f O /home/capstone/.cache/pip/http-v2/7/0/b
[10474] e9cc7fdfa3cf40f C /home/capstone/.cache/pip/http-v2/7/d/0/6/iFire-readme.txt
[10474] e9cc7fdfa3cf40f O /home/capstone/.cache/pip/http-v2/0/6
[10474] e9cc7fdfa3cf40f C /home/capstone/.cache/pip/http-v2/7/0/b/iFire-readme.txt
[10474] e9cc7fdfa3cf40f O /home/capstone/.cache/pip/http-v2/7/0/b/9
[10474] e9cc7fdfa3cf40f C /home/capstone/.cache/pip/http-v2/0/6/iFire-readme.txt
[10474] e9cc7fdfa3cf40f O /home/capstone/.cache/pip/http-v2/0/7/5
[10474] e9cc7fdfa3cf40f C /home/capstone/.cache/pip/http-v2/7/0/b/9/iFire-readme.txt
[10474] e9cc7fdfa3cf40f O /home/capstone/.cache/pip/http-v2/0/6/9/2
[10474] e9cc7fdfa3cf40f C /home/capstone/.cache/pip/http-v2/0/7/5/iFire-readme.txt
[10474] e9cc7fdfa3cf40f O /home/capstone/.cache/pip/http-v2/7/0/b/9/c
[10474] e9cc7fdfa3cf40f C /home/capstone/.cache/pip/http-v2/7/0/b/9/c/iFire-readme.txt
[10474] e9cc7fdfa3cf40f O /home/capstone/.cache/pip/http-v2/7/0/b/9/c/70b9c022893d41f3d2b5cd47c3935b21f2c02945201dbf0acd4f302c.body
[10474] e9cc7fdfa3cf40f C /home/capstone/.cache/pip/http-v2/0/6/9/2/iFire-readme.txt
[10474] e9cc7fdfa3cf40f O /home/capstone/.cache/pip/http-v2/0/6/9/2/0
[10474] e9cc7fdfa3cf40f O /home/capstone/.cache/pip/http-v2/7/d/0/6/d
[10474] e9cc7fdfa3cf40f C /home/capstone/.cache/pip/http-v2/0/6/9/2/0/iFire-readme.txt
[10474] e9cc7fdfa3cf40f O /home/capstone/.cache/pip/http-v2/0/6/9/2/0/06920338a4965470bb832ba925694800e223b1b981e0345ba1c9929a.body
[10474] e9cc7fdfa3cf40f C /home/capstone/.cache/pip/http-v2/7/d/0/6/d/iFire-readme.txt
[10474] e9cc7fdfa3cf40f O /home/capstone/.cache/pip/http-v2/c/0
[10474] e9cc7fdfa3cf40f C /home/capstone/.cache/pip/http-v2/5/b/d/8/iFire-readme.txt
[10474] e9cc7fdfa3cf40f O /home/capstone/.cache/pip/http-v2/5/b/d/8/9
[10474] e9cc7fdfa3cf40f C /home/capstone/.cache/pip/http-v2/c/0/iFire-readme.txt
[10474] e9cc7fdfa3cf40f O /home/capstone/.cache/pip/http-v2/c/0/4
[10474] e9cc7fdfa3cf40f C /home/capstone/.cache/pip/http-v2/5/b/d/8/9/iFire-readme.txt
[10474] e9cc7fdfa3cf40f O /home/capstone/.cache/pip/http-v2/5/b/d/8/9/5bd894eeb3dfe1c8aaee1daecdfb74bbb314293813a730238621f077.body
[10474] e9cc7fdfa3cf40f C /home/capstone/.cache/pip/http-v2/c/0/4/iFire-readme.txt
[10474] e9cc7fdfa3cf40f O /home/capstone/.cache/pip/http-v2/c/f/2/6/f
[10474] e9cc7fdfa3cf40f C /home/capstone/.cache/pip/http-v2/c/f/2/6/f/iFire-readme.txt
[10474] e9cc7fdfa3cf40f O /home/capstone/.cache/pip/http-v2/c/f/2/6/f/cf26ff7c8e1d36bd32120ce0540a3fad19396927d29b69b65f1a09a4.body
[10474] e9cc7fdfa3cf40f C /home/capstone/Downloads/000/iFire-readme.txt
[10474] e9cc7fdfa3cf40f O /home/capstone/Downloads/000/000614.jpg
[10474] e9cc7fdfa3cf40f O /home/capstone/.cache/pip/http-v2/c/c
[10474] e9cc7fdfa3cf40f O /home/capstone/Pictures
[10474] e9cc7fdfa3cf40f C /home/capstone/Pictures/iFire-readme.txt
[10474] e9cc7fdfa3cf40f O /home/capstone/.ssh
[10474] e9cc7fdfa3cf40f C /home/capstone/.cache/pip/http-v2/c/c/iFire-readme.txt
[10474] e9cc7fdfa3cf40f O /home/capstone/.cache/pip/http-v2/c/c/1
[10474] e9cc7fdfa3cf40f C /home/capstone/.ssh/iFire-readme.txt
[10474] e9cc7fdfa3cf40f O /home/capstone/Templates
[10474] e9cc7fdfa3cf40f C /home/capstone/Templates/iFire-readme.txt
[10474] e9cc7fdfa3cf40f O /home/capstone/snap
[10474] e9cc7fdfa3cf40f C /home/capstone/snap/iFire-readme.txt
[10474] e9cc7fdfa3cf40f O /home/capstone/snap/snapd-desktop-integration
[10474] e9cc7fdfa3cf40f C /home/capstone/.cache/pip/http-v2/c/c/1/iFire-readme.txt
[10474] e9cc7fdfa3cf40f C /home/capstone/snap/snapd-desktop-integration/iFire-readme.txt
[10474] e9cc7fdfa3cf40f O /home/capstone/snap/snapd-desktop-integration/common
[10474] e9cc7fdfa3cf40f O /home/capstone/snap/snapd-desktop-integration/315
[10474] e9cc7fdfa3cf40f C /home/capstone/snap/snapd-desktop-integration/common/iFire-readme.txt
[10474] e9cc7fdfa3cf40f O /home/capstone/snap/snapd-desktop-integration/common/.cache
[10474] e9cc7fdfa3cf40f C /home/capstone/snap/snapd-desktop-integration/315/iFire-readme.txt
[10474] e9cc7fdfa3cf40f C /home/capstone/snap/snapd-desktop-integration/common/.cache/iFire-readme.txt
[10474] e9cc7fdfa3cf40f O /home/capstone/snap/snapd-desktop-integration/common/.cache/gio-modules
[10474] e9cc7fdfa3cf40f C /home/capstone/snap/snapd-desktop-integration/common/.cache/gio-modules/iFire-readme.txt
[10474] e9cc7fdfa3cf40f O /home/capstone/snap/snapd-desktop-integration/common/.cache/fontconfig
[10474] e9cc7fdfa3cf40f O /home/capstone/snap/snapd-desktop-integration/common/.cache/immodules
[10474] e9cc7fdfa3cf40f C /home/capstone/snap/snapd-desktop-integration/common/.cache/fontconfig/iFire-readme.txt
[10474] e9cc7fdfa3cf40f C /home/capstone/snap/snapd-desktop-integration/common/.cache/immodules/iFire-readme.txt
[10474] e9cc7fdfa3cf40f O /home/capstone/snap/snapd-desktop-integration/315/.config
[10474] e9cc7fdfa3cf40f O /home/capstone/snap/snapd-desktop-integration/343
[8200] gjs O /home/capstone/Templates/.hidden
[8200] gjs O /home/capstone/.local/share/gvfs-metadata/home
[8200] gjs O /home/capstone/.local/share/gvfs-metadata/home-3560ed8f.log
[10474] e9cc7fdfa3cf40f C /home/capstone/snap/snapd-desktop-integration/343/iFire-readme.txt
[10474] e9cc7fdfa3cf40f O /home/capstone/snap/snapd-desktop-integration/343/.config
[10474] e9cc7fdfa3cf40f C /home/capstone/snap/snapd-desktop-integration/315/.config/iFire-readme.txt
[10474] e9cc7fdfa3cf40f O /home/capstone/snap/snapd-desktop-integration/315/.config/user-dirs.dirs
[10474] e9cc7fdfa3cf40f C /home/capstone/snap/snapd-desktop-integration/343/.config/iFire-readme.txt
[10474] e9cc7fdfa3cf40f O /home/capstone/snap/snapd-desktop-integration/315/.config/user-dirs.dirs.md5sum
[10474] e9cc7fdfa3cf40f O /home/capstone/snap/snapd-desktop-integration/343/.config/user-dirs.dirs
[10474] e9cc7fdfa3cf40f O /home/capstone/Downloads/000/000562.pdf
[10474] e9cc7fdfa3cf40f O /home/capstone/snap/snapd-desktop-integration/343/.config/user-dirs.dirs.md5sum
[10474] e9cc7fdfa3cf40f O /home/capstone/snap/snapd-desktop-integration/315/.config/user-dirs.locale
[10474] e9cc7fdfa3cf40f O /home/capstone/snap/snapd-desktop-integration/343/.config/user-dirs.locale
[10474] e9cc7fdfa3cf40f O /home/capstone/snap/snapd-desktop-integration/315/.config/user-dirs.locale.md5sum
[10474] e9cc7fdfa3cf40f C /home/capstone/snap/firefox/6565/.config/gtk-2.0/iFire-readme.txt
[10474] e9cc7fdfa3cf40f O /home/capstone/snap/firefox/6565/.config/ibus
[10474] e9cc7fdfa3cf40f C /home/capstone/snap/firefox/6565/.config/gtk-3.0/iFire-readme.txt
[10474] e9cc7fdfa3cf40f O /home/capstone/snap/firefox/6565/.config/pulse
[10474] e9cc7fdfa3cf40f C /home/capstone/snap/firefox/6565/.config/ibus/iFire-readme.txt
[10474] e9cc7fdfa3cf40f O /home/capstone/snap/firefox/6565/.local
[10474] e9cc7fdfa3cf40f C /home/capstone/snap/firefox/6565/.config/pulse/iFire-readme.txt
[10474] e9cc7fdfa3cf40f O /home/capstone/.cache/thumbnails/large/ab3abcdcf8add341f1c899b0bcbba550.png
[10474] e9cc7fdfa3cf40f O /home/capstone/.cache/thumbnails/large/1b85726f5e4066f489e3aa00c61a4cf3.png
[10474] e9cc7fdfa3cf40f O /home/capstone/snap/firmware-updater/216
[10474] e9cc7fdfa3cf40f C /home/capstone/snap/firefox/6565/.local/iFire-readme.txt
[10474] e9cc7fdfa3cf40f O /home/capstone/snap/firefox/6565/.local/share
[10474] e9cc7fdfa3cf40f C /home/capstone/snap/firmware-updater/216/iFire-readme.txt
[10474] e9cc7fdfa3cf40f O /home/capstone/snap/firmware-updater/216/.config
[10474] e9cc7fdfa3cf40f C /home/capstone/snap/firefox/6565/.local/share/iFire-readme.txt
[10474] e9cc7fdfa3cf40f O /home/capstone/snap/firefox/6565/.local/share/recently-used.xbel
[10474] e9cc7fdfa3cf40f C /home/capstone/snap/firmware-updater/216/.config/iFire-readme.txt
[10474] e9cc7fdfa3cf40f O /home/capstone/snap/firmware-updater/216/.config/user-dirs.dirs
[10474] e9cc7fdfa3cf40f O /home/capstone/snap/firmware-updater/216/.config/dconf
[10474] e9cc7fdfa3cf40f O /home/capstone/snap/firmware-updater/216/.config/user-dirs.dirs.md5sum
[10474] e9cc7fdfa3cf40f O /home/capstone/.cache/thumbnails/large/ef821c6f85317db33173b5ec8db011e5.png
[10474] e9cc7fdfa3cf40f O /home/capstone/.cache/thumbnails/large/dff6199ca8efabfcc6218d3ac99b21eb.png
[10474] e9cc7fdfa3cf40f O /home/capstone/.cache/thumbnails/large/d3a9d617907837bcbde83c9410d6342b.png
[10474] e9cc7fdfa3cf40f O /home/capstone/.cache/thumbnails/large/10a438c4f3521e208f4f9c308e1258f8.png
[10474] e9cc7fdfa3cf40f O /home/capstone/.cache/thumbnails/large/9c4fc122406349f5a1077758aa7d21f8.png
[10474] e9cc7fdfa3cf40f O /home/capstone/snap/firmware-updater/216/.config/user-dirs.locale
[10474] e9cc7fdfa3cf40f C /home/capstone/snap/firmware-updater/216/.config/dconf/iFire-readme.txt
[10474] e9cc7fdfa3cf40f O /home/capstone/snap/firmware-updater/common/.cache/immodules
[10474] e9cc7fdfa3cf40f C /home/capstone/snap/firmware-updater/common/.cache/immodules/iFire-readme.txt
[10474] e9cc7fdfa3cf40f O /home/capstone/snap/firmware-updater/216/.config/gtk-2.0
[10474] e9cc7fdfa3cf40f O /home/capstone/snap/firmware-updater/216/.config/user-dirs.locale.md5sum
[10474] e9cc7fdfa3cf40f C /home/capstone/snap/firmware-updater/216/.config/gtk-2.0/iFire-readme.txt
[10474] e9cc7fdfa3cf40f O /home/capstone/snap/firmware-updater/216/.config/gtk-3.0
[10474] e9cc7fdfa3cf40f O /home/capstone/snap/firmware-updater/216/.config/ibus
[10474] e9cc7fdfa3cf40f C /home/capstone/snap/firmware-updater/216/.config/gtk-3.0/iFire-readme.txt
[10474] e9cc7fdfa3cf40f O /home/capstone/snap/firefox/6565/.local/share/icons
[10474] e9cc7fdfa3cf40f C /home/capstone/snap/firmware-updater/216/.config/ibus/iFire-readme.txt
[10474] e9cc7fdfa3cf40f O /home/capstone/snap/firmware-updater/216/.local
[10474] e9cc7fdfa3cf40f C /home/capstone/snap/firefox/6565/.local/share/icons/iFire-readme.txt
[10474] e9cc7fdfa3cf40f O /home/capstone/snap/firefox/common
[10474] e9cc7fdfa3cf40f C /home/capstone/snap/firmware-updater/216/.local/iFire-readme.txt
[10474] e9cc7fdfa3cf40f O /home/capstone/snap/firmware-updater/216/.local/share
[10474] e9cc7fdfa3cf40f O /home/capstone/.cache/thumbnails/large/5707424af4adfb21e70b19b744ec8524.png
[10474] e9cc7fdfa3cf40f O /home/capstone/.cache/thumbnails/large/634a7f1255718fa7ea24ed25e9b03d1b.png
[10474] e9cc7fdfa3cf40f O /home/capstone/.cache/thumbnails/large/b1871f2ec4f5ae5fa64673734ccdea6b.png
[10474] e9cc7fdfa3cf40f C /home/capstone/snap/firefox/common/iFire-readme.txt
[10474] e9cc7fdfa3cf40f O /home/capstone/snap/firefox/common/.mozilla
[10474] e9cc7fdfa3cf40f C /home/capstone/snap/firmware-updater/216/.local/share/iFire-readme.txt
[10474] e9cc7fdfa3cf40f O /home/capstone/snap/firmware-updater/216/.local/share/glib-2.0
[10474] e9cc7fdfa3cf40f C /home/capstone/snap/firefox/common/.mozilla/iFire-readme.txt
[10474] e9cc7fdfa3cf40f O /home/capstone/snap/firefox/common/.mozilla/extensions
[10474] e9cc7fdfa3cf40f C /home/capstone/snap/firmware-updater/216/.local/share/glib-2.0/iFire-readme.txt
[10474] e9cc7fdfa3cf40f O /home/capstone/snap/firmware-updater/216/.local/share/glib-2.0/schemas
[10474] e9cc7fdfa3cf40f C /home/capstone/snap/firefox/common/.mozilla/extensions/iFire-readme.txt
[10474] e9cc7fdfa3cf40f C /home/capstone/snap/firmware-updater/216/.local/share/glib-2.0/schemas/iFire-readme.txt
[10474] e9cc7fdfa3cf40f O /home/capstone/snap/firefox/common/.mozilla/firefox
[10474] e9cc7fdfa3cf40f C /home/capstone/snap/firefox/common/.cache/mozilla/firefox/822g2zs2.default/thumbnails/iFire-readme.txt
[10474] e9cc7fdfa3cf40f O /home/capstone/snap/firefox/common/.cache/mozilla/firefox/822g2zs2.default/thumbnails/f6716bdadb5ea43408dacaa1e5453214.png
[10474] e9cc7fdfa3cf40f O /home/capstone/.cache/thumbnails/large/5f75e64b77ad9ec8dc63d941f5270905.png
[10474] e9cc7fdfa3cf40f O /home/capstone/.cache/thumbnails/large/6429835ed159abe15885001bb699476b.png
[10474] e9cc7fdfa3cf40f O /home/capstone/.cache/thumbnails/large/265e9b5a3cd59d66ea4d6c1a11c21f13.png
[10474] e9cc7fdfa3cf40f O /home/capstone/snap/firefox/common/.cache/mozilla/firefox/822g2zs2.default/thumbnails/d8663c452cc08fe1d73f9936e04d55c5.png
[10474] e9cc7fdfa3cf40f O /home/capstone/snap/firefox/common/.mozilla/firefox/822g2zs2.default/sessionCheckpoints.json
[10474] e9cc7fdfa3cf40f O /home/capstone/snap/firefox/common/.cache/mozilla/firefox/822g2zs2.default/thumbnails/d8430cb7d7851dd72be5cba17230d718.png
[10474] e9cc7fdfa3cf40f O /home/capstone/snap/firefox/common/.cache/mozilla/firefox/822g2zs2.default/cache2
[10474] e9cc7fdfa3cf40f O /home/capstone/snap/firefox/common/.mozilla/firefox/822g2zs2.default/search.json.mozlz4
[10474] e9cc7fdfa3cf40f C /home/capstone/snap/firefox/common/.cache/mozilla/firefox/822g2zs2.default/cache2/iFire-readme.txt
[10474] e9cc7fdfa3cf40f O /home/capstone/snap/firefox/common/.cache/mozilla/firefox/822g2zs2.default/cache2/index.log
[10474] e9cc7fdfa3cf40f O /home/capstone/snap/firefox/common/.mozilla/firefox/822g2zs2.default/places.sqlite
[10474] e9cc7fdfa3cf40f O /home/capstone/snap/firefox/common/.cache/mozilla/firefox/822g2zs2.default/cache2/doomed
[10474] e9cc7fdfa3cf40f O /home/capstone/.cache/thumbnails/large/6f2642b77db56148078bd6e00fca47ae.png
[10474] e9cc7fdfa3cf40f O /home/capstone/.cache/thumbnails/large/55cb0c90c47499e06b1fb8f4c8a9c233.png
[10474] e9cc7fdfa3cf40f O /home/capstone/.cache/thumbnails/large/c322ba19fa74fd75a89aeaf336e38335.png
[10474] e9cc7fdfa3cf40f O /home/capstone/.cache/thumbnails/large/4eb1b25707483dc94d2d11bab0adb8f6.png
[10474] e9cc7fdfa3cf40f C /home/capstone/snap/firefox/common/.cache/mozilla/firefox/822g2zs2.default/cache2/doomed/iFire-readme.txt
[10474] e9cc7fdfa3cf40f O /home/capstone/snap/firefox/common/.cache/mozilla/firefox/822g2zs2.default/cache2/entries
[10474] e9cc7fdfa3cf40f O /home/capstone/.cache/thumbnails/large/374aa81358cdc868099b8609bfe55bdc.png
[10474] e9cc7fdfa3cf40f O /home/capstone/.cache/thumbnails/large/c5b19d4997d169f09b7ca3fda40f86bd.png
[10474] e9cc7fdfa3cf40f O /home/capstone/.cache/thumbnails/large/8861948202b48f2be4857200b15a1682.png
[10474] e9cc7fdfa3cf40f O /home/capstone/.cache/thumbnails/large/865621b2a2fca98a552134f7e02c5202.png
[10474] e9cc7fdfa3cf40f O /home/capstone/.cache/thumbnails/large/08e321fad000287856339fe228127aa3.png
[10474] e9cc7fdfa3cf40f O /home/capstone/.cache/thumbnails/large/a4eff33e8eeccf7afafd60d7ee14e86e.png
[10474] e9cc7fdfa3cf40f O /home/capstone/.cache/thumbnails/large/33cc73f19395cd3dc960bf8dea98e731.png
[10474] e9cc7fdfa3cf40f O /home/capstone/.cache/thumbnails/large/b0c008c8059c8122c51af7b97d3c7a2b.png
[10474] e9cc7fdfa3cf40f C /home/capstone/snap/firefox/common/.cache/mozilla/firefox/822g2zs2.default/cache2/entries/iFire-readme.txt
[10474] e9cc7fdfa3cf40f O /home/capstone/snap/firefox/common/.cache/mozilla/firefox/822g2zs2.default/cache2/trash822252827
[10474] e9cc7fdfa3cf40f C /home/capstone/snap/firefox/common/.cache/mozilla/firefox/822g2zs2.default/cache2/trash822252827/iFire-readme.txt
[10474] e9cc7fdfa3cf40f O /home/capstone/snap/firefox/common/.cache/mozilla/firefox/822g2zs2.default/startupCache
[10474] e9cc7fdfa3cf40f O /home/capstone/Downloads/000/000772.ps
[10474] e9cc7fdfa3cf40f C /home/capstone/snap/firefox/common/.cache/mozilla/firefox/822g2zs2.default/settings/main/ms-language-packs/iFire-readme.txt
[10474] e9cc7fdfa3cf40f O /home/capstone/snap/firefox/common/.cache/mozilla/firefox/822g2zs2.default/settings/main/ms-language-packs/browser
[10474] e9cc7fdfa3cf40f C /home/capstone/snap/firefox/common/.cache/mozilla/firefox/822g2zs2.default/settings/main/ms-language-packs/browser/iFire-readme.txt
[10474] e9cc7fdfa3cf40f O /home/capstone/snap/firefox/common/.cache/mozilla/firefox/822g2zs2.default/settings/main/ms-language-packs/browser/newtab
[10474] e9cc7fdfa3cf40f C /home/capstone/snap/firefox/common/.cache/mozilla/firefox/822g2zs2.default/settings/main/ms-language-packs/browser/newtab/iFire-readme.txt
[10474] e9cc7fdfa3cf40f O /home/capstone/snap/firefox/common/.cache/mozilla/firefox/822g2zs2.default/settings/main/ms-language-packs/browser/newtab/asrouter.ftl
[10474] e9cc7fdfa3cf40f O /home/capstone/snap/firefox/common/.cache/mozilla/firefox/822g2zs2.default/safebrowsing
[10474] e9cc7fdfa3cf40f C /home/capstone/snap/firefox/common/.cache/mozilla/firefox/822g2zs2.default/safebrowsing/iFire-readme.txt
[10474] e9cc7fdfa3cf40f O /home/capstone/snap/firefox/common/.cache/mozilla/firefox/822g2zs2.default/safebrowsing/social-tracking-protection-twitter-digest256.vlpset
[10474] e9cc7fdfa3cf40f C /home/capstone/snap/firefox/common/.cache/mozilla/firefox/822g2zs2.default/startupCache/iFire-readme.txt
[10474] e9cc7fdfa3cf40f O /home/capstone/snap/firefox/common/.cache/mozilla/firefox/822g2zs2.default/startupCache/startupCache.8.little
[10474] e9cc7fdfa3cf40f O /home/capstone/Downloads/000/000274.doc
[10474] e9cc7fdfa3cf40f O /home/capstone/snap/firefox/common/.cache/mozilla/firefox/822g2zs2.default/safebrowsing/consent-manager-track-digest256.vlpset
[10474] e9cc7fdfa3cf40f O /home/capstone/snap/firefox/common/.cache/mozilla/firefox/822g2zs2.default/safebrowsing/ads-track-digest256.vlpset
[10474] e9cc7fdfa3cf40f O /home/capstone/snap/firefox/common/.cache/mozilla/firefox/822g2zs2.default/safebrowsing/google4
[10474] e9cc7fdfa3cf40f O /home/capstone/.cache/thumbnails/large/c8a5eb5358ac91826be342c4a18d6f08.png
[10474] e9cc7fdfa3cf40f O /home/capstone/Downloads/000/000151.doc
[10474] e9cc7fdfa3cf40f O /home/capstone/snap/firefox/common/.cache/mozilla/firefox/822g2zs2.default/safebrowsing/base-cryptomining-track-digest256.vlpset
[10474] e9cc7fdfa3cf40f C /home/capstone/snap/firefox/common/.cache/mozilla/firefox/822g2zs2.default/safebrowsing/google4/iFire-readme.txt
[10474] e9cc7fdfa3cf40f O /home/capstone/snap/firefox/common/.cache/mozilla/firefox/822g2zs2.default/safebrowsing/google4/goog-phish-proto.vlpset
[10474] e9cc7fdfa3cf40f O /home/capstone/Downloads/000/000145.pdf
[10474] e9cc7fdfa3cf40f O /home/capstone/snap/firefox/common/.mozilla/firefox/822g2zs2.default/extensions.json
[10474] e9cc7fdfa3cf40f O /home/capstone/snap/firefox/common/.mozilla/firefox/822g2zs2.default/protections.sqlite
[10474] e9cc7fdfa3cf40f O /home/capstone/snap/firefox/common/.mozilla/firefox/822g2zs2.default/shield-preference-experiments.json
[10474] e9cc7fdfa3cf40f O /home/capstone/snap/firefox/common/.mozilla/firefox/822g2zs2.default/cert9.db
[10474] e9cc7fdfa3cf40f O /home/capstone/snap/firefox/common/.cache/mozilla/firefox/822g2zs2.default/startupCache/scriptCache-child.bin
[10474] e9cc7fdfa3cf40f O /home/capstone/snap/firefox/common/.mozilla/firefox/822g2zs2.default/broadcast-listeners.json
[10474] e9cc7fdfa3cf40f O /home/capstone/snap/firefox/common/.mozilla/firefox/822g2zs2.default/times.json
[10474] e9cc7fdfa3cf40f O /home/capstone/snap/firefox/common/.mozilla/firefox/822g2zs2.default/favicons.sqlite
[10474] e9cc7fdfa3cf40f O /home/capstone/Downloads/000/000187.pdf
[10474] e9cc7fdfa3cf40f O /home/capstone/snap/firefox/common/.cache/mozilla/firefox/822g2zs2.default/safebrowsing/content-email-track-digest256.vlpset
[10474] e9cc7fdfa3cf40f O /home/capstone/snap/firefox/common/.cache/mozilla/firefox/822g2zs2.default/safebrowsing/social-tracking-protection-linkedin-digest256.vlpset
[10474] e9cc7fdfa3cf40f O /home/capstone/snap/firefox/common/.cache/mozilla/firefox/822g2zs2.default/safebrowsing/mozstd-trackwhite-digest256.sbstore
[10474] e9cc7fdfa3cf40f O /home/capstone/.cache/thumbnails/large/912708113a5b041b618ea4414c73718f.png
[10474] e9cc7fdfa3cf40f O /home/capstone/.cache/thumbnails/large/4a8f5230bf31d3177e16ffedc4d4b7ec.png
[10474] e9cc7fdfa3cf40f O /home/capstone/snap/firefox/common/.cache/mozilla/firefox/822g2zs2.default/safebrowsing/consent-manager-track-digest256.sbstore
[10474] e9cc7fdfa3cf40f O /home/capstone/.cache/thumbnails/large/97aaa474f7e9099d8547c16b8a4f3838.png
[10474] e9cc7fdfa3cf40f O /home/capstone/.cache/thumbnails/large/2a60aded8cdf6e9d4c771b8d9680d265.png
[10474] e9cc7fdfa3cf40f O /home/capstone/.cache/thumbnails/large/f623190ed7d6fb9a6388cbe51dca46fc.png
[10474] e9cc7fdfa3cf40f O /home/capstone/.cache/thumbnails/large/3e2a4aae4f65b87307e1e3091f01ad7d.png
[10474] e9cc7fdfa3cf40f O /home/capstone/snap/firefox/common/.cache/mozilla/firefox/822g2zs2.default/safebrowsing/google-trackwhite-digest256.sbstore
[10474] e9cc7fdfa3cf40f O /home/capstone/snap/firefox/common/.cache/mozilla/firefox/822g2zs2.default/safebrowsing/google-trackwhite-digest256.vlpset
[10474] e9cc7fdfa3cf40f O /home/capstone/snap/firefox/common/.cache/mozilla/firefox/822g2zs2.default/startupCache/scriptCache-current.bin
[10474] e9cc7fdfa3cf40f O /home/capstone/.cache/thumbnails/large/cb4e8e9b8c4a79616cf6f6f6388c80c6.png
[10474] e9cc7fdfa3cf40f O /home/capstone/.cache/thumbnails/large/2fb13e2ff00912812c100609d3135040.png
[10474] e9cc7fdfa3cf40f O /home/capstone/.cache/thumbnails/large/212171c738ecfb7e031c3755f85f2ddf.png
[10474] e9cc7fdfa3cf40f O /home/capstone/.cache/thumbnails/large/a20f55943ede44964836289cab515ee4.png
[10474] e9cc7fdfa3cf40f O /home/capstone/snap/firefox/common/.mozilla/firefox/822g2zs2.default/cookies.sqlite
[10474] e9cc7fdfa3cf40f O /home/capstone/snap/firefox/common/.mozilla/firefox/822g2zs2.default/storage.sqlite
[10474] e9cc7fdfa3cf40f O /home/capstone/snap/firefox/common/.mozilla/firefox/822g2zs2.default/key4.db
[10474] e9cc7fdfa3cf40f O /home/capstone/snap/firefox/common/.mozilla/firefox/822g2zs2.default/extension-preferences.json
[10474] e9cc7fdfa3cf40f O /home/capstone/snap/firefox/common/.mozilla/firefox/822g2zs2.default/bounce-tracking-protection.sqlite
[10474] e9cc7fdfa3cf40f O /home/capstone/.cache/thumbnails/large/fad2c185f30e91ccf957d198e20ceb58.png
[10474] e9cc7fdfa3cf40f O /home/capstone/snap/firefox/common/.mozilla/firefox/822g2zs2.default/formhistory.sqlite
[10474] e9cc7fdfa3cf40f O /home/capstone/snap/firefox/common/.mozilla/firefox/822g2zs2.default/containers.json
[10474] e9cc7fdfa3cf40f O /home/capstone/snap/firefox/common/.mozilla/firefox/822g2zs2.default/sessionstore.jsonlz4
[10474] e9cc7fdfa3cf40f O /home/capstone/snap/firefox/common/.cache/mozilla/firefox/822g2zs2.default/safebrowsing/content-track-digest256.sbstore
[10474] e9cc7fdfa3cf40f O /home/capstone/snap/firefox/common/.cache/mozilla/firefox/822g2zs2.default/safebrowsing/social-tracking-protection-facebook-digest256.vlpset
[10474] e9cc7fdfa3cf40f O /home/capstone/snap/firefox/common/.mozilla/firefox/822g2zs2.default/prefs.js
[10474] e9cc7fdfa3cf40f O /home/capstone/snap/firefox/common/.mozilla/firefox/822g2zs2.default/addons.json
[10474] e9cc7fdfa3cf40f O /home/capstone/snap/firefox/common/.mozilla/firefox/822g2zs2.default/handlers.json
[10474] e9cc7fdfa3cf40f O /home/capstone/snap/firefox/common/.mozilla/firefox/822g2zs2.default/xulstore.json
[10474] e9cc7fdfa3cf40f O /home/capstone/.cache/thumbnails/large/a5d624a283d5bd1fc7045a54f57b3d4b.png
[10474] e9cc7fdfa3cf40f O /home/capstone/.cache/thumbnails/large/4589688f52e7d6483c0158c197be7a5f.png
[10474] e9cc7fdfa3cf40f O /home/capstone/snap/firefox/common/.mozilla/firefox/822g2zs2.default/domain_to_categories.sqlite
[10474] e9cc7fdfa3cf40f O /home/capstone/snap/firefox/common/.cache/mesa_shader_cache
[10474] e9cc7fdfa3cf40f O /home/capstone/.cache/thumbnails/large/788cb793640276942811cde3a7a638ea.png
[10474] e9cc7fdfa3cf40f C /home/capstone/snap/firefox/common/.cache/mesa_shader_cache/iFire-readme.txt
[10474] e9cc7fdfa3cf40f O /home/capstone/snap/firefox/common/.cache/mesa_shader_cache/8a
[10474] e9cc7fdfa3cf40f C /home/capstone/snap/firefox/common/.cache/mesa_shader_cache/8a/iFire-readme.txt
[10474] e9cc7fdfa3cf40f O /home/capstone/snap/firefox/common/.cache/mesa_shader_cache/51
[10474] e9cc7fdfa3cf40f O /home/capstone/snap/firefox/common/.cache/mozilla/firefox/822g2zs2.default/safebrowsing/analytics-track-digest256.vlpset
[10474] e9cc7fdfa3cf40f O /home/capstone/snap/firefox/common/.cache/mozilla/firefox/822g2zs2.default/startupCache/urlCache.bin
[10474] e9cc7fdfa3cf40f C /home/capstone/snap/firefox/common/.cache/mesa_shader_cache/51/iFire-readme.txt
[10474] e9cc7fdfa3cf40f O /home/capstone/snap/firefox/common/.cache/mesa_shader_cache/25
[10474] e9cc7fdfa3cf40f O /home/capstone/snap/firefox/common/.cache/mozilla/firefox/822g2zs2.default/startupCache/scriptCache.bin
[10474] e9cc7fdfa3cf40f C /home/capstone/snap/firefox/common/.cache/mesa_shader_cache/25/iFire-readme.txt
[10474] e9cc7fdfa3cf40f O /home/capstone/snap/firefox/common/.cache/mesa_shader_cache/0c
[10474] e9cc7fdfa3cf40f C /home/capstone/snap/firefox/common/.cache/mesa_shader_cache/0c/iFire-readme.txt
[10474] e9cc7fdfa3cf40f O /home/capstone/snap/firefox/common/.cache/mesa_shader_cache/27
[10474] e9cc7fdfa3cf40f C /home/capstone/snap/firefox/common/.cache/mesa_shader_cache/27/iFire-readme.txt
[10474] e9cc7fdfa3cf40f O /home/capstone/snap/firefox/common/.cache/mesa_shader_cache/21
[10474] e9cc7fdfa3cf40f O /home/capstone/snap/firefox/common/.cache/mozilla/firefox/822g2zs2.default/safebrowsing/content-email-track-digest256.sbstore
[10474] e9cc7fdfa3cf40f C /home/capstone/snap/firefox/common/.cache/mesa_shader_cache/21/iFire-readme.txt
[10474] e9cc7fdfa3cf40f O /home/capstone/snap/firefox/common/.cache/mesa_shader_cache/fd
[10474] e9cc7fdfa3cf40f O /home/capstone/snap/firefox/common/.cache/mozilla/firefox/822g2zs2.default/safebrowsing/social-track-digest256.vlpset
[10474] e9cc7fdfa3cf40f C /home/capstone/snap/firefox/common/.cache/mesa_shader_cache/fd/iFire-readme.txt
[10474] e9cc7fdfa3cf40f O /home/capstone/snap/firefox/common/.cache/mesa_shader_cache/e3
[10474] e9cc7fdfa3cf40f O /home/capstone/snap/firefox/common/.cache/mozilla/firefox/822g2zs2.default/safebrowsing/social-tracking-protection-linkedin-digest256.sbstore
[10474] e9cc7fdfa3cf40f C /home/capstone/snap/firefox/common/.cache/mesa_shader_cache/e3/iFire-readme.txt
[10474] e9cc7fdfa3cf40f O /home/capstone/snap/firefox/common/.cache/fontconfig
[10474] e9cc7fdfa3cf40f O /home/capstone/snap/firefox/common/.cache/mozilla/firefox/822g2zs2.default/safebrowsing/social-track-digest256.sbstore
[10474] e9cc7fdfa3cf40f O /home/capstone/snap/firefox/common/.cache/immodules
[10474] e9cc7fdfa3cf40f O /home/capstone/.cache/thumbnails/large/2c40db346a24987a566eea2333ff71af.png
[10474] e9cc7fdfa3cf40f O /home/capstone/snap/firefox/common/.cache/mozilla/firefox/822g2zs2.default/safebrowsing/base-email-track-digest256.vlpset
[10474] e9cc7fdfa3cf40f C /home/capstone/snap/firefox/common/.cache/immodules/iFire-readme.txt
[10474] e9cc7fdfa3cf40f O /home/capstone/snap/firefox/common/.mozilla/firefox/822g2zs2.default/crashes
[10474] e9cc7fdfa3cf40f O /home/capstone/snap/firefox/common/.cache/mozilla/firefox/822g2zs2.default/safebrowsing/base-fingerprinting-track-digest256.sbstore
[10474] e9cc7fdfa3cf40f C /home/capstone/snap/firefox/common/.mozilla/firefox/822g2zs2.default/crashes/iFire-readme.txt
[10474] e9cc7fdfa3cf40f O /home/capstone/snap/firefox/common/.mozilla/firefox/822g2zs2.default/crashes/store.json.mozlz4
[10474] e9cc7fdfa3cf40f C /home/capstone/snap/firefox/common/.cache/fontconfig/iFire-readme.txt
[10474] e9cc7fdfa3cf40f O /home/capstone/snap/firefox/common/.cache/mozilla/firefox/822g2zs2.default/safebrowsing/social-tracking-protection-twitter-digest256.sbstore
[10474] e9cc7fdfa3cf40f O /home/capstone/snap/firefox/common/.cache/fontconfig/CACHEDIR.TAG
[10474] e9cc7fdfa3cf40f O /home/capstone/snap/firefox/common/.mozilla/firefox/822g2zs2.default/crashes/events
[10474] e9cc7fdfa3cf40f O /home/capstone/snap/firefox/common/.cache/mozilla/firefox/822g2zs2.default/safebrowsing/base-email-track-digest256.sbstore
[10474] e9cc7fdfa3cf40f O /home/capstone/.cache/thumbnails/large/93d8305a291a11cce0182e2d520cd22e.png
[10474] e9cc7fdfa3cf40f O /home/capstone/.cache/thumbnails/large/28e632eb01dc9b107fa45c833d2a0a0b.png
[10474] e9cc7fdfa3cf40f C /home/capstone/snap/firefox/common/.mozilla/firefox/822g2zs2.default/crashes/events/iFire-readme.txt
[10474] e9cc7fdfa3cf40f O /home/capstone/snap/firefox/common/.mozilla/firefox/822g2zs2.default/datareporting
[10474] e9cc7fdfa3cf40f O /home/capstone/snap/firefox/common/.cache/mozilla/firefox/822g2zs2.default/safebrowsing/mozstd-trackwhite-digest256.vlpset
[10474] e9cc7fdfa3cf40f C /home/capstone/snap/firefox/common/.mozilla/firefox/822g2zs2.default/datareporting/iFire-readme.txt
[10474] e9cc7fdfa3cf40f O /home/capstone/snap/firefox/common/.mozilla/firefox/822g2zs2.default/datareporting/state.json
[10474] e9cc7fdfa3cf40f O /home/capstone/snap/firefox/common/.mozilla/firefox/822g2zs2.default/datareporting/session-state.json
[10474] e9cc7fdfa3cf40f O /home/capstone/snap/firefox/common/.cache/mozilla/firefox/822g2zs2.default/safebrowsing/social-tracking-protection-facebook-digest256.sbstore
[10474] e9cc7fdfa3cf40f O /home/capstone/snap/firefox/common/.mozilla/firefox/822g2zs2.default/datareporting/glean
[10474] e9cc7fdfa3cf40f O /home/capstone/.cache/thumbnails/large/ff423004fc97876e452137b0844d9a96.png
[10474] e9cc7fdfa3cf40f C /home/capstone/snap/firefox/common/.mozilla/firefox/822g2zs2.default/datareporting/glean/iFire-readme.txt
[10474] e9cc7fdfa3cf40f O /home/capstone/snap/firefox/common/.mozilla/firefox/822g2zs2.default/datareporting/glean/pending_pings
[10474] e9cc7fdfa3cf40f O /home/capstone/.cache/thumbnails/large/cba7919508db2773fe1d63dff2724fcf.png
[10474] e9cc7fdfa3cf40f C /home/capstone/snap/firefox/common/.mozilla/firefox/822g2zs2.default/datareporting/glean/pending_pings/iFire-readme.txt
[10474] e9cc7fdfa3cf40f O /home/capstone/snap/firefox/common/.mozilla/firefox/822g2zs2.default/datareporting/glean/tmp
[10474] e9cc7fdfa3cf40f O /home/capstone/snap/firefox/common/.cache/mozilla/firefox/822g2zs2.default/safebrowsing/anti-fraud-track-digest256.vlpset
[10474] e9cc7fdfa3cf40f O /home/capstone/snap/firefox/common/.mozilla/firefox/822g2zs2.default/datareporting/glean/db
[10474] e9cc7fdfa3cf40f O /home/capstone/snap/firefox/common/.cache/mozilla/firefox/822g2zs2.default/safebrowsing/analytics-track-digest256.sbstore
[10474] e9cc7fdfa3cf40f O /home/capstone/snap/firefox/common/.cache/mozilla/firefox/822g2zs2.default/safebrowsing/base-cryptomining-track-digest256.sbstore
[10474] e9cc7fdfa3cf40f C /home/capstone/snap/firefox/common/.mozilla/firefox/822g2zs2.default/datareporting/glean/db/iFire-readme.txt
[10474] e9cc7fdfa3cf40f O /home/capstone/snap/firefox/common/.mozilla/firefox/822g2zs2.default/datareporting/glean/db/data.safe.bin
[10474] e9cc7fdfa3cf40f O /home/capstone/.cache/thumbnails/large/9b95eb8db76bd4477f066839465a3a86.png
[10474] e9cc7fdfa3cf40f O /home/capstone/.cache/thumbnails/large/981aa13e7d3eb05670f0313a31dccd24.png
[10474] e9cc7fdfa3cf40f O /home/capstone/snap/firefox/common/.cache/mozilla/firefox/822g2zs2.default/safebrowsing/content-track-digest256.vlpset
[10474] e9cc7fdfa3cf40f O /home/capstone/.cache/thumbnails/large/53472b9a54d1dc640a74cc5bd99bc4f2.png
[10474] e9cc7fdfa3cf40f C /home/capstone/snap/firefox/common/.mozilla/firefox/822g2zs2.default/datareporting/glean/tmp/iFire-readme.txt
[10474] e9cc7fdfa3cf40f O /home/capstone/snap/firefox/common/.mozilla/firefox/822g2zs2.default/datareporting/glean/events
[10474] e9cc7fdfa3cf40f O /home/capstone/snap/firefox/common/.mozilla/firefox/822g2zs2.default/datareporting/archived
[10474] e9cc7fdfa3cf40f C /home/capstone/snap/firefox/common/.mozilla/firefox/822g2zs2.default/datareporting/glean/events/iFire-readme.txt
[10474] e9cc7fdfa3cf40f O /home/capstone/snap/firefox/common/.mozilla/firefox/822g2zs2.default/security_state
[10474] e9cc7fdfa3cf40f O /home/capstone/snap/firefox/common/.mozilla/firefox/822g2zs2.default/saved-telemetry-pings
[10474] e9cc7fdfa3cf40f C /home/capstone/snap/firefox/common/.mozilla/firefox/822g2zs2.default/datareporting/archived/iFire-readme.txt
[10474] e9cc7fdfa3cf40f O /home/capstone/snap/firefox/common/.mozilla/firefox/822g2zs2.default/datareporting/archived/2026-03
[10474] e9cc7fdfa3cf40f O /home/capstone/.cache/thumbnails/large/ef1bd404596691729793a969af0d71f8.png
[10474] e9cc7fdfa3cf40f O /home/capstone/.cache/thumbnails/large/90cebcfebc67507abf66b8d8fe862ae5.png
[10474] e9cc7fdfa3cf40f O /home/capstone/.cache/thumbnails/large/e14a8641ffc3aa97025d7ced2e235699.png
[10474] e9cc7fdfa3cf40f C /home/capstone/snap/firefox/common/.mozilla/firefox/822g2zs2.default/datareporting/archived/2026-03/iFire-readme.txt
[10474] e9cc7fdfa3cf40f O /home/capstone/snap/firefox/common/.mozilla/firefox/822g2zs2.default/datareporting/archived/2026-03/1773028899029.f0cecd3e-b9a9-44c7-9ee6-7477983f5faf.main.jsonlz4
[10474] e9cc7fdfa3cf40f C /home/capstone/snap/firefox/common/.mozilla/firefox/822g2zs2.default/saved-telemetry-pings/iFire-readme.txt
[10474] e9cc7fdfa3cf40f O /home/capstone/snap/firefox/common/.mozilla/firefox/822g2zs2.default/settings
[10474] e9cc7fdfa3cf40f O /home/capstone/snap/firefox/common/.mozilla/firefox/822g2zs2.default/datareporting/archived/2026-03/1773025185834.3d0a2b44-730c-4e17-86b3-3a0bf8936814.health.jsonlz4
[10474] e9cc7fdfa3cf40f C /home/capstone/snap/firefox/common/.mozilla/firefox/822g2zs2.default/security_state/iFire-readme.txt
[10474] e9cc7fdfa3cf40f O /home/capstone/snap/firefox/common/.mozilla/firefox/822g2zs2.default/security_state/20260306-1-default.filter.delta
[10474] e9cc7fdfa3cf40f C /home/capstone/snap/firefox/common/.mozilla/firefox/822g2zs2.default/settings/iFire-readme.txt
[10474] e9cc7fdfa3cf40f O /home/capstone/snap/firefox/common/.mozilla/firefox/822g2zs2.default/settings/data.safe.bin
[10474] e9cc7fdfa3cf40f O /home/capstone/snap/firefox/common/.mozilla/firefox/822g2zs2.default/datareporting/archived/2026-03/1773025322828.ad3950ff-61e2-4e72-868d-f4ec1b73a4e6.event.jsonlz4
[10474] e9cc7fdfa3cf40f O /home/capstone/snap/firefox/common/.mozilla/firefox/822g2zs2.default/gmp-gmpopenh264
[10474] e9cc7fdfa3cf40f O /home/capstone/snap/firefox/common/.mozilla/firefox/822g2zs2.default/datareporting/archived/2026-03/1772976458780.dc305ecc-f304-4ad2-a73c-d669361c7191.main.jsonlz4
[10474] e9cc7fdfa3cf40f O /home/capstone/.cache/thumbnails/large/ed152f180c20e468f6532294d4744514.png
[10474] e9cc7fdfa3cf40f O /home/capstone/.cache/thumbnails/large/c3aeb861c1d2518fdf7902cd7b9e4f24.png
[10474] e9cc7fdfa3cf40f O /home/capstone/.cache/thumbnails/large/1c12df43e631f840f337edbdeeed8693.png
[10474] e9cc7fdfa3cf40f O /home/capstone/.cache/thumbnails/large/dab6137422318213d87b12ab9d61e68d.png
[10474] e9cc7fdfa3cf40f O /home/capstone/snap/firefox/common/.mozilla/firefox/822g2zs2.default/datareporting/archived/2026-03/1773029726768.6f4b170b-d9a4-4025-9969-b39c9be9fe81.main.jsonlz4
[10474] e9cc7fdfa3cf40f O /home/capstone/Downloads/000/000143.pdf
[10474] e9cc7fdfa3cf40f O /home/capstone/snap/firefox/common/.mozilla/firefox/822g2zs2.default/security_state/20260307-0-default.filter.delta
[10474] e9cc7fdfa3cf40f C /home/capstone/snap/firefox/common/.mozilla/firefox/822g2zs2.default/gmp-gmpopenh264/iFire-readme.txt
[10474] e9cc7fdfa3cf40f O /home/capstone/snap/firefox/common/.mozilla/firefox/822g2zs2.default/gmp-gmpopenh264/2.6.0
[10474] e9cc7fdfa3cf40f O /home/capstone/snap/firefox/common/.mozilla/firefox/822g2zs2.default/datareporting/archived/2026-03/1772983629947.adbb46da-1b7b-4522-8b01-52b288e6a121.main.jsonlz4
[10474] e9cc7fdfa3cf40f C /home/capstone/snap/firefox/common/.mozilla/firefox/822g2zs2.default/gmp-gmpopenh264/2.6.0/iFire-readme.txt
[10474] e9cc7fdfa3cf40f O /home/capstone/snap/firefox/common/.mozilla/firefox/822g2zs2.default/gmp-gmpopenh264/2.6.0/gmpopenh264.info
[10474] e9cc7fdfa3cf40f O /home/capstone/snap/firefox/common/.mozilla/firefox/822g2zs2.default/datareporting/archived/2026-03/1773029726766.2ef123b3-6dd5-4343-bf1f-0ea239c7c483.event.jsonlz4
[10474] e9cc7fdfa3cf40f O /home/capstone/snap/firefox/common/.mozilla/firefox/822g2zs2.default/datareporting/archived/2026-03/1772987082905.dc04565e-67f5-4d07-99a3-76eba9c06bd5.health.jsonlz4
[10474] e9cc7fdfa3cf40f O /home/capstone/snap/firefox/common/.mozilla/firefox/822g2zs2.default/extensions
[10474] e9cc7fdfa3cf40f O /home/capstone/snap/firefox/common/.mozilla/firefox/822g2zs2.default/security_state/20260308-0-default.filter.delta
[10474] e9cc7fdfa3cf40f O /home/capstone/snap/firefox/common/.mozilla/firefox/822g2zs2.default/datareporting/archived/2026-03/1773028899024.13d40a8a-7e06-4240-8277-f0c4e14c2525.event.jsonlz4
[10474] e9cc7fdfa3cf40f C /home/capstone/snap/firefox/common/.mozilla/firefox/822g2zs2.default/extensions/iFire-readme.txt
[10474] e9cc7fdfa3cf40f O /home/capstone/snap/firefox/common/.mozilla/firefox/822g2zs2.default/extensions/langpack-en-US@firefox.mozilla.org.xpi
[10474] e9cc7fdfa3cf40f O /home/capstone/snap/firefox/common/.mozilla/firefox/822g2zs2.default/datareporting/archived/2026-03/1772984587424.93503099-807f-44d3-8001-1045d0b954da.main.jsonlz4
[10474] e9cc7fdfa3cf40f O /home/capstone/snap/firefox/common/.mozilla/firefox/822g2zs2.default/datareporting/archived/2026-03/1773028899026.28a8c88d-810b-4ddf-bc67-42994a6820e3.health.jsonlz4
[10474] e9cc7fdfa3cf40f O /home/capstone/.cache/thumbnails/large/4c369b8107cf08a8d5b1faec026f1dbd.png
[10474] e9cc7fdfa3cf40f O /home/capstone/.cache/thumbnails/large/45bf2ba656566d494e3db3b00558d185.png
[10474] e9cc7fdfa3cf40f O /home/capstone/.cache/thumbnails/large/e86ce0881dac088d65cb8d77d45c9eba.png
[10474] e9cc7fdfa3cf40f O /home/capstone/snap/firefox/common/.mozilla/firefox/822g2zs2.default/security_state/20260305-0-default.filter.delta
[10474] e9cc7fdfa3cf40f O /home/capstone/.cache/thumbnails/large/b52109071a6a16d0fc00eb83cd2bb6bf.png
[10474] e9cc7fdfa3cf40f O /home/capstone/.cache/thumbnails/large/c219847e66cba85c416265e4fe43350e.png
[10474] e9cc7fdfa3cf40f O /home/capstone/.cache/thumbnails/large/1e1447e0cf13a75c7184d340880c5d32.png
[10474] e9cc7fdfa3cf40f O /home/capstone/snap/firefox/common/.mozilla/firefox/822g2zs2.default/datareporting/archived/2026-03/1772984597414.9e234372-1a2f-42d9-b446-ff0702ff01d1.health.jsonlz4
[10474] e9cc7fdfa3cf40f O /home/capstone/snap/firefox/common/.mozilla/firefox/822g2zs2.default/datareporting/archived/2026-03/1772974650605.efc9ec70-5d0c-4d02-8fc4-96dd1a6f5708.new-profile.jsonlz4
[10474] e9cc7fdfa3cf40f O /home/capstone/snap/firefox/common/.mozilla/firefox/Crash Reports
[10474] e9cc7fdfa3cf40f O /home/capstone/snap/firefox/common/.mozilla/firefox/822g2zs2.default/security_state/crlite.filter
[10474] e9cc7fdfa3cf40f C /home/capstone/snap/firefox/common/.mozilla/firefox/Crash Reports/iFire-readme.txt
[10474] e9cc7fdfa3cf40f O /home/capstone/snap/firefox/common/.mozilla/firefox/Crash Reports/events
[10474] e9cc7fdfa3cf40f C /home/capstone/snap/firefox/common/.mozilla/firefox/Crash Reports/events/iFire-readme.txt
[10474] e9cc7fdfa3cf40f O /home/capstone/snap/firefox/common/.mozilla/firefox/822g2zs2.default/storage/default/https+++github.com/ls
[10474] e9cc7fdfa3cf40f O /home/capstone/snap/firefox/common/.mozilla/firefox/822g2zs2.default/storage/default/https+++www.naver.com
[10474] e9cc7fdfa3cf40f C /home/capstone/snap/firefox/common/.mozilla/firefox/822g2zs2.default/storage/default/https+++github.com/ls/iFire-readme.txt
[10474] e9cc7fdfa3cf40f O /home/capstone/snap/firefox/common/.mozilla/firefox/822g2zs2.default/storage/default/https+++github.com/ls/data.sqlite
[10474] e9cc7fdfa3cf40f C /home/capstone/snap/firefox/common/.mozilla/firefox/822g2zs2.default/storage/default/https+++www.naver.com/iFire-readme.txt
[10474] e9cc7fdfa3cf40f O /home/capstone/snap/firefox/common/.mozilla/firefox/822g2zs2.default/storage/default/https+++www.google.com/ls
[10474] e9cc7fdfa3cf40f O /home/capstone/.cache/thumbnails/large/8da5a7366fcf7a3ead52c46250e4c8ed.png
[10474] e9cc7fdfa3cf40f O /home/capstone/.local/share
[10474] e9cc7fdfa3cf40f C /home/capstone/.local/share/iFire-readme.txt
[10474] e9cc7fdfa3cf40f C /home/capstone/snap/firefox/common/.mozilla/firefox/822g2zs2.default/storage/default/https+++www.google.com/ls/iFire-readme.txt
[10474] e9cc7fdfa3cf40f O /home/capstone/snap/firefox/common/.mozilla/firefox/822g2zs2.default/storage/default/https+++www.google.com/ls/data.sqlite
[10474] e9cc7fdfa3cf40f O /home/capstone/.cache/thumbnails/large/17cf9f28fe3c88f27ee031a2d014f418.png
[10474] e9cc7fdfa3cf40f O /home/capstone/.cache/thumbnails/large/fa4857b0ac75def179c8ea97c232c3e3.png
[10474] e9cc7fdfa3cf40f O /home/capstone/.local/share/recently-used.xbel
[10474] e9cc7fdfa3cf40f O /home/capstone/snap/firefox/common/.cache/mozilla/firefox/822g2zs2.default/startupCache/urlCache-current.bin
[10474] e9cc7fdfa3cf40f O /home/capstone/snap/firefox/common/.cache/mozilla/firefox/822g2zs2.default/safebrowsing/google4/goog-unwanted-proto.vlpset
[10474] e9cc7fdfa3cf40f O /home/capstone/snap/firefox/common/.cache/mozilla/firefox/822g2zs2.default/startupCache/scriptCache-child-current.bin
[10474] e9cc7fdfa3cf40f O /home/capstone/snap/firefox/common/.cache/mozilla/firefox/822g2zs2.default/safebrowsing/google4/goog-unwanted-proto.metadata
[10474] e9cc7fdfa3cf40f O /home/capstone/snap/firefox/common/.cache/mozilla/firefox/822g2zs2.default/safebrowsing/google4/goog-downloadwhite-proto.vlpset
[10474] e9cc7fdfa3cf40f O /home/capstone/snap/firefox/common/.cache/mozilla/firefox/822g2zs2.default/safebrowsing/google4/goog-phish-proto.metadata
[10474] e9cc7fdfa3cf40f O /home/capstone/snap/firefox/common/.cache/mozilla/firefox/822g2zs2.default/safebrowsing/google4/goog-malware-proto.vlpset
[10474] e9cc7fdfa3cf40f O /home/capstone/snap/firefox/common/.cache/mozilla/firefox/822g2zs2.default/safebrowsing/google4/goog-badbinurl-proto.metadata
[10474] e9cc7fdfa3cf40f O /home/capstone/snap/firefox/common/.cache/mozilla/firefox/822g2zs2.default/safebrowsing/google4/goog-badbinurl-proto.vlpset
[10474] e9cc7fdfa3cf40f O /home/capstone/snap/firefox/common/.cache/mozilla/firefox/822g2zs2.default/safebrowsing/google4/goog-downloadwhite-proto.metadata
[10474] e9cc7fdfa3cf40f O /home/capstone/snap/firefox/common/.cache/mozilla/firefox/822g2zs2.default/safebrowsing/google4/goog-malware-proto.metadata
[10474] e9cc7fdfa3cf40f O /home/capstone/snap/firefox/common/.mozilla/firefox/822g2zs2.default/extension-store
[10474] e9cc7fdfa3cf40f C /home/capstone/snap/firefox/common/.mozilla/firefox/822g2zs2.default/extension-store/iFire-readme.txt
[10474] e9cc7fdfa3cf40f O /home/capstone/snap/firefox/common/.mozilla/firefox/822g2zs2.default/bookmarkbackups
[10474] e9cc7fdfa3cf40f C /home/capstone/snap/firefox/common/.mozilla/firefox/822g2zs2.default/bookmarkbackups/iFire-readme.txt
[10474] e9cc7fdfa3cf40f O /home/capstone/snap/firefox/common/.mozilla/firefox/822g2zs2.default/bookmarkbackups/bookmarks-2026-03-09_10_6yjaWfbbnQyRjCsU9Tg-ibOJGTD-16na72wDo2goTVo=.jsonlz4
[10474] e9cc7fdfa3cf40f O /home/capstone/snap/firefox/common/.mozilla/firefox/822g2zs2.default/sessionstore-backups
[10474] e9cc7fdfa3cf40f C /home/capstone/snap/firefox/common/.mozilla/firefox/822g2zs2.default/sessionstore-backups/iFire-readme.txt
[10474] e9cc7fdfa3cf40f O /home/capstone/snap/firefox/common/.mozilla/firefox/822g2zs2.default/sessionstore-backups/previous.jsonlz4
[10474] e9cc7fdfa3cf40f O /home/capstone/snap/firefox/common/.mozilla/firefox/822g2zs2.default/storage
[10474] e9cc7fdfa3cf40f O /home/capstone/snap/firefox/common/.cache/mozilla/firefox/822g2zs2.default/startupCache/webext.sc.lz4
[10474] e9cc7fdfa3cf40f C /home/capstone/snap/firefox/common/.mozilla/firefox/822g2zs2.default/storage/iFire-readme.txt
[10474] e9cc7fdfa3cf40f O /home/capstone/snap/firefox/common/.mozilla/firefox/822g2zs2.default/storage/ls-archive.sqlite
[10474] e9cc7fdfa3cf40f O /home/capstone/snap/firefox/common/.mozilla/firefox/822g2zs2.default/storage/temporary
[10474] e9cc7fdfa3cf40f C /home/capstone/snap/firefox/common/.mozilla/firefox/822g2zs2.default/storage/temporary/iFire-readme.txt
[10474] e9cc7fdfa3cf40f O /home/capstone/snap/firefox/common/.mozilla/firefox/822g2zs2.default/storage/default
[10474] e9cc7fdfa3cf40f C /home/capstone/snap/firefox/common/.mozilla/firefox/822g2zs2.default/storage/default/iFire-readme.txt
[10474] e9cc7fdfa3cf40f O /home/capstone/snap/firefox/common/.mozilla/firefox/822g2zs2.default/storage/default/https+++github.com
[10474] e9cc7fdfa3cf40f O /home/capstone/snap/firefox/common/.mozilla/firefox/822g2zs2.default/storage/default/https+++search.naver.com
[10474] e9cc7fdfa3cf40f C /home/capstone/snap/firefox/common/.mozilla/firefox/822g2zs2.default/storage/default/https+++github.com/iFire-readme.txt
[10474] e9cc7fdfa3cf40f C /home/capstone/snap/firefox/common/.mozilla/firefox/822g2zs2.default/storage/default/https+++search.naver.com/iFire-readme.txt
[10474] e9cc7fdfa3cf40f O /home/capstone/snap/firefox/common/.mozilla/firefox/822g2zs2.default/storage/default/https+++search.naver.com/ls
[10474] e9cc7fdfa3cf40f O /home/capstone/snap/firefox/common/.mozilla/firefox/822g2zs2.default/storage/default/https+++mail.naver.com
[10474] e9cc7fdfa3cf40f C /home/capstone/snap/firefox/common/.mozilla/firefox/822g2zs2.default/storage/default/https+++search.naver.com/ls/iFire-readme.txt
[10474] e9cc7fdfa3cf40f O /home/capstone/snap/firefox/common/.mozilla/firefox/822g2zs2.default/storage/default/https+++search.naver.com/ls/data.sqlite
[10474] e9cc7fdfa3cf40f O /home/capstone/snap/firefox/common/.mozilla/firefox/822g2zs2.default/storage/default/https+++nid.naver.com
[10474] e9cc7fdfa3cf40f C /home/capstone/snap/firefox/common/.mozilla/firefox/822g2zs2.default/storage/default/https+++mail.naver.com/iFire-readme.txt
[10474] e9cc7fdfa3cf40f O /home/capstone/snap/firefox/common/.mozilla/firefox/822g2zs2.default/storage/default/https+++mail.naver.com/ls
[10474] e9cc7fdfa3cf40f C /home/capstone/snap/firefox/common/.mozilla/firefox/822g2zs2.default/storage/default/https+++nid.naver.com/iFire-readme.txt
[10474] e9cc7fdfa3cf40f O /home/capstone/snap/firefox/common/.mozilla/firefox/822g2zs2.default/storage/default/https+++nid.naver.com/ls
[10474] e9cc7fdfa3cf40f C /home/capstone/snap/firefox/common/.mozilla/firefox/822g2zs2.default/storage/default/https+++mail.naver.com/ls/iFire-readme.txt
[10474] e9cc7fdfa3cf40f C /home/capstone/snap/firefox/common/.mozilla/firefox/822g2zs2.default/storage/default/https+++nid.naver.com/ls/iFire-readme.txt
[10474] e9cc7fdfa3cf40f O /home/capstone/snap/firefox/common/.mozilla/firefox/822g2zs2.default/storage/default/https+++nid.naver.com/ls/data.sqlite
[10474] e9cc7fdfa3cf40f O /home/capstone/snap/firefox/common/.mozilla/firefox/822g2zs2.default/storage/default/https+++mail.naver.com/ls/data.sqlite
[10474] e9cc7fdfa3cf40f O /home/capstone/snap/firefox/common/.mozilla/firefox/822g2zs2.default/storage/default/https+++nid.naver.com/idb
[10474] e9cc7fdfa3cf40f O /home/capstone/snap/firefox/common/.mozilla/firefox/822g2zs2.default/storage/default/https+++www.google.com
[10474] e9cc7fdfa3cf40f C /home/capstone/snap/firefox/common/.mozilla/firefox/822g2zs2.default/storage/default/https+++nid.naver.com/idb/iFire-readme.txt
[10474] e9cc7fdfa3cf40f O /home/capstone/snap/firefox/common/.mozilla/firefox/822g2zs2.default/storage/default/https+++nid.naver.com/idb/2135660075ientParvi.sqlite
[10474] e9cc7fdfa3cf40f C /home/capstone/snap/firefox/common/.mozilla/firefox/822g2zs2.default/storage/permanent/chrome/idb/3870112724rsegmnoittet-es.files/iFire-readme.txt
[10474] e9cc7fdfa3cf40f O /home/capstone/snap/firefox/common/.mozilla/firefox/822g2zs2.default/storage/permanent/chrome/idb/3870112724rsegmnoittet-es.files/journals
[10474] e9cc7fdfa3cf40f C /home/capstone/snap/firefox/common/.mozilla/firefox/822g2zs2.default/storage/permanent/chrome/idb/3870112724rsegmnoittet-es.files/journals/iFire-readme.txt
[10474] e9cc7fdfa3cf40f O /home/capstone/.local/share/Trash
[10474] e9cc7fdfa3cf40f C /home/capstone/.local/share/Trash/iFire-readme.txt
[10474] e9cc7fdfa3cf40f O /home/capstone/.local/share/Trash/info
[10474] e9cc7fdfa3cf40f C /home/capstone/.local/share/Trash/info/iFire-readme.txt
[10474] e9cc7fdfa3cf40f O /home/capstone/.local/share/Trash/info/000021.4.pdf.encrypted.trashinfo
[10474] e9cc7fdfa3cf40f O /home/capstone/.local/share/Trash/info/000036.xls.encrypted.trashinfo
[10474] e9cc7fdfa3cf40f O /home/capstone/.local/share/Trash/info/000014.html.encrypted.trashinfo
[10474] e9cc7fdfa3cf40f O /home/capstone/.local/share/Trash/info/000018.4.pdf.encrypted.trashinfo
[10474] e9cc7fdfa3cf40f O /home/capstone/snap/firefox/common/.mozilla/firefox/822g2zs2.default/storage/permanent/chrome/idb/1451318868ntouromlalnodry--epcr.files
[10474] e9cc7fdfa3cf40f O /home/capstone/snap/firefox/common/.mozilla/firefox/822g2zs2.default/storage/permanent/chrome/idb/3561288849sdhlie.files
[10474] e9cc7fdfa3cf40f C /home/capstone/snap/firefox/common/.mozilla/firefox/822g2zs2.default/storage/permanent/chrome/idb/1451318868ntouromlalnodry--epcr.files/iFire-readme.txt
[10474] e9cc7fdfa3cf40f O /home/capstone/.cache/thumbnails/large/ec965f10987bc36da47862c2f13ecd03.png
[10474] e9cc7fdfa3cf40f O /home/capstone/.local/share/Trash/info/000084.txt.encrypted.trashinfo
[10474] e9cc7fdfa3cf40f O /home/capstone/.local/share/Trash/info/000000.3.swf.encrypted.trashinfo
[10474] e9cc7fdfa3cf40f O /home/capstone/.local/share/Trash/info/000022.4.pdf.encrypted.trashinfo
[10474] e9cc7fdfa3cf40f O /home/capstone/.local/share/Trash/info/000003.4.doc.encrypted.trashinfo
[10474] e9cc7fdfa3cf40f O /home/capstone/.local/share/Trash/info/000016.4.pdf.encrypted.trashinfo
[10474] e9cc7fdfa3cf40f O /home/capstone/.local/share/Trash/info/000070.html.encrypted.trashinfo
[10474] e9cc7fdfa3cf40f O /home/capstone/.local/share/Trash/info/000081.txt.encrypted.trashinfo
[10474] e9cc7fdfa3cf40f O /home/capstone/.local/share/Trash/info/000015.3.pdf.encrypted.trashinfo
[10474] e9cc7fdfa3cf40f O /home/capstone/.local/share/Trash/info/000006.2.doc.encrypted.trashinfo
[10474] e9cc7fdfa3cf40f O /home/capstone/.local/share/Trash/info/000013.3.pdf.encrypted.trashinfo
[10474] e9cc7fdfa3cf40f O /home/capstone/.local/share/Trash/info/000046.xls.encrypted.trashinfo
[10474] e9cc7fdfa3cf40f O /home/capstone/.local/share/Trash/info/000018.pdf.encrypted.trashinfo
[10474] e9cc7fdfa3cf40f O /home/capstone/.local/share/Trash/info/000022.pdf.encrypted.trashinfo
[10474] e9cc7fdfa3cf40f O /home/capstone/.local/share/Trash/info/000021.3.pdf.encrypted.trashinfo
[10474] e9cc7fdfa3cf40f O /home/capstone/.local/share/Trash/info/000073.html.encrypted.trashinfo
[10474] e9cc7fdfa3cf40f O /home/capstone/.local/share/Trash/expunged
[10474] e9cc7fdfa3cf40f C /home/capstone/.local/share/Trash/expunged/iFire-readme.txt
[10474] e9cc7fdfa3cf40f O /home/capstone/.local/share/Trash/files
[10474] e9cc7fdfa3cf40f C /home/capstone/.local/share/Trash/files/iFire-readme.txt
[10474] e9cc7fdfa3cf40f O /home/capstone/.local/share/Trash/info/000002.2.doc.encrypted.trashinfo
[10474] e9cc7fdfa3cf40f O /home/capstone/.local/share/Trash/info/000018.2.pdf.encrypted.trashinfo
[2987] pool O /home/capstone/.local/share/Trash/info/iFire-readme.txt.trashinfo
[10474] e9cc7fdfa3cf40f C /home/capstone/snap/firefox/common/.mozilla/firefox/822g2zs2.default/storage/permanent/chrome/idb/3561288849sdhlie.files/iFire-readme.txt
[10474] e9cc7fdfa3cf40f O /home/capstone/.local/share/gvfs-metadata
[10474] e9cc7fdfa3cf40f C /home/capstone/.local/share/gvfs-metadata/iFire-readme.txt
[10474] e9cc7fdfa3cf40f O /home/capstone/.local/share/gvfs-metadata/root-2732a332.log
[10474] e9cc7fdfa3cf40f O /home/capstone/.local/share/gvfs-metadata/home-3560ed8f.log
[10474] e9cc7fdfa3cf40f O /home/capstone/.local/share/evolution
[10474] e9cc7fdfa3cf40f C /home/capstone/.local/share/evolution/iFire-readme.txt
[10474] e9cc7fdfa3cf40f O /home/capstone/.local/share/evolution/calendar
[10474] e9cc7fdfa3cf40f O /home/capstone/.local/share/Trash/info/000079.html.encrypted.trashinfo
[10474] e9cc7fdfa3cf40f O /home/capstone/.local/share/Trash/info/000007.3.doc.encrypted.trashinfo
[10474] e9cc7fdfa3cf40f O /home/capstone/.local/share/Trash/info/000013.4.pdf.encrypted.trashinfo
[10474] e9cc7fdfa3cf40f C /home/capstone/.local/share/evolution/calendar/iFire-readme.txt
[10474] e9cc7fdfa3cf40f O /home/capstone/.local/share/evolution/calendar/system
[10474] e9cc7fdfa3cf40f O /home/capstone/.local/share/Trash/info/000010.3.pdf.encrypted.trashinfo
[10474] e9cc7fdfa3cf40f O /home/capstone/.local/share/Trash/info/000013.2.pdf.encrypted.trashinfo
[10474] e9cc7fdfa3cf40f O /home/capstone/.local/share/Trash/info/000011.2.pdf.encrypted.trashinfo
[10474] e9cc7fdfa3cf40f O /home/capstone/.cache/thumbnails/large/f6f1b82b722cde2458a1c607f9f6629b.png
[10474] e9cc7fdfa3cf40f O /home/capstone/.cache/thumbnails/large/d81be1133720a17f445ebd24b6d9909b.png
[10474] e9cc7fdfa3cf40f O /home/capstone/.cache/thumbnails/large/26976dc650a5e5707bfcdeacb1c7d304.png
[10474] e9cc7fdfa3cf40f O /home/capstone/.cache/thumbnails/large/585423ea621871355ac2ca2e0cef4233.png
[10474] e9cc7fdfa3cf40f C /home/capstone/.local/share/evolution/tasks/system/iFire-readme.txt
[10474] e9cc7fdfa3cf40f O /home/capstone/.local/share/evolution/tasks/trash
[10474] e9cc7fdfa3cf40f C /home/capstone/.local/share/evolution/tasks/trash/iFire-readme.txt
[10474] e9cc7fdfa3cf40f O /home/capstone/.local/share/evolution/mail
[10474] e9cc7fdfa3cf40f O /home/capstone/.local/share/Trash/files/000018.2.pdf.encrypted
[10474] e9cc7fdfa3cf40f C /home/capstone/.local/share/evolution/calendar/system/iFire-readme.txt
[10474] e9cc7fdfa3cf40f O /home/capstone/.local/share/evolution/calendar/system/calendar.ics
[10474] e9cc7fdfa3cf40f C /home/capstone/.local/share/evolution/mail/iFire-readme.txt
[10474] e9cc7fdfa3cf40f O /home/capstone/.local/share/evolution/mail/trash
[10474] e9cc7fdfa3cf40f C /home/capstone/.local/share/evolution/mail/trash/iFire-readme.txt
[10474] e9cc7fdfa3cf40f O /home/capstone/.local/share/evolution/addressbook
[2987] pool O /home/capstone/.local/share/Trash/info/000018.2.pdf.encrypted.iFire.trashinfo
[10474] e9cc7fdfa3cf40f O /home/capstone/project/venv/lib/python3.12/site-packages/__pycache__
[10474] e9cc7fdfa3cf40f O /home/capstone/project/test_files/000562.pdf
[10474] e9cc7fdfa3cf40f O /home/capstone/project/test_files/000591.pdf
[10474] e9cc7fdfa3cf40f C /home/capstone/project/venv/lib/python3.12/site-packages/__pycache__/iFire-readme.txt
[10474] e9cc7fdfa3cf40f O /home/capstone/project/venv/lib/python3.12/site-packages/numpy-2.4.2.dist-info
[10474] e9cc7fdfa3cf40f O /home/capstone/snap/firefox/common/.mozilla/firefox/822g2zs2.default/storage/permanent/chrome/idb/3561288849sdhlie.sqlite
[10474] e9cc7fdfa3cf40f O /home/capstone/snap/firefox/common/.mozilla/firefox/822g2zs2.default/storage/permanent/chrome/idb/1657114595AmcateirvtiSty.sqlite
[10474] e9cc7fdfa3cf40f O /home/capstone/snap/firefox/common/.mozilla/firefox/822g2zs2.default/storage/permanent/chrome/idb/2918063365piupsah.sqlite
[10474] e9cc7fdfa3cf40f O /home/capstone/snap/firefox/common/.mozilla/firefox/822g2zs2.default/storage/permanent/chrome/idb/2823318777ntouromlalnodry--naod.sqlite
[10474] e9cc7fdfa3cf40f O /home/capstone/.local/share/evolution/calendar/trash
[10474] e9cc7fdfa3cf40f C /home/capstone/.local/share/evolution/calendar/trash/iFire-readme.txt
[10474] e9cc7fdfa3cf40f O /home/capstone/.local/share/evolution/memos
[10474] e9cc7fdfa3cf40f C /home/capstone/.local/share/evolution/memos/iFire-readme.txt
[10474] e9cc7fdfa3cf40f O /home/capstone/.local/share/evolution/memos/trash
[10474] e9cc7fdfa3cf40f C /home/capstone/.local/share/evolution/memos/trash/iFire-readme.txt
[10474] e9cc7fdfa3cf40f O /home/capstone/.local/share/evolution/tasks
[10474] e9cc7fdfa3cf40f C /home/capstone/.local/share/evolution/tasks/iFire-readme.txt
[10474] e9cc7fdfa3cf40f O /home/capstone/.local/share/evolution/tasks/system
[10474] e9cc7fdfa3cf40f O /home/capstone/Downloads/000/000515.jpg
[10474] e9cc7fdfa3cf40f O /home/capstone/.local/share/Trash/info/000067.xml.encrypted.trashinfo
[10474] e9cc7fdfa3cf40f O /home/capstone/.local/share/Trash/info/000014.2.html.encrypted.trashinfo
[10474] e9cc7fdfa3cf40f O /home/capstone/.local/share/Trash/info/000008.2.ppt.encrypted.trashinfo
[10474] e9cc7fdfa3cf40f O /home/capstone/.local/share/Trash/info/000026.pdf.encrypted.trashinfo
[10474] e9cc7fdfa3cf40f O /home/capstone/.local/share/Trash/info/000035.xls.encrypted.trashinfo
[10474] e9cc7fdfa3cf40f O /home/capstone/.local/share/Trash/info/000009.4.pdf.encrypted.trashinfo
[10474] e9cc7fdfa3cf40f O /home/capstone/.local/share/Trash/info/000014.3.html.encrypted.trashinfo
[10474] e9cc7fdfa3cf40f O /home/capstone/.local/share/Trash/info/000016.pdf.encrypted.trashinfo
[10474] e9cc7fdfa3cf40f O /home/capstone/.local/share/Trash/info/000008.4.ppt.encrypted.trashinfo
[10474] e9cc7fdfa3cf40f O /home/capstone/.local/share/Trash/info/000017.4.swf.encrypted.trashinfo
[10474] e9cc7fdfa3cf40f O /home/capstone/Downloads/000/000037.xls
[10474] e9cc7fdfa3cf40f O /home/capstone/.local/share/Trash/info/000008.3.ppt.encrypted.trashinfo
[10474] e9cc7fdfa3cf40f O /home/capstone/.local/share/Trash/info/000075.html.encrypted.trashinfo
[10474] e9cc7fdfa3cf40f O /home/capstone/.local/share/Trash/info/000085.txt.encrypted.trashinfo
[10474] e9cc7fdfa3cf40f O /home/capstone/.local/share/Trash/info/000074.html.encrypted.trashinfo
[10474] e9cc7fdfa3cf40f O /home/capstone/.local/share/Trash/info/000055.xls.encrypted.trashinfo
[10474] e9cc7fdfa3cf40f O /home/capstone/.local/share/Trash/info/000017.swf.encrypted.trashinfo
[10474] e9cc7fdfa3cf40f O /home/capstone/.local/share/Trash/info/000006.4.doc.encrypted.trashinfo
[10474] e9cc7fdfa3cf40f O /home/capstone/.local/share/Trash/info/000080.html.encrypted.trashinfo
[10474] e9cc7fdfa3cf40f O /home/capstone/.cache/thumbnails/large/e05c4c966d7a74be3d290ce7965bec6b.png
[10474] e9cc7fdfa3cf40f O /home/capstone/.cache/thumbnails/large/71cf0e62a9cd515acfcffe682ad44e75.png
[10474] e9cc7fdfa3cf40f O /home/capstone/snap/firefox/common/.mozilla/firefox/822g2zs2.default/security_state/20260306-0-default.filter.delta
[10474] e9cc7fdfa3cf40f O /home/capstone/project/test_files/000868.jpg
[10474] e9cc7fdfa3cf40f O /home/capstone/project/test_files/000761.pdf
[10474] e9cc7fdfa3cf40f C /home/capstone/project/venv/lib/python3.12/site-packages/numpy-2.4.2.dist-info/iFire-readme.txt
[10474] e9cc7fdfa3cf40f O /home/capstone/project/venv/lib/python3.12/site-packages/numpy-2.4.2.dist-info/licenses
[10474] e9cc7fdfa3cf40f O /home/capstone/Downloads/000/000211.html
[10474] e9cc7fdfa3cf40f C /home/capstone/project/venv/lib/python3.12/site-packages/numpy-2.4.2.dist-info/licenses/iFire-readme.txt
[10474] e9cc7fdfa3cf40f O /home/capstone/project/venv/lib/python3.12/site-packages/numpy-2.4.2.dist-info/licenses/numpy
[10474] e9cc7fdfa3cf40f O /home/capstone/project/test/000001.doc.encrypted
[10474] e9cc7fdfa3cf40f C /home/capstone/project/venv/lib/python3.12/site-packages/numpy-2.4.2.dist-info/licenses/numpy/iFire-readme.txt
[10474] e9cc7fdfa3cf40f O /home/capstone/project/venv/lib/python3.12/site-packages/numpy-2.4.2.dist-info/licenses/numpy/random
[10474] e9cc7fdfa3cf40f O /home/capstone/project/test/000002.doc.encrypted
[10474] e9cc7fdfa3cf40f O /home/capstone/.cache/thumbnails/large/1f6583825c850e9a1a2515ca88e3c29a.png
[10474] e9cc7fdfa3cf40f O /home/capstone/.cache/thumbnails/large/b7c5450dcaefcca4990651886c1f49ca.png
[10474] e9cc7fdfa3cf40f C /home/capstone/project/venv/lib/python3.12/site-packages/numpy-2.4.2.dist-info/licenses/numpy/random/iFire-readme.txt
[10474] e9cc7fdfa3cf40f O /home/capstone/project/venv/lib/python3.12/site-packages/numpy-2.4.2.dist-info/licenses/numpy/random/LICENSE.md
[10474] e9cc7fdfa3cf40f O /home/capstone/Downloads/000/000606.pdf
[10474] e9cc7fdfa3cf40f O /home/capstone/snap/firefox/common/.mozilla/firefox/822g2zs2.default/security_state/data.safe.bin
[10474] e9cc7fdfa3cf40f O /home/capstone/.cache/thumbnails/large/63215eaf06571e99c26759225f909d43.png
[10474] e9cc7fdfa3cf40f O /home/capstone/.cache/thumbnails/large/d824faf9205996aa6c58b5b0c982e565.png
[10474] e9cc7fdfa3cf40f O /home/capstone/.cache/thumbnails/large/4fa1c3e5e4a1b4da450fb9164f4a55ea.png
[10474] e9cc7fdfa3cf40f O /home/capstone/project/venv/lib/python3.12/site-packages/numpy-2.4.2.dist-info/licenses/numpy/random/src
[10474] e9cc7fdfa3cf40f O /home/capstone/project/test/000000.swf.encrypted
[10474] e9cc7fdfa3cf40f O /home/capstone/project/test/000017.swf.encrypted
[10474] e9cc7fdfa3cf40f O /home/capstone/project/test/000010.pdf.encrypted
[10474] e9cc7fdfa3cf40f C /home/capstone/project/venv/lib/python3.12/site-packages/numpy-2.4.2.dist-info/licenses/numpy/random/src/iFire-readme.txt
[10474] e9cc7fdfa3cf40f O /home/capstone/project/venv/lib/python3.12/site-packages/numpy-2.4.2.dist-info/licenses/numpy/random/src/mt19937
[10474] e9cc7fdfa3cf40f O /home/capstone/Downloads/000/000048.xls
[10474] e9cc7fdfa3cf40f O /home/capstone/.cache/thumbnails/large/ff7d701949aae3e4ce79b90eeeaebe03.png
[2987] pool O /home/capstone/.local/share/Trash/info/000005.3.doc.encrypted.iFire.trashinfo
[2987] pool O /home/capstone/.local/share/Trash/info/000068.html.encrypted.iFire.trashinfo
[2987] pool O /home/capstone/.local/share/Trash/info/000013.pdf.encrypted.iFire.trashinfo
[2987] pool O /home/capstone/.local/share/Trash/info/000036.xls.encrypted.iFire.trashinfo
[2987] pool O /home/capstone/.local/share/Trash/info/000003.2.doc.encrypted.iFire.trashinfo
[2987] pool O /home/capstone/.local/share/Trash/info/000017.2.swf.encrypted.iFire.trashinfo
[2987] pool O /home/capstone/.local/share/Trash/info/000011.pdf.encrypted.iFire.trashinfo
[2987] pool O /home/capstone/.local/share/Trash/info/000041.xls.encrypted.iFire.trashinfo
[10474] e9cc7fdfa3cf40f C /home/capstone/project/venv/lib/python3.12/site-packages/numpy-2.4.2.dist-info/licenses/numpy/random/src/mt19937/iFire-readme.txt
[10474] e9cc7fdfa3cf40f O /home/capstone/project/venv/lib/python3.12/site-packages/numpy-2.4.2.dist-info/licenses/numpy/random/src/mt19937/LICENSE.md
[10474] e9cc7fdfa3cf40f O /home/capstone/.cache/thumbnails/large/2a6719d9fe903b8f636efc51e190e1e1.png
[10474] e9cc7fdfa3cf40f O /home/capstone/project/venv/lib/python3.12/site-packages/numpy-2.4.2.dist-info/licenses/numpy/random/src/splitmix64
[10474] e9cc7fdfa3cf40f O /home/capstone/.cache/thumbnails/large/29623646316e50d53315129b4ddd76f8.png
[10474] e9cc7fdfa3cf40f O /home/capstone/project/test/000018.pdf.encrypted
[10474] e9cc7fdfa3cf40f O /home/capstone/.cache/thumbnails/large/99b7557a0db1645d75b5bbc7fded036b.png
[10474] e9cc7fdfa3cf40f O /home/capstone/.cache/thumbnails/large/d447c5936ca3530c05acf9d1ad3f39aa.png
[10474] e9cc7fdfa3cf40f O /home/capstone/.cache/thumbnails/large/19ec0704728ff267e87c2fbb0505eb43.png
[10474] e9cc7fdfa3cf40f O /home/capstone/project/test/000022.pdf.encrypted
[10474] e9cc7fdfa3cf40f O /home/capstone/project/test/000005.doc.encrypted
[10474] e9cc7fdfa3cf40f C /home/capstone/project/venv/lib/python3.12/site-packages/numpy-2.4.2.dist-info/licenses/numpy/random/src/splitmix64/iFire-readme.txt
[10474] e9cc7fdfa3cf40f O /home/capstone/project/venv/lib/python3.12/site-packages/numpy-2.4.2.dist-info/licenses/numpy/random/src/splitmix64/LICENSE.md
[10474] e9cc7fdfa3cf40f O /home/capstone/project/venv/lib/python3.12/site-packages/numpy-2.4.2.dist-info/licenses/numpy/random/src/distributions
[10474] e9cc7fdfa3cf40f C /home/capstone/project/venv/lib/python3.12/site-packages/numpy-2.4.2.dist-info/licenses/numpy/random/src/distributions/iFire-readme.txt
[10474] e9cc7fdfa3cf40f O /home/capstone/project/venv/lib/python3.12/site-packages/numpy-2.4.2.dist-info/licenses/numpy/random/src/distributions/LICENSE.md
[10474] e9cc7fdfa3cf40f O /home/capstone/project/venv/lib/python3.12/site-packages/numpy-2.4.2.dist-info/licenses/numpy/random/src/pcg64
[10474] e9cc7fdfa3cf40f C /home/capstone/project/venv/lib/python3.12/site-packages/numpy-2.4.2.dist-info/licenses/numpy/random/src/pcg64/iFire-readme.txt
[10474] e9cc7fdfa3cf40f O /home/capstone/project/venv/lib/python3.12/site-packages/numpy-2.4.2.dist-info/licenses/numpy/random/src/pcg64/LICENSE.md
[10474] e9cc7fdfa3cf40f O /home/capstone/.local/share/Trash/files/000003.doc.encrypted
[10474] e9cc7fdfa3cf40f O /home/capstone/.local/share/Trash/files/000024.2.pdf.encrypted
[10474] e9cc7fdfa3cf40f O /home/capstone/.cache/thumbnails/large/b82f9763947f415ceaac178df717ecb4.png
[10474] e9cc7fdfa3cf40f O /home/capstone/project/venv/lib/python3.12/site-packages/numpy-2.4.2.dist-info/licenses/numpy/random/src/philox
[10474] e9cc7fdfa3cf40f O /home/capstone/.local/share/Trash/files/000047.xls.encrypted
[10474] e9cc7fdfa3cf40f C /home/capstone/project/venv/lib/python3.12/site-packages/numpy-2.4.2.dist-info/licenses/numpy/random/src/philox/iFire-readme.txt
[10474] e9cc7fdfa3cf40f O /home/capstone/project/venv/lib/python3.12/site-packages/numpy-2.4.2.dist-info/licenses/numpy/random/src/philox/LICENSE.md
[10474] e9cc7fdfa3cf40f O /home/capstone/project/test/000024.pdf.encrypted
[10474] e9cc7fdfa3cf40f O /home/capstone/project/test/000006.doc.encrypted
[10474] e9cc7fdfa3cf40f O /home/capstone/.cache/thumbnails/large/47eb9e69ed0cade5449630068712c161.png
[10474] e9cc7fdfa3cf40f O /home/capstone/.cache/thumbnails/large/dd40cdf069026751fda9f5de044403f9.png
[10474] e9cc7fdfa3cf40f O /home/capstone/.cache/thumbnails/large/e34da6f8b5176861f3b4951df2f0c1cc.png
[10474] e9cc7fdfa3cf40f O /home/capstone/.cache/thumbnails/large/30631a770466b67fef84681ff478bed6.png
[10474] e9cc7fdfa3cf40f O /home/capstone/project/venv/lib/python3.12/site-packages/numpy-2.4.2.dist-info/licenses/numpy/random/src/sfc64
[10474] e9cc7fdfa3cf40f O /home/capstone/project/venv/lib/python3.12/site-packages/numpy-2.4.2.dist-info/licenses/numpy/fft
[10474] e9cc7fdfa3cf40f O /home/capstone/project/test_files/000884.jpg
[10474] e9cc7fdfa3cf40f C /home/capstone/project/venv/lib/python3.12/site-packages/numpy-2.4.2.dist-info/licenses/numpy/random/src/sfc64/iFire-readme.txt
[10474] e9cc7fdfa3cf40f C /home/capstone/project/venv/lib/python3.12/site-packages/numpy-2.4.2.dist-info/licenses/numpy/fft/iFire-readme.txt
[10474] e9cc7fdfa3cf40f O /home/capstone/project/venv/lib/python3.12/site-packages/numpy-2.4.2.dist-info/licenses/numpy/fft/pocketfft
[10474] e9cc7fdfa3cf40f C /home/capstone/project/venv/lib/python3.12/site-packages/numpy-2.4.2.dist-info/licenses/numpy/fft/pocketfft/iFire-readme.txt
[10474] e9cc7fdfa3cf40f O /home/capstone/project/venv/lib/python3.12/site-packages/numpy-2.4.2.dist-info/licenses/numpy/fft/pocketfft/LICENSE.md
[10474] e9cc7fdfa3cf40f O /home/capstone/project/venv/lib/python3.12/site-packages/numpy-2.4.2.dist-info/licenses/numpy/random/src/sfc64/LICENSE.md
[10474] e9cc7fdfa3cf40f O /home/capstone/.cache/thumbnails/large/51f6e99612efc4d09244b47d0527dc2e.png
[10474] e9cc7fdfa3cf40f O /home/capstone/project/venv/lib/python3.12/site-packages/numpy-2.4.2.dist-info/licenses/numpy/ma
[10474] e9cc7fdfa3cf40f O /home/capstone/project/venv/lib/python3.12/site-packages/numpy-2.4.2.dist-info/licenses/numpy/_core
[10474] e9cc7fdfa3cf40f O /home/capstone/project/test_files/000772.ps
[10474] e9cc7fdfa3cf40f C /home/capstone/project/venv/lib/python3.12/site-packages/numpy-2.4.2.dist-info/licenses/numpy/ma/iFire-readme.txt
[10474] e9cc7fdfa3cf40f O /home/capstone/Downloads/000/000882.pdf
[10474] e9cc7fdfa3cf40f O /home/capstone/.local/share/Trash/files/000054.xls.encrypted
[10474] e9cc7fdfa3cf40f O /home/capstone/project/venv/lib/python3.12/site-packages/numpy-2.4.2.dist-info/licenses/numpy/linalg
[10474] e9cc7fdfa3cf40f C /home/capstone/project/venv/lib/python3.12/site-packages/numpy-2.4.2.dist-info/licenses/numpy/_core/iFire-readme.txt
[10474] e9cc7fdfa3cf40f O /home/capstone/project/venv/lib/python3.12/site-packages/numpy-2.4.2.dist-info/licenses/numpy/_core/src
[10474] e9cc7fdfa3cf40f O /home/capstone/.local/share/Trash/files/000027.2.csv.encrypted
[10474] e9cc7fdfa3cf40f C /home/capstone/project/venv/lib/python3.12/site-packages/numpy-2.4.2.dist-info/licenses/numpy/linalg/iFire-readme.txt
[10474] e9cc7fdfa3cf40f O /home/capstone/.cache/thumbnails/large/6bc52c53a2ff8827eea15901ca024d20.png
[10474] e9cc7fdfa3cf40f O /home/capstone/.local/share/Trash/files/000021.pdf.encrypted
[10474] e9cc7fdfa3cf40f O /home/capstone/.local/share/Trash/files/000016.pdf.encrypted
[10474] e9cc7fdfa3cf40f O /home/capstone/.local/share/Trash/files/000008.ppt.encrypted
[10474] e9cc7fdfa3cf40f O /home/capstone/project/venv/lib/python3.12/site-packages/numpy-2.4.2.dist-info/licenses/numpy/linalg/lapack_lite
[10474] e9cc7fdfa3cf40f O /home/capstone/.cache/thumbnails/large/9eafe0fa0b341b11cfbaccd9b6077e8a.png
[10474] e9cc7fdfa3cf40f O /home/capstone/.cache/thumbnails/large/c5eeb3591752e5ce5041c9197ee2468d.png
[10474] e9cc7fdfa3cf40f C /home/capstone/project/venv/lib/python3.12/site-packages/numpy-2.4.2.dist-info/licenses/numpy/linalg/lapack_lite/iFire-readme.txt
[10474] e9cc7fdfa3cf40f O /home/capstone/Downloads/000/000006.doc
[10474] e9cc7fdfa3cf40f O /home/capstone/.local/share/Trash/files/000017.3.swf.encrypted
[10474] e9cc7fdfa3cf40f O /home/capstone/project/venv/lib/python3.12/site-packages/numpy-2.4.2.dist-info/licenses/numpy/_core/include
[10474] e9cc7fdfa3cf40f C /home/capstone/project/venv/lib/python3.12/site-packages/numpy-2.4.2.dist-info/licenses/numpy/_core/src/iFire-readme.txt
[10474] e9cc7fdfa3cf40f O /home/capstone/project/venv/lib/python3.12/site-packages/numpy-2.4.2.dist-info/licenses/numpy/_core/src/npysort
[10474] e9cc7fdfa3cf40f O /home/capstone/.local/share/Trash/files/000015.pdf.encrypted
[10474] e9cc7fdfa3cf40f O /home/capstone/project/test_files/000274.doc
[10474] e9cc7fdfa3cf40f O /home/capstone/.local/share/Trash/files/000082.txt.encrypted
[10474] e9cc7fdfa3cf40f C /home/capstone/project/venv/lib/python3.12/site-packages/numpy-2.4.2.dist-info/licenses/numpy/_core/src/npysort/iFire-readme.txt
[10474] e9cc7fdfa3cf40f O /home/capstone/.local/share/Trash/files/000008.3.ppt.encrypted
[10474] e9cc7fdfa3cf40f O /home/capstone/Downloads/000/000260.doc
[10474] e9cc7fdfa3cf40f O /home/capstone/project/test_files/000151.doc
[10474] e9cc7fdfa3cf40f O /home/capstone/.cache/thumbnails/large/02d5327974ff4f91b65c8b11ea3515ad.png
[10474] e9cc7fdfa3cf40f O /home/capstone/project/venv/lib/python3.12/site-packages/numpy-2.4.2.dist-info/licenses/numpy/_core/src/npysort/x86-simd-sort
[10474] e9cc7fdfa3cf40f O /home/capstone/.local/share/Trash/files/000002.3.doc.encrypted
[10474] e9cc7fdfa3cf40f C /home/capstone/project/venv/lib/python3.12/site-packages/numpy-2.4.2.dist-info/licenses/numpy/_core/include/iFire-readme.txt
[10474] e9cc7fdfa3cf40f O /home/capstone/project/venv/lib/python3.12/site-packages/numpy-2.4.2.dist-info/licenses/numpy/_core/include/numpy
[10474] e9cc7fdfa3cf40f O /home/capstone/.local/share/Trash/files/000080.html.encrypted
[10474] e9cc7fdfa3cf40f O /home/capstone/.local/share/Trash/files/000066.html.encrypted
[10474] e9cc7fdfa3cf40f O /home/capstone/.local/share/Trash/files/000014.2.html.encrypted
[10474] e9cc7fdfa3cf40f O /home/capstone/.local/share/Trash/files/000016.3.pdf.encrypted
[10474] e9cc7fdfa3cf40f C /home/capstone/project/venv/lib/python3.12/site-packages/numpy-2.4.2.dist-info/licenses/numpy/_core/include/numpy/iFire-readme.txt
[10474] e9cc7fdfa3cf40f O /home/capstone/project/test_files/000145.pdf
[10474] e9cc7fdfa3cf40f O /home/capstone/project/venv/lib/python3.12/site-packages/numpy-2.4.2.dist-info/licenses/numpy/_core/include/numpy/libdivide
[10474] e9cc7fdfa3cf40f O /home/capstone/.cache/thumbnails/large/e73f082aa093f92db27eb72ebd5c48c1.png
[10474] e9cc7fdfa3cf40f O /home/capstone/.local/share/Trash/files/000026.pdf.encrypted
[10474] e9cc7fdfa3cf40f C /home/capstone/project/venv/lib/python3.12/site-packages/numpy-2.4.2.dist-info/licenses/numpy/_core/src/npysort/x86-simd-sort/iFire-readme.txt
[10474] e9cc7fdfa3cf40f O /home/capstone/project/venv/lib/python3.12/site-packages/numpy-2.4.2.dist-info/licenses/numpy/_core/src/npysort/x86-simd-sort/LICENSE.md
[10474] e9cc7fdfa3cf40f O /home/capstone/project/test_files/000963.doc
[10474] e9cc7fdfa3cf40f O /home/capstone/.local/share/Trash/files/000019.pdf.encrypted
[8185] nautilus O /home/capstone/.local/share/applications
[10474] e9cc7fdfa3cf40f O /home/capstone/.local/share/Trash/files/000025.pdf.encrypted
[8185] nautilus O /home/capstone/.local/share/applications/ubuntu-mimeapps.list
[8185] nautilus O /home/capstone/.local/share/applications/gnome-mimeapps.list
[8185] nautilus O /home/capstone/.local/share/applications/mimeapps.list
[8185] nautilus O /home/capstone/.local/share/applications/defaults.list
[8185] nautilus O /home/capstone/.local/share/applications/mimeinfo.cache
[10474] e9cc7fdfa3cf40f C /home/capstone/project/venv/lib/python3.12/site-packages/numpy-2.4.2.dist-info/licenses/numpy/_core/include/numpy/libdivide/iFire-readme.txt
[10474] e9cc7fdfa3cf40f O /home/capstone/.local/share/Trash/files/000012.pdf.encrypted
[10474] e9cc7fdfa3cf40f O /home/capstone/.local/share/Trash/files/000002.4.doc.encrypted
[10474] e9cc7fdfa3cf40f O /home/capstone/project/venv/lib/python3.12/site-packages/numpy-2.4.2.dist-info/licenses/numpy/_core/src/common
[10474] e9cc7fdfa3cf40f O /home/capstone/Downloads/000/000183.html
[10474] e9cc7fdfa3cf40f O /home/capstone/.local/share/Trash/files/000014.3.html.encrypted
[10474] e9cc7fdfa3cf40f O /home/capstone/.local/share/Trash/files/000022.3.pdf.encrypted
[10474] e9cc7fdfa3cf40f O /home/capstone/snap/firefox/common/.mozilla/firefox/822g2zs2.default/security_state/20260307-1-default.filter.delta
[10474] e9cc7fdfa3cf40f O /home/capstone/.local/share/Trash/files/000073.html.encrypted
[10474] e9cc7fdfa3cf40f O /home/capstone/project/venv/lib/python3.12/site-packages/numpy-2.4.2.dist-info/licenses/numpy/_core/src/umath
[10474] e9cc7fdfa3cf40f C /home/capstone/project/venv/lib/python3.12/site-packages/numpy-2.4.2.dist-info/licenses/numpy/_core/src/umath/iFire-readme.txt
[10474] e9cc7fdfa3cf40f O /home/capstone/project/venv/lib/python3.12/site-packages/numpy-2.4.2.dist-info/licenses/numpy/_core/src/umath/svml
[10474] e9cc7fdfa3cf40f C /home/capstone/project/venv/lib/python3.12/site-packages/numpy-2.4.2.dist-info/licenses/numpy/_core/src/umath/svml/iFire-readme.txt
[10474] e9cc7fdfa3cf40f O /home/capstone/project/venv/lib/python3.12/site-packages/numpy-2.4.2.dist-info/licenses/numpy/_core/src/highway
[10474] e9cc7fdfa3cf40f C /home/capstone/project/venv/lib/python3.12/site-packages/numpy-2.4.2.dist-info/licenses/numpy/_core/src/highway/iFire-readme.txt
[10474] e9cc7fdfa3cf40f O /home/capstone/project/venv/lib/python3.12/site-packages/numpy.libs
[10474] e9cc7fdfa3cf40f C /home/capstone/project/venv/lib/python3.12/site-packages/numpy.libs/iFire-readme.txt
[10474] e9cc7fdfa3cf40f O /home/capstone/project/venv/lib/python3.12/site-packages/numpy.libs/libgfortran-040039e1-0352e75f.so.5.0.0
[10474] e9cc7fdfa3cf40f O /home/capstone/.local/share/Trash/files/000055.xls.encrypted
[10474] e9cc7fdfa3cf40f O /home/capstone/Downloads/000/000798.html
[10474] e9cc7fdfa3cf40f C /home/capstone/project/venv/lib/python3.12/site-packages/numpy-2.4.2.dist-info/licenses/numpy/_core/src/common/iFire-readme.txt
[10474] e9cc7fdfa3cf40f O /home/capstone/project/venv/lib/python3.12/site-packages/numpy-2.4.2.dist-info/licenses/numpy/_core/src/common/pythoncapi-compat
[10474] e9cc7fdfa3cf40f O /home/capstone/.cache/thumbnails/large/1559e79d7d5ac34d60ec1be4f13a0acb.png
[10474] e9cc7fdfa3cf40f O /home/capstone/.cache/thumbnails/large/276092f04b6f24723d9414306a1bb95c.png
[10474] e9cc7fdfa3cf40f O /home/capstone/.cache/thumbnails/large/b8cc0934c8c11949466e782007b49423.png
[10474] e9cc7fdfa3cf40f C /home/capstone/project/venv/lib/python3.12/site-packages/numpy-2.4.2.dist-info/licenses/numpy/_core/src/common/pythoncapi-compat/iFire-readme.txt
[10474] e9cc7fdfa3cf40f O /home/capstone/project/venv/lib/python3.12/site-packages/numpy-2.4.2.dist-info/licenses/numpy/_core/src/multiarray
[10474] e9cc7fdfa3cf40f O /home/capstone/Downloads/000/000031.xls
[10474] e9cc7fdfa3cf40f C /home/capstone/project/venv/lib/python3.12/site-packages/numpy-2.4.2.dist-info/licenses/numpy/_core/src/multiarray/iFire-readme.txt
[10474] e9cc7fdfa3cf40f O /home/capstone/project/venv/lib/python3.12/site-packages/pip-24.0.dist-info
[10474] e9cc7fdfa3cf40f O /home/capstone/project/test_files/000466.unk
[10474] e9cc7fdfa3cf40f O /home/capstone/project/test_files/000187.pdf
[10474] e9cc7fdfa3cf40f O /home/capstone/project/venv/lib/python3.12/site-packages/numpy
[10474] e9cc7fdfa3cf40f C /home/capstone/project/venv/lib/python3.12/site-packages/numpy/iFire-readme.txt
[10474] e9cc7fdfa3cf40f C /home/capstone/project/venv/lib/python3.12/site-packages/pip-24.0.dist-info/iFire-readme.txt
[10474] e9cc7fdfa3cf40f O /home/capstone/project/venv/lib/python3.12/site-packages/numpy/__pycache__
[10474] e9cc7fdfa3cf40f O /home/capstone/project/venv/lib/python3.12/site-packages/numpy/dtypes.py
[10474] e9cc7fdfa3cf40f O /home/capstone/project/venv/lib/python3.12/site-packages/numpy/dtypes.pyi
[10474] e9cc7fdfa3cf40f C /home/capstone/project/venv/lib/python3.12/site-packages/numpy/__pycache__/iFire-readme.txt
[10474] e9cc7fdfa3cf40f O /home/capstone/project/venv/lib/python3.12/site-packages/numpy/lib
[10474] e9cc7fdfa3cf40f O /home/capstone/.cache/thumbnails/large/370f2cd6523e658a53a7dd08f39715b5.png
[10474] e9cc7fdfa3cf40f O /home/capstone/.cache/thumbnails/large/ac0fda10c9c362d4dab10d23da53633f.png
[10474] e9cc7fdfa3cf40f O /home/capstone/.cache/thumbnails/large/6cdeb2fcd131c55ad158de43c022c247.png
[10474] e9cc7fdfa3cf40f O /home/capstone/.cache/thumbnails/large/20b7d7e7ddff6d79a02aeebdcdd0dff6.png
[10474] e9cc7fdfa3cf40f O /home/capstone/.cache/thumbnails/large/fe2a906ab46fff16993d867b5cc77230.png
[10474] e9cc7fdfa3cf40f O /home/capstone/project/venv/lib/python3.12/site-packages/numpy/exceptions.pyi
[10474] e9cc7fdfa3cf40f C /home/capstone/project/venv/lib/python3.12/site-packages/numpy/lib/iFire-readme.txt
[10474] e9cc7fdfa3cf40f O /home/capstone/project/venv/lib/python3.12/site-packages/numpy/lib/_arrayterator_impl.py
[10474] e9cc7fdfa3cf40f O /home/capstone/project/venv/lib/python3.12/site-packages/numpy/_globals.pyi
[10474] e9cc7fdfa3cf40f O /home/capstone/project/venv/lib/python3.12/site-packages/numpy/exceptions.py
[10474] e9cc7fdfa3cf40f O /home/capstone/project/venv/lib/python3.12/site-packages/numpy/matlib.py
[10474] e9cc7fdfa3cf40f O /home/capstone/project/venv/lib/python3.12/site-packages/numpy/lib/_version.pyi
[10474] e9cc7fdfa3cf40f O /home/capstone/project/venv/lib/python3.12/site-packages/numpy/__config__.pyi
[10474] e9cc7fdfa3cf40f O /home/capstone/project/venv/lib/python3.12/site-packages/numpy/lib/_scimath_impl.pyi
[10474] e9cc7fdfa3cf40f O /home/capstone/.cache/thumbnails/large/96d1991842da26b2c8f94145bcdb6292.png
[10474] e9cc7fdfa3cf40f O /home/capstone/project/venv/lib/python3.12/site-packages/numpy/version.pyi
[10474] e9cc7fdfa3cf40f O /home/capstone/.cache/thumbnails/large/9d8ffb6a37e9877870d98521bbe73950.png
[10474] e9cc7fdfa3cf40f O /home/capstone/.cache/thumbnails/large/40555d7cdd3d60e1437530dd50f2ab5f.png
[10474] e9cc7fdfa3cf40f O /home/capstone/.cache/thumbnails/large/7dc9cd11570c6d17321b70454a26b955.png
[10474] e9cc7fdfa3cf40f O /home/capstone/project/venv/lib/python3.12/site-packages/numpy/matlib.pyi
[10474] e9cc7fdfa3cf40f O /home/capstone/project/venv/lib/python3.12/site-packages/numpy/__config__.py
[10474] e9cc7fdfa3cf40f O /home/capstone/project/venv/lib/python3.12/site-packages/numpy/lib/stride_tricks.py
[10474] e9cc7fdfa3cf40f O /home/capstone/project/venv/lib/python3.12/site-packages/numpy/__init__.cython-30.pxd
[2987] pool O /home/capstone/.local/share/Trash/info/000043.xls.encrypted.iFire.trashinfo
[2987] pool O /home/capstone/.local/share/Trash/info/000003.doc.encrypted.iFire.trashinfo
[2987] pool O /home/capstone/.local/share/Trash/info/000024.2.pdf.encrypted.iFire.trashinfo
[2987] pool O /home/capstone/.local/share/Trash/info/000047.xls.encrypted.iFire.trashinfo
[2987] pool O /home/capstone/.local/share/Trash/info/000054.xls.encrypted.iFire.trashinfo
[2987] pool O /home/capstone/.local/share/Trash/info/000027.2.csv.encrypted.iFire.trashinfo
[2987] pool O /home/capstone/.local/share/Trash/info/000021.pdf.encrypted.iFire.trashinfo
[2987] pool O /home/capstone/.local/share/Trash/info/000016.pdf.encrypted.iFire.trashinfo
[2987] pool O /home/capstone/.local/share/Trash/info/000008.ppt.encrypted.iFire.trashinfo
[2987] pool O /home/capstone/.local/share/Trash/info/000017.3.swf.encrypted.iFire.trashinfo
[2987] pool O /home/capstone/.local/share/Trash/info/000015.pdf.encrypted.iFire.trashinfo
[2987] pool O /home/capstone/.local/share/Trash/info/000082.txt.encrypted.iFire.trashinfo
[2987] pool O /home/capstone/.local/share/Trash/info/000008.3.ppt.encrypted.iFire.trashinfo
[2987] pool O /home/capstone/.local/share/Trash/info/000002.3.doc.encrypted.iFire.trashinfo
[2987] pool O /home/capstone/.local/share/Trash/info/000080.html.encrypted.iFire.trashinfo
[2987] pool O /home/capstone/.local/share/Trash/info/000066.html.encrypted.iFire.trashinfo
[2987] pool O /home/capstone/.local/share/Trash/info/000014.2.html.encrypted.iFire.trashinfo
[2987] pool O /home/capstone/.local/share/Trash/info/000016.3.pdf.encrypted.iFire.trashinfo
[2987] pool O /home/capstone/.local/share/Trash/info/000026.pdf.encrypted.iFire.trashinfo
[2987] pool O /home/capstone/.local/share/Trash/info/000019.pdf.encrypted.iFire.trashinfo
[2987] pool O /home/capstone/.local/share/Trash/info/000025.pdf.encrypted.iFire.trashinfo
[2987] pool O /home/capstone/.local/share/Trash/info/000012.pdf.encrypted.iFire.trashinfo
[2987] pool O /home/capstone/.local/share/Trash/info/000002.4.doc.encrypted.iFire.trashinfo
[2987] pool O /home/capstone/.local/share/Trash/info/000014.3.html.encrypted.iFire.trashinfo
[2987] pool O /home/capstone/.local/share/Trash/info/000022.3.pdf.encrypted.iFire.trashinfo
[2987] pool O /home/capstone/.local/share/Trash/info/000073.html.encrypted.iFire.trashinfo
[10474] e9cc7fdfa3cf40f O /home/capstone/project/venv/lib/python3.12/site-packages/numpy/__init__.pxd
[10474] e9cc7fdfa3cf40f O /home/capstone/project/venv/lib/python3.12/site-packages/numpy/lib/_npyio_impl.pyi
[10474] e9cc7fdfa3cf40f O /home/capstone/project/venv/lib/python3.12/site-packages/numpy.libs/libquadmath-96973f99-934c22de.so.0.0.0
[10474] e9cc7fdfa3cf40f O /home/capstone/Downloads/000/000271.doc
[10474] e9cc7fdfa3cf40f O /home/capstone/project/venv/lib/python3.12/site-packages/numpy/lib/user_array.pyi
[10474] e9cc7fdfa3cf40f O /home/capstone/project/venv/lib/python3.12/site-packages/numpy/_configtool.pyi
[10474] e9cc7fdfa3cf40f O /home/capstone/project/venv/lib/python3.12/site-packages/numpy/lib/mixins.py
[10474] e9cc7fdfa3cf40f O /home/capstone/project/venv/lib/python3.12/site-packages/numpy/version.py
[10474] e9cc7fdfa3cf40f O /home/capstone/.cache/thumbnails/large/0bb958e0822337bfb19dbfcb96ef44c9.png
[10474] e9cc7fdfa3cf40f O /home/capstone/.cache/thumbnails/large/24a7cfc53d7ca6462ee6e05fb2712290.png
[10474] e9cc7fdfa3cf40f O /home/capstone/Downloads/000/000948.doc
[10474] e9cc7fdfa3cf40f O /home/capstone/project/venv/lib/python3.12/site-packages/numpy/lib/_arrayterator_impl.pyi
[10474] e9cc7fdfa3cf40f O /home/capstone/project/venv/lib/python3.12/site-packages/numpy/lib/_datasource.py
[10474] e9cc7fdfa3cf40f O /home/capstone/project/venv/lib/python3.12/site-packages/numpy/_expired_attrs_2_0.pyi
[10474] e9cc7fdfa3cf40f O /home/capstone/Downloads/000/000100.doc
[10474] e9cc7fdfa3cf40f O /home/capstone/project/venv/lib/python3.12/site-packages/numpy/_distributor_init.pyi
[10474] e9cc7fdfa3cf40f O /home/capstone/project/venv/lib/python3.12/site-packages/numpy/lib/_format_impl.pyi
[10474] e9cc7fdfa3cf40f O /home/capstone/project/venv/lib/python3.12/site-packages/numpy/_array_api_info.pyi
[10474] e9cc7fdfa3cf40f O /home/capstone/Downloads/000/000459.html
[10474] e9cc7fdfa3cf40f O /home/capstone/.cache/thumbnails/large/8442b0fd75697426dbca3909398bb8b4.png
[10474] e9cc7fdfa3cf40f O /home/capstone/project/venv/lib/python3.12/site-packages/numpy/lib/_type_check_impl.pyi
[10474] e9cc7fdfa3cf40f O /home/capstone/project/venv/lib/python3.12/site-packages/numpy/conftest.py
[10474] e9cc7fdfa3cf40f O /home/capstone/Downloads/000/000279.doc
[10474] e9cc7fdfa3cf40f O /home/capstone/project/venv/lib/python3.12/site-packages/numpy/lib/__pycache__
[10474] e9cc7fdfa3cf40f O /home/capstone/project/venv/lib/python3.12/site-packages/numpy/lib/_utils_impl.pyi
[10474] e9cc7fdfa3cf40f C /home/capstone/project/venv/lib/python3.12/site-packages/numpy/lib/__pycache__/iFire-readme.txt
[10474] e9cc7fdfa3cf40f O /home/capstone/project/venv/lib/python3.12/site-packages/numpy/_configtool.py
[10474] e9cc7fdfa3cf40f O /home/capstone/Downloads/000/000450.html
[10474] e9cc7fdfa3cf40f O /home/capstone/project/venv/lib/python3.12/site-packages/numpy/lib/tests
[10474] e9cc7fdfa3cf40f O /home/capstone/.cache/thumbnails/large/7ea4dbf511fe8bcf39d6e3f207c8601e.png
[10474] e9cc7fdfa3cf40f O /home/capstone/.cache/thumbnails/large/be12dc051ae93f17b952cdf4a341c9ca.png
[10474] e9cc7fdfa3cf40f O /home/capstone/.cache/thumbnails/large/36cfe1cc8839277b02e4937fe4bbd7f2.png
[10474] e9cc7fdfa3cf40f O /home/capstone/Downloads/000/000394.xls
[10474] e9cc7fdfa3cf40f O /home/capstone/project/venv/lib/python3.12/site-packages/numpy/lib/_function_base_impl.py
[10474] e9cc7fdfa3cf40f C /home/capstone/project/venv/lib/python3.12/site-packages/numpy/lib/tests/iFire-readme.txt
[10474] e9cc7fdfa3cf40f O /home/capstone/project/venv/lib/python3.12/site-packages/numpy/lib/tests/test_recfunctions.py
[10474] e9cc7fdfa3cf40f O /home/capstone/project/venv/lib/python3.12/site-packages/numpy/_pytesttester.pyi
[10474] e9cc7fdfa3cf40f O /home/capstone/project/venv/lib/python3.12/site-packages/numpy/lib/_twodim_base_impl.py
[10474] e9cc7fdfa3cf40f O /home/capstone/project/venv/lib/python3.12/site-packages/numpy/_expired_attrs_2_0.py
[10474] e9cc7fdfa3cf40f O /home/capstone/.cache/thumbnails/large/2782c55e7384b83b0dd8d1851e07fd1c.png
[10474] e9cc7fdfa3cf40f O /home/capstone/project/venv/lib/python3.12/site-packages/numpy/__init__.pyi
[10474] e9cc7fdfa3cf40f O /home/capstone/.cache/thumbnails/large/2f5c6c6a9257d435ca3283c1dfede92e.png
[10474] e9cc7fdfa3cf40f O /home/capstone/.cache/thumbnails/large/01d3ac219e7d61ff53be4125d38c13f3.png
[10474] e9cc7fdfa3cf40f O /home/capstone/project/venv/lib/python3.12/site-packages/numpy/__init__.py
[10474] e9cc7fdfa3cf40f O /home/capstone/.cache/thumbnails/large/c59db39f9fdfec74807c587fdf14d54e.png
[10474] e9cc7fdfa3cf40f O /home/capstone/project/venv/lib/python3.12/site-packages/numpy/_pytesttester.py
[10474] e9cc7fdfa3cf40f O /home/capstone/.cache/thumbnails/large/80017ccff8cd6fc3c8455349a5d94f69.png
[10474] e9cc7fdfa3cf40f O /home/capstone/project/venv/lib/python3.12/site-packages/numpy/_distributor_init.py
[10474] e9cc7fdfa3cf40f O /home/capstone/project/venv/lib/python3.12/site-packages/numpy/_array_api_info.py
[10474] e9cc7fdfa3cf40f O /home/capstone/project/venv/lib/python3.12/site-packages/numpy/_globals.py
[10474] e9cc7fdfa3cf40f O /home/capstone/project/venv/lib/python3.12/site-packages/numpy/lib/tests/__pycache__
[10474] e9cc7fdfa3cf40f C /home/capstone/project/venv/lib/python3.12/site-packages/numpy/lib/tests/__pycache__/iFire-readme.txt
[10474] e9cc7fdfa3cf40f O /home/capstone/project/venv/lib/python3.12/site-packages/numpy/lib/tests/data
[10474] e9cc7fdfa3cf40f C /home/capstone/project/venv/lib/python3.12/site-packages/numpy/lib/tests/data/iFire-readme.txt
[10474] e9cc7fdfa3cf40f O /home/capstone/project/venv/lib/python3.12/site-packages/numpy/lib/tests/data/py3-objarr.npy
[10474] e9cc7fdfa3cf40f O /home/capstone/project/venv/lib/python3.12/site-packages/numpy/lib/tests/data/py2-objarr.npz
[10474] e9cc7fdfa3cf40f O /home/capstone/project/venv/lib/python3.12/site-packages/numpy/lib/tests/data/win64python2.npy
[10474] e9cc7fdfa3cf40f O /home/capstone/project/venv/lib/python3.12/site-packages/numpy/lib/tests/data/python3.npy
[10474] e9cc7fdfa3cf40f O /home/capstone/project/venv/lib/python3.12/site-packages/numpy/lib/tests/data/py3-objarr.npz
[10474] e9cc7fdfa3cf40f O /home/capstone/project/venv/lib/python3.12/site-packages/numpy/lib/tests/data/py2-np0-objarr.npy
[10474] e9cc7fdfa3cf40f O /home/capstone/project/venv/lib/python3.12/site-packages/numpy/lib/tests/data/py2-objarr.npy
[10474] e9cc7fdfa3cf40f O /home/capstone/project/venv/lib/python3.12/site-packages/numpy/strings
[10474] e9cc7fdfa3cf40f C /home/capstone/project/venv/lib/python3.12/site-packages/numpy/strings/iFire-readme.txt
[10474] e9cc7fdfa3cf40f O /home/capstone/project/venv/lib/python3.12/site-packages/numpy/strings/__init__.pyi
[10474] e9cc7fdfa3cf40f O /home/capstone/project/venv/lib/python3.12/site-packages/numpy/strings/__init__.py
[10474] e9cc7fdfa3cf40f O /home/capstone/project/venv/lib/python3.12/site-packages/numpy/strings/__pycache__
[10474] e9cc7fdfa3cf40f C /home/capstone/project/venv/lib/python3.12/site-packages/numpy/strings/__pycache__/iFire-readme.txt
[10474] e9cc7fdfa3cf40f O /home/capstone/project/venv/lib/python3.12/site-packages/numpy/ctypeslib
[10474] e9cc7fdfa3cf40f C /home/capstone/project/venv/lib/python3.12/site-packages/numpy/ctypeslib/iFire-readme.txt
[10474] e9cc7fdfa3cf40f O /home/capstone/project/venv/lib/python3.12/site-packages/numpy/ctypeslib/_ctypeslib.py
[10474] e9cc7fdfa3cf40f O /home/capstone/project/venv/lib/python3.12/site-packages/numpy/ctypeslib/_ctypeslib.pyi
[10474] e9cc7fdfa3cf40f O /home/capstone/project/venv/lib/python3.12/site-packages/numpy/ctypeslib/__init__.pyi
[10474] e9cc7fdfa3cf40f O /home/capstone/project/venv/lib/python3.12/site-packages/numpy/ctypeslib/__init__.py
[10474] e9cc7fdfa3cf40f O /home/capstone/project/venv/lib/python3.12/site-packages/numpy/ctypeslib/__pycache__
[10474] e9cc7fdfa3cf40f C /home/capstone/project/venv/lib/python3.12/site-packages/numpy/ctypeslib/__pycache__/iFire-readme.txt
[10474] e9cc7fdfa3cf40f O /home/capstone/project/venv/lib/python3.12/site-packages/numpy/random
[10474] e9cc7fdfa3cf40f C /home/capstone/project/venv/lib/python3.12/site-packages/numpy/random/iFire-readme.txt
[10474] e9cc7fdfa3cf40f O /home/capstone/project/venv/lib/python3.12/site-packages/numpy/random/_mt19937.pyi
[10474] e9cc7fdfa3cf40f O /home/capstone/.local/share/Trash/files/000071.html.encrypted
[10474] e9cc7fdfa3cf40f O /home/capstone/project/venv/lib/python3.12/site-packages/numpy/random/_generator.pyi
[10474] e9cc7fdfa3cf40f O /home/capstone/.cache/thumbnails/large/2b9f77914fdb3e51fd0ad397c892dcb1.png
[10474] e9cc7fdfa3cf40f O /home/capstone/.local/share/Trash/files/000079.html.encrypted
[10474] e9cc7fdfa3cf40f O /home/capstone/project/venv/lib/python3.12/site-packages/numpy/random/_pickle.py
[10474] e9cc7fdfa3cf40f O /home/capstone/.cache/thumbnails/large/9ac6f87b0f9c2a6b06b2b0b67effe4fe.png
[10474] e9cc7fdfa3cf40f O /home/capstone/.cache/thumbnails/large/2b153913ec8a96a8cbc7dbf66dd7fe92.png
[10474] e9cc7fdfa3cf40f O /home/capstone/.cache/thumbnails/large/a42a5f7c8da4d5e83cb78f1b76d9fdf8.png
[10474] e9cc7fdfa3cf40f O /home/capstone/.cache/thumbnails/large/2fd61057f2ae0a4ca6e7d746e79a37c0.png
[10474] e9cc7fdfa3cf40f O /home/capstone/.cache/thumbnails/large/9cbb973c77ef9ba5527c1a0496e68108.png
[10474] e9cc7fdfa3cf40f O /home/capstone/project/venv/lib/python3.12/site-packages/numpy/random/mtrand.pyi
[10474] e9cc7fdfa3cf40f O /home/capstone/.local/share/Trash/files/000021.3.pdf.encrypted
[10474] e9cc7fdfa3cf40f O /home/capstone/.local/share/Trash/files/000003.4.doc.encrypted
[10474] e9cc7fdfa3cf40f O /home/capstone/.local/share/Trash/files/000030.2.xls.encrypted
[10474] e9cc7fdfa3cf40f O /home/capstone/project/venv/lib/python3.12/site-packages/numpy/random/_sfc64.pyi
[10474] e9cc7fdfa3cf40f O /home/capstone/project/venv/lib/python3.12/site-packages/numpy/random/_pickle.pyi
[10474] e9cc7fdfa3cf40f O /home/capstone/project/venv/lib/python3.12/site-packages/numpy/random/c_distributions.pxd
[10474] e9cc7fdfa3cf40f O /home/capstone/project/venv/lib/python3.12/site-packages/numpy/random/__init__.pxd
[10474] e9cc7fdfa3cf40f O /home/capstone/.cache/thumbnails/large/8aee80cbf391ccd684a3a54c428d4913.png
[10474] e9cc7fdfa3cf40f O /home/capstone/project/venv/lib/python3.12/site-packages/numpy/random/_philox.pyi
[10474] e9cc7fdfa3cf40f O /home/capstone/.cache/thumbnails/large/ce4650099c55dfccfc652ab2d792727d.png
[10474] e9cc7fdfa3cf40f O /home/capstone/.cache/thumbnails/large/219bcb764fc3823c7743ab4a10872ac0.png
[10474] e9cc7fdfa3cf40f O /home/capstone/.cache/thumbnails/large/6b3548bb6a4eb26ec45cdd9068c11467.png
[10474] e9cc7fdfa3cf40f O /home/capstone/project/venv/lib/python3.12/site-packages/numpy/random/_common.pxd
[10474] e9cc7fdfa3cf40f O /home/capstone/project/venv/lib/python3.12/site-packages/numpy/random/_common.pyi
[10474] e9cc7fdfa3cf40f O /home/capstone/project/venv/lib/python3.12/site-packages/numpy/random/bit_generator.pyi
[10474] e9cc7fdfa3cf40f O /home/capstone/project/venv/lib/python3.12/site-packages/numpy/random/_pcg64.pyi
[10474] e9cc7fdfa3cf40f O /home/capstone/project/venv/lib/python3.12/site-packages/numpy/random/_bounded_integers.pxd
[10474] e9cc7fdfa3cf40f O /home/capstone/project/venv/lib/python3.12/site-packages/numpy/random/_bounded_integers.pyi
[10474] e9cc7fdfa3cf40f O /home/capstone/project/venv/lib/python3.12/site-packages/numpy/random/bit_generator.pxd
[10474] e9cc7fdfa3cf40f O /home/capstone/.cache/thumbnails/large/1a3e77dae7da7a683a307133a4b78bf4.png
[10474] e9cc7fdfa3cf40f O /home/capstone/project/venv/lib/python3.12/site-packages/numpy/random/LICENSE.md
[10474] e9cc7fdfa3cf40f O /home/capstone/.cache/thumbnails/large/d6e43f7e10cc28f64b16f57b0a6ded12.png
[10474] e9cc7fdfa3cf40f O /home/capstone/.cache/thumbnails/large/a24b55e3287bc72a85ea903a6576ee25.png
[10474] e9cc7fdfa3cf40f O /home/capstone/.cache/thumbnails/large/680c768750fd7521c6efa08cbc5cbf39.png
[10474] e9cc7fdfa3cf40f O /home/capstone/.cache/thumbnails/large/bdd6c097c519d714c2f4564e94471139.png
[10474] e9cc7fdfa3cf40f O /home/capstone/.cache/thumbnails/large/0cb7f71d976fd2619162b9d2a1331863.png
[10474] e9cc7fdfa3cf40f O /home/capstone/project/venv/lib/python3.12/site-packages/numpy/random/__init__.pyi
[10474] e9cc7fdfa3cf40f O /home/capstone/project/venv/lib/python3.12/site-packages/numpy/random/__init__.py
[10474] e9cc7fdfa3cf40f O /home/capstone/.cache/thumbnails/large/aadbed9e679f56866b077a530c0ce4e9.png
[10474] e9cc7fdfa3cf40f O /home/capstone/project/venv/lib/python3.12/site-packages/numpy/random/__pycache__
[10474] e9cc7fdfa3cf40f O /home/capstone/.cache/thumbnails/large/1ab8e22b5bc1cae453290d8644daec50.png
[10474] e9cc7fdfa3cf40f C /home/capstone/project/venv/lib/python3.12/site-packages/numpy/random/__pycache__/iFire-readme.txt
[10474] e9cc7fdfa3cf40f O /home/capstone/project/venv/lib/python3.12/site-packages/numpy/random/lib
[10474] e9cc7fdfa3cf40f C /home/capstone/project/venv/lib/python3.12/site-packages/numpy/random/lib/iFire-readme.txt
[10474] e9cc7fdfa3cf40f O /home/capstone/project/venv/lib/python3.12/site-packages/numpy/random/tests
[10474] e9cc7fdfa3cf40f C /home/capstone/project/venv/lib/python3.12/site-packages/numpy/random/tests/iFire-readme.txt
[10474] e9cc7fdfa3cf40f O /home/capstone/project/venv/lib/python3.12/site-packages/numpy/random/tests/test_generator_mt19937.py
[10474] e9cc7fdfa3cf40f O /home/capstone/.cache/thumbnails/large/baea30754caefa2adc80a69681d184d8.png
[10474] e9cc7fdfa3cf40f O /home/capstone/.cache/thumbnails/large/03473c73ba0919a5f89bdebedee74873.png
[10474] e9cc7fdfa3cf40f O /home/capstone/project/venv/lib/python3.12/site-packages/numpy/random/tests/test_random.py
[10474] e9cc7fdfa3cf40f O /home/capstone/.cache/thumbnails/large/5008d4a761389c2c0e59a334ca747e94.png
[10474] e9cc7fdfa3cf40f O /home/capstone/.cache/thumbnails/large/db126511d1178eb53c37c9dd75913fa0.png
[10474] e9cc7fdfa3cf40f O /home/capstone/.cache/thumbnails/large/7eded0a37532e6cbff3c8d602d1b9369.png
[10474] e9cc7fdfa3cf40f O /home/capstone/project/venv/lib/python3.12/site-packages/numpy/random/tests/test_extending.py
[10474] e9cc7fdfa3cf40f O /home/capstone/project/venv/lib/python3.12/site-packages/numpy/random/tests/test_regression.py
[10474] e9cc7fdfa3cf40f O /home/capstone/project/venv/lib/python3.12/site-packages/numpy/random/tests/test_direct.py
[10474] e9cc7fdfa3cf40f O /home/capstone/project/venv/lib/python3.12/site-packages/numpy/random/tests/test_generator_mt19937_regressions.py
[10474] e9cc7fdfa3cf40f O /home/capstone/.cache/thumbnails/large/46071401e2ab233f42508852279d5638.png
[10474] e9cc7fdfa3cf40f O /home/capstone/.cache/thumbnails/large/85227ba070aa6e3b02a01493acfadcac.png
[10474] e9cc7fdfa3cf40f O /home/capstone/.cache/thumbnails/large/647edd76fc72bda2ab58f0e2160917e2.png
[10474] e9cc7fdfa3cf40f O /home/capstone/project/venv/lib/python3.12/site-packages/numpy/random/tests/test_randomstate.py
[10474] e9cc7fdfa3cf40f O /home/capstone/project/venv/lib/python3.12/site-packages/numpy/random/tests/__pycache__
[10474] e9cc7fdfa3cf40f O /home/capstone/project/venv/lib/python3.12/site-packages/numpy/random/tests/test_smoke.py
[10474] e9cc7fdfa3cf40f O /home/capstone/project/venv/lib/python3.12/site-packages/numpy/random/tests/test_randomstate_regression.py
[10474] e9cc7fdfa3cf40f O /home/capstone/project/venv/lib/python3.12/site-packages/numpy/random/tests/test_seed_sequence.py
[10474] e9cc7fdfa3cf40f C /home/capstone/project/venv/lib/python3.12/site-packages/numpy/random/tests/__pycache__/iFire-readme.txt
[10474] e9cc7fdfa3cf40f O /home/capstone/project/venv/lib/python3.12/site-packages/numpy/random/tests/data
[10474] e9cc7fdfa3cf40f O /home/capstone/project/venv/lib/python3.12/site-packages/numpy/random/_examples
[10474] e9cc7fdfa3cf40f C /home/capstone/project/venv/lib/python3.12/site-packages/numpy/random/_examples/iFire-readme.txt
[10474] e9cc7fdfa3cf40f O /home/capstone/project/venv/lib/python3.12/site-packages/numpy/random/_examples/cython
[10474] e9cc7fdfa3cf40f C /home/capstone/project/venv/lib/python3.12/site-packages/numpy/random/tests/data/iFire-readme.txt
[10474] e9cc7fdfa3cf40f C /home/capstone/project/venv/lib/python3.12/site-packages/numpy/random/_examples/cython/iFire-readme.txt
[10474] e9cc7fdfa3cf40f O /home/capstone/project/venv/lib/python3.12/site-packages/numpy/random/_examples/cython/extending.pyx
[10474] e9cc7fdfa3cf40f O /home/capstone/project/venv/lib/python3.12/site-packages/numpy/random/_examples/cython/extending_distributions.pyx
[10474] e9cc7fdfa3cf40f O /home/capstone/project/venv/lib/python3.12/site-packages/numpy/lib/_datasource.pyi
[10474] e9cc7fdfa3cf40f O /home/capstone/Downloads/000/000610.pdf
[10474] e9cc7fdfa3cf40f O /home/capstone/Downloads/000/000965.doc
[10474] e9cc7fdfa3cf40f O /home/capstone/project/venv/lib/python3.12/site-packages/numpy/lib/tests/test_type_check.py
[10474] e9cc7fdfa3cf40f O /home/capstone/project/venv/lib/python3.12/site-packages/numpy/lib/npyio.py
[10474] e9cc7fdfa3cf40f O /home/capstone/project/venv/lib/python3.12/site-packages/numpy/lib/tests/test_ufunclike.py
[10474] e9cc7fdfa3cf40f O /home/capstone/project/venv/lib/python3.12/site-packages/numpy/lib/_format_impl.py
[10474] e9cc7fdfa3cf40f O /home/capstone/Downloads/000/000429.html
[10474] e9cc7fdfa3cf40f O /home/capstone/Downloads/000/000682.jpg
[10474] e9cc7fdfa3cf40f O /home/capstone/project/venv/lib/python3.12/site-packages/numpy/random/_examples/cffi
[10474] e9cc7fdfa3cf40f O /home/capstone/project/venv/lib/python3.12/site-packages/numpy/lib/_array_utils_impl.py
[10474] e9cc7fdfa3cf40f C /home/capstone/project/venv/lib/python3.12/site-packages/numpy/random/_examples/cffi/iFire-readme.txt
[10474] e9cc7fdfa3cf40f O /home/capstone/project/venv/lib/python3.12/site-packages/numpy/random/_examples/cffi/extending.py
[10474] e9cc7fdfa3cf40f O /home/capstone/project/venv/lib/python3.12/site-packages/numpy/lib/scimath.py
[10474] e9cc7fdfa3cf40f O /home/capstone/Downloads/000/000997.ppt
[2608] gsd-sound O /home/capstone/.pulse/client.conf
[2608] gsd-sound O /home/capstone/.config/pulse/client.conf
[2608] gsd-sound O /home/capstone/.config/pulse/cookie
[10474] e9cc7fdfa3cf40f O /home/capstone/project/venv/lib/python3.12/site-packages/numpy/lib/npyio.pyi
[10474] e9cc7fdfa3cf40f O /home/capstone/project/venv/lib/python3.12/site-packages/numpy/random/_examples/numba/extending_distributions.py
[10474] e9cc7fdfa3cf40f O /home/capstone/project/venv/lib/python3.12/site-packages/numpy/random/_examples/cffi/parse.py
[10474] e9cc7fdfa3cf40f O /home/capstone/project/venv/lib/python3.12/site-packages/numpy/fft/__pycache__
[10474] e9cc7fdfa3cf40f C /home/capstone/project/venv/lib/python3.12/site-packages/numpy/fft/__pycache__/iFire-readme.txt
[10474] e9cc7fdfa3cf40f O /home/capstone/project/venv/lib/python3.12/site-packages/numpy/tests
[10474] e9cc7fdfa3cf40f O /home/capstone/project/venv/lib/python3.12/site-packages/numpy/_utils
[8200] pool-gjs O /home/capstone/Desktop
[10474] e9cc7fdfa3cf40f O /home/capstone/project/venv/lib/python3.12/site-packages/numpy/lib/_nanfunctions_impl.pyi
[10474] e9cc7fdfa3cf40f C /home/capstone/project/venv/lib/python3.12/site-packages/numpy/_utils/iFire-readme.txt
[10474] e9cc7fdfa3cf40f O /home/capstone/project/venv/lib/python3.12/site-packages/numpy/_utils/_inspect.pyi
[10474] e9cc7fdfa3cf40f C /home/capstone/project/venv/lib/python3.12/site-packages/numpy/tests/iFire-readme.txt
[10474] e9cc7fdfa3cf40f O /home/capstone/project/venv/lib/python3.12/site-packages/numpy/tests/test_warnings.py
[10474] e9cc7fdfa3cf40f O /home/capstone/Downloads/000/000706.doc
[10474] e9cc7fdfa3cf40f O /home/capstone/project/venv/lib/python3.12/site-packages/numpy/lib/_version.py
[10474] e9cc7fdfa3cf40f O /home/capstone/Downloads/000/000405.xls
[10474] e9cc7fdfa3cf40f O /home/capstone/project/venv/lib/python3.12/site-packages/numpy/_utils/_convertions.pyi
[10474] e9cc7fdfa3cf40f O /home/capstone/project/venv/lib/python3.12/site-packages/numpy/tests/test_matlib.py
[10474] e9cc7fdfa3cf40f O /home/capstone/project/venv/lib/python3.12/site-packages/numpy/lib/_stride_tricks_impl.pyi
[10474] e9cc7fdfa3cf40f O /home/capstone/project/venv/lib/python3.12/site-packages/numpy/_utils/_pep440.py
[10474] e9cc7fdfa3cf40f O /home/capstone/project/venv/lib/python3.12/site-packages/numpy/_utils/_convertions.py
[10474] e9cc7fdfa3cf40f O /home/capstone/project/venv/lib/python3.12/site-packages/numpy/lib/_histograms_impl.py
[10474] e9cc7fdfa3cf40f O /home/capstone/project/venv/lib/python3.12/site-packages/numpy/random/_examples/cython/meson.build
[10474] e9cc7fdfa3cf40f O /home/capstone/project/venv/lib/python3.12/site-packages/numpy/random/tests/data/pcg64-testset-2.csv
[10474] e9cc7fdfa3cf40f O /home/capstone/project/venv/lib/python3.12/site-packages/numpy/random/tests/data/__pycache__
[10474] e9cc7fdfa3cf40f O /home/capstone/project/venv/lib/python3.12/site-packages/numpy/random/tests/data/generator_pcg64_np126.pkl.gz
[10474] e9cc7fdfa3cf40f C /home/capstone/project/venv/lib/python3.12/site-packages/numpy/random/tests/data/__pycache__/iFire-readme.txt
[10474] e9cc7fdfa3cf40f O /home/capstone/project/venv/lib/python3.12/site-packages/numpy/random/_examples/numba
[10474] e9cc7fdfa3cf40f O /home/capstone/project/venv/lib/python3.12/site-packages/numpy/random/tests/data/mt19937-testset-2.csv
[10474] e9cc7fdfa3cf40f O /home/capstone/project/venv/lib/python3.12/site-packages/numpy/random/tests/data/sfc64-testset-1.csv
[10474] e9cc7fdfa3cf40f C /home/capstone/project/venv/lib/python3.12/site-packages/numpy/random/_examples/numba/iFire-readme.txt
[10474] e9cc7fdfa3cf40f O /home/capstone/project/venv/lib/python3.12/site-packages/numpy/random/_examples/numba/extending.py
[10474] e9cc7fdfa3cf40f O /home/capstone/project/venv/lib/python3.12/site-packages/numpy/random/tests/data/pcg64-testset-1.csv
[10474] e9cc7fdfa3cf40f O /home/capstone/project/venv/lib/python3.12/site-packages/numpy/random/tests/data/philox-testset-2.csv
[10474] e9cc7fdfa3cf40f O /home/capstone/project/venv/lib/python3.12/site-packages/numpy/random/tests/data/generator_pcg64_np121.pkl.gz
[10474] e9cc7fdfa3cf40f O /home/capstone/project/venv/lib/python3.12/site-packages/numpy/random/tests/data/pcg64dxsm-testset-2.csv
[10474] e9cc7fdfa3cf40f O /home/capstone/project/venv/lib/python3.12/site-packages/numpy/random/tests/data/pcg64dxsm-testset-1.csv
[10474] e9cc7fdfa3cf40f O /home/capstone/project/venv/lib/python3.12/site-packages/numpy/random/tests/data/sfc64-testset-2.csv
[10474] e9cc7fdfa3cf40f O /home/capstone/project/venv/lib/python3.12/site-packages/numpy/random/tests/data/mt19937-testset-1.csv
[10474] e9cc7fdfa3cf40f O /home/capstone/project/venv/lib/python3.12/site-packages/numpy/random/tests/data/sfc64_np126.pkl.gz
[10474] e9cc7fdfa3cf40f O /home/capstone/project/venv/lib/python3.12/site-packages/numpy/random/tests/data/philox-testset-1.csv
[10474] e9cc7fdfa3cf40f O /home/capstone/project/venv/lib/python3.12/site-packages/numpy/random/_examples/cffi/__pycache__
[10474] e9cc7fdfa3cf40f C /home/capstone/project/venv/lib/python3.12/site-packages/numpy/random/_examples/cffi/__pycache__/iFire-readme.txt
[10474] e9cc7fdfa3cf40f O /home/capstone/project/venv/lib/python3.12/site-packages/numpy/random/_examples/numba/__pycache__
[10474] e9cc7fdfa3cf40f C /home/capstone/project/venv/lib/python3.12/site-packages/numpy/random/_examples/numba/__pycache__/iFire-readme.txt
[10474] e9cc7fdfa3cf40f O /home/capstone/project/venv/lib/python3.12/site-packages/numpy/fft
[10474] e9cc7fdfa3cf40f C /home/capstone/project/venv/lib/python3.12/site-packages/numpy/fft/iFire-readme.txt
[10474] e9cc7fdfa3cf40f O /home/capstone/project/venv/lib/python3.12/site-packages/numpy/fft/_pocketfft.pyi
[10474] e9cc7fdfa3cf40f O /home/capstone/project/venv/lib/python3.12/site-packages/numpy/fft/_helper.pyi
[10474] e9cc7fdfa3cf40f O /home/capstone/project/venv/lib/python3.12/site-packages/numpy/fft/_pocketfft.py
[10474] e9cc7fdfa3cf40f O /home/capstone/project/venv/lib/python3.12/site-packages/numpy/fft/_helper.py
[10474] e9cc7fdfa3cf40f O /home/capstone/project/venv/lib/python3.12/site-packages/numpy/fft/__init__.pyi
[10474] e9cc7fdfa3cf40f O /home/capstone/project/venv/lib/python3.12/site-packages/numpy/fft/__init__.py
[10474] e9cc7fdfa3cf40f O /home/capstone/project/venv/lib/python3.12/site-packages/numpy/fft/tests
[10474] e9cc7fdfa3cf40f C /home/capstone/project/venv/lib/python3.12/site-packages/numpy/fft/tests/iFire-readme.txt
[10474] e9cc7fdfa3cf40f O /home/capstone/project/venv/lib/python3.12/site-packages/numpy/fft/tests/test_pocketfft.py
[10474] e9cc7fdfa3cf40f O /home/capstone/project/venv/lib/python3.12/site-packages/numpy/fft/tests/test_helper.py
[10474] e9cc7fdfa3cf40f O /home/capstone/project/venv/lib/python3.12/site-packages/numpy/fft/tests/__pycache__
[10474] e9cc7fdfa3cf40f C /home/capstone/project/venv/lib/python3.12/site-packages/numpy/fft/tests/__pycache__/iFire-readme.txt
[10474] e9cc7fdfa3cf40f O /home/capstone/project/venv/lib/python3.12/site-packages/numpy/typing
[10474] e9cc7fdfa3cf40f C /home/capstone/project/venv/lib/python3.12/site-packages/numpy/typing/iFire-readme.txt
[8200] gjs O /home/capstone/.config/dconf/user
[10474] e9cc7fdfa3cf40f O /home/capstone/project/venv/lib/python3.12/site-packages/numpy/typing/mypy_plugin.py
[10474] e9cc7fdfa3cf40f O /home/capstone/project/venv/lib/python3.12/site-packages/numpy/typing/__init__.pyi
[10474] e9cc7fdfa3cf40f O /home/capstone/project/venv/lib/python3.12/site-packages/numpy/typing/__init__.py
[8200] gjs O /home/capstone/.cache/thumbnails/large/49301c38ff36baaf63acc16042587cc2.png
[8200] gjs O /home/capstone/.cache/thumbnails/normal/49301c38ff36baaf63acc16042587cc2.png
[8200] gjs O /home/capstone/.cache/thumbnails/fail/gnome-thumbnail-factory/49301c38ff36baaf63acc16042587cc2.png
[10474] e9cc7fdfa3cf40f O /home/capstone/project/venv/lib/python3.12/site-packages/numpy/tests/test_scripts.py
[10474] e9cc7fdfa3cf40f C /home/capstone/project/venv/lib/python3.12/site-packages/numpy/typing/tests/__pycache__/iFire-readme.txt
[10474] e9cc7fdfa3cf40f O /home/capstone/project/venv/lib/python3.12/site-packages/numpy/typing/tests/data
[10474] e9cc7fdfa3cf40f O /home/capstone/project/venv/lib/python3.12/site-packages/numpy/tests/test_numpy_version.py
[10474] e9cc7fdfa3cf40f O /home/capstone/project/venv/lib/python3.12/site-packages/numpy/lib/array_utils.pyi
[10474] e9cc7fdfa3cf40f O /home/capstone/project/venv/lib/python3.12/site-packages/numpy/lib/_utils_impl.py
[10474] e9cc7fdfa3cf40f O /home/capstone/project/venv/lib/python3.12/site-packages/numpy/tests/test_public_api.py
[10474] e9cc7fdfa3cf40f C /home/capstone/project/venv/lib/python3.12/site-packages/numpy/typing/tests/data/iFire-readme.txt
[10474] e9cc7fdfa3cf40f O /home/capstone/project/venv/lib/python3.12/site-packages/numpy/typing/tests/data/fail
[10474] e9cc7fdfa3cf40f O /home/capstone/project/venv/lib/python3.12/site-packages/numpy/_utils/_inspect.py
[10474] e9cc7fdfa3cf40f O /home/capstone/project/venv/lib/python3.12/site-packages/numpy/lib/_arraysetops_impl.pyi
[10474] e9cc7fdfa3cf40f O /home/capstone/project/venv/lib/python3.12/site-packages/numpy/_utils/_pep440.pyi
[10474] e9cc7fdfa3cf40f O /home/capstone/project/venv/lib/python3.12/site-packages/numpy/tests/test__all__.py
[10474] e9cc7fdfa3cf40f C /home/capstone/project/venv/lib/python3.12/site-packages/numpy/typing/tests/data/fail/iFire-readme.txt
[10474] e9cc7fdfa3cf40f O /home/capstone/project/venv/lib/python3.12/site-packages/numpy/typing/tests/data/fail/array_like.pyi
[10474] e9cc7fdfa3cf40f O /home/capstone/project/venv/lib/python3.12/site-packages/numpy/_utils/__init__.pyi
[10474] e9cc7fdfa3cf40f O /home/capstone/project/venv/lib/python3.12/site-packages/numpy/lib/_nanfunctions_impl.py
[10474] e9cc7fdfa3cf40f O /home/capstone/project/venv/lib/python3.12/site-packages/numpy/_utils/__init__.py
[10474] e9cc7fdfa3cf40f O /home/capstone/project/venv/lib/python3.12/site-packages/numpy/tests/test_numpy_config.py
[10474] e9cc7fdfa3cf40f O /home/capstone/project/test_files/000143.pdf
[10474] e9cc7fdfa3cf40f O /home/capstone/project/venv/lib/python3.12/site-packages/numpy/tests/test_lazyloading.py
[10474] e9cc7fdfa3cf40f O /home/capstone/project/venv/lib/python3.12/site-packages/numpy/lib/__init__.pyi
[10474] e9cc7fdfa3cf40f O /home/capstone/project/venv/lib/python3.12/site-packages/numpy/lib/__init__.py
[10474] e9cc7fdfa3cf40f O /home/capstone/project/venv/lib/python3.12/site-packages/numpy/tests/test_configtool.py
[10474] e9cc7fdfa3cf40f O /home/capstone/project/venv/lib/python3.12/site-packages/numpy/typing/tests/data/pass
[10474] e9cc7fdfa3cf40f O /home/capstone/project/venv/lib/python3.12/site-packages/numpy/lib/_arraysetops_impl.py
[10474] e9cc7fdfa3cf40f O /home/capstone/project/venv/lib/python3.12/site-packages/numpy/typing/tests/data/reveal/arithmetic.pyi
[10474] e9cc7fdfa3cf40f O /home/capstone/project/venv/lib/python3.12/site-packages/numpy/typing/tests/data/pass/scalars.py
[10474] e9cc7fdfa3cf40f O /home/capstone/project/venv/lib/python3.12/site-packages/numpy/typing/tests/data/fail/shape_base.pyi
[10474] e9cc7fdfa3cf40f O /home/capstone/project/venv/lib/python3.12/site-packages/numpy/typing/tests/data/reveal/testing.pyi
[10474] e9cc7fdfa3cf40f O /home/capstone/project/venv/lib/python3.12/site-packages/numpy/rec/__pycache__
[10474] e9cc7fdfa3cf40f O /home/capstone/project/venv/lib/python3.12/site-packages/numpy/typing/tests/data/fail/char.pyi
[10474] e9cc7fdfa3cf40f O /home/capstone/project/venv/lib/python3.12/site-packages/numpy/typing/tests/data/fail/ufunc_config.pyi
[10474] e9cc7fdfa3cf40f O /home/capstone/project/venv/lib/python3.12/site-packages/numpy/typing/tests/data/reveal/dtype.pyi
[10474] e9cc7fdfa3cf40f C /home/capstone/project/venv/lib/python3.12/site-packages/numpy/rec/__pycache__/iFire-readme.txt
[10474] e9cc7fdfa3cf40f O /home/capstone/project/venv/lib/python3.12/site-packages/numpy/_pyinstaller
[10474] e9cc7fdfa3cf40f O /home/capstone/project/venv/lib/python3.12/site-packages/numpy/typing/tests/data/fail/bitwise_ops.pyi
[10474] e9cc7fdfa3cf40f O /home/capstone/project/venv/lib/python3.12/site-packages/numpy/typing/tests/data/reveal/ufuncs.pyi
[10474] e9cc7fdfa3cf40f O /home/capstone/.local/share/Trash/files/000087.txt.encrypted
[10474] e9cc7fdfa3cf40f C /home/capstone/project/venv/lib/python3.12/site-packages/numpy/_pyinstaller/tests/iFire-readme.txt
[10474] e9cc7fdfa3cf40f O /home/capstone/project/venv/lib/python3.12/site-packages/numpy/_pyinstaller/tests/pyinstaller-smoke.py
[10474] e9cc7fdfa3cf40f O /home/capstone/project/venv/lib/python3.12/site-packages/numpy/typing/tests/data/fail/comparisons.pyi
[10474] e9cc7fdfa3cf40f O /home/capstone/project/venv/lib/python3.12/site-packages/numpy/_pyinstaller/tests/test_pyinstaller.py
[10474] e9cc7fdfa3cf40f O /home/capstone/project/venv/lib/python3.12/site-packages/numpy/typing/tests/data/pass/recfunctions.py
[10474] e9cc7fdfa3cf40f O /home/capstone/project/venv/lib/python3.12/site-packages/numpy/typing/tests/data/reveal/datasource.pyi
[10474] e9cc7fdfa3cf40f O /home/capstone/project/venv/lib/python3.12/site-packages/numpy/typing/tests/data/fail/einsumfunc.pyi
[10474] e9cc7fdfa3cf40f O /home/capstone/.local/share/Trash/files/000020.2.pdf.encrypted
[10474] e9cc7fdfa3cf40f O /home/capstone/project/venv/lib/python3.12/site-packages/numpy/typing/tests/data/pass/mod.py
[10474] e9cc7fdfa3cf40f O /home/capstone/project/venv/lib/python3.12/site-packages/numpy/typing/tests/data/reveal/ufunclike.pyi
[10474] e9cc7fdfa3cf40f O /home/capstone/project/venv/lib/python3.12/site-packages/numpy/_pyinstaller/tests/__init__.py
[10474] e9cc7fdfa3cf40f O /home/capstone/project/venv/lib/python3.12/site-packages/numpy/typing/tests/data/fail/stride_tricks.pyi
[10474] e9cc7fdfa3cf40f O /home/capstone/.local/share/Trash/files/000005.4.doc.encrypted
[10474] e9cc7fdfa3cf40f O /home/capstone/project/venv/lib/python3.12/site-packages/numpy/typing/tests/data/pass/ma.py
[10474] e9cc7fdfa3cf40f O /home/capstone/project/venv/lib/python3.12/site-packages/numpy/_pyinstaller/tests/__pycache__
[10474] e9cc7fdfa3cf40f O /home/capstone/project/venv/lib/python3.12/site-packages/numpy/typing/tests/data/reveal/random.pyi
[10474] e9cc7fdfa3cf40f C /home/capstone/project/venv/lib/python3.12/site-packages/numpy/_pyinstaller/tests/__pycache__/iFire-readme.txt
[10474] e9cc7fdfa3cf40f O /home/capstone/project/venv/lib/python3.12/site-packages/numpy/polynomial
[10474] e9cc7fdfa3cf40f O /home/capstone/project/venv/lib/python3.12/site-packages/numpy/typing/tests/data/pass/shape.py
[10474] e9cc7fdfa3cf40f O /home/capstone/project/venv/lib/python3.12/site-packages/numpy/typing/tests/data/fail/nditer.pyi
[10474] e9cc7fdfa3cf40f O /home/capstone/project/venv/lib/python3.12/site-packages/numpy/typing/tests/data/fail/twodim_base.pyi
[10474] e9cc7fdfa3cf40f O /home/capstone/project/venv/lib/python3.12/site-packages/numpy/typing/tests/data/pass/lib_utils.py
[10474] e9cc7fdfa3cf40f O /home/capstone/project/venv/lib/python3.12/site-packages/numpy/typing/tests/data/reveal/modules.pyi
[10474] e9cc7fdfa3cf40f O /home/capstone/project/venv/lib/python3.12/site-packages/numpy/typing/tests/data/fail/histograms.pyi
[10474] e9cc7fdfa3cf40f O /home/capstone/project/venv/lib/python3.12/site-packages/numpy/typing/tests/data/pass/warnings_and_errors.py
[10474] e9cc7fdfa3cf40f O /home/capstone/.local/share/Trash/files/000021.4.pdf.encrypted
[10474] e9cc7fdfa3cf40f O /home/capstone/.local/share/Trash/files/000012.3.pdf.encrypted
[10474] e9cc7fdfa3cf40f O /home/capstone/project/venv/lib/python3.12/site-packages/numpy/typing/tests/data/fail/flatiter.pyi
[10474] e9cc7fdfa3cf40f O /home/capstone/project/venv/lib/python3.12/site-packages/numpy/typing/tests/data/reveal/shape.pyi
[10474] e9cc7fdfa3cf40f O /home/capstone/project/venv/lib/python3.12/site-packages/numpy/typing/tests/data/pass/ufunc_config.py
[10474] e9cc7fdfa3cf40f O /home/capstone/.local/share/Trash/files/000057.html.encrypted
[10474] e9cc7fdfa3cf40f O /home/capstone/project/venv/lib/python3.12/site-packages/numpy/typing/tests/data/reveal/comparisons.pyi
[10474] e9cc7fdfa3cf40f O /home/capstone/project/venv/lib/python3.12/site-packages/numpy/typing/tests/data/fail/linalg.pyi
[10474] e9cc7fdfa3cf40f O /home/capstone/project/venv/lib/python3.12/site-packages/numpy/typing/tests/data/reveal/einsumfunc.pyi
[10474] e9cc7fdfa3cf40f O /home/capstone/project/venv/lib/python3.12/site-packages/numpy/typing/tests/data/reveal/stride_tricks.pyi
[10474] e9cc7fdfa3cf40f O /home/capstone/Downloads/000/000350.pdf
[10474] e9cc7fdfa3cf40f O /home/capstone/project/venv/lib/python3.12/site-packages/numpy/typing/tests/data/fail/rec.pyi
[10474] e9cc7fdfa3cf40f O /home/capstone/project/venv/lib/python3.12/site-packages/numpy/typing/tests/data/reveal/array_api_info.pyi
[10474] e9cc7fdfa3cf40f O /home/capstone/project/venv/lib/python3.12/site-packages/numpy/typing/tests/data/reveal/nditer.pyi
[10474] e9cc7fdfa3cf40f O /home/capstone/Downloads/000/000731.ps
[2987] pool O /home/capstone/.local/share/Trash/info/000055.xls.encrypted.iFire.trashinfo
[2987] pool O /home/capstone/.local/share/Trash/info/000071.html.encrypted.iFire.trashinfo
[2987] pool O /home/capstone/.local/share/Trash/info/000079.html.encrypted.iFire.trashinfo
[2987] pool O /home/capstone/.local/share/Trash/info/000021.3.pdf.encrypted.iFire.trashinfo
[2987] pool O /home/capstone/.local/share/Trash/info/000003.4.doc.encrypted.iFire.trashinfo
[2987] pool O /home/capstone/.local/share/Trash/info/000030.2.xls.encrypted.iFire.trashinfo
[2987] pool O /home/capstone/.local/share/Trash/info/000085.txt.encrypted.iFire.trashinfo
[2987] pool O /home/capstone/.local/share/Trash/info/000009.pdf.encrypted.iFire.trashinfo
[2987] pool O /home/capstone/.local/share/Trash/info/000015.4.pdf.encrypted.iFire.trashinfo
[2987] pool O /home/capstone/.local/share/Trash/info/000007.doc.encrypted.iFire.trashinfo
[2987] pool O /home/capstone/.local/share/Trash/info/000020.pdf.encrypted.iFire.trashinfo
[2987] pool O /home/capstone/.local/share/Trash/info/000007.4.doc.encrypted.iFire.trashinfo
[2987] pool O /home/capstone/.local/share/Trash/info/000074.html.encrypted.iFire.trashinfo
[10474] e9cc7fdfa3cf40f C /home/capstone/project/venv/lib/python3.12/site-packages/numpy/_typing/iFire-readme.txt
[10474] e9cc7fdfa3cf40f O /home/capstone/project/venv/lib/python3.12/site-packages/numpy/_typing/_nbit_base.py
[10474] e9cc7fdfa3cf40f O /home/capstone/project/venv/lib/python3.12/site-packages/numpy/_typing/__pycache__
[10474] e9cc7fdfa3cf40f C /home/capstone/project/venv/lib/python3.12/site-packages/numpy/_typing/__pycache__/iFire-readme.txt
[10474] e9cc7fdfa3cf40f O /home/capstone/project/venv/lib/python3.12/site-packages/numpy/testing
[10474] e9cc7fdfa3cf40f O /home/capstone/project/venv/lib/python3.12/site-packages/numpy/_typing/_nbit_base.pyi
[10474] e9cc7fdfa3cf40f C /home/capstone/project/venv/lib/python3.12/site-packages/numpy/testing/iFire-readme.txt
[10474] e9cc7fdfa3cf40f O /home/capstone/project/venv/lib/python3.12/site-packages/numpy/testing/print_coercion_tables.pyi
[10474] e9cc7fdfa3cf40f O /home/capstone/project/venv/lib/python3.12/site-packages/numpy/testing/print_coercion_tables.py
[10474] e9cc7fdfa3cf40f O /home/capstone/project/venv/lib/python3.12/site-packages/numpy/_typing/_char_codes.py
[10474] e9cc7fdfa3cf40f O /home/capstone/project/venv/lib/python3.12/site-packages/numpy/testing/__init__.pyi
[10474] e9cc7fdfa3cf40f O /home/capstone/project/venv/lib/python3.12/site-packages/numpy/_typing/_shape.py
[10474] e9cc7fdfa3cf40f O /home/capstone/project/venv/lib/python3.12/site-packages/numpy/testing/__init__.py
[10474] e9cc7fdfa3cf40f O /home/capstone/project/venv/lib/python3.12/site-packages/numpy/testing/__pycache__
[10474] e9cc7fdfa3cf40f O /home/capstone/project/venv/lib/python3.12/site-packages/numpy/_typing/_dtype_like.py
[10474] e9cc7fdfa3cf40f O /home/capstone/project/venv/lib/python3.12/site-packages/numpy/_typing/_ufunc.pyi
[10474] e9cc7fdfa3cf40f C /home/capstone/project/venv/lib/python3.12/site-packages/numpy/testing/__pycache__/iFire-readme.txt
[10474] e9cc7fdfa3cf40f O /home/capstone/project/venv/lib/python3.12/site-packages/numpy/testing/tests
[10474] e9cc7fdfa3cf40f O /home/capstone/project/venv/lib/python3.12/site-packages/numpy/_typing/_extended_precision.py
[10474] e9cc7fdfa3cf40f O /home/capstone/project/venv/lib/python3.12/site-packages/numpy/_typing/_ufunc.py
[10474] e9cc7fdfa3cf40f C /home/capstone/project/venv/lib/python3.12/site-packages/numpy/testing/tests/iFire-readme.txt
[10474] e9cc7fdfa3cf40f O /home/capstone/project/venv/lib/python3.12/site-packages/numpy/testing/tests/test_utils.py
[10474] e9cc7fdfa3cf40f O /home/capstone/project/venv/lib/python3.12/site-packages/numpy/_typing/_scalars.py
[10474] e9cc7fdfa3cf40f O /home/capstone/project/venv/lib/python3.12/site-packages/numpy/testing/tests/__pycache__
[10474] e9cc7fdfa3cf40f O /home/capstone/project/venv/lib/python3.12/site-packages/numpy/_typing/__init__.py
[10474] e9cc7fdfa3cf40f C /home/capstone/project/venv/lib/python3.12/site-packages/numpy/testing/tests/__pycache__/iFire-readme.txt
[10474] e9cc7fdfa3cf40f O /home/capstone/project/venv/lib/python3.12/site-packages/numpy/_typing/_nbit.py
[10474] e9cc7fdfa3cf40f O /home/capstone/project/venv/lib/python3.12/site-packages/numpy/typing/tests/data/fail/npyio.pyi
[10474] e9cc7fdfa3cf40f O /home/capstone/Downloads/000/000330.ppt
[10474] e9cc7fdfa3cf40f O /home/capstone/project/venv/lib/python3.12/site-packages/numpy/typing/tests/data/reveal/mod.pyi
[10474] e9cc7fdfa3cf40f O /home/capstone/project/venv/lib/python3.12/site-packages/numpy/typing/tests/data/fail/multiarray.pyi
[10474] e9cc7fdfa3cf40f O /home/capstone/project/venv/lib/python3.12/site-packages/numpy/typing/tests/data/reveal/twodim_base.pyi
[10474] e9cc7fdfa3cf40f O /home/capstone/project/venv/lib/python3.12/site-packages/numpy/typing/tests/data/fail/array_constructors.pyi
[10474] e9cc7fdfa3cf40f O /home/capstone/project/venv/lib/python3.12/site-packages/numpy/typing/tests/data/reveal/getlimits.pyi
[10474] e9cc7fdfa3cf40f O /home/capstone/project/venv/lib/python3.12/site-packages/numpy/typing/tests/data/fail/array_pad.pyi
[10474] e9cc7fdfa3cf40f O /home/capstone/project/venv/lib/python3.12/site-packages/numpy/typing/tests/data/reveal/histograms.pyi
[10474] e9cc7fdfa3cf40f O /home/capstone/project/venv/lib/python3.12/site-packages/numpy/typing/tests/data/fail/lib_utils.pyi
[10474] e9cc7fdfa3cf40f O /home/capstone/project/venv/lib/python3.12/site-packages/numpy/typing/tests/data/reveal/flatiter.pyi
[10474] e9cc7fdfa3cf40f O /home/capstone/project/venv/lib/python3.12/site-packages/numpy/typing/tests/data/reveal/ndarray_assignability.pyi
[10474] e9cc7fdfa3cf40f O /home/capstone/project/venv/lib/python3.12/site-packages/numpy/typing/tests/data/fail/fromnumeric.pyi
[10474] e9cc7fdfa3cf40f O /home/capstone/project/venv/lib/python3.12/site-packages/numpy/typing/tests/data/reveal/nested_sequence.pyi
[10474] e9cc7fdfa3cf40f O /home/capstone/project/venv/lib/python3.12/site-packages/numpy/typing/tests/data/fail/ndarray.pyi
[10474] e9cc7fdfa3cf40f O /home/capstone/project/venv/lib/python3.12/site-packages/numpy/typing/tests/data/reveal/strings.pyi
[10474] e9cc7fdfa3cf40f O /home/capstone/project/venv/lib/python3.12/site-packages/numpy/typing/tests/data/reveal/ctypeslib.pyi
[10474] e9cc7fdfa3cf40f O /home/capstone/project/venv/lib/python3.12/site-packages/numpy/typing/tests/data/reveal/numeric.pyi
[10474] e9cc7fdfa3cf40f O /home/capstone/project/venv/lib/python3.12/site-packages/numpy/typing/tests/data/fail/type_check.pyi
[10474] e9cc7fdfa3cf40f O /home/capstone/project/venv/lib/python3.12/site-packages/numpy/typing/tests/data/reveal/scalars.pyi
[10474] e9cc7fdfa3cf40f O /home/capstone/project/venv/lib/python3.12/site-packages/numpy/typing/tests/data/fail/warnings_and_errors.pyi
[10474] e9cc7fdfa3cf40f O /home/capstone/project/venv/lib/python3.12/site-packages/numpy/typing/tests/data/reveal/arraypad.pyi
[10474] e9cc7fdfa3cf40f O /home/capstone/project/venv/lib/python3.12/site-packages/numpy/typing/tests/data/fail/arrayterator.pyi
[10474] e9cc7fdfa3cf40f O /home/capstone/project/venv/lib/python3.12/site-packages/numpy/ma
[10474] e9cc7fdfa3cf40f O /home/capstone/project/venv/lib/python3.12/site-packages/numpy/typing/tests/data/reveal/arrayprint.pyi
[10474] e9cc7fdfa3cf40f C /home/capstone/project/venv/lib/python3.12/site-packages/numpy/ma/iFire-readme.txt
[10474] e9cc7fdfa3cf40f O /home/capstone/project/venv/lib/python3.12/site-packages/numpy/ma/core.pyi
[10474] e9cc7fdfa3cf40f O /home/capstone/project/venv/lib/python3.12/site-packages/numpy/typing/tests/data/reveal/emath.pyi
[10474] e9cc7fdfa3cf40f O /home/capstone/project/venv/lib/python3.12/site-packages/numpy/typing/tests/data/reveal/lib_function_base.pyi
[10474] e9cc7fdfa3cf40f O /home/capstone/project/venv/lib/python3.12/site-packages/numpy/ma/core.py
[10474] e9cc7fdfa3cf40f O /home/capstone/project/venv/lib/python3.12/site-packages/numpy/typing/tests/data/reveal/lib_polynomial.pyi
[10474] e9cc7fdfa3cf40f O /home/capstone/project/venv/lib/python3.12/site-packages/numpy/typing/tests/data/reveal/linalg.pyi
[10474] e9cc7fdfa3cf40f O /home/capstone/project/venv/lib/python3.12/site-packages/numpy/typing/tests/data/reveal/numerictypes.pyi
[10474] e9cc7fdfa3cf40f O /home/capstone/project/venv/lib/python3.12/site-packages/numpy/typing/tests/data/reveal/polynomial_series.pyi
[10474] e9cc7fdfa3cf40f O /home/capstone/project/venv/lib/python3.12/site-packages/numpy/testing/_private
[10474] e9cc7fdfa3cf40f O /home/capstone/project/venv/lib/python3.12/site-packages/numpy/_typing/_nested_sequence.py
[10474] e9cc7fdfa3cf40f C /home/capstone/project/venv/lib/python3.12/site-packages/numpy/testing/_private/iFire-readme.txt
[10474] e9cc7fdfa3cf40f O /home/capstone/project/venv/lib/python3.12/site-packages/numpy/testing/_private/extbuild.pyi
[10474] e9cc7fdfa3cf40f O /home/capstone/project/venv/lib/python3.12/site-packages/numpy/testing/_private/__pycache__
[10474] e9cc7fdfa3cf40f O /home/capstone/project/venv/lib/python3.12/site-packages/numpy/testing/_private/utils.py
[10474] e9cc7fdfa3cf40f C /home/capstone/project/venv/lib/python3.12/site-packages/numpy/testing/_private/__pycache__/iFire-readme.txt
[10474] e9cc7fdfa3cf40f O /home/capstone/project/venv/lib/python3.12/site-packages/numpy/core
[10474] e9cc7fdfa3cf40f C /home/capstone/project/venv/lib/python3.12/site-packages/numpy/core/iFire-readme.txt
[10474] e9cc7fdfa3cf40f O /home/capstone/project/venv/lib/python3.12/site-packages/numpy/core/einsumfunc.py
[10474] e9cc7fdfa3cf40f O /home/capstone/project/venv/lib/python3.12/site-packages/numpy/testing/_private/utils.pyi
[10474] e9cc7fdfa3cf40f O /home/capstone/project/venv/lib/python3.12/site-packages/numpy/core/function_base.py
[10474] e9cc7fdfa3cf40f O /home/capstone/project/venv/lib/python3.12/site-packages/numpy/core/_dtype_ctypes.py
[10474] e9cc7fdfa3cf40f O /home/capstone/project/venv/lib/python3.12/site-packages/numpy/testing/_private/extbuild.py
[10474] e9cc7fdfa3cf40f O /home/capstone/project/venv/lib/python3.12/site-packages/numpy/core/fromnumeric.py
[10474] e9cc7fdfa3cf40f O /home/capstone/project/venv/lib/python3.12/site-packages/numpy/core/__pycache__
[10474] e9cc7fdfa3cf40f O /home/capstone/project/venv/lib/python3.12/site-packages/numpy/core/arrayprint.py
[10474] e9cc7fdfa3cf40f O /home/capstone/project/venv/lib/python3.12/site-packages/numpy/core/_dtype.py
[10474] e9cc7fdfa3cf40f C /home/capstone/project/venv/lib/python3.12/site-packages/numpy/core/__pycache__/iFire-readme.txt
[10474] e9cc7fdfa3cf40f O /home/capstone/project/venv/lib/python3.12/site-packages/numpy/char
[10474] e9cc7fdfa3cf40f O /home/capstone/project/venv/lib/python3.12/site-packages/numpy/core/records.py
[10474] e9cc7fdfa3cf40f C /home/capstone/project/venv/lib/python3.12/site-packages/numpy/char/iFire-readme.txt
[10474] e9cc7fdfa3cf40f O /home/capstone/project/venv/lib/python3.12/site-packages/numpy/char/__init__.pyi
[10474] e9cc7fdfa3cf40f O /home/capstone/project/venv/lib/python3.12/site-packages/numpy/core/getlimits.py
[10474] e9cc7fdfa3cf40f O /home/capstone/project/venv/lib/python3.12/site-packages/numpy/char/__init__.py
[10474] e9cc7fdfa3cf40f O /home/capstone/project/venv/lib/python3.12/site-packages/numpy/core/_multiarray_umath.py
[10474] e9cc7fdfa3cf40f O /home/capstone/project/venv/lib/python3.12/site-packages/numpy/char/__pycache__
[10474] e9cc7fdfa3cf40f O /home/capstone/project/venv/lib/python3.12/site-packages/numpy/core/shape_base.py
[10474] e9cc7fdfa3cf40f C /home/capstone/project/venv/lib/python3.12/site-packages/numpy/char/__pycache__/iFire-readme.txt
[10474] e9cc7fdfa3cf40f O /home/capstone/project/venv/lib/python3.12/site-packages/numpy/ma/__pycache__
[10474] e9cc7fdfa3cf40f O /home/capstone/project/venv/lib/python3.12/site-packages/numpy/core/defchararray.py
[10474] e9cc7fdfa3cf40f O /home/capstone/project/venv/lib/python3.12/site-packages/numpy/core/numeric.py
[10474] e9cc7fdfa3cf40f C /home/capstone/project/venv/lib/python3.12/site-packages/numpy/ma/__pycache__/iFire-readme.txt
[10474] e9cc7fdfa3cf40f O /home/capstone/project/venv/lib/python3.12/site-packages/numpy/ma/tests
[10474] e9cc7fdfa3cf40f O /home/capstone/project/venv/lib/python3.12/site-packages/numpy/core/_internal.py
[10474] e9cc7fdfa3cf40f C /home/capstone/project/venv/lib/python3.12/site-packages/numpy/ma/tests/iFire-readme.txt
[10474] e9cc7fdfa3cf40f O /home/capstone/project/venv/lib/python3.12/site-packages/numpy/ma/tests/test_old_ma.py
[10474] e9cc7fdfa3cf40f O /home/capstone/project/venv/lib/python3.12/site-packages/numpy/core/overrides.pyi
[10474] e9cc7fdfa3cf40f O /home/capstone/Downloads/000/000734.ps
[10474] e9cc7fdfa3cf40f O /home/capstone/project/venv/lib/python3.12/site-packages/numpy/core/overrides.py
[10474] e9cc7fdfa3cf40f O /home/capstone/project/venv/lib/python3.12/site-packages/numpy/ma/tests/test_regression.py
[10474] e9cc7fdfa3cf40f O /home/capstone/project/venv/lib/python3.12/site-packages/numpy/core/numerictypes.py
[10474] e9cc7fdfa3cf40f O /home/capstone/project/venv/lib/python3.12/site-packages/numpy/ma/tests/test_mrecords.py
[10474] e9cc7fdfa3cf40f O /home/capstone/project/venv/lib/python3.12/site-packages/numpy/core/_utils.py
[10474] e9cc7fdfa3cf40f O /home/capstone/project/venv/lib/python3.12/site-packages/numpy/ma/tests/test_core.py
[10474] e9cc7fdfa3cf40f O /home/capstone/project/venv/lib/python3.12/site-packages/numpy/core/multiarray.py
[10474] e9cc7fdfa3cf40f O /home/capstone/project/venv/lib/python3.12/site-packages/numpy/core/__init__.py
[10474] e9cc7fdfa3cf40f O /home/capstone/project/venv/lib/python3.12/site-packages/numpy/ma/tests/test_deprecations.py
[10474] e9cc7fdfa3cf40f O /home/capstone/project/venv/lib/python3.12/site-packages/numpy/core/umath.py
[10474] e9cc7fdfa3cf40f O /home/capstone/.local/share/Trash/files/000001.doc.encrypted
[10474] e9cc7fdfa3cf40f O /home/capstone/project/venv/lib/python3.12/site-packages/numpy/ma/tests/test_subclassing.py
[10474] e9cc7fdfa3cf40f O /home/capstone/project/venv/lib/python3.12/site-packages/numpy/ma/tests/__pycache__
[10474] e9cc7fdfa3cf40f O /home/capstone/project/venv/lib/python3.12/site-packages/numpy/ma/tests/test_extras.py
[10474] e9cc7fdfa3cf40f C /home/capstone/project/venv/lib/python3.12/site-packages/numpy/ma/tests/__pycache__/iFire-readme.txt
[10474] e9cc7fdfa3cf40f O /home/capstone/project/venv/lib/python3.12/site-packages/numpy/matrixlib
[10474] e9cc7fdfa3cf40f O /home/capstone/.local/share/Trash/files/000020.3.pdf.encrypted
[10474] e9cc7fdfa3cf40f C /home/capstone/project/venv/lib/python3.12/site-packages/numpy/matrixlib/iFire-readme.txt
[10474] e9cc7fdfa3cf40f O /home/capstone/project/venv/lib/python3.12/site-packages/numpy/matrixlib/defmatrix.pyi
[10474] e9cc7fdfa3cf40f O /home/capstone/.local/share/Trash/files/000028.pdf.encrypted
[10474] e9cc7fdfa3cf40f O /home/capstone/project/venv/lib/python3.12/site-packages/numpy/ma/tests/test_arrayobject.py
[10474] e9cc7fdfa3cf40f O /home/capstone/project/venv/lib/python3.12/site-packages/numpy/matrixlib/defmatrix.py
[10474] e9cc7fdfa3cf40f O /home/capstone/project/venv/lib/python3.12/site-packages/numpy/matrixlib/__pycache__
[10474] e9cc7fdfa3cf40f O /home/capstone/project/venv/lib/python3.12/site-packages/numpy/matrixlib/__init__.pyi
[10474] e9cc7fdfa3cf40f C /home/capstone/project/venv/lib/python3.12/site-packages/numpy/matrixlib/__pycache__/iFire-readme.txt
[10474] e9cc7fdfa3cf40f O /home/capstone/project/venv/lib/python3.12/site-packages/numpy/typing/tests/data/reveal/index_tricks.pyi
[10474] e9cc7fdfa3cf40f O /home/capstone/project/venv/lib/python3.12/site-packages/numpy/ma/testutils.pyi
[10474] e9cc7fdfa3cf40f O /home/capstone/project/venv/lib/python3.12/site-packages/numpy/typing/tests/data/reveal/rec.pyi
[10474] e9cc7fdfa3cf40f O /home/capstone/project/venv/lib/python3.12/site-packages/numpy/ma/extras.py
[10474] e9cc7fdfa3cf40f O /home/capstone/project/venv/lib/python3.12/site-packages/numpy/typing/tests/data/reveal/npyio.pyi
[10474] e9cc7fdfa3cf40f O /home/capstone/project/venv/lib/python3.12/site-packages/numpy/ma/extras.pyi
[10474] e9cc7fdfa3cf40f O /home/capstone/project/venv/lib/python3.12/site-packages/numpy/typing/tests/data/reveal/multiarray.pyi
[10474] e9cc7fdfa3cf40f O /home/capstone/project/venv/lib/python3.12/site-packages/numpy/ma/mrecords.pyi
[10474] e9cc7fdfa3cf40f O /home/capstone/project/venv/lib/python3.12/site-packages/numpy/typing/tests/data/reveal/array_constructors.pyi
[10474] e9cc7fdfa3cf40f O /home/capstone/project/venv/lib/python3.12/site-packages/numpy/ma/mrecords.py
[10474] e9cc7fdfa3cf40f O /home/capstone/project/venv/lib/python3.12/site-packages/numpy/typing/tests/data/reveal/lib_utils.pyi
[10474] e9cc7fdfa3cf40f O /home/capstone/project/venv/lib/python3.12/site-packages/numpy/matrixlib/tests
[10474] e9cc7fdfa3cf40f O /home/capstone/project/venv/lib/python3.12/site-packages/numpy/matrixlib/__init__.py
[10474] e9cc7fdfa3cf40f C /home/capstone/project/venv/lib/python3.12/site-packages/numpy/matrixlib/tests/iFire-readme.txt
[10474] e9cc7fdfa3cf40f O /home/capstone/project/venv/lib/python3.12/site-packages/numpy/matrixlib/tests/test_masked_matrix.py
[10474] e9cc7fdfa3cf40f O /home/capstone/project/venv/lib/python3.12/site-packages/numpy/matrixlib/tests/__pycache__
[10474] e9cc7fdfa3cf40f O /home/capstone/.local/share/Trash/files/000056.html.encrypted
[10474] e9cc7fdfa3cf40f O /home/capstone/project/venv/lib/python3.12/site-packages/numpy/matrixlib/tests/test_regression.py
[10474] e9cc7fdfa3cf40f C /home/capstone/project/venv/lib/python3.12/site-packages/numpy/matrixlib/tests/__pycache__/iFire-readme.txt
[10474] e9cc7fdfa3cf40f O /home/capstone/project/venv/lib/python3.12/site-packages/numpy/f2py
[10474] e9cc7fdfa3cf40f O /home/capstone/.local/share/Trash/files/000001.2.doc.encrypted
[10474] e9cc7fdfa3cf40f O /home/capstone/project/venv/lib/python3.12/site-packages/numpy/matrixlib/tests/test_defmatrix.py
[10474] e9cc7fdfa3cf40f O /home/capstone/.local/share/Trash/files/000032.xls.encrypted
[10474] e9cc7fdfa3cf40f O /home/capstone/project/venv/lib/python3.12/site-packages/numpy/matrixlib/tests/test_interaction.py
[10474] e9cc7fdfa3cf40f C /home/capstone/project/venv/lib/python3.12/site-packages/numpy/f2py/iFire-readme.txt
[10474] e9cc7fdfa3cf40f O /home/capstone/project/venv/lib/python3.12/site-packages/numpy/f2py/_isocbind.pyi
[10474] e9cc7fdfa3cf40f O /home/capstone/project/venv/lib/python3.12/site-packages/numpy/f2py/rules.py
[10474] e9cc7fdfa3cf40f O /home/capstone/project/venv/lib/python3.12/site-packages/numpy/matrixlib/tests/test_numeric.py
[10474] e9cc7fdfa3cf40f O /home/capstone/project/venv/lib/python3.12/site-packages/numpy/matrixlib/tests/test_matrix_linalg.py
[10474] e9cc7fdfa3cf40f O /home/capstone/project/venv/lib/python3.12/site-packages/numpy/f2py/__version__.pyi
[10474] e9cc7fdfa3cf40f O /home/capstone/project/venv/lib/python3.12/site-packages/numpy/matrixlib/tests/test_multiarray.py
[10474] e9cc7fdfa3cf40f O /home/capstone/project/venv/lib/python3.12/site-packages/numpy/f2py/crackfortran.py
[10474] e9cc7fdfa3cf40f O /home/capstone/project/venv/lib/python3.12/site-packages/numpy/typing/tests/data/reveal/arraysetops.pyi
[10474] e9cc7fdfa3cf40f O /home/capstone/project/venv/lib/python3.12/site-packages/numpy/ma/testutils.py
[10474] e9cc7fdfa3cf40f O /home/capstone/project/venv/lib/python3.12/site-packages/numpy/typing/tests/data/reveal/fromnumeric.pyi
[10474] e9cc7fdfa3cf40f O /home/capstone/project/venv/lib/python3.12/site-packages/numpy/typing/tests/data/reveal/matrix.pyi
[10474] e9cc7fdfa3cf40f O /home/capstone/project/venv/lib/python3.12/site-packages/numpy/typing/tests/data/reveal/type_check.pyi
[10474] e9cc7fdfa3cf40f O /home/capstone/project/venv/lib/python3.12/site-packages/numpy/typing/tests/data/reveal/warnings_and_errors.pyi
[10474] e9cc7fdfa3cf40f O /home/capstone/project/venv/lib/python3.12/site-packages/numpy/ma/README.rst
[10474] e9cc7fdfa3cf40f O /home/capstone/project/venv/lib/python3.12/site-packages/numpy/typing/tests/data/reveal/ndarray_conversion.pyi
[10474] e9cc7fdfa3cf40f O /home/capstone/project/venv/lib/python3.12/site-packages/numpy/ma/__init__.pyi
[10474] e9cc7fdfa3cf40f O /home/capstone/project/test_files/000515.jpg
[10474] e9cc7fdfa3cf40f O /home/capstone/project/venv/lib/python3.12/site-packages/numpy/typing/tests/data/reveal/arrayterator.pyi
[10474] e9cc7fdfa3cf40f O /home/capstone/project/test_files/000037.xls
[10474] e9cc7fdfa3cf40f O /home/capstone/project/venv/lib/python3.12/site-packages/numpy/ma/__init__.py
[10474] e9cc7fdfa3cf40f O /home/capstone/project/venv/lib/python3.12/site-packages/numpy/typing/tests/data/reveal/fft.pyi
[10474] e9cc7fdfa3cf40f O /home/capstone/project/venv/lib/python3.12/site-packages/numpy/f2py/src
[10474] e9cc7fdfa3cf40f O /home/capstone/project/venv/lib/python3.12/site-packages/numpy/typing/tests/data/reveal/ndarray_shape_manipulation.pyi
[10474] e9cc7fdfa3cf40f C /home/capstone/project/venv/lib/python3.12/site-packages/numpy/f2py/src/iFire-readme.txt
[10474] e9cc7fdfa3cf40f O /home/capstone/project/venv/lib/python3.12/site-packages/numpy/f2py/src/fortranobject.h
[10474] e9cc7fdfa3cf40f O /home/capstone/project/venv/lib/python3.12/site-packages/numpy/f2py/__pycache__
[10474] e9cc7fdfa3cf40f O /home/capstone/project/venv/lib/python3.12/site-packages/numpy/f2py/cb_rules.py
[10474] e9cc7fdfa3cf40f C /home/capstone/project/venv/lib/python3.12/site-packages/numpy/f2py/__pycache__/iFire-readme.txt
[10474] e9cc7fdfa3cf40f O /home/capstone/project/venv/lib/python3.12/site-packages/numpy/f2py/_backends
[10474] e9cc7fdfa3cf40f O /home/capstone/Downloads/000/000575.csv
[10474] e9cc7fdfa3cf40f O /home/capstone/project/venv/lib/python3.12/site-packages/numpy/f2py/use_rules.pyi
[10474] e9cc7fdfa3cf40f C /home/capstone/project/venv/lib/python3.12/site-packages/numpy/f2py/_backends/iFire-readme.txt
[10474] e9cc7fdfa3cf40f O /home/capstone/project/venv/lib/python3.12/site-packages/numpy/f2py/_backends/_backend.py
[10474] e9cc7fdfa3cf40f O /home/capstone/project/venv/lib/python3.12/site-packages/numpy/f2py/diagnose.pyi
[10474] e9cc7fdfa3cf40f O /home/capstone/project/venv/lib/python3.12/site-packages/numpy/f2py/_backends/_distutils.pyi
[10474] e9cc7fdfa3cf40f O /home/capstone/project/venv/lib/python3.12/site-packages/numpy/f2py/_src_pyf.py
[10474] e9cc7fdfa3cf40f O /home/capstone/project/venv/lib/python3.12/site-packages/numpy/f2py/__main__.py
[10474] e9cc7fdfa3cf40f O /home/capstone/project/venv/lib/python3.12/site-packages/numpy/f2py/_backends/_distutils.py
[10474] e9cc7fdfa3cf40f O /home/capstone/project/venv/lib/python3.12/site-packages/numpy/f2py/_backends/_backend.pyi
[10474] e9cc7fdfa3cf40f O /home/capstone/project/venv/lib/python3.12/site-packages/numpy/f2py/_backends/_meson.py
[10474] e9cc7fdfa3cf40f O /home/capstone/project/venv/lib/python3.12/site-packages/numpy/f2py/_backends/__pycache__
[10474] e9cc7fdfa3cf40f O /home/capstone/project/venv/lib/python3.12/site-packages/numpy/f2py/src/fortranobject.c
[10474] e9cc7fdfa3cf40f C /home/capstone/project/venv/lib/python3.12/site-packages/numpy/f2py/_backends/__pycache__/iFire-readme.txt
[10474] e9cc7fdfa3cf40f O /home/capstone/project/venv/lib/python3.12/site-packages/numpy/f2py/tests
[10474] e9cc7fdfa3cf40f O /home/capstone/project/venv/lib/python3.12/site-packages/numpy/_core
[10474] e9cc7fdfa3cf40f O /home/capstone/Downloads/000/000075.html
[10474] e9cc7fdfa3cf40f O /home/capstone/project/venv/lib/python3.12/site-packages/numpy/f2py/_backends/meson.build.template
[10474] e9cc7fdfa3cf40f O /home/capstone/project/venv/lib/python3.12/site-packages/numpy/f2py/cfuncs.pyi
[10474] e9cc7fdfa3cf40f O /home/capstone/project/venv/lib/python3.12/site-packages/numpy/f2py/_backends/__init__.pyi
[10474] e9cc7fdfa3cf40f O /home/capstone/Downloads/000/000158.doc
[10474] e9cc7fdfa3cf40f O /home/capstone/project/venv/lib/python3.12/site-packages/numpy/f2py/use_rules.py
[10474] e9cc7fdfa3cf40f O /home/capstone/project/venv/lib/python3.12/site-packages/numpy/f2py/_backends/__init__.py
[10474] e9cc7fdfa3cf40f O /home/capstone/project/venv/lib/python3.12/site-packages/numpy/f2py/diagnose.py
[10474] e9cc7fdfa3cf40f O /home/capstone/Downloads/000/000240.jpg
[10474] e9cc7fdfa3cf40f O /home/capstone/project/venv/lib/python3.12/site-packages/numpy/f2py/func2subr.pyi
[10474] e9cc7fdfa3cf40f O /home/capstone/project/venv/lib/python3.12/site-packages/numpy/f2py/_backends/_meson.pyi
[10474] e9cc7fdfa3cf40f O /home/capstone/project/venv/lib/python3.12/site-packages/numpy/f2py/capi_maps.pyi
[10474] e9cc7fdfa3cf40f O /home/capstone/project/venv/lib/python3.12/site-packages/numpy/f2py/tests/__pycache__
[10474] e9cc7fdfa3cf40f O /home/capstone/project/venv/lib/python3.12/site-packages/numpy/f2py/f2py2e.pyi
[10474] e9cc7fdfa3cf40f O /home/capstone/Downloads/000/000505.jpg
[10474] e9cc7fdfa3cf40f O /home/capstone/project/venv/lib/python3.12/site-packages/numpy/f2py/f90mod_rules.pyi
[10474] e9cc7fdfa3cf40f C /home/capstone/project/venv/lib/python3.12/site-packages/numpy/f2py/tests/__pycache__/iFire-readme.txt
[10474] e9cc7fdfa3cf40f O /home/capstone/project/venv/lib/python3.12/site-packages/numpy/f2py/tests/src
[10474] e9cc7fdfa3cf40f O /home/capstone/project/venv/lib/python3.12/site-packages/numpy/f2py/auxfuncs.pyi
[10474] e9cc7fdfa3cf40f O /home/capstone/Downloads/000/000968.jpg
[10474] e9cc7fdfa3cf40f O /home/capstone/Downloads/000/000607.html
[10474] e9cc7fdfa3cf40f C /home/capstone/project/venv/lib/python3.12/site-packages/numpy/f2py/tests/src/iFire-readme.txt
[10474] e9cc7fdfa3cf40f O /home/capstone/project/venv/lib/python3.12/site-packages/numpy/f2py/tests/src/string
[10474] e9cc7fdfa3cf40f O /home/capstone/project/venv/lib/python3.12/site-packages/numpy/f2py/common_rules.pyi
[10474] e9cc7fdfa3cf40f C /home/capstone/project/venv/lib/python3.12/site-packages/numpy/f2py/tests/src/string/iFire-readme.txt
[10474] e9cc7fdfa3cf40f O /home/capstone/project/venv/lib/python3.12/site-packages/numpy/f2py/tests/src/string/scalar_string.f90
[10474] e9cc7fdfa3cf40f O /home/capstone/project/venv/lib/python3.12/site-packages/numpy/f2py/rules.pyi
[10474] e9cc7fdfa3cf40f O /home/capstone/Downloads/000/000571.pdf
[10474] e9cc7fdfa3cf40f O /home/capstone/project/venv/lib/python3.12/site-packages/numpy/f2py/capi_maps.py
[10474] e9cc7fdfa3cf40f O /home/capstone/project/venv/lib/python3.12/site-packages/numpy/f2py/tests/src/string/gh24008.f
[10474] e9cc7fdfa3cf40f O /home/capstone/project/venv/lib/python3.12/site-packages/numpy/f2py/common_rules.py
[10474] e9cc7fdfa3cf40f O /home/capstone/project/venv/lib/python3.12/site-packages/numpy/f2py/tests/src/string/string.f
[10474] e9cc7fdfa3cf40f O /home/capstone/project/venv/lib/python3.12/site-packages/numpy/f2py/func2subr.py
[10474] e9cc7fdfa3cf40f O /home/capstone/project/venv/lib/python3.12/site-packages/numpy/f2py/crackfortran.pyi
[10474] e9cc7fdfa3cf40f O /home/capstone/project/venv/lib/python3.12/site-packages/numpy/f2py/tests/src/string/fixed_string.f90
[10474] e9cc7fdfa3cf40f O /home/capstone/project/venv/lib/python3.12/site-packages/numpy/f2py/__version__.py
[10474] e9cc7fdfa3cf40f O /home/capstone/project/venv/lib/python3.12/site-packages/numpy/f2py/tests/src/string/char.f90
[10474] e9cc7fdfa3cf40f O /home/capstone/project/venv/lib/python3.12/site-packages/numpy/f2py/_src_pyf.pyi
[10474] e9cc7fdfa3cf40f O /home/capstone/project/venv/lib/python3.12/site-packages/numpy/f2py/tests/src/string/gh24662.f90
[10474] e9cc7fdfa3cf40f C /home/capstone/project/venv/lib/python3.12/site-packages/numpy/f2py/tests/iFire-readme.txt
[10474] e9cc7fdfa3cf40f O /home/capstone/project/venv/lib/python3.12/site-packages/numpy/f2py/tests/test_kind.py
[10474] e9cc7fdfa3cf40f O /home/capstone/project/venv/lib/python3.12/site-packages/numpy/f2py/tests/test_symbolic.py
[10474] e9cc7fdfa3cf40f O /home/capstone/project/venv/lib/python3.12/site-packages/numpy/f2py/tests/test_return_complex.py
[10474] e9cc7fdfa3cf40f O /home/capstone/Downloads/000/000245.jpg
[10474] e9cc7fdfa3cf40f O /home/capstone/project/venv/lib/python3.12/site-packages/numpy/f2py/tests/test_array_from_pyobj.py
[10474] e9cc7fdfa3cf40f C /home/capstone/project/venv/lib/python3.12/site-packages/numpy/_core/iFire-readme.txt
[10474] e9cc7fdfa3cf40f O /home/capstone/project/venv/lib/python3.12/site-packages/numpy/_core/einsumfunc.py
[10474] e9cc7fdfa3cf40f O /home/capstone/project/venv/lib/python3.12/site-packages/numpy/f2py/tests/src/string/gh25286.f90
[10474] e9cc7fdfa3cf40f O /home/capstone/project/venv/lib/python3.12/site-packages/numpy/f2py/symbolic.py
[10474] e9cc7fdfa3cf40f O /home/capstone/Downloads/000/000148.doc
[10474] e9cc7fdfa3cf40f O /home/capstone/project/venv/lib/python3.12/site-packages/numpy/f2py/cb_rules.pyi
[10474] e9cc7fdfa3cf40f O /home/capstone/project/venv/lib/python3.12/site-packages/numpy/f2py/tests/src/string/gh25286_bc.pyf
[10474] e9cc7fdfa3cf40f O /home/capstone/project/venv/lib/python3.12/site-packages/numpy/f2py/cfuncs.py
[10474] e9cc7fdfa3cf40f O /home/capstone/project/venv/lib/python3.12/site-packages/numpy/f2py/tests/src/string/gh25286.pyf
[10474] e9cc7fdfa3cf40f O /home/capstone/project/venv/lib/python3.12/site-packages/numpy/f2py/tests/src/return_integer
[10474] e9cc7fdfa3cf40f O /home/capstone/project/venv/lib/python3.12/site-packages/numpy/f2py/_isocbind.py
[10474] e9cc7fdfa3cf40f O /home/capstone/Downloads/000/000112.wp
[10474] e9cc7fdfa3cf40f O /home/capstone/project/venv/lib/python3.12/site-packages/numpy/f2py/symbolic.pyi
[10474] e9cc7fdfa3cf40f O /home/capstone/project/venv/lib/python3.12/site-packages/numpy/f2py/f2py2e.py
[10474] e9cc7fdfa3cf40f C /home/capstone/project/venv/lib/python3.12/site-packages/numpy/f2py/tests/src/return_integer/iFire-readme.txt
[10474] e9cc7fdfa3cf40f O /home/capstone/project/venv/lib/python3.12/site-packages/numpy/f2py/tests/src/return_integer/foo77.f
[10474] e9cc7fdfa3cf40f O /home/capstone/project/venv/lib/python3.12/site-packages/numpy/f2py/tests/src/return_integer/foo90.f90
[10474] e9cc7fdfa3cf40f O /home/capstone/project/venv/lib/python3.12/site-packages/numpy/f2py/f90mod_rules.py
[10474] e9cc7fdfa3cf40f O /home/capstone/project/venv/lib/python3.12/site-packages/numpy/_core/__pycache__
[10474] e9cc7fdfa3cf40f O /home/capstone/project/venv/lib/python3.12/site-packages/numpy/f2py/__init__.pyi
[10474] e9cc7fdfa3cf40f C /home/capstone/project/venv/lib/python3.12/site-packages/numpy/_core/__pycache__/iFire-readme.txt
[10474] e9cc7fdfa3cf40f O /home/capstone/project/venv/lib/python3.12/site-packages/numpy/_core/lib
[10474] e9cc7fdfa3cf40f O /home/capstone/project/venv/lib/python3.12/site-packages/numpy/f2py/__init__.py
[10474] e9cc7fdfa3cf40f O /home/capstone/Downloads/000/000973.doc
[10474] e9cc7fdfa3cf40f O /home/capstone/project/venv/lib/python3.12/site-packages/numpy/f2py/auxfuncs.py
[10474] e9cc7fdfa3cf40f C /home/capstone/project/venv/lib/python3.12/site-packages/numpy/_core/lib/iFire-readme.txt
[10474] e9cc7fdfa3cf40f O /home/capstone/project/venv/lib/python3.12/site-packages/numpy/_core/lib/npy-pkg-config
[10474] e9cc7fdfa3cf40f O /home/capstone/project/venv/lib/python3.12/site-packages/numpy/_core/lib/pkgconfig
[10474] e9cc7fdfa3cf40f C /home/capstone/project/venv/lib/python3.12/site-packages/numpy/_core/lib/npy-pkg-config/iFire-readme.txt
[10474] e9cc7fdfa3cf40f O /home/capstone/project/venv/lib/python3.12/site-packages/numpy/_core/tests
[10474] e9cc7fdfa3cf40f C /home/capstone/project/venv/lib/python3.12/site-packages/numpy/_core/lib/pkgconfig/iFire-readme.txt
[10474] e9cc7fdfa3cf40f O /home/capstone/project/venv/lib/python3.12/site-packages/numpy/_core/lib/pkgconfig/numpy.pc
[10474] e9cc7fdfa3cf40f C /home/capstone/project/venv/lib/python3.12/site-packages/numpy/_core/tests/iFire-readme.txt
[10474] e9cc7fdfa3cf40f O /home/capstone/project/venv/lib/python3.12/site-packages/numpy/_core/tests/test_unicode.py
[10474] e9cc7fdfa3cf40f O /home/capstone/project/venv/lib/python3.12/site-packages/numpy/_core/tests/__pycache__
[10474] e9cc7fdfa3cf40f O /home/capstone/Downloads/000/000553.html
[10474] e9cc7fdfa3cf40f C /home/capstone/project/venv/lib/python3.12/site-packages/numpy/_core/tests/__pycache__/iFire-readme.txt
[10474] e9cc7fdfa3cf40f O /home/capstone/project/venv/lib/python3.12/site-packages/numpy/_core/tests/examples
[10474] e9cc7fdfa3cf40f O /home/capstone/Downloads/000/000971.doc
[2987] pool O /home/capstone/.local/share/Trash/info/000005.2.doc.encrypted.iFire.trashinfo
[2987] pool O /home/capstone/.local/share/Trash/info/000016.4.pdf.encrypted.iFire.trashinfo
[2987] pool O /home/capstone/.local/share/Trash/info/000029.2.pdf.encrypted.iFire.trashinfo
[2987] pool O /home/capstone/.local/share/Trash/info/000001.doc.encrypted.iFire.trashinfo
[2987] pool O /home/capstone/.local/share/Trash/info/000020.3.pdf.encrypted.iFire.trashinfo
[2987] pool O /home/capstone/.local/share/Trash/info/000028.pdf.encrypted.iFire.trashinfo
[2987] pool O /home/capstone/.local/share/Trash/info/000056.html.encrypted.iFire.trashinfo
[2987] pool O /home/capstone/.local/share/Trash/info/000001.2.doc.encrypted.iFire.trashinfo
[10474] e9cc7fdfa3cf40f O /home/capstone/project/venv/lib/python3.12/site-packages/numpy/f2py/tests/util.py
[10474] e9cc7fdfa3cf40f O /home/capstone/project/venv/lib/python3.12/site-packages/numpy/_core/_ufunc_config.py
[10474] e9cc7fdfa3cf40f O /home/capstone/project/venv/lib/python3.12/site-packages/numpy/f2py/tests/test_block_docstring.py
[10474] e9cc7fdfa3cf40f O /home/capstone/project/venv/lib/python3.12/site-packages/numpy/f2py/tests/test_routines.py
[10474] e9cc7fdfa3cf40f O /home/capstone/project/venv/lib/python3.12/site-packages/numpy/_core/function_base.py
[10474] e9cc7fdfa3cf40f O /home/capstone/project/venv/lib/python3.12/site-packages/numpy/f2py/tests/test_return_logical.py
[10474] e9cc7fdfa3cf40f O /home/capstone/project/venv/lib/python3.12/site-packages/numpy/f2py/tests/test_size.py
[10474] e9cc7fdfa3cf40f O /home/capstone/project/venv/lib/python3.12/site-packages/numpy/_core/_asarray.pyi
[10474] e9cc7fdfa3cf40f O /home/capstone/project/venv/lib/python3.12/site-packages/numpy/_core/_dtype_ctypes.py
[10474] e9cc7fdfa3cf40f O /home/capstone/project/venv/lib/python3.12/site-packages/numpy/f2py/tests/test_pyf_src.py
[10474] e9cc7fdfa3cf40f O /home/capstone/project/venv/lib/python3.12/site-packages/numpy/_core/_exceptions.pyi
[10474] e9cc7fdfa3cf40f O /home/capstone/project/venv/lib/python3.12/site-packages/numpy/f2py/tests/test_parameter.py
[10474] e9cc7fdfa3cf40f O /home/capstone/project/venv/lib/python3.12/site-packages/numpy/f2py/tests/test_regression.py
[10474] e9cc7fdfa3cf40f O /home/capstone/project/venv/lib/python3.12/site-packages/numpy/_core/records.pyi
[10474] e9cc7fdfa3cf40f O /home/capstone/project/venv/lib/python3.12/site-packages/numpy/f2py/tests/test_return_integer.py
[10474] e9cc7fdfa3cf40f O /home/capstone/project/venv/lib/python3.12/site-packages/numpy/f2py/tests/test_callback.py
[10474] e9cc7fdfa3cf40f O /home/capstone/project/venv/lib/python3.12/site-packages/numpy/_core/fromnumeric.py
[10474] e9cc7fdfa3cf40f O /home/capstone/project/venv/lib/python3.12/site-packages/numpy/f2py/tests/test_character.py
[10474] e9cc7fdfa3cf40f O /home/capstone/project/venv/lib/python3.12/site-packages/numpy/f2py/tests/test_modules.py
[10474] e9cc7fdfa3cf40f O /home/capstone/project/venv/lib/python3.12/site-packages/numpy/_core/tests/data/umath-validation-set-tan.csv
[10474] e9cc7fdfa3cf40f O /home/capstone/project/venv/lib/python3.12/site-packages/numpy/_core/tests/data/umath-validation-set-tanh.csv
[10474] e9cc7fdfa3cf40f O /home/capstone/project/venv/lib/python3.12/site-packages/numpy/_core/tests/test_shape_base.py
[10474] e9cc7fdfa3cf40f O /home/capstone/project/venv/lib/python3.12/site-packages/numpy/_core/tests/data/umath-validation-set-sinh.csv
[10474] e9cc7fdfa3cf40f O /home/capstone/project/venv/lib/python3.12/site-packages/numpy/_core/tests/test_conversion_utils.py
[10474] e9cc7fdfa3cf40f O /home/capstone/project/venv/lib/python3.12/site-packages/numpy/_core/tests/data/umath-validation-set-cosh.csv
[10474] e9cc7fdfa3cf40f O /home/capstone/project/venv/lib/python3.12/site-packages/numpy/_core/tests/test_records.py
[10474] e9cc7fdfa3cf40f O /home/capstone/project/venv/lib/python3.12/site-packages/numpy/_core/tests/data/umath-validation-set-exp2.csv
[10474] e9cc7fdfa3cf40f O /home/capstone/project/venv/lib/python3.12/site-packages/numpy/_core/memmap.pyi
[10474] e9cc7fdfa3cf40f O /home/capstone/project/venv/lib/python3.12/site-packages/numpy/_core/tests/test_array_interface.py
[10474] e9cc7fdfa3cf40f O /home/capstone/project/venv/lib/python3.12/site-packages/numpy/_core/tests/data/umath-validation-set-arccosh.csv
[10474] e9cc7fdfa3cf40f O /home/capstone/project/venv/lib/python3.12/site-packages/numpy/_core/tests/test_multiprocessing.py
[10474] e9cc7fdfa3cf40f O /home/capstone/project/venv/lib/python3.12/site-packages/numpy/_core/tests/data/umath-validation-set-cbrt.csv
[10474] e9cc7fdfa3cf40f O /home/capstone/project/venv/lib/python3.12/site-packages/numpy/_core/tests/test_deprecations.py
[10474] e9cc7fdfa3cf40f O /home/capstone/project/venv/lib/python3.12/site-packages/numpy/f2py/tests/test_f2cmap.py
[10474] e9cc7fdfa3cf40f O /home/capstone/project/venv/lib/python3.12/site-packages/numpy/f2py/tests/test_isoc.py
[10474] e9cc7fdfa3cf40f O /home/capstone/project/venv/lib/python3.12/site-packages/numpy/_core/_exceptions.py
[10474] e9cc7fdfa3cf40f O /home/capstone/project/venv/lib/python3.12/site-packages/numpy/_core/_ufunc_config.pyi
[10474] e9cc7fdfa3cf40f O /home/capstone/project/venv/lib/python3.12/site-packages/numpy/f2py/tests/test_f2py2e.py
[10474] e9cc7fdfa3cf40f O /home/capstone/project/venv/lib/python3.12/site-packages/numpy/_core/tests/test_arrayobject.py
[10474] e9cc7fdfa3cf40f O /home/capstone/project/venv/lib/python3.12/site-packages/numpy/_core/tests/data/umath-validation-set-arcsin.csv
[10474] e9cc7fdfa3cf40f O /home/capstone/project/venv/lib/python3.12/site-packages/numpy/_core/tests/test_simd.py
[10474] e9cc7fdfa3cf40f O /home/capstone/project/venv/lib/python3.12/site-packages/numpy/_core/_umath_tests.pyi
[10474] e9cc7fdfa3cf40f O /home/capstone/project/venv/lib/python3.12/site-packages/numpy/_core/tests/data/umath-validation-set-cos.csv
[10474] e9cc7fdfa3cf40f O /home/capstone/project/venv/lib/python3.12/site-packages/numpy/_core/arrayprint.py
[10474] e9cc7fdfa3cf40f O /home/capstone/project/venv/lib/python3.12/site-packages/numpy/f2py/tests/test_abstract_interface.py
[10474] e9cc7fdfa3cf40f O /home/capstone/project/venv/lib/python3.12/site-packages/numpy/_core/tests/test_cpu_features.py
[10474] e9cc7fdfa3cf40f O /home/capstone/project/venv/lib/python3.12/site-packages/numpy/f2py/tests/test_data.py
[10474] e9cc7fdfa3cf40f O /home/capstone/Downloads/000/000801.doc
[10474] e9cc7fdfa3cf40f O /home/capstone/project/venv/lib/python3.12/site-packages/numpy/_core/tests/test_scalarbuffer.py
[10474] e9cc7fdfa3cf40f O /home/capstone/project/venv/lib/python3.12/site-packages/numpy/_core/tests/test_stringdtype.py
[10474] e9cc7fdfa3cf40f O /home/capstone/project/venv/lib/python3.12/site-packages/numpy/_core/tests/data/umath-validation-set-log2.csv
[10474] e9cc7fdfa3cf40f O /home/capstone/project/venv/lib/python3.12/site-packages/numpy/_core/tests/data/umath-validation-set-exp.csv
[10474] e9cc7fdfa3cf40f O /home/capstone/project/venv/lib/python3.12/site-packages/numpy/f2py/tests/test_value_attrspec.py
[10474] e9cc7fdfa3cf40f O /home/capstone/project/venv/lib/python3.12/site-packages/numpy/f2py/tests/test_docs.py
[10474] e9cc7fdfa3cf40f O /home/capstone/project/venv/lib/python3.12/site-packages/numpy/_core/tests/test_argparse.py
[10474] e9cc7fdfa3cf40f O /home/capstone/project/venv/lib/python3.12/site-packages/numpy/_core/printoptions.py
[10474] e9cc7fdfa3cf40f O /home/capstone/project/venv/lib/python3.12/site-packages/numpy/_core/tests/test_scalarinherit.py
[10474] e9cc7fdfa3cf40f O /home/capstone/project/venv/lib/python3.12/site-packages/numpy/_core/tests/test_finfo.py
[10474] e9cc7fdfa3cf40f O /home/capstone/project/venv/lib/python3.12/site-packages/numpy/_core/tests/data/umath-validation-set-expm1.csv
[10474] e9cc7fdfa3cf40f O /home/capstone/project/venv/lib/python3.12/site-packages/numpy/f2py/tests/test_return_real.py
[10474] e9cc7fdfa3cf40f O /home/capstone/project/venv/lib/python3.12/site-packages/numpy/_core/_internal.pyi
[10474] e9cc7fdfa3cf40f O /home/capstone/project/venv/lib/python3.12/site-packages/numpy/_core/tests/test_datetime.py
[10474] e9cc7fdfa3cf40f O /home/capstone/project/venv/lib/python3.12/site-packages/numpy/_core/_dtype.py
[10474] e9cc7fdfa3cf40f O /home/capstone/Downloads/000/000297.ppt
[10474] e9cc7fdfa3cf40f O /home/capstone/Downloads/000/000328.ppt
[10474] e9cc7fdfa3cf40f O /home/capstone/project/venv/lib/python3.12/site-packages/numpy/f2py/tests/test_mixed.py
[10474] e9cc7fdfa3cf40f O /home/capstone/project/venv/lib/python3.12/site-packages/numpy/_core/umath.pyi
[10474] e9cc7fdfa3cf40f O /home/capstone/project/venv/lib/python3.12/site-packages/numpy/_core/tests/data/generate_umath_validation_data.cpp
[10474] e9cc7fdfa3cf40f O /home/capstone/Downloads/000/000016.pdf
[10474] e9cc7fdfa3cf40f O /home/capstone/project/venv/lib/python3.12/site-packages/numpy/_core/tests/data/umath-validation-set-arctanh.csv
[10474] e9cc7fdfa3cf40f O /home/capstone/project/venv/lib/python3.12/site-packages/numpy/f2py/tests/test_string.py
[10474] e9cc7fdfa3cf40f O /home/capstone/project/venv/lib/python3.12/site-packages/numpy/_core/tests/test_custom_dtypes.py
[10474] e9cc7fdfa3cf40f O /home/capstone/project/venv/lib/python3.12/site-packages/numpy/_core/records.py
[10474] e9cc7fdfa3cf40f O /home/capstone/project/venv/lib/python3.12/site-packages/numpy/f2py/tests/test_crackfortran.py
[10474] e9cc7fdfa3cf40f O /home/capstone/project/venv/lib/python3.12/site-packages/numpy/_core/tests/test_numerictypes.py
[10474] e9cc7fdfa3cf40f O /home/capstone/project/venv/lib/python3.12/site-packages/numpy/_core/tests/data/umath-validation-set-arcsinh.csv
[10474] e9cc7fdfa3cf40f O /home/capstone/project/venv/lib/python3.12/site-packages/numpy/_core/tests/test_dtype.py
[10474] e9cc7fdfa3cf40f O /home/capstone/project/venv/lib/python3.12/site-packages/numpy/_core/function_base.pyi
[10474] e9cc7fdfa3cf40f O /home/capstone/Downloads/000/000605.pdf
[10474] e9cc7fdfa3cf40f O /home/capstone/project/venv/lib/python3.12/site-packages/numpy/f2py/tests/test_return_character.py
[10474] e9cc7fdfa3cf40f O /home/capstone/project/venv/lib/python3.12/site-packages/numpy/_core/tests/test_arrayprint.py
[10474] e9cc7fdfa3cf40f O /home/capstone/project/venv/lib/python3.12/site-packages/numpy/f2py/tests/test_semicolon_split.py
[10474] e9cc7fdfa3cf40f O /home/capstone/project/venv/lib/python3.12/site-packages/numpy/_core/include
[10474] e9cc7fdfa3cf40f O /home/capstone/project/venv/lib/python3.12/site-packages/numpy/_core/tests/test_indexing.py
[10474] e9cc7fdfa3cf40f O /home/capstone/project/venv/lib/python3.12/site-packages/numpy/_core/_add_newdocs_scalars.py
[10474] e9cc7fdfa3cf40f C /home/capstone/project/venv/lib/python3.12/site-packages/numpy/_core/include/iFire-readme.txt
[10474] e9cc7fdfa3cf40f O /home/capstone/project/venv/lib/python3.12/site-packages/numpy/_core/include/numpy
[10474] e9cc7fdfa3cf40f O /home/capstone/project/venv/lib/python3.12/site-packages/numpy/f2py/tests/test_quoted_character.py
[10474] e9cc7fdfa3cf40f O /home/capstone/project/venv/lib/python3.12/site-packages/numpy/_core/tests/_locales.py
[10474] e9cc7fdfa3cf40f O /home/capstone/project/venv/lib/python3.12/site-packages/numpy/_core/getlimits.py
[10474] e9cc7fdfa3cf40f O /home/capstone/project/venv/lib/python3.12/site-packages/numpy/_core/_dtype.pyi
[10474] e9cc7fdfa3cf40f O /home/capstone/project/venv/lib/python3.12/site-packages/numpy/_core/printoptions.pyi
[10474] e9cc7fdfa3cf40f O /home/capstone/Downloads/000/000678.doc
[10474] e9cc7fdfa3cf40f O /home/capstone/project/venv/lib/python3.12/site-packages/numpy/_core/shape_base.py
[10474] e9cc7fdfa3cf40f O /home/capstone/project/venv/lib/python3.12/site-packages/numpy/_core/tests/test_function_base.py
[10474] e9cc7fdfa3cf40f O /home/capstone/Downloads/000/000898.html
[10474] e9cc7fdfa3cf40f O /home/capstone/project/venv/lib/python3.12/site-packages/numpy/f2py/tests/__init__.py
[10474] e9cc7fdfa3cf40f O /home/capstone/project/venv/lib/python3.12/site-packages/numpy/_core/shape_base.pyi
[10474] e9cc7fdfa3cf40f O /home/capstone/Downloads/000/000107.jpg
[10474] e9cc7fdfa3cf40f O /home/capstone/project/venv/lib/python3.12/site-packages/numpy/f2py/tests/test_common.py
[10474] e9cc7fdfa3cf40f C /home/capstone/project/venv/lib/python3.12/site-packages/numpy/_core/include/numpy/iFire-readme.txt
[10474] e9cc7fdfa3cf40f O /home/capstone/project/venv/lib/python3.12/site-packages/numpy/_core/include/numpy/dtype_api.h
[10474] e9cc7fdfa3cf40f O /home/capstone/Downloads/000/000867.jpg
[10474] e9cc7fdfa3cf40f O /home/capstone/project/venv/lib/python3.12/site-packages/numpy/f2py/tests/test_assumed_shape.py
[10474] e9cc7fdfa3cf40f O /home/capstone/project/venv/lib/python3.12/site-packages/numpy/_core/_methods.pyi
[10474] e9cc7fdfa3cf40f O /home/capstone/project/venv/lib/python3.12/site-packages/numpy/_core/include/numpy/random
[10474] e9cc7fdfa3cf40f O /home/capstone/project/venv/lib/python3.12/site-packages/numpy/_core/include/numpy/npy_math.h
[10474] e9cc7fdfa3cf40f O /home/capstone/project/venv/lib/python3.12/site-packages/numpy/_core/einsumfunc.pyi
[10474] e9cc7fdfa3cf40f O /home/capstone/Downloads/000/000281.doc
[10474] e9cc7fdfa3cf40f O /home/capstone/project/venv/lib/python3.12/site-packages/numpy/_core/tests/test_overrides.py
[10474] e9cc7fdfa3cf40f O /home/capstone/project/venv/lib/python3.12/site-packages/numpy/_core/include/numpy/npy_common.h
[10474] e9cc7fdfa3cf40f C /home/capstone/project/venv/lib/python3.12/site-packages/numpy/_core/include/numpy/random/iFire-readme.txt
[10474] e9cc7fdfa3cf40f O /home/capstone/project/venv/lib/python3.12/site-packages/numpy/_core/include/numpy/random/distributions.h
[10474] e9cc7fdfa3cf40f O /home/capstone/project/venv/lib/python3.12/site-packages/numpy/_core/tests/test_item_selection.py
[10474] e9cc7fdfa3cf40f O /home/capstone/project/venv/lib/python3.12/site-packages/numpy/_core/_string_helpers.pyi
[10474] e9cc7fdfa3cf40f O /home/capstone/Downloads/000/000333.pdf
[10474] e9cc7fdfa3cf40f O /home/capstone/project/venv/lib/python3.12/site-packages/numpy/_core/tests/test_longdouble.py
[10474] e9cc7fdfa3cf40f O /home/capstone/project/venv/lib/python3.12/site-packages/numpy/_core/include/numpy/random/libdivide.h
[10474] e9cc7fdfa3cf40f O /home/capstone/project/venv/lib/python3.12/site-packages/numpy/_core/include/numpy/__ufunc_api.c
[10474] e9cc7fdfa3cf40f O /home/capstone/project/venv/lib/python3.12/site-packages/numpy/_core/defchararray.py
[10474] e9cc7fdfa3cf40f O /home/capstone/project/venv/lib/python3.12/site-packages/numpy/_core/include/numpy/__multiarray_api.c
[10474] e9cc7fdfa3cf40f O /home/capstone/project/venv/lib/python3.12/site-packages/numpy/_core/tests/test_cython.py
[10474] e9cc7fdfa3cf40f O /home/capstone/project/venv/lib/python3.12/site-packages/numpy/_core/tests/test_numeric.py
[10474] e9cc7fdfa3cf40f O /home/capstone/project/venv/lib/python3.12/site-packages/numpy/_core/numeric.py
[10474] e9cc7fdfa3cf40f O /home/capstone/project/venv/lib/python3.12/site-packages/numpy/_core/include/numpy/random/bitgen.h
[10474] e9cc7fdfa3cf40f O /home/capstone/Downloads/000/000636.html
[10474] e9cc7fdfa3cf40f O /home/capstone/project/venv/lib/python3.12/site-packages/numpy/_core/include/numpy/numpyconfig.h
[10474] e9cc7fdfa3cf40f O /home/capstone/project/venv/lib/python3.12/site-packages/numpy/_core/getlimits.pyi
[10474] e9cc7fdfa3cf40f O /home/capstone/project/venv/lib/python3.12/site-packages/numpy/_core/include/numpy/npy_2_compat.h
[10474] e9cc7fdfa3cf40f O /home/capstone/project/venv/lib/python3.12/site-packages/numpy/f2py/tests/src/return_complex
[10474] e9cc7fdfa3cf40f O /home/capstone/project/venv/lib/python3.12/site-packages/numpy/_core/_internal.py
[10474] e9cc7fdfa3cf40f O /home/capstone/project/venv/lib/python3.12/site-packages/numpy/_core/include/numpy/npy_endian.h
[10474] e9cc7fdfa3cf40f O /home/capstone/Downloads/000/000985.ppt
[10474] e9cc7fdfa3cf40f O /home/capstone/project/venv/lib/python3.12/site-packages/numpy/_core/memmap.py
[10474] e9cc7fdfa3cf40f C /home/capstone/project/venv/lib/python3.12/site-packages/numpy/f2py/tests/src/return_complex/iFire-readme.txt
[10474] e9cc7fdfa3cf40f O /home/capstone/project/venv/lib/python3.12/site-packages/numpy/f2py/tests/src/return_complex/foo77.f
[10474] e9cc7fdfa3cf40f O /home/capstone/project/venv/lib/python3.12/site-packages/numpy/_core/tests/test_umath.py
[10474] e9cc7fdfa3cf40f O /home/capstone/project/venv/lib/python3.12/site-packages/numpy/_core/overrides.pyi
[10474] e9cc7fdfa3cf40f O /home/capstone/project/venv/lib/python3.12/site-packages/numpy/_core/include/numpy/npy_cpu.h
[10474] e9cc7fdfa3cf40f O /home/capstone/project/venv/lib/python3.12/site-packages/numpy/f2py/tests/src/return_complex/foo90.f90
[10474] e9cc7fdfa3cf40f O /home/capstone/project/venv/lib/python3.12/site-packages/numpy/_core/include/numpy/ndarrayobject.h
[10474] e9cc7fdfa3cf40f O /home/capstone/project/venv/lib/python3.12/site-packages/numpy/_core/_type_aliases.pyi
[10474] e9cc7fdfa3cf40f O /home/capstone/project/venv/lib/python3.12/site-packages/numpy/_core/_add_newdocs_scalars.pyi
[10474] e9cc7fdfa3cf40f O /home/capstone/project/venv/lib/python3.12/site-packages/numpy/f2py/tests/src/size
[10474] e9cc7fdfa3cf40f O /home/capstone/project/venv/lib/python3.12/site-packages/numpy/_core/include/numpy/ufuncobject.h
[10474] e9cc7fdfa3cf40f C /home/capstone/project/venv/lib/python3.12/site-packages/numpy/f2py/tests/src/size/iFire-readme.txt
[10474] e9cc7fdfa3cf40f O /home/capstone/project/venv/lib/python3.12/site-packages/numpy/f2py/tests/src/size/foo.f90
[10474] e9cc7fdfa3cf40f O /home/capstone/project/venv/lib/python3.12/site-packages/numpy/_core/strings.pyi
[10474] e9cc7fdfa3cf40f O /home/capstone/project/test_files/000896.jpg
[10474] e9cc7fdfa3cf40f O /home/capstone/project/venv/lib/python3.12/site-packages/numpy/_core/numeric.pyi
[10474] e9cc7fdfa3cf40f O /home/capstone/project/venv/lib/python3.12/site-packages/numpy/_core/tests/test_abc.py
[10474] e9cc7fdfa3cf40f O /home/capstone/project/venv/lib/python3.12/site-packages/numpy/_core/tests/test_nditer.py
[10474] e9cc7fdfa3cf40f O /home/capstone/project/venv/lib/python3.12/site-packages/numpy/_core/include/numpy/_public_dtype_api_table.h
[10474] e9cc7fdfa3cf40f O /home/capstone/project/venv/lib/python3.12/site-packages/numpy/f2py/tests/src/isocintrin
[10474] e9cc7fdfa3cf40f O /home/capstone/project/venv/lib/python3.12/site-packages/numpy/_core/include/numpy/__multiarray_api.h
[10474] e9cc7fdfa3cf40f C /home/capstone/project/venv/lib/python3.12/site-packages/numpy/f2py/tests/src/isocintrin/iFire-readme.txt
[10474] e9cc7fdfa3cf40f O /home/capstone/project/venv/lib/python3.12/site-packages/numpy/f2py/tests/src/isocintrin/isoCtests.f90
[10474] e9cc7fdfa3cf40f O /home/capstone/project/venv/lib/python3.12/site-packages/numpy/_core/_add_newdocs.pyi
[10474] e9cc7fdfa3cf40f O /home/capstone/project/venv/lib/python3.12/site-packages/numpy/f2py/tests/src/quoted_character
[10474] e9cc7fdfa3cf40f O /home/capstone/project/venv/lib/python3.12/site-packages/numpy/_core/include/numpy/npy_os.h
[10474] e9cc7fdfa3cf40f O /home/capstone/project/venv/lib/python3.12/site-packages/numpy/_core/overrides.py
[10474] e9cc7fdfa3cf40f O /home/capstone/project/venv/lib/python3.12/site-packages/numpy/_core/include/numpy/arrayobject.h
[10474] e9cc7fdfa3cf40f O /home/capstone/project/test_files/000116.doc
[10474] e9cc7fdfa3cf40f O /home/capstone/project/venv/lib/python3.12/site-packages/numpy/_core/include/numpy/npy_no_deprecated_api.h
[10474] e9cc7fdfa3cf40f O /home/capstone/project/venv/lib/python3.12/site-packages/numpy/_core/tests/test_protocols.py
[10474] e9cc7fdfa3cf40f C /home/capstone/project/venv/lib/python3.12/site-packages/numpy/f2py/tests/src/quoted_character/iFire-readme.txt
[10474] e9cc7fdfa3cf40f O /home/capstone/project/venv/lib/python3.12/site-packages/numpy/f2py/tests/src/quoted_character/foo.f
[10474] e9cc7fdfa3cf40f O /home/capstone/project/venv/lib/python3.12/site-packages/numpy/_core/tests/test_scalarprint.py
[10474] e9cc7fdfa3cf40f O /home/capstone/project/venv/lib/python3.12/site-packages/numpy/_core/_type_aliases.py
[10474] e9cc7fdfa3cf40f O /home/capstone/project/venv/lib/python3.12/site-packages/numpy/f2py/tests/src/crackfortran
[10474] e9cc7fdfa3cf40f O /home/capstone/project/venv/lib/python3.12/site-packages/numpy/_core/_add_newdocs.py
[10474] e9cc7fdfa3cf40f O /home/capstone/project/venv/lib/python3.12/site-packages/numpy/_core/include/numpy/arrayscalars.h
[10474] e9cc7fdfa3cf40f O /home/capstone/project/venv/lib/python3.12/site-packages/numpy/_core/include/numpy/npy_2_complexcompat.h
[10474] e9cc7fdfa3cf40f O /home/capstone/project/venv/lib/python3.12/site-packages/numpy/_core/tests/test_simd_module.py
[10474] e9cc7fdfa3cf40f O /home/capstone/project/venv/lib/python3.12/site-packages/numpy/_core/_string_helpers.py
[10474] e9cc7fdfa3cf40f C /home/capstone/project/venv/lib/python3.12/site-packages/numpy/f2py/tests/src/crackfortran/iFire-readme.txt
[10474] e9cc7fdfa3cf40f O /home/capstone/project/venv/lib/python3.12/site-packages/numpy/f2py/tests/src/crackfortran/data_common.f
[10474] e9cc7fdfa3cf40f O /home/capstone/project/venv/lib/python3.12/site-packages/numpy/_core/include/numpy/__ufunc_api.h
[10474] e9cc7fdfa3cf40f O /home/capstone/Downloads/000/000988.ppt
[10474] e9cc7fdfa3cf40f O /home/capstone/project/venv/lib/python3.12/site-packages/numpy/_core/tests/test_indexerrors.py
[10474] e9cc7fdfa3cf40f O /home/capstone/project/venv/lib/python3.12/site-packages/numpy/_core/arrayprint.pyi
[10474] e9cc7fdfa3cf40f O /home/capstone/project/venv/lib/python3.12/site-packages/numpy/f2py/tests/src/crackfortran/accesstype.f90
[10474] e9cc7fdfa3cf40f O /home/capstone/.local/share/Trash/files/000009.3.pdf.encrypted
[10474] e9cc7fdfa3cf40f O /home/capstone/.local/share/Trash/files/000001.3.doc.encrypted
[10474] e9cc7fdfa3cf40f O /home/capstone/.local/share/Trash/files/000035.xls.encrypted
[10474] e9cc7fdfa3cf40f O /home/capstone/project/venv/lib/python3.12/site-packages/numpy/f2py/tests/src/crackfortran/gh27697.f90
[10474] e9cc7fdfa3cf40f O /home/capstone/project/venv/lib/python3.12/site-packages/numpy/_core/tests/_natype.py
[10474] e9cc7fdfa3cf40f O /home/capstone/project/venv/lib/python3.12/site-packages/numpy/_core/numerictypes.py
[10474] e9cc7fdfa3cf40f O /home/capstone/.local/share/Trash/files/000013.2.pdf.encrypted
[10474] e9cc7fdfa3cf40f O /home/capstone/.local/share/Trash/files/000086.txt.encrypted
[10474] e9cc7fdfa3cf40f O /home/capstone/.local/share/Trash/files/000049.xls.encrypted
[10474] e9cc7fdfa3cf40f O /home/capstone/project/venv/lib/python3.12/site-packages/numpy/_core/include/numpy/halffloat.h
[10474] e9cc7fdfa3cf40f O /home/capstone/project/venv/lib/python3.12/site-packages/numpy/f2py/tests/src/crackfortran/gh15035.f
[10474] e9cc7fdfa3cf40f O /home/capstone/project/venv/lib/python3.12/site-packages/numpy/_core/tests/test_half.py
[10474] e9cc7fdfa3cf40f O /home/capstone/project/venv/lib/python3.12/site-packages/numpy/_core/include/numpy/ndarraytypes.h
[10474] e9cc7fdfa3cf40f O /home/capstone/project/venv/lib/python3.12/site-packages/numpy/_core/tests/test_mem_overlap.py
[10474] e9cc7fdfa3cf40f O /home/capstone/project/venv/lib/python3.12/site-packages/numpy/f2py/tests/src/crackfortran/data_with_comments.f
[10474] e9cc7fdfa3cf40f O /home/capstone/Downloads/000/000054.xls
[10474] e9cc7fdfa3cf40f O /home/capstone/project/venv/lib/python3.12/site-packages/numpy/_core/tests/test_multiarray.py
[10474] e9cc7fdfa3cf40f O /home/capstone/project/venv/lib/python3.12/site-packages/numpy/_core/defchararray.pyi
[10474] e9cc7fdfa3cf40f O /home/capstone/Downloads/000/000739.pdf
[10474] e9cc7fdfa3cf40f O /home/capstone/project/venv/lib/python3.12/site-packages/numpy/_core/include/numpy/_numpyconfig.h
[10474] e9cc7fdfa3cf40f O /home/capstone/project/venv/lib/python3.12/site-packages/numpy/f2py/tests/src/crackfortran/gh23879.f90
[10474] e9cc7fdfa3cf40f O /home/capstone/project/venv/lib/python3.12/site-packages/numpy/_core/_dtype_ctypes.pyi
[10474] e9cc7fdfa3cf40f O /home/capstone/project/venv/lib/python3.12/site-packages/numpy/f2py/tests/src/crackfortran/gh2848.f90
[10474] e9cc7fdfa3cf40f O /home/capstone/.local/share/Trash/files/000028.2.pdf.encrypted
[10474] e9cc7fdfa3cf40f O /home/capstone/project/venv/lib/python3.12/site-packages/numpy/_core/include/numpy/_neighborhood_iterator_imp.h
[10474] e9cc7fdfa3cf40f O /home/capstone/project/venv/lib/python3.12/site-packages/numpy/f2py/tests/src/crackfortran/foo_deps.f90
[10474] e9cc7fdfa3cf40f O /home/capstone/project/venv/lib/python3.12/site-packages/numpy/_core/numerictypes.pyi
[10474] e9cc7fdfa3cf40f O /home/capstone/.local/share/Trash/files/000072.html.encrypted
[10474] e9cc7fdfa3cf40f O /home/capstone/.local/share/Trash/files/000001.4.doc.encrypted
[10474] e9cc7fdfa3cf40f O /home/capstone/.local/share/Trash/files/000016.2.pdf.encrypted
[10474] e9cc7fdfa3cf40f O /home/capstone/.local/share/Trash/files/000017.4.swf.encrypted
[10474] e9cc7fdfa3cf40f O /home/capstone/.local/share/Trash/files/000006.3.doc.encrypted
[10474] e9cc7fdfa3cf40f O /home/capstone/.local/share/Trash/files/000062.html.encrypted
[10474] e9cc7fdfa3cf40f O /home/capstone/.local/share/Trash/files/000019.2.pdf.encrypted
[10474] e9cc7fdfa3cf40f O /home/capstone/.local/share/Trash/files/000008.2.ppt.encrypted
[10474] e9cc7fdfa3cf40f O /home/capstone/.local/share/Trash/files/000008.4.ppt.encrypted
[10474] e9cc7fdfa3cf40f O /home/capstone/.local/share/Trash/files/000042.xls.encrypted
[10474] e9cc7fdfa3cf40f O /home/capstone/.local/share/Trash/files/000013.4.pdf.encrypted
[10474] e9cc7fdfa3cf40f O /home/capstone/.local/share/Trash/files/000033.xls.encrypted
[10474] e9cc7fdfa3cf40f O /home/capstone/project/venv/lib/python3.12/site-packages/numpy/_core/include/numpy/utils.h
[10474] e9cc7fdfa3cf40f O /home/capstone/project/venv/lib/python3.12/site-packages/numpy/f2py/tests/src/crackfortran/operators.f90
[10474] e9cc7fdfa3cf40f O /home/capstone/project/venv/lib/python3.12/site-packages/numpy/_core/cversions.py
[10474] e9cc7fdfa3cf40f O /home/capstone/project/venv/lib/python3.12/site-packages/numpy/_core/include/numpy/npy_3kcompat.h
[10474] e9cc7fdfa3cf40f O /home/capstone/project/venv/lib/python3.12/site-packages/numpy/f2py/tests/src/crackfortran/privatemod.f90
[10474] e9cc7fdfa3cf40f O /home/capstone/project/venv/lib/python3.12/site-packages/numpy/_core/multiarray.pyi
[10474] e9cc7fdfa3cf40f O /home/capstone/project/venv/lib/python3.12/site-packages/numpy/f2py/tests/src/routines
[10474] e9cc7fdfa3cf40f O /home/capstone/project/venv/lib/python3.12/site-packages/numpy/f2py/tests/src/return_character
[10474] e9cc7fdfa3cf40f O /home/capstone/project/venv/lib/python3.12/site-packages/numpy/_core/_simd.pyi
[10474] e9cc7fdfa3cf40f O /home/capstone/project/venv/lib/python3.12/site-packages/numpy/f2py/tests/src/crackfortran/gh23598.f90
[10474] e9cc7fdfa3cf40f C /home/capstone/project/venv/lib/python3.12/site-packages/numpy/f2py/tests/src/return_character/iFire-readme.txt
[10474] e9cc7fdfa3cf40f O /home/capstone/project/venv/lib/python3.12/site-packages/numpy/f2py/tests/src/return_character/foo77.f
[10474] e9cc7fdfa3cf40f C /home/capstone/project/venv/lib/python3.12/site-packages/numpy/f2py/tests/src/routines/iFire-readme.txt
[10474] e9cc7fdfa3cf40f O /home/capstone/project/venv/lib/python3.12/site-packages/numpy/f2py/tests/src/routines/subrout.pyf
[10474] e9cc7fdfa3cf40f O /home/capstone/project/venv/lib/python3.12/site-packages/numpy/_core/_methods.py
[10474] e9cc7fdfa3cf40f O /home/capstone/project/venv/lib/python3.12/site-packages/numpy/f2py/tests/src/crackfortran/gh22648.pyf
[10474] e9cc7fdfa3cf40f O /home/capstone/project/venv/lib/python3.12/site-packages/numpy/f2py/tests/src/routines/funcfortranname.f
[10474] e9cc7fdfa3cf40f O /home/capstone/project/venv/lib/python3.12/site-packages/numpy/f2py/tests/src/return_character/foo90.f90
[10474] e9cc7fdfa3cf40f O /home/capstone/project/venv/lib/python3.12/site-packages/numpy/_core/strings.py
[10474] e9cc7fdfa3cf40f O /home/capstone/project/test_files/000347.pdf
[10474] e9cc7fdfa3cf40f O /home/capstone/project/venv/lib/python3.12/site-packages/numpy/_core/_asarray.py
[10474] e9cc7fdfa3cf40f O /home/capstone/project/venv/lib/python3.12/site-packages/numpy/f2py/tests/src/crackfortran/gh23598Warn.f90
[10474] e9cc7fdfa3cf40f O /home/capstone/project/venv/lib/python3.12/site-packages/numpy/f2py/tests/src/crackfortran/publicmod.f90
[10474] e9cc7fdfa3cf40f O /home/capstone/project/venv/lib/python3.12/site-packages/numpy/f2py/tests/src/crackfortran/pubprivmod.f90
[10474] e9cc7fdfa3cf40f O /home/capstone/project/venv/lib/python3.12/site-packages/numpy/f2py/tests/src/parameter
[10474] e9cc7fdfa3cf40f O /home/capstone/project/venv/lib/python3.12/site-packages/numpy/f2py/tests/src/crackfortran/unicode_comment.f90
[10474] e9cc7fdfa3cf40f O /home/capstone/project/venv/lib/python3.12/site-packages/numpy/f2py/tests/src/routines/subrout.f
[10474] e9cc7fdfa3cf40f O /home/capstone/project/venv/lib/python3.12/site-packages/numpy/_core/fromnumeric.pyi
[10474] e9cc7fdfa3cf40f C /home/capstone/project/venv/lib/python3.12/site-packages/numpy/f2py/tests/src/parameter/iFire-readme.txt
[10474] e9cc7fdfa3cf40f O /home/capstone/project/venv/lib/python3.12/site-packages/numpy/f2py/tests/src/parameter/constant_real.f90
[10474] e9cc7fdfa3cf40f O /home/capstone/project/venv/lib/python3.12/site-packages/numpy/f2py/tests/src/routines/funcfortranname.pyf
[10474] e9cc7fdfa3cf40f O /home/capstone/project/test_files/000157.pdf
[10474] e9cc7fdfa3cf40f O /home/capstone/project/venv/lib/python3.12/site-packages/numpy/f2py/tests/src/parameter/constant_both.f90
[10474] e9cc7fdfa3cf40f O /home/capstone/project/venv/lib/python3.12/site-packages/numpy/f2py/tests/src/parameter/constant_non_compound.f90
[10474] e9cc7fdfa3cf40f O /home/capstone/project/venv/lib/python3.12/site-packages/numpy/f2py/tests/src/common
[10474] e9cc7fdfa3cf40f O /home/capstone/project/venv/lib/python3.12/site-packages/numpy/f2py/tests/src/parameter/constant_array.f90
[10474] e9cc7fdfa3cf40f O /home/capstone/Downloads/000/000430.html
[10474] e9cc7fdfa3cf40f O /home/capstone/project/venv/lib/python3.12/site-packages/numpy/f2py/tests/src/parameter/constant_integer.f90
[2987] pool O /home/capstone/.local/share/Trash/info/000032.xls.encrypted.iFire.trashinfo
[2987] pool O /home/capstone/.local/share/Trash/info/000009.3.pdf.encrypted.iFire.trashinfo
[2987] pool O /home/capstone/.local/share/Trash/info/000001.3.doc.encrypted.iFire.trashinfo
[2987] pool O /home/capstone/.local/share/Trash/info/000035.xls.encrypted.iFire.trashinfo
[2987] pool O /home/capstone/.local/share/Trash/info/000013.2.pdf.encrypted.iFire.trashinfo
[2987] pool O /home/capstone/.local/share/Trash/info/000086.txt.encrypted.iFire.trashinfo
[2987] pool O /home/capstone/.local/share/Trash/info/000049.xls.encrypted.iFire.trashinfo
[2987] pool O /home/capstone/.local/share/Trash/info/000028.2.pdf.encrypted.iFire.trashinfo
[2987] pool O /home/capstone/.local/share/Trash/info/000072.html.encrypted.iFire.trashinfo
[2987] pool O /home/capstone/.local/share/Trash/info/000001.4.doc.encrypted.iFire.trashinfo
[2987] pool O /home/capstone/.local/share/Trash/info/000016.2.pdf.encrypted.iFire.trashinfo
[2987] pool O /home/capstone/.local/share/Trash/info/000017.4.swf.encrypted.iFire.trashinfo
[2987] pool O /home/capstone/.local/share/Trash/info/000006.3.doc.encrypted.iFire.trashinfo
[2987] pool O /home/capstone/.local/share/Trash/info/000062.html.encrypted.iFire.trashinfo
[2987] pool O /home/capstone/.local/share/Trash/info/000019.2.pdf.encrypted.iFire.trashinfo
[2987] pool O /home/capstone/.local/share/Trash/info/000008.2.ppt.encrypted.iFire.trashinfo
[2987] pool O /home/capstone/.local/share/Trash/info/000008.4.ppt.encrypted.iFire.trashinfo
[2987] pool O /home/capstone/.local/share/Trash/info/000042.xls.encrypted.iFire.trashinfo
[2987] pool O /home/capstone/.local/share/Trash/info/000013.4.pdf.encrypted.iFire.trashinfo
[10474] e9cc7fdfa3cf40f O /home/capstone/project/venv/lib/python3.12/site-packages/numpy/_core/multiarray.py
[10474] e9cc7fdfa3cf40f C /home/capstone/project/venv/lib/python3.12/site-packages/numpy/f2py/tests/src/common/iFire-readme.txt
[10474] e9cc7fdfa3cf40f O /home/capstone/project/venv/lib/python3.12/site-packages/numpy/f2py/tests/src/common/block.f
[10474] e9cc7fdfa3cf40f O /home/capstone/project/venv/lib/python3.12/site-packages/numpy/f2py/tests/src/parameter/constant_compound.f90
[10474] e9cc7fdfa3cf40f O /home/capstone/project/venv/lib/python3.12/site-packages/numpy/_core/__init__.pyi
[10474] e9cc7fdfa3cf40f O /home/capstone/project/venv/lib/python3.12/site-packages/numpy/f2py/tests/src/return_logical
[10474] e9cc7fdfa3cf40f O /home/capstone/project/venv/lib/python3.12/site-packages/numpy/f2py/tests/src/common/gh19161.f90
[10474] e9cc7fdfa3cf40f O /home/capstone/project/venv/lib/python3.12/site-packages/numpy/_core/__init__.py
[10474] e9cc7fdfa3cf40f C /home/capstone/project/venv/lib/python3.12/site-packages/numpy/f2py/tests/src/return_logical/iFire-readme.txt
[10474] e9cc7fdfa3cf40f O /home/capstone/project/venv/lib/python3.12/site-packages/numpy/f2py/tests/src/return_logical/foo77.f
[10474] e9cc7fdfa3cf40f O /home/capstone/project/venv/lib/python3.12/site-packages/numpy/f2py/tests/src/regression
[10474] e9cc7fdfa3cf40f O /home/capstone/project/venv/lib/python3.12/site-packages/numpy/_core/umath.py
[10474] e9cc7fdfa3cf40f C /home/capstone/project/venv/lib/python3.12/site-packages/numpy/f2py/tests/src/regression/iFire-readme.txt
[10474] e9cc7fdfa3cf40f O /home/capstone/project/venv/lib/python3.12/site-packages/numpy/f2py/tests/src/regression/f77comments.f
[10474] e9cc7fdfa3cf40f O /home/capstone/project/venv/lib/python3.12/site-packages/numpy/f2py/tests/src/return_logical/foo90.f90
[10474] e9cc7fdfa3cf40f O /home/capstone/project/venv/lib/python3.12/site-packages/numpy/f2py/tests/src/abstract_interface
[10474] e9cc7fdfa3cf40f O /home/capstone/project/venv/lib/python3.12/site-packages/numpy/f2py/tests/src/callback
[10474] e9cc7fdfa3cf40f O /home/capstone/Downloads/000/000042.xls
[10474] e9cc7fdfa3cf40f O /home/capstone/project/venv/lib/python3.12/site-packages/numpy/f2py/tests/src/regression/f77fixedform.f95
[10474] e9cc7fdfa3cf40f C /home/capstone/project/venv/lib/python3.12/site-packages/numpy/f2py/tests/src/abstract_interface/iFire-readme.txt
[10474] e9cc7fdfa3cf40f O /home/capstone/project/venv/lib/python3.12/site-packages/numpy/f2py/tests/src/abstract_interface/gh18403_mod.f90
[10474] e9cc7fdfa3cf40f O /home/capstone/project/venv/lib/python3.12/site-packages/numpy/f2py/tests/src/regression/incfile.f90
[10474] e9cc7fdfa3cf40f C /home/capstone/project/venv/lib/python3.12/site-packages/numpy/f2py/tests/src/callback/iFire-readme.txt
[10474] e9cc7fdfa3cf40f O /home/capstone/project/venv/lib/python3.12/site-packages/numpy/f2py/tests/src/callback/gh26681.f90
[10474] e9cc7fdfa3cf40f O /home/capstone/project/venv/lib/python3.12/site-packages/numpy/f2py/tests/src/abstract_interface/foo.f90
[10474] e9cc7fdfa3cf40f O /home/capstone/project/venv/lib/python3.12/site-packages/numpy/f2py/tests/src/regression/mod_derived_types.f90
[10474] e9cc7fdfa3cf40f O /home/capstone/Downloads/000/000824.html
[10474] e9cc7fdfa3cf40f O /home/capstone/project/venv/lib/python3.12/site-packages/numpy/f2py/tests/src/callback/gh18335.f90
[10474] e9cc7fdfa3cf40f O /home/capstone/project/venv/lib/python3.12/site-packages/numpy/f2py/tests/src/assumed_shape
[10474] e9cc7fdfa3cf40f O /home/capstone/project/venv/lib/python3.12/site-packages/numpy/f2py/tests/src/regression/lower_f2py_fortran.f90
[10474] e9cc7fdfa3cf40f O /home/capstone/.local/share/Trash/files/000002.doc.encrypted
[10474] e9cc7fdfa3cf40f O /home/capstone/.local/share/Trash/files/000021.2.pdf.encrypted
[10474] e9cc7fdfa3cf40f O /home/capstone/.local/share/Trash/files/000000.swf.encrypted
[10474] e9cc7fdfa3cf40f O /home/capstone/.local/share/Trash/files/000046.xls.encrypted
[10474] e9cc7fdfa3cf40f O /home/capstone/project/venv/lib/python3.12/site-packages/numpy/f2py/tests/src/callback/foo.f
[10474] e9cc7fdfa3cf40f O /home/capstone/.local/share/Trash/files/000000.4.swf.encrypted
[10474] e9cc7fdfa3cf40f O /home/capstone/.local/share/Trash/files/000019.4.pdf.encrypted
[10474] e9cc7fdfa3cf40f O /home/capstone/.local/share/Trash/files/000015.2.pdf.encrypted
[10474] e9cc7fdfa3cf40f O /home/capstone/.local/share/Trash/files/000030.xls.encrypted
[10474] e9cc7fdfa3cf40f O /home/capstone/project/venv/lib/python3.12/site-packages/numpy/f2py/tests/src/callback/gh17797.f90
[10474] e9cc7fdfa3cf40f O /home/capstone/project/venv/lib/python3.12/site-packages/numpy/f2py/tests/src/regression/inout.f90
[10474] e9cc7fdfa3cf40f O /home/capstone/Downloads/000/000205.html
[10474] e9cc7fdfa3cf40f O /home/capstone/project/venv/lib/python3.12/site-packages/numpy/f2py/tests/src/callback/gh25211.pyf
[10474] e9cc7fdfa3cf40f O /home/capstone/project/venv/lib/python3.12/site-packages/numpy/f2py/tests/src/regression/f90continuation.f90
[10474] e9cc7fdfa3cf40f C /home/capstone/project/venv/lib/python3.12/site-packages/numpy/f2py/tests/src/assumed_shape/iFire-readme.txt
[10474] e9cc7fdfa3cf40f O /home/capstone/project/venv/lib/python3.12/site-packages/numpy/f2py/tests/src/crackfortran/data_multiplier.f
[10474] e9cc7fdfa3cf40f O /home/capstone/Downloads/000/000287.doc
[10474] e9cc7fdfa3cf40f O /home/capstone/project/venv/lib/python3.12/site-packages/numpy/f2py/tests/src/assumed_shape/foo_free.f90
[10474] e9cc7fdfa3cf40f O /home/capstone/project/venv/lib/python3.12/site-packages/numpy/f2py/tests/src/callback/gh25211.f
[10474] e9cc7fdfa3cf40f O /home/capstone/project/venv/lib/python3.12/site-packages/numpy/f2py/tests/src/assumed_shape/foo_use.f90
[10474] e9cc7fdfa3cf40f O /home/capstone/project/venv/lib/python3.12/site-packages/numpy/f2py/tests/src/crackfortran/gh17859.f
[10474] e9cc7fdfa3cf40f O /home/capstone/project/test_files/000211.html
[10474] e9cc7fdfa3cf40f O /home/capstone/project/venv/lib/python3.12/site-packages/numpy/f2py/tests/src/block_docstring
[10474] e9cc7fdfa3cf40f O /home/capstone/project/venv/lib/python3.12/site-packages/numpy/f2py/tests/src/regression/assignOnlyModule.f90
[10474] e9cc7fdfa3cf40f O /home/capstone/project/venv/lib/python3.12/site-packages/numpy/f2py/tests/src/assumed_shape/precision.f90
[10474] e9cc7fdfa3cf40f O /home/capstone/Downloads/000/000402.xls
[10474] e9cc7fdfa3cf40f O /home/capstone/project/venv/lib/python3.12/site-packages/numpy/f2py/tests/src/regression/datonly.f90
[10474] e9cc7fdfa3cf40f O /home/capstone/project/venv/lib/python3.12/site-packages/numpy/f2py/tests/src/crackfortran/gh23533.f
[10474] e9cc7fdfa3cf40f C /home/capstone/project/venv/lib/python3.12/site-packages/numpy/f2py/tests/src/block_docstring/iFire-readme.txt
[10474] e9cc7fdfa3cf40f O /home/capstone/project/venv/lib/python3.12/site-packages/numpy/f2py/tests/src/block_docstring/foo.f
[10474] e9cc7fdfa3cf40f O /home/capstone/project/test_files/000606.pdf
[10474] e9cc7fdfa3cf40f O /home/capstone/project/venv/lib/python3.12/site-packages/numpy/f2py/tests/src/crackfortran/data_stmts.f90
[10474] e9cc7fdfa3cf40f O /home/capstone/project/venv/lib/python3.12/site-packages/numpy/f2py/tests/src/assumed_shape/foo_mod.f90
[10474] e9cc7fdfa3cf40f O /home/capstone/project/venv/lib/python3.12/site-packages/numpy/f2py/tests/src/negative_bounds
[10474] e9cc7fdfa3cf40f O /home/capstone/project/venv/lib/python3.12/site-packages/numpy/f2py/tests/src/crackfortran/common_with_division.f
[10474] e9cc7fdfa3cf40f O /home/capstone/Downloads/000/000263.pdf
[10474] e9cc7fdfa3cf40f O /home/capstone/project/test_files/000048.xls
[10474] e9cc7fdfa3cf40f O /home/capstone/project/venv/lib/python3.12/site-packages/numpy/f2py/tests/src/regression/AB.inc
[10474] e9cc7fdfa3cf40f O /home/capstone/project/venv/lib/python3.12/site-packages/numpy/f2py/tests/src/modules
[10474] e9cc7fdfa3cf40f O /home/capstone/project/venv/lib/python3.12/site-packages/numpy/f2py/tests/src/array_from_pyobj
[10474] e9cc7fdfa3cf40f O /home/capstone/project/venv/lib/python3.12/site-packages/numpy/f2py/tests/src/f2cmap
[10474] e9cc7fdfa3cf40f C /home/capstone/project/venv/lib/python3.12/site-packages/numpy/f2py/tests/src/negative_bounds/iFire-readme.txt
[10474] e9cc7fdfa3cf40f O /home/capstone/project/venv/lib/python3.12/site-packages/numpy/f2py/tests/src/negative_bounds/issue_20853.f90
[10474] e9cc7fdfa3cf40f C /home/capstone/project/venv/lib/python3.12/site-packages/numpy/f2py/tests/src/array_from_pyobj/iFire-readme.txt
[10474] e9cc7fdfa3cf40f O /home/capstone/project/venv/lib/python3.12/site-packages/numpy/f2py/tests/src/array_from_pyobj/wrapmodule.c
[10474] e9cc7fdfa3cf40f C /home/capstone/project/venv/lib/python3.12/site-packages/numpy/f2py/tests/src/f2cmap/iFire-readme.txt
[10474] e9cc7fdfa3cf40f O /home/capstone/project/venv/lib/python3.12/site-packages/numpy/f2py/tests/src/f2cmap/isoFortranEnvMap.f90
[10474] e9cc7fdfa3cf40f O /home/capstone/Downloads/000/000293.ppt
[10474] e9cc7fdfa3cf40f O /home/capstone/project/venv/lib/python3.12/site-packages/numpy/f2py/tests/src/kind
[10474] e9cc7fdfa3cf40f C /home/capstone/project/venv/lib/python3.12/site-packages/numpy/f2py/tests/src/modules/iFire-readme.txt
[10474] e9cc7fdfa3cf40f O /home/capstone/project/venv/lib/python3.12/site-packages/numpy/f2py/tests/src/modules/module_data_docstring.f90
[10474] e9cc7fdfa3cf40f O /home/capstone/project/venv/lib/python3.12/site-packages/numpy/f2py/tests/src/modules/gh25337
[10474] e9cc7fdfa3cf40f O /home/capstone/project/venv/lib/python3.12/site-packages/numpy/f2py/tests/src/modules/gh26920
[10474] e9cc7fdfa3cf40f C /home/capstone/project/venv/lib/python3.12/site-packages/numpy/f2py/tests/src/kind/iFire-readme.txt
[10474] e9cc7fdfa3cf40f O /home/capstone/project/venv/lib/python3.12/site-packages/numpy/f2py/tests/src/kind/foo.f90
[10474] e9cc7fdfa3cf40f O /home/capstone/project/venv/lib/python3.12/site-packages/numpy/f2py/tests/src/modules/use_modules.f90
[10474] e9cc7fdfa3cf40f O /home/capstone/Downloads/000/000135.pdf
[10474] e9cc7fdfa3cf40f O /home/capstone/project/venv/lib/python3.12/site-packages/numpy/f2py/tests/src/return_real
[10474] e9cc7fdfa3cf40f C /home/capstone/project/venv/lib/python3.12/site-packages/numpy/f2py/tests/src/modules/gh25337/iFire-readme.txt
[10474] e9cc7fdfa3cf40f O /home/capstone/project/venv/lib/python3.12/site-packages/numpy/f2py/tests/src/modules/gh25337/use_data.f90
[10474] e9cc7fdfa3cf40f C /home/capstone/project/venv/lib/python3.12/site-packages/numpy/f2py/tests/src/return_real/iFire-readme.txt
[10474] e9cc7fdfa3cf40f O /home/capstone/project/venv/lib/python3.12/site-packages/numpy/f2py/tests/src/return_real/foo77.f
[10474] e9cc7fdfa3cf40f C /home/capstone/project/venv/lib/python3.12/site-packages/numpy/f2py/tests/src/modules/gh26920/iFire-readme.txt
[10474] e9cc7fdfa3cf40f O /home/capstone/project/venv/lib/python3.12/site-packages/numpy/f2py/tests/src/modules/gh26920/two_mods_with_no_public_entities.f90
[10474] e9cc7fdfa3cf40f O /home/capstone/project/venv/lib/python3.12/site-packages/numpy/f2py/tests/src/cli
[10474] e9cc7fdfa3cf40f O /home/capstone/Downloads/000/000126.doc
[10474] e9cc7fdfa3cf40f O /home/capstone/project/venv/lib/python3.12/site-packages/numpy/f2py/tests/src/modules/gh25337/data.f90
[10474] e9cc7fdfa3cf40f O /home/capstone/project/venv/lib/python3.12/site-packages/numpy/f2py/tests/src/return_real/foo90.f90
[10474] e9cc7fdfa3cf40f O /home/capstone/project/venv/lib/python3.12/site-packages/numpy/f2py/tests/src/modules/gh26920/two_mods_with_one_public_routine.f90
[10474] e9cc7fdfa3cf40f O /home/capstone/project/venv/lib/python3.12/site-packages/numpy/f2py/tests/src/value_attrspec
[10474] e9cc7fdfa3cf40f C /home/capstone/project/venv/lib/python3.12/site-packages/numpy/f2py/tests/src/cli/iFire-readme.txt
[10474] e9cc7fdfa3cf40f O /home/capstone/project/venv/lib/python3.12/site-packages/numpy/f2py/tests/src/cli/hi77.f
[10474] e9cc7fdfa3cf40f C /home/capstone/project/venv/lib/python3.12/site-packages/numpy/f2py/tests/src/value_attrspec/iFire-readme.txt
[10474] e9cc7fdfa3cf40f O /home/capstone/project/venv/lib/python3.12/site-packages/numpy/f2py/tests/src/value_attrspec/gh21665.f90
[10474] e9cc7fdfa3cf40f O /home/capstone/project/venv/lib/python3.12/site-packages/numpy/f2py/tests/src/mixed
[10474] e9cc7fdfa3cf40f O /home/capstone/project/venv/lib/python3.12/site-packages/numpy/linalg
[10474] e9cc7fdfa3cf40f O /home/capstone/project/venv/lib/python3.12/site-packages/numpy/f2py/tests/src/cli/hiworld.f90
[10474] e9cc7fdfa3cf40f C /home/capstone/project/venv/lib/python3.12/site-packages/numpy/f2py/tests/src/mixed/iFire-readme.txt
[10474] e9cc7fdfa3cf40f O /home/capstone/project/venv/lib/python3.12/site-packages/numpy/f2py/tests/src/mixed/foo_free.f90
[10474] e9cc7fdfa3cf40f C /home/capstone/project/venv/lib/python3.12/site-packages/numpy/linalg/iFire-readme.txt
[10474] e9cc7fdfa3cf40f O /home/capstone/project/venv/lib/python3.12/site-packages/numpy/linalg/_umath_linalg.pyi
[10474] e9cc7fdfa3cf40f O /home/capstone/project/venv/lib/python3.12/site-packages/numpy/f2py/tests/src/mixed/foo_fixed.f90
[10474] e9cc7fdfa3cf40f O /home/capstone/project/venv/lib/python3.12/site-packages/numpy/f2py/tests/src/cli/gh_22819.pyf
[10474] e9cc7fdfa3cf40f O /home/capstone/project/venv/lib/python3.12/site-packages/numpy/f2py/tests/src/mixed/foo.f
[10474] e9cc7fdfa3cf40f O /home/capstone/project/venv/lib/python3.12/site-packages/numpy/linalg/__pycache__
[10474] e9cc7fdfa3cf40f O /home/capstone/project/venv/lib/python3.12/site-packages/numpy/linalg/tests
[10474] e9cc7fdfa3cf40f C /home/capstone/project/venv/lib/python3.12/site-packages/numpy/linalg/__pycache__/iFire-readme.txt
[10474] e9cc7fdfa3cf40f O /home/capstone/project/venv/lib/python3.12/site-packages/dateutil
[10474] e9cc7fdfa3cf40f C /home/capstone/project/venv/lib/python3.12/site-packages/dateutil/iFire-readme.txt
[10474] e9cc7fdfa3cf40f O /home/capstone/project/venv/lib/python3.12/site-packages/dateutil/_common.py
[10474] e9cc7fdfa3cf40f O /home/capstone/project/venv/lib/python3.12/site-packages/numpy/linalg/_linalg.py
[10474] e9cc7fdfa3cf40f O /home/capstone/Downloads/000/000316.pdf
[10474] e9cc7fdfa3cf40f O /home/capstone/project/venv/lib/python3.12/site-packages/dateutil/__pycache__
[10474] e9cc7fdfa3cf40f C /home/capstone/project/venv/lib/python3.12/site-packages/numpy/linalg/tests/iFire-readme.txt
[10474] e9cc7fdfa3cf40f O /home/capstone/project/venv/lib/python3.12/site-packages/numpy/linalg/tests/test_linalg.py
[10474] e9cc7fdfa3cf40f C /home/capstone/project/venv/lib/python3.12/site-packages/dateutil/__pycache__/iFire-readme.txt
[10474] e9cc7fdfa3cf40f O /home/capstone/project/venv/lib/python3.12/site-packages/numpy/linalg/tests/__pycache__
[10474] e9cc7fdfa3cf40f O /home/capstone/project/venv/lib/python3.12/site-packages/numpy/linalg/_linalg.pyi
[10474] e9cc7fdfa3cf40f C /home/capstone/project/venv/lib/python3.12/site-packages/numpy/linalg/tests/__pycache__/iFire-readme.txt
[10474] e9cc7fdfa3cf40f O /home/capstone/project/venv/lib/python3.12/site-packages/dateutil/tz
[10474] e9cc7fdfa3cf40f O /home/capstone/project/venv/lib/python3.12/site-packages/numpy/linalg/lapack_lite.pyi
[10474] e9cc7fdfa3cf40f O /home/capstone/project/venv/lib/python3.12/site-packages/numpy/linalg/__init__.pyi
[10474] e9cc7fdfa3cf40f C /home/capstone/project/venv/lib/python3.12/site-packages/dateutil/tz/iFire-readme.txt
[10474] e9cc7fdfa3cf40f O /home/capstone/project/venv/lib/python3.12/site-packages/dateutil/tz/win.py
[10474] e9cc7fdfa3cf40f O /home/capstone/project/venv/lib/python3.12/site-packages/numpy/linalg/tests/test_regression.py
[10474] e9cc7fdfa3cf40f O /home/capstone/project/venv/lib/python3.12/site-packages/dateutil/rrule.py
[10474] e9cc7fdfa3cf40f O /home/capstone/project/venv/lib/python3.12/site-packages/numpy/linalg/__init__.py
[10474] e9cc7fdfa3cf40f O /home/capstone/project/venv/lib/python3.12/site-packages/numpy/linalg/tests/test_deprecations.py
[10474] e9cc7fdfa3cf40f O /home/capstone/project/venv/lib/python3.12/site-packages/dateutil/tz/_factories.py
[10474] e9cc7fdfa3cf40f O /home/capstone/project/venv/lib/python3.12/site-packages/dateutil/tz/__pycache__
[10474] e9cc7fdfa3cf40f O /home/capstone/Downloads/000/000780.xls
[10474] e9cc7fdfa3cf40f O /home/capstone/project/venv/lib/python3.12/site-packages/dateutil/relativedelta.py
[10474] e9cc7fdfa3cf40f O /home/capstone/Downloads/000/000563.gif
[10474] e9cc7fdfa3cf40f C /home/capstone/project/venv/lib/python3.12/site-packages/dateutil/tz/__pycache__/iFire-readme.txt
[10474] e9cc7fdfa3cf40f O /home/capstone/project/venv/lib/python3.12/site-packages/dateutil/parser
[10474] e9cc7fdfa3cf40f O /home/capstone/project/venv/lib/python3.12/site-packages/dateutil/zoneinfo
[10474] e9cc7fdfa3cf40f O /home/capstone/project/venv/lib/python3.12/site-packages/dateutil/tz/_common.py
[10474] e9cc7fdfa3cf40f O /home/capstone/project/venv/lib/python3.12/site-packages/dateutil/utils.py
[10474] e9cc7fdfa3cf40f C /home/capstone/project/venv/lib/python3.12/site-packages/dateutil/zoneinfo/iFire-readme.txt
[10474] e9cc7fdfa3cf40f O /home/capstone/project/venv/lib/python3.12/site-packages/dateutil/zoneinfo/dateutil-zoneinfo.tar.gz
[10474] e9cc7fdfa3cf40f O /home/capstone/project/venv/lib/python3.12/site-packages/dateutil/tz/tz.py
[10474] e9cc7fdfa3cf40f O /home/capstone/Downloads/000/000001.doc
[10474] e9cc7fdfa3cf40f O /home/capstone/project/venv/lib/python3.12/site-packages/dateutil/tzwin.py
[10474] e9cc7fdfa3cf40f C /home/capstone/project/venv/lib/python3.12/site-packages/dateutil/parser/iFire-readme.txt
[10474] e9cc7fdfa3cf40f O /home/capstone/project/venv/lib/python3.12/site-packages/dateutil/parser/isoparser.py
[10474] e9cc7fdfa3cf40f O /home/capstone/project/venv/lib/python3.12/site-packages/dateutil/tz/__init__.py
[10474] e9cc7fdfa3cf40f O /home/capstone/project/venv/lib/python3.12/site-packages/dateutil/zoneinfo/rebuild.py
[10474] e9cc7fdfa3cf40f O /home/capstone/Downloads/000/000185.html
[10474] e9cc7fdfa3cf40f O /home/capstone/project/venv/lib/python3.12/site-packages/dateutil/parser/__pycache__
[10474] e9cc7fdfa3cf40f O /home/capstone/project/venv/lib/python3.12/site-packages/dateutil/zoneinfo/__init__.py
[10474] e9cc7fdfa3cf40f O /home/capstone/project/venv/lib/python3.12/site-packages/dateutil/easter.py
[10474] e9cc7fdfa3cf40f O /home/capstone/project/venv/lib/python3.12/site-packages/dateutil/parser/_parser.py
[10474] e9cc7fdfa3cf40f O /home/capstone/Downloads/000/000340.pdf
[10474] e9cc7fdfa3cf40f O /home/capstone/project/venv/lib/python3.12/site-packages/dateutil/zoneinfo/__pycache__
[10474] e9cc7fdfa3cf40f O /home/capstone/project/venv/lib/python3.12/site-packages/dateutil/parser/__init__.py
[10474] e9cc7fdfa3cf40f C /home/capstone/project/venv/lib/python3.12/site-packages/dateutil/parser/__pycache__/iFire-readme.txt
[10474] e9cc7fdfa3cf40f O /home/capstone/project/venv/lib/python3.12/site-packages/requests
[10474] e9cc7fdfa3cf40f C /home/capstone/project/venv/lib/python3.12/site-packages/dateutil/zoneinfo/__pycache__/iFire-readme.txt
[10474] e9cc7fdfa3cf40f O /home/capstone/project/venv/lib/python3.12/site-packages/idna-3.11.dist-info
[10474] e9cc7fdfa3cf40f O /home/capstone/project/venv/lib/python3.12/site-packages/dateutil/_version.py
[10474] e9cc7fdfa3cf40f C /home/capstone/project/venv/lib/python3.12/site-packages/requests/iFire-readme.txt
[10474] e9cc7fdfa3cf40f O /home/capstone/project/venv/lib/python3.12/site-packages/requests/hooks.py
[10474] e9cc7fdfa3cf40f C /home/capstone/project/venv/lib/python3.12/site-packages/idna-3.11.dist-info/iFire-readme.txt
[10474] e9cc7fdfa3cf40f O /home/capstone/project/venv/lib/python3.12/site-packages/idna-3.11.dist-info/licenses
[10474] e9cc7fdfa3cf40f O /home/capstone/project/venv/lib/python3.12/site-packages/dateutil/__init__.py
[10474] e9cc7fdfa3cf40f O /home/capstone/project/venv/lib/python3.12/site-packages/requests/__pycache__
[10474] e9cc7fdfa3cf40f O /home/capstone/project/venv/lib/python3.12/site-packages/certifi
[10474] e9cc7fdfa3cf40f C /home/capstone/project/venv/lib/python3.12/site-packages/requests/__pycache__/iFire-readme.txt
[10474] e9cc7fdfa3cf40f O /home/capstone/project/venv/lib/python3.12/site-packages/six-1.17.0.dist-info
[10474] e9cc7fdfa3cf40f C /home/capstone/project/venv/lib/python3.12/site-packages/certifi/iFire-readme.txt
[10474] e9cc7fdfa3cf40f O /home/capstone/project/venv/lib/python3.12/site-packages/certifi/core.py
[10474] e9cc7fdfa3cf40f C /home/capstone/project/venv/lib/python3.12/site-packages/six-1.17.0.dist-info/iFire-readme.txt
[10474] e9cc7fdfa3cf40f O /home/capstone/project/venv/lib/python3.12/site-packages/certifi/__pycache__
[10474] e9cc7fdfa3cf40f O /home/capstone/project/venv/lib/python3.12/site-packages/requests/api.py
[10474] e9cc7fdfa3cf40f O /home/capstone/project/venv/lib/python3.12/site-packages/certifi/__main__.py
[10474] e9cc7fdfa3cf40f C /home/capstone/project/venv/lib/python3.12/site-packages/idna-3.11.dist-info/licenses/iFire-readme.txt
[10474] e9cc7fdfa3cf40f O /home/capstone/project/venv/lib/python3.12/site-packages/idna-3.11.dist-info/licenses/LICENSE.md
[10474] e9cc7fdfa3cf40f C /home/capstone/project/venv/lib/python3.12/site-packages/certifi/__pycache__/iFire-readme.txt
[10474] e9cc7fdfa3cf40f O /home/capstone/project/venv/lib/python3.12/site-packages/urllib3-2.6.3.dist-info
[10474] e9cc7fdfa3cf40f O /home/capstone/project/venv/lib/python3.12/site-packages/pip
[10474] e9cc7fdfa3cf40f C /home/capstone/project/venv/lib/python3.12/site-packages/urllib3-2.6.3.dist-info/iFire-readme.txt
[10474] e9cc7fdfa3cf40f O /home/capstone/project/venv/lib/python3.12/site-packages/urllib3-2.6.3.dist-info/licenses
[10474] e9cc7fdfa3cf40f O /home/capstone/project/venv/lib/python3.12/site-packages/requests/exceptions.py
[10474] e9cc7fdfa3cf40f O /home/capstone/project/venv/lib/python3.12/site-packages/certifi/cacert.pem
[10474] e9cc7fdfa3cf40f O /home/capstone/project/venv/lib/python3.12/site-packages/requests/_internal_utils.py
[10474] e9cc7fdfa3cf40f O /home/capstone/.local/share/Trash/files/000069.html.encrypted
[10474] e9cc7fdfa3cf40f O /home/capstone/.local/share/Trash/files/000040.xls.encrypted
[10474] e9cc7fdfa3cf40f O /home/capstone/.local/share/Trash/files/000048.xls.encrypted
[10474] e9cc7fdfa3cf40f O /home/capstone/.local/share/Trash/files/000017.swf.encrypted
[10474] e9cc7fdfa3cf40f O /home/capstone/.local/share/Trash/files/000003.3.doc.encrypted
[10474] e9cc7fdfa3cf40f O /home/capstone/.local/share/Trash/files/000075.html.encrypted
[10474] e9cc7fdfa3cf40f O /home/capstone/.local/share/Trash/files/000010.2.pdf.encrypted
[10474] e9cc7fdfa3cf40f O /home/capstone/.local/share/Trash/files/000010.pdf.encrypted
[10474] e9cc7fdfa3cf40f O /home/capstone/.local/share/Trash/files/000018.pdf.encrypted
[10474] e9cc7fdfa3cf40f O /home/capstone/.local/share/Trash/files/000084.txt.encrypted
[10474] e9cc7fdfa3cf40f O /home/capstone/.local/share/Trash/files/000006.4.doc.encrypted
[10474] e9cc7fdfa3cf40f O /home/capstone/.local/share/Trash/files/000044.xls.encrypted
[10474] e9cc7fdfa3cf40f O /home/capstone/.local/share/Trash/files/000002.2.doc.encrypted
[10474] e9cc7fdfa3cf40f O /home/capstone/.local/share/Trash/files/000029.pdf.encrypted
[10474] e9cc7fdfa3cf40f O /home/capstone/.local/share/Trash/files/000022.pdf.encrypted
[10474] e9cc7fdfa3cf40f O /home/capstone/.local/share/Trash/files/000031.xls.encrypted
[2987] pool O /home/capstone/.local/share/Trash/info/000033.xls.encrypted.iFire.trashinfo
[2987] pool O /home/capstone/.local/share/Trash/info/000002.doc.encrypted.iFire.trashinfo
[2987] pool O /home/capstone/.local/share/Trash/info/000021.2.pdf.encrypted.iFire.trashinfo
[10474] e9cc7fdfa3cf40f C /home/capstone/project/venv/lib/python3.12/site-packages/urllib3-2.6.3.dist-info/licenses/iFire-readme.txt
[10474] e9cc7fdfa3cf40f O /home/capstone/project/venv/lib/python3.12/site-packages/requests-2.32.5.dist-info
[10474] e9cc7fdfa3cf40f O /home/capstone/project/venv/lib/python3.12/site-packages/requests/models.py
[10474] e9cc7fdfa3cf40f C /home/capstone/project/venv/lib/python3.12/site-packages/requests-2.32.5.dist-info/iFire-readme.txt
[10474] e9cc7fdfa3cf40f O /home/capstone/project/venv/lib/python3.12/site-packages/requests-2.32.5.dist-info/licenses
[10474] e9cc7fdfa3cf40f O /home/capstone/project/venv/lib/python3.12/site-packages/requests/certs.py
[10474] e9cc7fdfa3cf40f O /home/capstone/project/venv/lib/python3.12/site-packages/certifi/__init__.py
[10474] e9cc7fdfa3cf40f C /home/capstone/project/venv/lib/python3.12/site-packages/pip/iFire-readme.txt
[10474] e9cc7fdfa3cf40f O /home/capstone/project/venv/lib/python3.12/site-packages/pip/__pip-runner__.py
[10474] e9cc7fdfa3cf40f O /home/capstone/project/venv/lib/python3.12/site-packages/requests/help.py
[10474] e9cc7fdfa3cf40f O /home/capstone/Downloads/000/000154.doc
[10474] e9cc7fdfa3cf40f O /home/capstone/project/venv/lib/python3.12/site-packages/pip/__main__.py
[10474] e9cc7fdfa3cf40f C /home/capstone/project/venv/lib/python3.12/site-packages/requests-2.32.5.dist-info/licenses/iFire-readme.txt
[10474] e9cc7fdfa3cf40f O /home/capstone/project/venv/lib/python3.12/site-packages/pip/__pycache__
[10474] e9cc7fdfa3cf40f O /home/capstone/project/venv/lib/python3.12/site-packages/requests/adapters.py
[10474] e9cc7fdfa3cf40f O /home/capstone/project/venv/lib/python3.12/site-packages/pip/_internal
[10474] e9cc7fdfa3cf40f O /home/capstone/project/venv/lib/python3.12/site-packages/pip/py.typed
[10474] e9cc7fdfa3cf40f O /home/capstone/project/venv/lib/python3.12/site-packages/requests/utils.py
[10474] e9cc7fdfa3cf40f C /home/capstone/project/venv/lib/python3.12/site-packages/pip/_internal/iFire-readme.txt
[10474] e9cc7fdfa3cf40f O /home/capstone/project/venv/lib/python3.12/site-packages/pip/_internal/pyproject.py
[10474] e9cc7fdfa3cf40f O /home/capstone/project/venv/lib/python3.12/site-packages/pip/__init__.py
[10474] e9cc7fdfa3cf40f C /home/capstone/project/venv/lib/python3.12/site-packages/pip/__pycache__/iFire-readme.txt
[10474] e9cc7fdfa3cf40f O /home/capstone/project/venv/lib/python3.12/site-packages/pip/_internal/locations
[10474] e9cc7fdfa3cf40f O /home/capstone/project/venv/lib/python3.12/site-packages/requests/status_codes.py
[10474] e9cc7fdfa3cf40f O /home/capstone/project/venv/lib/python3.12/site-packages/pip/_internal/__pycache__
[10474] e9cc7fdfa3cf40f O /home/capstone/project/venv/lib/python3.12/site-packages/pip/_internal/exceptions.py
[10474] e9cc7fdfa3cf40f C /home/capstone/project/venv/lib/python3.12/site-packages/pip/_internal/locations/iFire-readme.txt
[10474] e9cc7fdfa3cf40f O /home/capstone/project/venv/lib/python3.12/site-packages/pip/_internal/locations/_sysconfig.py
[10474] e9cc7fdfa3cf40f O /home/capstone/project/venv/lib/python3.12/site-packages/requests/sessions.py
[10474] e9cc7fdfa3cf40f C /home/capstone/project/venv/lib/python3.12/site-packages/pip/_internal/__pycache__/iFire-readme.txt
[10474] e9cc7fdfa3cf40f O /home/capstone/project/venv/lib/python3.12/site-packages/pip/_internal/locations/__pycache__
[10474] e9cc7fdfa3cf40f O /home/capstone/project/venv/lib/python3.12/site-packages/pip/_internal/cache.py
[10474] e9cc7fdfa3cf40f O /home/capstone/project/venv/lib/python3.12/site-packages/pip/_internal/locations/base.py
[10474] e9cc7fdfa3cf40f O /home/capstone/Downloads/000/000538.gif
[10474] e9cc7fdfa3cf40f O /home/capstone/project/venv/lib/python3.12/site-packages/requests/auth.py
[10474] e9cc7fdfa3cf40f O /home/capstone/project/venv/lib/python3.12/site-packages/pip/_internal/build_env.py
[10474] e9cc7fdfa3cf40f C /home/capstone/project/venv/lib/python3.12/site-packages/pip/_internal/locations/__pycache__/iFire-readme.txt
[10474] e9cc7fdfa3cf40f O /home/capstone/project/venv/lib/python3.12/site-packages/pip/_internal/metadata
[10474] e9cc7fdfa3cf40f O /home/capstone/project/venv/lib/python3.12/site-packages/pip/_internal/locations/_distutils.py
[10474] e9cc7fdfa3cf40f O /home/capstone/project/venv/lib/python3.12/site-packages/requests/structures.py
[10474] e9cc7fdfa3cf40f O /home/capstone/project/venv/lib/python3.12/site-packages/pip/_internal/self_outdated_check.py
[10474] e9cc7fdfa3cf40f O /home/capstone/project/venv/lib/python3.12/site-packages/pip/_internal/locations/__init__.py
[10474] e9cc7fdfa3cf40f C /home/capstone/project/venv/lib/python3.12/site-packages/pip/_internal/metadata/iFire-readme.txt
[10474] e9cc7fdfa3cf40f O /home/capstone/project/venv/lib/python3.12/site-packages/pip/_internal/metadata/pkg_resources.py
[10474] e9cc7fdfa3cf40f O /home/capstone/project/venv/lib/python3.12/site-packages/requests/packages.py
[10474] e9cc7fdfa3cf40f O /home/capstone/project/venv/lib/python3.12/site-packages/pip/_internal/main.py
[10474] e9cc7fdfa3cf40f O /home/capstone/project/venv/lib/python3.12/site-packages/pip/_internal/metadata/__pycache__
[10474] e9cc7fdfa3cf40f O /home/capstone/project/venv/lib/python3.12/site-packages/pip/_internal/metadata/base.py
[10474] e9cc7fdfa3cf40f C /home/capstone/project/venv/lib/python3.12/site-packages/pip/_internal/metadata/__pycache__/iFire-readme.txt
[10474] e9cc7fdfa3cf40f O /home/capstone/project/venv/lib/python3.12/site-packages/pip/_internal/metadata/__init__.py
[10474] e9cc7fdfa3cf40f O /home/capstone/project/venv/lib/python3.12/site-packages/requests/__version__.py
[10474] e9cc7fdfa3cf40f O /home/capstone/project/test_files/000882.pdf
[10474] e9cc7fdfa3cf40f O /home/capstone/project/venv/lib/python3.12/site-packages/pip/_internal/metadata/importlib
[10474] e9cc7fdfa3cf40f O /home/capstone/project/venv/lib/python3.12/site-packages/pip/_internal/metadata/_json.py
[10474] e9cc7fdfa3cf40f O /home/capstone/project/venv/lib/python3.12/site-packages/pip/_internal/configuration.py
[10474] e9cc7fdfa3cf40f C /home/capstone/project/venv/lib/python3.12/site-packages/pip/_internal/metadata/importlib/iFire-readme.txt
[10474] e9cc7fdfa3cf40f O /home/capstone/project/venv/lib/python3.12/site-packages/pip/_internal/metadata/importlib/_dists.py
[10474] e9cc7fdfa3cf40f O /home/capstone/project/venv/lib/python3.12/site-packages/pip/_internal/metadata/importlib/__pycache__
[10474] e9cc7fdfa3cf40f O /home/capstone/project/venv/lib/python3.12/site-packages/requests/__init__.py
[10474] e9cc7fdfa3cf40f O /home/capstone/project/venv/lib/python3.12/site-packages/pip/_internal/wheel_builder.py
[10474] e9cc7fdfa3cf40f O /home/capstone/project/venv/lib/python3.12/site-packages/requests/compat.py
[10474] e9cc7fdfa3cf40f C /home/capstone/project/venv/lib/python3.12/site-packages/pip/_internal/metadata/importlib/__pycache__/iFire-readme.txt
[10474] e9cc7fdfa3cf40f O /home/capstone/project/venv/lib/python3.12/site-packages/pip/_internal/commands
[10474] e9cc7fdfa3cf40f O /home/capstone/project/venv/lib/python3.12/site-packages/pip/_internal/__init__.py
[10474] e9cc7fdfa3cf40f O /home/capstone/project/venv/lib/python3.12/site-packages/pip/_internal/metadata/importlib/_envs.py
[10474] e9cc7fdfa3cf40f O /home/capstone/project/test_files/000006.doc
[10474] e9cc7fdfa3cf40f O /home/capstone/project/test_files/000260.doc
[10474] e9cc7fdfa3cf40f O /home/capstone/project/venv/lib/python3.12/site-packages/pip/_internal/metadata/importlib/_compat.py
[10474] e9cc7fdfa3cf40f C /home/capstone/project/venv/lib/python3.12/site-packages/pip/_internal/commands/iFire-readme.txt
[10474] e9cc7fdfa3cf40f O /home/capstone/project/venv/lib/python3.12/site-packages/pip/_internal/commands/list.py
[10474] e9cc7fdfa3cf40f O /home/capstone/project/venv/lib/python3.12/site-packages/requests/cookies.py
[10474] e9cc7fdfa3cf40f O /home/capstone/project/venv/lib/python3.12/site-packages/pip/_internal/metadata/importlib/__init__.py
[10474] e9cc7fdfa3cf40f O /home/capstone/project/venv/lib/python3.12/site-packages/pip/_internal/commands/__pycache__
[10474] e9cc7fdfa3cf40f O /home/capstone/project/venv/lib/python3.12/site-packages/pip/_internal/operations
[10474] e9cc7fdfa3cf40f C /home/capstone/project/venv/lib/python3.12/site-packages/pip/_internal/commands/__pycache__/iFire-readme.txt
[10474] e9cc7fdfa3cf40f O /home/capstone/project/venv/lib/python3.12/site-packages/pip/_internal/req
[10474] e9cc7fdfa3cf40f O /home/capstone/Downloads/000/000147.pdf
[10474] e9cc7fdfa3cf40f C /home/capstone/project/venv/lib/python3.12/site-packages/pip/_internal/req/iFire-readme.txt
[10474] e9cc7fdfa3cf40f O /home/capstone/project/venv/lib/python3.12/site-packages/pip/_internal/req/req_install.py
[10474] e9cc7fdfa3cf40f O /home/capstone/Downloads/000/000257.rtf
[10474] e9cc7fdfa3cf40f C /home/capstone/project/venv/lib/python3.12/site-packages/pip/_internal/operations/iFire-readme.txt
[10474] e9cc7fdfa3cf40f O /home/capstone/project/venv/lib/python3.12/site-packages/pip/_internal/operations/check.py
[10474] e9cc7fdfa3cf40f O /home/capstone/project/venv/lib/python3.12/site-packages/pip/_internal/req/req_uninstall.py
[10474] e9cc7fdfa3cf40f O /home/capstone/project/venv/lib/python3.12/site-packages/pip/_internal/commands/check.py
[10474] e9cc7fdfa3cf40f O /home/capstone/project/venv/lib/python3.12/site-packages/pip/_internal/operations/freeze.py
[10474] e9cc7fdfa3cf40f O /home/capstone/project/venv/lib/python3.12/site-packages/pip/_internal/operations/__pycache__
[10474] e9cc7fdfa3cf40f C /home/capstone/project/venv/lib/python3.12/site-packages/pip/_internal/operations/__pycache__/iFire-readme.txt
[10474] e9cc7fdfa3cf40f O /home/capstone/project/venv/lib/python3.12/site-packages/pip/_internal/operations/build
[10474] e9cc7fdfa3cf40f O /home/capstone/project/venv/lib/python3.12/site-packages/pip/_internal/commands/hash.py
[10474] e9cc7fdfa3cf40f O /home/capstone/.local/share/Trash/files/000009.4.pdf.encrypted
[10474] e9cc7fdfa3cf40f O /home/capstone/.local/share/Trash/files/000014.4.html.encrypted
[10474] e9cc7fdfa3cf40f O /home/capstone/.local/share/Trash/files/000004.4.doc.encrypted
[10474] e9cc7fdfa3cf40f O /home/capstone/.local/share/Trash/files/000005.doc.encrypted
[10474] e9cc7fdfa3cf40f O /home/capstone/.local/share/Trash/files/000061.html.encrypted
[10474] e9cc7fdfa3cf40f O /home/capstone/.local/share/Trash/files/000058.html.encrypted
[10474] e9cc7fdfa3cf40f O /home/capstone/.local/share/Trash/files/000004.2.doc.encrypted
[10474] e9cc7fdfa3cf40f O /home/capstone/.local/share/Trash/files/000004.3.doc.encrypted
[10474] e9cc7fdfa3cf40f O /home/capstone/.local/share/Trash/files/000034.xls.encrypted
[10474] e9cc7fdfa3cf40f O /home/capstone/project/venv/lib/python3.12/site-packages/pip/_internal/operations/prepare.py
[10474] e9cc7fdfa3cf40f C /home/capstone/project/venv/lib/python3.12/site-packages/pip/_internal/operations/build/iFire-readme.txt
[10474] e9cc7fdfa3cf40f O /home/capstone/project/venv/lib/python3.12/site-packages/pip/_internal/operations/build/metadata_editable.py
[10474] e9cc7fdfa3cf40f O /home/capstone/project/venv/lib/python3.12/site-packages/pip/_internal/operations/build/__pycache__
[10474] e9cc7fdfa3cf40f O /home/capstone/project/venv/lib/python3.12/site-packages/pip/_internal/operations/build/metadata_legacy.py
[10474] e9cc7fdfa3cf40f O /home/capstone/project/test_files/000183.html
[10474] e9cc7fdfa3cf40f C /home/capstone/project/venv/lib/python3.12/site-packages/pip/_internal/operations/build/__pycache__/iFire-readme.txt
[10474] e9cc7fdfa3cf40f O /home/capstone/project/venv/lib/python3.12/site-packages/pip/_internal/operations/install
[10474] e9cc7fdfa3cf40f O /home/capstone/Downloads/000/000120.doc
[10474] e9cc7fdfa3cf40f O /home/capstone/project/venv/lib/python3.12/site-packages/pip/_internal/commands/completion.py
[10474] e9cc7fdfa3cf40f O /home/capstone/project/venv/lib/python3.12/site-packages/pip/_internal/req/req_file.py
[10474] e9cc7fdfa3cf40f O /home/capstone/Downloads/000/000635.html
[10474] e9cc7fdfa3cf40f O /home/capstone/project/venv/lib/python3.12/site-packages/pip/_internal/req/req_set.py
[10474] e9cc7fdfa3cf40f O /home/capstone/Downloads/000/000946.doc
[10474] e9cc7fdfa3cf40f O /home/capstone/project/venv/lib/python3.12/site-packages/pip/_internal/commands/install.py
[10474] e9cc7fdfa3cf40f O /home/capstone/project/venv/lib/python3.12/site-packages/pip/_internal/req/constructors.py
[10474] e9cc7fdfa3cf40f O /home/capstone/project/venv/lib/python3.12/site-packages/pip/_internal/commands/download.py
[10474] e9cc7fdfa3cf40f O /home/capstone/project/test_files/000798.html
[10474] e9cc7fdfa3cf40f O /home/capstone/project/test_files/000031.xls
[10474] e9cc7fdfa3cf40f C /home/capstone/project/venv/lib/python3.12/site-packages/pip/_internal/operations/install/iFire-readme.txt
[10474] e9cc7fdfa3cf40f O /home/capstone/project/venv/lib/python3.12/site-packages/pip/_internal/operations/install/wheel.py
[10474] e9cc7fdfa3cf40f O /home/capstone/project/venv/lib/python3.12/site-packages/pip/_internal/operations/build/metadata.py
[10474] e9cc7fdfa3cf40f O /home/capstone/project/venv/lib/python3.12/site-packages/pip/_internal/operations/build/wheel_legacy.py
[10474] e9cc7fdfa3cf40f O /home/capstone/project/venv/lib/python3.12/site-packages/pip/_internal/operations/install/editable_legacy.py
[10474] e9cc7fdfa3cf40f O /home/capstone/project/venv/lib/python3.12/site-packages/pip/_internal/operations/install/__init__.py
[10474] e9cc7fdfa3cf40f O /home/capstone/project/venv/lib/python3.12/site-packages/pip/_internal/operations/build/wheel_editable.py
[10474] e9cc7fdfa3cf40f O /home/capstone/project/venv/lib/python3.12/site-packages/pip/_internal/operations/build/wheel.py
[10474] e9cc7fdfa3cf40f O /home/capstone/project/venv/lib/python3.12/site-packages/pip/_internal/operations/install/__pycache__
[10474] e9cc7fdfa3cf40f O /home/capstone/project/venv/lib/python3.12/site-packages/pip/_internal/operations/build/build_tracker.py
[10474] e9cc7fdfa3cf40f C /home/capstone/project/venv/lib/python3.12/site-packages/pip/_internal/operations/install/__pycache__/iFire-readme.txt
[10474] e9cc7fdfa3cf40f O /home/capstone/project/venv/lib/python3.12/site-packages/pip/_internal/req/__pycache__
[10474] e9cc7fdfa3cf40f O /home/capstone/project/venv/lib/python3.12/site-packages/pip/_internal/network
[10474] e9cc7fdfa3cf40f C /home/capstone/project/venv/lib/python3.12/site-packages/pip/_internal/req/__pycache__/iFire-readme.txt
[10474] e9cc7fdfa3cf40f O /home/capstone/project/venv/lib/python3.12/site-packages/pip/_internal/utils
[10474] e9cc7fdfa3cf40f C /home/capstone/project/venv/lib/python3.12/site-packages/pip/_internal/network/iFire-readme.txt
[10474] e9cc7fdfa3cf40f O /home/capstone/project/venv/lib/python3.12/site-packages/pip/_internal/network/xmlrpc.py
[10474] e9cc7fdfa3cf40f C /home/capstone/project/venv/lib/python3.12/site-packages/pip/_internal/utils/iFire-readme.txt
[10474] e9cc7fdfa3cf40f O /home/capstone/project/venv/lib/python3.12/site-packages/pip/_internal/utils/unpacking.py
[10474] e9cc7fdfa3cf40f O /home/capstone/project/venv/lib/python3.12/site-packages/pip/_internal/network/download.py
[10474] e9cc7fdfa3cf40f O /home/capstone/project/venv/lib/python3.12/site-packages/pip/_internal/utils/direct_url_helpers.py
[10474] e9cc7fdfa3cf40f O /home/capstone/project/venv/lib/python3.12/site-packages/pip/_internal/network/cache.py
[10474] e9cc7fdfa3cf40f O /home/capstone/project/venv/lib/python3.12/site-packages/pip/_internal/network/utils.py
[10474] e9cc7fdfa3cf40f O /home/capstone/project/venv/lib/python3.12/site-packages/pip/_internal/network/lazy_wheel.py
[10474] e9cc7fdfa3cf40f O /home/capstone/project/venv/lib/python3.12/site-packages/pip/_internal/utils/_jaraco_text.py
[10474] e9cc7fdfa3cf40f O /home/capstone/project/venv/lib/python3.12/site-packages/pip/_internal/network/session.py
[10474] e9cc7fdfa3cf40f O /home/capstone/project/venv/lib/python3.12/site-packages/pip/_internal/utils/urls.py
[10474] e9cc7fdfa3cf40f O /home/capstone/project/venv/lib/python3.12/site-packages/pip/_internal/network/auth.py
[10474] e9cc7fdfa3cf40f O /home/capstone/project/venv/lib/python3.12/site-packages/pip/_internal/utils/models.py
[10474] e9cc7fdfa3cf40f O /home/capstone/project/venv/lib/python3.12/site-packages/pip/_internal/req/__init__.py
[10474] e9cc7fdfa3cf40f O /home/capstone/Downloads/000/000774.ps
[10474] e9cc7fdfa3cf40f O /home/capstone/project/venv/lib/python3.12/site-packages/pip/_internal/utils/__pycache__
[10474] e9cc7fdfa3cf40f O /home/capstone/project/venv/lib/python3.12/site-packages/pip/_internal/commands/cache.py
[10474] e9cc7fdfa3cf40f C /home/capstone/project/venv/lib/python3.12/site-packages/pip/_internal/utils/__pycache__/iFire-readme.txt
[10474] e9cc7fdfa3cf40f O /home/capstone/project/venv/lib/python3.12/site-packages/pip/_internal/network/__pycache__
[10474] e9cc7fdfa3cf40f O /home/capstone/project/venv/lib/python3.12/site-packages/pip/_internal/commands/search.py
[10474] e9cc7fdfa3cf40f O /home/capstone/project/venv/lib/python3.12/site-packages/pip/_internal/commands/index.py
[10474] e9cc7fdfa3cf40f C /home/capstone/project/venv/lib/python3.12/site-packages/pip/_internal/network/__pycache__/iFire-readme.txt
[10474] e9cc7fdfa3cf40f O /home/capstone/project/venv/lib/python3.12/site-packages/pip/_internal/index
[10474] e9cc7fdfa3cf40f O /home/capstone/project/venv/lib/python3.12/site-packages/pip/_internal/commands/freeze.py
[10474] e9cc7fdfa3cf40f C /home/capstone/project/venv/lib/python3.12/site-packages/pip/_internal/index/iFire-readme.txt
[10474] e9cc7fdfa3cf40f O /home/capstone/project/venv/lib/python3.12/site-packages/pip/_internal/index/sources.py
[10474] e9cc7fdfa3cf40f O /home/capstone/project/venv/lib/python3.12/site-packages/pip/_internal/index/package_finder.py
[10474] e9cc7fdfa3cf40f O /home/capstone/project/venv/lib/python3.12/site-packages/pip/_internal/commands/help.py
[10474] e9cc7fdfa3cf40f O /home/capstone/project/venv/lib/python3.12/site-packages/pip/_internal/index/collector.py
[10474] e9cc7fdfa3cf40f O /home/capstone/project/venv/lib/python3.12/site-packages/pip/_internal/utils/temp_dir.py
[10474] e9cc7fdfa3cf40f O /home/capstone/project/venv/lib/python3.12/site-packages/pip/_internal/network/__init__.py
[10474] e9cc7fdfa3cf40f O /home/capstone/project/venv/lib/python3.12/site-packages/pip/_internal/commands/show.py
[10474] e9cc7fdfa3cf40f O /home/capstone/project/venv/lib/python3.12/site-packages/pip/_internal/index/__init__.py
[2987] pool O /home/capstone/.local/share/Trash/info/000031.xls.encrypted.iFire.trashinfo
[2987] pool O /home/capstone/.local/share/Trash/info/000022.4.pdf.encrypted.iFire.trashinfo
[2987] pool O /home/capstone/.local/share/Trash/info/000007.2.doc.encrypted.iFire.trashinfo
[2987] pool O /home/capstone/.local/share/Trash/info/000009.2.pdf.encrypted.iFire.trashinfo
[2987] pool O /home/capstone/.local/share/Trash/info/000012.2.pdf.encrypted.iFire.trashinfo
[2987] pool O /home/capstone/.local/share/Trash/info/000000.2.swf.encrypted.iFire.trashinfo
[2987] pool O /home/capstone/.local/share/Trash/info/000067.xml.encrypted.iFire.trashinfo
[2987] pool O /home/capstone/.local/share/Trash/info/000013.3.pdf.encrypted.iFire.trashinfo
[2987] pool O /home/capstone/.local/share/Trash/info/000027.csv.encrypted.iFire.trashinfo
[2987] pool O /home/capstone/.local/share/Trash/info/000053.xls.encrypted.iFire.trashinfo
[2987] pool O /home/capstone/.local/share/Trash/info/000009.4.pdf.encrypted.iFire.trashinfo
[2987] pool O /home/capstone/.local/share/Trash/info/000014.4.html.encrypted.iFire.trashinfo
[2987] pool O /home/capstone/.local/share/Trash/info/000004.4.doc.encrypted.iFire.trashinfo
[2987] pool O /home/capstone/.local/share/Trash/info/000005.doc.encrypted.iFire.trashinfo
[2987] pool O /home/capstone/.local/share/Trash/info/000061.html.encrypted.iFire.trashinfo
[2987] pool O /home/capstone/.local/share/Trash/info/000058.html.encrypted.iFire.trashinfo
[2987] pool O /home/capstone/.local/share/Trash/info/000004.2.doc.encrypted.iFire.trashinfo
[2987] pool O /home/capstone/.local/share/Trash/info/000004.3.doc.encrypted.iFire.trashinfo
[10474] e9cc7fdfa3cf40f O /home/capstone/project/venv/lib/python3.12/site-packages/pip/_internal/index/__pycache__
[10474] e9cc7fdfa3cf40f O /home/capstone/project/venv/lib/python3.12/site-packages/pip/_internal/commands/debug.py
[10474] e9cc7fdfa3cf40f O /home/capstone/project/venv/lib/python3.12/site-packages/pip/_internal/utils/glibc.py
[10474] e9cc7fdfa3cf40f O /home/capstone/project/venv/lib/python3.12/site-packages/pip/_internal/utils/subprocess.py
[10474] e9cc7fdfa3cf40f C /home/capstone/project/venv/lib/python3.12/site-packages/pip/_internal/index/__pycache__/iFire-readme.txt
[10474] e9cc7fdfa3cf40f O /home/capstone/project/venv/lib/python3.12/site-packages/pip/_internal/vcs
[10474] e9cc7fdfa3cf40f C /home/capstone/project/venv/lib/python3.12/site-packages/pip/_internal/vcs/iFire-readme.txt
[10474] e9cc7fdfa3cf40f O /home/capstone/project/venv/lib/python3.12/site-packages/pip/_internal/vcs/__pycache__
[10474] e9cc7fdfa3cf40f O /home/capstone/project/venv/lib/python3.12/site-packages/pip/_internal/distributions/__init__.py
[10474] e9cc7fdfa3cf40f O /home/capstone/project/venv/lib/python3.12/site-packages/pip/_internal/distributions/__pycache__
[10474] e9cc7fdfa3cf40f O /home/capstone/project/venv/lib/python3.12/site-packages/pip/_internal/utils/wheel.py
[10474] e9cc7fdfa3cf40f C /home/capstone/project/venv/lib/python3.12/site-packages/pip/_internal/vcs/__pycache__/iFire-readme.txt
[10474] e9cc7fdfa3cf40f O /home/capstone/project/venv/lib/python3.12/site-packages/pip/_internal/models
[10474] e9cc7fdfa3cf40f O /home/capstone/project/venv/lib/python3.12/site-packages/pip/_internal/vcs/versioncontrol.py
[10474] e9cc7fdfa3cf40f C /home/capstone/project/venv/lib/python3.12/site-packages/pip/_internal/models/iFire-readme.txt
[10474] e9cc7fdfa3cf40f O /home/capstone/project/venv/lib/python3.12/site-packages/pip/_internal/models/selection_prefs.py
[10474] e9cc7fdfa3cf40f C /home/capstone/project/venv/lib/python3.12/site-packages/pip/_internal/distributions/__pycache__/iFire-readme.txt
[10474] e9cc7fdfa3cf40f O /home/capstone/project/venv/lib/python3.12/site-packages/pip/_internal/models/__pycache__
[10474] e9cc7fdfa3cf40f O /home/capstone/project/venv/lib/python3.12/site-packages/pip/_internal/utils/egg_link.py
[10474] e9cc7fdfa3cf40f O /home/capstone/project/venv/lib/python3.12/site-packages/pip/_internal/vcs/__init__.py
[10474] e9cc7fdfa3cf40f O /home/capstone/project/venv/lib/python3.12/site-packages/pip/_internal/utils/logging.py
[10474] e9cc7fdfa3cf40f O /home/capstone/project/venv/lib/python3.12/site-packages/pip/_internal/cli
[10474] e9cc7fdfa3cf40f C /home/capstone/project/venv/lib/python3.12/site-packages/pip/_internal/models/__pycache__/iFire-readme.txt
[10474] e9cc7fdfa3cf40f O /home/capstone/project/venv/lib/python3.12/site-packages/pip/_internal/resolution
[10474] e9cc7fdfa3cf40f O /home/capstone/project/venv/lib/python3.12/site-packages/pip/_internal/utils/filetypes.py
[10474] e9cc7fdfa3cf40f C /home/capstone/project/venv/lib/python3.12/site-packages/pip/_internal/cli/iFire-readme.txt
[10474] e9cc7fdfa3cf40f O /home/capstone/project/venv/lib/python3.12/site-packages/pip/_internal/cli/base_command.py
[10474] e9cc7fdfa3cf40f O /home/capstone/project/venv/lib/python3.12/site-packages/pip/_internal/utils/hashes.py
[10474] e9cc7fdfa3cf40f C /home/capstone/project/venv/lib/python3.12/site-packages/pip/_internal/resolution/iFire-readme.txt
[10474] e9cc7fdfa3cf40f O /home/capstone/project/venv/lib/python3.12/site-packages/pip/_internal/resolution/base.py
[10474] e9cc7fdfa3cf40f O /home/capstone/project/venv/lib/python3.12/site-packages/pip/_internal/cli/parser.py
[10474] e9cc7fdfa3cf40f O /home/capstone/project/venv/lib/python3.12/site-packages/pip/_internal/utils/misc.py
[10474] e9cc7fdfa3cf40f O /home/capstone/project/venv/lib/python3.12/site-packages/pip/_internal/resolution/__pycache__
[10474] e9cc7fdfa3cf40f O /home/capstone/project/venv/lib/python3.12/site-packages/pip/_internal/utils/_log.py
[10474] e9cc7fdfa3cf40f O /home/capstone/project/venv/lib/python3.12/site-packages/pip/_internal/cli/cmdoptions.py
[10474] e9cc7fdfa3cf40f C /home/capstone/project/venv/lib/python3.12/site-packages/pip/_internal/resolution/__pycache__/iFire-readme.txt
[10474] e9cc7fdfa3cf40f O /home/capstone/project/venv/lib/python3.12/site-packages/pip/_internal/cli/status_codes.py
[10474] e9cc7fdfa3cf40f O /home/capstone/project/venv/lib/python3.12/site-packages/pip/_internal/utils/filesystem.py
[10474] e9cc7fdfa3cf40f O /home/capstone/project/venv/lib/python3.12/site-packages/pip/_internal/resolution/legacy
[10474] e9cc7fdfa3cf40f O /home/capstone/project/venv/lib/python3.12/site-packages/pip/_internal/cli/command_context.py
[10474] e9cc7fdfa3cf40f C /home/capstone/project/venv/lib/python3.12/site-packages/pip/_internal/resolution/legacy/iFire-readme.txt
[10474] e9cc7fdfa3cf40f O /home/capstone/project/venv/lib/python3.12/site-packages/pip/_internal/resolution/legacy/resolver.py
[10474] e9cc7fdfa3cf40f O /home/capstone/project/venv/lib/python3.12/site-packages/pip/_internal/utils/entrypoints.py
[10474] e9cc7fdfa3cf40f O /home/capstone/project/venv/lib/python3.12/site-packages/pip/_internal/models/candidate.py
[10474] e9cc7fdfa3cf40f O /home/capstone/project/venv/lib/python3.12/site-packages/pip/_internal/models/target_python.py
[10474] e9cc7fdfa3cf40f C /home/capstone/project/venv/lib/python3.12/site-packages/pip/_vendor/distlib/iFire-readme.txt
[10474] e9cc7fdfa3cf40f O /home/capstone/project/venv/lib/python3.12/site-packages/pip/_vendor/distlib/database.py
[10474] e9cc7fdfa3cf40f O /home/capstone/project/venv/lib/python3.12/site-packages/pip/_vendor/distlib/util.py
[10474] e9cc7fdfa3cf40f O /home/capstone/project/venv/lib/python3.12/site-packages/pip/_internal/cli/__init__.py
[10474] e9cc7fdfa3cf40f O /home/capstone/project/venv/lib/python3.12/site-packages/pip/_vendor/webencodings/__pycache__
[10474] e9cc7fdfa3cf40f C /home/capstone/project/venv/lib/python3.12/site-packages/pip/_vendor/webencodings/__pycache__/iFire-readme.txt
[10474] e9cc7fdfa3cf40f O /home/capstone/project/venv/lib/python3.12/site-packages/pip/_vendor/chardet/metadata
[10474] e9cc7fdfa3cf40f O /home/capstone/project/venv/lib/python3.12/site-packages/pip/_vendor/distlib/resources.py
[10474] e9cc7fdfa3cf40f C /home/capstone/project/venv/lib/python3.12/site-packages/pip/_vendor/chardet/metadata/iFire-readme.txt
[10474] e9cc7fdfa3cf40f O /home/capstone/project/venv/lib/python3.12/site-packages/pip/_vendor/chardet/metadata/languages.py
[10474] e9cc7fdfa3cf40f O /home/capstone/Downloads/000/000719.ppt
[10474] e9cc7fdfa3cf40f O /home/capstone/Downloads/000/000826.pdf
[10474] e9cc7fdfa3cf40f O /home/capstone/Downloads/000/000770.pdf
[10474] e9cc7fdfa3cf40f O /home/capstone/Downloads/000/000764.csv
[10474] e9cc7fdfa3cf40f O /home/capstone/Downloads/000/000323.ppt
[10474] e9cc7fdfa3cf40f C /home/capstone/project/venv/lib/python3.12/site-packages/pip/_vendor/iFire-readme.txt
[10474] e9cc7fdfa3cf40f O /home/capstone/project/venv/lib/python3.12/site-packages/pip/_vendor/six.py
[10474] e9cc7fdfa3cf40f O /home/capstone/project/venv/lib/python3.12/site-packages/pip/_vendor/typing_extensions.py
[10474] e9cc7fdfa3cf40f O /home/capstone/Downloads/000/000077.html
[10474] e9cc7fdfa3cf40f O /home/capstone/Downloads/000/000438.html
[10474] e9cc7fdfa3cf40f O /home/capstone/project/venv/lib/python3.12/site-packages/pip/_vendor/__init__.py
[10474] e9cc7fdfa3cf40f O /home/capstone/project/venv/lib/python3.12/site-packages/pip/_internal/resolution/resolvelib/resolver.py
[10474] e9cc7fdfa3cf40f O /home/capstone/Downloads/000/000351.pdf
[10474] e9cc7fdfa3cf40f O /home/capstone/project/venv/lib/python3.12/site-packages/pip/_vendor/distlib/__pycache__
[10474] e9cc7fdfa3cf40f O /home/capstone/project/venv/lib/python3.12/site-packages/pip/_internal/resolution/resolvelib/reporter.py
[10474] e9cc7fdfa3cf40f O /home/capstone/project/venv/lib/python3.12/site-packages/pip/_internal/resolution/resolvelib/factory.py
[10474] e9cc7fdfa3cf40f C /home/capstone/project/venv/lib/python3.12/site-packages/pip/_vendor/distlib/__pycache__/iFire-readme.txt
[10474] e9cc7fdfa3cf40f O /home/capstone/project/venv/lib/python3.12/site-packages/pip/_vendor/chardet
[10474] e9cc7fdfa3cf40f O /home/capstone/Downloads/000/000401.xls
[10474] e9cc7fdfa3cf40f O /home/capstone/project/venv/lib/python3.12/site-packages/pip/_vendor/webencodings
[10474] e9cc7fdfa3cf40f O /home/capstone/Downloads/000/000270.pdf
[10474] e9cc7fdfa3cf40f C /home/capstone/project/venv/lib/python3.12/site-packages/pip/_vendor/chardet/iFire-readme.txt
[10474] e9cc7fdfa3cf40f O /home/capstone/project/venv/lib/python3.12/site-packages/pip/_vendor/chardet/utf8prober.py
[10474] e9cc7fdfa3cf40f C /home/capstone/project/venv/lib/python3.12/site-packages/pip/_vendor/webencodings/iFire-readme.txt
[10474] e9cc7fdfa3cf40f O /home/capstone/project/venv/lib/python3.12/site-packages/pip/_vendor/webencodings/x_user_defined.py
[10474] e9cc7fdfa3cf40f O /home/capstone/project/venv/lib/python3.12/site-packages/pip/_vendor/webencodings/tests.py
[10474] e9cc7fdfa3cf40f O /home/capstone/Downloads/000/000028.pdf
[10474] e9cc7fdfa3cf40f O /home/capstone/project/venv/lib/python3.12/site-packages/pip/_vendor/webencodings/mklabels.py
[10474] e9cc7fdfa3cf40f O /home/capstone/project/venv/lib/python3.12/site-packages/pip/_vendor/chardet/johabfreq.py
[10474] e9cc7fdfa3cf40f O /home/capstone/project/venv/lib/python3.12/site-packages/pip/_vendor/webencodings/__init__.py
[10474] e9cc7fdfa3cf40f O /home/capstone/Downloads/000/000776.xls
[10474] e9cc7fdfa3cf40f O /home/capstone/project/venv/lib/python3.12/site-packages/pip/_vendor/webencodings/labels.py
[10474] e9cc7fdfa3cf40f O /home/capstone/project/venv/lib/python3.12/site-packages/pip/_vendor/chardet/euckrfreq.py
[10474] e9cc7fdfa3cf40f O /home/capstone/project/venv/lib/python3.12/site-packages/pip/_vendor/chardet/__pycache__
[10474] e9cc7fdfa3cf40f O /home/capstone/project/venv/lib/python3.12/site-packages/pip/_vendor/chardet/langthaimodel.py
[10474] e9cc7fdfa3cf40f O /home/capstone/project/venv/lib/python3.12/site-packages/pip/_vendor/chardet/sjisprober.py
[10474] e9cc7fdfa3cf40f C /home/capstone/project/venv/lib/python3.12/site-packages/pip/_vendor/chardet/__pycache__/iFire-readme.txt
[10474] e9cc7fdfa3cf40f C /home/capstone/project/venv/lib/python3.12/site-packages/pip/_vendor/rich/iFire-readme.txt
[10474] e9cc7fdfa3cf40f O /home/capstone/project/venv/lib/python3.12/site-packages/pip/_vendor/rich/_pick.py
[10474] e9cc7fdfa3cf40f O /home/capstone/project/venv/lib/python3.12/site-packages/pip/_vendor/chardet/codingstatemachine.py
[10474] e9cc7fdfa3cf40f O /home/capstone/Downloads/000/000123.html
[10474] e9cc7fdfa3cf40f O /home/capstone/project/venv/lib/python3.12/site-packages/pip/_vendor/chardet/langhebrewmodel.py
[10474] e9cc7fdfa3cf40f O /home/capstone/project/venv/lib/python3.12/site-packages/pip/_vendor/chardet/latin1prober.py
[10474] e9cc7fdfa3cf40f O /home/capstone/Downloads/000/000252.pdf
[10474] e9cc7fdfa3cf40f O /home/capstone/project/venv/lib/python3.12/site-packages/pip/_vendor/chardet/charsetgroupprober.py
[10474] e9cc7fdfa3cf40f O /home/capstone/Downloads/000/000168.pdf
[10474] e9cc7fdfa3cf40f O /home/capstone/project/venv/lib/python3.12/site-packages/pip/_vendor/rich/_loop.py
[10474] e9cc7fdfa3cf40f O /home/capstone/project/venv/lib/python3.12/site-packages/pip/_vendor/chardet/langturkishmodel.py
[10474] e9cc7fdfa3cf40f O /home/capstone/project/venv/lib/python3.12/site-packages/pip/_vendor/rich/live_render.py
[10474] e9cc7fdfa3cf40f O /home/capstone/project/venv/lib/python3.12/site-packages/pip/_vendor/rich/_spinners.py
[10474] e9cc7fdfa3cf40f O /home/capstone/project/venv/lib/python3.12/site-packages/pip/_vendor/chardet/gb2312prober.py
[10474] e9cc7fdfa3cf40f O /home/capstone/Downloads/000/000417.jpg
[10474] e9cc7fdfa3cf40f O /home/capstone/project/venv/lib/python3.12/site-packages/pip/_vendor/rich/table.py
[10474] e9cc7fdfa3cf40f O /home/capstone/project/venv/lib/python3.12/site-packages/pip/_vendor/rich/abc.py
[10474] e9cc7fdfa3cf40f O /home/capstone/project/venv/lib/python3.12/site-packages/pip/_vendor/chardet/version.py
[10474] e9cc7fdfa3cf40f O /home/capstone/project/venv/lib/python3.12/site-packages/pip/_vendor/rich/terminal_theme.py
[10474] e9cc7fdfa3cf40f O /home/capstone/Downloads/000/000630.pdf
[10474] e9cc7fdfa3cf40f O /home/capstone/Downloads/000/000790.doc
[10474] e9cc7fdfa3cf40f O /home/capstone/project/venv/lib/python3.12/site-packages/pip/_vendor/chardet/euctwprober.py
[10474] e9cc7fdfa3cf40f O /home/capstone/project/venv/lib/python3.12/site-packages/pip/_vendor/rich/_win32_console.py
[10474] e9cc7fdfa3cf40f O /home/capstone/project/venv/lib/python3.12/site-packages/pip/_vendor/chardet/enums.py
[10474] e9cc7fdfa3cf40f O /home/capstone/project/venv/lib/python3.12/site-packages/pip/_vendor/rich/text.py
[10474] e9cc7fdfa3cf40f O /home/capstone/project/venv/lib/python3.12/site-packages/pip/_vendor/chardet/hebrewprober.py
[10474] e9cc7fdfa3cf40f O /home/capstone/Downloads/000/000196.pdf
[10474] e9cc7fdfa3cf40f O /home/capstone/project/venv/lib/python3.12/site-packages/pip/_vendor/rich/themes.py
[10474] e9cc7fdfa3cf40f O /home/capstone/project/venv/lib/python3.12/site-packages/pip/_vendor/chardet/big5prober.py
[10474] e9cc7fdfa3cf40f O /home/capstone/project/venv/lib/python3.12/site-packages/pip/_vendor/rich/progress.py
[10474] e9cc7fdfa3cf40f O /home/capstone/project/venv/lib/python3.12/site-packages/pip/_vendor/rich/traceback.py
[10474] e9cc7fdfa3cf40f O /home/capstone/project/venv/lib/python3.12/site-packages/pip/_vendor/rich/filesize.py
[10474] e9cc7fdfa3cf40f O /home/capstone/project/venv/lib/python3.12/site-packages/pip/_vendor/rich/pretty.py
[10474] e9cc7fdfa3cf40f C /home/capstone/project/venv/lib/python3.12/site-packages/pip/_vendor/rich/__pycache__/iFire-readme.txt
[10474] e9cc7fdfa3cf40f O /home/capstone/project/venv/lib/python3.12/site-packages/pip/_vendor/tenacity
[10474] e9cc7fdfa3cf40f O /home/capstone/Downloads/000/000523.png
[10474] e9cc7fdfa3cf40f O /home/capstone/project/venv/lib/python3.12/site-packages/pip/_vendor/rich/measure.py
[10474] e9cc7fdfa3cf40f O /home/capstone/project/venv/lib/python3.12/site-packages/pip/_vendor/rich/constrain.py
[10474] e9cc7fdfa3cf40f C /home/capstone/project/venv/lib/python3.12/site-packages/pip/_vendor/tenacity/iFire-readme.txt
[10474] e9cc7fdfa3cf40f O /home/capstone/project/venv/lib/python3.12/site-packages/pip/_vendor/tenacity/stop.py
[10474] e9cc7fdfa3cf40f O /home/capstone/project/venv/lib/python3.12/site-packages/pip/_vendor/rich/_windows_renderer.py
[10474] e9cc7fdfa3cf40f O /home/capstone/Downloads/000/000604.html
[10474] e9cc7fdfa3cf40f O /home/capstone/project/venv/lib/python3.12/site-packages/pip/_vendor/tenacity/tornadoweb.py
[10474] e9cc7fdfa3cf40f O /home/capstone/project/venv/lib/python3.12/site-packages/pip/_vendor/rich/highlighter.py
[10474] e9cc7fdfa3cf40f O /home/capstone/project/venv/lib/python3.12/site-packages/pip/_vendor/tenacity/retry.py
[10474] e9cc7fdfa3cf40f O /home/capstone/Downloads/000/000210.html
[10474] e9cc7fdfa3cf40f O /home/capstone/project/venv/lib/python3.12/site-packages/pip/_vendor/rich/pager.py
[10474] e9cc7fdfa3cf40f O /home/capstone/Downloads/000/000954.pdf
[10474] e9cc7fdfa3cf40f O /home/capstone/project/venv/lib/python3.12/site-packages/pip/_vendor/tenacity/_asyncio.py
[10474] e9cc7fdfa3cf40f O /home/capstone/project/venv/lib/python3.12/site-packages/pip/_vendor/tenacity/nap.py
[10474] e9cc7fdfa3cf40f O /home/capstone/Downloads/000/000404.jpg
[10474] e9cc7fdfa3cf40f O /home/capstone/project/venv/lib/python3.12/site-packages/pip/_vendor/rich/jupyter.py
[10474] e9cc7fdfa3cf40f O /home/capstone/project/venv/lib/python3.12/site-packages/pip/_vendor/rich/layout.py
[10474] e9cc7fdfa3cf40f O /home/capstone/project/venv/lib/python3.12/site-packages/pip/_vendor/tenacity/_utils.py
[10474] e9cc7fdfa3cf40f O /home/capstone/Downloads/000/000564.csv
[10474] e9cc7fdfa3cf40f O /home/capstone/project/venv/lib/python3.12/site-packages/pip/_vendor/tenacity/__init__.py
[10474] e9cc7fdfa3cf40f O /home/capstone/project/venv/lib/python3.12/site-packages/pip/_vendor/requests/__pycache__
[10474] e9cc7fdfa3cf40f O /home/capstone/project/venv/lib/python3.12/site-packages/pip/_vendor/rich/_cell_widths.py
[10474] e9cc7fdfa3cf40f C /home/capstone/project/venv/lib/python3.12/site-packages/pip/_vendor/requests/__pycache__/iFire-readme.txt
[10474] e9cc7fdfa3cf40f O /home/capstone/project/venv/lib/python3.12/site-packages/pip/_vendor/rich/columns.py
[10474] e9cc7fdfa3cf40f O /home/capstone/project/venv/lib/python3.12/site-packages/pip/_vendor/packaging/utils.py
[10474] e9cc7fdfa3cf40f O /home/capstone/project/venv/lib/python3.12/site-packages/pip/_vendor/rich/align.py
[10474] e9cc7fdfa3cf40f O /home/capstone/project/venv/lib/python3.12/site-packages/pip/_vendor/rich/region.py
[10474] e9cc7fdfa3cf40f O /home/capstone/project/venv/lib/python3.12/site-packages/pip/_vendor/packaging/tags.py
[10474] e9cc7fdfa3cf40f C /home/capstone/project/venv/lib/python3.12/site-packages/pip/_vendor/packaging/__pycache__/iFire-readme.txt
[10474] e9cc7fdfa3cf40f O /home/capstone/project/venv/lib/python3.12/site-packages/pip/_vendor/certifi/__pycache__
[10474] e9cc7fdfa3cf40f O /home/capstone/project/venv/lib/python3.12/site-packages/pip/_vendor/rich/panel.py
[10474] e9cc7fdfa3cf40f O /home/capstone/project/venv/lib/python3.12/site-packages/pip/_vendor/packaging/_manylinux.py
[10474] e9cc7fdfa3cf40f O /home/capstone/project/venv/lib/python3.12/site-packages/pip/_vendor/rich/containers.py
[10474] e9cc7fdfa3cf40f O /home/capstone/project/venv/lib/python3.12/site-packages/pip/_vendor/packaging/_musllinux.py
[10474] e9cc7fdfa3cf40f C /home/capstone/project/venv/lib/python3.12/site-packages/pip/_vendor/certifi/__pycache__/iFire-readme.txt
[10474] e9cc7fdfa3cf40f O /home/capstone/project/venv/lib/python3.12/site-packages/pip/_vendor/truststore
[10474] e9cc7fdfa3cf40f O /home/capstone/project/venv/lib/python3.12/site-packages/pip/_vendor/rich/palette.py
[10474] e9cc7fdfa3cf40f C /home/capstone/project/venv/lib/python3.12/site-packages/pip/_vendor/truststore/iFire-readme.txt
[10474] e9cc7fdfa3cf40f O /home/capstone/project/venv/lib/python3.12/site-packages/pip/_vendor/truststore/__pycache__
[10474] e9cc7fdfa3cf40f C /home/capstone/project/venv/lib/python3.12/site-packages/pip/_vendor/truststore/__pycache__/iFire-readme.txt
[10474] e9cc7fdfa3cf40f O /home/capstone/project/venv/lib/python3.12/site-packages/pip/_vendor/pygments
[10474] e9cc7fdfa3cf40f O /home/capstone/project/venv/lib/python3.12/site-packages/pip/_vendor/truststore/_api.py
[10474] e9cc7fdfa3cf40f C /home/capstone/project/venv/lib/python3.12/site-packages/pip/_vendor/pygments/iFire-readme.txt
[10474] e9cc7fdfa3cf40f O /home/capstone/project/venv/lib/python3.12/site-packages/pip/_vendor/pygments/modeline.py
[10474] e9cc7fdfa3cf40f O /home/capstone/project/venv/lib/python3.12/site-packages/pip/_vendor/pygments/util.py
[10474] e9cc7fdfa3cf40f O /home/capstone/project/venv/lib/python3.12/site-packages/pip/_vendor/rich/_windows.py
[10474] e9cc7fdfa3cf40f O /home/capstone/project/venv/lib/python3.12/site-packages/pip/_vendor/truststore/_openssl.py
[10474] e9cc7fdfa3cf40f O /home/capstone/project/venv/lib/python3.12/site-packages/pip/_vendor/rich/color_triplet.py
[10474] e9cc7fdfa3cf40f O /home/capstone/project/venv/lib/python3.12/site-packages/pip/_vendor/truststore/_windows.py
[10474] e9cc7fdfa3cf40f O /home/capstone/project/venv/lib/python3.12/site-packages/pip/_vendor/rich/_extension.py
[10474] e9cc7fdfa3cf40f O /home/capstone/project/venv/lib/python3.12/site-packages/pip/_vendor/rich/_palettes.py
[10474] e9cc7fdfa3cf40f O /home/capstone/project/venv/lib/python3.12/site-packages/pip/_vendor/truststore/_macos.py
[10474] e9cc7fdfa3cf40f O /home/capstone/project/venv/lib/python3.12/site-packages/pip/_vendor/rich/__init__.py
[10474] e9cc7fdfa3cf40f O /home/capstone/project/venv/lib/python3.12/site-packages/pip/_vendor/truststore/__init__.py
[10474] e9cc7fdfa3cf40f O /home/capstone/project/venv/lib/python3.12/site-packages/pip/_vendor/pygments/sphinxext.py
[10474] e9cc7fdfa3cf40f O /home/capstone/project/venv/lib/python3.12/site-packages/pip/_vendor/rich/screen.py
[10474] e9cc7fdfa3cf40f O /home/capstone/project/venv/lib/python3.12/site-packages/pip/_vendor/pygments/console.py
[10474] e9cc7fdfa3cf40f O /home/capstone/project/venv/lib/python3.12/site-packages/pip/_vendor/pygments/__pycache__
[10474] e9cc7fdfa3cf40f O /home/capstone/project/venv/lib/python3.12/site-packages/pip/_vendor/pygments/__main__.py
[10474] e9cc7fdfa3cf40f O /home/capstone/project/venv/lib/python3.12/site-packages/pip/_vendor/rich/live.py
[10474] e9cc7fdfa3cf40f C /home/capstone/project/venv/lib/python3.12/site-packages/pip/_vendor/pygments/__pycache__/iFire-readme.txt
[10474] e9cc7fdfa3cf40f O /home/capstone/project/venv/lib/python3.12/site-packages/pip/_vendor/pygments/formatters
[10474] e9cc7fdfa3cf40f O /home/capstone/project/venv/lib/python3.12/site-packages/pip/_vendor/pygments/regexopt.py
[10474] e9cc7fdfa3cf40f O /home/capstone/project/venv/lib/python3.12/site-packages/pip/_vendor/cachecontrol
[10474] e9cc7fdfa3cf40f O /home/capstone/project/venv/lib/python3.12/site-packages/pip/_vendor/distlib/metadata.py
[10474] e9cc7fdfa3cf40f O /home/capstone/project/venv/lib/python3.12/site-packages/pip/_vendor/distlib/index.py
[10474] e9cc7fdfa3cf40f C /home/capstone/project/venv/lib/python3.12/site-packages/pip/_vendor/cachecontrol/iFire-readme.txt
[10474] e9cc7fdfa3cf40f O /home/capstone/project/test_files/000639.html
[10474] e9cc7fdfa3cf40f O /home/capstone/project/venv/lib/python3.12/site-packages/pip/_vendor/cachecontrol/adapter.py
[10474] e9cc7fdfa3cf40f O /home/capstone/project/venv/lib/python3.12/site-packages/pip/_vendor/distlib/markers.py
[10474] e9cc7fdfa3cf40f O /home/capstone/project/venv/lib/python3.12/site-packages/pip/_vendor/distlib/version.py
[10474] e9cc7fdfa3cf40f O /home/capstone/project/venv/lib/python3.12/site-packages/pip/_vendor/cachecontrol/wrapper.py
[10474] e9cc7fdfa3cf40f O /home/capstone/project/venv/lib/python3.12/site-packages/pip/_vendor/distlib/wheel.py
[10474] e9cc7fdfa3cf40f O /home/capstone/project/test_files/000448.html
[10474] e9cc7fdfa3cf40f O /home/capstone/project/venv/lib/python3.12/site-packages/pip/_vendor/cachecontrol/serialize.py
[10474] e9cc7fdfa3cf40f O /home/capstone/project/venv/lib/python3.12/site-packages/pip/_vendor/distlib/scripts.py
[10474] e9cc7fdfa3cf40f O /home/capstone/project/venv/lib/python3.12/site-packages/pip/_vendor/cachecontrol/cache.py
[10474] e9cc7fdfa3cf40f O /home/capstone/project/venv/lib/python3.12/site-packages/pip/_vendor/distlib/manifest.py
[10474] e9cc7fdfa3cf40f O /home/capstone/project/venv/lib/python3.12/site-packages/pip/_vendor/cachecontrol/_cmd.py
[10474] e9cc7fdfa3cf40f O /home/capstone/project/venv/lib/python3.12/site-packages/pip/_vendor/distlib/locators.py
[10474] e9cc7fdfa3cf40f O /home/capstone/project/venv/lib/python3.12/site-packages/pip/_vendor/cachecontrol/controller.py
[10474] e9cc7fdfa3cf40f O /home/capstone/project/venv/lib/python3.12/site-packages/pip/_vendor/cachecontrol/heuristics.py
[10474] e9cc7fdfa3cf40f O /home/capstone/project/test_files/000128.doc
[10474] e9cc7fdfa3cf40f O /home/capstone/project/venv/lib/python3.12/site-packages/pip/_vendor/distlib/__init__.py
[10474] e9cc7fdfa3cf40f O /home/capstone/project/venv/lib/python3.12/site-packages/pip/_vendor/cachecontrol/filewrapper.py
[10474] e9cc7fdfa3cf40f O /home/capstone/project/test_files/000344.pdf
[10474] e9cc7fdfa3cf40f O /home/capstone/project/venv/lib/python3.12/site-packages/pip/_vendor/distlib/compat.py
[10474] e9cc7fdfa3cf40f O /home/capstone/project/venv/lib/python3.12/site-packages/pip/_vendor/cachecontrol/__init__.py
[10474] e9cc7fdfa3cf40f O /home/capstone/project/venv/lib/python3.12/site-packages/pip/_vendor/pkg_resources
[10474] e9cc7fdfa3cf40f O /home/capstone/project/venv/lib/python3.12/site-packages/pip/_vendor/distro
[10474] e9cc7fdfa3cf40f C /home/capstone/project/venv/lib/python3.12/site-packages/pip/_vendor/distro/iFire-readme.txt
[10474] e9cc7fdfa3cf40f O /home/capstone/project/venv/lib/python3.12/site-packages/pip/_vendor/distro/distro.py
[10474] e9cc7fdfa3cf40f C /home/capstone/project/venv/lib/python3.12/site-packages/pip/_vendor/pkg_resources/iFire-readme.txt
[10474] e9cc7fdfa3cf40f O /home/capstone/project/venv/lib/python3.12/site-packages/pip/_vendor/pkg_resources/__init__.py
[10474] e9cc7fdfa3cf40f O /home/capstone/project/venv/lib/python3.12/site-packages/pip/_vendor/distro/__main__.py
[10474] e9cc7fdfa3cf40f O /home/capstone/project/venv/lib/python3.12/site-packages/pip/_vendor/pkg_resources/__pycache__
[10474] e9cc7fdfa3cf40f O /home/capstone/project/venv/lib/python3.12/site-packages/pip/_vendor/distro/__init__.py
[10474] e9cc7fdfa3cf40f C /home/capstone/project/venv/lib/python3.12/site-packages/pip/_vendor/pkg_resources/__pycache__/iFire-readme.txt
[10474] e9cc7fdfa3cf40f O /home/capstone/project/venv/lib/python3.12/site-packages/pip/_vendor/distro/__pycache__
[10474] e9cc7fdfa3cf40f O /home/capstone/project/venv/lib/python3.12/site-packages/pip/_vendor/tenacity/__pycache__
[10474] e9cc7fdfa3cf40f C /home/capstone/project/venv/lib/python3.12/site-packages/pip/_vendor/tenacity/__pycache__/iFire-readme.txt
[10474] e9cc7fdfa3cf40f O /home/capstone/project/venv/lib/python3.12/site-packages/pip/_vendor/requests
[10474] e9cc7fdfa3cf40f C /home/capstone/project/venv/lib/python3.12/site-packages/pip/_vendor/requests/iFire-readme.txt
[10474] e9cc7fdfa3cf40f O /home/capstone/project/venv/lib/python3.12/site-packages/pip/_vendor/requests/hooks.py
[10474] e9cc7fdfa3cf40f O /home/capstone/project/test_files/000611.html
[10474] e9cc7fdfa3cf40f O /home/capstone/project/venv/lib/python3.12/site-packages/pip/_vendor/requests/api.py
[10474] e9cc7fdfa3cf40f O /home/capstone/project/venv/lib/python3.12/site-packages/pip/_vendor/requests/exceptions.py
[10474] e9cc7fdfa3cf40f O /home/capstone/project/test_files/000302.ppt
[10474] e9cc7fdfa3cf40f O /home/capstone/project/venv/lib/python3.12/site-packages/pip/_vendor/requests/cookies.py
[10474] e9cc7fdfa3cf40f O /home/capstone/Downloads/000/000830.html
[10474] e9cc7fdfa3cf40f O /home/capstone/project/venv/lib/python3.12/site-packages/pip/_vendor/pygments/styles
[10474] e9cc7fdfa3cf40f C /home/capstone/project/venv/lib/python3.12/site-packages/pip/_vendor/pygments/styles/iFire-readme.txt
[10474] e9cc7fdfa3cf40f O /home/capstone/project/venv/lib/python3.12/site-packages/pip/_vendor/pygments/styles/__init__.py
[10474] e9cc7fdfa3cf40f O /home/capstone/Downloads/000/000336.pdf
[10474] e9cc7fdfa3cf40f O /home/capstone/project/venv/lib/python3.12/site-packages/pip/_vendor/pygments/filters/__pycache__
[10474] e9cc7fdfa3cf40f O /home/capstone/Downloads/000/000775.xls
[10474] e9cc7fdfa3cf40f C /home/capstone/project/venv/lib/python3.12/site-packages/pip/_vendor/pygments/filters/__pycache__/iFire-readme.txt
[10474] e9cc7fdfa3cf40f O /home/capstone/project/venv/lib/python3.12/site-packages/pip/_vendor/pyproject_hooks
[10474] e9cc7fdfa3cf40f O /home/capstone/Downloads/000/000550.jpg
[10474] e9cc7fdfa3cf40f O /home/capstone/project/test_files/000111.doc
[10474] e9cc7fdfa3cf40f C /home/capstone/project/venv/lib/python3.12/site-packages/pip/_vendor/pyproject_hooks/iFire-readme.txt
[10474] e9cc7fdfa3cf40f O /home/capstone/project/venv/lib/python3.12/site-packages/pip/_vendor/pyproject_hooks/_impl.py
[10474] e9cc7fdfa3cf40f O /home/capstone/Downloads/000/000376.dbase3
[10474] e9cc7fdfa3cf40f O /home/capstone/project/test_files/000555.html
[10474] e9cc7fdfa3cf40f O /home/capstone/project/venv/lib/python3.12/site-packages/pip/_vendor/pyproject_hooks/_compat.py
[10474] e9cc7fdfa3cf40f O /home/capstone/Downloads/000/000870.jpg
[10474] e9cc7fdfa3cf40f O /home/capstone/project/venv/lib/python3.12/site-packages/pip/_vendor/pyproject_hooks/__init__.py
[10474] e9cc7fdfa3cf40f C /home/capstone/project/venv/lib/python3.12/site-packages/pip/_vendor/pygments/formatters/iFire-readme.txt
[10474] e9cc7fdfa3cf40f O /home/capstone/project/venv/lib/python3.12/site-packages/pip/_vendor/pygments/formatters/pangomarkup.py
[10474] e9cc7fdfa3cf40f O /home/capstone/project/venv/lib/python3.12/site-packages/pip/_vendor/pygments/formatter.py
[10474] e9cc7fdfa3cf40f O /home/capstone/project/venv/lib/python3.12/site-packages/pip/_vendor/pygments/scanner.py
[10474] e9cc7fdfa3cf40f O /home/capstone/project/venv/lib/python3.12/site-packages/pip/_vendor/pygments/formatters/irc.py
[10474] e9cc7fdfa3cf40f O /home/capstone/project/venv/lib/python3.12/site-packages/pip/_vendor/pygments/formatters/svg.py
[10474] e9cc7fdfa3cf40f O /home/capstone/project/venv/lib/python3.12/site-packages/pip/_vendor/pygments/cmdline.py
[10474] e9cc7fdfa3cf40f O /home/capstone/project/venv/lib/python3.12/site-packages/pip/_vendor/pygments/formatters/__pycache__
[10474] e9cc7fdfa3cf40f O /home/capstone/project/venv/lib/python3.12/site-packages/pip/_vendor/pygments/formatters/terminal256.py
[10474] e9cc7fdfa3cf40f O /home/capstone/project/venv/lib/python3.12/site-packages/pip/_vendor/pygments/token.py
[10474] e9cc7fdfa3cf40f C /home/capstone/project/venv/lib/python3.12/site-packages/pip/_vendor/pygments/formatters/__pycache__/iFire-readme.txt
[10474] e9cc7fdfa3cf40f O /home/capstone/project/venv/lib/python3.12/site-packages/pip/_vendor/pygments/filters
[10474] e9cc7fdfa3cf40f O /home/capstone/project/venv/lib/python3.12/site-packages/pip/_vendor/pygments/formatters/latex.py
[10474] e9cc7fdfa3cf40f O /home/capstone/project/venv/lib/python3.12/site-packages/pip/_vendor/pygments/unistring.py
[10474] e9cc7fdfa3cf40f O /home/capstone/project/venv/lib/python3.12/site-packages/pip/_vendor/pygments/formatters/_mapping.py
[10474] e9cc7fdfa3cf40f C /home/capstone/project/venv/lib/python3.12/site-packages/pip/_vendor/pygments/filters/iFire-readme.txt
[10474] e9cc7fdfa3cf40f O /home/capstone/project/venv/lib/python3.12/site-packages/pip/_vendor/pygments/filters/__init__.py
[10474] e9cc7fdfa3cf40f O /home/capstone/project/venv/lib/python3.12/site-packages/pip/_vendor/pygments/plugin.py
[10474] e9cc7fdfa3cf40f O /home/capstone/project/venv/lib/python3.12/site-packages/pip/_vendor/pygments/formatters/terminal.py
[10474] e9cc7fdfa3cf40f C /home/capstone/project/venv/lib/python3.12/site-packages/pip/_vendor/urllib3/iFire-readme.txt
[10474] e9cc7fdfa3cf40f O /home/capstone/project/venv/lib/python3.12/site-packages/pip/_vendor/urllib3/fields.py
[10474] e9cc7fdfa3cf40f O /home/capstone/project/venv/lib/python3.12/site-packages/pip/_vendor/tomli/_re.py
[10474] e9cc7fdfa3cf40f O /home/capstone/project/venv/lib/python3.12/site-packages/pip/_vendor/tomli/_types.py
[10474] e9cc7fdfa3cf40f O /home/capstone/project/venv/lib/python3.12/site-packages/pip/_vendor/urllib3/_collections.py
[10474] e9cc7fdfa3cf40f O /home/capstone/project/venv/lib/python3.12/site-packages/pip/_vendor/pyparsing/core.py
[10474] e9cc7fdfa3cf40f O /home/capstone/project/venv/lib/python3.12/site-packages/pip/_vendor/tomli/__init__.py
[10474] e9cc7fdfa3cf40f O /home/capstone/project/venv/lib/python3.12/site-packages/pip/_vendor/urllib3/exceptions.py
[10474] e9cc7fdfa3cf40f O /home/capstone/project/venv/lib/python3.12/site-packages/pip/_vendor/urllib3/filepost.py
[10474] e9cc7fdfa3cf40f O /home/capstone/project/venv/lib/python3.12/site-packages/pip/_vendor/urllib3/util/__pycache__
[10474] e9cc7fdfa3cf40f O /home/capstone/project/venv/lib/python3.12/site-packages/pip/_vendor/pyparsing/results.py
[10474] e9cc7fdfa3cf40f O /home/capstone/project/venv/lib/python3.12/site-packages/pip/_vendor/urllib3/poolmanager.py
[10474] e9cc7fdfa3cf40f C /home/capstone/project/venv/lib/python3.12/site-packages/pip/_vendor/urllib3/util/__pycache__/iFire-readme.txt
[10474] e9cc7fdfa3cf40f O /home/capstone/project/venv/lib/python3.12/site-packages/pip/_vendor/urllib3/packages
[10474] e9cc7fdfa3cf40f O /home/capstone/project/venv/lib/python3.12/site-packages/pip/_vendor/pyparsing/common.py
[10474] e9cc7fdfa3cf40f O /home/capstone/project/venv/lib/python3.12/site-packages/pip/_vendor/urllib3/request.py
[10474] e9cc7fdfa3cf40f O /home/capstone/project/venv/lib/python3.12/site-packages/pip/_vendor/pyparsing/actions.py
[10474] e9cc7fdfa3cf40f O /home/capstone/project/venv/lib/python3.12/site-packages/pip/_vendor/urllib3/connection.py
[10474] e9cc7fdfa3cf40f O /home/capstone/project/venv/lib/python3.12/site-packages/pip/_vendor/urllib3/__pycache__
[10474] e9cc7fdfa3cf40f O /home/capstone/Downloads/000/000586.pdf
[10474] e9cc7fdfa3cf40f C /home/capstone/project/venv/lib/python3.12/site-packages/pip/_vendor/urllib3/__pycache__/iFire-readme.txt
[10474] e9cc7fdfa3cf40f O /home/capstone/project/venv/lib/python3.12/site-packages/pip/_vendor/urllib3/util
[10474] e9cc7fdfa3cf40f O /home/capstone/project/test_files/000569.pdf
[10474] e9cc7fdfa3cf40f O /home/capstone/Downloads/000/000712.ppt
[10474] e9cc7fdfa3cf40f O /home/capstone/project/test_files/000632.pdf
[10474] e9cc7fdfa3cf40f C /home/capstone/project/venv/lib/python3.12/site-packages/pip/_vendor/urllib3/util/iFire-readme.txt
[10474] e9cc7fdfa3cf40f O /home/capstone/project/venv/lib/python3.12/site-packages/pip/_vendor/urllib3/util/proxy.py
[10474] e9cc7fdfa3cf40f O /home/capstone/Downloads/000/000993.ppt
[10474] e9cc7fdfa3cf40f O /home/capstone/project/test_files/000757.pdf
[10474] e9cc7fdfa3cf40f O /home/capstone/project/venv/lib/python3.12/site-packages/pip/_vendor/urllib3/util/ssl_.py
[10474] e9cc7fdfa3cf40f O /home/capstone/project/test_files/000064.html
[10474] e9cc7fdfa3cf40f O /home/capstone/project/test_files/000713.ppt
[10474] e9cc7fdfa3cf40f O /home/capstone/project/test_files/000024.pdf
[10474] e9cc7fdfa3cf40f O /home/capstone/project/test_files/000903.jpg
[10474] e9cc7fdfa3cf40f O /home/capstone/project/venv/lib/python3.12/site-packages/pip/_vendor/urllib3/util/timeout.py
[10474] e9cc7fdfa3cf40f O /home/capstone/project/venv/lib/python3.12/site-packages/pip/_vendor/urllib3/response.py
[10474] e9cc7fdfa3cf40f C /home/capstone/project/venv/lib/python3.12/site-packages/pip/_vendor/urllib3/packages/iFire-readme.txt
[10474] e9cc7fdfa3cf40f O /home/capstone/project/venv/lib/python3.12/site-packages/pip/_vendor/urllib3/packages/six.py
[10474] e9cc7fdfa3cf40f O /home/capstone/project/venv/lib/python3.12/site-packages/pip/_vendor/pyparsing/testing.py
[10474] e9cc7fdfa3cf40f O /home/capstone/project/venv/lib/python3.12/site-packages/pip/_vendor/pyparsing/helpers.py
[10474] e9cc7fdfa3cf40f O /home/capstone/project/venv/lib/python3.12/site-packages/pip/_vendor/urllib3/_version.py
[10474] e9cc7fdfa3cf40f O /home/capstone/project/venv/lib/python3.12/site-packages/pip/_vendor/urllib3/packages/__pycache__
[10474] e9cc7fdfa3cf40f C /home/capstone/project/venv/lib/python3.12/site-packages/pip/_vendor/urllib3/packages/__pycache__/iFire-readme.txt
[10474] e9cc7fdfa3cf40f O /home/capstone/project/venv/lib/python3.12/site-packages/pip/_vendor/urllib3/packages/backports
[10474] e9cc7fdfa3cf40f O /home/capstone/project/venv/lib/python3.12/site-packages/pip/_vendor/pyparsing/unicode.py
[10474] e9cc7fdfa3cf40f O /home/capstone/project/venv/lib/python3.12/site-packages/pip/_vendor/urllib3/connectionpool.py
[10474] e9cc7fdfa3cf40f C /home/capstone/project/venv/lib/python3.12/site-packages/pip/_vendor/urllib3/packages/backports/iFire-readme.txt
[10474] e9cc7fdfa3cf40f O /home/capstone/project/venv/lib/python3.12/site-packages/pip/_vendor/urllib3/packages/backports/makefile.py
[10474] e9cc7fdfa3cf40f O /home/capstone/Downloads/000/000672.pdf
[10474] e9cc7fdfa3cf40f O /home/capstone/project/venv/lib/python3.12/site-packages/pip/_vendor/urllib3/util/ssltransport.py
[10474] e9cc7fdfa3cf40f O /home/capstone/project/venv/lib/python3.12/site-packages/pip/_vendor/urllib3/__init__.py
[10474] e9cc7fdfa3cf40f O /home/capstone/project/venv/lib/python3.12/site-packages/pip/_vendor/urllib3/packages/backports/weakref_finalize.py
[10474] e9cc7fdfa3cf40f O /home/capstone/project/venv/lib/python3.12/site-packages/pip/_vendor/urllib3/packages/backports/__pycache__
[10474] e9cc7fdfa3cf40f C /home/capstone/project/venv/lib/python3.12/site-packages/pip/_vendor/urllib3/packages/backports/__pycache__/iFire-readme.txt
[10474] e9cc7fdfa3cf40f O /home/capstone/project/venv/lib/python3.12/site-packages/pip/_vendor/urllib3/contrib
[10474] e9cc7fdfa3cf40f C /home/capstone/project/venv/lib/python3.12/site-packages/pip/_vendor/urllib3/contrib/iFire-readme.txt
[10474] e9cc7fdfa3cf40f O /home/capstone/project/venv/lib/python3.12/site-packages/pip/_vendor/urllib3/contrib/__pycache__
[10474] e9cc7fdfa3cf40f O /home/capstone/project/venv/lib/python3.12/site-packages/pip/_vendor/urllib3/contrib/ntlmpool.py
[10474] e9cc7fdfa3cf40f C /home/capstone/project/venv/lib/python3.12/site-packages/pip/_vendor/urllib3/contrib/__pycache__/iFire-readme.txt
[10474] e9cc7fdfa3cf40f O /home/capstone/project/venv/lib/python3.12/site-packages/pip/_vendor/urllib3/contrib/_securetransport
[10474] e9cc7fdfa3cf40f O /home/capstone/project/venv/lib/python3.12/site-packages/pip/_vendor/pyparsing/__init__.py
[10474] e9cc7fdfa3cf40f O /home/capstone/project/venv/lib/python3.12/site-packages/pip/_vendor/urllib3/contrib/securetransport.py
[10474] e9cc7fdfa3cf40f O /home/capstone/project/venv/lib/python3.12/site-packages/pip/_vendor/pyparsing/__pycache__
[10474] e9cc7fdfa3cf40f C /home/capstone/project/venv/lib/python3.12/site-packages/pip/_vendor/urllib3/contrib/_securetransport/iFire-readme.txt
[10474] e9cc7fdfa3cf40f O /home/capstone/project/venv/lib/python3.12/site-packages/pip/_vendor/urllib3/contrib/_securetransport/low_level.py
[10474] e9cc7fdfa3cf40f C /home/capstone/project/venv/lib/python3.12/site-packages/pip/_vendor/pyparsing/__pycache__/iFire-readme.txt
[10474] e9cc7fdfa3cf40f O /home/capstone/project/venv/lib/python3.12/site-packages/pip/_vendor/urllib3/contrib/_securetransport/__pycache__
[10474] e9cc7fdfa3cf40f O /home/capstone/project/venv/lib/python3.12/site-packages/pip/_vendor/urllib3/contrib/pyopenssl.py
[10474] e9cc7fdfa3cf40f O /home/capstone/project/venv/lib/python3.12/site-packages/pip/_vendor/urllib3/contrib/_securetransport/bindings.py
[10474] e9cc7fdfa3cf40f O /home/capstone/project/test_files/000906.jpg
[10474] e9cc7fdfa3cf40f O /home/capstone/project/venv/lib/python3.12/site-packages/pip/_vendor/urllib3/util/ssl_match_hostname.py
[10474] e9cc7fdfa3cf40f O /home/capstone/project/test_files/000235.jpg
[10474] e9cc7fdfa3cf40f O /home/capstone/project/venv/lib/python3.12/site-packages/pip/_vendor/pyparsing/diagram
[10474] e9cc7fdfa3cf40f O /home/capstone/project/venv/lib/python3.12/site-packages/pip/_vendor/urllib3/contrib/_appengine_environ.py
[10474] e9cc7fdfa3cf40f C /home/capstone/project/venv/lib/python3.12/site-packages/pip/_vendor/pyparsing/diagram/iFire-readme.txt
[10474] e9cc7fdfa3cf40f O /home/capstone/project/venv/lib/python3.12/site-packages/pip/_vendor/pyparsing/diagram/__init__.py
[10474] e9cc7fdfa3cf40f C /home/capstone/project/venv/lib/python3.12/site-packages/pip/_vendor/urllib3/contrib/_securetransport/__pycache__/iFire-readme.txt
[10474] e9cc7fdfa3cf40f O /home/capstone/project/venv/lib/python3.12/site-packages/pip/_vendor/pyparsing/diagram/__pycache__
[10474] e9cc7fdfa3cf40f O /home/capstone/project/venv/lib/python3.12/site-packages/pip/_vendor/urllib3/contrib/appengine.py
[10474] e9cc7fdfa3cf40f C /home/capstone/project/venv/lib/python3.12/site-packages/pip/_vendor/pyparsing/diagram/__pycache__/iFire-readme.txt
[10474] e9cc7fdfa3cf40f O /home/capstone/project/venv/lib/python3.12/site-packages/pip/_vendor/tomli/__pycache__
[10474] e9cc7fdfa3cf40f O /home/capstone/project/venv/lib/python3.12/site-packages/pip/_vendor/urllib3/contrib/socks.py
[10474] e9cc7fdfa3cf40f C /home/capstone/project/venv/lib/python3.12/site-packages/pip/_vendor/tomli/__pycache__/iFire-readme.txt
[10474] e9cc7fdfa3cf40f O /home/capstone/project/venv/lib/python3.12/site-packages/pip/_vendor/msgpack
[10474] e9cc7fdfa3cf40f O /home/capstone/project/venv/lib/python3.12/site-packages/pip/_vendor/colorama
[10474] e9cc7fdfa3cf40f C /home/capstone/project/venv/lib/python3.12/site-packages/pip/_vendor/colorama/iFire-readme.txt
[10474] e9cc7fdfa3cf40f O /home/capstone/project/venv/lib/python3.12/site-packages/pip/_vendor/colorama/__pycache__
[10474] e9cc7fdfa3cf40f C /home/capstone/project/venv/lib/python3.12/site-packages/pip/_vendor/colorama/__pycache__/iFire-readme.txt
[10474] e9cc7fdfa3cf40f O /home/capstone/project/venv/lib/python3.12/site-packages/pip/_vendor/colorama/tests
[10474] e9cc7fdfa3cf40f O /home/capstone/Downloads/000/000979.doc
[10474] e9cc7fdfa3cf40f C /home/capstone/project/venv/lib/python3.12/site-packages/pip/_vendor/colorama/tests/iFire-readme.txt
[10474] e9cc7fdfa3cf40f O /home/capstone/project/venv/lib/python3.12/site-packages/pip/_vendor/colorama/tests/winterm_test.py
[10474] e9cc7fdfa3cf40f O /home/capstone/project/test_files/000566.pdf
[10474] e9cc7fdfa3cf40f O /home/capstone/project/venv/lib/python3.12/site-packages/pip/_vendor/colorama/tests/utils.py
[10474] e9cc7fdfa3cf40f O /home/capstone/project/venv/lib/python3.12/site-packages/pip/_vendor/urllib3/util/retry.py
[10474] e9cc7fdfa3cf40f O /home/capstone/project/venv/lib/python3.12/site-packages/pip/_vendor/colorama/tests/ansitowin32_test.py
[10474] e9cc7fdfa3cf40f O /home/capstone/project/venv/lib/python3.12/site-packages/pip/_vendor/urllib3/util/request.py
[10474] e9cc7fdfa3cf40f O /home/capstone/project/test_files/000408.xls
[10474] e9cc7fdfa3cf40f O /home/capstone/project/venv/lib/python3.12/site-packages/pip/_vendor/colorama/winterm.py
[10474] e9cc7fdfa3cf40f O /home/capstone/project/venv/lib/python3.12/site-packages/pip/_vendor/urllib3/util/connection.py
[10474] e9cc7fdfa3cf40f O /home/capstone/project/venv/lib/python3.12/site-packages/pip/_vendor/colorama/tests/isatty_test.py
[10474] e9cc7fdfa3cf40f O /home/capstone/project/venv/lib/python3.12/site-packages/pip/_vendor/colorama/initialise.py
[10474] e9cc7fdfa3cf40f O /home/capstone/project/venv/lib/python3.12/site-packages/pip/_vendor/colorama/tests/ansi_test.py
[10474] e9cc7fdfa3cf40f O /home/capstone/project/venv/lib/python3.12/site-packages/pip/_vendor/colorama/ansitowin32.py
[10474] e9cc7fdfa3cf40f O /home/capstone/project/venv/lib/python3.12/site-packages/pip/_vendor/colorama/tests/initialise_test.py
[10474] e9cc7fdfa3cf40f O /home/capstone/project/venv/lib/python3.12/site-packages/pip/_vendor/urllib3/util/url.py
[10474] e9cc7fdfa3cf40f O /home/capstone/project/venv/lib/python3.12/site-packages/pip/_vendor/urllib3/util/response.py
[10474] e9cc7fdfa3cf40f C /home/capstone/project/venv/lib/python3.12/site-packages/pip/_vendor/msgpack/iFire-readme.txt
[10474] e9cc7fdfa3cf40f O /home/capstone/project/venv/lib/python3.12/site-packages/pip/_vendor/msgpack/exceptions.py
[10474] e9cc7fdfa3cf40f O /home/capstone/project/venv/lib/python3.12/site-packages/pip/_vendor/colorama/win32.py
[10474] e9cc7fdfa3cf40f O /home/capstone/project/venv/lib/python3.12/site-packages/pip/_vendor/urllib3/util/wait.py
[10474] e9cc7fdfa3cf40f O /home/capstone/project/venv/lib/python3.12/site-packages/pip/_vendor/urllib3/util/__init__.py
[10474] e9cc7fdfa3cf40f O /home/capstone/project/venv/lib/python3.12/site-packages/pip/_vendor/urllib3/util/queue.py
[10474] e9cc7fdfa3cf40f O /home/capstone/project/venv/lib/python3.12/site-packages/pip/_vendor/msgpack/__pycache__
[10474] e9cc7fdfa3cf40f C /home/capstone/project/venv/lib/python3.12/site-packages/pip/_vendor/msgpack/__pycache__/iFire-readme.txt
[10474] e9cc7fdfa3cf40f O /home/capstone/project/venv/lib/python3.12/site-packages/pip/_vendor/colorama/tests/__pycache__
[10474] e9cc7fdfa3cf40f C /home/capstone/project/venv/lib/python3.12/site-packages/pip/_vendor/colorama/tests/__pycache__/iFire-readme.txt
[10474] e9cc7fdfa3cf40f O /home/capstone/project/venv/lib/python3.12/site-packages/pip/_vendor/resolvelib
[10474] e9cc7fdfa3cf40f C /home/capstone/project/venv/lib/python3.12/site-packages/pip/_vendor/resolvelib/iFire-readme.txt
[10474] e9cc7fdfa3cf40f O /home/capstone/project/venv/lib/python3.12/site-packages/pip/_vendor/resolvelib/structs.py
[10474] e9cc7fdfa3cf40f O /home/capstone/project/venv/lib/python3.12/site-packages/pip/_vendor/resolvelib/reporters.py
[10474] e9cc7fdfa3cf40f O /home/capstone/project/venv/lib/python3.12/site-packages/pip/_vendor/resolvelib/providers.py
[10474] e9cc7fdfa3cf40f O /home/capstone/project/venv/lib/python3.12/site-packages/pip/_vendor/resolvelib/resolvers.py
[10474] e9cc7fdfa3cf40f O /home/capstone/project/venv/lib/python3.12/site-packages/pip/_vendor/resolvelib/__init__.py
[10474] e9cc7fdfa3cf40f O /home/capstone/project/venv/lib/python3.12/site-packages/pip/_vendor/resolvelib/__pycache__
[10474] e9cc7fdfa3cf40f C /home/capstone/project/venv/lib/python3.12/site-packages/pip/_vendor/resolvelib/__pycache__/iFire-readme.txt
[10474] e9cc7fdfa3cf40f O /home/capstone/project/venv/lib/python3.12/site-packages/pip/_vendor/resolvelib/compat
[10474] e9cc7fdfa3cf40f O /home/capstone/project/venv/lib/python3.12/site-packages/pip/_vendor/msgpack/fallback.py
[10474] e9cc7fdfa3cf40f O /home/capstone/project/venv/lib/python3.12/site-packages/pip/_vendor/colorama/ansi.py
[10474] e9cc7fdfa3cf40f C /home/capstone/project/venv/lib/python3.12/site-packages/pip/_vendor/resolvelib/compat/iFire-readme.txt
[10474] e9cc7fdfa3cf40f O /home/capstone/project/venv/lib/python3.12/site-packages/pip/_vendor/resolvelib/compat/collections_abc.py
[10474] e9cc7fdfa3cf40f O /home/capstone/project/venv/lib/python3.12/site-packages/pip/_vendor/colorama/__init__.py
[10474] e9cc7fdfa3cf40f O /home/capstone/project/venv/lib/python3.12/site-packages/pip/_vendor/resolvelib/compat/__pycache__
[10474] e9cc7fdfa3cf40f O /home/capstone/project/venv/lib/python3.12/site-packages/pip/_vendor/idna
[10474] e9cc7fdfa3cf40f C /home/capstone/project/venv/lib/python3.12/site-packages/pip/_vendor/resolvelib/compat/__pycache__/iFire-readme.txt
[10474] e9cc7fdfa3cf40f C /home/capstone/project/venv/lib/python3.12/site-packages/pip/_vendor/idna/iFire-readme.txt
[10474] e9cc7fdfa3cf40f O /home/capstone/project/venv/lib/python3.12/site-packages/pip/_vendor/idna/__pycache__
[10474] e9cc7fdfa3cf40f O /home/capstone/project/venv/lib/python3.12/site-packages/pip/_vendor/idna/core.py
[10474] e9cc7fdfa3cf40f O /home/capstone/project/venv/lib/python3.12/site-packages/pip/_vendor/msgpack/ext.py
[10474] e9cc7fdfa3cf40f O /home/capstone/project/venv/lib/python3.12/site-packages/pip/_vendor/colorama/tests/__init__.py
[10474] e9cc7fdfa3cf40f O /home/capstone/project/venv/lib/python3.12/site-packages/pip/_vendor/msgpack/__init__.py
[10474] e9cc7fdfa3cf40f O /home/capstone/project/venv/lib/python3.12/site-packages/urllib3
[10474] e9cc7fdfa3cf40f C /home/capstone/project/venv/lib/python3.12/site-packages/pip/_vendor/idna/__pycache__/iFire-readme.txt
[10474] e9cc7fdfa3cf40f O /home/capstone/project/venv/lib/python3.12/site-packages/pip/_vendor/platformdirs
[10474] e9cc7fdfa3cf40f O /home/capstone/project/venv/lib/python3.12/site-packages/pip/_vendor/idna/intranges.py
[10474] e9cc7fdfa3cf40f O /home/capstone/project/venv/lib/python3.12/site-packages/pip/_vendor/idna/codec.py
[10474] e9cc7fdfa3cf40f C /home/capstone/project/venv/lib/python3.12/site-packages/pip/_vendor/platformdirs/iFire-readme.txt
[10474] e9cc7fdfa3cf40f O /home/capstone/project/venv/lib/python3.12/site-packages/pip/_vendor/platformdirs/api.py
[10474] e9cc7fdfa3cf40f O /home/capstone/project/venv/lib/python3.12/site-packages/pip/_vendor/idna/idnadata.py
[10474] e9cc7fdfa3cf40f O /home/capstone/project/venv/lib/python3.12/site-packages/pip/_vendor/platformdirs/unix.py
[10474] e9cc7fdfa3cf40f O /home/capstone/project/venv/lib/python3.12/site-packages/pip/_vendor/idna/uts46data.py
[10474] e9cc7fdfa3cf40f O /home/capstone/project/venv/lib/python3.12/site-packages/pip/_vendor/platformdirs/__main__.py
[10474] e9cc7fdfa3cf40f O /home/capstone/project/venv/lib/python3.12/site-packages/pip/_vendor/platformdirs/__pycache__
[10474] e9cc7fdfa3cf40f C /home/capstone/project/venv/lib/python3.12/site-packages/urllib3/iFire-readme.txt
[10474] e9cc7fdfa3cf40f O /home/capstone/project/venv/lib/python3.12/site-packages/urllib3/fields.py
[10474] e9cc7fdfa3cf40f O /home/capstone/project/venv/lib/python3.12/site-packages/pip/_vendor/idna/package_data.py
[10474] e9cc7fdfa3cf40f O /home/capstone/project/venv/lib/python3.12/site-packages/pip/_vendor/platformdirs/version.py
[10474] e9cc7fdfa3cf40f O /home/capstone/project/venv/lib/python3.12/site-packages/pip/_vendor/idna/__init__.py
[10474] e9cc7fdfa3cf40f O /home/capstone/project/venv/lib/python3.12/site-packages/pip/_vendor/platformdirs/android.py
[10474] e9cc7fdfa3cf40f O /home/capstone/project/venv/lib/python3.12/site-packages/pip/_vendor/idna/compat.py
[10474] e9cc7fdfa3cf40f O /home/capstone/Downloads/000/000299.ppt
[10474] e9cc7fdfa3cf40f O /home/capstone/project/venv/lib/python3.12/site-packages/pip/_vendor/platformdirs/windows.py
[10474] e9cc7fdfa3cf40f O /home/capstone/project/venv/lib/python3.12/site-packages/urllib3/__pycache__
[10474] e9cc7fdfa3cf40f O /home/capstone/project/venv/lib/python3.12/site-packages/pip/_vendor/platformdirs/macos.py
[10474] e9cc7fdfa3cf40f C /home/capstone/project/venv/lib/python3.12/site-packages/pip/_vendor/platformdirs/__pycache__/iFire-readme.txt
[10474] e9cc7fdfa3cf40f O /home/capstone/project/venv/lib/python3.12/site-packages/urllib3/http2
[10474] e9cc7fdfa3cf40f O /home/capstone/project/venv/lib/python3.12/site-packages/urllib3/_collections.py
[10474] e9cc7fdfa3cf40f C /home/capstone/project/venv/lib/python3.12/site-packages/urllib3/__pycache__/iFire-readme.txt
[10474] e9cc7fdfa3cf40f O /home/capstone/project/venv/lib/python3.12/site-packages/urllib3/util
[10474] e9cc7fdfa3cf40f O /home/capstone/project/venv/lib/python3.12/site-packages/pip/_vendor/platformdirs/__init__.py
[10474] e9cc7fdfa3cf40f O /home/capstone/project/venv/lib/python3.12/site-packages/urllib3/contrib
[10474] e9cc7fdfa3cf40f C /home/capstone/project/venv/lib/python3.12/site-packages/urllib3/util/iFire-readme.txt
[10474] e9cc7fdfa3cf40f C /home/capstone/project/venv/lib/python3.12/site-packages/urllib3/contrib/iFire-readme.txt
[10474] e9cc7fdfa3cf40f O /home/capstone/project/venv/lib/python3.12/site-packages/urllib3/contrib/pyopenssl.py
[10474] e9cc7fdfa3cf40f O /home/capstone/project/venv/lib/python3.12/site-packages/urllib3/util/util.py
[10474] e9cc7fdfa3cf40f O /home/capstone/project/venv/lib/python3.12/site-packages/urllib3/contrib/socks.py
[10474] e9cc7fdfa3cf40f O /home/capstone/project/venv/lib/python3.12/site-packages/urllib3/util/proxy.py
[10474] e9cc7fdfa3cf40f O /home/capstone/project/venv/lib/python3.12/site-packages/urllib3/contrib/__pycache__
[10474] e9cc7fdfa3cf40f O /home/capstone/project/venv/lib/python3.12/site-packages/urllib3/util/ssl_.py
[10474] e9cc7fdfa3cf40f C /home/capstone/project/venv/lib/python3.12/site-packages/urllib3/contrib/__pycache__/iFire-readme.txt
[10474] e9cc7fdfa3cf40f O /home/capstone/project/venv/lib/python3.12/site-packages/urllib3/contrib/emscripten
[10474] e9cc7fdfa3cf40f O /home/capstone/project/venv/lib/python3.12/site-packages/urllib3/util/timeout.py
[10474] e9cc7fdfa3cf40f C /home/capstone/project/venv/lib/python3.12/site-packages/urllib3/contrib/emscripten/iFire-readme.txt
[10474] e9cc7fdfa3cf40f O /home/capstone/project/venv/lib/python3.12/site-packages/urllib3/contrib/emscripten/emscripten_fetch_worker.js
[10474] e9cc7fdfa3cf40f O /home/capstone/project/venv/lib/python3.12/site-packages/urllib3/util/ssltransport.py
[10474] e9cc7fdfa3cf40f C /home/capstone/project/venv/lib/python3.12/site-packages/urllib3/http2/iFire-readme.txt
[10474] e9cc7fdfa3cf40f O /home/capstone/project/venv/lib/python3.12/site-packages/urllib3/http2/probe.py
[10474] e9cc7fdfa3cf40f O /home/capstone/project/venv/lib/python3.12/site-packages/urllib3/exceptions.py
[10474] e9cc7fdfa3cf40f O /home/capstone/project/venv/lib/python3.12/site-packages/urllib3/contrib/emscripten/fetch.py
[10474] e9cc7fdfa3cf40f O /home/capstone/project/venv/lib/python3.12/site-packages/urllib3/util/ssl_match_hostname.py
[10474] e9cc7fdfa3cf40f O /home/capstone/project/venv/lib/python3.12/site-packages/urllib3/contrib/emscripten/request.py
[10474] e9cc7fdfa3cf40f O /home/capstone/project/venv/lib/python3.12/site-packages/urllib3/http2/connection.py
[10474] e9cc7fdfa3cf40f O /home/capstone/project/venv/lib/python3.12/site-packages/urllib3/py.typed
[10474] e9cc7fdfa3cf40f O /home/capstone/project/venv/lib/python3.12/site-packages/urllib3/http2/__init__.py
[10474] e9cc7fdfa3cf40f O /home/capstone/project/venv/lib/python3.12/site-packages/urllib3/util/retry.py
[10474] e9cc7fdfa3cf40f O /home/capstone/project/venv/lib/python3.12/site-packages/urllib3/contrib/emscripten/connection.py
[10474] e9cc7fdfa3cf40f O /home/capstone/project/venv/lib/python3.12/site-packages/urllib3/util/request.py
[10474] e9cc7fdfa3cf40f O /home/capstone/project/venv/lib/python3.12/site-packages/urllib3/contrib/emscripten/response.py
[10474] e9cc7fdfa3cf40f O /home/capstone/project/venv/lib/python3.12/site-packages/urllib3/util/connection.py
[10474] e9cc7fdfa3cf40f O /home/capstone/project/venv/lib/python3.12/site-packages/urllib3/contrib/emscripten/__init__.py
[10474] e9cc7fdfa3cf40f O /home/capstone/project/venv/lib/python3.12/site-packages/urllib3/util/url.py
[10474] e9cc7fdfa3cf40f O /home/capstone/project/venv/lib/python3.12/site-packages/urllib3/_base_connection.py
[10474] e9cc7fdfa3cf40f O /home/capstone/project/venv/lib/python3.12/site-packages/urllib3/http2/__pycache__
[10474] e9cc7fdfa3cf40f O /home/capstone/project/venv/lib/python3.12/site-packages/urllib3/contrib/emscripten/__pycache__
[10474] e9cc7fdfa3cf40f O /home/capstone/project/venv/lib/python3.12/site-packages/urllib3/util/response.py
[10474] e9cc7fdfa3cf40f C /home/capstone/project/venv/lib/python3.12/site-packages/urllib3/contrib/emscripten/__pycache__/iFire-readme.txt
[10474] e9cc7fdfa3cf40f O /home/capstone/project/venv/lib/python3.12/site-packages/urllib3/util/wait.py
[10474] e9cc7fdfa3cf40f O /home/capstone/project/venv/lib/python3.12/site-packages/urllib3/util/__pycache__
[10474] e9cc7fdfa3cf40f O /home/capstone/project/venv/lib/python3.12/site-packages/urllib3/util/__init__.py
[10474] e9cc7fdfa3cf40f C /home/capstone/project/venv/lib/python3.12/site-packages/urllib3/util/__pycache__/iFire-readme.txt
[10474] e9cc7fdfa3cf40f O /home/capstone/project/venv/lib/python3.12/site-packages/charset_normalizer-3.4.5.dist-info
[10474] e9cc7fdfa3cf40f O /home/capstone/project/venv/lib/python3.12/site-packages/certifi-2026.2.25.dist-info
[10474] e9cc7fdfa3cf40f C /home/capstone/project/venv/lib/python3.12/site-packages/certifi-2026.2.25.dist-info/iFire-readme.txt
[10474] e9cc7fdfa3cf40f O /home/capstone/.local/share/Trash/files/000011.3.pdf.encrypted
[10474] e9cc7fdfa3cf40f O /home/capstone/project/venv/lib/python3.12/site-packages/certifi-2026.2.25.dist-info/licenses
[10474] e9cc7fdfa3cf40f O /home/capstone/project/venv/lib/python3.12/site-packages/urllib3/filepost.py
[10474] e9cc7fdfa3cf40f C /home/capstone/project/venv/lib/python3.12/site-packages/urllib3/http2/__pycache__/iFire-readme.txt
[10474] e9cc7fdfa3cf40f O /home/capstone/project/venv/lib/python3.12/site-packages/idna
[10474] e9cc7fdfa3cf40f C /home/capstone/project/venv/lib/python3.12/site-packages/certifi-2026.2.25.dist-info/licenses/iFire-readme.txt
[10474] e9cc7fdfa3cf40f O /home/capstone/project/venv/lib/python3.12/site-packages/python_dateutil-2.9.0.post0.dist-info
[10474] e9cc7fdfa3cf40f C /home/capstone/project/venv/lib/python3.12/site-packages/charset_normalizer-3.4.5.dist-info/iFire-readme.txt
[10474] e9cc7fdfa3cf40f O /home/capstone/project/venv/lib/python3.12/site-packages/charset_normalizer-3.4.5.dist-info/licenses
[10474] e9cc7fdfa3cf40f O /home/capstone/project/venv/lib/python3.12/site-packages/urllib3/poolmanager.py
[10474] e9cc7fdfa3cf40f C /home/capstone/project/venv/lib/python3.12/site-packages/idna/iFire-readme.txt
[10474] e9cc7fdfa3cf40f O /home/capstone/project/venv/lib/python3.12/site-packages/idna/core.py
[10474] e9cc7fdfa3cf40f O /home/capstone/project/venv/lib/python3.12/site-packages/urllib3/_request_methods.py
[10474] e9cc7fdfa3cf40f C /home/capstone/project/venv/lib/python3.12/site-packages/charset_normalizer-3.4.5.dist-info/licenses/iFire-readme.txt
[10474] e9cc7fdfa3cf40f O /home/capstone/project/venv/lib/python3.12/site-packages/idna/__pycache__
[10474] e9cc7fdfa3cf40f O /home/capstone/.local/share/Trash/files/000060.html.encrypted
[10474] e9cc7fdfa3cf40f O /home/capstone/project/venv/lib/python3.12/site-packages/idna/intranges.py
[10474] e9cc7fdfa3cf40f O /home/capstone/project/venv/lib/python3.12/site-packages/urllib3/connection.py
[10474] e9cc7fdfa3cf40f C /home/capstone/project/venv/lib/python3.12/site-packages/idna/__pycache__/iFire-readme.txt
[10474] e9cc7fdfa3cf40f O /home/capstone/project/venv/lib/python3.12/site-packages/pandas/tseries
[10474] e9cc7fdfa3cf40f O /home/capstone/project/venv/lib/python3.12/site-packages/idna/codec.py
[10474] e9cc7fdfa3cf40f O /home/capstone/project/venv/lib/python3.12/site-packages/urllib3/response.py
[10474] e9cc7fdfa3cf40f C /home/capstone/project/venv/lib/python3.12/site-packages/pandas/tseries/iFire-readme.txt
[10474] e9cc7fdfa3cf40f O /home/capstone/project/venv/lib/python3.12/site-packages/pandas/tseries/api.py
[10474] e9cc7fdfa3cf40f O /home/capstone/project/venv/lib/python3.12/site-packages/idna/idnadata.py
[10474] e9cc7fdfa3cf40f O /home/capstone/.local/share/Trash/files/000015.3.pdf.encrypted
[10474] e9cc7fdfa3cf40f O /home/capstone/.local/share/Trash/files/000020.4.pdf.encrypted
[10474] e9cc7fdfa3cf40f O /home/capstone/.local/share/Trash/files/000011.2.pdf.encrypted
[10474] e9cc7fdfa3cf40f O /home/capstone/.local/share/Trash/files/000070.html.encrypted
[10474] e9cc7fdfa3cf40f O /home/capstone/project/venv/lib/python3.12/site-packages/idna/uts46data.py
[10474] e9cc7fdfa3cf40f O /home/capstone/Downloads/000/000674.pdf
[10474] e9cc7fdfa3cf40f C /home/capstone/project/venv/lib/python3.12/site-packages/python_dateutil-2.9.0.post0.dist-info/iFire-readme.txt
[10474] e9cc7fdfa3cf40f O /home/capstone/project/venv/lib/python3.12/site-packages/pandas
[10474] e9cc7fdfa3cf40f C /home/capstone/project/venv/lib/python3.12/site-packages/pandas/iFire-readme.txt
[10474] e9cc7fdfa3cf40f O /home/capstone/project/venv/lib/python3.12/site-packages/pandas/testing.py
[10474] e9cc7fdfa3cf40f O /home/capstone/project/venv/lib/python3.12/site-packages/pandas/pyproject.toml
[10474] e9cc7fdfa3cf40f O /home/capstone/project/venv/lib/python3.12/site-packages/pandas/_typing.py
[10474] e9cc7fdfa3cf40f O /home/capstone/project/venv/lib/python3.12/site-packages/pandas/conftest.py
[10474] e9cc7fdfa3cf40f O /home/capstone/project/venv/lib/python3.12/site-packages/pandas/_version.py
[10474] e9cc7fdfa3cf40f O /home/capstone/project/venv/lib/python3.12/site-packages/pandas/_version_meson.py
[10474] e9cc7fdfa3cf40f O /home/capstone/project/venv/lib/python3.12/site-packages/pandas/__init__.py
[10474] e9cc7fdfa3cf40f O /home/capstone/project/venv/lib/python3.12/site-packages/pandas/tseries/__pycache__
[10474] e9cc7fdfa3cf40f C /home/capstone/project/venv/lib/python3.12/site-packages/pandas/tseries/__pycache__/iFire-readme.txt
[10474] e9cc7fdfa3cf40f O /home/capstone/project/venv/lib/python3.12/site-packages/pandas/__pycache__
[10474] e9cc7fdfa3cf40f O /home/capstone/project/venv/lib/python3.12/site-packages/pandas/tseries/frequencies.py
[10474] e9cc7fdfa3cf40f O /home/capstone/project/venv/lib/python3.12/site-packages/urllib3/_version.py
[10474] e9cc7fdfa3cf40f O /home/capstone/project/venv/lib/python3.12/site-packages/idna/package_data.py
[10474] e9cc7fdfa3cf40f O /home/capstone/project/venv/lib/python3.12/site-packages/urllib3/connectionpool.py
[10474] e9cc7fdfa3cf40f O /home/capstone/project/venv/lib/python3.12/site-packages/pandas/tseries/offsets.py
[10474] e9cc7fdfa3cf40f O /home/capstone/project/venv/lib/python3.12/site-packages/pandas/tseries/holiday.py
[10474] e9cc7fdfa3cf40f C /home/capstone/project/venv/lib/python3.12/site-packages/pandas/__pycache__/iFire-readme.txt
[10474] e9cc7fdfa3cf40f O /home/capstone/project/venv/lib/python3.12/site-packages/pandas/plotting
[10474] e9cc7fdfa3cf40f O /home/capstone/project/venv/lib/python3.12/site-packages/idna/__init__.py
[10474] e9cc7fdfa3cf40f O /home/capstone/project/venv/lib/python3.12/site-packages/urllib3/__init__.py
[10474] e9cc7fdfa3cf40f O /home/capstone/project/venv/lib/python3.12/site-packages/idna/compat.py
[10474] e9cc7fdfa3cf40f O /home/capstone/project/venv/lib/python3.12/site-packages/pandas/arrays
[10474] e9cc7fdfa3cf40f O /home/capstone/project/venv/lib/python3.12/site-packages/pandas/tseries/__init__.py
[10474] e9cc7fdfa3cf40f O /home/capstone/.local/share/Trash/files/000081.txt.encrypted
[10474] e9cc7fdfa3cf40f O /home/capstone/project/venv/lib/python3.12/site-packages/pandas/tests
[10474] e9cc7fdfa3cf40f O /home/capstone/.local/share/Trash/files/000059.html.encrypted
[10474] e9cc7fdfa3cf40f C /home/capstone/project/venv/lib/python3.12/site-packages/pandas/arrays/iFire-readme.txt
[10474] e9cc7fdfa3cf40f O /home/capstone/project/venv/lib/python3.12/site-packages/pandas/arrays/__init__.py
[10474] e9cc7fdfa3cf40f O /home/capstone/project/venv/lib/python3.12/site-packages/pandas/arrays/__pycache__
[10474] e9cc7fdfa3cf40f O /home/capstone/.local/share/Trash/files/000045.xls.encrypted
[10474] e9cc7fdfa3cf40f C /home/capstone/project/venv/lib/python3.12/site-packages/pandas/plotting/iFire-readme.txt
[10474] e9cc7fdfa3cf40f O /home/capstone/project/venv/lib/python3.12/site-packages/pandas/plotting/_core.py
[10474] e9cc7fdfa3cf40f O /home/capstone/project/venv/lib/python3.12/site-packages/pandas/plotting/_misc.py
[10474] e9cc7fdfa3cf40f O /home/capstone/project/venv/lib/python3.12/site-packages/pandas/plotting/__init__.py
[10474] e9cc7fdfa3cf40f C /home/capstone/project/venv/lib/python3.12/site-packages/pandas/arrays/__pycache__/iFire-readme.txt
[10474] e9cc7fdfa3cf40f O /home/capstone/project/venv/lib/python3.12/site-packages/pandas/plotting/__pycache__
[10474] e9cc7fdfa3cf40f O /home/capstone/project/venv/lib/python3.12/site-packages/pandas/errors
[10474] e9cc7fdfa3cf40f C /home/capstone/project/venv/lib/python3.12/site-packages/pandas/tests/iFire-readme.txt
[10474] e9cc7fdfa3cf40f O /home/capstone/project/venv/lib/python3.12/site-packages/pandas/tests/test_expressions.py
[10474] e9cc7fdfa3cf40f C /home/capstone/project/venv/lib/python3.12/site-packages/pandas/errors/iFire-readme.txt
[10474] e9cc7fdfa3cf40f O /home/capstone/project/venv/lib/python3.12/site-packages/pandas/errors/__pycache__
[10474] e9cc7fdfa3cf40f O /home/capstone/project/venv/lib/python3.12/site-packages/pandas/tests/test_optional_dependency.py
[10474] e9cc7fdfa3cf40f O /home/capstone/project/venv/lib/python3.12/site-packages/pandas/tests/tseries
[10474] e9cc7fdfa3cf40f O /home/capstone/project/venv/lib/python3.12/site-packages/pandas/tests/test_take.py
[10474] e9cc7fdfa3cf40f C /home/capstone/project/venv/lib/python3.12/site-packages/pandas/errors/__pycache__/iFire-readme.txt
[10474] e9cc7fdfa3cf40f O /home/capstone/project/venv/lib/python3.12/site-packages/pandas/tests/__pycache__
[10474] e9cc7fdfa3cf40f C /home/capstone/project/venv/lib/python3.12/site-packages/pandas/tests/tseries/iFire-readme.txt
[10474] e9cc7fdfa3cf40f O /home/capstone/project/venv/lib/python3.12/site-packages/pandas/tests/tseries/__pycache__
[10474] e9cc7fdfa3cf40f O /home/capstone/project/venv/lib/python3.12/site-packages/pandas/tests/test_flags.py
[10474] e9cc7fdfa3cf40f C /home/capstone/project/venv/lib/python3.12/site-packages/pandas/tests/__pycache__/iFire-readme.txt
[10474] e9cc7fdfa3cf40f O /home/capstone/project/venv/lib/python3.12/site-packages/pandas/tests/tseries/frequencies
[10474] e9cc7fdfa3cf40f O /home/capstone/project/venv/lib/python3.12/site-packages/pandas/tests/test_nanops.py
[10474] e9cc7fdfa3cf40f C /home/capstone/project/venv/lib/python3.12/site-packages/pandas/tests/tseries/__pycache__/iFire-readme.txt
[10474] e9cc7fdfa3cf40f O /home/capstone/project/venv/lib/python3.12/site-packages/pandas/tests/tseries/holiday
[10474] e9cc7fdfa3cf40f O /home/capstone/project/venv/lib/python3.12/site-packages/pandas/tests/test_algos.py
[10474] e9cc7fdfa3cf40f C /home/capstone/project/venv/lib/python3.12/site-packages/pandas/tests/tseries/holiday/iFire-readme.txt
[10474] e9cc7fdfa3cf40f O /home/capstone/project/venv/lib/python3.12/site-packages/pandas/tests/tseries/holiday/test_federal.py
[10474] e9cc7fdfa3cf40f C /home/capstone/project/venv/lib/python3.12/site-packages/pandas/tests/tseries/frequencies/iFire-readme.txt
[10474] e9cc7fdfa3cf40f O /home/capstone/project/venv/lib/python3.12/site-packages/pandas/tests/tseries/frequencies/test_frequencies.py
[10474] e9cc7fdfa3cf40f O /home/capstone/project/test_files/000821.html
[10474] e9cc7fdfa3cf40f O /home/capstone/project/venv/lib/python3.12/site-packages/pandas/tests/test_sorting.py
[10474] e9cc7fdfa3cf40f O /home/capstone/project/test_files/000136.html
[10474] e9cc7fdfa3cf40f O /home/capstone/project/venv/lib/python3.12/site-packages/pandas/tests/tseries/frequencies/test_inference.py
[10474] e9cc7fdfa3cf40f O /home/capstone/project/venv/lib/python3.12/site-packages/pandas/tests/test_register_accessor.py
[10474] e9cc7fdfa3cf40f O /home/capstone/project/venv/lib/python3.12/site-packages/pandas/tests/tseries/holiday/test_calendar.py
[10474] e9cc7fdfa3cf40f O /home/capstone/project/venv/lib/python3.12/site-packages/pandas/tests/tseries/frequencies/test_freq_code.py
[10474] e9cc7fdfa3cf40f O /home/capstone/project/venv/lib/python3.12/site-packages/pandas/tests/tseries/holiday/test_holiday.py
[10474] e9cc7fdfa3cf40f O /home/capstone/project/venv/lib/python3.12/site-packages/pandas/plotting/_matplotlib/boxplot.py
[10474] e9cc7fdfa3cf40f O /home/capstone/project/venv/lib/python3.12/site-packages/pandas/plotting/_matplotlib/hist.py
[2987] pool O /home/capstone/.local/share/Trash/info/000034.xls.encrypted.iFire.trashinfo
[2987] pool O /home/capstone/.local/share/Trash/info/000011.3.pdf.encrypted.iFire.trashinfo
[2987] pool O /home/capstone/.local/share/Trash/info/000060.html.encrypted.iFire.trashinfo
[2987] pool O /home/capstone/.local/share/Trash/info/000015.3.pdf.encrypted.iFire.trashinfo
[2987] pool O /home/capstone/.local/share/Trash/info/000020.4.pdf.encrypted.iFire.trashinfo
[2987] pool O /home/capstone/.local/share/Trash/info/000011.2.pdf.encrypted.iFire.trashinfo
[2987] pool O /home/capstone/.local/share/Trash/info/000070.html.encrypted.iFire.trashinfo
[2987] pool O /home/capstone/.local/share/Trash/info/000081.txt.encrypted.iFire.trashinfo
[2987] pool O /home/capstone/.local/share/Trash/info/000059.html.encrypted.iFire.trashinfo
[10474] e9cc7fdfa3cf40f O /home/capstone/project/venv/lib/python3.12/site-packages/pandas/tests/tseries/offsets/test_easter.py
[10474] e9cc7fdfa3cf40f O /home/capstone/project/venv/lib/python3.12/site-packages/pandas/tests/tseries/offsets/test_ticks.py
[10474] e9cc7fdfa3cf40f O /home/capstone/project/venv/lib/python3.12/site-packages/pandas/tests/tseries/offsets/test_halfyear.py
[10474] e9cc7fdfa3cf40f O /home/capstone/project/venv/lib/python3.12/site-packages/pandas/tests/tseries/offsets/test_month.py
[10474] e9cc7fdfa3cf40f O /home/capstone/project/venv/lib/python3.12/site-packages/pandas/tests/tseries/offsets/common.py
[10474] e9cc7fdfa3cf40f O /home/capstone/project/venv/lib/python3.12/site-packages/pandas/tests/tseries/offsets/test_business_quarter.py
[10474] e9cc7fdfa3cf40f O /home/capstone/project/venv/lib/python3.12/site-packages/pandas/tests/test_downstream.py
[10474] e9cc7fdfa3cf40f O /home/capstone/project/test_files/000271.doc
[10474] e9cc7fdfa3cf40f O /home/capstone/project/test_files/000948.doc
[10474] e9cc7fdfa3cf40f O /home/capstone/Downloads/000/000540.jpg
[10474] e9cc7fdfa3cf40f O /home/capstone/project/venv/lib/python3.12/site-packages/pandas/tests/tseries/offsets/__pycache__
[10474] e9cc7fdfa3cf40f O /home/capstone/project/venv/lib/python3.12/site-packages/pandas/tests/tseries/holiday/test_observance.py
[10474] e9cc7fdfa3cf40f C /home/capstone/project/venv/lib/python3.12/site-packages/pandas/tests/tseries/offsets/__pycache__/iFire-readme.txt
[10474] e9cc7fdfa3cf40f O /home/capstone/project/venv/lib/python3.12/site-packages/pandas/tests/strings
[10474] e9cc7fdfa3cf40f O /home/capstone/project/venv/lib/python3.12/site-packages/pandas/tests/series
[10474] e9cc7fdfa3cf40f O /home/capstone/Downloads/000/000744.pdf
[10474] e9cc7fdfa3cf40f O /home/capstone/project/venv/lib/python3.12/site-packages/pandas/tests/tseries/offsets/test_business_halfyear.py
[10474] e9cc7fdfa3cf40f O /home/capstone/project/venv/lib/python3.12/site-packages/pandas/tests/tseries/offsets/test_year.py
[10474] e9cc7fdfa3cf40f O /home/capstone/project/venv/lib/python3.12/site-packages/pandas/tests/strings/test_cat.py
[10474] e9cc7fdfa3cf40f O /home/capstone/project/venv/lib/python3.12/site-packages/pandas/tests/series/accessors/test_dt_accessor.py
[10474] e9cc7fdfa3cf40f O /home/capstone/project/venv/lib/python3.12/site-packages/pandas/tests/series/indexing/test_where.py
[10474] e9cc7fdfa3cf40f O /home/capstone/project/venv/lib/python3.12/site-packages/pandas/tests/series/indexing/test_get.py
[10474] e9cc7fdfa3cf40f O /home/capstone/project/test_files/000965.doc
[10474] e9cc7fdfa3cf40f O /home/capstone/project/venv/lib/python3.12/site-packages/pandas/tests/series/indexing/test_set_value.py
[10474] e9cc7fdfa3cf40f O /home/capstone/project/test_files/000056.html
[10474] e9cc7fdfa3cf40f O /home/capstone/project/venv/lib/python3.12/site-packages/pandas/tests/series/indexing/test_delitem.py
[10474] e9cc7fdfa3cf40f O /home/capstone/project/test_files/000327.ppt
[10474] e9cc7fdfa3cf40f O /home/capstone/project/venv/lib/python3.12/site-packages/pandas/tests/series/indexing/test_getitem.py
[10474] e9cc7fdfa3cf40f O /home/capstone/project/venv/lib/python3.12/site-packages/pandas/tests/series/indexing/test_datetime.py
[10474] e9cc7fdfa3cf40f O /home/capstone/project/venv/lib/python3.12/site-packages/pandas/tests/series/accessors/test_list_accessor.py
[10474] e9cc7fdfa3cf40f O /home/capstone/project/venv/lib/python3.12/site-packages/pandas/tests/series/indexing/test_indexing.py
[10474] e9cc7fdfa3cf40f O /home/capstone/project/venv/lib/python3.12/site-packages/pandas/tests/series/indexing/test_xs.py
[10474] e9cc7fdfa3cf40f O /home/capstone/project/venv/lib/python3.12/site-packages/pandas/tests/series/indexing/__pycache__
[10474] e9cc7fdfa3cf40f O /home/capstone/project/venv/lib/python3.12/site-packages/pandas/tests/series/test_npfuncs.py
[10474] e9cc7fdfa3cf40f O /home/capstone/project/venv/lib/python3.12/site-packages/pandas/tests/strings/test_string_array.py
[10474] e9cc7fdfa3cf40f C /home/capstone/project/venv/lib/python3.12/site-packages/pandas/tests/series/indexing/__pycache__/iFire-readme.txt
[10474] e9cc7fdfa3cf40f O /home/capstone/project/venv/lib/python3.12/site-packages/pandas/tests/series/methods
[10474] e9cc7fdfa3cf40f O /home/capstone/project/venv/lib/python3.12/site-packages/pandas/tests/series/test_ufunc.py
[10474] e9cc7fdfa3cf40f O /home/capstone/Downloads/000/000315.ppt
[10474] e9cc7fdfa3cf40f O /home/capstone/project/venv/lib/python3.12/site-packages/pandas/tests/strings/conftest.py
[10474] e9cc7fdfa3cf40f O /home/capstone/project/venv/lib/python3.12/site-packages/pandas/tests/series/test_iteration.py
[10474] e9cc7fdfa3cf40f O /home/capstone/project/venv/lib/python3.12/site-packages/pandas/tests/strings/__init__.py
[10474] e9cc7fdfa3cf40f C /home/capstone/project/venv/lib/python3.12/site-packages/pandas/tests/series/methods/iFire-readme.txt
[10474] e9cc7fdfa3cf40f O /home/capstone/project/venv/lib/python3.12/site-packages/pandas/tests/series/accessors/test_str_accessor.py
[10474] e9cc7fdfa3cf40f O /home/capstone/project/venv/lib/python3.12/site-packages/pandas/tests/strings/test_extract.py
[10474] e9cc7fdfa3cf40f O /home/capstone/project/venv/lib/python3.12/site-packages/pandas/tests/series/methods/__pycache__
[10474] e9cc7fdfa3cf40f O /home/capstone/project/venv/lib/python3.12/site-packages/pandas/tests/series/methods/test_clip.py
[10474] e9cc7fdfa3cf40f O /home/capstone/project/venv/lib/python3.12/site-packages/pandas/tests/series/test_validate.py
[10474] e9cc7fdfa3cf40f O /home/capstone/project/venv/lib/python3.12/site-packages/pandas/tests/tslibs
[10474] e9cc7fdfa3cf40f O /home/capstone/project/venv/lib/python3.12/site-packages/pandas/tests/series/methods/test_nunique.py
[10474] e9cc7fdfa3cf40f O /home/capstone/project/venv/lib/python3.12/site-packages/pandas/tests/series/methods/test_argsort.py
[10474] e9cc7fdfa3cf40f O /home/capstone/project/venv/lib/python3.12/site-packages/pandas/tests/series/test_cumulative.py
[10474] e9cc7fdfa3cf40f O /home/capstone/project/venv/lib/python3.12/site-packages/pandas/tests/series/methods/test_dropna.py
[10474] e9cc7fdfa3cf40f O /home/capstone/project/venv/lib/python3.12/site-packages/pandas/tests/series/methods/test_infer_objects.py
[10474] e9cc7fdfa3cf40f O /home/capstone/project/venv/lib/python3.12/site-packages/pandas/tests/series/methods/test_rank.py
[10474] e9cc7fdfa3cf40f O /home/capstone/project/venv/lib/python3.12/site-packages/pandas/tests/series/methods/test_duplicated.py
[10474] e9cc7fdfa3cf40f O /home/capstone/project/venv/lib/python3.12/site-packages/pandas/tests/series/methods/test_reindex_like.py
[10474] e9cc7fdfa3cf40f O /home/capstone/project/venv/lib/python3.12/site-packages/pandas/tests/series/methods/test_head_tail.py
[10474] e9cc7fdfa3cf40f O /home/capstone/project/venv/lib/python3.12/site-packages/pandas/tests/series/methods/test_asof.py
[10474] e9cc7fdfa3cf40f C /home/capstone/project/venv/lib/python3.12/site-packages/pandas/tests/series/methods/__pycache__/iFire-readme.txt
[10474] e9cc7fdfa3cf40f O /home/capstone/project/venv/lib/python3.12/site-packages/pandas/tests/indexing
[10474] e9cc7fdfa3cf40f O /home/capstone/project/venv/lib/python3.12/site-packages/pandas/tests/series/methods/test_item.py
[10474] e9cc7fdfa3cf40f O /home/capstone/project/venv/lib/python3.12/site-packages/pandas/tests/series/methods/test_replace.py
[10474] e9cc7fdfa3cf40f O /home/capstone/project/venv/lib/python3.12/site-packages/pandas/tests/series/test_missing.py
[10474] e9cc7fdfa3cf40f C /home/capstone/project/venv/lib/python3.12/site-packages/pandas/tests/tslibs/iFire-readme.txt
[10474] e9cc7fdfa3cf40f O /home/capstone/project/venv/lib/python3.12/site-packages/pandas/tests/series/methods/test_info.py
[10474] e9cc7fdfa3cf40f O /home/capstone/project/venv/lib/python3.12/site-packages/pandas/tests/tslibs/test_npy_units.py
[10474] e9cc7fdfa3cf40f O /home/capstone/project/venv/lib/python3.12/site-packages/pandas/tests/series/test_constructors.py
[10474] e9cc7fdfa3cf40f O /home/capstone/project/venv/lib/python3.12/site-packages/pandas/tests/series/methods/test_equals.py
[10474] e9cc7fdfa3cf40f O /home/capstone/project/venv/lib/python3.12/site-packages/pandas/tests/series/methods/test_value_counts.py
[10474] e9cc7fdfa3cf40f O /home/capstone/project/venv/lib/python3.12/site-packages/pandas/tests/series/methods/test_size.py
[10474] e9cc7fdfa3cf40f O /home/capstone/project/venv/lib/python3.12/site-packages/pandas/tests/series/methods/test_interpolate.py
[10474] e9cc7fdfa3cf40f O /home/capstone/project/venv/lib/python3.12/site-packages/pandas/tests/tslibs/test_ccalendar.py
[10474] e9cc7fdfa3cf40f O /home/capstone/project/venv/lib/python3.12/site-packages/pandas/tests/series/test_logical_ops.py
[10474] e9cc7fdfa3cf40f O /home/capstone/project/venv/lib/python3.12/site-packages/pandas/tests/indexing/test_iat.py
[10474] e9cc7fdfa3cf40f C /home/capstone/project/venv/lib/python3.12/site-packages/pandas/tests/indexing/__pycache__/iFire-readme.txt
[10474] e9cc7fdfa3cf40f O /home/capstone/project/venv/lib/python3.12/site-packages/pandas/tests/indexing/multiindex
[10474] e9cc7fdfa3cf40f O /home/capstone/project/test_files/000250.doc
[10474] e9cc7fdfa3cf40f O /home/capstone/project/venv/lib/python3.12/site-packages/pandas/tests/indexing/test_partial.py
[10474] e9cc7fdfa3cf40f O /home/capstone/project/venv/lib/python3.12/site-packages/pandas/tests/tslibs/test_parsing.py
[10474] e9cc7fdfa3cf40f O /home/capstone/project/venv/lib/python3.12/site-packages/pandas/tests/series/methods/test_searchsorted.py
[10474] e9cc7fdfa3cf40f O /home/capstone/project/venv/lib/python3.12/site-packages/pandas/tests/tslibs/test_parse_iso8601.py
[10474] e9cc7fdfa3cf40f O /home/capstone/project/venv/lib/python3.12/site-packages/pandas/tests/series/methods/test_pct_change.py
[10474] e9cc7fdfa3cf40f O /home/capstone/project/venv/lib/python3.12/site-packages/pandas/tests/tslibs/test_fields.py
[10474] e9cc7fdfa3cf40f O /home/capstone/project/venv/lib/python3.12/site-packages/pandas/tests/series/methods/test_repeat.py
[10474] e9cc7fdfa3cf40f O /home/capstone/project/venv/lib/python3.12/site-packages/pandas/tests/tslibs/test_timezones.py
[10474] e9cc7fdfa3cf40f O /home/capstone/project/venv/lib/python3.12/site-packages/pandas/tests/series/methods/test_truncate.py
[10474] e9cc7fdfa3cf40f O /home/capstone/project/venv/lib/python3.12/site-packages/pandas/tests/tslibs/test_libfrequencies.py
[10474] e9cc7fdfa3cf40f O /home/capstone/project/venv/lib/python3.12/site-packages/pandas/tests/series/methods/test_astype.py
[10474] e9cc7fdfa3cf40f O /home/capstone/project/venv/lib/python3.12/site-packages/pandas/tests/tslibs/test_resolution.py
[10474] e9cc7fdfa3cf40f O /home/capstone/project/venv/lib/python3.12/site-packages/pandas/tests/series/methods/test_map.py
[10474] e9cc7fdfa3cf40f O /home/capstone/project/venv/lib/python3.12/site-packages/pandas/tests/indexing/multiindex/__pycache__
[10474] e9cc7fdfa3cf40f O /home/capstone/project/venv/lib/python3.12/site-packages/pandas/tests/series/methods/test_isna.py
[10474] e9cc7fdfa3cf40f C /home/capstone/project/venv/lib/python3.12/site-packages/pandas/tests/indexing/multiindex/__pycache__/iFire-readme.txt
[10474] e9cc7fdfa3cf40f O /home/capstone/project/venv/lib/python3.12/site-packages/pandas/tests/indexing/interval
[10474] e9cc7fdfa3cf40f O /home/capstone/project/venv/lib/python3.12/site-packages/pandas/tests/series/methods/test_drop_duplicates.py
[10474] e9cc7fdfa3cf40f C /home/capstone/project/venv/lib/python3.12/site-packages/pandas/tests/indexing/interval/iFire-readme.txt
[10474] e9cc7fdfa3cf40f O /home/capstone/project/venv/lib/python3.12/site-packages/pandas/tests/indexing/interval/test_interval_new.py
[10474] e9cc7fdfa3cf40f O /home/capstone/project/venv/lib/python3.12/site-packages/pandas/tests/series/methods/test_diff.py
[10474] e9cc7fdfa3cf40f O /home/capstone/project/venv/lib/python3.12/site-packages/pandas/tests/indexing/interval/test_interval.py
[10474] e9cc7fdfa3cf40f O /home/capstone/project/venv/lib/python3.12/site-packages/pandas/tests/series/methods/test_reindex.py
[10474] e9cc7fdfa3cf40f O /home/capstone/project/venv/lib/python3.12/site-packages/pandas/tests/indexing/interval/__pycache__
[10474] e9cc7fdfa3cf40f O /home/capstone/project/venv/lib/python3.12/site-packages/pandas/tests/series/methods/test_cov_corr.py
[10474] e9cc7fdfa3cf40f C /home/capstone/project/venv/lib/python3.12/site-packages/pandas/tests/indexing/interval/__pycache__/iFire-readme.txt
[10474] e9cc7fdfa3cf40f O /home/capstone/project/venv/lib/python3.12/site-packages/pandas/tests/reshape
[10474] e9cc7fdfa3cf40f O /home/capstone/project/venv/lib/python3.12/site-packages/pandas/tests/series/methods/test_dtypes.py
[10474] e9cc7fdfa3cf40f C /home/capstone/project/venv/lib/python3.12/site-packages/pandas/tests/reshape/iFire-readme.txt
[10474] e9cc7fdfa3cf40f O /home/capstone/project/venv/lib/python3.12/site-packages/pandas/tests/series/methods/test_tolist.py
[10474] e9cc7fdfa3cf40f O /home/capstone/project/venv/lib/python3.12/site-packages/pandas/tests/indexing/common.py
[10474] e9cc7fdfa3cf40f C /home/capstone/project/venv/lib/python3.12/site-packages/pandas/tests/indexing/multiindex/iFire-readme.txt
[10474] e9cc7fdfa3cf40f O /home/capstone/project/venv/lib/python3.12/site-packages/pandas/tests/indexing/multiindex/test_setitem.py
[10474] e9cc7fdfa3cf40f O /home/capstone/project/test_files/000912.jpg
[10474] e9cc7fdfa3cf40f O /home/capstone/project/test_files/000038.xls
[10474] e9cc7fdfa3cf40f O /home/capstone/project/venv/lib/python3.12/site-packages/pandas/tests/indexing/test_chaining_and_caching.py
[10474] e9cc7fdfa3cf40f O /home/capstone/project/test_files/000429.html
[10474] e9cc7fdfa3cf40f O /home/capstone/project/test_files/000682.jpg
[10474] e9cc7fdfa3cf40f O /home/capstone/project/venv/lib/python3.12/site-packages/pandas/tests/indexing/multiindex/test_indexing_slow.py
[10474] e9cc7fdfa3cf40f O /home/capstone/.local/share/Trash/files/000024.3.pdf.encrypted
[10474] e9cc7fdfa3cf40f O /home/capstone/.local/share/Trash/files/000007.3.doc.encrypted
[10474] e9cc7fdfa3cf40f O /home/capstone/project/venv/lib/python3.12/site-packages/pandas/tests/indexing/test_categorical.py
[10474] e9cc7fdfa3cf40f O /home/capstone/.local/share/Trash/files/000088.txt.encrypted
[10474] e9cc7fdfa3cf40f O /home/capstone/.local/share/Trash/files/000019.3.pdf.encrypted
[10474] e9cc7fdfa3cf40f O /home/capstone/project/venv/lib/python3.12/site-packages/pandas/tests/indexing/multiindex/test_partial.py
[10474] e9cc7fdfa3cf40f O /home/capstone/project/venv/lib/python3.12/site-packages/pandas/tests/indexing/test_scalar.py
[10474] e9cc7fdfa3cf40f O /home/capstone/project/venv/lib/python3.12/site-packages/pandas/tests/indexing/multiindex/test_chaining_and_caching.py
[10474] e9cc7fdfa3cf40f O /home/capstone/project/venv/lib/python3.12/site-packages/pandas/tests/indexing/test_at.py
[10474] e9cc7fdfa3cf40f O /home/capstone/project/venv/lib/python3.12/site-packages/pandas/tests/indexing/multiindex/test_multiindex.py
[10474] e9cc7fdfa3cf40f O /home/capstone/project/venv/lib/python3.12/site-packages/pandas/tests/indexing/test_na_indexing.py
[10474] e9cc7fdfa3cf40f O /home/capstone/project/venv/lib/python3.12/site-packages/pandas/tests/indexing/multiindex/test_sorted.py
[10474] e9cc7fdfa3cf40f O /home/capstone/project/venv/lib/python3.12/site-packages/pandas/tests/indexing/test_floats.py
[10474] e9cc7fdfa3cf40f O /home/capstone/.local/share/Trash/files/000018.3.pdf.encrypted
[10474] e9cc7fdfa3cf40f O /home/capstone/project/venv/lib/python3.12/site-packages/pandas/tests/reshape/concat/test_append.py
[10474] e9cc7fdfa3cf40f O /home/capstone/project/venv/lib/python3.12/site-packages/pandas/tests/series/methods/test_add_prefix_suffix.py
[10474] e9cc7fdfa3cf40f O /home/capstone/project/venv/lib/python3.12/site-packages/pandas/tests/reshape/concat/test_categorical.py
[10474] e9cc7fdfa3cf40f O /home/capstone/project/venv/lib/python3.12/site-packages/pandas/tests/series/methods/test_count.py
[10474] e9cc7fdfa3cf40f O /home/capstone/project/venv/lib/python3.12/site-packages/pandas/tests/reshape/concat/test_empty.py
[10474] e9cc7fdfa3cf40f O /home/capstone/project/venv/lib/python3.12/site-packages/pandas/tests/series/methods/test_get_numeric_data.py
[10474] e9cc7fdfa3cf40f O /home/capstone/project/venv/lib/python3.12/site-packages/pandas/tests/reshape/concat/test_dataframe.py
[10474] e9cc7fdfa3cf40f O /home/capstone/project/venv/lib/python3.12/site-packages/pandas/tests/series/methods/test_tz_localize.py
[10474] e9cc7fdfa3cf40f O /home/capstone/project/venv/lib/python3.12/site-packages/pandas/tests/reshape/concat/test_append_common.py
[10474] e9cc7fdfa3cf40f O /home/capstone/project/venv/lib/python3.12/site-packages/pandas/tests/series/methods/test_sort_index.py
[10474] e9cc7fdfa3cf40f O /home/capstone/project/venv/lib/python3.12/site-packages/pandas/tests/reshape/concat/test_sort.py
[10474] e9cc7fdfa3cf40f O /home/capstone/project/venv/lib/python3.12/site-packages/pandas/tests/series/methods/test_convert_dtypes.py
[10474] e9cc7fdfa3cf40f O /home/capstone/project/venv/lib/python3.12/site-packages/pandas/tests/indexing/test_indexing.py
[10474] e9cc7fdfa3cf40f O /home/capstone/project/venv/lib/python3.12/site-packages/pandas/tests/series/methods/test_set_name.py
[10474] e9cc7fdfa3cf40f O /home/capstone/project/venv/lib/python3.12/site-packages/pandas/tests/reshape/concat/test_invalid.py
[10474] e9cc7fdfa3cf40f O /home/capstone/project/venv/lib/python3.12/site-packages/pandas/tests/series/methods/test_explode.py
[10474] e9cc7fdfa3cf40f O /home/capstone/project/venv/lib/python3.12/site-packages/pandas/tests/reshape/concat/test_index.py
[10474] e9cc7fdfa3cf40f O /home/capstone/project/venv/lib/python3.12/site-packages/pandas/tests/series/methods/test_values.py
[10474] e9cc7fdfa3cf40f O /home/capstone/project/venv/lib/python3.12/site-packages/pandas/tests/indexing/test_iloc.py
[10474] e9cc7fdfa3cf40f O /home/capstone/project/venv/lib/python3.12/site-packages/pandas/tests/indexing/multiindex/test_loc.py
[10474] e9cc7fdfa3cf40f O /home/capstone/project/venv/lib/python3.12/site-packages/pandas/tests/reshape/concat/__pycache__
[10474] e9cc7fdfa3cf40f O /home/capstone/project/venv/lib/python3.12/site-packages/pandas/tests/series/methods/test_is_monotonic.py
[10474] e9cc7fdfa3cf40f C /home/capstone/project/venv/lib/python3.12/site-packages/pandas/tests/reshape/concat/__pycache__/iFire-readme.txt
[10474] e9cc7fdfa3cf40f O /home/capstone/project/venv/lib/python3.12/site-packages/pandas/tests/reshape/merge
[10474] e9cc7fdfa3cf40f O /home/capstone/project/venv/lib/python3.12/site-packages/pandas/tests/series/methods/test_copy.py
[10474] e9cc7fdfa3cf40f O /home/capstone/project/venv/lib/python3.12/site-packages/pandas/tests/series/methods/__init__.py
[10474] e9cc7fdfa3cf40f C /home/capstone/project/venv/lib/python3.12/site-packages/pandas/tests/reshape/merge/iFire-readme.txt
[10474] e9cc7fdfa3cf40f O /home/capstone/project/venv/lib/python3.12/site-packages/pandas/tests/reshape/merge/test_join.py
[10474] e9cc7fdfa3cf40f O /home/capstone/project/venv/lib/python3.12/site-packages/pandas/tests/series/methods/test_between.py
[10474] e9cc7fdfa3cf40f O /home/capstone/project/venv/lib/python3.12/site-packages/pandas/tests/reshape/merge/test_merge_index_as_string.py
[10474] e9cc7fdfa3cf40f O /home/capstone/project/venv/lib/python3.12/site-packages/pandas/tests/indexing/multiindex/test_slice.py
[10474] e9cc7fdfa3cf40f O /home/capstone/project/venv/lib/python3.12/site-packages/pandas/tests/reshape/merge/__pycache__
[10474] e9cc7fdfa3cf40f O /home/capstone/project/venv/lib/python3.12/site-packages/pandas/tests/reshape/merge/test_merge.py
[10474] e9cc7fdfa3cf40f C /home/capstone/project/venv/lib/python3.12/site-packages/pandas/tests/reshape/merge/__pycache__/iFire-readme.txt
[10474] e9cc7fdfa3cf40f O /home/capstone/project/venv/lib/python3.12/site-packages/pandas/tests/dtypes
[10474] e9cc7fdfa3cf40f O /home/capstone/project/venv/lib/python3.12/site-packages/pandas/tests/reshape/merge/test_merge_asof.py
[10474] e9cc7fdfa3cf40f O /home/capstone/project/venv/lib/python3.12/site-packages/pandas/tests/indexing/multiindex/test_iloc.py
[10474] e9cc7fdfa3cf40f O /home/capstone/project/venv/lib/python3.12/site-packages/pandas/tests/indexing/test_check_indexer.py
[10474] e9cc7fdfa3cf40f O /home/capstone/project/venv/lib/python3.12/site-packages/pandas/tests/dtypes/__pycache__
[10474] e9cc7fdfa3cf40f O /home/capstone/project/venv/lib/python3.12/site-packages/pandas/tests/indexing/test_indexers.py
[10474] e9cc7fdfa3cf40f C /home/capstone/project/venv/lib/python3.12/site-packages/pandas/tests/dtypes/iFire-readme.txt
[10474] e9cc7fdfa3cf40f O /home/capstone/project/venv/lib/python3.12/site-packages/pandas/tests/dtypes/test_concat.py
[10474] e9cc7fdfa3cf40f O /home/capstone/project/venv/lib/python3.12/site-packages/pandas/tests/dtypes/test_generic.py
[10474] e9cc7fdfa3cf40f O /home/capstone/.local/share/Trash/files/000000.3.swf.encrypted
[10474] e9cc7fdfa3cf40f O /home/capstone/project/venv/lib/python3.12/site-packages/pandas/tests/dtypes/cast
[10474] e9cc7fdfa3cf40f O /home/capstone/project/venv/lib/python3.12/site-packages/pandas/tests/reshape/merge/test_merge_ordered.py
[10474] e9cc7fdfa3cf40f O /home/capstone/project/venv/lib/python3.12/site-packages/pandas/tests/dtypes/test_inference.py
[10474] e9cc7fdfa3cf40f O /home/capstone/project/venv/lib/python3.12/site-packages/pandas/tests/reshape/merge/test_merge_cross.py
[10474] e9cc7fdfa3cf40f O /home/capstone/project/venv/lib/python3.12/site-packages/pandas/tests/dtypes/test_dtypes.py
[10474] e9cc7fdfa3cf40f C /home/capstone/project/venv/lib/python3.12/site-packages/pandas/tests/dtypes/cast/iFire-readme.txt
[10474] e9cc7fdfa3cf40f O /home/capstone/project/venv/lib/python3.12/site-packages/pandas/tests/dtypes/cast/test_construct_from_scalar.py
[10474] e9cc7fdfa3cf40f C /home/capstone/project/venv/lib/python3.12/site-packages/pandas/tests/dtypes/__pycache__/iFire-readme.txt
[10474] e9cc7fdfa3cf40f O /home/capstone/project/venv/lib/python3.12/site-packages/pandas/tests/dtypes/cast/__pycache__
[10474] e9cc7fdfa3cf40f O /home/capstone/project/venv/lib/python3.12/site-packages/pandas/tests/apply
[10474] e9cc7fdfa3cf40f C /home/capstone/project/venv/lib/python3.12/site-packages/pandas/tests/dtypes/cast/__pycache__/iFire-readme.txt
[10474] e9cc7fdfa3cf40f O /home/capstone/project/venv/lib/python3.12/site-packages/pandas/tests/plotting
[10474] e9cc7fdfa3cf40f O /home/capstone/project/venv/lib/python3.12/site-packages/pandas/tests/dtypes/cast/test_dict_compat.py
[10474] e9cc7fdfa3cf40f C /home/capstone/project/venv/lib/python3.12/site-packages/pandas/tests/apply/iFire-readme.txt
[10474] e9cc7fdfa3cf40f O /home/capstone/project/venv/lib/python3.12/site-packages/pandas/tests/apply/test_numba.py
[10474] e9cc7fdfa3cf40f C /home/capstone/project/venv/lib/python3.12/site-packages/pandas/tests/plotting/iFire-readme.txt
[10474] e9cc7fdfa3cf40f O /home/capstone/project/venv/lib/python3.12/site-packages/pandas/tests/plotting/test_hist_method.py
[10474] e9cc7fdfa3cf40f O /home/capstone/project/venv/lib/python3.12/site-packages/pandas/tests/apply/test_series_apply_relabeling.py
[10474] e9cc7fdfa3cf40f O /home/capstone/project/venv/lib/python3.12/site-packages/pandas/tests/plotting/test_series.py
[10474] e9cc7fdfa3cf40f O /home/capstone/project/venv/lib/python3.12/site-packages/pandas/tests/apply/test_frame_apply.py
[10474] e9cc7fdfa3cf40f O /home/capstone/project/venv/lib/python3.12/site-packages/pandas/tests/dtypes/cast/test_infer_datetimelike.py
[10474] e9cc7fdfa3cf40f O /home/capstone/project/venv/lib/python3.12/site-packages/pandas/tests/plotting/test_boxplot_method.py
[10474] e9cc7fdfa3cf40f O /home/capstone/project/venv/lib/python3.12/site-packages/pandas/tests/apply/test_invalid_arg.py
[10474] e9cc7fdfa3cf40f O /home/capstone/project/venv/lib/python3.12/site-packages/pandas/tests/dtypes/cast/test_construct_object_arr.py
[10474] e9cc7fdfa3cf40f O /home/capstone/project/venv/lib/python3.12/site-packages/pandas/tests/plotting/common.py
[10474] e9cc7fdfa3cf40f O /home/capstone/project/venv/lib/python3.12/site-packages/pandas/tests/apply/test_str.py
[10474] e9cc7fdfa3cf40f O /home/capstone/project/venv/lib/python3.12/site-packages/pandas/tests/dtypes/cast/test_construct_ndarray.py
[10474] e9cc7fdfa3cf40f O /home/capstone/project/venv/lib/python3.12/site-packages/pandas/tests/apply/common.py
[10474] e9cc7fdfa3cf40f O /home/capstone/project/venv/lib/python3.12/site-packages/pandas/tests/plotting/test_backend.py
[10474] e9cc7fdfa3cf40f O /home/capstone/project/venv/lib/python3.12/site-packages/pandas/tests/dtypes/cast/test_box_unbox.py
[10474] e9cc7fdfa3cf40f O /home/capstone/Downloads/000/000694.html
[10474] e9cc7fdfa3cf40f O /home/capstone/project/venv/lib/python3.12/site-packages/pandas/tests/plotting/test_datetimelike.py
[10474] e9cc7fdfa3cf40f O /home/capstone/project/venv/lib/python3.12/site-packages/pandas/tests/apply/test_frame_transform.py
[10474] e9cc7fdfa3cf40f O /home/capstone/Downloads/000/000983.ppt
[10474] e9cc7fdfa3cf40f O /home/capstone/project/venv/lib/python3.12/site-packages/pandas/tests/dtypes/cast/test_downcast.py
[10474] e9cc7fdfa3cf40f O /home/capstone/project/venv/lib/python3.12/site-packages/pandas/tests/plotting/test_groupby.py
[10474] e9cc7fdfa3cf40f O /home/capstone/project/venv/lib/python3.12/site-packages/pandas/tests/apply/test_frame_apply_relabeling.py
[10474] e9cc7fdfa3cf40f O /home/capstone/project/venv/lib/python3.12/site-packages/pandas/tests/apply/test_series_apply.py
[10474] e9cc7fdfa3cf40f O /home/capstone/project/venv/lib/python3.12/site-packages/pandas/tests/dtypes/cast/test_promote.py
[10474] e9cc7fdfa3cf40f O /home/capstone/project/venv/lib/python3.12/site-packages/pandas/tests/plotting/test_converter.py
[10474] e9cc7fdfa3cf40f O /home/capstone/Downloads/000/000385.xls
[10474] e9cc7fdfa3cf40f O /home/capstone/project/venv/lib/python3.12/site-packages/pandas/tests/dtypes/cast/test_find_common_type.py
[10474] e9cc7fdfa3cf40f O /home/capstone/project/venv/lib/python3.12/site-packages/pandas/tests/apply/test_series_transform.py
[10474] e9cc7fdfa3cf40f O /home/capstone/project/venv/lib/python3.12/site-packages/pandas/tests/plotting/conftest.py
[10474] e9cc7fdfa3cf40f O /home/capstone/Downloads/000/000904.pdf
[10474] e9cc7fdfa3cf40f O /home/capstone/project/venv/lib/python3.12/site-packages/pandas/tests/plotting/test_style.py
[10474] e9cc7fdfa3cf40f O /home/capstone/project/venv/lib/python3.12/site-packages/pandas/tests/apply/conftest.py
[10474] e9cc7fdfa3cf40f O /home/capstone/project/venv/lib/python3.12/site-packages/pandas/tests/reshape/merge/test_multi.py
[2987] pool O /home/capstone/.local/share/Trash/info/000045.xls.encrypted.iFire.trashinfo
[2987] pool O /home/capstone/.local/share/Trash/info/000024.pdf.encrypted.iFire.trashinfo
[2987] pool O /home/capstone/.local/share/Trash/info/000006.doc.encrypted.iFire.trashinfo
[2987] pool O /home/capstone/.local/share/Trash/info/000024.3.pdf.encrypted.iFire.trashinfo
[2987] pool O /home/capstone/.local/share/Trash/info/000007.3.doc.encrypted.iFire.trashinfo
[2987] pool O /home/capstone/.local/share/Trash/info/000088.txt.encrypted.iFire.trashinfo
[2987] pool O /home/capstone/.local/share/Trash/info/000019.3.pdf.encrypted.iFire.trashinfo
[2987] pool O /home/capstone/.local/share/Trash/info/000006.2.doc.encrypted.iFire.trashinfo
[2987] pool O /home/capstone/.local/share/Trash/info/000022.2.pdf.encrypted.iFire.trashinfo
[2987] pool O /home/capstone/.local/share/Trash/info/000018.3.pdf.encrypted.iFire.trashinfo
[2987] pool O /home/capstone/.local/share/Trash/info/000000.3.swf.encrypted.iFire.trashinfo
[10474] e9cc7fdfa3cf40f O /home/capstone/project/venv/lib/python3.12/site-packages/pandas/tests/groupby/test_categorical.py
[10474] e9cc7fdfa3cf40f O /home/capstone/project/venv/lib/python3.12/site-packages/pandas/tests/groupby/test_index_as_string.py
[10474] e9cc7fdfa3cf40f O /home/capstone/project/venv/lib/python3.12/site-packages/pandas/tests/groupby/aggregate/test_aggregate.py
[10474] e9cc7fdfa3cf40f O /home/capstone/project/venv/lib/python3.12/site-packages/pandas/tests/groupby/test_all_methods.py
[10474] e9cc7fdfa3cf40f O /home/capstone/project/venv/lib/python3.12/site-packages/pandas/tests/groupby/test_libgroupby.py
[10474] e9cc7fdfa3cf40f O /home/capstone/project/venv/lib/python3.12/site-packages/pandas/tests/groupby/aggregate/test_other.py
[10474] e9cc7fdfa3cf40f O /home/capstone/project/venv/lib/python3.12/site-packages/pandas/tests/groupby/test_groupby.py
[10474] e9cc7fdfa3cf40f O /home/capstone/project/venv/lib/python3.12/site-packages/pandas/tests/groupby/aggregate/test_cython.py
[10474] e9cc7fdfa3cf40f O /home/capstone/project/venv/lib/python3.12/site-packages/pandas/tests/groupby/transform
[10474] e9cc7fdfa3cf40f O /home/capstone/project/venv/lib/python3.12/site-packages/pandas/tests/groupby/test_apply.py
[10474] e9cc7fdfa3cf40f C /home/capstone/project/venv/lib/python3.12/site-packages/pandas/tests/groupby/transform/iFire-readme.txt
[10474] e9cc7fdfa3cf40f O /home/capstone/project/venv/lib/python3.12/site-packages/pandas/tests/groupby/transform/test_transform.py
[10474] e9cc7fdfa3cf40f O /home/capstone/project/venv/lib/python3.12/site-packages/pandas/tests/dtypes/cast/test_can_hold_element.py
[10474] e9cc7fdfa3cf40f O /home/capstone/project/venv/lib/python3.12/site-packages/pandas/tests/dtypes/cast/test_infer_dtype.py
[10474] e9cc7fdfa3cf40f O /home/capstone/project/venv/lib/python3.12/site-packages/pandas/tests/groupby/aggregate/__pycache__
[10474] e9cc7fdfa3cf40f O /home/capstone/project/venv/lib/python3.12/site-packages/pandas/tests/plotting/test_misc.py
[10474] e9cc7fdfa3cf40f C /home/capstone/project/venv/lib/python3.12/site-packages/pandas/tests/groupby/aggregate/__pycache__/iFire-readme.txt
[10474] e9cc7fdfa3cf40f O /home/capstone/project/venv/lib/python3.12/site-packages/pandas/tests/groupby/methods
[10474] e9cc7fdfa3cf40f C /home/capstone/project/venv/lib/python3.12/site-packages/pandas/tests/groupby/methods/iFire-readme.txt
[10474] e9cc7fdfa3cf40f O /home/capstone/project/venv/lib/python3.12/site-packages/pandas/tests/groupby/methods/test_sample.py
[10474] e9cc7fdfa3cf40f O /home/capstone/project/venv/lib/python3.12/site-packages/pandas/tests/plotting/test_common.py
[10474] e9cc7fdfa3cf40f O /home/capstone/project/venv/lib/python3.12/site-packages/pandas/tests/groupby/transform/__pycache__
[10474] e9cc7fdfa3cf40f O /home/capstone/project/venv/lib/python3.12/site-packages/pandas/tests/groupby/methods/__pycache__
[10474] e9cc7fdfa3cf40f O /home/capstone/project/venv/lib/python3.12/site-packages/pandas/tests/groupby/methods/test_rank.py
[10474] e9cc7fdfa3cf40f O /home/capstone/Downloads/000/000311.ppt
[10474] e9cc7fdfa3cf40f C /home/capstone/project/venv/lib/python3.12/site-packages/pandas/tests/groupby/methods/__pycache__/iFire-readme.txt
[10474] e9cc7fdfa3cf40f O /home/capstone/project/venv/lib/python3.12/site-packages/pandas/tests/resample
[10474] e9cc7fdfa3cf40f C /home/capstone/project/venv/lib/python3.12/site-packages/pandas/tests/groupby/transform/__pycache__/iFire-readme.txt
[10474] e9cc7fdfa3cf40f O /home/capstone/project/venv/lib/python3.12/site-packages/pandas/tests/arrays/__pycache__
[10474] e9cc7fdfa3cf40f C /home/capstone/project/venv/lib/python3.12/site-packages/pandas/tests/resample/iFire-readme.txt
[10474] e9cc7fdfa3cf40f C /home/capstone/project/venv/lib/python3.12/site-packages/pandas/tests/arrays/__pycache__/iFire-readme.txt
[10474] e9cc7fdfa3cf40f O /home/capstone/project/venv/lib/python3.12/site-packages/pandas/tests/resample/__pycache__
[10474] e9cc7fdfa3cf40f O /home/capstone/project/venv/lib/python3.12/site-packages/pandas/tests/groupby/methods/test_kurt.py
[10474] e9cc7fdfa3cf40f O /home/capstone/project/venv/lib/python3.12/site-packages/pandas/tests/resample/test_resample_api.py
[10474] e9cc7fdfa3cf40f C /home/capstone/project/venv/lib/python3.12/site-packages/pandas/tests/resample/__pycache__/iFire-readme.txt
[10474] e9cc7fdfa3cf40f O /home/capstone/project/venv/lib/python3.12/site-packages/pandas/tests/arrays/categorical
[10474] e9cc7fdfa3cf40f O /home/capstone/project/venv/lib/python3.12/site-packages/pandas/tests/groupby/test_timegrouper.py
[10474] e9cc7fdfa3cf40f O /home/capstone/project/venv/lib/python3.12/site-packages/pandas/tests/groupby/transform/test_numba.py
[10474] e9cc7fdfa3cf40f O /home/capstone/project/venv/lib/python3.12/site-packages/pandas/tests/groupby/test_indexing.py
[10474] e9cc7fdfa3cf40f O /home/capstone/project/venv/lib/python3.12/site-packages/pandas/tests/arrays
[10474] e9cc7fdfa3cf40f O /home/capstone/project/venv/lib/python3.12/site-packages/pandas/tests/groupby/test_cumulative.py
[10474] e9cc7fdfa3cf40f C /home/capstone/project/venv/lib/python3.12/site-packages/pandas/tests/arrays/iFire-readme.txt
[10474] e9cc7fdfa3cf40f O /home/capstone/project/venv/lib/python3.12/site-packages/pandas/tests/groupby/test_groupby_subclass.py
[10474] e9cc7fdfa3cf40f O /home/capstone/project/venv/lib/python3.12/site-packages/pandas/tests/arrays/test_datetimes.py
[10474] e9cc7fdfa3cf40f O /home/capstone/project/venv/lib/python3.12/site-packages/pandas/tests/groupby/test_numeric_only.py
[10474] e9cc7fdfa3cf40f O /home/capstone/project/venv/lib/python3.12/site-packages/pandas/tests/arrays/test_timedeltas.py
[10474] e9cc7fdfa3cf40f O /home/capstone/project/venv/lib/python3.12/site-packages/pandas/tests/groupby/conftest.py
[10474] e9cc7fdfa3cf40f O /home/capstone/project/venv/lib/python3.12/site-packages/pandas/tests/arrays/test_array.py
[10474] e9cc7fdfa3cf40f O /home/capstone/project/venv/lib/python3.12/site-packages/pandas/tests/arrays/masked_shared.py
[10474] e9cc7fdfa3cf40f O /home/capstone/project/venv/lib/python3.12/site-packages/pandas/tests/groupby/test_grouping.py
[10474] e9cc7fdfa3cf40f O /home/capstone/project/venv/lib/python3.12/site-packages/pandas/tests/arrays/test_period.py
[10474] e9cc7fdfa3cf40f O /home/capstone/project/venv/lib/python3.12/site-packages/pandas/tests/arrays/test_datetimelike.py
[10474] e9cc7fdfa3cf40f O /home/capstone/project/venv/lib/python3.12/site-packages/pandas/tests/groupby/test_missing.py
[10474] e9cc7fdfa3cf40f O /home/capstone/project/venv/lib/python3.12/site-packages/pandas/tests/arrays/test_ndarray_backed.py
[10474] e9cc7fdfa3cf40f O /home/capstone/project/venv/lib/python3.12/site-packages/pandas/tests/groupby/test_filters.py
[10474] e9cc7fdfa3cf40f O /home/capstone/project/venv/lib/python3.12/site-packages/pandas/tests/arrays/interval
[10474] e9cc7fdfa3cf40f C /home/capstone/project/venv/lib/python3.12/site-packages/pandas/tests/arrays/interval/iFire-readme.txt
[10474] e9cc7fdfa3cf40f O /home/capstone/project/venv/lib/python3.12/site-packages/pandas/tests/arrays/interval/test_interval_pyarrow.py
[10474] e9cc7fdfa3cf40f O /home/capstone/project/venv/lib/python3.12/site-packages/pandas/tests/groupby/__init__.py
[10474] e9cc7fdfa3cf40f O /home/capstone/project/venv/lib/python3.12/site-packages/pandas/tests/groupby/test_groupby_dropna.py
[10474] e9cc7fdfa3cf40f O /home/capstone/project/venv/lib/python3.12/site-packages/pandas/tests/arrays/interval/test_astype.py
[10474] e9cc7fdfa3cf40f O /home/capstone/project/venv/lib/python3.12/site-packages/pandas/tests/arrays/categorical/__pycache__
[10474] e9cc7fdfa3cf40f O /home/capstone/project/venv/lib/python3.12/site-packages/pandas/tests/arrays/interval/test_formats.py
[10474] e9cc7fdfa3cf40f C /home/capstone/project/venv/lib/python3.12/site-packages/pandas/tests/arrays/categorical/__pycache__/iFire-readme.txt
[10474] e9cc7fdfa3cf40f O /home/capstone/project/venv/lib/python3.12/site-packages/pandas/tests/arrays/masked/__pycache__
[10474] e9cc7fdfa3cf40f O /home/capstone/project/venv/lib/python3.12/site-packages/pandas/tests/arrays/integer/test_repr.py
[10474] e9cc7fdfa3cf40f O /home/capstone/project/venv/lib/python3.12/site-packages/pandas/tests/arrays/integer/test_dtypes.py
[10474] e9cc7fdfa3cf40f C /home/capstone/project/venv/lib/python3.12/site-packages/pandas/tests/arrays/masked/__pycache__/iFire-readme.txt
[10474] e9cc7fdfa3cf40f O /home/capstone/project/venv/lib/python3.12/site-packages/pandas/tests/arrays/integer/__pycache__
[10474] e9cc7fdfa3cf40f O /home/capstone/project/venv/lib/python3.12/site-packages/pandas/tests/arrays/integer/test_indexing.py
[10474] e9cc7fdfa3cf40f C /home/capstone/project/venv/lib/python3.12/site-packages/pandas/tests/arrays/integer/__pycache__/iFire-readme.txt
[10474] e9cc7fdfa3cf40f O /home/capstone/project/venv/lib/python3.12/site-packages/pandas/tests/arrays/datetimes
[10474] e9cc7fdfa3cf40f O /home/capstone/project/venv/lib/python3.12/site-packages/pandas/tests/arrays/integer/conftest.py
[10474] e9cc7fdfa3cf40f O /home/capstone/project/venv/lib/python3.12/site-packages/pandas/tests/arrays/integer/test_comparison.py
[10474] e9cc7fdfa3cf40f C /home/capstone/project/venv/lib/python3.12/site-packages/pandas/tests/arrays/datetimes/iFire-readme.txt
[10474] e9cc7fdfa3cf40f O /home/capstone/project/venv/lib/python3.12/site-packages/pandas/tests/arrays/datetimes/test_reductions.py
[10474] e9cc7fdfa3cf40f O /home/capstone/project/venv/lib/python3.12/site-packages/pandas/tests/arrays/integer/test_function.py
[10474] e9cc7fdfa3cf40f O /home/capstone/project/venv/lib/python3.12/site-packages/pandas/tests/arrays/datetimes/test_cumulative.py
[10474] e9cc7fdfa3cf40f O /home/capstone/project/venv/lib/python3.12/site-packages/pandas/tests/arrays/datetimes/__pycache__
[10474] e9cc7fdfa3cf40f O /home/capstone/project/venv/lib/python3.12/site-packages/pandas/tests/arrays/datetimes/test_constructors.py
[10474] e9cc7fdfa3cf40f O /home/capstone/project/venv/lib/python3.12/site-packages/pandas/tests/resample/test_base.py
[10474] e9cc7fdfa3cf40f O /home/capstone/project/venv/lib/python3.12/site-packages/pandas/tests/groupby/methods/test_nth.py
[10474] e9cc7fdfa3cf40f O /home/capstone/project/venv/lib/python3.12/site-packages/pandas/tests/arrays/categorical/test_replace.py
[10474] e9cc7fdfa3cf40f O /home/capstone/project/venv/lib/python3.12/site-packages/pandas/tests/groupby/methods/test_skew.py
[10474] e9cc7fdfa3cf40f O /home/capstone/Downloads/000/000783.html
[10474] e9cc7fdfa3cf40f O /home/capstone/project/venv/lib/python3.12/site-packages/pandas/tests/arrays/categorical/test_api.py
[10474] e9cc7fdfa3cf40f O /home/capstone/project/venv/lib/python3.12/site-packages/pandas/tests/groupby/methods/test_nlargest_nsmallest.py
[10474] e9cc7fdfa3cf40f O /home/capstone/project/venv/lib/python3.12/site-packages/pandas/tests/groupby/methods/test_is_monotonic.py
[10474] e9cc7fdfa3cf40f O /home/capstone/project/venv/lib/python3.12/site-packages/pandas/tests/arrays/categorical/test_operators.py
[10474] e9cc7fdfa3cf40f O /home/capstone/project/venv/lib/python3.12/site-packages/pandas/tests/resample/test_timedelta.py
[10474] e9cc7fdfa3cf40f O /home/capstone/project/venv/lib/python3.12/site-packages/pandas/tests/arrays/timedeltas
[10474] e9cc7fdfa3cf40f O /home/capstone/project/venv/lib/python3.12/site-packages/pandas/tests/arrays/categorical/test_repr.py
[10474] e9cc7fdfa3cf40f O /home/capstone/project/venv/lib/python3.12/site-packages/pandas/tests/arrays/boolean
[10474] e9cc7fdfa3cf40f C /home/capstone/project/venv/lib/python3.12/site-packages/pandas/tests/arrays/timedeltas/iFire-readme.txt
[10474] e9cc7fdfa3cf40f O /home/capstone/project/venv/lib/python3.12/site-packages/pandas/tests/arrays/timedeltas/test_reductions.py
[10474] e9cc7fdfa3cf40f O /home/capstone/project/venv/lib/python3.12/site-packages/pandas/tests/arrays/categorical/test_astype.py
[10474] e9cc7fdfa3cf40f C /home/capstone/project/venv/lib/python3.12/site-packages/pandas/tests/arrays/boolean/iFire-readme.txt
[10474] e9cc7fdfa3cf40f O /home/capstone/project/venv/lib/python3.12/site-packages/pandas/tests/arrays/boolean/test_construction.py
[10474] e9cc7fdfa3cf40f O /home/capstone/project/venv/lib/python3.12/site-packages/pandas/tests/arrays/categorical/test_map.py
[10474] e9cc7fdfa3cf40f O /home/capstone/project/venv/lib/python3.12/site-packages/pandas/tests/arrays/boolean/test_arithmetic.py
[10474] e9cc7fdfa3cf40f O /home/capstone/Downloads/000/000814.html
[10474] e9cc7fdfa3cf40f O /home/capstone/project/venv/lib/python3.12/site-packages/pandas/tests/arrays/categorical/test_dtypes.py
[10474] e9cc7fdfa3cf40f O /home/capstone/project/venv/lib/python3.12/site-packages/pandas/tests/arrays/boolean/test_reduction.py
[10474] e9cc7fdfa3cf40f O /home/capstone/project/venv/lib/python3.12/site-packages/pandas/tests/arrays/timedeltas/test_cumulative.py
[10474] e9cc7fdfa3cf40f C /home/capstone/project/venv/lib/python3.12/site-packages/pandas/tests/arrays/datetimes/__pycache__/iFire-readme.txt
[10474] e9cc7fdfa3cf40f O /home/capstone/project/venv/lib/python3.12/site-packages/pandas/tests/arrays/period
[10474] e9cc7fdfa3cf40f O /home/capstone/project/venv/lib/python3.12/site-packages/pandas/tests/arrays/floating
[10474] e9cc7fdfa3cf40f C /home/capstone/project/venv/lib/python3.12/site-packages/pandas/tests/arrays/period/iFire-readme.txt
[10474] e9cc7fdfa3cf40f O /home/capstone/project/venv/lib/python3.12/site-packages/pandas/tests/arrays/period/test_arrow_compat.py
[10474] e9cc7fdfa3cf40f O /home/capstone/project/venv/lib/python3.12/site-packages/pandas/tests/arrays/period/test_reductions.py
[10474] e9cc7fdfa3cf40f C /home/capstone/project/venv/lib/python3.12/site-packages/pandas/tests/arrays/floating/iFire-readme.txt
[10474] e9cc7fdfa3cf40f O /home/capstone/project/venv/lib/python3.12/site-packages/pandas/tests/arrays/floating/test_construction.py
[10474] e9cc7fdfa3cf40f O /home/capstone/project/venv/lib/python3.12/site-packages/pandas/tests/arrays/period/test_astype.py
[10474] e9cc7fdfa3cf40f O /home/capstone/project/venv/lib/python3.12/site-packages/pandas/tests/arrays/floating/test_concat.py
[10474] e9cc7fdfa3cf40f O /home/capstone/project/venv/lib/python3.12/site-packages/pandas/tests/arrays/period/test_constructors.py
[10474] e9cc7fdfa3cf40f O /home/capstone/project/venv/lib/python3.12/site-packages/pandas/tests/arrays/floating/test_arithmetic.py
[10474] e9cc7fdfa3cf40f O /home/capstone/project/venv/lib/python3.12/site-packages/pandas/tests/arrays/boolean/__pycache__
[10474] e9cc7fdfa3cf40f O /home/capstone/project/venv/lib/python3.12/site-packages/pandas/tests/arrays/floating/test_contains.py
[10474] e9cc7fdfa3cf40f C /home/capstone/project/venv/lib/python3.12/site-packages/pandas/tests/arrays/boolean/__pycache__/iFire-readme.txt
[10474] e9cc7fdfa3cf40f O /home/capstone/project/venv/lib/python3.12/site-packages/pandas/tests/arrays/floating/__pycache__
[10474] e9cc7fdfa3cf40f O /home/capstone/project/venv/lib/python3.12/site-packages/pandas/tests/arrays/string_/__pycache__
[10474] e9cc7fdfa3cf40f O /home/capstone/project/venv/lib/python3.12/site-packages/pandas/tests/arrays/string_/test_string.py
[10474] e9cc7fdfa3cf40f O /home/capstone/project/venv/lib/python3.12/site-packages/pandas/tests/arrays/string_/test_string_arrow.py
[10474] e9cc7fdfa3cf40f O /home/capstone/project/venv/lib/python3.12/site-packages/pandas/tests/arrays/sparse
[10474] e9cc7fdfa3cf40f C /home/capstone/project/venv/lib/python3.12/site-packages/pandas/tests/arrays/string_/__pycache__/iFire-readme.txt
[10474] e9cc7fdfa3cf40f O /home/capstone/project/venv/lib/python3.12/site-packages/pandas/tests/arrays/numpy_
[10474] e9cc7fdfa3cf40f C /home/capstone/project/venv/lib/python3.12/site-packages/pandas/tests/arrays/sparse/iFire-readme.txt
[10474] e9cc7fdfa3cf40f C /home/capstone/project/venv/lib/python3.12/site-packages/pandas/tests/arrays/numpy_/iFire-readme.txt
[10474] e9cc7fdfa3cf40f O /home/capstone/project/venv/lib/python3.12/site-packages/pandas/tests/arrays/numpy_/test_numpy.py
[10474] e9cc7fdfa3cf40f O /home/capstone/project/venv/lib/python3.12/site-packages/pandas/tests/arrays/sparse/test_array.py
[10474] e9cc7fdfa3cf40f O /home/capstone/project/venv/lib/python3.12/site-packages/pandas/tests/arrays/numpy_/test_indexing.py
[10474] e9cc7fdfa3cf40f O /home/capstone/project/venv/lib/python3.12/site-packages/pandas/tests/arrays/sparse/test_reductions.py
[10474] e9cc7fdfa3cf40f O /home/capstone/project/venv/lib/python3.12/site-packages/pandas/tests/arrays/numpy_/__pycache__
[10474] e9cc7fdfa3cf40f O /home/capstone/project/venv/lib/python3.12/site-packages/pandas/tests/arrays/sparse/test_unary.py
[10474] e9cc7fdfa3cf40f C /home/capstone/project/venv/lib/python3.12/site-packages/pandas/tests/arrays/numpy_/__pycache__/iFire-readme.txt
[10474] e9cc7fdfa3cf40f O /home/capstone/project/venv/lib/python3.12/site-packages/pandas/tests/arrays/sparse/__pycache__
[10474] e9cc7fdfa3cf40f O /home/capstone/project/venv/lib/python3.12/site-packages/pandas/tests/arrays/sparse/test_astype.py
[10474] e9cc7fdfa3cf40f C /home/capstone/project/venv/lib/python3.12/site-packages/pandas/tests/arrays/sparse/__pycache__/iFire-readme.txt
[10474] e9cc7fdfa3cf40f O /home/capstone/project/venv/lib/python3.12/site-packages/pandas/tests/frame
[10474] e9cc7fdfa3cf40f O /home/capstone/project/venv/lib/python3.12/site-packages/pandas/tests/arrays/sparse/test_arithmetics.py
[10474] e9cc7fdfa3cf40f C /home/capstone/project/venv/lib/python3.12/site-packages/pandas/tests/frame/iFire-readme.txt
[10474] e9cc7fdfa3cf40f O /home/capstone/project/venv/lib/python3.12/site-packages/pandas/tests/frame/test_stack_unstack.py
[10474] e9cc7fdfa3cf40f O /home/capstone/project/venv/lib/python3.12/site-packages/pandas/tests/arrays/sparse/test_combine_concat.py
[10474] e9cc7fdfa3cf40f O /home/capstone/project/venv/lib/python3.12/site-packages/pandas/tests/arrays/sparse/test_libsparse.py
[10474] e9cc7fdfa3cf40f O /home/capstone/project/venv/lib/python3.12/site-packages/pandas/tests/frame/test_arithmetic.py
[10474] e9cc7fdfa3cf40f O /home/capstone/project/venv/lib/python3.12/site-packages/pandas/tests/frame/test_arrow_interface.py
[10474] e9cc7fdfa3cf40f O /home/capstone/project/venv/lib/python3.12/site-packages/pandas/tests/frame/test_subclass.py
[10474] e9cc7fdfa3cf40f O /home/capstone/project/venv/lib/python3.12/site-packages/pandas/tests/arrays/sparse/test_dtype.py
[10474] e9cc7fdfa3cf40f O /home/capstone/project/venv/lib/python3.12/site-packages/pandas/tests/frame/test_api.py
[10474] e9cc7fdfa3cf40f O /home/capstone/project/venv/lib/python3.12/site-packages/pandas/tests/arrays/sparse/test_indexing.py
[10474] e9cc7fdfa3cf40f O /home/capstone/project/venv/lib/python3.12/site-packages/pandas/tests/frame/common.py
[10474] e9cc7fdfa3cf40f O /home/capstone/project/venv/lib/python3.12/site-packages/pandas/tests/arrays/sparse/test_constructors.py
[10474] e9cc7fdfa3cf40f O /home/capstone/project/venv/lib/python3.12/site-packages/pandas/tests/frame/test_reductions.py
[10474] e9cc7fdfa3cf40f O /home/capstone/project/venv/lib/python3.12/site-packages/pandas/tests/arrays/sparse/test_accessor.py
[10474] e9cc7fdfa3cf40f O /home/capstone/project/venv/lib/python3.12/site-packages/pandas/tests/frame/test_repr.py
[10474] e9cc7fdfa3cf40f O /home/capstone/project/venv/lib/python3.12/site-packages/pandas/tests/frame/__pycache__
[10474] e9cc7fdfa3cf40f O /home/capstone/project/venv/lib/python3.12/site-packages/pandas/tests/arrays/categorical/test_take.py
[10474] e9cc7fdfa3cf40f O /home/capstone/project/venv/lib/python3.12/site-packages/pandas/tests/arrays/boolean/test_repr.py
[10474] e9cc7fdfa3cf40f O /home/capstone/Downloads/000/000723.ppt
[10474] e9cc7fdfa3cf40f O /home/capstone/project/venv/lib/python3.12/site-packages/pandas/tests/frame/test_unary.py
[10474] e9cc7fdfa3cf40f O /home/capstone/project/venv/lib/python3.12/site-packages/pandas/tests/frame/test_nonunique_indexes.py
[10474] e9cc7fdfa3cf40f O /home/capstone/project/venv/lib/python3.12/site-packages/pandas/tests/frame/test_npfuncs.py
[10474] e9cc7fdfa3cf40f C /home/capstone/project/venv/lib/python3.12/site-packages/pandas/tests/frame/__pycache__/iFire-readme.txt
[10474] e9cc7fdfa3cf40f O /home/capstone/project/venv/lib/python3.12/site-packages/pandas/tests/frame/test_ufunc.py
[10474] e9cc7fdfa3cf40f O /home/capstone/project/venv/lib/python3.12/site-packages/pandas/tests/frame/indexing
[10474] e9cc7fdfa3cf40f O /home/capstone/project/venv/lib/python3.12/site-packages/pandas/tests/frame/test_iteration.py
[10474] e9cc7fdfa3cf40f O /home/capstone/project/venv/lib/python3.12/site-packages/pandas/tests/frame/test_validate.py
[10474] e9cc7fdfa3cf40f C /home/capstone/project/venv/lib/python3.12/site-packages/pandas/tests/frame/indexing/iFire-readme.txt
[10474] e9cc7fdfa3cf40f O /home/capstone/project/venv/lib/python3.12/site-packages/pandas/tests/frame/test_block_internals.py
[10474] e9cc7fdfa3cf40f O /home/capstone/project/venv/lib/python3.12/site-packages/pandas/tests/frame/indexing/test_setitem.py
[10474] e9cc7fdfa3cf40f O /home/capstone/project/venv/lib/python3.12/site-packages/pandas/tests/frame/test_alter_axes.py
[10474] e9cc7fdfa3cf40f O /home/capstone/project/venv/lib/python3.12/site-packages/pandas/tests/arrays/timedeltas/test_constructors.py
[10474] e9cc7fdfa3cf40f O /home/capstone/project/venv/lib/python3.12/site-packages/pandas/tests/arrays/categorical/test_analytics.py
[10474] e9cc7fdfa3cf40f O /home/capstone/project/venv/lib/python3.12/site-packages/pandas/tests/arrays/boolean/test_astype.py
[10474] e9cc7fdfa3cf40f O /home/capstone/project/venv/lib/python3.12/site-packages/pandas/tests/frame/indexing/test_coercion.py
[10474] e9cc7fdfa3cf40f O /home/capstone/project/venv/lib/python3.12/site-packages/pandas/tests/frame/test_cumulative.py
[10474] e9cc7fdfa3cf40f O /home/capstone/project/venv/lib/python3.12/site-packages/pandas/tests/frame/methods/test_set_index.py
[10474] e9cc7fdfa3cf40f O /home/capstone/project/venv/lib/python3.12/site-packages/pandas/tests/frame/indexing/test_xs.py
[10474] e9cc7fdfa3cf40f O /home/capstone/project/venv/lib/python3.12/site-packages/pandas/tests/frame/methods/__pycache__
[10474] e9cc7fdfa3cf40f O /home/capstone/project/venv/lib/python3.12/site-packages/pandas/tests/frame/methods/test_infer_objects.py
[10474] e9cc7fdfa3cf40f O /home/capstone/project/venv/lib/python3.12/site-packages/pandas/tests/frame/methods/test_rank.py
[10474] e9cc7fdfa3cf40f O /home/capstone/project/venv/lib/python3.12/site-packages/pandas/tests/frame/methods/test_select_dtypes.py
[10474] e9cc7fdfa3cf40f C /home/capstone/project/venv/lib/python3.12/site-packages/pandas/tests/frame/methods/__pycache__/iFire-readme.txt
[10474] e9cc7fdfa3cf40f O /home/capstone/project/venv/lib/python3.12/site-packages/pandas/tests/base
[10474] e9cc7fdfa3cf40f O /home/capstone/project/venv/lib/python3.12/site-packages/pandas/tests/frame/methods/test_duplicated.py
[10474] e9cc7fdfa3cf40f C /home/capstone/project/venv/lib/python3.12/site-packages/pandas/tests/base/iFire-readme.txt
[10474] e9cc7fdfa3cf40f O /home/capstone/project/venv/lib/python3.12/site-packages/pandas/tests/base/test_value_counts.py
[10474] e9cc7fdfa3cf40f O /home/capstone/project/venv/lib/python3.12/site-packages/pandas/tests/frame/methods/test_isetitem.py
[10474] e9cc7fdfa3cf40f O /home/capstone/project/venv/lib/python3.12/site-packages/pandas/tests/base/test_conversion.py
[10474] e9cc7fdfa3cf40f O /home/capstone/project/venv/lib/python3.12/site-packages/pandas/tests/frame/methods/test_reindex_like.py
[10474] e9cc7fdfa3cf40f O /home/capstone/project/venv/lib/python3.12/site-packages/pandas/tests/base/test_transpose.py
[10474] e9cc7fdfa3cf40f O /home/capstone/project/venv/lib/python3.12/site-packages/pandas/tests/frame/methods/test_head_tail.py
[10474] e9cc7fdfa3cf40f O /home/capstone/project/venv/lib/python3.12/site-packages/pandas/tests/base/test_unique.py
[10474] e9cc7fdfa3cf40f O /home/capstone/project/venv/lib/python3.12/site-packages/pandas/tests/base/common.py
[10474] e9cc7fdfa3cf40f O /home/capstone/project/venv/lib/python3.12/site-packages/pandas/tests/frame/methods/test_asfreq.py
[10474] e9cc7fdfa3cf40f O /home/capstone/project/venv/lib/python3.12/site-packages/pandas/tests/base/test_fillna.py
[10474] e9cc7fdfa3cf40f O /home/capstone/project/venv/lib/python3.12/site-packages/pandas/tests/base/test_constructors.py
[10474] e9cc7fdfa3cf40f O /home/capstone/project/venv/lib/python3.12/site-packages/pandas/tests/base/test_misc.py
[10474] e9cc7fdfa3cf40f O /home/capstone/project/venv/lib/python3.12/site-packages/pandas/tests/frame/methods/test_asof.py
[10474] e9cc7fdfa3cf40f O /home/capstone/project/venv/lib/python3.12/site-packages/pandas/tests/base/__pycache__
[10474] e9cc7fdfa3cf40f C /home/capstone/project/venv/lib/python3.12/site-packages/pandas/tests/base/__pycache__/iFire-readme.txt
[10474] e9cc7fdfa3cf40f O /home/capstone/project/venv/lib/python3.12/site-packages/pandas/tests/reductions
[10474] e9cc7fdfa3cf40f O /home/capstone/project/venv/lib/python3.12/site-packages/pandas/tests/frame/methods/test_replace.py
[10474] e9cc7fdfa3cf40f O /home/capstone/project/venv/lib/python3.12/site-packages/pandas/tests/frame/methods/test_info.py
[10474] e9cc7fdfa3cf40f C /home/capstone/project/venv/lib/python3.12/site-packages/pandas/tests/reductions/iFire-readme.txt
[10474] e9cc7fdfa3cf40f O /home/capstone/project/venv/lib/python3.12/site-packages/pandas/tests/frame/methods/test_equals.py
[10474] e9cc7fdfa3cf40f O /home/capstone/project/venv/lib/python3.12/site-packages/pandas/tests/reductions/test_reductions.py
[10474] e9cc7fdfa3cf40f O /home/capstone/project/venv/lib/python3.12/site-packages/pandas/tests/frame/methods/test_tz_convert.py
[10474] e9cc7fdfa3cf40f O /home/capstone/project/venv/lib/python3.12/site-packages/pandas/tests/reductions/test_stat_reductions.py
[10474] e9cc7fdfa3cf40f O /home/capstone/project/venv/lib/python3.12/site-packages/pandas/tests/reductions/__init__.py
[10474] e9cc7fdfa3cf40f O /home/capstone/project/venv/lib/python3.12/site-packages/pandas/tests/arrays/categorical/test_sorting.py
[10474] e9cc7fdfa3cf40f O /home/capstone/project/venv/lib/python3.12/site-packages/pandas/tests/arrays/categorical/test_indexing.py
[10474] e9cc7fdfa3cf40f O /home/capstone/project/venv/lib/python3.12/site-packages/pandas/tests/arrays/boolean/test_logical.py
[10474] e9cc7fdfa3cf40f O /home/capstone/project/venv/lib/python3.12/site-packages/pandas/tests/arrays/categorical/test_missing.py
[10474] e9cc7fdfa3cf40f O /home/capstone/project/venv/lib/python3.12/site-packages/pandas/tests/arrays/boolean/test_indexing.py
[10474] e9cc7fdfa3cf40f C /home/capstone/project/venv/lib/python3.12/site-packages/pandas/tests/frame/constructors/iFire-readme.txt
[10474] e9cc7fdfa3cf40f O /home/capstone/project/venv/lib/python3.12/site-packages/pandas/tests/frame/constructors/test_from_records.py
[10474] e9cc7fdfa3cf40f O /home/capstone/project/venv/lib/python3.12/site-packages/pandas/tests/frame/methods/test_value_counts.py
[10474] e9cc7fdfa3cf40f O /home/capstone/project/venv/lib/python3.12/site-packages/pandas/tests/frame/constructors/test_from_dict.py
[10474] e9cc7fdfa3cf40f O /home/capstone/project/venv/lib/python3.12/site-packages/pandas/tests/frame/methods/test_size.py
[10474] e9cc7fdfa3cf40f O /home/capstone/project/venv/lib/python3.12/site-packages/pandas/tests/frame/constructors/__pycache__
[10474] e9cc7fdfa3cf40f C /home/capstone/project/venv/lib/python3.12/site-packages/pandas/tests/frame/constructors/__pycache__/iFire-readme.txt
[10474] e9cc7fdfa3cf40f O /home/capstone/project/venv/lib/python3.12/site-packages/pandas/tests/reductions/__pycache__
[10474] e9cc7fdfa3cf40f O /home/capstone/project/venv/lib/python3.12/site-packages/pandas/tests/frame/methods/test_interpolate.py
[10474] e9cc7fdfa3cf40f O /home/capstone/project/venv/lib/python3.12/site-packages/pandas/tests/frame/methods/test_describe.py
[10474] e9cc7fdfa3cf40f C /home/capstone/project/venv/lib/python3.12/site-packages/pandas/tests/reductions/__pycache__/iFire-readme.txt
[10474] e9cc7fdfa3cf40f O /home/capstone/project/venv/lib/python3.12/site-packages/pandas/tests/frame/methods/test_to_dict.py
[10474] e9cc7fdfa3cf40f O /home/capstone/project/venv/lib/python3.12/site-packages/pandas/tests/extension
[10474] e9cc7fdfa3cf40f O /home/capstone/project/venv/lib/python3.12/site-packages/pandas/tests/frame/methods/test_update.py
[10474] e9cc7fdfa3cf40f C /home/capstone/project/venv/lib/python3.12/site-packages/pandas/tests/extension/iFire-readme.txt
[10474] e9cc7fdfa3cf40f O /home/capstone/project/venv/lib/python3.12/site-packages/pandas/tests/extension/test_masked.py
[10474] e9cc7fdfa3cf40f O /home/capstone/project/venv/lib/python3.12/site-packages/pandas/tests/frame/methods/test_quantile.py
[10474] e9cc7fdfa3cf40f O /home/capstone/project/venv/lib/python3.12/site-packages/pandas/tests/extension/test_numpy.py
[10474] e9cc7fdfa3cf40f O /home/capstone/project/venv/lib/python3.12/site-packages/pandas/tests/frame/methods/test_transpose.py
[10474] e9cc7fdfa3cf40f O /home/capstone/project/venv/lib/python3.12/site-packages/pandas/tests/extension/test_sparse.py
[10474] e9cc7fdfa3cf40f O /home/capstone/project/venv/lib/python3.12/site-packages/pandas/tests/util
[10474] e9cc7fdfa3cf40f O /home/capstone/project/venv/lib/python3.12/site-packages/pandas/tests/arrays/boolean/test_comparison.py
[10474] e9cc7fdfa3cf40f O /home/capstone/project/venv/lib/python3.12/site-packages/pandas/tests/arrays/categorical/test_constructors.py
[10474] e9cc7fdfa3cf40f C /home/capstone/project/venv/lib/python3.12/site-packages/pandas/tests/util/iFire-readme.txt
[10474] e9cc7fdfa3cf40f O /home/capstone/project/venv/lib/python3.12/site-packages/pandas/tests/util/test_validate_args.py
[10474] e9cc7fdfa3cf40f O /home/capstone/project/venv/lib/python3.12/site-packages/pandas/tests/util/__pycache__
[10474] e9cc7fdfa3cf40f C /home/capstone/project/venv/lib/python3.12/site-packages/pandas/tests/util/__pycache__/iFire-readme.txt
[10474] e9cc7fdfa3cf40f O /home/capstone/project/venv/lib/python3.12/site-packages/pandas/tests/extension/__pycache__
[10474] e9cc7fdfa3cf40f O /home/capstone/Downloads/000/000527.gif
[10474] e9cc7fdfa3cf40f O /home/capstone/project/venv/lib/python3.12/site-packages/pandas/tests/util/test_assert_series_equal.py
[10474] e9cc7fdfa3cf40f C /home/capstone/project/venv/lib/python3.12/site-packages/pandas/tests/extension/__pycache__/iFire-readme.txt
[10474] e9cc7fdfa3cf40f O /home/capstone/project/venv/lib/python3.12/site-packages/pandas/tests/extension/date
[10474] e9cc7fdfa3cf40f O /home/capstone/Downloads/000/000278.doc
[10474] e9cc7fdfa3cf40f O /home/capstone/project/venv/lib/python3.12/site-packages/pandas/tests/arrays/boolean/test_function.py
[10474] e9cc7fdfa3cf40f O /home/capstone/project/venv/lib/python3.12/site-packages/pandas/tests/util/test_assert_attr_equal.py
[10474] e9cc7fdfa3cf40f O /home/capstone/project/venv/lib/python3.12/site-packages/pandas/tests/extension/base
[10474] e9cc7fdfa3cf40f C /home/capstone/project/venv/lib/python3.12/site-packages/pandas/tests/extension/date/iFire-readme.txt
[10474] e9cc7fdfa3cf40f O /home/capstone/project/venv/lib/python3.12/site-packages/pandas/tests/extension/date/array.py
[10474] e9cc7fdfa3cf40f O /home/capstone/project/venv/lib/python3.12/site-packages/pandas/tests/util/test_numba.py
[10474] e9cc7fdfa3cf40f C /home/capstone/project/venv/lib/python3.12/site-packages/pandas/tests/extension/base/iFire-readme.txt
[10474] e9cc7fdfa3cf40f O /home/capstone/project/venv/lib/python3.12/site-packages/pandas/tests/extension/base/groupby.py
[10474] e9cc7fdfa3cf40f O /home/capstone/project/venv/lib/python3.12/site-packages/pandas/tests/util/test_shares_memory.py
[10474] e9cc7fdfa3cf40f O /home/capstone/project/venv/lib/python3.12/site-packages/pandas/tests/extension/base/base.py
[10474] e9cc7fdfa3cf40f O /home/capstone/project/venv/lib/python3.12/site-packages/pandas/tests/extension/date/__init__.py
[10474] e9cc7fdfa3cf40f O /home/capstone/Downloads/000/000264.doc
[10474] e9cc7fdfa3cf40f O /home/capstone/project/venv/lib/python3.12/site-packages/pandas/tests/extension/base/reshaping.py
[10474] e9cc7fdfa3cf40f O /home/capstone/project/venv/lib/python3.12/site-packages/pandas/tests/util/test_doc.py
[10474] e9cc7fdfa3cf40f O /home/capstone/project/venv/lib/python3.12/site-packages/pandas/tests/util/test_validate_kwargs.py
[10474] e9cc7fdfa3cf40f O /home/capstone/project/venv/lib/python3.12/site-packages/pandas/tests/extension/base/__pycache__
[10474] e9cc7fdfa3cf40f O /home/capstone/project/venv/lib/python3.12/site-packages/pandas/tests/extension/base/getitem.py
[10474] e9cc7fdfa3cf40f C /home/capstone/project/venv/lib/python3.12/site-packages/pandas/tests/extension/base/__pycache__/iFire-readme.txt
[10474] e9cc7fdfa3cf40f O /home/capstone/project/venv/lib/python3.12/site-packages/pandas/tests/extension/date/__pycache__
[10474] e9cc7fdfa3cf40f O /home/capstone/project/venv/lib/python3.12/site-packages/pandas/tests/util/test_deprecate.py
[10474] e9cc7fdfa3cf40f O /home/capstone/Downloads/000/000543.gif
[10474] e9cc7fdfa3cf40f O /home/capstone/project/venv/lib/python3.12/site-packages/pandas/tests/extension/base/io.py
[10474] e9cc7fdfa3cf40f O /home/capstone/project/venv/lib/python3.12/site-packages/pandas/tests/util/test_validate_args_and_kwargs.py
[10474] e9cc7fdfa3cf40f C /home/capstone/project/venv/lib/python3.12/site-packages/pandas/tests/extension/date/__pycache__/iFire-readme.txt
[10474] e9cc7fdfa3cf40f O /home/capstone/project/venv/lib/python3.12/site-packages/pandas/tests/extension/uuid
[10474] e9cc7fdfa3cf40f O /home/capstone/project/venv/lib/python3.12/site-packages/pandas/tests/extension/base/missing.py
[10474] e9cc7fdfa3cf40f O /home/capstone/project/venv/lib/python3.12/site-packages/pandas/tests/util/test_assert_index_equal.py
[10474] e9cc7fdfa3cf40f O /home/capstone/Downloads/000/000202.html
[10474] e9cc7fdfa3cf40f C /home/capstone/project/venv/lib/python3.12/site-packages/pandas/tests/extension/uuid/iFire-readme.txt
[10474] e9cc7fdfa3cf40f O /home/capstone/project/venv/lib/python3.12/site-packages/pandas/tests/extension/uuid/test_uuid.py
[10474] e9cc7fdfa3cf40f O /home/capstone/project/venv/lib/python3.12/site-packages/pandas/tests/extension/base/dim2.py
[10474] e9cc7fdfa3cf40f O /home/capstone/Downloads/000/000738.pdf
[10474] e9cc7fdfa3cf40f O /home/capstone/project/venv/lib/python3.12/site-packages/pandas/tests/util/test_hashing.py
[10474] e9cc7fdfa3cf40f O /home/capstone/project/venv/lib/python3.12/site-packages/pandas/tests/extension/base/index.py
[10474] e9cc7fdfa3cf40f O /home/capstone/project/venv/lib/python3.12/site-packages/pandas/tests/frame/methods/test_fillna.py
[10474] e9cc7fdfa3cf40f O /home/capstone/project/venv/lib/python3.12/site-packages/pandas/tests/extension/test_interval.py
[10474] e9cc7fdfa3cf40f O /home/capstone/project/venv/lib/python3.12/site-packages/pandas/tests/extension/base/ops.py
[10474] e9cc7fdfa3cf40f O /home/capstone/project/venv/lib/python3.12/site-packages/pandas/tests/extension/test_datetime.py
[10474] e9cc7fdfa3cf40f O /home/capstone/project/venv/lib/python3.12/site-packages/pandas/tests/util/test_deprecate_nonkeyword_arguments.py
[10474] e9cc7fdfa3cf40f O /home/capstone/project/venv/lib/python3.12/site-packages/pandas/tests/frame/methods/test_drop.py
[10474] e9cc7fdfa3cf40f O /home/capstone/project/venv/lib/python3.12/site-packages/pandas/tests/extension/conftest.py
[10474] e9cc7fdfa3cf40f O /home/capstone/project/venv/lib/python3.12/site-packages/pandas/tests/extension/uuid/__pycache__
[10474] e9cc7fdfa3cf40f O /home/capstone/project/venv/lib/python3.12/site-packages/pandas/tests/extension/base/interface.py
[10474] e9cc7fdfa3cf40f O /home/capstone/project/venv/lib/python3.12/site-packages/pandas/tests/frame/methods/test_isin.py
[10474] e9cc7fdfa3cf40f O /home/capstone/project/venv/lib/python3.12/site-packages/pandas/tests/util/test_assert_numpy_array_equal.py
[10474] e9cc7fdfa3cf40f O /home/capstone/project/venv/lib/python3.12/site-packages/pandas/tests/extension/base/casting.py
[10474] e9cc7fdfa3cf40f O /home/capstone/project/venv/lib/python3.12/site-packages/pandas/tests/extension/test_extension.py
[10474] e9cc7fdfa3cf40f O /home/capstone/project/venv/lib/python3.12/site-packages/pandas/tests/util/test_rewrite_warning.py
[10474] e9cc7fdfa3cf40f C /home/capstone/project/venv/lib/python3.12/site-packages/pandas/tests/extension/uuid/__pycache__/iFire-readme.txt
[10474] e9cc7fdfa3cf40f O /home/capstone/project/venv/lib/python3.12/site-packages/pandas/tests/extension/decimal
[10474] e9cc7fdfa3cf40f O /home/capstone/project/test_files/000731.ps
[10474] e9cc7fdfa3cf40f O /home/capstone/project/venv/lib/python3.12/site-packages/pandas/tests/extension/test_common.py
[10474] e9cc7fdfa3cf40f O /home/capstone/Downloads/000/000181.ppt
[10474] e9cc7fdfa3cf40f O /home/capstone/project/venv/lib/python3.12/site-packages/pandas/tests/util/test_assert_categorical_equal.py
[10474] e9cc7fdfa3cf40f O /home/capstone/project/venv/lib/python3.12/site-packages/pandas/tests/extension/base/dtype.py
[10474] e9cc7fdfa3cf40f C /home/capstone/project/venv/lib/python3.12/site-packages/pandas/tests/extension/decimal/iFire-readme.txt
[10474] e9cc7fdfa3cf40f O /home/capstone/project/venv/lib/python3.12/site-packages/pandas/tests/extension/decimal/array.py
[10474] e9cc7fdfa3cf40f O /home/capstone/project/venv/lib/python3.12/site-packages/pandas/tests/util/test_deprecate_kwarg.py
[10474] e9cc7fdfa3cf40f O /home/capstone/project/venv/lib/python3.12/site-packages/pandas/tests/util/test_assert_frame_equal.py
[10474] e9cc7fdfa3cf40f O /home/capstone/project/venv/lib/python3.12/site-packages/pandas/tests/frame/methods/test_assign.py
[10474] e9cc7fdfa3cf40f O /home/capstone/project/venv/lib/python3.12/site-packages/pandas/tests/extension/base/printing.py
[10474] e9cc7fdfa3cf40f O /home/capstone/project/venv/lib/python3.12/site-packages/pandas/tests/util/test_assert_extension_array_equal.py
[10474] e9cc7fdfa3cf40f O /home/capstone/project/venv/lib/python3.12/site-packages/pandas/tests/frame/methods/test_filter.py
[10474] e9cc7fdfa3cf40f O /home/capstone/project/venv/lib/python3.12/site-packages/pandas/tests/extension/base/accumulate.py
[10474] e9cc7fdfa3cf40f O /home/capstone/project/venv/lib/python3.12/site-packages/pandas/tests/extension/list/__pycache__
[10474] e9cc7fdfa3cf40f O /home/capstone/project/venv/lib/python3.12/site-packages/pandas/tests/util/test_assert_interval_array_equal.py
[10474] e9cc7fdfa3cf40f O /home/capstone/project/venv/lib/python3.12/site-packages/pandas/tests/extension/base/reduce.py
[10474] e9cc7fdfa3cf40f O /home/capstone/project/venv/lib/python3.12/site-packages/pandas/tests/frame/methods/test_align.py
[10474] e9cc7fdfa3cf40f O /home/capstone/project/venv/lib/python3.12/site-packages/pandas/tests/util/test_util.py
[10474] e9cc7fdfa3cf40f C /home/capstone/project/venv/lib/python3.12/site-packages/pandas/tests/extension/list/__pycache__/iFire-readme.txt
[10474] e9cc7fdfa3cf40f O /home/capstone/project/venv/lib/python3.12/site-packages/pandas/tests/extension/json/__pycache__
[10474] e9cc7fdfa3cf40f O /home/capstone/project/venv/lib/python3.12/site-packages/pandas/tests/frame/methods/test_pipe.py
[10474] e9cc7fdfa3cf40f O /home/capstone/project/venv/lib/python3.12/site-packages/pandas/tests/extension/base/setitem.py
[10474] e9cc7fdfa3cf40f C /home/capstone/project/venv/lib/python3.12/site-packages/pandas/tests/extension/json/__pycache__/iFire-readme.txt
[10474] e9cc7fdfa3cf40f O /home/capstone/project/venv/lib/python3.12/site-packages/pandas/tests/interchange
[10474] e9cc7fdfa3cf40f O /home/capstone/project/venv/lib/python3.12/site-packages/pandas/tests/util/test_validate_inclusive.py
[10474] e9cc7fdfa3cf40f O /home/capstone/project/venv/lib/python3.12/site-packages/pandas/tests/frame/methods/test_sort_values.py
[10474] e9cc7fdfa3cf40f C /home/capstone/project/venv/lib/python3.12/site-packages/pandas/tests/interchange/iFire-readme.txt
[10474] e9cc7fdfa3cf40f O /home/capstone/project/venv/lib/python3.12/site-packages/pandas/tests/interchange/test_utils.py
[10474] e9cc7fdfa3cf40f O /home/capstone/project/venv/lib/python3.12/site-packages/pandas/tests/util/test_show_versions.py
[10474] e9cc7fdfa3cf40f O /home/capstone/project/venv/lib/python3.12/site-packages/pandas/tests/extension/base/__init__.py
[10474] e9cc7fdfa3cf40f O /home/capstone/project/venv/lib/python3.12/site-packages/pandas/tests/frame/methods/test_combine.py
[10474] e9cc7fdfa3cf40f O /home/capstone/project/venv/lib/python3.12/site-packages/pandas/tests/interchange/__pycache__
[10474] e9cc7fdfa3cf40f O /home/capstone/Downloads/000/000873.jpg
[10474] e9cc7fdfa3cf40f O /home/capstone/project/venv/lib/python3.12/site-packages/pandas/tests/interchange/test_impl.py
[10474] e9cc7fdfa3cf40f O /home/capstone/Downloads/000/000582.pdf
[10474] e9cc7fdfa3cf40f O /home/capstone/project/venv/lib/python3.12/site-packages/pandas/tests/scalar/__pycache__
[10474] e9cc7fdfa3cf40f O /home/capstone/project/venv/lib/python3.12/site-packages/pandas/tests/frame/methods/test_pct_change.py
[10474] e9cc7fdfa3cf40f C /home/capstone/project/venv/lib/python3.12/site-packages/pandas/tests/interchange/__pycache__/iFire-readme.txt
[10474] e9cc7fdfa3cf40f O /home/capstone/project/venv/lib/python3.12/site-packages/pandas/tests/scalar/interval
[10474] e9cc7fdfa3cf40f O /home/capstone/project/venv/lib/python3.12/site-packages/pandas/tests/interchange/test_spec_conformance.py
[10474] e9cc7fdfa3cf40f C /home/capstone/project/venv/lib/python3.12/site-packages/pandas/tests/scalar/__pycache__/iFire-readme.txt
[10474] e9cc7fdfa3cf40f O /home/capstone/project/venv/lib/python3.12/site-packages/pandas/tests/scalar/timestamp
[10474] e9cc7fdfa3cf40f C /home/capstone/project/venv/lib/python3.12/site-packages/pandas/tests/scalar/timestamp/iFire-readme.txt
[10474] e9cc7fdfa3cf40f O /home/capstone/project/venv/lib/python3.12/site-packages/pandas/tests/scalar/timestamp/test_arithmetic.py
[10474] e9cc7fdfa3cf40f O /home/capstone/project/venv/lib/python3.12/site-packages/pandas/tests/scalar/interval/test_contains.py
[8200] gjs O /home/capstone/.cache/thumbnails/large/ace0346980da0739e7986a91e458d076.png
[8200] gjs O /home/capstone/.cache/thumbnails/normal/ace0346980da0739e7986a91e458d076.png
[8200] gjs O /home/capstone/.cache/thumbnails/fail/gnome-thumbnail-factory/ace0346980da0739e7986a91e458d076.png
[10474] e9cc7fdfa3cf40f O /home/capstone/project/venv/lib/python3.12/site-packages/pandas/tests/scalar/interval/test_overlaps.py
[10474] e9cc7fdfa3cf40f O /home/capstone/project/venv/lib/python3.12/site-packages/pandas/tests/scalar/timestamp/methods/__pycache__
[10474] e9cc7fdfa3cf40f O /home/capstone/project/venv/lib/python3.12/site-packages/pandas/tests/frame/methods/test_first_valid_index.py
[10474] e9cc7fdfa3cf40f O /home/capstone/project/venv/lib/python3.12/site-packages/pandas/tests/scalar/timestamp/test_timestamp.py
[10474] e9cc7fdfa3cf40f O /home/capstone/project/venv/lib/python3.12/site-packages/pandas/tests/scalar/interval/test_constructors.py
[10474] e9cc7fdfa3cf40f O /home/capstone/project/venv/lib/python3.12/site-packages/pandas/tests/frame/methods/test_diff.py
[10474] e9cc7fdfa3cf40f C /home/capstone/project/venv/lib/python3.12/site-packages/pandas/tests/scalar/timestamp/methods/__pycache__/iFire-readme.txt
[10474] e9cc7fdfa3cf40f C /home/capstone/project/venv/lib/python3.12/site-packages/pandas/tests/scalar/interval/__pycache__/iFire-readme.txt
[10474] e9cc7fdfa3cf40f O /home/capstone/project/venv/lib/python3.12/site-packages/pandas/tests/tools/__pycache__
[10474] e9cc7fdfa3cf40f O /home/capstone/project/venv/lib/python3.12/site-packages/pandas/tests/scalar/timestamp/test_timezones.py
[10474] e9cc7fdfa3cf40f O /home/capstone/project/venv/lib/python3.12/site-packages/pandas/tests/frame/methods/test_reindex.py
[10474] e9cc7fdfa3cf40f C /home/capstone/project/venv/lib/python3.12/site-packages/pandas/tests/scalar/timedelta/iFire-readme.txt
[10474] e9cc7fdfa3cf40f O /home/capstone/project/venv/lib/python3.12/site-packages/pandas/tests/scalar/timedelta/test_arithmetic.py
[10474] e9cc7fdfa3cf40f C /home/capstone/project/venv/lib/python3.12/site-packages/pandas/tests/tools/__pycache__/iFire-readme.txt
[10474] e9cc7fdfa3cf40f O /home/capstone/project/venv/lib/python3.12/site-packages/pandas/tests/frame/methods/test_cov_corr.py
[10474] e9cc7fdfa3cf40f O /home/capstone/project/venv/lib/python3.12/site-packages/pandas/tests/scalar/timedelta/test_constructors.py
[10474] e9cc7fdfa3cf40f O /home/capstone/project/venv/lib/python3.12/site-packages/pandas/tests/scalar/timedelta/methods/__pycache__
[10474] e9cc7fdfa3cf40f C /home/capstone/project/venv/lib/python3.12/site-packages/pandas/tests/scalar/timedelta/__pycache__/iFire-readme.txt
[10474] e9cc7fdfa3cf40f O /home/capstone/project/venv/lib/python3.12/site-packages/pandas/tests/frame/methods/test_is_homogeneous_dtype.py
[10474] e9cc7fdfa3cf40f C /home/capstone/project/venv/lib/python3.12/site-packages/pandas/tests/config/__pycache__/iFire-readme.txt
[10474] e9cc7fdfa3cf40f O /home/capstone/project/venv/lib/python3.12/site-packages/pandas/tests/copy_view/__pycache__
[10474] e9cc7fdfa3cf40f C /home/capstone/project/venv/lib/python3.12/site-packages/pandas/tests/copy_view/__pycache__/iFire-readme.txt
[10474] e9cc7fdfa3cf40f O /home/capstone/project/venv/lib/python3.12/site-packages/pandas/tests/copy_view/index
[10474] e9cc7fdfa3cf40f C /home/capstone/project/venv/lib/python3.12/site-packages/pandas/tests/arithmetic/iFire-readme.txt
[10474] e9cc7fdfa3cf40f O /home/capstone/project/venv/lib/python3.12/site-packages/pandas/tests/arithmetic/test_object.py
[10474] e9cc7fdfa3cf40f O /home/capstone/project/venv/lib/python3.12/site-packages/pandas/tests/frame/methods/test_between_time.py
[10474] e9cc7fdfa3cf40f O /home/capstone/project/venv/lib/python3.12/site-packages/pandas/tests/config/test_localization.py
[10474] e9cc7fdfa3cf40f O /home/capstone/project/venv/lib/python3.12/site-packages/pandas/tests/frame/methods/test_to_period.py
[10474] e9cc7fdfa3cf40f O /home/capstone/project/venv/lib/python3.12/site-packages/pandas/tests/arithmetic/common.py
[10474] e9cc7fdfa3cf40f O /home/capstone/project/venv/lib/python3.12/site-packages/pandas/tests/arithmetic/__pycache__
[10474] e9cc7fdfa3cf40f O /home/capstone/project/venv/lib/python3.12/site-packages/pandas/tests/frame/methods/test_round.py
[10474] e9cc7fdfa3cf40f O /home/capstone/project/venv/lib/python3.12/site-packages/pandas/tests/arithmetic/test_array_ops.py
[10474] e9cc7fdfa3cf40f O /home/capstone/project/venv/lib/python3.12/site-packages/pandas/tests/frame/methods/test_to_numpy.py
[10474] e9cc7fdfa3cf40f C /home/capstone/project/venv/lib/python3.12/site-packages/pandas/tests/arithmetic/__pycache__/iFire-readme.txt
[10474] e9cc7fdfa3cf40f O /home/capstone/project/venv/lib/python3.12/site-packages/pandas/tests/indexes
[10474] e9cc7fdfa3cf40f O /home/capstone/project/venv/lib/python3.12/site-packages/pandas/tests/frame/methods/test_droplevel.py
[10474] e9cc7fdfa3cf40f O /home/capstone/project/venv/lib/python3.12/site-packages/pandas/tests/arithmetic/test_period.py
[10474] e9cc7fdfa3cf40f C /home/capstone/project/venv/lib/python3.12/site-packages/pandas/tests/copy_view/index/iFire-readme.txt
[10474] e9cc7fdfa3cf40f O /home/capstone/project/venv/lib/python3.12/site-packages/pandas/tests/copy_view/index/test_intervalindex.py
[10474] e9cc7fdfa3cf40f O /home/capstone/project/venv/lib/python3.12/site-packages/pandas/tests/frame/methods/test_to_csv.py
[10474] e9cc7fdfa3cf40f C /home/capstone/project/venv/lib/python3.12/site-packages/pandas/tests/indexes/iFire-readme.txt
[10474] e9cc7fdfa3cf40f O /home/capstone/project/venv/lib/python3.12/site-packages/pandas/tests/indexes/test_engines.py
[10474] e9cc7fdfa3cf40f O /home/capstone/project/venv/lib/python3.12/site-packages/pandas/tests/copy_view/index/test_periodindex.py
[10474] e9cc7fdfa3cf40f O /home/capstone/project/venv/lib/python3.12/site-packages/pandas/tests/indexes/test_any_index.py
[10474] e9cc7fdfa3cf40f O /home/capstone/project/venv/lib/python3.12/site-packages/pandas/tests/frame/methods/test_rename_axis.py
[10474] e9cc7fdfa3cf40f O /home/capstone/project/venv/lib/python3.12/site-packages/pandas/tests/copy_view/index/test_index.py
[10474] e9cc7fdfa3cf40f O /home/capstone/project/venv/lib/python3.12/site-packages/pandas/tests/arithmetic/test_datetime64.py
[10474] e9cc7fdfa3cf40f O /home/capstone/project/venv/lib/python3.12/site-packages/pandas/tests/frame/methods/test_matmul.py
[10474] e9cc7fdfa3cf40f O /home/capstone/project/venv/lib/python3.12/site-packages/pandas/tests/indexes/string/test_indexing.py
[10474] e9cc7fdfa3cf40f O /home/capstone/project/venv/lib/python3.12/site-packages/pandas/tests/indexes/multi/__pycache__
[10474] e9cc7fdfa3cf40f O /home/capstone/project/venv/lib/python3.12/site-packages/pandas/tests/frame/methods/test_count.py
[10474] e9cc7fdfa3cf40f O /home/capstone/project/venv/lib/python3.12/site-packages/pandas/tests/indexes/test_subclass.py
[10474] e9cc7fdfa3cf40f O /home/capstone/project/venv/lib/python3.12/site-packages/pandas/tests/frame/methods/test_get_numeric_data.py
[10474] e9cc7fdfa3cf40f C /home/capstone/project/venv/lib/python3.12/site-packages/pandas/tests/indexes/categorical/iFire-readme.txt
[10474] e9cc7fdfa3cf40f O /home/capstone/project/venv/lib/python3.12/site-packages/pandas/tests/indexes/test_numpy_compat.py
[10474] e9cc7fdfa3cf40f O /home/capstone/project/venv/lib/python3.12/site-packages/pandas/tests/frame/methods/test_convert_dtypes.py
[10474] e9cc7fdfa3cf40f C /home/capstone/project/venv/lib/python3.12/site-packages/pandas/tests/indexes/base_class/iFire-readme.txt
[10474] e9cc7fdfa3cf40f O /home/capstone/project/venv/lib/python3.12/site-packages/pandas/tests/indexes/base_class/test_setops.py
[10474] e9cc7fdfa3cf40f O /home/capstone/project/venv/lib/python3.12/site-packages/pandas/tests/indexes/categorical/test_astype.py
[10474] e9cc7fdfa3cf40f O /home/capstone/project/venv/lib/python3.12/site-packages/pandas/tests/indexes/test_indexing.py
[10474] e9cc7fdfa3cf40f O /home/capstone/project/venv/lib/python3.12/site-packages/pandas/tests/frame/methods/test_explode.py
[10474] e9cc7fdfa3cf40f O /home/capstone/project/venv/lib/python3.12/site-packages/pandas/tests/indexes/categorical/test_map.py
[10474] e9cc7fdfa3cf40f O /home/capstone/project/venv/lib/python3.12/site-packages/pandas/tests/indexes/base_class/test_pickle.py
[10474] e9cc7fdfa3cf40f O /home/capstone/project/venv/lib/python3.12/site-packages/pandas/tests/indexes/test_common.py
[10474] e9cc7fdfa3cf40f O /home/capstone/project/venv/lib/python3.12/site-packages/pandas/tests/indexes/categorical/test_indexing.py
[10474] e9cc7fdfa3cf40f O /home/capstone/project/venv/lib/python3.12/site-packages/pandas/tests/indexes/base_class/test_constructors.py
[10474] e9cc7fdfa3cf40f O /home/capstone/project/venv/lib/python3.12/site-packages/pandas/tests/frame/methods/test_values.py
[10474] e9cc7fdfa3cf40f O /home/capstone/project/venv/lib/python3.12/site-packages/pandas/tests/indexes/ranges/__pycache__
[10474] e9cc7fdfa3cf40f O /home/capstone/project/venv/lib/python3.12/site-packages/pandas/tests/indexes/categorical/test_constructors.py
[10474] e9cc7fdfa3cf40f O /home/capstone/project/venv/lib/python3.12/site-packages/pandas/tests/indexes/base_class/test_reshape.py
[10474] e9cc7fdfa3cf40f O /home/capstone/project/venv/lib/python3.12/site-packages/pandas/tests/frame/methods/test_copy.py
[10474] e9cc7fdfa3cf40f O /home/capstone/project/venv/lib/python3.12/site-packages/pandas/tests/indexes/datetimes
[10474] e9cc7fdfa3cf40f O /home/capstone/project/venv/lib/python3.12/site-packages/pandas/tests/frame/methods/__init__.py
[10474] e9cc7fdfa3cf40f C /home/capstone/project/venv/lib/python3.12/site-packages/pandas/tests/indexes/ranges/__pycache__/iFire-readme.txt
[10474] e9cc7fdfa3cf40f O /home/capstone/project/venv/lib/python3.12/site-packages/pandas/tests/indexes/period
[10474] e9cc7fdfa3cf40f O /home/capstone/project/venv/lib/python3.12/site-packages/pandas/tests/indexes/timedeltas
[10474] e9cc7fdfa3cf40f C /home/capstone/project/venv/lib/python3.12/site-packages/pandas/tests/indexes/datetimes/iFire-readme.txt
[10474] e9cc7fdfa3cf40f O /home/capstone/project/venv/lib/python3.12/site-packages/pandas/tests/indexes/datetimes/test_join.py
[10474] e9cc7fdfa3cf40f O /home/capstone/project/venv/lib/python3.12/site-packages/pandas/tests/frame/methods/test_to_dict_of_blocks.py
[10474] e9cc7fdfa3cf40f C /home/capstone/project/venv/lib/python3.12/site-packages/pandas/tests/indexes/timedeltas/iFire-readme.txt
[10474] e9cc7fdfa3cf40f O /home/capstone/project/venv/lib/python3.12/site-packages/pandas/tests/indexes/timedeltas/test_join.py
[10474] e9cc7fdfa3cf40f O /home/capstone/project/venv/lib/python3.12/site-packages/pandas/tests/indexes/datetimes/__pycache__
[10474] e9cc7fdfa3cf40f O /home/capstone/project/venv/lib/python3.12/site-packages/pandas/tests/indexes/timedeltas/test_arithmetic.py
[10474] e9cc7fdfa3cf40f C /home/capstone/project/venv/lib/python3.12/site-packages/pandas/tests/indexes/datetimes/__pycache__/iFire-readme.txt
[10474] e9cc7fdfa3cf40f O /home/capstone/project/venv/lib/python3.12/site-packages/pandas/tests/indexes/timedeltas/methods/__pycache__
[10474] e9cc7fdfa3cf40f C /home/capstone/project/venv/lib/python3.12/site-packages/pandas/tests/indexes/period/iFire-readme.txt
[10474] e9cc7fdfa3cf40f O /home/capstone/project/venv/lib/python3.12/site-packages/pandas/tests/indexes/period/test_join.py
[10474] e9cc7fdfa3cf40f O /home/capstone/project/venv/lib/python3.12/site-packages/pandas/tests/indexes/timedeltas/test_timedelta_range.py
[10474] e9cc7fdfa3cf40f O /home/capstone/project/venv/lib/python3.12/site-packages/pandas/tests/indexes/datetimes/test_freq_attr.py
[10474] e9cc7fdfa3cf40f O /home/capstone/project/venv/lib/python3.12/site-packages/pandas/tests/indexes/period/test_setops.py
[10474] e9cc7fdfa3cf40f O /home/capstone/project/venv/lib/python3.12/site-packages/pandas/tests/indexes/datetimes/test_scalar_compat.py
[10474] e9cc7fdfa3cf40f O /home/capstone/project/venv/lib/python3.12/site-packages/pandas/tests/indexes/datetimes/test_reindex.py
[10474] e9cc7fdfa3cf40f O /home/capstone/project/venv/lib/python3.12/site-packages/pandas/tests/indexes/period/test_searchsorted.py
[10474] e9cc7fdfa3cf40f O /home/capstone/project/test_files/000575.csv
[10474] e9cc7fdfa3cf40f O /home/capstone/project/venv/lib/python3.12/site-packages/pandas/tests/indexes/datetimes/test_formats.py
[10474] e9cc7fdfa3cf40f C /home/capstone/project/venv/lib/python3.12/site-packages/pandas/tests/indexes/period/__pycache__/iFire-readme.txt
[10474] e9cc7fdfa3cf40f O /home/capstone/project/venv/lib/python3.12/site-packages/pandas/tests/indexes/period/methods/__pycache__
[10474] e9cc7fdfa3cf40f O /home/capstone/project/venv/lib/python3.12/site-packages/pandas/tests/indexes/period/test_freq_attr.py
[10474] e9cc7fdfa3cf40f O /home/capstone/project/venv/lib/python3.12/site-packages/pandas/tests/indexes/timedeltas/test_delete.py
[10474] e9cc7fdfa3cf40f O /home/capstone/project/venv/lib/python3.12/site-packages/pandas/tests/indexes/period/test_scalar_compat.py
[10474] e9cc7fdfa3cf40f O /home/capstone/project/venv/lib/python3.12/site-packages/pandas/tests/indexes/timedeltas/test_formats.py
[10474] e9cc7fdfa3cf40f C /home/capstone/project/venv/lib/python3.12/site-packages/pandas/tests/indexes/datetimes/methods/iFire-readme.txt
[10474] e9cc7fdfa3cf40f O /home/capstone/project/venv/lib/python3.12/site-packages/pandas/tests/indexes/datetimes/methods/test_asof.py
[10474] e9cc7fdfa3cf40f O /home/capstone/project/test_files/000240.jpg
[10474] e9cc7fdfa3cf40f O /home/capstone/project/venv/lib/python3.12/site-packages/pandas/tests/indexes/datetimes/test_datetime.py
[10474] e9cc7fdfa3cf40f O /home/capstone/project/venv/lib/python3.12/site-packages/pandas/tests/indexes/timedeltas/test_ops.py
[10474] e9cc7fdfa3cf40f O /home/capstone/project/venv/lib/python3.12/site-packages/pandas/tests/indexes/period/test_formats.py
[10474] e9cc7fdfa3cf40f O /home/capstone/project/venv/lib/python3.12/site-packages/pandas/tests/indexes/datetimes/methods/test_snap.py
[10474] e9cc7fdfa3cf40f O /home/capstone/project/venv/lib/python3.12/site-packages/pandas/tests/indexes/timedeltas/test_indexing.py
[10474] e9cc7fdfa3cf40f O /home/capstone/project/venv/lib/python3.12/site-packages/pandas/tests/indexes/timedeltas/test_constructors.py
[10474] e9cc7fdfa3cf40f O /home/capstone/project/venv/lib/python3.12/site-packages/pandas/tests/indexes/datetimes/methods/test_unique.py
[10474] e9cc7fdfa3cf40f O /home/capstone/project/venv/lib/python3.12/site-packages/pandas/tests/indexes/datetimes/test_timezones.py
[10474] e9cc7fdfa3cf40f O /home/capstone/project/venv/lib/python3.12/site-packages/pandas/tests/indexes/datetimes/methods/test_to_frame.py
[10474] e9cc7fdfa3cf40f O /home/capstone/project/venv/lib/python3.12/site-packages/pandas/tests/indexes/timedeltas/test_timedelta.py
[10474] e9cc7fdfa3cf40f O /home/capstone/project/venv/lib/python3.12/site-packages/pandas/tests/indexes/datetimelike_/__pycache__
[10474] e9cc7fdfa3cf40f O /home/capstone/project/venv/lib/python3.12/site-packages/pandas/tests/indexes/datetimes/test_pickle.py
[10474] e9cc7fdfa3cf40f O /home/capstone/project/venv/lib/python3.12/site-packages/pandas/tests/indexes/datetimes/methods/test_fillna.py
[10474] e9cc7fdfa3cf40f O /home/capstone/project/test_files/000245.jpg
[10474] e9cc7fdfa3cf40f O /home/capstone/project/venv/lib/python3.12/site-packages/pandas/tests/indexes/datetimes/methods/test_delete.py
[10474] e9cc7fdfa3cf40f O /home/capstone/project/venv/lib/python3.12/site-packages/pandas/tests/indexes/datetimes/test_constructors.py
[10474] e9cc7fdfa3cf40f C /home/capstone/project/venv/lib/python3.12/site-packages/pandas/tests/indexes/datetimelike_/__pycache__/iFire-readme.txt
[10474] e9cc7fdfa3cf40f O /home/capstone/project/venv/lib/python3.12/site-packages/pandas/tests/window/__pycache__
[10474] e9cc7fdfa3cf40f O /home/capstone/project/venv/lib/python3.12/site-packages/pandas/tests/indexes/datetimes/methods/test_repeat.py
[10474] e9cc7fdfa3cf40f O /home/capstone/project/venv/lib/python3.12/site-packages/pandas/tests/indexes/datetimes/test_date_range.py
[10474] e9cc7fdfa3cf40f O /home/capstone/project/venv/lib/python3.12/site-packages/pandas/tests/indexes/period/methods/test_shift.py
[10474] e9cc7fdfa3cf40f O /home/capstone/project/venv/lib/python3.12/site-packages/pandas/tests/indexes/datetimes/test_iter.py
[10474] e9cc7fdfa3cf40f O /home/capstone/project/venv/lib/python3.12/site-packages/pandas/tests/indexes/datetimes/methods/test_astype.py
[10474] e9cc7fdfa3cf40f O /home/capstone/project/venv/lib/python3.12/site-packages/pandas/tests/window/moments
[10474] e9cc7fdfa3cf40f C /home/capstone/project/venv/lib/python3.12/site-packages/pandas/tests/window/__pycache__/iFire-readme.txt
[10474] e9cc7fdfa3cf40f O /home/capstone/project/venv/lib/python3.12/site-packages/pandas/tests/internals
[10474] e9cc7fdfa3cf40f C /home/capstone/project/venv/lib/python3.12/site-packages/pandas/tests/generic/iFire-readme.txt
[10474] e9cc7fdfa3cf40f O /home/capstone/project/venv/lib/python3.12/site-packages/pandas/tests/generic/test_finalize.py
[10474] e9cc7fdfa3cf40f C /home/capstone/project/venv/lib/python3.12/site-packages/pandas/tests/window/moments/iFire-readme.txt
[10474] e9cc7fdfa3cf40f O /home/capstone/project/venv/lib/python3.12/site-packages/pandas/tests/window/moments/test_moments_consistency_expanding.py
[10474] e9cc7fdfa3cf40f O /home/capstone/project/venv/lib/python3.12/site-packages/pandas/tests/window/moments/test_moments_consistency_ewm.py
[10474] e9cc7fdfa3cf40f O /home/capstone/project/venv/lib/python3.12/site-packages/pandas/tests/generic/test_duplicate_labels.py
[10474] e9cc7fdfa3cf40f O /home/capstone/project/venv/lib/python3.12/site-packages/pandas/tests/generic/test_series.py
[10474] e9cc7fdfa3cf40f O /home/capstone/project/venv/lib/python3.12/site-packages/pandas/tests/window/moments/test_moments_consistency_rolling.py
[10474] e9cc7fdfa3cf40f O /home/capstone/project/venv/lib/python3.12/site-packages/pandas/tests/generic/test_generic.py
[10474] e9cc7fdfa3cf40f O /home/capstone/project/venv/lib/python3.12/site-packages/pandas/tests/window/moments/conftest.py
[10474] e9cc7fdfa3cf40f O /home/capstone/project/venv/lib/python3.12/site-packages/pandas/tests/window/moments/__pycache__
[10474] e9cc7fdfa3cf40f C /home/capstone/project/venv/lib/python3.12/site-packages/pandas/tests/window/moments/__pycache__/iFire-readme.txt
[10474] e9cc7fdfa3cf40f O /home/capstone/project/venv/lib/python3.12/site-packages/pandas/tests/api
[10474] e9cc7fdfa3cf40f O /home/capstone/project/venv/lib/python3.12/site-packages/pandas/tests/generic/test_to_xarray.py
[10474] e9cc7fdfa3cf40f O /home/capstone/project/venv/lib/python3.12/site-packages/pandas/tests/generic/test_frame.py
[10474] e9cc7fdfa3cf40f C /home/capstone/project/venv/lib/python3.12/site-packages/pandas/tests/api/iFire-readme.txt
[10474] e9cc7fdfa3cf40f O /home/capstone/project/venv/lib/python3.12/site-packages/pandas/tests/api/test_api.py
[10474] e9cc7fdfa3cf40f O /home/capstone/project/venv/lib/python3.12/site-packages/pandas/tests/generic/test_label_or_level_utils.py
[10474] e9cc7fdfa3cf40f O /home/capstone/project/venv/lib/python3.12/site-packages/pandas/tests/io/__pycache__
[10474] e9cc7fdfa3cf40f O /home/capstone/project/venv/lib/python3.12/site-packages/pandas/tests/api/test_types.py
[10474] e9cc7fdfa3cf40f O /home/capstone/project/venv/lib/python3.12/site-packages/pandas/tests/io/parser
[10474] e9cc7fdfa3cf40f C /home/capstone/project/venv/lib/python3.12/site-packages/pandas/tests/io/__pycache__/iFire-readme.txt
[10474] e9cc7fdfa3cf40f O /home/capstone/project/venv/lib/python3.12/site-packages/pandas/tests/io/pytables
[10474] e9cc7fdfa3cf40f C /home/capstone/project/venv/lib/python3.12/site-packages/pandas/tests/io/parser/iFire-readme.txt
[10474] e9cc7fdfa3cf40f O /home/capstone/project/venv/lib/python3.12/site-packages/pandas/tests/io/parser/test_compression.py
[10474] e9cc7fdfa3cf40f O /home/capstone/project/venv/lib/python3.12/site-packages/pandas/tests/extension/test_arrow.py
[10474] e9cc7fdfa3cf40f O /home/capstone/project/venv/lib/python3.12/site-packages/pandas/tests/frame/methods/test_iterrows.py
[10474] e9cc7fdfa3cf40f O /home/capstone/project/venv/lib/python3.12/site-packages/pandas/tests/frame/methods/test_combine_first.py
[10474] e9cc7fdfa3cf40f O /home/capstone/project/venv/lib/python3.12/site-packages/pandas/tests/extension/test_period.py
[10474] e9cc7fdfa3cf40f O /home/capstone/project/venv/lib/python3.12/site-packages/pandas/tests/extension/test_categorical.py
[10474] e9cc7fdfa3cf40f O /home/capstone/project/venv/lib/python3.12/site-packages/pandas/tests/frame/methods/test_compare.py
[10474] e9cc7fdfa3cf40f O /home/capstone/project/venv/lib/python3.12/site-packages/pandas/tests/extension/test_string.py
[10474] e9cc7fdfa3cf40f O /home/capstone/project/venv/lib/python3.12/site-packages/pandas/tests/frame/methods/test_dot.py
[10474] e9cc7fdfa3cf40f O /home/capstone/project/venv/lib/python3.12/site-packages/pandas/tests/extension/decimal/test_decimal.py
[10474] e9cc7fdfa3cf40f O /home/capstone/project/venv/lib/python3.12/site-packages/pandas/tests/extension/decimal/__init__.py
[10474] e9cc7fdfa3cf40f O /home/capstone/project/venv/lib/python3.12/site-packages/pandas/tests/extension/decimal/__pycache__
[10474] e9cc7fdfa3cf40f C /home/capstone/project/venv/lib/python3.12/site-packages/pandas/tests/extension/decimal/__pycache__/iFire-readme.txt
[10474] e9cc7fdfa3cf40f O /home/capstone/project/venv/lib/python3.12/site-packages/pandas/tests/extension/list
[10474] e9cc7fdfa3cf40f C /home/capstone/project/venv/lib/python3.12/site-packages/pandas/tests/extension/list/iFire-readme.txt
[10474] e9cc7fdfa3cf40f O /home/capstone/project/venv/lib/python3.12/site-packages/pandas/tests/extension/list/array.py
[10474] e9cc7fdfa3cf40f O /home/capstone/project/venv/lib/python3.12/site-packages/pandas/tests/extension/list/test_list.py
[10474] e9cc7fdfa3cf40f O /home/capstone/project/venv/lib/python3.12/site-packages/pandas/tests/extension/list/__init__.py
[10474] e9cc7fdfa3cf40f O /home/capstone/project/venv/lib/python3.12/site-packages/pandas/tests/extension/json
[10474] e9cc7fdfa3cf40f C /home/capstone/project/venv/lib/python3.12/site-packages/pandas/tests/extension/json/iFire-readme.txt
[10474] e9cc7fdfa3cf40f O /home/capstone/project/venv/lib/python3.12/site-packages/pandas/tests/extension/json/array.py
[10474] e9cc7fdfa3cf40f O /home/capstone/project/venv/lib/python3.12/site-packages/pandas/tests/extension/json/test_json.py
[10474] e9cc7fdfa3cf40f O /home/capstone/project/venv/lib/python3.12/site-packages/pandas/tests/extension/json/__init__.py
[10474] e9cc7fdfa3cf40f O /home/capstone/project/venv/lib/python3.12/site-packages/pandas/tests/extension/array_with_attr
[10474] e9cc7fdfa3cf40f C /home/capstone/project/venv/lib/python3.12/site-packages/pandas/tests/extension/array_with_attr/iFire-readme.txt
[10474] e9cc7fdfa3cf40f O /home/capstone/project/venv/lib/python3.12/site-packages/pandas/tests/extension/array_with_attr/array.py
[10474] e9cc7fdfa3cf40f O /home/capstone/project/venv/lib/python3.12/site-packages/pandas/tests/extension/array_with_attr/test_array_with_attr.py
[10474] e9cc7fdfa3cf40f O /home/capstone/project/venv/lib/python3.12/site-packages/pandas/tests/extension/array_with_attr/__init__.py
[10474] e9cc7fdfa3cf40f O /home/capstone/project/venv/lib/python3.12/site-packages/pandas/tests/extension/array_with_attr/__pycache__
[10474] e9cc7fdfa3cf40f C /home/capstone/project/venv/lib/python3.12/site-packages/pandas/tests/extension/array_with_attr/__pycache__/iFire-readme.txt
[10474] e9cc7fdfa3cf40f O /home/capstone/project/venv/lib/python3.12/site-packages/pandas/tests/scalar
[10474] e9cc7fdfa3cf40f C /home/capstone/project/venv/lib/python3.12/site-packages/pandas/tests/scalar/iFire-readme.txt
[10474] e9cc7fdfa3cf40f O /home/capstone/project/venv/lib/python3.12/site-packages/pandas/tests/scalar/test_nat.py
[10474] e9cc7fdfa3cf40f C /home/capstone/project/venv/lib/python3.12/site-packages/pandas/tests/io/pytables/__pycache__/iFire-readme.txt
[10474] e9cc7fdfa3cf40f O /home/capstone/project/venv/lib/python3.12/site-packages/pandas/tests/io/parser/dtypes
[10474] e9cc7fdfa3cf40f O /home/capstone/project/venv/lib/python3.12/site-packages/pandas/tests/io/pytables/test_file_handling.py
[10474] e9cc7fdfa3cf40f O /home/capstone/project/venv/lib/python3.12/site-packages/pandas/tests/io/pytables/test_subclass.py
[10474] e9cc7fdfa3cf40f C /home/capstone/project/venv/lib/python3.12/site-packages/pandas/tests/io/parser/dtypes/iFire-readme.txt
[10474] e9cc7fdfa3cf40f O /home/capstone/project/venv/lib/python3.12/site-packages/pandas/tests/io/parser/dtypes/test_dtypes_basic.py
[10474] e9cc7fdfa3cf40f O /home/capstone/project/venv/lib/python3.12/site-packages/pandas/tests/io/pytables/test_pytables_missing.py
[10474] e9cc7fdfa3cf40f O /home/capstone/project/venv/lib/python3.12/site-packages/pandas/tests/io/test_s3.py
[10474] e9cc7fdfa3cf40f O /home/capstone/project/venv/lib/python3.12/site-packages/pandas/tests/io/pytables/test_select.py
[10474] e9cc7fdfa3cf40f O /home/capstone/project/venv/lib/python3.12/site-packages/pandas/tests/io/parser/dtypes/test_categorical.py
[10474] e9cc7fdfa3cf40f O /home/capstone/project/venv/lib/python3.12/site-packages/pandas/tests/io/pytables/test_retain_attributes.py
[10474] e9cc7fdfa3cf40f O /home/capstone/project/venv/lib/python3.12/site-packages/pandas/tests/io/test_pickle.py
[10474] e9cc7fdfa3cf40f C /home/capstone/project/venv/lib/python3.12/site-packages/pandas/tests/io/parser/__pycache__/iFire-readme.txt
[10474] e9cc7fdfa3cf40f O /home/capstone/project/venv/lib/python3.12/site-packages/pandas/tests/io/parser/usecols
[10474] e9cc7fdfa3cf40f C /home/capstone/project/venv/lib/python3.12/site-packages/pandas/tests/io/parser/usecols/iFire-readme.txt
[10474] e9cc7fdfa3cf40f O /home/capstone/project/venv/lib/python3.12/site-packages/pandas/tests/io/parser/usecols/test_strings.py
[10474] e9cc7fdfa3cf40f O /home/capstone/project/venv/lib/python3.12/site-packages/pandas/tests/io/parser/usecols/test_usecols_basic.py
[10474] e9cc7fdfa3cf40f O /home/capstone/project/venv/lib/python3.12/site-packages/pandas/tests/io/parser/test_header.py
[10474] e9cc7fdfa3cf40f O /home/capstone/project/venv/lib/python3.12/site-packages/pandas/tests/io/parser/usecols/test_parse_dates.py
[10474] e9cc7fdfa3cf40f O /home/capstone/project/venv/lib/python3.12/site-packages/pandas/tests/io/parser/dtypes/__pycache__
[10474] e9cc7fdfa3cf40f O /home/capstone/project/venv/lib/python3.12/site-packages/pandas/tests/io/parser/test_index_col.py
[10474] e9cc7fdfa3cf40f C /home/capstone/project/venv/lib/python3.12/site-packages/pandas/tests/io/parser/dtypes/__pycache__/iFire-readme.txt
[10474] e9cc7fdfa3cf40f O /home/capstone/project/venv/lib/python3.12/site-packages/pandas/tests/io/parser/usecols/__pycache__
[10474] e9cc7fdfa3cf40f O /home/capstone/project/venv/lib/python3.12/site-packages/pandas/tests/io/parser/test_read_fwf.py
[10474] e9cc7fdfa3cf40f C /home/capstone/project/venv/lib/python3.12/site-packages/pandas/tests/io/parser/usecols/__pycache__/iFire-readme.txt
[10474] e9cc7fdfa3cf40f O /home/capstone/project/venv/lib/python3.12/site-packages/pandas/tests/io/parser/test_na_values.py
[10474] e9cc7fdfa3cf40f O /home/capstone/project/venv/lib/python3.12/site-packages/pandas/tests/io/parser/common
[10474] e9cc7fdfa3cf40f C /home/capstone/project/venv/lib/python3.12/site-packages/pandas/tests/io/parser/common/iFire-readme.txt
[10474] e9cc7fdfa3cf40f O /home/capstone/project/venv/lib/python3.12/site-packages/pandas/tests/io/parser/common/test_decimal.py
[10474] e9cc7fdfa3cf40f O /home/capstone/project/venv/lib/python3.12/site-packages/pandas/tests/io/parser/test_c_parser_only.py
[10474] e9cc7fdfa3cf40f O /home/capstone/project/venv/lib/python3.12/site-packages/pandas/tests/io/parser/common/test_read_errors.py
[10474] e9cc7fdfa3cf40f O /home/capstone/project/venv/lib/python3.12/site-packages/pandas/tests/io/parser/test_upcast.py
[10474] e9cc7fdfa3cf40f O /home/capstone/project/venv/lib/python3.12/site-packages/pandas/tests/io/parser/test_network.py
[10474] e9cc7fdfa3cf40f O /home/capstone/project/venv/lib/python3.12/site-packages/pandas/tests/io/parser/common/test_inf.py
[10474] e9cc7fdfa3cf40f O /home/capstone/project/venv/lib/python3.12/site-packages/pandas/tests/io/parser/test_unsupported.py
[10474] e9cc7fdfa3cf40f O /home/capstone/project/venv/lib/python3.12/site-packages/pandas/tests/io/parser/test_comment.py
[10474] e9cc7fdfa3cf40f O /home/capstone/project/venv/lib/python3.12/site-packages/pandas/tests/io/parser/common/test_chunksize.py
[10474] e9cc7fdfa3cf40f O /home/capstone/project/venv/lib/python3.12/site-packages/pandas/tests/io/parser/test_mangle_dupes.py
[10474] e9cc7fdfa3cf40f O /home/capstone/project/venv/lib/python3.12/site-packages/pandas/tests/io/parser/common/test_file_buffer_url.py
[10474] e9cc7fdfa3cf40f O /home/capstone/project/venv/lib/python3.12/site-packages/pandas/tests/io/parser/common/test_data_list.py
[10474] e9cc7fdfa3cf40f O /home/capstone/project/venv/lib/python3.12/site-packages/pandas/tests/io/parser/test_concatenate_chunks.py
[10474] e9cc7fdfa3cf40f O /home/capstone/project/venv/lib/python3.12/site-packages/pandas/tests/io/parser/common/test_ints.py
[10474] e9cc7fdfa3cf40f O /home/capstone/project/venv/lib/python3.12/site-packages/pandas/tests/io/parser/test_encoding.py
[10474] e9cc7fdfa3cf40f O /home/capstone/project/venv/lib/python3.12/site-packages/pandas/tests/io/parser/common/test_iterator.py
[10474] e9cc7fdfa3cf40f O /home/capstone/project/venv/lib/python3.12/site-packages/pandas/tests/io/parser/test_dialect.py
[10474] e9cc7fdfa3cf40f O /home/capstone/project/venv/lib/python3.12/site-packages/pandas/tests/io/parser/common/test_common_basic.py
[10474] e9cc7fdfa3cf40f O /home/capstone/project/venv/lib/python3.12/site-packages/pandas/tests/io/conftest.py
[10474] e9cc7fdfa3cf40f O /home/capstone/project/venv/lib/python3.12/site-packages/pandas/tests/io/pytables/test_store.py
[10474] e9cc7fdfa3cf40f O /home/capstone/project/venv/lib/python3.12/site-packages/pandas/tests/io/test_orc.py
[10474] e9cc7fdfa3cf40f O /home/capstone/project/venv/lib/python3.12/site-packages/pandas/tests/io/parser/dtypes/test_empty.py
[10474] e9cc7fdfa3cf40f O /home/capstone/project/venv/lib/python3.12/site-packages/pandas/tests/io/test_parquet.py
[10474] e9cc7fdfa3cf40f O /home/capstone/project/venv/lib/python3.12/site-packages/pandas/tests/io/pytables/test_append.py
[10474] e9cc7fdfa3cf40f O /home/capstone/project/venv/lib/python3.12/site-packages/pandas/tests/io/test_common.py
[10474] e9cc7fdfa3cf40f O /home/capstone/project/venv/lib/python3.12/site-packages/pandas/tests/io/json
[10474] e9cc7fdfa3cf40f O /home/capstone/project/venv/lib/python3.12/site-packages/pandas/tests/io/pytables/test_categorical.py
[10474] e9cc7fdfa3cf40f O /home/capstone/project/venv/lib/python3.12/site-packages/pandas/tests/io/test_feather.py
[10474] e9cc7fdfa3cf40f O /home/capstone/project/venv/lib/python3.12/site-packages/pandas/tests/io/pytables/test_time_series.py
[10474] e9cc7fdfa3cf40f C /home/capstone/project/venv/lib/python3.12/site-packages/pandas/tests/io/json/iFire-readme.txt
[10474] e9cc7fdfa3cf40f O /home/capstone/project/venv/lib/python3.12/site-packages/pandas/tests/io/json/test_compression.py
[10474] e9cc7fdfa3cf40f O /home/capstone/project/venv/lib/python3.12/site-packages/pandas/tests/io/formats/__pycache__
[10474] e9cc7fdfa3cf40f O /home/capstone/project/venv/lib/python3.12/site-packages/pandas/tests/io/pytables/test_round_trip.py
[10474] e9cc7fdfa3cf40f O /home/capstone/project/venv/lib/python3.12/site-packages/pandas/tests/io/json/test_pandas.py
[10474] e9cc7fdfa3cf40f O /home/capstone/project/venv/lib/python3.12/site-packages/pandas/tests/io/json/test_ujson.py
[10474] e9cc7fdfa3cf40f C /home/capstone/project/venv/lib/python3.12/site-packages/pandas/tests/io/formats/__pycache__/iFire-readme.txt
[10474] e9cc7fdfa3cf40f O /home/capstone/project/venv/lib/python3.12/site-packages/pandas/tests/io/formats/style
[10474] e9cc7fdfa3cf40f O /home/capstone/project/venv/lib/python3.12/site-packages/pandas/tests/io/pytables/test_compat.py
[10474] e9cc7fdfa3cf40f O /home/capstone/project/venv/lib/python3.12/site-packages/pandas/tests/io/json/test_readlines.py
[10474] e9cc7fdfa3cf40f O /home/capstone/project/venv/lib/python3.12/site-packages/pandas/tests/io/pytables/test_timezones.py
[10474] e9cc7fdfa3cf40f O /home/capstone/project/venv/lib/python3.12/site-packages/pandas/tests/io/json/test_json_table_schema.py
[10474] e9cc7fdfa3cf40f C /home/capstone/project/venv/lib/python3.12/site-packages/pandas/tests/io/formats/style/iFire-readme.txt
[10474] e9cc7fdfa3cf40f O /home/capstone/project/venv/lib/python3.12/site-packages/pandas/tests/io/formats/style/test_to_typst.py
[10474] e9cc7fdfa3cf40f O /home/capstone/project/venv/lib/python3.12/site-packages/pandas/tests/io/pytables/test_keys.py
[10474] e9cc7fdfa3cf40f O /home/capstone/project/venv/lib/python3.12/site-packages/pandas/tests/io/formats/style/test_highlight.py
[10474] e9cc7fdfa3cf40f O /home/capstone/project/venv/lib/python3.12/site-packages/pandas/tests/io/pytables/conftest.py
[10474] e9cc7fdfa3cf40f O /home/capstone/project/venv/lib/python3.12/site-packages/pandas/tests/io/formats/style/test_html.py
[10474] e9cc7fdfa3cf40f O /home/capstone/project/venv/lib/python3.12/site-packages/pandas/tests/io/pytables/test_errors.py
[10474] e9cc7fdfa3cf40f O /home/capstone/project/venv/lib/python3.12/site-packages/pandas/tests/io/formats/style/test_exceptions.py
[10474] e9cc7fdfa3cf40f O /home/capstone/Downloads/000/000381.pdf
[10474] e9cc7fdfa3cf40f O /home/capstone/project/venv/lib/python3.12/site-packages/pandas/tests/io/formats/style/test_format.py
[10474] e9cc7fdfa3cf40f O /home/capstone/project/venv/lib/python3.12/site-packages/pandas/tests/io/parser/conftest.py
[10474] e9cc7fdfa3cf40f O /home/capstone/project/venv/lib/python3.12/site-packages/pandas/tests/io/parser/common/test_float.py
[10474] e9cc7fdfa3cf40f O /home/capstone/project/venv/lib/python3.12/site-packages/pandas/tests/io/parser/test_textreader.py
[10474] e9cc7fdfa3cf40f O /home/capstone/project/venv/lib/python3.12/site-packages/pandas/tests/io/parser/common/test_index.py
[10474] e9cc7fdfa3cf40f O /home/capstone/project/venv/lib/python3.12/site-packages/pandas/tests/io/parser/test_parse_dates.py
[10474] e9cc7fdfa3cf40f O /home/capstone/project/venv/lib/python3.12/site-packages/pandas/tests/io/parser/common/__pycache__
[10474] e9cc7fdfa3cf40f O /home/capstone/project/venv/lib/python3.12/site-packages/pandas/tests/io/parser/test_quoting.py
[10474] e9cc7fdfa3cf40f C /home/capstone/project/venv/lib/python3.12/site-packages/pandas/tests/io/parser/common/__pycache__/iFire-readme.txt
[10474] e9cc7fdfa3cf40f O /home/capstone/project/venv/lib/python3.12/site-packages/pandas/tests/io/parser/test_skiprows.py
[10474] e9cc7fdfa3cf40f O /home/capstone/project/venv/lib/python3.12/site-packages/pandas/tests/io/sas
[10474] e9cc7fdfa3cf40f O /home/capstone/project/venv/lib/python3.12/site-packages/pandas/tests/io/formats
[10474] e9cc7fdfa3cf40f C /home/capstone/project/venv/lib/python3.12/site-packages/pandas/tests/io/sas/iFire-readme.txt
[10474] e9cc7fdfa3cf40f O /home/capstone/project/venv/lib/python3.12/site-packages/pandas/tests/io/sas/test_sas.py
[10474] e9cc7fdfa3cf40f C /home/capstone/project/venv/lib/python3.12/site-packages/pandas/tests/io/formats/iFire-readme.txt
[10474] e9cc7fdfa3cf40f O /home/capstone/project/venv/lib/python3.12/site-packages/pandas/tests/io/formats/test_css.py
[10474] e9cc7fdfa3cf40f O /home/capstone/project/venv/lib/python3.12/site-packages/pandas/tests/io/formats/test_console.py
[10474] e9cc7fdfa3cf40f O /home/capstone/project/venv/lib/python3.12/site-packages/pandas/tests/io/sas/test_byteswap.py
[10474] e9cc7fdfa3cf40f O /home/capstone/project/venv/lib/python3.12/site-packages/pandas/tests/io/sas/test_xport.py
[10474] e9cc7fdfa3cf40f O /home/capstone/project/venv/lib/python3.12/site-packages/pandas/tests/io/formats/test_to_markdown.py
[10474] e9cc7fdfa3cf40f O /home/capstone/project/venv/lib/python3.12/site-packages/pandas/tests/io/sas/test_sas7bdat.py
[10474] e9cc7fdfa3cf40f O /home/capstone/project/venv/lib/python3.12/site-packages/pandas/tests/io/formats/test_eng_formatting.py
[10474] e9cc7fdfa3cf40f O /home/capstone/project/venv/lib/python3.12/site-packages/pandas/tests/io/json/__pycache__
[10474] e9cc7fdfa3cf40f C /home/capstone/project/venv/lib/python3.12/site-packages/pandas/tests/io/json/__pycache__/iFire-readme.txt
[10474] e9cc7fdfa3cf40f O /home/capstone/project/venv/lib/python3.12/site-packages/pandas/tests/io/sas/__pycache__
[10474] e9cc7fdfa3cf40f O /home/capstone/project/venv/lib/python3.12/site-packages/pandas/tests/io/formats/test_to_html.py
[10474] e9cc7fdfa3cf40f O /home/capstone/project/venv/lib/python3.12/site-packages/pandas/tests/io/formats/test_to_excel.py
[10474] e9cc7fdfa3cf40f C /home/capstone/project/venv/lib/python3.12/site-packages/pandas/tests/io/sas/__pycache__/iFire-readme.txt
[10474] e9cc7fdfa3cf40f O /home/capstone/project/venv/lib/python3.12/site-packages/pandas/tests/api/__pycache__
[10474] e9cc7fdfa3cf40f O /home/capstone/project/venv/lib/python3.12/site-packages/pandas/tests/io/formats/test_format.py
[10474] e9cc7fdfa3cf40f C /home/capstone/project/venv/lib/python3.12/site-packages/pandas/tests/api/__pycache__/iFire-readme.txt
[10474] e9cc7fdfa3cf40f O /home/capstone/project/venv/lib/python3.12/site-packages/pandas/tests/computation
[10474] e9cc7fdfa3cf40f C /home/capstone/project/venv/lib/python3.12/site-packages/pandas/tests/computation/iFire-readme.txt
[10474] e9cc7fdfa3cf40f O /home/capstone/project/venv/lib/python3.12/site-packages/pandas/tests/computation/test_eval.py
[10474] e9cc7fdfa3cf40f O /home/capstone/project/venv/lib/python3.12/site-packages/pandas/tests/io/formats/test_to_csv.py
[10474] e9cc7fdfa3cf40f O /home/capstone/project/venv/lib/python3.12/site-packages/pandas/_config/__pycache__
[10474] e9cc7fdfa3cf40f O /home/capstone/project/venv/lib/python3.12/site-packages/pandas/core
[10474] e9cc7fdfa3cf40f O /home/capstone/project/venv/lib/python3.12/site-packages/pandas/_config/config.py
[10474] e9cc7fdfa3cf40f C /home/capstone/project/venv/lib/python3.12/site-packages/pandas/_config/__pycache__/iFire-readme.txt
[10474] e9cc7fdfa3cf40f O /home/capstone/project/venv/lib/python3.12/site-packages/pandas/_libs
[10474] e9cc7fdfa3cf40f C /home/capstone/project/venv/lib/python3.12/site-packages/pandas/core/iFire-readme.txt
[10474] e9cc7fdfa3cf40f O /home/capstone/project/venv/lib/python3.12/site-packages/pandas/core/generic.py
[10474] e9cc7fdfa3cf40f O /home/capstone/project/venv/lib/python3.12/site-packages/pandas/_config/display.py
[10474] e9cc7fdfa3cf40f C /home/capstone/project/venv/lib/python3.12/site-packages/pandas/_libs/iFire-readme.txt
[10474] e9cc7fdfa3cf40f O /home/capstone/project/venv/lib/python3.12/site-packages/pandas/_libs/arrays.pyi
[10474] e9cc7fdfa3cf40f O /home/capstone/project/venv/lib/python3.12/site-packages/pandas/_config/dates.py
[10474] e9cc7fdfa3cf40f O /home/capstone/project/venv/lib/python3.12/site-packages/pandas/_config/__init__.py
[10474] e9cc7fdfa3cf40f O /home/capstone/project/venv/lib/python3.12/site-packages/pandas/_libs/algos.pyi
[10474] e9cc7fdfa3cf40f O /home/capstone/project/venv/lib/python3.12/site-packages/pandas/_libs/join.pyi
[10474] e9cc7fdfa3cf40f O /home/capstone/project/venv/lib/python3.12/site-packages/pandas/core/strings/__pycache__
[10474] e9cc7fdfa3cf40f O /home/capstone/project/venv/lib/python3.12/site-packages/pandas/_libs/parsers.pyi
[10474] e9cc7fdfa3cf40f C /home/capstone/project/venv/lib/python3.12/site-packages/pandas/core/strings/__pycache__/iFire-readme.txt
[10474] e9cc7fdfa3cf40f O /home/capstone/project/venv/lib/python3.12/site-packages/pandas/_libs/__pycache__
[10474] e9cc7fdfa3cf40f O /home/capstone/project/venv/lib/python3.12/site-packages/pandas/core/api.py
[10474] e9cc7fdfa3cf40f O /home/capstone/project/venv/lib/python3.12/site-packages/pandas/_libs/testing.pyi
[10474] e9cc7fdfa3cf40f O /home/capstone/project/venv/lib/python3.12/site-packages/pandas/_libs/byteswap.pyi
[10474] e9cc7fdfa3cf40f O /home/capstone/project/venv/lib/python3.12/site-packages/pandas/core/resample.py
[10474] e9cc7fdfa3cf40f C /home/capstone/project/venv/lib/python3.12/site-packages/pandas/_libs/__pycache__/iFire-readme.txt
[10474] e9cc7fdfa3cf40f O /home/capstone/project/venv/lib/python3.12/site-packages/pandas/_libs/tslibs
[10474] e9cc7fdfa3cf40f O /home/capstone/project/venv/lib/python3.12/site-packages/pandas/core/common.py
[10474] e9cc7fdfa3cf40f C /home/capstone/project/venv/lib/python3.12/site-packages/pandas/_libs/tslibs/iFire-readme.txt
[10474] e9cc7fdfa3cf40f O /home/capstone/project/venv/lib/python3.12/site-packages/pandas/_libs/tslibs/dtypes.pyi
[10474] e9cc7fdfa3cf40f O /home/capstone/project/venv/lib/python3.12/site-packages/pandas/core/base.py
[10474] e9cc7fdfa3cf40f O /home/capstone/project/venv/lib/python3.12/site-packages/pandas/_libs/tslibs/strptime.pyi
[10474] e9cc7fdfa3cf40f O /home/capstone/project/venv/lib/python3.12/site-packages/pandas/core/shared_docs.py
[10474] e9cc7fdfa3cf40f O /home/capstone/project/venv/lib/python3.12/site-packages/pandas/_libs/tslibs/nattype.pyi
[10474] e9cc7fdfa3cf40f O /home/capstone/project/venv/lib/python3.12/site-packages/pandas/_libs/hashing.pyi
[10474] e9cc7fdfa3cf40f O /home/capstone/project/venv/lib/python3.12/site-packages/pandas/core/missing.py
[10474] e9cc7fdfa3cf40f O /home/capstone/project/venv/lib/python3.12/site-packages/pandas/_libs/tslibs/np_datetime.pyi
[10474] e9cc7fdfa3cf40f O /home/capstone/project/venv/lib/python3.12/site-packages/pandas/_libs/interval.pyi
[10474] e9cc7fdfa3cf40f O /home/capstone/project/venv/lib/python3.12/site-packages/pandas/_libs/tslibs/period.pyi
[10474] e9cc7fdfa3cf40f O /home/capstone/project/venv/lib/python3.12/site-packages/pandas/_libs/indexing.pyi
[10474] e9cc7fdfa3cf40f O /home/capstone/project/venv/lib/python3.12/site-packages/pandas/core/indexing.py
[10474] e9cc7fdfa3cf40f O /home/capstone/project/venv/lib/python3.12/site-packages/pandas/_libs/hashtable.pyi
[10474] e9cc7fdfa3cf40f O /home/capstone/project/venv/lib/python3.12/site-packages/pandas/_libs/tslibs/offsets.pyi
[10474] e9cc7fdfa3cf40f O /home/capstone/project/venv/lib/python3.12/site-packages/pandas/_libs/sparse.pyi
[10474] e9cc7fdfa3cf40f O /home/capstone/project/venv/lib/python3.12/site-packages/pandas/core/accessor.py
[10474] e9cc7fdfa3cf40f O /home/capstone/project/venv/lib/python3.12/site-packages/pandas/_libs/sas.pyi
[10474] e9cc7fdfa3cf40f O /home/capstone/project/venv/lib/python3.12/site-packages/pandas/_libs/tslibs/timezones.pyi
[10474] e9cc7fdfa3cf40f O /home/capstone/project/venv/lib/python3.12/site-packages/pandas/_libs/tslib.pyi
[10474] e9cc7fdfa3cf40f O /home/capstone/project/venv/lib/python3.12/site-packages/pandas/tests/io/pytables/test_read.py
[10474] e9cc7fdfa3cf40f O /home/capstone/project/venv/lib/python3.12/site-packages/pandas/tests/io/pytables/test_complex.py
[10474] e9cc7fdfa3cf40f O /home/capstone/project/venv/lib/python3.12/site-packages/pandas/core/__pycache__
[10474] e9cc7fdfa3cf40f C /home/capstone/project/venv/lib/python3.12/site-packages/pandas/core/__pycache__/iFire-readme.txt
[10474] e9cc7fdfa3cf40f O /home/capstone/project/venv/lib/python3.12/site-packages/pandas/core/strings
[10474] e9cc7fdfa3cf40f C /home/capstone/project/venv/lib/python3.12/site-packages/pandas/core/strings/iFire-readme.txt
[10474] e9cc7fdfa3cf40f O /home/capstone/project/venv/lib/python3.12/site-packages/pandas/core/strings/accessor.py
[10474] e9cc7fdfa3cf40f O /home/capstone/project/venv/lib/python3.12/site-packages/pandas/tests/io/formats/style/test_to_string.py
[10474] e9cc7fdfa3cf40f O /home/capstone/project/venv/lib/python3.12/site-packages/pandas/tests/io/formats/style/test_bar.py
[10474] e9cc7fdfa3cf40f O /home/capstone/project/venv/lib/python3.12/site-packages/pandas/core/strings/object_array.py
[10474] e9cc7fdfa3cf40f O /home/capstone/project/venv/lib/python3.12/site-packages/pandas/core/strings/__init__.py
[10474] e9cc7fdfa3cf40f O /home/capstone/project/venv/lib/python3.12/site-packages/pandas/tests/io/formats/style/test_tooltip.py
[10474] e9cc7fdfa3cf40f O /home/capstone/Downloads/000/000461.html
[10474] e9cc7fdfa3cf40f O /home/capstone/project/venv/lib/python3.12/site-packages/pandas/tests/io/formats/style/test_non_unique.py
[10474] e9cc7fdfa3cf40f O /home/capstone/Downloads/000/000894.html
[10474] e9cc7fdfa3cf40f O /home/capstone/project/venv/lib/python3.12/site-packages/pandas/tests/io/formats/style/test_style.py
[10474] e9cc7fdfa3cf40f O /home/capstone/project/venv/lib/python3.12/site-packages/pandas/_libs/tslibs/__pycache__
[10474] e9cc7fdfa3cf40f C /home/capstone/project/venv/lib/python3.12/site-packages/pandas/_libs/tslibs/__pycache__/iFire-readme.txt
[10474] e9cc7fdfa3cf40f O /home/capstone/project/venv/lib/python3.12/site-packages/pandas/_libs/window
[10474] e9cc7fdfa3cf40f O /home/capstone/Downloads/000/000207.html
[10474] e9cc7fdfa3cf40f O /home/capstone/project/venv/lib/python3.12/site-packages/pandas/tests/io/formats/style/test_matplotlib.py
[10474] e9cc7fdfa3cf40f O /home/capstone/Downloads/000/000707.doc
[10474] e9cc7fdfa3cf40f C /home/capstone/project/venv/lib/python3.12/site-packages/pandas/_libs/window/iFire-readme.txt
[10474] e9cc7fdfa3cf40f O /home/capstone/project/venv/lib/python3.12/site-packages/pandas/_libs/window/aggregations.pyi
[10474] e9cc7fdfa3cf40f O /home/capstone/project/venv/lib/python3.12/site-packages/pandas/tests/io/formats/style/test_to_latex.py
[10474] e9cc7fdfa3cf40f O /home/capstone/project/venv/lib/python3.12/site-packages/pandas/_libs/window/indexers.pyi
[10474] e9cc7fdfa3cf40f O /home/capstone/Downloads/000/000519.gif
[10474] e9cc7fdfa3cf40f O /home/capstone/project/venv/lib/python3.12/site-packages/pandas/core/apply.py
[10474] e9cc7fdfa3cf40f O /home/capstone/project/venv/lib/python3.12/site-packages/pandas/_libs/tslibs/conversion.pyi
[10474] e9cc7fdfa3cf40f O /home/capstone/project/venv/lib/python3.12/site-packages/pandas/_libs/tslibs/timedeltas.pyi
[10474] e9cc7fdfa3cf40f O /home/capstone/project/venv/lib/python3.12/site-packages/pandas/_libs/properties.pyi
[10474] e9cc7fdfa3cf40f O /home/capstone/project/venv/lib/python3.12/site-packages/pandas/_libs/tslibs/timestamps.pyi
[10474] e9cc7fdfa3cf40f O /home/capstone/project/venv/lib/python3.12/site-packages/pandas/core/construction.py
[10474] e9cc7fdfa3cf40f O /home/capstone/project/venv/lib/python3.12/site-packages/pandas/_libs/ops_dispatch.pyi
[10474] e9cc7fdfa3cf40f O /home/capstone/project/venv/lib/python3.12/site-packages/pandas/_libs/tslibs/vectorized.pyi
[10474] e9cc7fdfa3cf40f O /home/capstone/project/venv/lib/python3.12/site-packages/pandas/_libs/window/__pycache__
[10474] e9cc7fdfa3cf40f O /home/capstone/project/venv/lib/python3.12/site-packages/pandas/core/indexers
[10474] e9cc7fdfa3cf40f C /home/capstone/project/venv/lib/python3.12/site-packages/pandas/_libs/window/__pycache__/iFire-readme.txt
[10474] e9cc7fdfa3cf40f O /home/capstone/project/venv/lib/python3.12/site-packages/pandas/core/reshape
[10474] e9cc7fdfa3cf40f C /home/capstone/project/venv/lib/python3.12/site-packages/pandas/core/indexers/iFire-readme.txt
[10474] e9cc7fdfa3cf40f O /home/capstone/project/venv/lib/python3.12/site-packages/pandas/core/indexers/objects.py
[10474] e9cc7fdfa3cf40f C /home/capstone/project/venv/lib/python3.12/site-packages/pandas/core/reshape/iFire-readme.txt
[10474] e9cc7fdfa3cf40f O /home/capstone/project/venv/lib/python3.12/site-packages/pandas/core/reshape/pivot.py
[10474] e9cc7fdfa3cf40f O /home/capstone/project/venv/lib/python3.12/site-packages/pandas/core/indexers/utils.py
[10474] e9cc7fdfa3cf40f O /home/capstone/project/venv/lib/python3.12/site-packages/pandas/core/reshape/merge.py
[10474] e9cc7fdfa3cf40f O /home/capstone/project/venv/lib/python3.12/site-packages/pandas/core/indexers/__init__.py
[10474] e9cc7fdfa3cf40f O /home/capstone/project/venv/lib/python3.12/site-packages/pandas/_libs/lib.pyi
[10474] e9cc7fdfa3cf40f O /home/capstone/project/venv/lib/python3.12/site-packages/pandas/core/config_init.py
[10474] e9cc7fdfa3cf40f O /home/capstone/project/venv/lib/python3.12/site-packages/pandas/_libs/writers.pyi
[10474] e9cc7fdfa3cf40f O /home/capstone/project/venv/lib/python3.12/site-packages/pandas/core/algorithms.py
[10474] e9cc7fdfa3cf40f O /home/capstone/project/venv/lib/python3.12/site-packages/pandas/_libs/ops.pyi
[10474] e9cc7fdfa3cf40f O /home/capstone/project/venv/lib/python3.12/site-packages/pandas/_libs/tslibs/ccalendar.pyi
[10474] e9cc7fdfa3cf40f O /home/capstone/project/venv/lib/python3.12/site-packages/pandas/core/series.py
[10474] e9cc7fdfa3cf40f O /home/capstone/project/venv/lib/python3.12/site-packages/pandas/_libs/missing.pyi
[10474] e9cc7fdfa3cf40f O /home/capstone/project/venv/lib/python3.12/site-packages/pandas/_libs/tslibs/parsing.pyi
[10474] e9cc7fdfa3cf40f O /home/capstone/project/venv/lib/python3.12/site-packages/pandas/_libs/tslibs/tzconversion.pyi
[10474] e9cc7fdfa3cf40f O /home/capstone/project/venv/lib/python3.12/site-packages/pandas/_libs/reshape.pyi
[10474] e9cc7fdfa3cf40f O /home/capstone/project/venv/lib/python3.12/site-packages/pandas/_libs/tslibs/__init__.py
[10474] e9cc7fdfa3cf40f O /home/capstone/project/venv/lib/python3.12/site-packages/pandas/_libs/tslibs/fields.pyi
[10474] e9cc7fdfa3cf40f O /home/capstone/project/venv/lib/python3.12/site-packages/pandas/core/reshape/__pycache__
[10474] e9cc7fdfa3cf40f O /home/capstone/project/venv/lib/python3.12/site-packages/pandas/core/arraylike.py
[10474] e9cc7fdfa3cf40f O /home/capstone/project/venv/lib/python3.12/site-packages/pandas/_libs/index.pyi
[10474] e9cc7fdfa3cf40f O /home/capstone/project/venv/lib/python3.12/site-packages/pandas/core/col.py
[10474] e9cc7fdfa3cf40f C /home/capstone/project/venv/lib/python3.12/site-packages/pandas/core/reshape/__pycache__/iFire-readme.txt
[10474] e9cc7fdfa3cf40f O /home/capstone/project/venv/lib/python3.12/site-packages/pandas/core/indexers/__pycache__
[10474] e9cc7fdfa3cf40f O /home/capstone/project/venv/lib/python3.12/site-packages/pandas/_libs/json.pyi
[10474] e9cc7fdfa3cf40f O /home/capstone/project/venv/lib/python3.12/site-packages/pandas/core/sample.py
[10474] e9cc7fdfa3cf40f C /home/capstone/project/venv/lib/python3.12/site-packages/pandas/core/indexers/__pycache__/iFire-readme.txt
[10474] e9cc7fdfa3cf40f O /home/capstone/project/venv/lib/python3.12/site-packages/pandas/core/dtypes
[10474] e9cc7fdfa3cf40f O /home/capstone/project/venv/lib/python3.12/site-packages/pandas/_libs/__init__.py
[10474] e9cc7fdfa3cf40f O /home/capstone/project/venv/lib/python3.12/site-packages/pandas/core/roperator.py
[10474] e9cc7fdfa3cf40f C /home/capstone/project/venv/lib/python3.12/site-packages/pandas/core/dtypes/iFire-readme.txt
[10474] e9cc7fdfa3cf40f O /home/capstone/project/venv/lib/python3.12/site-packages/pandas/core/dtypes/dtypes.py
[10474] e9cc7fdfa3cf40f O /home/capstone/project/venv/lib/python3.12/site-packages/pandas/_libs/groupby.pyi
[10474] e9cc7fdfa3cf40f O /home/capstone/project/venv/lib/python3.12/site-packages/pandas/core/sorting.py
[10474] e9cc7fdfa3cf40f O /home/capstone/project/venv/lib/python3.12/site-packages/pandas/_libs/internals.pyi
[10474] e9cc7fdfa3cf40f O /home/capstone/project/venv/lib/python3.12/site-packages/pandas/core/flags.py
[10474] e9cc7fdfa3cf40f O /home/capstone/project/venv/lib/python3.12/site-packages/pandas/core/dtypes/generic.py
[10474] e9cc7fdfa3cf40f O /home/capstone/project/venv/lib/python3.12/site-packages/pandas/core/groupby/__pycache__
[10474] e9cc7fdfa3cf40f O /home/capstone/project/venv/lib/python3.12/site-packages/pandas/core/frame.py
[10474] e9cc7fdfa3cf40f C /home/capstone/project/venv/lib/python3.12/site-packages/pandas/core/groupby/__pycache__/iFire-readme.txt
[10474] e9cc7fdfa3cf40f O /home/capstone/project/venv/lib/python3.12/site-packages/pandas/core/arrays
[10474] e9cc7fdfa3cf40f O /home/capstone/project/venv/lib/python3.12/site-packages/pandas/core/dtypes/api.py
[10474] e9cc7fdfa3cf40f O /home/capstone/project/venv/lib/python3.12/site-packages/pandas/core/dtypes/common.py
[10474] e9cc7fdfa3cf40f C /home/capstone/project/venv/lib/python3.12/site-packages/pandas/core/arrays/iFire-readme.txt
[10474] e9cc7fdfa3cf40f O /home/capstone/project/venv/lib/python3.12/site-packages/pandas/core/arrays/boolean.py
[10474] e9cc7fdfa3cf40f O /home/capstone/project/venv/lib/python3.12/site-packages/pandas/core/dtypes/base.py
[10474] e9cc7fdfa3cf40f O /home/capstone/project/venv/lib/python3.12/site-packages/pandas/core/arrays/period.py
[10474] e9cc7fdfa3cf40f O /home/capstone/project/venv/lib/python3.12/site-packages/pandas/core/dtypes/missing.py
[10474] e9cc7fdfa3cf40f O /home/capstone/project/venv/lib/python3.12/site-packages/pandas/core/arrays/base.py
[10474] e9cc7fdfa3cf40f O /home/capstone/project/venv/lib/python3.12/site-packages/pandas/core/dtypes/inference.py
[10474] e9cc7fdfa3cf40f O /home/capstone/project/venv/lib/python3.12/site-packages/pandas/core/nanops.py
[10474] e9cc7fdfa3cf40f O /home/capstone/project/venv/lib/python3.12/site-packages/pandas/core/arrays/timedeltas.py
[10474] e9cc7fdfa3cf40f O /home/capstone/project/venv/lib/python3.12/site-packages/pandas/core/dtypes/concat.py
[10474] e9cc7fdfa3cf40f O /home/capstone/project/venv/lib/python3.12/site-packages/pandas/core/dtypes/cast.py
[10474] e9cc7fdfa3cf40f O /home/capstone/project/venv/lib/python3.12/site-packages/pandas/core/arrays/floating.py
[10474] e9cc7fdfa3cf40f O /home/capstone/project/venv/lib/python3.12/site-packages/pandas/core/arrays/__pycache__
[10474] e9cc7fdfa3cf40f O /home/capstone/project/venv/lib/python3.12/site-packages/pandas/core/arrays/_mixins.py
[10474] e9cc7fdfa3cf40f C /home/capstone/project/venv/lib/python3.12/site-packages/pandas/core/arrays/__pycache__/iFire-readme.txt
[10474] e9cc7fdfa3cf40f O /home/capstone/project/venv/lib/python3.12/site-packages/pandas/core/arrays/sparse
[10474] e9cc7fdfa3cf40f O /home/capstone/project/venv/lib/python3.12/site-packages/pandas/core/arrays/datetimes.py
[10474] e9cc7fdfa3cf40f O /home/capstone/project/venv/lib/python3.12/site-packages/pandas/core/dtypes/astype.py
[10474] e9cc7fdfa3cf40f C /home/capstone/project/venv/lib/python3.12/site-packages/pandas/core/arrays/sparse/iFire-readme.txt
[10474] e9cc7fdfa3cf40f O /home/capstone/project/venv/lib/python3.12/site-packages/pandas/core/arrays/sparse/__pycache__
[10474] e9cc7fdfa3cf40f O /home/capstone/project/venv/lib/python3.12/site-packages/pandas/core/arrays/sparse/array.py
[10474] e9cc7fdfa3cf40f C /home/capstone/project/venv/lib/python3.12/site-packages/pandas/core/arrays/sparse/__pycache__/iFire-readme.txt
[10474] e9cc7fdfa3cf40f O /home/capstone/project/venv/lib/python3.12/site-packages/pandas/core/arrays/arrow
[10474] e9cc7fdfa3cf40f O /home/capstone/project/venv/lib/python3.12/site-packages/pandas/core/arrays/string_arrow.py
[10474] e9cc7fdfa3cf40f O /home/capstone/project/venv/lib/python3.12/site-packages/pandas/core/arrays/sparse/accessor.py
[10474] e9cc7fdfa3cf40f C /home/capstone/project/venv/lib/python3.12/site-packages/pandas/core/arrays/arrow/iFire-readme.txt
[10474] e9cc7fdfa3cf40f O /home/capstone/project/venv/lib/python3.12/site-packages/pandas/core/arrays/arrow/array.py
[10474] e9cc7fdfa3cf40f O /home/capstone/project/venv/lib/python3.12/site-packages/pandas/core/arrays/datetimelike.py
[10474] e9cc7fdfa3cf40f O /home/capstone/project/venv/lib/python3.12/site-packages/pandas/core/arrays/_arrow_string_mixins.py
[10474] e9cc7fdfa3cf40f O /home/capstone/project/venv/lib/python3.12/site-packages/pandas/core/arrays/arrow/accessors.py
[10474] e9cc7fdfa3cf40f O /home/capstone/project/venv/lib/python3.12/site-packages/pandas/core/arrays/sparse/scipy_sparse.py
[10474] e9cc7fdfa3cf40f O /home/capstone/project/venv/lib/python3.12/site-packages/pandas/core/arrays/arrow/extension_types.py
[10474] e9cc7fdfa3cf40f O /home/capstone/project/venv/lib/python3.12/site-packages/pandas/core/arrays/numeric.py
[10474] e9cc7fdfa3cf40f O /home/capstone/project/venv/lib/python3.12/site-packages/pandas/core/arrays/sparse/__init__.py
[10474] e9cc7fdfa3cf40f O /home/capstone/project/venv/lib/python3.12/site-packages/pandas/core/arrays/arrow/_arrow_utils.py
[10474] e9cc7fdfa3cf40f O /home/capstone/project/venv/lib/python3.12/site-packages/pandas/core/arrays/masked.py
[10474] e9cc7fdfa3cf40f O /home/capstone/project/venv/lib/python3.12/site-packages/pandas/core/arrays/arrow/__pycache__
[10474] e9cc7fdfa3cf40f O /home/capstone/project/venv/lib/python3.12/site-packages/pandas/core/arrays/arrow/__init__.py
[10474] e9cc7fdfa3cf40f O /home/capstone/project/venv/lib/python3.12/site-packages/pandas/core/arrays/string_.py
[10474] e9cc7fdfa3cf40f C /home/capstone/project/venv/lib/python3.12/site-packages/pandas/core/arrays/arrow/__pycache__/iFire-readme.txt
[10474] e9cc7fdfa3cf40f O /home/capstone/project/venv/lib/python3.12/site-packages/pandas/core/util
[10474] e9cc7fdfa3cf40f O /home/capstone/project/venv/lib/python3.12/site-packages/pandas/core/interchange
[10474] e9cc7fdfa3cf40f O /home/capstone/project/venv/lib/python3.12/site-packages/pandas/core/arrays/categorical.py
[10474] e9cc7fdfa3cf40f C /home/capstone/project/venv/lib/python3.12/site-packages/pandas/core/util/iFire-readme.txt
[10474] e9cc7fdfa3cf40f O /home/capstone/project/venv/lib/python3.12/site-packages/pandas/core/util/numba_.py
[10474] e9cc7fdfa3cf40f C /home/capstone/project/venv/lib/python3.12/site-packages/pandas/core/interchange/iFire-readme.txt
[10474] e9cc7fdfa3cf40f O /home/capstone/project/venv/lib/python3.12/site-packages/pandas/core/interchange/buffer.py
[10474] e9cc7fdfa3cf40f O /home/capstone/project/venv/lib/python3.12/site-packages/pandas/core/arrays/__init__.py
[10474] e9cc7fdfa3cf40f O /home/capstone/project/venv/lib/python3.12/site-packages/pandas/core/interchange/from_dataframe.py
[10474] e9cc7fdfa3cf40f O /home/capstone/project/venv/lib/python3.12/site-packages/pandas/core/interchange/dataframe_protocol.py
[10474] e9cc7fdfa3cf40f O /home/capstone/project/venv/lib/python3.12/site-packages/pandas/core/ops
[10474] e9cc7fdfa3cf40f C /home/capstone/project/venv/lib/python3.12/site-packages/pandas/core/ops/iFire-readme.txt
[10474] e9cc7fdfa3cf40f O /home/capstone/project/venv/lib/python3.12/site-packages/pandas/core/ops/common.py
[10474] e9cc7fdfa3cf40f O /home/capstone/project/venv/lib/python3.12/site-packages/pandas/core/ops/missing.py
[10474] e9cc7fdfa3cf40f O /home/capstone/project/venv/lib/python3.12/site-packages/pandas/core/ops/mask_ops.py
[10474] e9cc7fdfa3cf40f O /home/capstone/project/venv/lib/python3.12/site-packages/pandas/core/ops/array_ops.py
[10474] e9cc7fdfa3cf40f O /home/capstone/project/venv/lib/python3.12/site-packages/pandas/core/ops/docstrings.py
[10474] e9cc7fdfa3cf40f O /home/capstone/project/venv/lib/python3.12/site-packages/pandas/core/ops/__pycache__
[10474] e9cc7fdfa3cf40f O /home/capstone/project/venv/lib/python3.12/site-packages/pandas/core/indexes/api.py
[10474] e9cc7fdfa3cf40f C /home/capstone/project/venv/lib/python3.12/site-packages/pandas/core/window/iFire-readme.txt
[10474] e9cc7fdfa3cf40f O /home/capstone/project/venv/lib/python3.12/site-packages/pandas/core/window/common.py
[10474] e9cc7fdfa3cf40f O /home/capstone/project/venv/lib/python3.12/site-packages/pandas/core/window/ewm.py
[10474] e9cc7fdfa3cf40f O /home/capstone/project/venv/lib/python3.12/site-packages/pandas/core/indexes/period.py
[10474] e9cc7fdfa3cf40f O /home/capstone/project/venv/lib/python3.12/site-packages/pandas/core/window/rolling.py
[10474] e9cc7fdfa3cf40f O /home/capstone/project/venv/lib/python3.12/site-packages/pandas/core/indexes/base.py
[10474] e9cc7fdfa3cf40f O /home/capstone/project/venv/lib/python3.12/site-packages/pandas/core/window/numba_.py
[10474] e9cc7fdfa3cf40f C /home/capstone/project/venv/lib/python3.12/site-packages/pandas/core/internals/__pycache__/iFire-readme.txt
[10474] e9cc7fdfa3cf40f O /home/capstone/project/venv/lib/python3.12/site-packages/pandas/core/tools/__pycache__
[10474] e9cc7fdfa3cf40f O /home/capstone/project/venv/lib/python3.12/site-packages/pandas/core/indexes/accessors.py
[10474] e9cc7fdfa3cf40f C /home/capstone/project/venv/lib/python3.12/site-packages/pandas/core/tools/__pycache__/iFire-readme.txt
[10474] e9cc7fdfa3cf40f O /home/capstone/project/venv/lib/python3.12/site-packages/pandas/core/window/__pycache__
[10474] e9cc7fdfa3cf40f O /home/capstone/project/venv/lib/python3.12/site-packages/pandas/core/indexes/datetimelike.py
[10474] e9cc7fdfa3cf40f O /home/capstone/project/venv/lib/python3.12/site-packages/pandas/core/indexes/frozen.py
[10474] e9cc7fdfa3cf40f C /home/capstone/project/venv/lib/python3.12/site-packages/pandas/core/window/__pycache__/iFire-readme.txt
[10474] e9cc7fdfa3cf40f O /home/capstone/project/venv/lib/python3.12/site-packages/pandas/core/methods
[10474] e9cc7fdfa3cf40f O /home/capstone/project/venv/lib/python3.12/site-packages/pandas/core/indexes/extension.py
[10474] e9cc7fdfa3cf40f C /home/capstone/project/venv/lib/python3.12/site-packages/pandas/core/methods/iFire-readme.txt
[10474] e9cc7fdfa3cf40f O /home/capstone/project/venv/lib/python3.12/site-packages/pandas/core/methods/describe.py
[10474] e9cc7fdfa3cf40f O /home/capstone/project/venv/lib/python3.12/site-packages/pandas/core/indexes/range.py
[10474] e9cc7fdfa3cf40f O /home/capstone/project/venv/lib/python3.12/site-packages/pandas/core/indexes/interval.py
[10474] e9cc7fdfa3cf40f O /home/capstone/project/venv/lib/python3.12/site-packages/pandas/core/methods/to_dict.py
[10474] e9cc7fdfa3cf40f O /home/capstone/project/venv/lib/python3.12/site-packages/pandas/core/methods/__pycache__
[10474] e9cc7fdfa3cf40f O /home/capstone/project/venv/lib/python3.12/site-packages/pandas/core/methods/selectn.py
[10474] e9cc7fdfa3cf40f C /home/capstone/project/venv/lib/python3.12/site-packages/pandas/core/methods/__pycache__/iFire-readme.txt
[10474] e9cc7fdfa3cf40f O /home/capstone/project/venv/lib/python3.12/site-packages/pandas/core/_numba
[10474] e9cc7fdfa3cf40f O /home/capstone/project/venv/lib/python3.12/site-packages/pandas/core/computation
[10474] e9cc7fdfa3cf40f C /home/capstone/project/venv/lib/python3.12/site-packages/pandas/core/computation/iFire-readme.txt
[10474] e9cc7fdfa3cf40f O /home/capstone/project/venv/lib/python3.12/site-packages/pandas/core/computation/check.py
[10474] e9cc7fdfa3cf40f C /home/capstone/project/venv/lib/python3.12/site-packages/pandas/core/_numba/iFire-readme.txt
[10474] e9cc7fdfa3cf40f O /home/capstone/project/venv/lib/python3.12/site-packages/pandas/core/_numba/executor.py
[10474] e9cc7fdfa3cf40f O /home/capstone/project/venv/lib/python3.12/site-packages/pandas/core/_numba/extensions.py
[10474] e9cc7fdfa3cf40f O /home/capstone/Downloads/000/000587.pdf
[10474] e9cc7fdfa3cf40f O /home/capstone/project/venv/lib/python3.12/site-packages/pandas/core/dtypes/__pycache__
[10474] e9cc7fdfa3cf40f O /home/capstone/project/venv/lib/python3.12/site-packages/pandas/core/reshape/api.py
[10474] e9cc7fdfa3cf40f C /home/capstone/project/venv/lib/python3.12/site-packages/pandas/core/dtypes/__pycache__/iFire-readme.txt
[10474] e9cc7fdfa3cf40f O /home/capstone/project/venv/lib/python3.12/site-packages/pandas/core/groupby
[10474] e9cc7fdfa3cf40f O /home/capstone/project/venv/lib/python3.12/site-packages/pandas/core/reshape/encoding.py
[10474] e9cc7fdfa3cf40f C /home/capstone/project/venv/lib/python3.12/site-packages/pandas/core/groupby/iFire-readme.txt
[10474] e9cc7fdfa3cf40f O /home/capstone/project/venv/lib/python3.12/site-packages/pandas/core/groupby/groupby.py
[10474] e9cc7fdfa3cf40f O /home/capstone/Downloads/000/000809.pdf
[10474] e9cc7fdfa3cf40f O /home/capstone/Downloads/000/000410.html
[10474] e9cc7fdfa3cf40f O /home/capstone/project/venv/lib/python3.12/site-packages/pandas/core/reshape/concat.py
[10474] e9cc7fdfa3cf40f O /home/capstone/project/test_files/000801.doc
[10474] e9cc7fdfa3cf40f O /home/capstone/project/venv/lib/python3.12/site-packages/pandas/core/reshape/tile.py
[10474] e9cc7fdfa3cf40f O /home/capstone/project/venv/lib/python3.12/site-packages/pandas/core/reshape/melt.py
[10474] e9cc7fdfa3cf40f O /home/capstone/project/venv/lib/python3.12/site-packages/pandas/core/groupby/generic.py
[10474] e9cc7fdfa3cf40f O /home/capstone/Downloads/000/000699.log
[10474] e9cc7fdfa3cf40f O /home/capstone/project/venv/lib/python3.12/site-packages/pandas/core/reshape/reshape.py
[10474] e9cc7fdfa3cf40f O /home/capstone/project/venv/lib/python3.12/site-packages/pandas/core/arrays/interval.py
[10474] e9cc7fdfa3cf40f O /home/capstone/project/venv/lib/python3.12/site-packages/pandas/core/internals
[10474] e9cc7fdfa3cf40f O /home/capstone/project/venv/lib/python3.12/site-packages/pandas/core/groupby/base.py
[10474] e9cc7fdfa3cf40f C /home/capstone/project/venv/lib/python3.12/site-packages/pandas/core/tools/iFire-readme.txt
[10474] e9cc7fdfa3cf40f O /home/capstone/project/venv/lib/python3.12/site-packages/pandas/core/tools/timedeltas.py
[10474] e9cc7fdfa3cf40f O /home/capstone/project/venv/lib/python3.12/site-packages/pandas/core/groupby/indexing.py
[10474] e9cc7fdfa3cf40f O /home/capstone/project/venv/lib/python3.12/site-packages/pandas/core/tools/datetimes.py
[10474] e9cc7fdfa3cf40f O /home/capstone/project/venv/lib/python3.12/site-packages/pandas/core/groupby/ops.py
[10474] e9cc7fdfa3cf40f C /home/capstone/project/venv/lib/python3.12/site-packages/pandas/core/internals/iFire-readme.txt
[10474] e9cc7fdfa3cf40f O /home/capstone/project/venv/lib/python3.12/site-packages/pandas/core/internals/api.py
[10474] e9cc7fdfa3cf40f O /home/capstone/project/venv/lib/python3.12/site-packages/pandas/core/tools/numeric.py
[10474] e9cc7fdfa3cf40f O /home/capstone/project/venv/lib/python3.12/site-packages/pandas/core/groupby/numba_.py
[10474] e9cc7fdfa3cf40f O /home/capstone/Downloads/000/000714.ppt
[10474] e9cc7fdfa3cf40f O /home/capstone/project/venv/lib/python3.12/site-packages/pandas/core/tools/times.py
[10474] e9cc7fdfa3cf40f O /home/capstone/project/venv/lib/python3.12/site-packages/pandas/core/internals/blocks.py
[10474] e9cc7fdfa3cf40f O /home/capstone/project/venv/lib/python3.12/site-packages/pandas/core/groupby/categorical.py
[10474] e9cc7fdfa3cf40f O /home/capstone/project/venv/lib/python3.12/site-packages/pandas/core/_numba/kernels/__pycache__
[10474] e9cc7fdfa3cf40f O /home/capstone/project/venv/lib/python3.12/site-packages/pandas/core/groupby/grouper.py
[10474] e9cc7fdfa3cf40f C /home/capstone/project/venv/lib/python3.12/site-packages/pandas/core/_numba/kernels/__pycache__/iFire-readme.txt
[10474] e9cc7fdfa3cf40f O /home/capstone/project/venv/lib/python3.12/site-packages/pandas/core/computation/__pycache__
[10474] e9cc7fdfa3cf40f O /home/capstone/project/venv/lib/python3.12/site-packages/pandas/core/internals/ops.py
[10474] e9cc7fdfa3cf40f O /home/capstone/project/venv/lib/python3.12/site-packages/pandas/core/groupby/__init__.py
[10474] e9cc7fdfa3cf40f C /home/capstone/project/venv/lib/python3.12/site-packages/pandas/core/computation/__pycache__/iFire-readme.txt
[10474] e9cc7fdfa3cf40f O /home/capstone/project/venv/lib/python3.12/site-packages/pandas/core/sparse
[10474] e9cc7fdfa3cf40f O /home/capstone/project/venv/lib/python3.12/site-packages/pandas/core/internals/construction.py
[10474] e9cc7fdfa3cf40f O /home/capstone/project/venv/lib/python3.12/site-packages/pandas/core/array_algos
[10474] e9cc7fdfa3cf40f O /home/capstone/project/venv/lib/python3.12/site-packages/pandas/core/_numba/__pycache__
[10474] e9cc7fdfa3cf40f C /home/capstone/project/venv/lib/python3.12/site-packages/pandas/core/_numba/__pycache__/iFire-readme.txt
[10474] e9cc7fdfa3cf40f O /home/capstone/project/venv/lib/python3.12/site-packages/pandas/core/_numba/kernels
[10474] e9cc7fdfa3cf40f C /home/capstone/project/venv/lib/python3.12/site-packages/pandas/core/_numba/kernels/iFire-readme.txt
[10474] e9cc7fdfa3cf40f O /home/capstone/project/venv/lib/python3.12/site-packages/pandas/core/_numba/kernels/mean_.py
[10474] e9cc7fdfa3cf40f O /home/capstone/project/venv/lib/python3.12/site-packages/pandas/core/_numba/kernels/sum_.py
[10474] e9cc7fdfa3cf40f O /home/capstone/project/venv/lib/python3.12/site-packages/pandas/core/computation/expressions.py
[10474] e9cc7fdfa3cf40f O /home/capstone/project/venv/lib/python3.12/site-packages/pandas/core/_numba/kernels/shared.py
[10474] e9cc7fdfa3cf40f O /home/capstone/project/venv/lib/python3.12/site-packages/pandas/core/computation/eval.py
[10474] e9cc7fdfa3cf40f O /home/capstone/project/venv/lib/python3.12/site-packages/pandas/core/_numba/kernels/min_max_.py
[10474] e9cc7fdfa3cf40f O /home/capstone/project/venv/lib/python3.12/site-packages/pandas/core/computation/api.py
[10474] e9cc7fdfa3cf40f O /home/capstone/project/venv/lib/python3.12/site-packages/pandas/core/_numba/kernels/var_.py
[10474] e9cc7fdfa3cf40f O /home/capstone/project/venv/lib/python3.12/site-packages/pandas/core/computation/expr.py
[10474] e9cc7fdfa3cf40f O /home/capstone/project/venv/lib/python3.12/site-packages/pandas/core/_numba/kernels/__init__.py
[10474] e9cc7fdfa3cf40f C /home/capstone/project/venv/lib/python3.12/site-packages/pandas/api/typing/__pycache__/iFire-readme.txt
[10474] e9cc7fdfa3cf40f O /home/capstone/project/venv/lib/python3.12/site-packages/pandas/api/interchange
[10474] e9cc7fdfa3cf40f O /home/capstone/project/venv/lib/python3.12/site-packages/pandas/api/extensions
[10474] e9cc7fdfa3cf40f C /home/capstone/project/venv/lib/python3.12/site-packages/pandas/api/interchange/iFire-readme.txt
[10474] e9cc7fdfa3cf40f O /home/capstone/project/venv/lib/python3.12/site-packages/pandas/api/interchange/__init__.py
[10474] e9cc7fdfa3cf40f C /home/capstone/project/venv/lib/python3.12/site-packages/pandas/api/extensions/iFire-readme.txt
[10474] e9cc7fdfa3cf40f O /home/capstone/project/venv/lib/python3.12/site-packages/pandas/api/types
[10474] e9cc7fdfa3cf40f O /home/capstone/project/venv/lib/python3.12/site-packages/pandas/api/extensions/__init__.py
[10474] e9cc7fdfa3cf40f O /home/capstone/project/venv/lib/python3.12/site-packages/pandas/api/executors
[10474] e9cc7fdfa3cf40f C /home/capstone/project/venv/lib/python3.12/site-packages/pandas/api/types/iFire-readme.txt
[10474] e9cc7fdfa3cf40f C /home/capstone/project/venv/lib/python3.12/site-packages/pandas/api/executors/iFire-readme.txt
[10474] e9cc7fdfa3cf40f O /home/capstone/project/venv/lib/python3.12/site-packages/pandas/api/executors/__init__.py
[10474] e9cc7fdfa3cf40f O /home/capstone/project/venv/lib/python3.12/site-packages/pandas/api/types/__init__.py
[10474] e9cc7fdfa3cf40f O /home/capstone/project/venv/lib/python3.12/site-packages/pandas/api/types/__pycache__
[10474] e9cc7fdfa3cf40f O /home/capstone/project/venv/lib/python3.12/site-packages/pandas/compat
[10474] e9cc7fdfa3cf40f C /home/capstone/project/venv/lib/python3.12/site-packages/pandas/api/types/__pycache__/iFire-readme.txt
[10474] e9cc7fdfa3cf40f O /home/capstone/project/venv/lib/python3.12/site-packages/charset_normalizer
[10474] e9cc7fdfa3cf40f C /home/capstone/project/venv/lib/python3.12/site-packages/pandas/compat/iFire-readme.txt
[10474] e9cc7fdfa3cf40f O /home/capstone/project/venv/lib/python3.12/site-packages/pandas/compat/_optional.py
[10474] e9cc7fdfa3cf40f C /home/capstone/project/venv/lib/python3.12/site-packages/charset_normalizer/iFire-readme.txt
[10474] e9cc7fdfa3cf40f O /home/capstone/project/venv/lib/python3.12/site-packages/charset_normalizer/cd.py
[10474] e9cc7fdfa3cf40f O /home/capstone/project/venv/lib/python3.12/site-packages/pandas/compat/pickle_compat.py
[10474] e9cc7fdfa3cf40f O /home/capstone/project/venv/lib/python3.12/site-packages/pandas/compat/pyarrow.py
[10474] e9cc7fdfa3cf40f O /home/capstone/project/venv/lib/python3.12/site-packages/charset_normalizer/api.py
[10474] e9cc7fdfa3cf40f O /home/capstone/project/venv/lib/python3.12/site-packages/pandas/compat/_constants.py
[10474] e9cc7fdfa3cf40f O /home/capstone/project/venv/lib/python3.12/site-packages/pandas/compat/__init__.py
[10474] e9cc7fdfa3cf40f O /home/capstone/project/venv/lib/python3.12/site-packages/charset_normalizer/constant.py
[10474] e9cc7fdfa3cf40f O /home/capstone/project/venv/lib/python3.12/site-packages/pandas/io/json
[10474] e9cc7fdfa3cf40f C /home/capstone/project/venv/lib/python3.12/site-packages/pandas/core/sparse/iFire-readme.txt
[10474] e9cc7fdfa3cf40f O /home/capstone/project/venv/lib/python3.12/site-packages/pandas/core/sparse/api.py
[10474] e9cc7fdfa3cf40f O /home/capstone/project/venv/lib/python3.12/site-packages/pandas/core/internals/concat.py
[10474] e9cc7fdfa3cf40f C /home/capstone/project/venv/lib/python3.12/site-packages/pandas/core/array_algos/iFire-readme.txt
[10474] e9cc7fdfa3cf40f O /home/capstone/project/venv/lib/python3.12/site-packages/pandas/core/array_algos/transforms.py
[10474] e9cc7fdfa3cf40f O /home/capstone/project/venv/lib/python3.12/site-packages/pandas/core/sparse/__pycache__
[10474] e9cc7fdfa3cf40f O /home/capstone/project/venv/lib/python3.12/site-packages/pandas/core/internals/__init__.py
[10474] e9cc7fdfa3cf40f C /home/capstone/project/venv/lib/python3.12/site-packages/pandas/core/sparse/__pycache__/iFire-readme.txt
[10474] e9cc7fdfa3cf40f O /home/capstone/project/venv/lib/python3.12/site-packages/pandas/api/__pycache__
[10474] e9cc7fdfa3cf40f O /home/capstone/Downloads/000/000995.ppt
[10474] e9cc7fdfa3cf40f O /home/capstone/project/venv/lib/python3.12/site-packages/pandas/core/array_algos/take.py
[10474] e9cc7fdfa3cf40f O /home/capstone/project/venv/lib/python3.12/site-packages/pandas/core/internals/managers.py
[10474] e9cc7fdfa3cf40f C /home/capstone/project/venv/lib/python3.12/site-packages/pandas/api/__pycache__/iFire-readme.txt
[10474] e9cc7fdfa3cf40f O /home/capstone/project/venv/lib/python3.12/site-packages/pandas/api/indexers/__pycache__
[10474] e9cc7fdfa3cf40f O /home/capstone/project/venv/lib/python3.12/site-packages/pandas/api/interchange/__pycache__
[10474] e9cc7fdfa3cf40f O /home/capstone/project/venv/lib/python3.12/site-packages/pandas/core/array_algos/putmask.py
[10474] e9cc7fdfa3cf40f C /home/capstone/project/venv/lib/python3.12/site-packages/pandas/api/indexers/__pycache__/iFire-readme.txt
[10474] e9cc7fdfa3cf40f O /home/capstone/project/venv/lib/python3.12/site-packages/pandas/api/extensions/__pycache__
[10474] e9cc7fdfa3cf40f O /home/capstone/Downloads/000/000735.html
[10474] e9cc7fdfa3cf40f C /home/capstone/project/venv/lib/python3.12/site-packages/pandas/api/extensions/__pycache__/iFire-readme.txt
[10474] e9cc7fdfa3cf40f O /home/capstone/project/venv/lib/python3.12/site-packages/pandas/api/executors/__pycache__
[10474] e9cc7fdfa3cf40f C /home/capstone/project/venv/lib/python3.12/site-packages/pandas/api/interchange/__pycache__/iFire-readme.txt
[10474] e9cc7fdfa3cf40f O /home/capstone/project/venv/lib/python3.12/site-packages/pandas/io
[10474] e9cc7fdfa3cf40f C /home/capstone/project/venv/lib/python3.12/site-packages/pandas/io/iFire-readme.txt
[10474] e9cc7fdfa3cf40f O /home/capstone/project/venv/lib/python3.12/site-packages/pandas/io/parquet.py
[10474] e9cc7fdfa3cf40f O /home/capstone/project/venv/lib/python3.12/site-packages/pandas/core/array_algos/masked_reductions.py
[10474] e9cc7fdfa3cf40f C /home/capstone/project/venv/lib/python3.12/site-packages/pandas/api/executors/__pycache__/iFire-readme.txt
[10474] e9cc7fdfa3cf40f O /home/capstone/project/venv/lib/python3.12/site-packages/pandas/io/__pycache__
[10474] e9cc7fdfa3cf40f O /home/capstone/project/venv/lib/python3.12/site-packages/charset_normalizer/models.py
[10474] e9cc7fdfa3cf40f O /home/capstone/project/venv/lib/python3.12/site-packages/charset_normalizer/version.py
[10474] e9cc7fdfa3cf40f O /home/capstone/project/venv/lib/python3.12/site-packages/charset_normalizer/utils.py
[10474] e9cc7fdfa3cf40f O /home/capstone/project/venv/lib/python3.12/site-packages/charset_normalizer/legacy.py
[10474] e9cc7fdfa3cf40f O /home/capstone/project/venv/lib/python3.12/site-packages/charset_normalizer/md.py
[10474] e9cc7fdfa3cf40f O /home/capstone/project/venv/lib/python3.12/site-packages/pandas/io/json/_normalize.py
[10474] e9cc7fdfa3cf40f O /home/capstone/project/venv/lib/python3.12/site-packages/charset_normalizer/__init__.py
[10474] e9cc7fdfa3cf40f O /home/capstone/project/venv/lib/python3.12/site-packages/pandas/io/json/__init__.py
[10474] e9cc7fdfa3cf40f O /home/capstone/project/venv/lib/python3.12/site-packages/pandas/io/clipboard
[10474] e9cc7fdfa3cf40f O /home/capstone/project/venv/lib/python3.12/site-packages/pandas/io/json/_json.py
[10474] e9cc7fdfa3cf40f C /home/capstone/project/venv/lib/python3.12/site-packages/pandas/io/clipboard/iFire-readme.txt
[10474] e9cc7fdfa3cf40f O /home/capstone/project/venv/lib/python3.12/site-packages/pandas/io/clipboard/__init__.py
[10474] e9cc7fdfa3cf40f O /home/capstone/project/venv/lib/python3.12/site-packages/pandas/io/clipboard/__pycache__
[10474] e9cc7fdfa3cf40f O /home/capstone/project/venv/lib/python3.12/site-packages/pandas/io/parsers
[10474] e9cc7fdfa3cf40f C /home/capstone/project/venv/lib/python3.12/site-packages/pandas/io/clipboard/__pycache__/iFire-readme.txt
[10474] e9cc7fdfa3cf40f O /home/capstone/project/venv/lib/python3.12/site-packages/pandas/io/formats
[10474] e9cc7fdfa3cf40f C /home/capstone/project/venv/lib/python3.12/site-packages/pandas/io/parsers/iFire-readme.txt
[10474] e9cc7fdfa3cf40f C /home/capstone/project/venv/lib/python3.12/site-packages/pandas/io/formats/iFire-readme.txt
[10474] e9cc7fdfa3cf40f O /home/capstone/project/venv/lib/python3.12/site-packages/pandas/io/formats/css.py
[10474] e9cc7fdfa3cf40f O /home/capstone/project/venv/lib/python3.12/site-packages/pandas/io/parsers/python_parser.py
[10474] e9cc7fdfa3cf40f O /home/capstone/project/venv/lib/python3.12/site-packages/pandas/io/formats/format.py
[10474] e9cc7fdfa3cf40f O /home/capstone/project/venv/lib/python3.12/site-packages/pandas/io/formats/style_render.py
[10474] e9cc7fdfa3cf40f O /home/capstone/project/venv/lib/python3.12/site-packages/pandas/io/formats/info.py
[10474] e9cc7fdfa3cf40f O /home/capstone/project/venv/lib/python3.12/site-packages/pandas/io/formats/printing.py
[10474] e9cc7fdfa3cf40f O /home/capstone/project/venv/lib/python3.12/site-packages/pandas/io/formats/excel.py
[10474] e9cc7fdfa3cf40f O /home/capstone/project/venv/lib/python3.12/site-packages/pandas/io/formats/style.py
[10474] e9cc7fdfa3cf40f O /home/capstone/project/venv/lib/python3.12/site-packages/pandas/io/parsers/c_parser_wrapper.py
[10474] e9cc7fdfa3cf40f O /home/capstone/project/venv/lib/python3.12/site-packages/pandas/io/excel/_util.py
[10474] e9cc7fdfa3cf40f O /home/capstone/project/venv/lib/python3.12/site-packages/pandas/io/sas/sasreader.py
[10474] e9cc7fdfa3cf40f O /home/capstone/project/venv/lib/python3.12/site-packages/pandas/io/common.py
[10474] e9cc7fdfa3cf40f O /home/capstone/project/venv/lib/python3.12/site-packages/pandas/io/sas/sas_xport.py
[10474] e9cc7fdfa3cf40f O /home/capstone/project/venv/lib/python3.12/site-packages/pandas/io/parsers/arrow_parser_wrapper.py
[10474] e9cc7fdfa3cf40f O /home/capstone/project/venv/lib/python3.12/site-packages/pandas/io/excel/_openpyxl.py
[10474] e9cc7fdfa3cf40f O /home/capstone/project/venv/lib/python3.12/site-packages/pandas/io/sas/sas7bdat.py
[10474] e9cc7fdfa3cf40f O /home/capstone/project/venv/lib/python3.12/site-packages/pandas/io/excel/_base.py
[10474] e9cc7fdfa3cf40f O /home/capstone/project/venv/lib/python3.12/site-packages/pandas/io/sas/__init__.py
[10474] e9cc7fdfa3cf40f O /home/capstone/project/venv/lib/python3.12/site-packages/pandas/io/excel/_calamine.py
[10474] e9cc7fdfa3cf40f O /home/capstone/project/venv/lib/python3.12/site-packages/pandas/io/spss.py
[10474] e9cc7fdfa3cf40f O /home/capstone/project/venv/lib/python3.12/site-packages/pandas/io/parsers/base_parser.py
[10474] e9cc7fdfa3cf40f O /home/capstone/project/venv/lib/python3.12/site-packages/pandas/io/formats/__pycache__
[10474] e9cc7fdfa3cf40f O /home/capstone/project/venv/lib/python3.12/site-packages/pandas/io/pytables.py
[10474] e9cc7fdfa3cf40f O /home/capstone/project/venv/lib/python3.12/site-packages/pandas/io/excel/__init__.py
[10474] e9cc7fdfa3cf40f O /home/capstone/project/venv/lib/python3.12/site-packages/pandas/io/parsers/__init__.py
[10474] e9cc7fdfa3cf40f C /home/capstone/project/venv/lib/python3.12/site-packages/pandas/io/formats/__pycache__/iFire-readme.txt
[10474] e9cc7fdfa3cf40f O /home/capstone/project/venv/lib/python3.12/site-packages/pandas/io/formats/templates
[10474] e9cc7fdfa3cf40f O /home/capstone/project/test_files/000297.ppt
[10474] e9cc7fdfa3cf40f O /home/capstone/project/venv/lib/python3.12/site-packages/pandas/io/excel/_xlsxwriter.py
[10474] e9cc7fdfa3cf40f O /home/capstone/project/venv/lib/python3.12/site-packages/pandas/io/pickle.py
[10474] e9cc7fdfa3cf40f O /home/capstone/project/test_files/000328.ppt
[10474] e9cc7fdfa3cf40f O /home/capstone/project/venv/lib/python3.12/site-packages/pandas/io/parsers/__pycache__
[10474] e9cc7fdfa3cf40f O /home/capstone/project/venv/lib/python3.12/site-packages/charset_normalizer/__pycache__
[10474] e9cc7fdfa3cf40f C /home/capstone/project/venv/lib/python3.12/site-packages/pandas/io/formats/templates/iFire-readme.txt
[10474] e9cc7fdfa3cf40f O /home/capstone/project/venv/lib/python3.12/site-packages/pandas/io/formats/templates/html.tpl
[10474] e9cc7fdfa3cf40f C /home/capstone/project/venv/lib/python3.12/site-packages/charset_normalizer/__pycache__/iFire-readme.txt
[10474] e9cc7fdfa3cf40f O /home/capstone/project/venv/lib/python3.12/site-packages/pandas/io/formats/_color_data.py
[10474] e9cc7fdfa3cf40f O /home/capstone/project/venv/lib/python3.12/site-packages/pandas/io/formats/html.py
[10474] e9cc7fdfa3cf40f O /home/capstone/project/venv/lib/python3.12/site-packages/pandas/io/formats/templates/latex_table.tpl
[10474] e9cc7fdfa3cf40f O /home/capstone/project/venv/lib/python3.12/site-packages/pandas/io/clipboards.py
[10474] e9cc7fdfa3cf40f O /home/capstone/project/venv/lib/python3.12/site-packages/pandas/io/formats/templates/html_style.tpl
[10474] e9cc7fdfa3cf40f O /home/capstone/project/venv/lib/python3.12/site-packages/pandas/io/html.py
[10474] e9cc7fdfa3cf40f O /home/capstone/Downloads/000/000442.html
[10474] e9cc7fdfa3cf40f C /home/capstone/project/venv/include/iFire-readme.txt
[10474] e9cc7fdfa3cf40f O /home/capstone/project/venv/include/python3.12
[10474] e9cc7fdfa3cf40f O /home/capstone/project/test_files/000678.doc
[10474] e9cc7fdfa3cf40f O /home/capstone/project/venv/lib/python3.12/site-packages/pandas/io/_util.py
[10474] e9cc7fdfa3cf40f C /home/capstone/project/venv/include/python3.12/iFire-readme.txt
[10474] e9cc7fdfa3cf40f O /home/capstone/Downloads/000/000771.doc
[10474] e9cc7fdfa3cf40f O /home/capstone/project/test_files/000898.html
[10474] e9cc7fdfa3cf40f O /home/capstone/project/venv/lib/python3.12/site-packages/pandas/io/formats/templates/latex_longtable.tpl
[10474] e9cc7fdfa3cf40f O /home/capstone/project/malware/blackcat
[10474] e9cc7fdfa3cf40f C /home/capstone/project/malware/blackcat/iFire-readme.txt
[10474] e9cc7fdfa3cf40f O /home/capstone/project/malware/blackcat/3a08e3bfec2db5dbece359ac9662e65361a8625a0122e68b56cd5ef3aedf8ce1.zip
[10474] e9cc7fdfa3cf40f C /home/capstone/project/venv/bin/iFire-readme.txt
[10474] e9cc7fdfa3cf40f O /home/capstone/project/venv/bin/Activate.ps1
[10474] e9cc7fdfa3cf40f O /home/capstone/project/venv/lib/python3.12/site-packages/pandas/compat/numpy/__init__.py
[10474] e9cc7fdfa3cf40f O /home/capstone/project/venv/bin/pip3.12
[10474] e9cc7fdfa3cf40f O /home/capstone/project/malware
[10474] e9cc7fdfa3cf40f C /home/capstone/project/malware/iFire-readme.txt
[10474] e9cc7fdfa3cf40f O /home/capstone/project/malware/malware_metadata.csv
[10474] e9cc7fdfa3cf40f O /home/capstone/project/venv/bin/activate.csh
[10474] e9cc7fdfa3cf40f O /home/capstone/project/venv/bin/activate.fish
[10474] e9cc7fdfa3cf40f O /home/capstone/project/malware/HelloKitty
[10474] e9cc7fdfa3cf40f C /home/capstone/project/malware/HelloKitty/iFire-readme.txt
[10474] e9cc7fdfa3cf40f O /home/capstone/project/malware/HelloKitty/16a0054a277d8c26beb97850ac3e86dd0736ae6661db912b8782b4eb08cfd36e.elf
[10474] e9cc7fdfa3cf40f O /home/capstone/project/malware/lockbit
[10474] e9cc7fdfa3cf40f C /home/capstone/project/malware/lockbit/iFire-readme.txt
[10474] e9cc7fdfa3cf40f O /home/capstone/project/malware/lockbit/90b06f07eb75045ea3d4ba6577afc9b58078eafeb2cdd417e2a88d7ccf0c0273.zip
[10474] e9cc7fdfa3cf40f O /home/capstone/project/malware/HelloKitty/8f3db63f70fad912a3d5994e80ad9a6d1db6c38d119b38bc04890dfba4c4a2b2.elf
[10474] e9cc7fdfa3cf40f O /home/capstone/project/malware/HelloKitty/8f3db63f70fad912a3d5994e80ad9a6d1db6c38d119b38bc04890dfba4c4a2b2.zip
[10474] e9cc7fdfa3cf40f O /home/capstone/project/malware/HelloKitty/16a0054a277d8c26beb97850ac3e86dd0736ae6661db912b8782b4eb08cfd36e.zip
[10474] e9cc7fdfa3cf40f O /home/capstone/project/malware/HelloKitty/556e5cb5e4e77678110961c8d9260a726a363e00bf8d278e5302cb4bfccc3eed.zip
[10474] e9cc7fdfa3cf40f O /home/capstone/project/malware/HelloKitty/b4f90cff1e3900a3906c3b74f307498760462d719c31d008fc01937f5400fb85.zip
[10474] e9cc7fdfa3cf40f O /home/capstone/project/venv/lib/python3.12/site-packages/pandas/io/__init__.py
[10474] e9cc7fdfa3cf40f O /home/capstone/project/venv/lib/python3.12/site-packages/pandas/io/formats/templates/typst.tpl
[10474] e9cc7fdfa3cf40f O /home/capstone/project/malware/wiper
[10474] e9cc7fdfa3cf40f C /home/capstone/project/malware/wiper/iFire-readme.txt
[10474] e9cc7fdfa3cf40f O /home/capstone/project/malware/wiper/9b4dfaca873961174ba935fddaf696145afe7bbf5734509f95feb54f3584fd9a.elf
[10474] e9cc7fdfa3cf40f O /home/capstone/project/venv/lib/python3.12/site-packages/pandas/io/formats/templates/html_table.tpl
[10474] e9cc7fdfa3cf40f O /home/capstone/project/test_files/000107.jpg
[10474] e9cc7fdfa3cf40f O /home/capstone/project/venv/lib/python3.12/site-packages/pandas/io/formats/templates/string.tpl
[10474] e9cc7fdfa3cf40f O /home/capstone/project/malware/wiper/6a8824048417abe156a16455b8e29170f8347312894fde2aabe644c4995d7728.zip
[10474] e9cc7fdfa3cf40f O /home/capstone/project/malware/wiper/6a8824048417abe156a16455b8e29170f8347312894fde2aabe644c4995d7728.elf
[10474] e9cc7fdfa3cf40f O /home/capstone/project/test_files/000867.jpg
[10474] e9cc7fdfa3cf40f O /home/capstone/project/venv/lib/python3.12/site-packages/pandas/io/formats/templates/latex.tpl
[10474] e9cc7fdfa3cf40f O /home/capstone/project/malware/wiper/9b4dfaca873961174ba935fddaf696145afe7bbf5734509f95feb54f3584fd9a.zip
[10474] e9cc7fdfa3cf40f O /home/capstone/project/test_files/000281.doc
[10474] e9cc7fdfa3cf40f O /home/capstone/project/malware/DarkRadiation
[10474] e9cc7fdfa3cf40f C /home/capstone/project/malware/DarkRadiation/iFire-readme.txt
[10474] e9cc7fdfa3cf40f O /home/capstone/project/malware/DarkRadiation/7a15e51e5dc6a9bfe0104f731e7def854abca5154317198dad73f32e1aead740.elf
[10474] e9cc7fdfa3cf40f O /home/capstone/project/malware/lockbit/4dc06ecee904b9165fa699b026045c1b6408cc7061df3d2a7bc2b7b4f0879f4d.zip
[10474] e9cc7fdfa3cf40f O /home/capstone/project/malware/MONTI
[10474] e9cc7fdfa3cf40f C /home/capstone/project/malware/MONTI/iFire-readme.txt
[10474] e9cc7fdfa3cf40f O /home/capstone/project/malware/Babuk
[10474] e9cc7fdfa3cf40f C /home/capstone/project/malware/Babuk/iFire-readme.txt
[10474] e9cc7fdfa3cf40f O /home/capstone/project/malware/Babuk/dd5f751faed9a681dc66611ed67efb0f651837e80a0b7492051e1674d418b08c.zip
[10474] e9cc7fdfa3cf40f O /home/capstone/project/malware/Babuk/87db70368910dbf29c3dac5f39466c59631087120add02c405338706dfc369ca.elf
[10474] e9cc7fdfa3cf40f O /home/capstone/project/malware/REvil/d6762eff16452434ac1acc127f082906cc1ae5b0ff026d0d4fe725711db47763.elf
[10474] e9cc7fdfa3cf40f O /home/capstone/project/test_files/000636.html
[10474] e9cc7fdfa3cf40f O /home/capstone/project/malware/REvil/ea1872b2835128e3cb49a0bc27e4727ca33c4e6eba1e80422db19b505f965bc4.zip
[10474] e9cc7fdfa3cf40f O /home/capstone/project/malware/REvil/f864922f947a6bb7d894245b53795b54b9378c0f7633c521240488e86f60c2c5.zip
[10474] e9cc7fdfa3cf40f O /home/capstone/project/malware/REvil/a322b230a3451fd11dcfe72af4da1df07183d6aaf1ab9e062f0e6b14cf6d23cd.elf
[10474] e9cc7fdfa3cf40f O /home/capstone/project/test_files/000985.ppt
[10474] e9cc7fdfa3cf40f O /home/capstone/project/malware/REvil/ea1872b2835128e3cb49a0bc27e4727ca33c4e6eba1e80422db19b505f965bc4.elf
[10474] e9cc7fdfa3cf40f O /home/capstone/project/malware/REvil/d6762eff16452434ac1acc127f082906cc1ae5b0ff026d0d4fe725711db47763.zip
[10474] e9cc7fdfa3cf40f O /home/capstone/project/malware/Babuk/6891ccff8e2a1c8fcbc89d7e34b7ce715b22df23ab4a157389d1bea76cfc13d8.zip
[10474] e9cc7fdfa3cf40f O /home/capstone/project/malware/Babuk/6891ccff8e2a1c8fcbc89d7e34b7ce715b22df23ab4a157389d1bea76cfc13d8.elf
[10474] e9cc7fdfa3cf40f O /home/capstone/project/malware/REvil/a322b230a3451fd11dcfe72af4da1df07183d6aaf1ab9e062f0e6b14cf6d23cd.zip
[10474] e9cc7fdfa3cf40f O /home/capstone/project/malware/IceFire
[10474] e9cc7fdfa3cf40f O /home/capstone/project/malware/lockbit/90b06f07eb75045ea3d4ba6577afc9b58078eafeb2cdd417e2a88d7ccf0c0273.elf
[10474] e9cc7fdfa3cf40f C /home/capstone/project/malware/IceFire/iFire-readme.txt
[10474] e9cc7fdfa3cf40f O /home/capstone/project/malware/blackcat/133e003cc510e3d2d0c7df70a603448605641256c88ce64a3bcabb762295d622.zip
[10474] e9cc7fdfa3cf40f O /home/capstone/project/malware/IceFire/e9cc7fdfa3cf40ff9c3db0248a79f4817b170f2660aa2b2ed6c551eae1c38e0b.zip
[10474] e9cc7fdfa3cf40f O /home/capstone/project/malware/Babuk/bed5049fe66cfdbde47b6d4530a1512341752e6190e50ddf902121a9d9461f6b.elf
[10474] e9cc7fdfa3cf40f O /home/capstone/project/malware/Babuk/dd5f751faed9a681dc66611ed67efb0f651837e80a0b7492051e1674d418b08c.elf
[10474] e9cc7fdfa3cf40f O /home/capstone/project/malware/Babuk/a1145bfafd1fe4ab5db7d03836af4289d0622bf596f30a50320accb02e337157.elf
[10474] e9cc7fdfa3cf40f O /home/capstone/project/malware/Babuk/dc90560d7198bf824b65ba2cfbe403d84d38113f41a1aa2f37f8d827fd9e0ceb.elf
[10474] e9cc7fdfa3cf40f O /home/capstone/project/malware/IceFire/e9cc7fdfa3cf40ff9c3db0248a79f4817b170f2660aa2b2ed6c551eae1c38e0b.elf
[10474] e9cc7fdfa3cf40f O /home/capstone/project/malware/AvosLocker
[10474] e9cc7fdfa3cf40f O /home/capstone/Documents
[10474] e9cc7fdfa3cf40f O /home/capstone/project/malware/MONTI/edfe81babf50c2506853fd8375f1be0b7bebbefb2e5e9a33eff95ec23e867de1.zip
[10474] e9cc7fdfa3cf40f C /home/capstone/project/malware/AvosLocker/iFire-readme.txt
[10474] e9cc7fdfa3cf40f O /home/capstone/project/malware/AvosLocker/10ab76cd6d6b50d26fde5fe54e8d80fceeb744de8dbafddff470939fac6a98c4.elf
[10474] e9cc7fdfa3cf40f O /home/capstone/project/malware/Babuk/53bf41beef030d39bf962e0a267544cc6fc7f67954e14d6bdf3de7738f3e6e9f.elf
[10474] e9cc7fdfa3cf40f O /home/capstone/project/malware/Babuk/53bf41beef030d39bf962e0a267544cc6fc7f67954e14d6bdf3de7738f3e6e9f.zip
[10474] e9cc7fdfa3cf40f C /home/capstone/Documents/iFire-readme.txt
[10474] e9cc7fdfa3cf40f O /home/capstone/Public
[10474] e9cc7fdfa3cf40f C /home/capstone/Public/iFire-readme.txt
[10474] e9cc7fdfa3cf40f O /home/capstone/project/malware/Babuk/113c3c3aeafbc59615cc23cd47b0cb1f22145ed6d7bfeca283c3fdf4d8076881.zip
[10474] e9cc7fdfa3cf40f O /home/capstone/project/malware/Babuk/a1145bfafd1fe4ab5db7d03836af4289d0622bf596f30a50320accb02e337157.zip
[10474] e9cc7fdfa3cf40f O /home/capstone/project/malware/Babuk/031971b9ccb57c1a7cf25bbd58533a6b1b1e760b2f080cb2be5e2522c0d90053.elf
[10474] e9cc7fdfa3cf40f O /home/capstone/project/malware/blackcat/c0e70e69d8f7432383fa37528cd42db764b73dd08eb75d72229c2a0d02e538cc.zip
[10474] e9cc7fdfa3cf40f O /home/capstone/project/malware/Babuk/dc90560d7198bf824b65ba2cfbe403d84d38113f41a1aa2f37f8d827fd9e0ceb.zip
[10474] e9cc7fdfa3cf40f O /home/capstone/project/malware/Babuk/87db70368910dbf29c3dac5f39466c59631087120add02c405338706dfc369ca.zip
[10474] e9cc7fdfa3cf40f O /home/capstone/project/malware/Babuk/031971b9ccb57c1a7cf25bbd58533a6b1b1e760b2f080cb2be5e2522c0d90053.zip
[10474] e9cc7fdfa3cf40f O /home/capstone/project/malware/Babuk/bed5049fe66cfdbde47b6d4530a1512341752e6190e50ddf902121a9d9461f6b.zip
[10474] e9cc7fdfa3cf40f O /home/capstone/project/malware/Babuk/113c3c3aeafbc59615cc23cd47b0cb1f22145ed6d7bfeca283c3fdf4d8076881.elf
[10474] e9cc7fdfa3cf40f O /home/capstone/project/test_files/000988.ppt
[10474] e9cc7fdfa3cf40f O /home/capstone/project/malware/AvosLocker/7c935dcd672c4854495f41008120288e8e1c144089f1f06a23bd0a0f52a544b1.zip
[10474] e9cc7fdfa3cf40f O /home/capstone/project/test_files/000054.xls
[10474] e9cc7fdfa3cf40f O /home/capstone/project/malware/AvosLocker/10ab76cd6d6b50d26fde5fe54e8d80fceeb744de8dbafddff470939fac6a98c4.zip
[10474] e9cc7fdfa3cf40f O /home/capstone/project/test_files/000739.pdf
[10474] e9cc7fdfa3cf40f O /home/capstone/Downloads/000/000122.doc
[10474] e9cc7fdfa3cf40f O /home/capstone/project/malware/AvosLocker/7c935dcd672c4854495f41008120288e8e1c144089f1f06a23bd0a0f52a544b1.elf
[10474] e9cc7fdfa3cf40f O /home/capstone/Downloads/000/000007.doc
[10474] e9cc7fdfa3cf40f O /home/capstone/Downloads/000/000754.gz
[10474] e9cc7fdfa3cf40f O /home/capstone/project/malware/AvosLocker/e9a7b43acdddc3d2101995a2e2072381449054a7d8d381e6dc6ed64153c9c96a.elf
[10474] e9cc7fdfa3cf40f O /home/capstone/Downloads/000/000223.f
[10474] e9cc7fdfa3cf40f O /home/capstone/Downloads/000/000633.xls
[10474] e9cc7fdfa3cf40f O /home/capstone/project/malware/AvosLocker/d7112a1e1c68c366c05bbede9dbe782bb434231f84e5a72a724cc8345d8d9d13.elf
[10474] e9cc7fdfa3cf40f O /home/capstone/project/malware/blackcat/c0e70e69d8f7432383fa37528cd42db764b73dd08eb75d72229c2a0d02e538cc.elf
[10474] e9cc7fdfa3cf40f O /home/capstone/project/malware/AvosLocker/cdca6936b880ab4559d3d96101e38f0cf58b87d07b0c7bf708d078c2bf209460.elf
[10474] e9cc7fdfa3cf40f O /home/capstone/project/malware/AvosLocker/e9a7b43acdddc3d2101995a2e2072381449054a7d8d381e6dc6ed64153c9c96a.zip
[10474] e9cc7fdfa3cf40f O /home/capstone/project/malware/AvosLocker/d7112a1e1c68c366c05bbede9dbe782bb434231f84e5a72a724cc8345d8d9d13.zip
[10474] e9cc7fdfa3cf40f O /home/capstone/project/malware/AvosLocker/0cd7b6ea8857ce827180342a1c955e79c3336a6cf2000244e5cfd4279c5fc1b6.zip
[10474] e9cc7fdfa3cf40f O /home/capstone/project/malware/AvosLocker/0cd7b6ea8857ce827180342a1c955e79c3336a6cf2000244e5cfd4279c5fc1b6.elf
[10474] e9cc7fdfa3cf40f O /home/capstone/project/test_files/000430.html
[10474] e9cc7fdfa3cf40f O /home/capstone/project/test_files/000042.xls
[10474] e9cc7fdfa3cf40f O /home/capstone/project/test_files/000824.html
[10474] e9cc7fdfa3cf40f O /home/capstone/project/test_files/000205.html
[10474] e9cc7fdfa3cf40f O /home/capstone/project/test_files/000287.doc
[8185] pool-org.gnome. O /home/capstone/project/malware/IceFire/e9cc7fdfa3cf40ff9c3db0248a79f4817b170f2660aa2b2ed6c551eae1c38e0b.zip.iFire
[8185] pool-org.gnome. O /home/capstone/project/malware/IceFire/e9cc7fdfa3cf40ff9c3db0248a79f4817b170f2660aa2b2ed6c551eae1c38e0b.zip.iFire
[10474] e9cc7fdfa3cf40f O /home/capstone/project/test_files/000402.xls
[10474] e9cc7fdfa3cf40f O /home/capstone/project/test_files/000263.pdf
[10474] e9cc7fdfa3cf40f O /home/capstone/project/test_files/000293.ppt
[10474] e9cc7fdfa3cf40f O /home/capstone/project/test_files/000135.pdf
[10474] e9cc7fdfa3cf40f O /home/capstone/project/test_files/000126.doc
[10474] e9cc7fdfa3cf40f O /home/capstone/Downloads/000/000720.ppt
[10474] e9cc7fdfa3cf40f O /home/capstone/project/malware/blackcat/40da7968b86654b9af30178540a4cacaf1c61476c4fcb95e438697bb5e47854f.zip
[10474] e9cc7fdfa3cf40f O /home/capstone/Downloads/000/000617.html
[10474] e9cc7fdfa3cf40f O /home/capstone/Downloads/000/000132.doc
[10474] e9cc7fdfa3cf40f O /home/capstone/project/test_files/000316.pdf
[10474] e9cc7fdfa3cf40f O /home/capstone/Downloads/000/000186.html
[10474] e9cc7fdfa3cf40f O /home/capstone/project/malware/blackcat/5121f08cf8614a65d7a86c2f462c0694c132e2877a7f54ab7fcefd7ee5235a42.zip
[10474] e9cc7fdfa3cf40f O /home/capstone/project/malware/blackcat/69417ec104c1dd07e5067110d6e7f3c643c534d14db65a704bc0c14c223c3001.zip
[10474] e9cc7fdfa3cf40f O /home/capstone/project/test_files/000780.xls
[10474] e9cc7fdfa3cf40f O /home/capstone/Downloads/000/000804.doc
[10474] e9cc7fdfa3cf40f O /home/capstone/Downloads/000/000629.pdf
[10474] e9cc7fdfa3cf40f O /home/capstone/project/test_files/000563.gif
[10474] e9cc7fdfa3cf40f O /home/capstone/project/malware/blackcat/40da7968b86654b9af30178540a4cacaf1c61476c4fcb95e438697bb5e47854f.elf
[10474] e9cc7fdfa3cf40f O /home/capstone/project/test_files/000001.doc
[10474] e9cc7fdfa3cf40f O /home/capstone/project/test_files/000185.html
[10474] e9cc7fdfa3cf40f O /home/capstone/project/test_files/000340.pdf
[10474] e9cc7fdfa3cf40f O /home/capstone/Downloads/000/000004.doc
[10474] e9cc7fdfa3cf40f O /home/capstone/Downloads/000/000970.doc
[10474] e9cc7fdfa3cf40f O /home/capstone/Downloads/000/000530.gif
[10474] e9cc7fdfa3cf40f O /home/capstone/project/malware/blackcat/45b8678f74d29c87e2d06410245ab6c2762b76190594cafc9543fb9db90f3d4f.elf
[10474] e9cc7fdfa3cf40f O /home/capstone/project/malware/blackcat/133e003cc510e3d2d0c7df70a603448605641256c88ce64a3bcabb762295d622.elf
[10474] e9cc7fdfa3cf40f O /home/capstone/Downloads/000/000165.ppt
[10474] e9cc7fdfa3cf40f O /home/capstone/project/malware/blackcat/69417ec104c1dd07e5067110d6e7f3c643c534d14db65a704bc0c14c223c3001.elf
[10474] e9cc7fdfa3cf40f O /home/capstone/project/test_files/000154.doc
[10474] e9cc7fdfa3cf40f O /home/capstone/project/malware/blackcat/f8c08d00ff6e8c6adb1a93cd133b19302d0b651afd73ccb54e3b6ac6c60d99c6.zip
[10474] e9cc7fdfa3cf40f O /home/capstone/project/malware/blackcat/3a08e3bfec2db5dbece359ac9662e65361a8625a0122e68b56cd5ef3aedf8ce1.elf
[10474] e9cc7fdfa3cf40f O /home/capstone/project/malware/blackcat/45b8678f74d29c87e2d06410245ab6c2762b76190594cafc9543fb9db90f3d4f.zip
[10474] e9cc7fdfa3cf40f O /home/capstone/Downloads/000/000320.ppt
[10474] e9cc7fdfa3cf40f O /home/capstone/project/test_files/000538.gif
[10474] e9cc7fdfa3cf40f O /home/capstone/project/malware/blackcat/f8c08d00ff6e8c6adb1a93cd133b19302d0b651afd73ccb54e3b6ac6c60d99c6.elf
[10474] e9cc7fdfa3cf40f O /home/capstone/project/malware/blackcat/5121f08cf8614a65d7a86c2f462c0694c132e2877a7f54ab7fcefd7ee5235a42.elf
[10474] e9cc7fdfa3cf40f O /home/capstone/project/test_files/000147.pdf
[10474] e9cc7fdfa3cf40f O /home/capstone/project/test_files/000257.rtf
[10474] e9cc7fdfa3cf40f O /home/capstone/Downloads/000/000071.html
[10474] e9cc7fdfa3cf40f O /home/capstone/Downloads/000/000845.swf
[10474] e9cc7fdfa3cf40f O /home/capstone/project/test_files/000120.doc
[10474] e9cc7fdfa3cf40f O /home/capstone/project/test_files/000635.html
[10474] e9cc7fdfa3cf40f O /home/capstone/Downloads/000/000022.pdf
[10474] e9cc7fdfa3cf40f O /home/capstone/Downloads/000/000572.pdf
[10474] e9cc7fdfa3cf40f O /home/capstone/project/test_files/000946.doc
[10474] e9cc7fdfa3cf40f O /home/capstone/Downloads/000/000778.xls
[10474] e9cc7fdfa3cf40f O /home/capstone/project/test_files/000774.ps
[10474] e9cc7fdfa3cf40f O /home/capstone/Downloads/000/000069.html
[10474] e9cc7fdfa3cf40f O /home/capstone/Downloads/000/000592.pdf
[10474] e9cc7fdfa3cf40f O /home/capstone/Downloads/000/000701.doc
[10474] e9cc7fdfa3cf40f O /home/capstone/Downloads/000/000206.html
[10474] e9cc7fdfa3cf40f O /home/capstone/Downloads/000/000034.xls
[10474] e9cc7fdfa3cf40f O /home/capstone/project/test_files/000719.ppt
[10474] e9cc7fdfa3cf40f O /home/capstone/project/test_files/000826.pdf
[10474] e9cc7fdfa3cf40f O /home/capstone/project/test_files/000770.pdf
[10474] e9cc7fdfa3cf40f O /home/capstone/project/test_files/000764.csv
[10474] e9cc7fdfa3cf40f O /home/capstone/project/test_files/000323.ppt
[10474] e9cc7fdfa3cf40f O /home/capstone/project/test_files/000077.html
[10474] e9cc7fdfa3cf40f O /home/capstone/project/test_files/000438.html
[10474] e9cc7fdfa3cf40f O /home/capstone/project/test_files/000351.pdf
[10474] e9cc7fdfa3cf40f O /home/capstone/project/test_files/000401.xls
[10474] e9cc7fdfa3cf40f O /home/capstone/project/test_files/000270.pdf
[10474] e9cc7fdfa3cf40f O /home/capstone/project/test_files/000028.pdf
[10474] e9cc7fdfa3cf40f O /home/capstone/Downloads/000/000353.pdf
[10474] e9cc7fdfa3cf40f O /home/capstone/project/test_files/000776.xls
[10474] e9cc7fdfa3cf40f O /home/capstone/Downloads/000/000334.pdf
[10474] e9cc7fdfa3cf40f O /home/capstone/Downloads/000/000529.gif
[10474] e9cc7fdfa3cf40f O /home/capstone/Downloads/000/000901.pdf
[10474] e9cc7fdfa3cf40f O /home/capstone/Downloads/000/000743.log
[10474] e9cc7fdfa3cf40f O /home/capstone/Downloads/000/000969.jpg
[10474] e9cc7fdfa3cf40f O /home/capstone/project/test_files/000123.html
[10474] e9cc7fdfa3cf40f O /home/capstone/Downloads/000/000332.pdf
[10474] e9cc7fdfa3cf40f O /home/capstone/project/test_files/000252.pdf
[10474] e9cc7fdfa3cf40f O /home/capstone/project/test_files/000168.pdf
[10474] e9cc7fdfa3cf40f O /home/capstone/Downloads/000/000433.html
[10474] e9cc7fdfa3cf40f O /home/capstone/Downloads/000/000488.unk
[10474] e9cc7fdfa3cf40f O /home/capstone/project/test_files/000417.jpg
[10474] e9cc7fdfa3cf40f O /home/capstone/Downloads/000/000216.html
[10474] e9cc7fdfa3cf40f O /home/capstone/project/test_files/000312.ppt
[10474] e9cc7fdfa3cf40f O /home/capstone/Downloads/000/000428.html
[10474] e9cc7fdfa3cf40f O /home/capstone/Downloads/000/000241.gif
[10474] e9cc7fdfa3cf40f O /home/capstone/Downloads/000/000875.html
[10474] e9cc7fdfa3cf40f O /home/capstone/Downloads/000/000449.html
[10474] e9cc7fdfa3cf40f O /home/capstone/Downloads/000/000212.html
[10474] e9cc7fdfa3cf40f O /home/capstone/Downloads/000/000710.ppt
[10474] e9cc7fdfa3cf40f O /home/capstone/project/test_files/000630.pdf
[10474] e9cc7fdfa3cf40f O /home/capstone/project/test_files/000537.gif
[10474] e9cc7fdfa3cf40f O /home/capstone/project/test_files/000194.html
[10474] e9cc7fdfa3cf40f O /home/capstone/project/test_files/000396.xls
[10474] e9cc7fdfa3cf40f O /home/capstone/Downloads/000/000584.pdf
[10474] e9cc7fdfa3cf40f O /home/capstone/project/test_files/000790.doc
[10474] e9cc7fdfa3cf40f O /home/capstone/Downloads/000/000756.csv
[10474] e9cc7fdfa3cf40f O /home/capstone/project/test_files/000196.pdf
[10474] e9cc7fdfa3cf40f O /home/capstone/project/test_files/000688.gif
[10474] e9cc7fdfa3cf40f O /home/capstone/project/test_files/000907.html
[10474] e9cc7fdfa3cf40f O /home/capstone/project/test_files/000262.pdf
[10474] e9cc7fdfa3cf40f O /home/capstone/project/test_files/000201.html
[10474] e9cc7fdfa3cf40f O /home/capstone/project/test_files/000684.jpg
[10474] e9cc7fdfa3cf40f O /home/capstone/Downloads/000/000193.html
[10474] e9cc7fdfa3cf40f O /home/capstone/project/test_files/000149.pdf
[10474] e9cc7fdfa3cf40f O /home/capstone/Downloads/000/000318.ppt
[10474] e9cc7fdfa3cf40f O /home/capstone/Downloads/000/000984.ppt
[10474] e9cc7fdfa3cf40f O /home/capstone/project/test_files/000523.png
[10474] e9cc7fdfa3cf40f O /home/capstone/Downloads/000/000409.html
[10474] e9cc7fdfa3cf40f O /home/capstone/Downloads/000/000583.pdf
[10474] e9cc7fdfa3cf40f O /home/capstone/project/test_files/000604.html
[10474] e9cc7fdfa3cf40f O /home/capstone/Downloads/000/000557.ppt
[10474] e9cc7fdfa3cf40f O /home/capstone/project/test_files/000210.html
[10474] e9cc7fdfa3cf40f O /home/capstone/project/test_files/000954.pdf
[10474] e9cc7fdfa3cf40f O /home/capstone/project/test_files/000404.jpg
[10474] e9cc7fdfa3cf40f O /home/capstone/project/test_files/000564.csv
[10474] e9cc7fdfa3cf40f O /home/capstone/Downloads/000/000687.doc
[10474] e9cc7fdfa3cf40f O /home/capstone/Downloads/000/000117.rtf
[10474] e9cc7fdfa3cf40f O /home/capstone/Downloads/000/000365.pdf
[10474] e9cc7fdfa3cf40f O /home/capstone/Downloads/000/000721.csv
[10474] e9cc7fdfa3cf40f O /home/capstone/Downloads/000/000118.doc
[10474] e9cc7fdfa3cf40f O /home/capstone/Downloads/000/000516.jpg
[10474] e9cc7fdfa3cf40f O /home/capstone/Downloads/000/000289.ppt
[10474] e9cc7fdfa3cf40f O /home/capstone/Downloads/000/000994.ppt
[10474] e9cc7fdfa3cf40f O /home/capstone/Downloads/000/000608.html
[10474] e9cc7fdfa3cf40f O /home/capstone/Downloads/000/000628.pdf
[10474] e9cc7fdfa3cf40f O /home/capstone/Downloads/000/000319.ppt
[10474] e9cc7fdfa3cf40f O /home/capstone/Downloads/000/000457.html
[10474] e9cc7fdfa3cf40f O /home/capstone/Downloads/000/000956.pdf
[10474] e9cc7fdfa3cf40f O /home/capstone/Downloads/000/000987.ppt
[10474] e9cc7fdfa3cf40f O /home/capstone/Downloads/000/000803.rtf
[10474] e9cc7fdfa3cf40f O /home/capstone/project/test_files/000830.html
[10474] e9cc7fdfa3cf40f O /home/capstone/project/test_files/000336.pdf
[10474] e9cc7fdfa3cf40f O /home/capstone/project/test_files/000775.xls
[10474] e9cc7fdfa3cf40f O /home/capstone/project/test_files/000550.jpg
[10474] e9cc7fdfa3cf40f O /home/capstone/Downloads/000/000542.gif
[10474] e9cc7fdfa3cf40f O /home/capstone/project/test_files/000376.dbase3
[10474] e9cc7fdfa3cf40f O /home/capstone/project/test_files/000870.jpg
[10474] e9cc7fdfa3cf40f O /home/capstone/Downloads/000/000076.html
[10474] e9cc7fdfa3cf40f O /home/capstone/Downloads/000/000425.html
[10474] e9cc7fdfa3cf40f O /home/capstone/project/test_files/000586.pdf
[10474] e9cc7fdfa3cf40f O /home/capstone/Downloads/000/000305.ppt
[10474] e9cc7fdfa3cf40f O /home/capstone/project/test_files/000712.ppt
[10474] e9cc7fdfa3cf40f O /home/capstone/project/test_files/000993.ppt
[10474] e9cc7fdfa3cf40f O /home/capstone/Downloads/000/000609.html
[10474] e9cc7fdfa3cf40f O /home/capstone/project/test_files/000672.pdf
[10474] e9cc7fdfa3cf40f O /home/capstone/Downloads/000/000059.html
[10474] e9cc7fdfa3cf40f O /home/capstone/Downloads/000/000580.pdf
[10474] e9cc7fdfa3cf40f O /home/capstone/Downloads/000/000476.jpg
[10474] e9cc7fdfa3cf40f O /home/capstone/Downloads/000/000139.doc
[10474] e9cc7fdfa3cf40f O /home/capstone/Downloads/000/000482.ps
[10474] e9cc7fdfa3cf40f O /home/capstone/Downloads/000/000101.doc
[10474] e9cc7fdfa3cf40f O /home/capstone/Downloads/000/000805.html
[10474] e9cc7fdfa3cf40f O /home/capstone/Downloads/000/000796.doc
[10474] e9cc7fdfa3cf40f O /home/capstone/Downloads/000/000419.jpg
[10474] e9cc7fdfa3cf40f O /home/capstone/Downloads/000/000949.doc
[10474] e9cc7fdfa3cf40f O /home/capstone/project/test_files/000979.doc
[10474] e9cc7fdfa3cf40f O /home/capstone/Downloads/000/000511.gif
[10474] e9cc7fdfa3cf40f O /home/capstone/Downloads/000/000902.jpg
[10474] e9cc7fdfa3cf40f O /home/capstone/Downloads/000/000455.html
[10474] e9cc7fdfa3cf40f O /home/capstone/Downloads/000/000352.pdf
[10474] e9cc7fdfa3cf40f O /home/capstone/Downloads/000/000393.xls
[10474] e9cc7fdfa3cf40f O /home/capstone/project/test_files/000299.ppt
[10474] e9cc7fdfa3cf40f O /home/capstone/Downloads/000/000877.html
[10474] e9cc7fdfa3cf40f O /home/capstone/project/test_files/000674.pdf
[10474] e9cc7fdfa3cf40f O /home/capstone/Downloads/000/000314.pdf
[10474] e9cc7fdfa3cf40f O /home/capstone/Downloads/000/000424.html
[10474] e9cc7fdfa3cf40f O /home/capstone/Downloads/000/000213.html
[10474] e9cc7fdfa3cf40f O /home/capstone/Downloads/000/000384.xls
[10474] e9cc7fdfa3cf40f O /home/capstone/Downloads/000/000184.html
[10474] e9cc7fdfa3cf40f O /home/capstone/Downloads/000/000451.html
[10474] e9cc7fdfa3cf40f O /home/capstone/Downloads/000/000854.pdf
[10474] e9cc7fdfa3cf40f O /home/capstone/Downloads/000/000696.doc
[10474] e9cc7fdfa3cf40f O /home/capstone/Downloads/000/000000.swf
[10474] e9cc7fdfa3cf40f O /home/capstone/Downloads/000/000759.doc
[10474] e9cc7fdfa3cf40f O /home/capstone/Downloads/000/000072.html
[10474] e9cc7fdfa3cf40f O /home/capstone/Downloads/000/000434.html
[10474] e9cc7fdfa3cf40f O /home/capstone/Downloads/000/000717.ppt
[10474] e9cc7fdfa3cf40f O /home/capstone/Downloads/000/000887.pdf
[10474] e9cc7fdfa3cf40f O /home/capstone/Downloads/000/000307.ppt
[10474] e9cc7fdfa3cf40f O /home/capstone/Downloads/000/000027.csv
[10474] e9cc7fdfa3cf40f O /home/capstone/Downloads/000/000806.doc
[10474] e9cc7fdfa3cf40f O /home/capstone/project/test_files/000291.ppt
[10474] e9cc7fdfa3cf40f O /home/capstone/Downloads/000/000992.ppt
[10474] e9cc7fdfa3cf40f O /home/capstone/Downloads/000/000342.pdf
[10474] e9cc7fdfa3cf40f O /home/capstone/Downloads/000/000049.xls
[10474] e9cc7fdfa3cf40f O /home/capstone/project/test_files/000540.jpg
[10474] e9cc7fdfa3cf40f O /home/capstone/project/test_files/000744.pdf
[10474] e9cc7fdfa3cf40f O /home/capstone/Downloads/000/000232.jpg
[10474] e9cc7fdfa3cf40f O /home/capstone/Downloads/000/000839.pdf
[10474] e9cc7fdfa3cf40f O /home/capstone/Downloads/000/000182.html
[10474] e9cc7fdfa3cf40f O /home/capstone/Downloads/000/000733.ps
[10474] e9cc7fdfa3cf40f O /home/capstone/Downloads/000/000676.pdf
[10474] e9cc7fdfa3cf40f O /home/capstone/Downloads/000/000432.jpg
[10474] e9cc7fdfa3cf40f O /home/capstone/Downloads/000/000698.log
[10474] e9cc7fdfa3cf40f O /home/capstone/project/test_files/000315.ppt
[10474] e9cc7fdfa3cf40f O /home/capstone/Downloads/000/000957.doc
[10474] e9cc7fdfa3cf40f O /home/capstone/project/test_files/000152.pdf
[10474] e9cc7fdfa3cf40f O /home/capstone/Downloads/000/000762.pdf
[10474] e9cc7fdfa3cf40f O /home/capstone/Downloads/000/000045.xls
[10474] e9cc7fdfa3cf40f O /home/capstone/project/test_files/000694.html
[10474] e9cc7fdfa3cf40f O /home/capstone/project/test_files/000983.ppt
[10474] e9cc7fdfa3cf40f O /home/capstone/project/test_files/000385.xls
[10474] e9cc7fdfa3cf40f O /home/capstone/project/test_files/000904.pdf
[10474] e9cc7fdfa3cf40f O /home/capstone/Downloads/000/000380.pdf
[10474] e9cc7fdfa3cf40f O /home/capstone/project/test_files/000311.ppt
[10474] e9cc7fdfa3cf40f O /home/capstone/Downloads/000/000412.html
[10474] e9cc7fdfa3cf40f O /home/capstone/Downloads/000/000888.jpg
[10474] e9cc7fdfa3cf40f O /home/capstone/project/test_files/000783.html
[10474] e9cc7fdfa3cf40f O /home/capstone/project/test_files/000814.html
[10474] e9cc7fdfa3cf40f O /home/capstone/project/test_files/000723.ppt
[10474] e9cc7fdfa3cf40f O /home/capstone/project/test_files/000527.gif
[10474] e9cc7fdfa3cf40f O /home/capstone/project/test_files/000278.doc
[10474] e9cc7fdfa3cf40f O /home/capstone/Downloads/000/000512.jpg
[10474] e9cc7fdfa3cf40f O /home/capstone/Downloads/000/000546.jpg
[10474] e9cc7fdfa3cf40f O /home/capstone/project/test_files/000264.doc
[10474] e9cc7fdfa3cf40f O /home/capstone/project/test_files/000543.gif
[10474] e9cc7fdfa3cf40f O /home/capstone/project/test_files/000202.html
[10474] e9cc7fdfa3cf40f O /home/capstone/Downloads/000/000397.jpg
[10474] e9cc7fdfa3cf40f O /home/capstone/Downloads/000/000290.ppt
[10474] e9cc7fdfa3cf40f O /home/capstone/Downloads/000/000506.jpg
[10474] e9cc7fdfa3cf40f O /home/capstone/project/test_files/000738.pdf
[10474] e9cc7fdfa3cf40f O /home/capstone/project/test_files/000181.ppt
[10474] e9cc7fdfa3cf40f O /home/capstone/Downloads/000/000823.html
[10474] e9cc7fdfa3cf40f O /home/capstone/Downloads/000/000423.html
[10474] e9cc7fdfa3cf40f O /home/capstone/Downloads/000/000234.jpg
[10474] e9cc7fdfa3cf40f O /home/capstone/Downloads/000/000521.jpg
[10474] e9cc7fdfa3cf40f O /home/capstone/Downloads/000/000966.doc
[10474] e9cc7fdfa3cf40f O /home/capstone/project/test_files/000873.jpg
[10474] e9cc7fdfa3cf40f O /home/capstone/Downloads/000/000727.ppt
[10474] e9cc7fdfa3cf40f O /home/capstone/project/test_files/000582.pdf
[10474] e9cc7fdfa3cf40f O /home/capstone/Downloads/000/000026.pdf
[10474] e9cc7fdfa3cf40f O /home/capstone/Downloads/000/000150.pdf
[10474] e9cc7fdfa3cf40f O /home/capstone/project/test_files/000303.ppt
[10474] e9cc7fdfa3cf40f O /home/capstone/Downloads/000/000618.pdf
[10474] e9cc7fdfa3cf40f O /home/capstone/project/test_files/000055.xls
[10474] e9cc7fdfa3cf40f O /home/capstone/Downloads/000/000249.doc
[10474] e9cc7fdfa3cf40f O /home/capstone/Downloads/000/000726.html
[10474] e9cc7fdfa3cf40f O /home/capstone/Downloads/000/000203.html
[10474] e9cc7fdfa3cf40f O /home/capstone/Downloads/000/000951.html
[10474] e9cc7fdfa3cf40f O /home/capstone/Downloads/000/000395.xls
[10474] e9cc7fdfa3cf40f O /home/capstone/Downloads/000/000237.jpg
[10474] e9cc7fdfa3cf40f O /home/capstone/Downloads/000/000002.doc
[10474] e9cc7fdfa3cf40f O /home/capstone/Downloads/000/000458.html
[10474] e9cc7fdfa3cf40f O /home/capstone/Downloads/000/000047.xls
[10474] e9cc7fdfa3cf40f O /home/capstone/Downloads/000/000767.ps
[10474] e9cc7fdfa3cf40f O /home/capstone/Downloads/000/000070.html
[10474] e9cc7fdfa3cf40f O /home/capstone/Downloads/000/000208.pdf
[10474] e9cc7fdfa3cf40f O /home/capstone/Downloads/000/000974.doc
[10474] e9cc7fdfa3cf40f O /home/capstone/Downloads/000/000309.ppt
[10474] e9cc7fdfa3cf40f O /home/capstone/Downloads/000/000999.ppt
[10474] e9cc7fdfa3cf40f O /home/capstone/Downloads/000/000886.pdf
[10474] e9cc7fdfa3cf40f O /home/capstone/Downloads/000/000349.pdf
[10474] e9cc7fdfa3cf40f O /home/capstone/Downloads/000/000346.pdf
[10474] e9cc7fdfa3cf40f O /home/capstone/Downloads/000/000238.jpg
[10474] e9cc7fdfa3cf40f O /home/capstone/Downloads/000/000273.doc
[10474] e9cc7fdfa3cf40f O /home/capstone/Downloads/000/000331.pdf
[10474] e9cc7fdfa3cf40f O /home/capstone/Downloads/000/000560.ppt
[10474] e9cc7fdfa3cf40f O /home/capstone/Downloads/000/000919.html
[10474] e9cc7fdfa3cf40f O /home/capstone/Downloads/000/000536.jpg
[10474] e9cc7fdfa3cf40f O /home/capstone/Downloads/000/000895.html
[10474] e9cc7fdfa3cf40f O /home/capstone/Downloads/000/000452.html
[10474] e9cc7fdfa3cf40f O /home/capstone/Downloads/000/000426.html
[10474] e9cc7fdfa3cf40f O /home/capstone/Downloads/000/000982.ppt
[10474] e9cc7fdfa3cf40f O /home/capstone/Downloads/000/000236.pdf
[10474] e9cc7fdfa3cf40f O /home/capstone/Downloads/000/000989.ppt
[10474] e9cc7fdfa3cf40f O /home/capstone/Downloads/000/000337.pdf
[10474] e9cc7fdfa3cf40f O /home/capstone/Downloads/000/000258.rtf
[10474] e9cc7fdfa3cf40f O /home/capstone/Downloads/000/000765.log
[10474] e9cc7fdfa3cf40f O /home/capstone/Downloads/000/000378.xls
[10474] e9cc7fdfa3cf40f O /home/capstone/Downloads/000/000127.doc
[10474] e9cc7fdfa3cf40f O /home/capstone/Downloads/000/000889.jpg
[10474] e9cc7fdfa3cf40f O /home/capstone/Downloads/000/000253.doc
[10474] e9cc7fdfa3cf40f O /home/capstone/Downloads/000/000539.jpg
[10474] e9cc7fdfa3cf40f O /home/capstone/Downloads/000/000784.html
[10474] e9cc7fdfa3cf40f O /home/capstone/Downloads/000/000972.gif
[10474] e9cc7fdfa3cf40f O /home/capstone/Downloads/000/000119.doc
[10474] e9cc7fdfa3cf40f O /home/capstone/Downloads/000/000386.xls
[10474] e9cc7fdfa3cf40f O /home/capstone/Downloads/000/000597.html
[10474] e9cc7fdfa3cf40f O /home/capstone/Downloads/000/000750.pdf
[10474] e9cc7fdfa3cf40f O /home/capstone/Downloads/000/000256.doc
[10474] e9cc7fdfa3cf40f O /home/capstone/Downloads/000/000439.html
[10474] e9cc7fdfa3cf40f O /home/capstone/Downloads/000/000495.unk
[10474] e9cc7fdfa3cf40f O /home/capstone/Downloads/000/000248.doc
[10474] e9cc7fdfa3cf40f O /home/capstone/Downloads/000/000060.html
[10474] e9cc7fdfa3cf40f O /home/capstone/Downloads/000/000137.pdf
[10474] e9cc7fdfa3cf40f O /home/capstone/Downloads/000/000945.pdf
[10474] e9cc7fdfa3cf40f O /home/capstone/Downloads/000/000406.xls
[10474] e9cc7fdfa3cf40f O /home/capstone/project/test_files/000816.pdf
[10474] e9cc7fdfa3cf40f O /home/capstone/Downloads/000/000080.html
[10474] e9cc7fdfa3cf40f O /home/capstone/Downloads/000/000348.pdf
[10474] e9cc7fdfa3cf40f O /home/capstone/project/test_files/000015.pdf
[10474] e9cc7fdfa3cf40f O /home/capstone/project/test_files/000361.pdf
[10474] e9cc7fdfa3cf40f O /home/capstone/project/test_files/000013.pdf
[10474] e9cc7fdfa3cf40f O /home/capstone/Downloads/000/000558.ppt
[10474] e9cc7fdfa3cf40f O /home/capstone/project/test_files/000598.html
[10474] e9cc7fdfa3cf40f O /home/capstone/project/test_files/000728.ppt
[10474] e9cc7fdfa3cf40f O /home/capstone/project/test_files/000298.ppt
[10474] e9cc7fdfa3cf40f O /home/capstone/project/test_files/000209.html
[10474] e9cc7fdfa3cf40f O /home/capstone/Downloads/000/000918.html
[10474] e9cc7fdfa3cf40f O /home/capstone/Downloads/000/000840.pdf
[10474] e9cc7fdfa3cf40f O /home/capstone/project/test_files/000040.xls
[10474] e9cc7fdfa3cf40f O /home/capstone/Downloads/000/000021.pdf
[10474] e9cc7fdfa3cf40f O /home/capstone/Downloads/000/000753.pdf
[10474] e9cc7fdfa3cf40f O /home/capstone/project/test_files/000354.pdf
[10474] e9cc7fdfa3cf40f O /home/capstone/Downloads/000/000099.ps
[10474] e9cc7fdfa3cf40f O /home/capstone/project/test_files/000782.xls
[10474] e9cc7fdfa3cf40f O /home/capstone/project/test_files/000768.ps
[10474] e9cc7fdfa3cf40f O /home/capstone/Downloads/000/000310.ppt
[10474] e9cc7fdfa3cf40f O /home/capstone/Downloads/000/000834.pdf
[10474] e9cc7fdfa3cf40f O /home/capstone/project/test_files/000631.pdf
[10474] e9cc7fdfa3cf40f O /home/capstone/project/test_files/000078.html
[10474] e9cc7fdfa3cf40f O /home/capstone/Downloads/000/000326.ppt
[10474] e9cc7fdfa3cf40f O /home/capstone/project/test_files/000382.xls
[10474] e9cc7fdfa3cf40f O /home/capstone/project/test_files/000014.html
[10474] e9cc7fdfa3cf40f O /home/capstone/project/test_files/000153.pdf
[10474] e9cc7fdfa3cf40f O /home/capstone/Downloads/000/000751.pdf
[10474] e9cc7fdfa3cf40f O /home/capstone/Downloads/000/000247.jpg
[10474] e9cc7fdfa3cf40f O /home/capstone/Downloads/000/000413.html
[10474] e9cc7fdfa3cf40f O /home/capstone/project/test_files/000294.ppt
[10474] e9cc7fdfa3cf40f O /home/capstone/Downloads/000/000368.pdf
[10474] e9cc7fdfa3cf40f O /home/capstone/project/test_files/000110.jpg
[10474] e9cc7fdfa3cf40f O /home/capstone/Downloads/000/000317.ppt
[10474] e9cc7fdfa3cf40f O /home/capstone/project/test_files/000322.ppt
[10474] e9cc7fdfa3cf40f O /home/capstone/Downloads/000/000953.doc
[10474] e9cc7fdfa3cf40f O /home/capstone/Downloads/000/000160.ppt
[10474] e9cc7fdfa3cf40f O /home/capstone/Downloads/000/000233.gif
[10474] e9cc7fdfa3cf40f O /home/capstone/Downloads/000/000554.html
[10474] e9cc7fdfa3cf40f O /home/capstone/project/test_files/000697.log
[10474] e9cc7fdfa3cf40f O /home/capstone/Downloads/000/000695.doc
[10474] e9cc7fdfa3cf40f O /home/capstone/Downloads/000/000009.pdf
[10474] e9cc7fdfa3cf40f O /home/capstone/project/test_files/000793.html
[10474] e9cc7fdfa3cf40f O /home/capstone/Downloads/000/000547.pdf
[10474] e9cc7fdfa3cf40f O /home/capstone/project/test_files/000534.gif
[10474] e9cc7fdfa3cf40f O /home/capstone/project/test_files/000389.dbase3
[10474] e9cc7fdfa3cf40f O /home/capstone/project/test_files/000324.pdf
[10474] e9cc7fdfa3cf40f O /home/capstone/Downloads/000/000343.pdf
[10474] e9cc7fdfa3cf40f O /home/capstone/Downloads/000/000715.ppt
[10474] e9cc7fdfa3cf40f O /home/capstone/project/test_files/000431.html
[10474] e9cc7fdfa3cf40f O /home/capstone/project/test_files/000692.html
[10474] e9cc7fdfa3cf40f O /home/capstone/project/test_files/000675.doc
[10474] e9cc7fdfa3cf40f O /home/capstone/project/test_files/000109.jpg
[10474] e9cc7fdfa3cf40f O /home/capstone/project/test_files/000773.ps
[10474] e9cc7fdfa3cf40f O /home/capstone/Downloads/000/000032.xls
[10474] e9cc7fdfa3cf40f O /home/capstone/project/test_files/000865.gz
[10474] e9cc7fdfa3cf40f O /home/capstone/project/test_files/000810.pdf
[10474] e9cc7fdfa3cf40f O /home/capstone/project/test_files/000748.pdf
[10474] e9cc7fdfa3cf40f O /home/capstone/project/test_files/000285.doc
[10474] e9cc7fdfa3cf40f O /home/capstone/project/test_files/000545.gif
[10474] e9cc7fdfa3cf40f O /home/capstone/project/test_files/000381.pdf
[10474] e9cc7fdfa3cf40f O /home/capstone/project/test_files/000461.html
[10474] e9cc7fdfa3cf40f O /home/capstone/project/test_files/000894.html
[10474] e9cc7fdfa3cf40f O /home/capstone/project/test_files/000587.pdf
[10474] e9cc7fdfa3cf40f O /home/capstone/project/test_files/000809.pdf
[10474] e9cc7fdfa3cf40f O /home/capstone/project/test_files/000410.html
[10474] e9cc7fdfa3cf40f O /home/capstone/project/test_files/000699.log
[10474] e9cc7fdfa3cf40f O /home/capstone/project/test_files/000714.ppt
[10474] e9cc7fdfa3cf40f O /home/capstone/project/test_files/000995.ppt
[10474] e9cc7fdfa3cf40f O /home/capstone/project/test_files/000735.html
[10474] e9cc7fdfa3cf40f O /home/capstone/project/test_files/000976.doc
[10474] e9cc7fdfa3cf40f O /home/capstone/project/test_files/000981.doc
[10474] e9cc7fdfa3cf40f O /home/capstone/project/test_files/000269.pdf
[10474] e9cc7fdfa3cf40f O /home/capstone/project/test_files/000442.html
[10474] e9cc7fdfa3cf40f O /home/capstone/project/test_files/000771.doc
[10474] e9cc7fdfa3cf40f O /home/capstone/project/test_files/000122.doc
[10474] e9cc7fdfa3cf40f O /home/capstone/project/test_files/000007.doc
[10474] e9cc7fdfa3cf40f O /home/capstone/project/test_files/000754.gz
[10474] e9cc7fdfa3cf40f O /home/capstone/project/test_files/000223.f
[10474] e9cc7fdfa3cf40f O /home/capstone/project/test_files/000633.xls
[10474] e9cc7fdfa3cf40f O /home/capstone/project/test_files/000720.ppt
[10474] e9cc7fdfa3cf40f O /home/capstone/project/test_files/000617.html
[10474] e9cc7fdfa3cf40f O /home/capstone/project/test_files/000132.doc
[10474] e9cc7fdfa3cf40f O /home/capstone/project/test_files/000186.html
[10474] e9cc7fdfa3cf40f O /home/capstone/project/test_files/000804.doc
[10474] e9cc7fdfa3cf40f O /home/capstone/project/test_files/000629.pdf
[10474] e9cc7fdfa3cf40f O /home/capstone/project/test_files/000004.doc
[10474] e9cc7fdfa3cf40f O /home/capstone/project/test_files/000970.doc
[10474] e9cc7fdfa3cf40f O /home/capstone/project/test_files/000530.gif
[10474] e9cc7fdfa3cf40f O /home/capstone/project/test_files/000165.ppt
[10474] e9cc7fdfa3cf40f O /home/capstone/project/test_files/000320.ppt
[10474] e9cc7fdfa3cf40f O /home/capstone/Downloads/000/000304.ppt
[10474] e9cc7fdfa3cf40f O /home/capstone/project/test_files/000071.html
[10474] e9cc7fdfa3cf40f O /home/capstone/project/test_files/000845.swf
[10474] e9cc7fdfa3cf40f O /home/capstone/project/test_files/000022.pdf
[10474] e9cc7fdfa3cf40f O /home/capstone/project/test_files/000572.pdf
[10474] e9cc7fdfa3cf40f O /home/capstone/Downloads/000/000763.pdf
[10474] e9cc7fdfa3cf40f O /home/capstone/project/test_files/000778.xls
[10474] e9cc7fdfa3cf40f O /home/capstone/project/test_files/000069.html
[10474] e9cc7fdfa3cf40f O /home/capstone/project/test_files/000592.pdf
[10474] e9cc7fdfa3cf40f O /home/capstone/project/test_files/000701.doc
[10474] e9cc7fdfa3cf40f O /home/capstone/project/test_files/000206.html
[10474] e9cc7fdfa3cf40f O /home/capstone/project/test_files/000034.xls
[10474] e9cc7fdfa3cf40f O /home/capstone/Downloads/000/000794.html
[10474] e9cc7fdfa3cf40f O /home/capstone/Downloads/000/000958.doc
[10474] e9cc7fdfa3cf40f O /home/capstone/Downloads/000/000737.pdf
[10474] e9cc7fdfa3cf40f O /home/capstone/Downloads/000/000296.ppt
[10474] e9cc7fdfa3cf40f O /home/capstone/Downloads/000/000705.doc
[10474] e9cc7fdfa3cf40f O /home/capstone/Downloads/000/000390.xls
[10474] e9cc7fdfa3cf40f O /home/capstone/Downloads/000/000531.jpg
[10474] e9cc7fdfa3cf40f O /home/capstone/Downloads/000/000306.ppt
[10474] e9cc7fdfa3cf40f O /home/capstone/Downloads/000/000681.jpg
[10474] e9cc7fdfa3cf40f O /home/capstone/Downloads/000/000905.jpg
[10474] e9cc7fdfa3cf40f O /home/capstone/Downloads/000/000162.pdf
[10474] e9cc7fdfa3cf40f O /home/capstone/Downloads/000/000998.ppt
[10474] e9cc7fdfa3cf40f O /home/capstone/Downloads/000/000663.pdf
[10474] e9cc7fdfa3cf40f O /home/capstone/Downloads/000/000191.html
[10474] e9cc7fdfa3cf40f O /home/capstone/Downloads/000/000922.java
[10474] e9cc7fdfa3cf40f O /home/capstone/Downloads/000/000725.ppt
[10474] e9cc7fdfa3cf40f O /home/capstone/Downloads/000/000742.pdf
[2254] dbus-daemon O /home/capstone/.local/share/dbus-1/services
[10474] e9cc7fdfa3cf40f O /home/capstone/Downloads/000/000596.pdf
[10474] e9cc7fdfa3cf40f O /home/capstone/Downloads/000/000871.jpg
[10474] e9cc7fdfa3cf40f O /home/capstone/Downloads/000/000551.jpg
[10474] e9cc7fdfa3cf40f O /home/capstone/Downloads/000/000261.doc
[10474] e9cc7fdfa3cf40f O /home/capstone/Downloads/000/000364.pdf
[10474] e9cc7fdfa3cf40f O /home/capstone/Downloads/000/000338.pdf
[10474] e9cc7fdfa3cf40f O /home/capstone/Downloads/000/000578.pdf
[10474] e9cc7fdfa3cf40f O /home/capstone/Downloads/000/000520.gif
[10474] e9cc7fdfa3cf40f O /home/capstone/Downloads/000/000420.html
[10474] e9cc7fdfa3cf40f O /home/capstone/Downloads/000/000524.jpg
[10474] e9cc7fdfa3cf40f O /home/capstone/Downloads/000/000760.pdf
[10474] e9cc7fdfa3cf40f O /home/capstone/Downloads/000/000589.pdf
[10474] e9cc7fdfa3cf40f O /home/capstone/Downloads/000/000917.html
[10474] e9cc7fdfa3cf40f O /home/capstone/Downloads/000/000637.html
[10474] e9cc7fdfa3cf40f O /home/capstone/Downloads/000/000115.wp
[10474] e9cc7fdfa3cf40f O /home/capstone/Downloads/000/000179.html
[10474] e9cc7fdfa3cf40f O /home/capstone/Downloads/000/000283.doc
[10474] e9cc7fdfa3cf40f O /home/capstone/Downloads/000/000818.pdf
[10474] e9cc7fdfa3cf40f O /home/capstone/Downloads/000/000874.jpg
[10474] e9cc7fdfa3cf40f O /home/capstone/Downloads/000/000964.doc
[10474] e9cc7fdfa3cf40f O /home/capstone/Downloads/000/000690.csv
[10474] e9cc7fdfa3cf40f O /home/capstone/Downloads/000/000559.ppt
[10474] e9cc7fdfa3cf40f O /home/capstone/Downloads/000/000169.ppt
[10474] e9cc7fdfa3cf40f O /home/capstone/Downloads/000/000838.pdf
[10474] e9cc7fdfa3cf40f O /home/capstone/Downloads/000/000869.jpg
[10474] e9cc7fdfa3cf40f O /home/capstone/Downloads/000/000454.html
[10474] e9cc7fdfa3cf40f O /home/capstone/Downloads/000/000329.ppt
[10474] e9cc7fdfa3cf40f O /home/capstone/Downloads/000/000367.pdf
[10474] e9cc7fdfa3cf40f O /home/capstone/Downloads/000/000140.pdf
[10474] e9cc7fdfa3cf40f O /home/capstone/Downloads/000/000552.html
[10474] e9cc7fdfa3cf40f O /home/capstone/Downloads/000/000797.html
[10474] e9cc7fdfa3cf40f O /home/capstone/Downloads/000/000073.html
[10474] e9cc7fdfa3cf40f O /home/capstone/Downloads/000/000980.ps
[10474] e9cc7fdfa3cf40f O /home/capstone/Downloads/000/000251.pdf
[10474] e9cc7fdfa3cf40f O /home/capstone/Downloads/000/000891.html
[10474] e9cc7fdfa3cf40f O /home/capstone/Downloads/000/000435.html
[10474] e9cc7fdfa3cf40f O /home/capstone/Downloads/000/000947.html
[10474] e9cc7fdfa3cf40f O /home/capstone/Downloads/000/000749.html
[10474] e9cc7fdfa3cf40f O /home/capstone/Downloads/000/000599.html
[10474] e9cc7fdfa3cf40f O /home/capstone/Downloads/000/000114.doc
[10474] e9cc7fdfa3cf40f O /home/capstone/Downloads/000/000178.html
[10474] e9cc7fdfa3cf40f O /home/capstone/Downloads/000/000051.xls
[10474] e9cc7fdfa3cf40f O /home/capstone/Downloads/000/000259.doc
[10474] e9cc7fdfa3cf40f O /home/capstone/Downloads/000/000911.doc
[3777] fwupd D /var/lib/fwupd/metadata/lvfs/iFire-readme.txt
[10474] e9cc7fdfa3cf40f O /home/capstone/Downloads/000/000356.pdf
[10474] e9cc7fdfa3cf40f O /home/capstone/Downloads/000/000613.html
[10474] e9cc7fdfa3cf40f O /home/capstone/Downloads/000/000510.jpg
[10474] e9cc7fdfa3cf40f O /home/capstone/Downloads/000/000141.pdf
[10474] e9cc7fdfa3cf40f O /home/capstone/Downloads/000/000909.jpg
[10474] e9cc7fdfa3cf40f O /home/capstone/Downloads/000/000411.html
[10474] e9cc7fdfa3cf40f O /home/capstone/Downloads/000/000893.html
[10474] e9cc7fdfa3cf40f O /home/capstone/Downloads/000/000427.html
[10474] e9cc7fdfa3cf40f O /home/capstone/Downloads/000/000807.pdf
[10474] e9cc7fdfa3cf40f O /home/capstone/Downloads/000/000113.doc
[10474] e9cc7fdfa3cf40f O /home/capstone/Downloads/000/000254.doc
[10474] e9cc7fdfa3cf40f O /home/capstone/Downloads/000/000579.gz
[10474] e9cc7fdfa3cf40f O /home/capstone/Downloads/000/000176.pdf
[10474] e9cc7fdfa3cf40f O /home/capstone/Downloads/000/000955.pdf
[10474] e9cc7fdfa3cf40f O /home/capstone/Downloads/000/000268.doc
[10474] e9cc7fdfa3cf40f O /home/capstone/Downloads/000/000779.xls
[10474] e9cc7fdfa3cf40f O /home/capstone/Downloads/000/000019.pdf
[10474] e9cc7fdfa3cf40f O /home/capstone/Downloads/000/000308.ppt
[10474] e9cc7fdfa3cf40f O /home/capstone/Downloads/000/000565.csv
[10474] e9cc7fdfa3cf40f O /home/capstone/Downloads/000/000125.doc
[10474] e9cc7fdfa3cf40f O /home/capstone/Downloads/000/000214.html
[10474] e9cc7fdfa3cf40f O /home/capstone/Downloads/000/000005.doc
[10474] e9cc7fdfa3cf40f O /home/capstone/Downloads/000/000313.ppt
[10474] e9cc7fdfa3cf40f O /home/capstone/Downloads/000/000853.pdf
[10474] e9cc7fdfa3cf40f O /home/capstone/Downloads/000/000740.html
[10474] e9cc7fdfa3cf40f O /home/capstone/Downloads/000/000788.doc
[10474] e9cc7fdfa3cf40f O /home/capstone/Downloads/000/000777.xls
[10474] e9cc7fdfa3cf40f O /home/capstone/Downloads/000/000732.ppt
[10474] e9cc7fdfa3cf40f O /home/capstone/Downloads/000/000817.pdf
[10474] e9cc7fdfa3cf40f O /home/capstone/Downloads/000/000445.html
[10474] e9cc7fdfa3cf40f O /home/capstone/Downloads/000/000691.doc
[10474] e9cc7fdfa3cf40f O /home/capstone/Downloads/000/000133.ppt
[10474] e9cc7fdfa3cf40f O /home/capstone/Downloads/000/000217.html
[10474] e9cc7fdfa3cf40f O /home/capstone/Downloads/000/000195.html
[10474] e9cc7fdfa3cf40f O /home/capstone/Downloads/000/000068.html
[10474] e9cc7fdfa3cf40f O /home/capstone/Downloads/000/000243.jpg
[10474] e9cc7fdfa3cf40f O /home/capstone/Downloads/000/000046.xls
[10474] e9cc7fdfa3cf40f O /home/capstone/Downloads/000/000885.pdf
[10474] e9cc7fdfa3cf40f O /home/capstone/Downloads/000/000967.doc
[10474] e9cc7fdfa3cf40f O /home/capstone/Downloads/000/000532.jpg
[10474] e9cc7fdfa3cf40f O /home/capstone/Downloads/000/000144.doc
[10474] e9cc7fdfa3cf40f O /home/capstone/Downloads/000/000295.ppt
[10474] e9cc7fdfa3cf40f O /home/capstone/Downloads/000/000275.doc
[10474] e9cc7fdfa3cf40f O /home/capstone/Downloads/000/000741.log
[10474] e9cc7fdfa3cf40f O /home/capstone/Downloads/000/000900.jpg
[10474] e9cc7fdfa3cf40f O /home/capstone/Downloads/000/000952.doc
[365] systemd-journal D /run/systemd/journal/streams/9:208594
[10500] whoopsie D /var/lock/whoopsie/lock
[10474] e9cc7fdfa3cf40f O /home/capstone/Downloads/000/000944.doc
[10474] e9cc7fdfa3cf40f O /home/capstone/Downloads/000/000161.pdf
[10474] e9cc7fdfa3cf40f O /home/capstone/Downloads/000/000859.pdf
[1] systemd D /run/systemd/units/invocation:whoopsie.service
[10474] e9cc7fdfa3cf40f O /home/capstone/Downloads/000/000447.html
[10474] e9cc7fdfa3cf40f O /home/capstone/Downloads/000/000061.html
[10474] e9cc7fdfa3cf40f O /home/capstone/Downloads/000/000276.doc
[10474] e9cc7fdfa3cf40f O /home/capstone/Downloads/000/000897.jpg
[10474] e9cc7fdfa3cf40f O /home/capstone/Downloads/000/000573.swf
[10474] e9cc7fdfa3cf40f O /home/capstone/Downloads/000/000446.html
[10474] e9cc7fdfa3cf40f O /home/capstone/Downloads/000/000522.gif
[10474] e9cc7fdfa3cf40f O /home/capstone/Downloads/000/000576.csv
[10474] e9cc7fdfa3cf40f O /home/capstone/Downloads/000/000043.xls
[10474] e9cc7fdfa3cf40f O /home/capstone/Downloads/000/000370.pdf
[10474] e9cc7fdfa3cf40f O /home/capstone/Downloads/000/000724.ppt
[10474] e9cc7fdfa3cf40f O /home/capstone/Downloads/000/000792.html
[10474] e9cc7fdfa3cf40f O /home/capstone/Downloads/000/000671.pdf
[10474] e9cc7fdfa3cf40f O /home/capstone/Downloads/000/000010.pdf
[10474] e9cc7fdfa3cf40f O /home/capstone/Downloads/000/000403.xls
[10474] e9cc7fdfa3cf40f O /home/capstone/Downloads/000/000375.xls
[10474] e9cc7fdfa3cf40f O /home/capstone/Downloads/000/000124.doc
[10474] e9cc7fdfa3cf40f O /home/capstone/Downloads/000/000950.doc
[10474] e9cc7fdfa3cf40f O /home/capstone/Downloads/000/000453.html
[10474] e9cc7fdfa3cf40f O /home/capstone/Downloads/000/000400.jpg
[10474] e9cc7fdfa3cf40f O /home/capstone/Downloads/000/000383.xls
[10474] e9cc7fdfa3cf40f O /home/capstone/Downloads/000/000166.pdf
[10474] e9cc7fdfa3cf40f O /home/capstone/Downloads/000/000036.xls
[10474] e9cc7fdfa3cf40f O /home/capstone/Downloads/000/000035.xls
[10474] e9cc7fdfa3cf40f O /home/capstone/Downloads/000/000959.xls
[10474] e9cc7fdfa3cf40f O /home/capstone/Downloads/000/000391.xls
[10474] e9cc7fdfa3cf40f O /home/capstone/Downloads/000/000465.unk
[10474] e9cc7fdfa3cf40f O /home/capstone/Downloads/000/000200.html
[10474] e9cc7fdfa3cf40f O /home/capstone/Downloads/000/000787.html
[10474] e9cc7fdfa3cf40f O /home/capstone/Downloads/000/000242.jpg
[10474] e9cc7fdfa3cf40f O /home/capstone/Downloads/000/000215.html
[10474] e9cc7fdfa3cf40f O /home/capstone/Downloads/000/000421.html
[10474] e9cc7fdfa3cf40f O /home/capstone/Downloads/000/000718.gz
[10474] e9cc7fdfa3cf40f O /home/capstone/Downloads/000/000373.pdf
[10474] e9cc7fdfa3cf40f O /home/capstone/Downloads/000/000878.pdf
[10474] e9cc7fdfa3cf40f O /home/capstone/Downloads/000/000612.html
[10474] e9cc7fdfa3cf40f O /home/capstone/Downloads/000/000755.pdf
[10474] e9cc7fdfa3cf40f O /home/capstone/Downloads/000/000159.pdf
[10474] e9cc7fdfa3cf40f O /home/capstone/Downloads/000/000879.jpg
[10474] e9cc7fdfa3cf40f O /home/capstone/Downloads/000/000029.pdf
[10474] e9cc7fdfa3cf40f O /home/capstone/project/test_files/000353.pdf
[10474] e9cc7fdfa3cf40f O /home/capstone/project/test_files/000334.pdf
[10474] e9cc7fdfa3cf40f O /home/capstone/project/test_files/000529.gif
[10474] e9cc7fdfa3cf40f O /home/capstone/Downloads/000/000415.html
[10474] e9cc7fdfa3cf40f O /home/capstone/Downloads/000/000288.ppt
[10474] e9cc7fdfa3cf40f O /home/capstone/project/test_files/000901.pdf
[10474] e9cc7fdfa3cf40f O /home/capstone/project/test_files/000743.log
[10474] e9cc7fdfa3cf40f O /home/capstone/project/test_files/000969.jpg
[10474] e9cc7fdfa3cf40f O /home/capstone/project/test_files/000332.pdf
[10474] e9cc7fdfa3cf40f O /home/capstone/Downloads/000/000357.pdf
[10474] e9cc7fdfa3cf40f O /home/capstone/project/test_files/000433.html
[10474] e9cc7fdfa3cf40f O /home/capstone/project/test_files/000488.unk
[10474] e9cc7fdfa3cf40f O /home/capstone/Downloads/000/000702.ps
[10474] e9cc7fdfa3cf40f O /home/capstone/project/test_files/000216.html
[10474] e9cc7fdfa3cf40f O /home/capstone/project/test_files/000428.html
[10474] e9cc7fdfa3cf40f O /home/capstone/project/test_files/000241.gif
[10474] e9cc7fdfa3cf40f O /home/capstone/project/test_files/000875.html
[10474] e9cc7fdfa3cf40f O /home/capstone/project/test_files/000449.html
[10474] e9cc7fdfa3cf40f O /home/capstone/project/test_files/000212.html
[10474] e9cc7fdfa3cf40f O /home/capstone/project/test_files/000710.ppt
[10474] e9cc7fdfa3cf40f O /home/capstone/Downloads/000/000892.html
[10474] e9cc7fdfa3cf40f O /home/capstone/Downloads/000/000514.jpg
[10474] e9cc7fdfa3cf40f O /home/capstone/Downloads/000/000371.pdf
[10474] e9cc7fdfa3cf40f O /home/capstone/Downloads/000/000407.xls
[10474] e9cc7fdfa3cf40f O /home/capstone/Downloads/000/000960.doc
[10474] e9cc7fdfa3cf40f O /home/capstone/Downloads/000/000225.f
[10474] e9cc7fdfa3cf40f O /home/capstone/Downloads/000/000544.jpg
[10474] e9cc7fdfa3cf40f O /home/capstone/Downloads/000/000815.html
[10474] e9cc7fdfa3cf40f O /home/capstone/project/test_files/000756.csv
[10474] e9cc7fdfa3cf40f O /home/capstone/Downloads/000/000916.html
[10474] e9cc7fdfa3cf40f O /home/capstone/Downloads/000/000876.jpg
[10474] e9cc7fdfa3cf40f O /home/capstone/Downloads/000/000065.html
[10474] e9cc7fdfa3cf40f O /home/capstone/Downloads/000/000392.xls
[10474] e9cc7fdfa3cf40f O /home/capstone/Downloads/000/000167.ppt
[10474] e9cc7fdfa3cf40f O /home/capstone/project/test_files/000193.html
[10474] e9cc7fdfa3cf40f O /home/capstone/project/test_files/000318.ppt
[10474] e9cc7fdfa3cf40f O /home/capstone/project/test_files/000984.ppt
[10474] e9cc7fdfa3cf40f O /home/capstone/Downloads/000/000623.html
[10474] e9cc7fdfa3cf40f O /home/capstone/Downloads/000/000581.pdf
[10474] e9cc7fdfa3cf40f O /home/capstone/project/test_files/000409.html
[10474] e9cc7fdfa3cf40f O /home/capstone/project/test_files/000583.pdf
[10474] e9cc7fdfa3cf40f O /home/capstone/Downloads/000/000057.html
[10474] e9cc7fdfa3cf40f O /home/capstone/project/test_files/000557.ppt
[10474] e9cc7fdfa3cf40f O /home/capstone/Downloads/000/000398.xls
[10474] e9cc7fdfa3cf40f O /home/capstone/Downloads/000/000121.doc
[10474] e9cc7fdfa3cf40f O /home/capstone/Downloads/000/000108.jpg
[10474] e9cc7fdfa3cf40f O /home/capstone/Downloads/000/000525.gif
[10474] e9cc7fdfa3cf40f O /home/capstone/Downloads/000/000880.jpg
[10474] e9cc7fdfa3cf40f O /home/capstone/Downloads/000/000811.pdf
[10474] e9cc7fdfa3cf40f O /home/capstone/Downloads/000/000321.ppt
[10474] e9cc7fdfa3cf40f O /home/capstone/project/test_files/000687.doc
[10474] e9cc7fdfa3cf40f O /home/capstone/project/test_files/000117.rtf
[10474] e9cc7fdfa3cf40f O /home/capstone/project/test_files/000365.pdf
[10474] e9cc7fdfa3cf40f O /home/capstone/Downloads/000/000083.unk
[10474] e9cc7fdfa3cf40f O /home/capstone/Downloads/000/000277.doc
[10474] e9cc7fdfa3cf40f O /home/capstone/project/test_files/000721.csv
[10474] e9cc7fdfa3cf40f O /home/capstone/project/test_files/000118.doc
[10474] e9cc7fdfa3cf40f O /home/capstone/project/test_files/000516.jpg
[10474] e9cc7fdfa3cf40f O /home/capstone/Downloads/000/000062.html
[10474] e9cc7fdfa3cf40f O /home/capstone/project/test_files/000289.ppt
[10474] e9cc7fdfa3cf40f O /home/capstone/Downloads/000/000820.html
[10474] e9cc7fdfa3cf40f O /home/capstone/Downloads/000/000528.jpg
[10474] e9cc7fdfa3cf40f O /home/capstone/Downloads/000/000640.html
[10474] e9cc7fdfa3cf40f O /home/capstone/Downloads/000/000561.gif
[10474] e9cc7fdfa3cf40f O /home/capstone/Downloads/000/000883.jpg
[10474] e9cc7fdfa3cf40f O /home/capstone/Downloads/000/000541.jpg
[10474] e9cc7fdfa3cf40f O /home/capstone/Downloads/000/000301.ppt
[10474] e9cc7fdfa3cf40f O /home/capstone/project/test_files/000994.ppt
[10474] e9cc7fdfa3cf40f O /home/capstone/Downloads/000/000548.gif
[10474] e9cc7fdfa3cf40f O /home/capstone/Downloads/000/000991.ppt
[10474] e9cc7fdfa3cf40f O /home/capstone/project/test_files/000608.html
[10474] e9cc7fdfa3cf40f O /home/capstone/Downloads/000/000799.doc
[10474] e9cc7fdfa3cf40f O /home/capstone/project/test_files/000628.pdf
[10474] e9cc7fdfa3cf40f O /home/capstone/Downloads/000/000142.pdf
[10474] e9cc7fdfa3cf40f O /home/capstone/Downloads/000/000025.pdf
[10474] e9cc7fdfa3cf40f O /home/capstone/project/test_files/000319.ppt
[10474] e9cc7fdfa3cf40f O /home/capstone/Downloads/000/000795.doc
[10474] e9cc7fdfa3cf40f O /home/capstone/project/test_files/000457.html
[10474] e9cc7fdfa3cf40f O /home/capstone/project/test_files/000956.pdf
[10474] e9cc7fdfa3cf40f O /home/capstone/Downloads/000/000990.ppt
[10474] e9cc7fdfa3cf40f O /home/capstone/project/test_files/000987.ppt
[10474] e9cc7fdfa3cf40f O /home/capstone/Downloads/000/000341.pdf
[10474] e9cc7fdfa3cf40f O /home/capstone/Downloads/000/000360.pdf
[10474] e9cc7fdfa3cf40f O /home/capstone/Downloads/000/000197.html
[10474] e9cc7fdfa3cf40f O /home/capstone/project/test_files/000803.rtf
[10474] e9cc7fdfa3cf40f O /home/capstone/Downloads/000/000044.xls
[10474] e9cc7fdfa3cf40f O /home/capstone/Downloads/000/000177.pdf
[10474] e9cc7fdfa3cf40f O /home/capstone/project/test_files/000542.gif
[10474] e9cc7fdfa3cf40f O /home/capstone/Downloads/000/000722.csv
[10474] e9cc7fdfa3cf40f O /home/capstone/Downloads/000/000130.doc
[10474] e9cc7fdfa3cf40f O /home/capstone/project/test_files/000076.html
[10474] e9cc7fdfa3cf40f O /home/capstone/project/test_files/000425.html
[10474] e9cc7fdfa3cf40f O /home/capstone/project/test_files/000305.ppt
[10474] e9cc7fdfa3cf40f O /home/capstone/Downloads/000/000977.doc
[10474] e9cc7fdfa3cf40f O /home/capstone/Downloads/000/000444.pdf
[10474] e9cc7fdfa3cf40f O /home/capstone/project/test_files/000609.html
[10474] e9cc7fdfa3cf40f O /home/capstone/project/test_files/000059.html
[10474] e9cc7fdfa3cf40f O /home/capstone/project/test_files/000580.pdf
[10474] e9cc7fdfa3cf40f O /home/capstone/Downloads/000/000097.ps
[10474] e9cc7fdfa3cf40f O /home/capstone/project/test_files/000476.jpg
[10474] e9cc7fdfa3cf40f O /home/capstone/project/test_files/000139.doc
[10474] e9cc7fdfa3cf40f O /home/capstone/Downloads/000/000634.html
[10474] e9cc7fdfa3cf40f O /home/capstone/project/test_files/000482.ps
[10474] e9cc7fdfa3cf40f O /home/capstone/Downloads/000/000577.pdf
[10474] e9cc7fdfa3cf40f O /home/capstone/project/test_files/000101.doc
[10474] e9cc7fdfa3cf40f O /home/capstone/Downloads/000/000616.html
[10474] e9cc7fdfa3cf40f O /home/capstone/Downloads/000/000170.xls
[10474] e9cc7fdfa3cf40f O /home/capstone/Downloads/000/000175.ppt
[10474] e9cc7fdfa3cf40f O /home/capstone/project/test_files/000805.html
[10474] e9cc7fdfa3cf40f O /home/capstone/project/test_files/000796.doc
[10474] e9cc7fdfa3cf40f O /home/capstone/Downloads/000/000808.html
[10474] e9cc7fdfa3cf40f O /home/capstone/project/test_files/000419.jpg
[10474] e9cc7fdfa3cf40f O /home/capstone/Downloads/000/000601.html
[10474] e9cc7fdfa3cf40f O /home/capstone/project/test_files/000949.doc
[10474] e9cc7fdfa3cf40f O /home/capstone/Downloads/000/000300.ppt
[10474] e9cc7fdfa3cf40f O /home/capstone/project/test_files/000511.gif
[10474] e9cc7fdfa3cf40f O /home/capstone/Downloads/000/000053.xls
[10474] e9cc7fdfa3cf40f O /home/capstone/project/test_files/000902.jpg
[10474] e9cc7fdfa3cf40f O /home/capstone/project/test_files/000455.html
[10474] e9cc7fdfa3cf40f O /home/capstone/project/test_files/000352.pdf
[10474] e9cc7fdfa3cf40f O /home/capstone/project/test_files/000393.xls
[10474] e9cc7fdfa3cf40f O /home/capstone/Downloads/000/000686.doc
[10474] e9cc7fdfa3cf40f O /home/capstone/Downloads/000/000280.pdf
[10474] e9cc7fdfa3cf40f O /home/capstone/project/test_files/000877.html
[10474] e9cc7fdfa3cf40f O /home/capstone/project/test_files/000314.pdf
[10474] e9cc7fdfa3cf40f O /home/capstone/Downloads/000/000600.html
[10474] e9cc7fdfa3cf40f O /home/capstone/Downloads/000/000325.pdf
[10474] e9cc7fdfa3cf40f O /home/capstone/project/test_files/000424.html
[10474] e9cc7fdfa3cf40f O /home/capstone/project/test_files/000213.html
[10474] e9cc7fdfa3cf40f O /home/capstone/project/test_files/000384.xls
[10474] e9cc7fdfa3cf40f O /home/capstone/Downloads/000/000456.html
[10474] e9cc7fdfa3cf40f O /home/capstone/Downloads/000/000789.html
[10474] e9cc7fdfa3cf40f O /home/capstone/Downloads/000/000508.jpg
[10474] e9cc7fdfa3cf40f O /home/capstone/project/test_files/000184.html
[10474] e9cc7fdfa3cf40f O /home/capstone/project/test_files/000451.html
[10474] e9cc7fdfa3cf40f O /home/capstone/Downloads/000/000266.pdf
[10474] e9cc7fdfa3cf40f O /home/capstone/project/test_files/000854.pdf
[10474] e9cc7fdfa3cf40f O /home/capstone/Downloads/000/000736.gz
[10474] e9cc7fdfa3cf40f O /home/capstone/project/test_files/000696.doc
[10474] e9cc7fdfa3cf40f O /home/capstone/project/test_files/000000.swf
[10474] e9cc7fdfa3cf40f O /home/capstone/project/test_files/000759.doc
[10474] e9cc7fdfa3cf40f O /home/capstone/project/test_files/000072.html
[10474] e9cc7fdfa3cf40f O /home/capstone/project/test_files/000434.html
[10474] e9cc7fdfa3cf40f O /home/capstone/project/test_files/000717.ppt
[10474] e9cc7fdfa3cf40f O /home/capstone/project/test_files/000887.pdf
[10474] e9cc7fdfa3cf40f O /home/capstone/project/test_files/000307.ppt
[10474] e9cc7fdfa3cf40f O /home/capstone/project/test_files/000027.csv
[10474] e9cc7fdfa3cf40f O /home/capstone/project/test_files/000806.doc
[10474] e9cc7fdfa3cf40f O /home/capstone/Downloads/000/000192.html
[10474] e9cc7fdfa3cf40f O /home/capstone/Downloads/000/000388.xls
[10474] e9cc7fdfa3cf40f O /home/capstone/project/test_files/000992.ppt
[10474] e9cc7fdfa3cf40f O /home/capstone/Downloads/000/000359.pdf
[10474] e9cc7fdfa3cf40f O /home/capstone/project/test_files/000342.pdf
[10474] e9cc7fdfa3cf40f O /home/capstone/project/test_files/000049.xls
[10474] e9cc7fdfa3cf40f O /home/capstone/Downloads/000/000198.html
[10474] e9cc7fdfa3cf40f O /home/capstone/Downloads/000/000066.html
[10474] e9cc7fdfa3cf40f O /home/capstone/Downloads/000/000018.pdf
[10474] e9cc7fdfa3cf40f O /home/capstone/Downloads/000/000689.csv
[10474] e9cc7fdfa3cf40f O /home/capstone/Downloads/000/000079.html
[10474] e9cc7fdfa3cf40f O /home/capstone/Downloads/000/000747.pdf
[10474] e9cc7fdfa3cf40f O /home/capstone/Downloads/000/000358.pdf
[10474] e9cc7fdfa3cf40f O /home/capstone/Downloads/000/000292.ppt
[10474] e9cc7fdfa3cf40f O /home/capstone/Downloads/000/000030.xls
[10474] e9cc7fdfa3cf40f O /home/capstone/project/test_files/000232.jpg
[10474] e9cc7fdfa3cf40f O /home/capstone/project/test_files/000839.pdf
[10474] e9cc7fdfa3cf40f O /home/capstone/Downloads/000/000812.html
[10474] e9cc7fdfa3cf40f O /home/capstone/project/test_files/000182.html
[10474] e9cc7fdfa3cf40f O /home/capstone/project/test_files/000733.ps
[10474] e9cc7fdfa3cf40f O /home/capstone/project/test_files/000676.pdf
[10474] e9cc7fdfa3cf40f O /home/capstone/Downloads/000/000730.ps
[10474] e9cc7fdfa3cf40f O /home/capstone/Downloads/000/000416.html
[10474] e9cc7fdfa3cf40f O /home/capstone/project/test_files/000432.jpg
[10474] e9cc7fdfa3cf40f O /home/capstone/Downloads/000/000594.pdf
[10474] e9cc7fdfa3cf40f O /home/capstone/project/test_files/000698.log
[10474] e9cc7fdfa3cf40f O /home/capstone/Downloads/000/000003.doc
[10474] e9cc7fdfa3cf40f O /home/capstone/Downloads/000/000239.jpg
[10474] e9cc7fdfa3cf40f O /home/capstone/project/test_files/000957.doc
[10474] e9cc7fdfa3cf40f O /home/capstone/Downloads/000/000711.ppt
[10474] e9cc7fdfa3cf40f O /home/capstone/project/test_files/000762.pdf
[10474] e9cc7fdfa3cf40f O /home/capstone/Downloads/000/000173.html
[10474] e9cc7fdfa3cf40f O /home/capstone/project/test_files/000045.xls
[10474] e9cc7fdfa3cf40f O /home/capstone/Downloads/000/000164.pdf
[10474] e9cc7fdfa3cf40f O /home/capstone/Downloads/000/000436.html
[10474] e9cc7fdfa3cf40f O /home/capstone/Downloads/000/000781.xls
[10474] e9cc7fdfa3cf40f O /home/capstone/Downloads/000/000535.jpg
[10474] e9cc7fdfa3cf40f O /home/capstone/Downloads/000/000074.html
[10474] e9cc7fdfa3cf40f O /home/capstone/Downloads/000/000693.doc
[10474] e9cc7fdfa3cf40f O /home/capstone/Downloads/000/000246.jpg
[10474] e9cc7fdfa3cf40f O /home/capstone/Downloads/000/000800.html
[10474] e9cc7fdfa3cf40f O /home/capstone/Downloads/000/000813.pdf
[10474] e9cc7fdfa3cf40f O /home/capstone/Downloads/000/000369.pdf
[10474] e9cc7fdfa3cf40f O /home/capstone/Downloads/000/000526.gif
[10474] e9cc7fdfa3cf40f O /home/capstone/Downloads/000/000339.pdf
[10474] e9cc7fdfa3cf40f O /home/capstone/Downloads/000/000518.ppt
[10474] e9cc7fdfa3cf40f O /home/capstone/project/test_files/000380.pdf
[10474] e9cc7fdfa3cf40f O /home/capstone/Downloads/000/000190.html
[10474] e9cc7fdfa3cf40f O /home/capstone/Downloads/000/000052.xls
[10474] e9cc7fdfa3cf40f O /home/capstone/project/test_files/000412.html
[10474] e9cc7fdfa3cf40f O /home/capstone/project/test_files/000888.jpg
[10474] e9cc7fdfa3cf40f O /home/capstone/Downloads/000/000063.html
[10474] e9cc7fdfa3cf40f O /home/capstone/Downloads/000/000399.xls
[10474] e9cc7fdfa3cf40f O /home/capstone/project/test_files/000512.jpg
[10474] e9cc7fdfa3cf40f O /home/capstone/Downloads/000/000899.pdf
[10474] e9cc7fdfa3cf40f O /home/capstone/Downloads/000/000267.doc
[10474] e9cc7fdfa3cf40f O /home/capstone/project/test_files/000546.jpg
[10474] e9cc7fdfa3cf40f O /home/capstone/project/test_files/000397.jpg
[10474] e9cc7fdfa3cf40f O /home/capstone/Downloads/000/000603.jpg
[10474] e9cc7fdfa3cf40f O /home/capstone/project/test_files/000290.ppt
[10474] e9cc7fdfa3cf40f O /home/capstone/project/test_files/000506.jpg
[10474] e9cc7fdfa3cf40f O /home/capstone/project/test_files/000823.html
[10474] e9cc7fdfa3cf40f O /home/capstone/project/test_files/000423.html
[10474] e9cc7fdfa3cf40f O /home/capstone/Downloads/000/000414.html
[10474] e9cc7fdfa3cf40f O /home/capstone/project/test_files/000234.jpg
[10474] e9cc7fdfa3cf40f O /home/capstone/Downloads/000/000134.ppt
[10474] e9cc7fdfa3cf40f O /home/capstone/project/test_files/000521.jpg
[10474] e9cc7fdfa3cf40f O /home/capstone/project/test_files/000966.doc
[10474] e9cc7fdfa3cf40f O /home/capstone/project/test_files/000727.ppt
[10474] e9cc7fdfa3cf40f O /home/capstone/project/test_files/000026.pdf
[10474] e9cc7fdfa3cf40f O /home/capstone/project/test_files/000150.pdf
[10474] e9cc7fdfa3cf40f O /home/capstone/project/test_files/000618.pdf
[10474] e9cc7fdfa3cf40f O /home/capstone/project/test_files/000249.doc
[10474] e9cc7fdfa3cf40f O /home/capstone/project/test_files/000726.html
[10474] e9cc7fdfa3cf40f O /home/capstone/Downloads/000/000745.pdf
[10474] e9cc7fdfa3cf40f O /home/capstone/project/test_files/000203.html
[10474] e9cc7fdfa3cf40f O /home/capstone/project/test_files/000951.html
[10474] e9cc7fdfa3cf40f O /home/capstone/project/test_files/000395.xls
[10474] e9cc7fdfa3cf40f O /home/capstone/project/test_files/000237.jpg
[10474] e9cc7fdfa3cf40f O /home/capstone/project/test_files/000002.doc
[10474] e9cc7fdfa3cf40f O /home/capstone/project/test_files/000458.html
[10474] e9cc7fdfa3cf40f O /home/capstone/Downloads/000/000171.xls
[10474] e9cc7fdfa3cf40f O /home/capstone/Downloads/000/000677.doc
[10474] e9cc7fdfa3cf40f O /home/capstone/project/test_files/000047.xls
[10474] e9cc7fdfa3cf40f O /home/capstone/Downloads/000/000913.doc
[10474] e9cc7fdfa3cf40f O /home/capstone/Downloads/000/000469.jpg
[10474] e9cc7fdfa3cf40f O /home/capstone/Downloads/000/000943.pdf
[10474] e9cc7fdfa3cf40f O /home/capstone/Downloads/000/000961.doc
[10474] e9cc7fdfa3cf40f O /home/capstone/Downloads/000/000872.jpg
[10474] e9cc7fdfa3cf40f O /home/capstone/Downloads/000/000129.html
[10474] e9cc7fdfa3cf40f O /home/capstone/Downloads/000/000362.pdf
[10474] e9cc7fdfa3cf40f O /home/capstone/Downloads/000/000422.html
[10474] e9cc7fdfa3cf40f O /home/capstone/Downloads/000/000766.ps
[10474] e9cc7fdfa3cf40f O /home/capstone/project/test_files/000767.ps
[10474] e9cc7fdfa3cf40f O /home/capstone/Downloads/000/000595.pdf
[10474] e9cc7fdfa3cf40f O /home/capstone/Downloads/000/000012.pdf
[10474] e9cc7fdfa3cf40f O /home/capstone/Downloads/000/000585.pdf
[10474] e9cc7fdfa3cf40f O /home/capstone/project/test_files/000363.pdf
[10474] e9cc7fdfa3cf40f O /home/capstone/Downloads/000/000033.xls
[10474] e9cc7fdfa3cf40f O /home/capstone/project/test_files/000568.pdf
[10474] e9cc7fdfa3cf40f O /home/capstone/project/test_files/000070.html
[10474] e9cc7fdfa3cf40f O /home/capstone/project/test_files/000208.pdf
[10474] e9cc7fdfa3cf40f O /home/capstone/project/test_files/000974.doc
[10474] e9cc7fdfa3cf40f O /home/capstone/Downloads/000/000843.pdf
[10474] e9cc7fdfa3cf40f O /home/capstone/project/test_files/000309.ppt
[10474] e9cc7fdfa3cf40f O /home/capstone/Downloads/000/000265.doc
[10474] e9cc7fdfa3cf40f O /home/capstone/Downloads/000/000345.pdf
[10474] e9cc7fdfa3cf40f O /home/capstone/Downloads/000/000819.html
[10474] e9cc7fdfa3cf40f O /home/capstone/Downloads/000/000752.pdf
[10474] e9cc7fdfa3cf40f O /home/capstone/Downloads/000/000908.jpg
[10474] e9cc7fdfa3cf40f O /home/capstone/Downloads/000/000050.xls
[10474] e9cc7fdfa3cf40f O /home/capstone/project/test_files/000999.ppt
[10474] e9cc7fdfa3cf40f O /home/capstone/Downloads/000/000549.jpg
[10474] e9cc7fdfa3cf40f O /home/capstone/project/test_files/000886.pdf
[10474] e9cc7fdfa3cf40f O /home/capstone/Downloads/000/000507.jpg
[10474] e9cc7fdfa3cf40f O /home/capstone/project/test_files/000349.pdf
[10474] e9cc7fdfa3cf40f O /home/capstone/Downloads/000/000890.jpg
[10474] e9cc7fdfa3cf40f O /home/capstone/project/test_files/000346.pdf
[10474] e9cc7fdfa3cf40f O /home/capstone/Downloads/000/000590.pdf
[10474] e9cc7fdfa3cf40f O /home/capstone/Downloads/000/000366.pdf
[10474] e9cc7fdfa3cf40f O /home/capstone/project/test_files/000238.jpg
[10474] e9cc7fdfa3cf40f O /home/capstone/Downloads/000/000188.html
[10474] e9cc7fdfa3cf40f O /home/capstone/project/test_files/000273.doc
[10474] e9cc7fdfa3cf40f O /home/capstone/Downloads/000/000513.jpg
[10474] e9cc7fdfa3cf40f O /home/capstone/project/test_files/000331.pdf
[10474] e9cc7fdfa3cf40f O /home/capstone/project/test_files/000560.ppt
[10474] e9cc7fdfa3cf40f O /home/capstone/Downloads/000/000372.pdf
[2223] systemd D /run/user/1000/systemd/units/invocation:update-notifier-crash.service
[10474] e9cc7fdfa3cf40f O /home/capstone/Downloads/000/000131.doc
[10474] e9cc7fdfa3cf40f O /home/capstone/Downloads/000/000180.html
[10474] e9cc7fdfa3cf40f O /home/capstone/Downloads/000/000286.doc
[10474] e9cc7fdfa3cf40f O /home/capstone/Downloads/000/000437.jpg
[10474] e9cc7fdfa3cf40f O /home/capstone/Downloads/000/000746.pdf
[10474] e9cc7fdfa3cf40f O /home/capstone/project/test_files/000919.html
[10474] e9cc7fdfa3cf40f O /home/capstone/project/test_files/000536.jpg
[10474] e9cc7fdfa3cf40f O /home/capstone/Downloads/000/000729.ppt
[10474] e9cc7fdfa3cf40f O /home/capstone/project/test_files/000337.pdf
[10474] e9cc7fdfa3cf40f O /home/capstone/project/test_files/000258.rtf
[10474] e9cc7fdfa3cf40f O /home/capstone/project/test_files/000253.doc
[10474] e9cc7fdfa3cf40f O /home/capstone/project/test_files/000539.jpg
[10474] e9cc7fdfa3cf40f O /home/capstone/Downloads/000/000802.doc
[10474] e9cc7fdfa3cf40f O /home/capstone/project/test_files/000784.html
[10474] e9cc7fdfa3cf40f O /home/capstone/project/test_files/000972.gif
[10474] e9cc7fdfa3cf40f O /home/capstone/Downloads/000/000567.pdf
[10474] e9cc7fdfa3cf40f O /home/capstone/project/test_files/000119.doc
[10474] e9cc7fdfa3cf40f O /home/capstone/project/test_files/000386.xls
[10474] e9cc7fdfa3cf40f O /home/capstone/Downloads/000/000786.gz
[10474] e9cc7fdfa3cf40f O /home/capstone/Downloads/000/000881.jpg
[10474] e9cc7fdfa3cf40f O /home/capstone/project/test_files/000597.html
[10474] e9cc7fdfa3cf40f O /home/capstone/Downloads/000/000272.pdf
[10474] e9cc7fdfa3cf40f O /home/capstone/project/test_files/000256.doc
[10474] e9cc7fdfa3cf40f O /home/capstone/project/test_files/000439.html
[10474] e9cc7fdfa3cf40f O /home/capstone/project/test_files/000495.unk
[10474] e9cc7fdfa3cf40f O /home/capstone/Downloads/000/000379.pdf
[10474] e9cc7fdfa3cf40f O /home/capstone/project/test_files/000248.doc
[10474] e9cc7fdfa3cf40f O /home/capstone/Downloads/000/000355.pdf
[10474] e9cc7fdfa3cf40f O /home/capstone/Downloads/000/000174.ppt
[10474] e9cc7fdfa3cf40f O /home/capstone/project/test_files/000060.html
[10474] e9cc7fdfa3cf40f O /home/capstone/project/test_files/000137.pdf
[10474] e9cc7fdfa3cf40f O /home/capstone/project/test_files/000945.pdf
[10474] e9cc7fdfa3cf40f O /home/capstone/project/test_files/000406.xls
[10474] e9cc7fdfa3cf40f O /home/capstone/project/test_files/000080.html
[10474] e9cc7fdfa3cf40f O /home/capstone/project/test_files/000348.pdf
[10474] e9cc7fdfa3cf40f O /home/capstone/project/test_files/000558.ppt
[10474] e9cc7fdfa3cf40f O /home/capstone/Downloads/000/000255.doc
[10474] e9cc7fdfa3cf40f O /home/capstone/Downloads/000/000986.ppt
[10474] e9cc7fdfa3cf40f O /home/capstone/Downloads/000/000231.jpg
[10474] e9cc7fdfa3cf40f O /home/capstone/Downloads/000/000509.jpg
[10474] e9cc7fdfa3cf40f O /home/capstone/Downloads/000/000574.pdf
[10474] e9cc7fdfa3cf40f O /home/capstone/Downloads/000/000163.pdf
[10474] e9cc7fdfa3cf40f O /home/capstone/project/test_files/000918.html
[10474] e9cc7fdfa3cf40f O /home/capstone/project/test_files/000840.pdf
[10474] e9cc7fdfa3cf40f O /home/capstone/project/test_files/000021.pdf
[10474] e9cc7fdfa3cf40f O /home/capstone/project/test_files/000753.pdf
[10474] e9cc7fdfa3cf40f O /home/capstone/project/test_files/000099.ps
[10474] e9cc7fdfa3cf40f O /home/capstone/project/test_files/000310.ppt
[10474] e9cc7fdfa3cf40f O /home/capstone/Downloads/000/000517.gif
[10474] e9cc7fdfa3cf40f O /home/capstone/project/test_files/000834.pdf
[10474] e9cc7fdfa3cf40f O /home/capstone/Downloads/000/000533.doc
[10474] e9cc7fdfa3cf40f O /home/capstone/project/test_files/000326.ppt
[10474] e9cc7fdfa3cf40f O /home/capstone/Downloads/000/000440.html
[10474] e9cc7fdfa3cf40f O /home/capstone/Downloads/000/000418.html
[10474] e9cc7fdfa3cf40f O /home/capstone/Downloads/000/000615.html
[10474] e9cc7fdfa3cf40f O /home/capstone/project/test_files/000751.pdf
[10474] e9cc7fdfa3cf40f O /home/capstone/project/test_files/000247.jpg
[10474] e9cc7fdfa3cf40f O /home/capstone/project/test_files/000413.html
[10474] e9cc7fdfa3cf40f O /home/capstone/project/test_files/000368.pdf
[10474] e9cc7fdfa3cf40f O /home/capstone/project/test_files/000317.ppt
[10474] e9cc7fdfa3cf40f O /home/capstone/project/test_files/000953.doc
[10474] e9cc7fdfa3cf40f O /home/capstone/project/test_files/000160.ppt
[10474] e9cc7fdfa3cf40f O /home/capstone/project/test_files/000233.gif
[10474] e9cc7fdfa3cf40f O /home/capstone/project/test_files/000554.html
[10474] e9cc7fdfa3cf40f O /home/capstone/project/test_files/000695.doc
[10474] e9cc7fdfa3cf40f O /home/capstone/project/test_files/000009.pdf
[10474] e9cc7fdfa3cf40f O /home/capstone/project/test_files/000547.pdf
[10474] e9cc7fdfa3cf40f O /home/capstone/project/test_files/000343.pdf
[10474] e9cc7fdfa3cf40f O /home/capstone/project/test_files/000715.ppt
[10474] e9cc7fdfa3cf40f O /home/capstone/project/test_files/000032.xls
[10474] e9cc7fdfa3cf40f O /home/capstone/project/test_files/000304.ppt
[10474] e9cc7fdfa3cf40f O /home/capstone/project/test_files/000763.pdf
[10474] e9cc7fdfa3cf40f O /home/capstone/project/test_files/000794.html
[10474] e9cc7fdfa3cf40f O /home/capstone/project/test_files/000958.doc
[10474] e9cc7fdfa3cf40f O /home/capstone/project/test_files/000737.pdf
[10474] e9cc7fdfa3cf40f O /home/capstone/project/test_files/000296.ppt
[10474] e9cc7fdfa3cf40f O /home/capstone/project/test_files/000705.doc
[10474] e9cc7fdfa3cf40f O /home/capstone/project/test_files/000390.xls
[10474] e9cc7fdfa3cf40f O /home/capstone/project/test_files/000531.jpg
[10474] e9cc7fdfa3cf40f O /home/capstone/project/test_files/000306.ppt
[10474] e9cc7fdfa3cf40f O /home/capstone/project/test_files/000681.jpg
[10474] e9cc7fdfa3cf40f O /home/capstone/project/test_files/000905.jpg
[10474] e9cc7fdfa3cf40f O /home/capstone/project/test_files/000162.pdf
[10474] e9cc7fdfa3cf40f O /home/capstone/project/test_files/000998.ppt
[10474] e9cc7fdfa3cf40f O /home/capstone/project/test_files/000663.pdf
[10474] e9cc7fdfa3cf40f O /home/capstone/project/test_files/000191.html
[10474] e9cc7fdfa3cf40f O /home/capstone/project/test_files/000922.java
[10474] e9cc7fdfa3cf40f O /home/capstone/project/test_files/000725.ppt
[10474] e9cc7fdfa3cf40f O /home/capstone/project/test_files/000742.pdf
[10474] e9cc7fdfa3cf40f O /home/capstone/project/test_files/000244.jpg
[10474] e9cc7fdfa3cf40f O /home/capstone/project/test_files/000017.swf
[10474] e9cc7fdfa3cf40f O /home/capstone/project/test_files/000199.html
[10474] e9cc7fdfa3cf40f O /home/capstone/project/test_files/000596.pdf
[10474] e9cc7fdfa3cf40f O /home/capstone/project/test_files/000871.jpg
[10474] e9cc7fdfa3cf40f O /home/capstone/project/test_files/000551.jpg
[10474] e9cc7fdfa3cf40f O /home/capstone/project/test_files/000261.doc
[10474] e9cc7fdfa3cf40f O /home/capstone/project/test_files/000364.pdf
[10474] e9cc7fdfa3cf40f O /home/capstone/project/test_files/000338.pdf
[10474] e9cc7fdfa3cf40f O /home/capstone/project/test_files/000578.pdf
[10474] e9cc7fdfa3cf40f O /home/capstone/project/test_files/000520.gif
[10474] e9cc7fdfa3cf40f O /home/capstone/project/test_files/000420.html
[10474] e9cc7fdfa3cf40f O /home/capstone/project/test_files/000524.jpg
[10474] e9cc7fdfa3cf40f O /home/capstone/project/test_files/000760.pdf
[10474] e9cc7fdfa3cf40f O /home/capstone/project/test_files/000589.pdf
[10474] e9cc7fdfa3cf40f O /home/capstone/project/test_files/000917.html
[10474] e9cc7fdfa3cf40f O /home/capstone/project/test_files/000637.html
[10474] e9cc7fdfa3cf40f O /home/capstone/project/test_files/000115.wp
[10474] e9cc7fdfa3cf40f O /home/capstone/project/test_files/000179.html
[10474] e9cc7fdfa3cf40f O /home/capstone/project/test_files/000283.doc
[10474] e9cc7fdfa3cf40f O /home/capstone/project/test_files/000818.pdf
[10474] e9cc7fdfa3cf40f O /home/capstone/project/test_files/000874.jpg
[10474] e9cc7fdfa3cf40f O /home/capstone/project/test_files/000964.doc
[10474] e9cc7fdfa3cf40f O /home/capstone/project/test_files/000690.csv
[10474] e9cc7fdfa3cf40f O /home/capstone/project/test_files/000559.ppt
[10474] e9cc7fdfa3cf40f O /home/capstone/project/test_files/000169.ppt
[10474] e9cc7fdfa3cf40f O /home/capstone/project/test_files/000838.pdf
[10474] e9cc7fdfa3cf40f O /home/capstone/project/test_files/000869.jpg
[10474] e9cc7fdfa3cf40f O /home/capstone/project/test_files/000454.html
[10474] e9cc7fdfa3cf40f O /home/capstone/project/test_files/000329.ppt
[10474] e9cc7fdfa3cf40f O /home/capstone/project/test_files/000367.pdf
[10474] e9cc7fdfa3cf40f O /home/capstone/project/test_files/000140.pdf
[10474] e9cc7fdfa3cf40f O /home/capstone/project/test_files/000552.html
[10474] e9cc7fdfa3cf40f O /home/capstone/project/test_files/000797.html
[10474] e9cc7fdfa3cf40f O /home/capstone/project/test_files/000073.html
[10474] e9cc7fdfa3cf40f O /home/capstone/project/test_files/000980.ps
[10474] e9cc7fdfa3cf40f O /home/capstone/project/test_files/000251.pdf
[10474] e9cc7fdfa3cf40f O /home/capstone/project/test_files/000891.html
[10474] e9cc7fdfa3cf40f O /home/capstone/project/test_files/000435.html
[10474] e9cc7fdfa3cf40f O /home/capstone/project/test_files/000947.html
[10474] e9cc7fdfa3cf40f O /home/capstone/project/test_files/000749.html
[10474] e9cc7fdfa3cf40f O /home/capstone/project/test_files/000599.html
[10474] e9cc7fdfa3cf40f O /home/capstone/project/test_files/000114.doc
[10474] e9cc7fdfa3cf40f O /home/capstone/project/test_files/000178.html
[10474] e9cc7fdfa3cf40f O /home/capstone/project/test_files/000051.xls
[10474] e9cc7fdfa3cf40f O /home/capstone/project/test_files/000259.doc
[10474] e9cc7fdfa3cf40f O /home/capstone/project/test_files/000911.doc
[10474] e9cc7fdfa3cf40f O /home/capstone/project/test_files/000356.pdf
[10474] e9cc7fdfa3cf40f O /home/capstone/project/test_files/000613.html
[10474] e9cc7fdfa3cf40f O /home/capstone/project/test_files/000510.jpg
[10474] e9cc7fdfa3cf40f O /home/capstone/project/test_files/000141.pdf
[10474] e9cc7fdfa3cf40f O /home/capstone/project/test_files/000909.jpg
[10474] e9cc7fdfa3cf40f O /home/capstone/project/test_files/000411.html
[10474] e9cc7fdfa3cf40f O /home/capstone/project/test_files/000893.html
[10474] e9cc7fdfa3cf40f O /home/capstone/project/test_files/000427.html
[10474] e9cc7fdfa3cf40f O /home/capstone/project/test_files/000807.pdf
[10474] e9cc7fdfa3cf40f O /home/capstone/project/test_files/000113.doc
[10474] e9cc7fdfa3cf40f O /home/capstone/project/test_files/000254.doc
[10474] e9cc7fdfa3cf40f O /home/capstone/project/test_files/000579.gz
[10474] e9cc7fdfa3cf40f O /home/capstone/project/test_files/000176.pdf
[10474] e9cc7fdfa3cf40f O /home/capstone/project/test_files/000955.pdf
[10474] e9cc7fdfa3cf40f O /home/capstone/project/test_files/000268.doc
[10474] e9cc7fdfa3cf40f O /home/capstone/project/test_files/000779.xls
[10474] e9cc7fdfa3cf40f O /home/capstone/project/test_files/000019.pdf
[10474] e9cc7fdfa3cf40f O /home/capstone/project/test_files/000308.ppt
[10474] e9cc7fdfa3cf40f O /home/capstone/project/test_files/000565.csv
[10474] e9cc7fdfa3cf40f O /home/capstone/project/test_files/000125.doc
[10474] e9cc7fdfa3cf40f O /home/capstone/project/test_files/000214.html
[10474] e9cc7fdfa3cf40f O /home/capstone/project/test_files/000005.doc
[10474] e9cc7fdfa3cf40f O /home/capstone/project/test_files/000313.ppt
[10474] e9cc7fdfa3cf40f O /home/capstone/project/test_files/000853.pdf
[10474] e9cc7fdfa3cf40f O /home/capstone/project/test_files/000740.html
[10474] e9cc7fdfa3cf40f O /home/capstone/project/test_files/000788.doc
[10474] e9cc7fdfa3cf40f O /home/capstone/project/test_files/000777.xls
[10474] e9cc7fdfa3cf40f O /home/capstone/project/test_files/000732.ppt
[10474] e9cc7fdfa3cf40f O /home/capstone/project/test_files/000817.pdf
[10474] e9cc7fdfa3cf40f O /home/capstone/project/test_files/000445.html
[10474] e9cc7fdfa3cf40f O /home/capstone/project/test_files/000691.doc
[10474] e9cc7fdfa3cf40f O /home/capstone/project/test_files/000133.ppt
[10474] e9cc7fdfa3cf40f O /home/capstone/project/test_files/000058.html
[10474] e9cc7fdfa3cf40f O /home/capstone/project/test_files/000996.ps
[10474] e9cc7fdfa3cf40f O /home/capstone/project/test_files/000217.html
[10474] e9cc7fdfa3cf40f O /home/capstone/project/test_files/000195.html
[10474] e9cc7fdfa3cf40f O /home/capstone/project/test_files/000068.html
[10474] e9cc7fdfa3cf40f O /home/capstone/project/test_files/000243.jpg
[10474] e9cc7fdfa3cf40f O /home/capstone/project/test_files/000046.xls
[10474] e9cc7fdfa3cf40f O /home/capstone/project/test_files/000885.pdf
[10474] e9cc7fdfa3cf40f O /home/capstone/project/test_files/000967.doc
[10474] e9cc7fdfa3cf40f O /home/capstone/project/test_files/000532.jpg
[10474] e9cc7fdfa3cf40f O /home/capstone/project/test_files/000144.doc
[10474] e9cc7fdfa3cf40f O /home/capstone/project/test_files/000295.ppt
[10474] e9cc7fdfa3cf40f O /home/capstone/project/test_files/000275.doc
[10474] e9cc7fdfa3cf40f O /home/capstone/project/test_files/000741.log
[10474] e9cc7fdfa3cf40f O /home/capstone/project/test_files/000900.jpg
[10474] e9cc7fdfa3cf40f O /home/capstone/project/test_files/000952.doc
[10474] e9cc7fdfa3cf40f O /home/capstone/project/test_files/000944.doc
[10474] e9cc7fdfa3cf40f O /home/capstone/project/test_files/000161.pdf
[10474] e9cc7fdfa3cf40f O /home/capstone/project/test_files/000859.pdf
[10474] e9cc7fdfa3cf40f O /home/capstone/project/test_files/000447.html
[10474] e9cc7fdfa3cf40f O /home/capstone/project/test_files/000061.html
[10474] e9cc7fdfa3cf40f O /home/capstone/project/test_files/000276.doc
[10474] e9cc7fdfa3cf40f O /home/capstone/project/test_files/000897.jpg
[10474] e9cc7fdfa3cf40f O /home/capstone/project/test_files/000573.swf
[10474] e9cc7fdfa3cf40f O /home/capstone/project/test_files/000446.html
[10474] e9cc7fdfa3cf40f O /home/capstone/project/test_files/000522.gif
[10474] e9cc7fdfa3cf40f O /home/capstone/project/test_files/000576.csv
[10474] e9cc7fdfa3cf40f O /home/capstone/project/test_files/000043.xls
[10474] e9cc7fdfa3cf40f O /home/capstone/project/test_files/000370.pdf
[10474] e9cc7fdfa3cf40f O /home/capstone/project/test_files/000724.ppt
[10474] e9cc7fdfa3cf40f O /home/capstone/project/test_files/000792.html
[10474] e9cc7fdfa3cf40f O /home/capstone/project/test_files/000671.pdf
[10474] e9cc7fdfa3cf40f O /home/capstone/project/test_files/000010.pdf
[10474] e9cc7fdfa3cf40f O /home/capstone/project/test_files/000403.xls
[10474] e9cc7fdfa3cf40f O /home/capstone/project/test_files/000375.xls
[10474] e9cc7fdfa3cf40f O /home/capstone/project/test_files/000124.doc
[10474] e9cc7fdfa3cf40f O /home/capstone/project/test_files/000950.doc
[10474] e9cc7fdfa3cf40f O /home/capstone/project/test_files/000453.html
[10474] e9cc7fdfa3cf40f O /home/capstone/project/test_files/000400.jpg
[10474] e9cc7fdfa3cf40f O /home/capstone/project/test_files/000383.xls
[10474] e9cc7fdfa3cf40f O /home/capstone/project/test_files/000166.pdf
[10474] e9cc7fdfa3cf40f O /home/capstone/project/test_files/000036.xls
[10474] e9cc7fdfa3cf40f O /home/capstone/project/test_files/000035.xls
[10474] e9cc7fdfa3cf40f O /home/capstone/project/test_files/000959.xls
[10474] e9cc7fdfa3cf40f O /home/capstone/project/test_files/000391.xls
[10474] e9cc7fdfa3cf40f O /home/capstone/project/test_files/000465.unk
[10474] e9cc7fdfa3cf40f O /home/capstone/project/test_files/000200.html
[10474] e9cc7fdfa3cf40f O /home/capstone/project/test_files/000787.html
[10474] e9cc7fdfa3cf40f O /home/capstone/project/test_files/000242.jpg
[10474] e9cc7fdfa3cf40f O /home/capstone/project/test_files/000215.html
[10474] e9cc7fdfa3cf40f O /home/capstone/project/test_files/000421.html
[10474] e9cc7fdfa3cf40f O /home/capstone/project/test_files/000718.gz
[10474] e9cc7fdfa3cf40f O /home/capstone/project/test_files/000373.pdf
[10474] e9cc7fdfa3cf40f O /home/capstone/project/test_files/000878.pdf
[10474] e9cc7fdfa3cf40f O /home/capstone/project/test_files/000612.html
[10474] e9cc7fdfa3cf40f O /home/capstone/project/test_files/000755.pdf
[10474] e9cc7fdfa3cf40f O /home/capstone/project/test_files/000159.pdf
[10474] e9cc7fdfa3cf40f O /home/capstone/project/test_files/000879.jpg
[10474] e9cc7fdfa3cf40f O /home/capstone/project/test_files/000029.pdf
[10474] e9cc7fdfa3cf40f O /home/capstone/project/test_files/000415.html
[10474] e9cc7fdfa3cf40f O /home/capstone/project/test_files/000288.ppt
[10474] e9cc7fdfa3cf40f O /home/capstone/project/test_files/000357.pdf
[10474] e9cc7fdfa3cf40f O /home/capstone/project/test_files/000702.ps
[10474] e9cc7fdfa3cf40f O /home/capstone/project/test_files/000892.html
[10474] e9cc7fdfa3cf40f O /home/capstone/project/test_files/000514.jpg
[10474] e9cc7fdfa3cf40f O /home/capstone/project/test_files/000371.pdf
[10474] e9cc7fdfa3cf40f O /home/capstone/project/test_files/000407.xls
[10474] e9cc7fdfa3cf40f O /home/capstone/project/test_files/000960.doc
[10474] e9cc7fdfa3cf40f O /home/capstone/project/test_files/000225.f
[10474] e9cc7fdfa3cf40f O /home/capstone/project/test_files/000544.jpg
[10474] e9cc7fdfa3cf40f O /home/capstone/project/test_files/000815.html
[10474] e9cc7fdfa3cf40f O /home/capstone/project/test_files/000377.xls
[10474] e9cc7fdfa3cf40f O /home/capstone/project/test_files/000916.html
[10474] e9cc7fdfa3cf40f O /home/capstone/project/test_files/000876.jpg
[10474] e9cc7fdfa3cf40f O /home/capstone/project/test_files/000065.html
[10474] e9cc7fdfa3cf40f O /home/capstone/project/test_files/000392.xls
[10474] e9cc7fdfa3cf40f O /home/capstone/project/test_files/000167.ppt
[10474] e9cc7fdfa3cf40f O /home/capstone/project/test_files/000623.html
[10474] e9cc7fdfa3cf40f O /home/capstone/project/test_files/000581.pdf
[10474] e9cc7fdfa3cf40f O /home/capstone/project/test_files/000057.html
[10474] e9cc7fdfa3cf40f O /home/capstone/project/test_files/000398.xls
[10474] e9cc7fdfa3cf40f O /home/capstone/project/test_files/000121.doc
[10474] e9cc7fdfa3cf40f O /home/capstone/project/test_files/000108.jpg
[10474] e9cc7fdfa3cf40f O /home/capstone/project/test_files/000525.gif
[10474] e9cc7fdfa3cf40f O /home/capstone/project/test_files/000880.jpg
[10474] e9cc7fdfa3cf40f O /home/capstone/project/test_files/000811.pdf
[10474] e9cc7fdfa3cf40f O /home/capstone/project/test_files/000321.ppt
[10474] e9cc7fdfa3cf40f O /home/capstone/project/test_files/000083.unk
[10474] e9cc7fdfa3cf40f O /home/capstone/project/test_files/000277.doc
[10474] e9cc7fdfa3cf40f O /home/capstone/project/test_files/000062.html
[10474] e9cc7fdfa3cf40f O /home/capstone/project/test_files/000820.html
[10474] e9cc7fdfa3cf40f O /home/capstone/project/test_files/000528.jpg
[10474] e9cc7fdfa3cf40f O /home/capstone/project/test_files/000640.html
[10474] e9cc7fdfa3cf40f O /home/capstone/project/test_files/000561.gif
[10474] e9cc7fdfa3cf40f O /home/capstone/project/test_files/000883.jpg
[10474] e9cc7fdfa3cf40f O /home/capstone/project/test_files/000541.jpg
[10474] e9cc7fdfa3cf40f O /home/capstone/project/test_files/000301.ppt
[10474] e9cc7fdfa3cf40f O /home/capstone/project/test_files/000548.gif
[10474] e9cc7fdfa3cf40f O /home/capstone/project/test_files/000991.ppt
[10474] e9cc7fdfa3cf40f O /home/capstone/project/test_files/000799.doc
[10474] e9cc7fdfa3cf40f O /home/capstone/project/test_files/000142.pdf
[10474] e9cc7fdfa3cf40f O /home/capstone/project/test_files/000025.pdf
[10474] e9cc7fdfa3cf40f O /home/capstone/project/test_files/000795.doc
[10474] e9cc7fdfa3cf40f O /home/capstone/project/test_files/000990.ppt
[10474] e9cc7fdfa3cf40f O /home/capstone/project/test_files/000341.pdf
[10474] e9cc7fdfa3cf40f O /home/capstone/project/test_files/000360.pdf
[10474] e9cc7fdfa3cf40f O /home/capstone/project/test_files/000197.html
[10474] e9cc7fdfa3cf40f O /home/capstone/project/test_files/000044.xls
[10474] e9cc7fdfa3cf40f O /home/capstone/project/test_files/000177.pdf
[10474] e9cc7fdfa3cf40f O /home/capstone/project/test_files/000722.csv
[10474] e9cc7fdfa3cf40f O /home/capstone/project/test_files/000130.doc
[10474] e9cc7fdfa3cf40f O /home/capstone/project/test_files/000977.doc
[10474] e9cc7fdfa3cf40f O /home/capstone/project/test_files/000444.pdf
[10474] e9cc7fdfa3cf40f O /home/capstone/project/test_files/000097.ps
[10474] e9cc7fdfa3cf40f O /home/capstone/project/test_files/000634.html
[10474] e9cc7fdfa3cf40f O /home/capstone/project/test_files/000577.pdf
[10474] e9cc7fdfa3cf40f O /home/capstone/project/test_files/000616.html
[10474] e9cc7fdfa3cf40f O /home/capstone/project/test_files/000170.xls
[10474] e9cc7fdfa3cf40f O /home/capstone/project/test_files/000175.ppt
[10474] e9cc7fdfa3cf40f O /home/capstone/project/test_files/000808.html
[10474] e9cc7fdfa3cf40f O /home/capstone/project/test_files/000601.html
[10474] e9cc7fdfa3cf40f O /home/capstone/project/test_files/000300.ppt
[10474] e9cc7fdfa3cf40f O /home/capstone/project/test_files/000053.xls
[10474] e9cc7fdfa3cf40f O /home/capstone/project/test_files/000686.doc
[10474] e9cc7fdfa3cf40f O /home/capstone/project/test_files/000280.pdf
[10474] e9cc7fdfa3cf40f O /home/capstone/project/test_files/000600.html
[10474] e9cc7fdfa3cf40f O /home/capstone/project/test_files/000325.pdf
[10474] e9cc7fdfa3cf40f O /home/capstone/project/test_files/000456.html
[10474] e9cc7fdfa3cf40f O /home/capstone/project/test_files/000789.html
[10474] e9cc7fdfa3cf40f O /home/capstone/project/test_files/000508.jpg
[10474] e9cc7fdfa3cf40f O /home/capstone/project/test_files/000266.pdf
[10474] e9cc7fdfa3cf40f O /home/capstone/project/test_files/000736.gz
[10474] e9cc7fdfa3cf40f O /home/capstone/project/test_files/000192.html
[10474] e9cc7fdfa3cf40f O /home/capstone/project/test_files/000388.xls
[10474] e9cc7fdfa3cf40f O /home/capstone/project/test_files/000359.pdf
[10474] e9cc7fdfa3cf40f O /home/capstone/project/test_files/000198.html
[10474] e9cc7fdfa3cf40f O /home/capstone/project/test_files/000066.html
[10474] e9cc7fdfa3cf40f O /home/capstone/project/test_files/000018.pdf
[10474] e9cc7fdfa3cf40f O /home/capstone/project/test_files/000689.csv
[10474] e9cc7fdfa3cf40f O /home/capstone/project/test_files/000079.html
[10474] e9cc7fdfa3cf40f O /home/capstone/project/test_files/000747.pdf
[10474] e9cc7fdfa3cf40f O /home/capstone/project/test_files/000358.pdf
[10474] e9cc7fdfa3cf40f O /home/capstone/project/test_files/000292.ppt
[10474] e9cc7fdfa3cf40f O /home/capstone/project/test_files/000030.xls
[10474] e9cc7fdfa3cf40f O /home/capstone/project/test_files/000812.html
[10474] e9cc7fdfa3cf40f O /home/capstone/project/test_files/000730.ps
[10474] e9cc7fdfa3cf40f O /home/capstone/project/test_files/000416.html
[10474] e9cc7fdfa3cf40f O /home/capstone/project/test_files/000594.pdf
[10474] e9cc7fdfa3cf40f O /home/capstone/project/test_files/000003.doc
[10474] e9cc7fdfa3cf40f O /home/capstone/project/test_files/000239.jpg
[10474] e9cc7fdfa3cf40f O /home/capstone/project/test_files/000711.ppt
[10474] e9cc7fdfa3cf40f O /home/capstone/project/test_files/000173.html
[10474] e9cc7fdfa3cf40f O /home/capstone/project/test_files/000164.pdf
[10474] e9cc7fdfa3cf40f O /home/capstone/project/test_files/000436.html
[10474] e9cc7fdfa3cf40f O /home/capstone/project/test_files/000781.xls
[10474] e9cc7fdfa3cf40f O /home/capstone/project/test_files/000535.jpg
[10474] e9cc7fdfa3cf40f O /home/capstone/project/test_files/000074.html
[10474] e9cc7fdfa3cf40f O /home/capstone/project/test_files/000693.doc
[10474] e9cc7fdfa3cf40f O /home/capstone/project/test_files/000246.jpg
[10474] e9cc7fdfa3cf40f O /home/capstone/project/test_files/000800.html
[10474] e9cc7fdfa3cf40f O /home/capstone/project/test_files/000813.pdf
[10474] e9cc7fdfa3cf40f O /home/capstone/project/test_files/000369.pdf
[10474] e9cc7fdfa3cf40f O /home/capstone/project/test_files/000526.gif
[10474] e9cc7fdfa3cf40f O /home/capstone/project/test_files/000339.pdf
[10474] e9cc7fdfa3cf40f O /home/capstone/project/test_files/000518.ppt
[10474] e9cc7fdfa3cf40f O /home/capstone/project/test_files/000190.html
[10474] e9cc7fdfa3cf40f O /home/capstone/project/test_files/000052.xls
[10474] e9cc7fdfa3cf40f O /home/capstone/project/test_files/000063.html
[10474] e9cc7fdfa3cf40f O /home/capstone/project/test_files/000399.xls
[10474] e9cc7fdfa3cf40f O /home/capstone/project/test_files/000899.pdf
[10474] e9cc7fdfa3cf40f O /home/capstone/project/test_files/000267.doc
[10474] e9cc7fdfa3cf40f O /home/capstone/project/test_files/000603.jpg
[10474] e9cc7fdfa3cf40f O /home/capstone/project/test_files/000414.html
[10474] e9cc7fdfa3cf40f O /home/capstone/project/test_files/000134.ppt
[10474] e9cc7fdfa3cf40f O /home/capstone/project/test_files/000745.pdf
[10474] e9cc7fdfa3cf40f O /home/capstone/project/test_files/000171.xls
[10474] e9cc7fdfa3cf40f O /home/capstone/project/test_files/000677.doc
[10474] e9cc7fdfa3cf40f O /home/capstone/project/test_files/000913.doc
[10474] e9cc7fdfa3cf40f O /home/capstone/project/test_files/000469.jpg
[10474] e9cc7fdfa3cf40f O /home/capstone/project/test_files/000943.pdf
[10474] e9cc7fdfa3cf40f O /home/capstone/project/test_files/000961.doc
[10474] e9cc7fdfa3cf40f O /home/capstone/project/test_files/000872.jpg
[10474] e9cc7fdfa3cf40f O /home/capstone/project/test_files/000129.html
[10474] e9cc7fdfa3cf40f O /home/capstone/project/test_files/000362.pdf
[10474] e9cc7fdfa3cf40f O /home/capstone/project/test_files/000422.html
[10474] e9cc7fdfa3cf40f O /home/capstone/project/test_files/000766.ps
[10474] e9cc7fdfa3cf40f O /home/capstone/project/test_files/000595.pdf
[10474] e9cc7fdfa3cf40f O /home/capstone/project/test_files/000012.pdf
[10474] e9cc7fdfa3cf40f O /home/capstone/project/test_files/000585.pdf
[10474] e9cc7fdfa3cf40f O /home/capstone/project/test_files/000033.xls
[10474] e9cc7fdfa3cf40f O /home/capstone/project/test_files/000843.pdf
[10474] e9cc7fdfa3cf40f O /home/capstone/project/test_files/000265.doc
[10474] e9cc7fdfa3cf40f O /home/capstone/project/test_files/000345.pdf
[10474] e9cc7fdfa3cf40f O /home/capstone/project/test_files/000819.html
[10474] e9cc7fdfa3cf40f O /home/capstone/project/test_files/000752.pdf
[10474] e9cc7fdfa3cf40f O /home/capstone/project/test_files/000908.jpg
[10474] e9cc7fdfa3cf40f O /home/capstone/project/test_files/000050.xls
[10474] e9cc7fdfa3cf40f O /home/capstone/project/test_files/000549.jpg
[10474] e9cc7fdfa3cf40f O /home/capstone/project/test_files/000507.jpg
[10474] e9cc7fdfa3cf40f O /home/capstone/project/test_files/000890.jpg
[10474] e9cc7fdfa3cf40f O /home/capstone/project/test_files/000590.pdf
[10474] e9cc7fdfa3cf40f O /home/capstone/project/test_files/000366.pdf
[10474] e9cc7fdfa3cf40f O /home/capstone/project/test_files/000188.html
[10474] e9cc7fdfa3cf40f O /home/capstone/project/test_files/000513.jpg
[10474] e9cc7fdfa3cf40f O /home/capstone/project/test_files/000372.pdf
[10474] e9cc7fdfa3cf40f O /home/capstone/project/test_files/000131.doc
[10474] e9cc7fdfa3cf40f O /home/capstone/project/test_files/000180.html
[10474] e9cc7fdfa3cf40f O /home/capstone/project/test_files/000286.doc
[10474] e9cc7fdfa3cf40f O /home/capstone/project/test_files/000437.jpg
[10474] e9cc7fdfa3cf40f O /home/capstone/project/test_files/000746.pdf
[10474] e9cc7fdfa3cf40f O /home/capstone/project/test_files/000729.ppt
[10474] e9cc7fdfa3cf40f O /home/capstone/project/test_files/000138.html
[10474] e9cc7fdfa3cf40f O /home/capstone/project/test_files/000156.doc
[10474] e9cc7fdfa3cf40f O /home/capstone/project/test_files/000962.jpg
[10474] e9cc7fdfa3cf40f O /home/capstone/project/test_files/000189.pdf
[10474] e9cc7fdfa3cf40f O /home/capstone/project/test_files/000825.pdf
[10474] e9cc7fdfa3cf40f O /home/capstone/project/test_files/000588.pdf
[10474] e9cc7fdfa3cf40f O /home/capstone/project/test_files/000204.html
[10474] e9cc7fdfa3cf40f O /home/capstone/project/test_files/000155.pdf
[10474] e9cc7fdfa3cf40f O /home/capstone/project/test_files/000802.doc
[10474] e9cc7fdfa3cf40f O /home/capstone/project/test_files/000567.pdf
[10474] e9cc7fdfa3cf40f O /home/capstone/project/test_files/000786.gz
[10474] e9cc7fdfa3cf40f O /home/capstone/project/test_files/000881.jpg
[10474] e9cc7fdfa3cf40f O /home/capstone/project/test_files/000638.html
[10474] e9cc7fdfa3cf40f O /home/capstone/project/test_files/000272.pdf
[10474] e9cc7fdfa3cf40f O /home/capstone/project/test_files/000379.pdf
[10474] e9cc7fdfa3cf40f O /home/capstone/project/test_files/000355.pdf
[10474] e9cc7fdfa3cf40f O /home/capstone/project/test_files/000174.ppt
[10474] e9cc7fdfa3cf40f O /home/capstone/project/test_files/000716.ppt
[10474] e9cc7fdfa3cf40f O /home/capstone/project/test_files/000255.doc
[10474] e9cc7fdfa3cf40f O /home/capstone/project/test_files/000986.ppt
[10474] e9cc7fdfa3cf40f O /home/capstone/project/test_files/000231.jpg
[10474] e9cc7fdfa3cf40f O /home/capstone/project/test_files/000509.jpg
[10474] e9cc7fdfa3cf40f O /home/capstone/project/test_files/000574.pdf
[10474] e9cc7fdfa3cf40f O /home/capstone/project/test_files/000163.pdf
[10474] e9cc7fdfa3cf40f O /home/capstone/project/test_files/000517.gif
[10474] e9cc7fdfa3cf40f O /home/capstone/project/test_files/000440.html
[10474] e9cc7fdfa3cf40f O /home/capstone/project/test_files/000418.html
[10474] e9cc7fdfa3cf40f O /home/capstone/project/test_files/000615.html
[3140] gsd-xsettings O /home/capstone/.config/dconf/user
[2455] pool-gnome-shel O /home/capstone/.config/ubuntu-mimeapps.list
[2455] pool-gnome-shel O /home/capstone/.config/gnome-mimeapps.list
[2455] pool-gnome-shel O /home/capstone/.config/mimeapps.list
[2455] pool-gnome-shel O /home/capstone/.local/share/applications
[2455] pool-gnome-shel O /home/capstone/.local/share/applications/ubuntu-mimeapps.list
[2455] pool-gnome-shel O /home/capstone/.local/share/applications/gnome-mimeapps.list
[2455] pool-gnome-shel O /home/capstone/.local/share/applications/mimeapps.list
[2455] pool-gnome-shel O /home/capstone/.local/share/applications/defaults.list
[2455] pool-gnome-shel O /home/capstone/.local/share/applications/mimeinfo.cache
[2455] pool-gnome-shel O /home/capstone/.local/share/desktop-directories
[3140] pool-gsd-xsetti O /home/capstone/.cache/fontconfig//4c599c202bc5c08e2d34565a40eac3b2-le64.cache-9
[3140] pool-gsd-xsetti O /home/capstone/.fontconfig//4c599c202bc5c08e2d34565a40eac3b2-le64.cache-9
[3140] pool-gsd-xsetti O /home/capstone/.cache/fontconfig//4c599c202bc5c08e2d34565a40eac3b2-le64.cache-9
[3140] pool-gsd-xsetti O /home/capstone/.fontconfig//4c599c202bc5c08e2d34565a40eac3b2-le64.cache-9
[3140] pool-gsd-xsetti C /home/capstone/.cache/fontconfig/CACHEDIR.TAG.TMP-iOGYNL
[3140] pool-gsd-xsetti D /home/capstone/.cache/fontconfig/CACHEDIR.TAG.TMP-iOGYNL
[3140] pool-gsd-xsetti D /home/capstone/.cache/fontconfig/CACHEDIR.TAG.NEW
[3140] pool-gsd-xsetti C /home/capstone/.cache/fontconfig/CACHEDIR.TAG.NEW
[3140] pool-gsd-xsetti D /home/capstone/.cache/fontconfig/CACHEDIR.TAG.LCK
[3140] pool-gsd-xsetti C /home/capstone/.cache/fontconfig//4c599c202bc5c08e2d34565a40eac3b2-le64.cache-9.TMP-J0t80j
[3140] pool-gsd-xsetti D /home/capstone/.cache/fontconfig//4c599c202bc5c08e2d34565a40eac3b2-le64.cache-9.TMP-J0t80j
[3140] pool-gsd-xsetti D /home/capstone/.cache/fontconfig//4c599c202bc5c08e2d34565a40eac3b2-le64.cache-9.NEW
[3140] pool-gsd-xsetti C /home/capstone/.cache/fontconfig//4c599c202bc5c08e2d34565a40eac3b2-le64.cache-9.NEW
[3140] pool-gsd-xsetti D /home/capstone/.cache/fontconfig//4c599c202bc5c08e2d34565a40eac3b2-le64.cache-9.LCK
[3140] pool-gsd-xsetti O /home/capstone/.cache/fontconfig//3830d5c3ddfd5cd38a049b759396e72e-le64.cache-9
[3140] pool-gsd-xsetti O /home/capstone/.fontconfig//3830d5c3ddfd5cd38a049b759396e72e-le64.cache-9
[3140] pool-gsd-xsetti O /home/capstone/.cache/fontconfig//c855463f699352c367813e37f3f70ea7-le64.cache-9
[3140] pool-gsd-xsetti O /home/capstone/.fontconfig//c855463f699352c367813e37f3f70ea7-le64.cache-9
[3140] pool-gsd-xsetti O /home/capstone/.cache/fontconfig//32b6488e5b8292a2e95c79d947e009e8-le64.cache-9
[3140] pool-gsd-xsetti O /home/capstone/.fontconfig//32b6488e5b8292a2e95c79d947e009e8-le64.cache-9
[3140] pool-gsd-xsetti O /home/capstone/.cache/fontconfig//57e423e26b20ab21d0f2f29c145174c3-le64.cache-9
[3140] pool-gsd-xsetti O /home/capstone/.fontconfig//57e423e26b20ab21d0f2f29c145174c3-le64.cache-9
[3140] pool-gsd-xsetti O /home/capstone/.cache/fontconfig//573ec803664ed168555e0e8b6d0f0c7f-le64.cache-9
[3140] pool-gsd-xsetti O /home/capstone/.fontconfig//573ec803664ed168555e0e8b6d0f0c7f-le64.cache-9
[3140] pool-gsd-xsetti O /home/capstone/.cache/fontconfig//7ef2298fde41cc6eeb7af42e48b7d293-le64.cache-9
[3140] pool-gsd-xsetti O /home/capstone/.fontconfig//7ef2298fde41cc6eeb7af42e48b7d293-le64.cache-9
[3140] pool-gsd-xsetti O /home/capstone/.cache/fontconfig//d82eb4fd963d448e2fcb7d7b793b5df3-le64.cache-9
[3140] pool-gsd-xsetti O /home/capstone/.fontconfig//d82eb4fd963d448e2fcb7d7b793b5df3-le64.cache-9
[3140] pool-gsd-xsetti O /home/capstone/.cache/fontconfig//e13b20fdb08344e0e664864cc2ede53d-le64.cache-9
[3140] pool-gsd-xsetti O /home/capstone/.fontconfig//e13b20fdb08344e0e664864cc2ede53d-le64.cache-9
[3140] pool-gsd-xsetti O /home/capstone/.cache/fontconfig//707971e003b4ae6c8121c3a920e507f5-le64.cache-9
[3140] pool-gsd-xsetti O /home/capstone/.fontconfig//707971e003b4ae6c8121c3a920e507f5-le64.cache-9
[3140] pool-gsd-xsetti O /home/capstone/.cache/fontconfig//cabbd14511b9e8a55e92af97fb3a0461-le64.cache-9
[3140] pool-gsd-xsetti O /home/capstone/.fontconfig//cabbd14511b9e8a55e92af97fb3a0461-le64.cache-9
[3140] pool-gsd-xsetti O /home/capstone/.cache/fontconfig//fe547fea3a41b43a38975d292a2b19c7-le64.cache-9
[3140] pool-gsd-xsetti O /home/capstone/.fontconfig//fe547fea3a41b43a38975d292a2b19c7-le64.cache-9
[3140] pool-gsd-xsetti O /home/capstone/.cache/fontconfig//f1f2465696798768e9653f19e17ccdc8-le64.cache-9
[3140] pool-gsd-xsetti O /home/capstone/.fontconfig//f1f2465696798768e9653f19e17ccdc8-le64.cache-9
[3140] pool-gsd-xsetti O /home/capstone/.cache/fontconfig//95530828ff6c81d309f8258d8d02a23e-le64.cache-9
[3140] pool-gsd-xsetti O /home/capstone/.fontconfig//95530828ff6c81d309f8258d8d02a23e-le64.cache-9
[3140] pool-gsd-xsetti O /home/capstone/.cache/fontconfig//d3e5c4ee2ceb1fc347f91d4cefc53bc0-le64.cache-9
[3140] pool-gsd-xsetti O /home/capstone/.fontconfig//d3e5c4ee2ceb1fc347f91d4cefc53bc0-le64.cache-9
[3140] pool-gsd-xsetti O /home/capstone/.cache/fontconfig//e52a45a1c8c8fe895fc0fc8c4e6999b8-le64.cache-9
[3140] pool-gsd-xsetti O /home/capstone/.fontconfig//e52a45a1c8c8fe895fc0fc8c4e6999b8-le64.cache-9
[3140] pool-gsd-xsetti O /home/capstone/.cache/fontconfig//188ac73a183f12857f63bb60a4a6d603-le64.cache-9
[3140] pool-gsd-xsetti O /home/capstone/.fontconfig//188ac73a183f12857f63bb60a4a6d603-le64.cache-9
[3140] pool-gsd-xsetti O /home/capstone/.cache/fontconfig//9b89f8e3dae116d678bbf48e5f21f69b-le64.cache-9
[3140] pool-gsd-xsetti O /home/capstone/.fontconfig//9b89f8e3dae116d678bbf48e5f21f69b-le64.cache-9
[3210] pool-xdg-deskto O /home/capstone/.cache/fontconfig//4c599c202bc5c08e2d34565a40eac3b2-le64.cache-9
[3210] pool-xdg-deskto O /home/capstone/.fontconfig//4c599c202bc5c08e2d34565a40eac3b2-le64.cache-9
[3210] pool-xdg-deskto O /home/capstone/.cache/fontconfig//3830d5c3ddfd5cd38a049b759396e72e-le64.cache-9
[3210] pool-xdg-deskto O /home/capstone/.fontconfig//3830d5c3ddfd5cd38a049b759396e72e-le64.cache-9
[3210] pool-xdg-deskto O /home/capstone/.cache/fontconfig//c855463f699352c367813e37f3f70ea7-le64.cache-9
[3210] pool-xdg-deskto O /home/capstone/.fontconfig//c855463f699352c367813e37f3f70ea7-le64.cache-9
[3210] pool-xdg-deskto O /home/capstone/.cache/fontconfig//32b6488e5b8292a2e95c79d947e009e8-le64.cache-9
[3210] pool-xdg-deskto O /home/capstone/.fontconfig//32b6488e5b8292a2e95c79d947e009e8-le64.cache-9
[3210] pool-xdg-deskto O /home/capstone/.cache/fontconfig//57e423e26b20ab21d0f2f29c145174c3-le64.cache-9
[3210] pool-xdg-deskto O /home/capstone/.fontconfig//57e423e26b20ab21d0f2f29c145174c3-le64.cache-9
[3210] pool-xdg-deskto O /home/capstone/.cache/fontconfig//573ec803664ed168555e0e8b6d0f0c7f-le64.cache-9
[3210] pool-xdg-deskto O /home/capstone/.fontconfig//573ec803664ed168555e0e8b6d0f0c7f-le64.cache-9
[3210] pool-xdg-deskto O /home/capstone/.cache/fontconfig//7ef2298fde41cc6eeb7af42e48b7d293-le64.cache-9
[3210] pool-xdg-deskto O /home/capstone/.fontconfig//7ef2298fde41cc6eeb7af42e48b7d293-le64.cache-9
[3210] pool-xdg-deskto O /home/capstone/.cache/fontconfig//d82eb4fd963d448e2fcb7d7b793b5df3-le64.cache-9
[3210] pool-xdg-deskto O /home/capstone/.fontconfig//d82eb4fd963d448e2fcb7d7b793b5df3-le64.cache-9
[3210] pool-xdg-deskto O /home/capstone/.cache/fontconfig//e13b20fdb08344e0e664864cc2ede53d-le64.cache-9
[3210] pool-xdg-deskto O /home/capstone/.fontconfig//e13b20fdb08344e0e664864cc2ede53d-le64.cache-9
[3210] pool-xdg-deskto O /home/capstone/.cache/fontconfig//707971e003b4ae6c8121c3a920e507f5-le64.cache-9
[3210] pool-xdg-deskto O /home/capstone/.fontconfig//707971e003b4ae6c8121c3a920e507f5-le64.cache-9
[3210] pool-xdg-deskto O /home/capstone/.cache/fontconfig//cabbd14511b9e8a55e92af97fb3a0461-le64.cache-9
[3210] pool-xdg-deskto O /home/capstone/.fontconfig//cabbd14511b9e8a55e92af97fb3a0461-le64.cache-9
[3210] pool-xdg-deskto O /home/capstone/.cache/fontconfig//fe547fea3a41b43a38975d292a2b19c7-le64.cache-9
[3210] pool-xdg-deskto O /home/capstone/.fontconfig//fe547fea3a41b43a38975d292a2b19c7-le64.cache-9
[3210] pool-xdg-deskto O /home/capstone/.cache/fontconfig//f1f2465696798768e9653f19e17ccdc8-le64.cache-9
[3210] pool-xdg-deskto O /home/capstone/.fontconfig//f1f2465696798768e9653f19e17ccdc8-le64.cache-9
[3210] pool-xdg-deskto O /home/capstone/.cache/fontconfig//95530828ff6c81d309f8258d8d02a23e-le64.cache-9
[2674] vmtoolsd O /home/capstone/.cache/fontconfig//4c599c202bc5c08e2d34565a40eac3b2-le64.cache-9
[2674] vmtoolsd O /home/capstone/.fontconfig//4c599c202bc5c08e2d34565a40eac3b2-le64.cache-9
[2674] vmtoolsd O /home/capstone/.cache/fontconfig//3830d5c3ddfd5cd38a049b759396e72e-le64.cache-9
[2674] vmtoolsd O /home/capstone/.fontconfig//3830d5c3ddfd5cd38a049b759396e72e-le64.cache-9
[2674] vmtoolsd O /home/capstone/.cache/fontconfig//c855463f699352c367813e37f3f70ea7-le64.cache-9
[2674] vmtoolsd O /home/capstone/.fontconfig//c855463f699352c367813e37f3f70ea7-le64.cache-9
[2674] vmtoolsd O /home/capstone/.cache/fontconfig//32b6488e5b8292a2e95c79d947e009e8-le64.cache-9
[2674] vmtoolsd O /home/capstone/.fontconfig//32b6488e5b8292a2e95c79d947e009e8-le64.cache-9
[2674] vmtoolsd O /home/capstone/.cache/fontconfig//57e423e26b20ab21d0f2f29c145174c3-le64.cache-9
[2674] vmtoolsd O /home/capstone/.fontconfig//57e423e26b20ab21d0f2f29c145174c3-le64.cache-9
[2674] vmtoolsd O /home/capstone/.cache/fontconfig//573ec803664ed168555e0e8b6d0f0c7f-le64.cache-9
[2674] vmtoolsd O /home/capstone/.fontconfig//573ec803664ed168555e0e8b6d0f0c7f-le64.cache-9
[2674] vmtoolsd O /home/capstone/.cache/fontconfig//7ef2298fde41cc6eeb7af42e48b7d293-le64.cache-9
[2674] vmtoolsd O /home/capstone/.fontconfig//7ef2298fde41cc6eeb7af42e48b7d293-le64.cache-9
[2674] vmtoolsd O /home/capstone/.cache/fontconfig//d82eb4fd963d448e2fcb7d7b793b5df3-le64.cache-9
[2674] vmtoolsd O /home/capstone/.fontconfig//d82eb4fd963d448e2fcb7d7b793b5df3-le64.cache-9
[2674] vmtoolsd O /home/capstone/.cache/fontconfig//e13b20fdb08344e0e664864cc2ede53d-le64.cache-9
[2674] vmtoolsd O /home/capstone/.fontconfig//e13b20fdb08344e0e664864cc2ede53d-le64.cache-9
[2674] vmtoolsd O /home/capstone/.cache/fontconfig//707971e003b4ae6c8121c3a920e507f5-le64.cache-9
[2674] vmtoolsd O /home/capstone/.fontconfig//707971e003b4ae6c8121c3a920e507f5-le64.cache-9
[2674] vmtoolsd O /home/capstone/.cache/fontconfig//cabbd14511b9e8a55e92af97fb3a0461-le64.cache-9
[2674] vmtoolsd O /home/capstone/.fontconfig//cabbd14511b9e8a55e92af97fb3a0461-le64.cache-9
[2674] vmtoolsd O /home/capstone/.cache/fontconfig//fe547fea3a41b43a38975d292a2b19c7-le64.cache-9
[2674] vmtoolsd O /home/capstone/.fontconfig//fe547fea3a41b43a38975d292a2b19c7-le64.cache-9
[2674] vmtoolsd O /home/capstone/.cache/fontconfig//f1f2465696798768e9653f19e17ccdc8-le64.cache-9
[2674] vmtoolsd O /home/capstone/.cache/fontconfig//4c599c202bc5c08e2d34565a40eac3b2-le64.cache-9
[2674] vmtoolsd O /home/capstone/.fontconfig//4c599c202bc5c08e2d34565a40eac3b2-le64.cache-9
[2674] vmtoolsd O /home/capstone/.fontconfig//f1f2465696798768e9653f19e17ccdc8-le64.cache-9
[2674] vmtoolsd O /home/capstone/.cache/fontconfig//95530828ff6c81d309f8258d8d02a23e-le64.cache-9
[2674] vmtoolsd O /home/capstone/.fontconfig//95530828ff6c81d309f8258d8d02a23e-le64.cache-9
[2674] vmtoolsd O /home/capstone/.cache/fontconfig//d3e5c4ee2ceb1fc347f91d4cefc53bc0-le64.cache-9
[2674] vmtoolsd O /home/capstone/.fontconfig//d3e5c4ee2ceb1fc347f91d4cefc53bc0-le64.cache-9
[2674] vmtoolsd O /home/capstone/.cache/fontconfig//e52a45a1c8c8fe895fc0fc8c4e6999b8-le64.cache-9
[2674] vmtoolsd O /home/capstone/.fontconfig//e52a45a1c8c8fe895fc0fc8c4e6999b8-le64.cache-9
[2674] vmtoolsd O /home/capstone/.cache/fontconfig//188ac73a183f12857f63bb60a4a6d603-le64.cache-9
[2674] vmtoolsd O /home/capstone/.fontconfig//188ac73a183f12857f63bb60a4a6d603-le64.cache-9
[2674] vmtoolsd O /home/capstone/.cache/fontconfig//95530828ff6c81d309f8258d8d02a23e-le64.cache-9
[2674] vmtoolsd O /home/capstone/.fontconfig//95530828ff6c81d309f8258d8d02a23e-le64.cache-9
[2674] vmtoolsd O /home/capstone/.cache/fontconfig//d3e5c4ee2ceb1fc347f91d4cefc53bc0-le64.cache-9
[2674] vmtoolsd O /home/capstone/.fontconfig//d3e5c4ee2ceb1fc347f91d4cefc53bc0-le64.cache-9
[2674] vmtoolsd O /home/capstone/.cache/fontconfig//e52a45a1c8c8fe895fc0fc8c4e6999b8-le64.cache-9
[2674] vmtoolsd O /home/capstone/.fontconfig//e52a45a1c8c8fe895fc0fc8c4e6999b8-le64.cache-9
[2674] vmtoolsd O /home/capstone/.cache/fontconfig//188ac73a183f12857f63bb60a4a6d603-le64.cache-9
[2674] vmtoolsd O /home/capstone/.fontconfig//188ac73a183f12857f63bb60a4a6d603-le64.cache-9
[2674] vmtoolsd O /home/capstone/.cache/fontconfig//9b89f8e3dae116d678bbf48e5f21f69b-le64.cache-9
[2674] vmtoolsd O /home/capstone/.fontconfig//9b89f8e3dae116d678bbf48e5f21f69b-le64.cache-9
[2674] vmtoolsd O /home/capstone/.cache/fontconfig//6cc790b63b123a6a96ee260fcdad32a9-le64.cache-9
[2674] vmtoolsd O /home/capstone/.fontconfig//6cc790b63b123a6a96ee260fcdad32a9-le64.cache-9
[2674] vmtoolsd O /home/capstone/.cache/fontconfig//d589a48862398ed80a3d6066f4f56f4c-le64.cache-9
[2674] vmtoolsd O /home/capstone/.fontconfig//d589a48862398ed80a3d6066f4f56f4c-le64.cache-9
[2674] vmtoolsd O /home/capstone/.cache/fontconfig//3f7329c5293ffd510edef78f73874cfd-le64.cache-9
[2674] vmtoolsd O /home/capstone/.fontconfig//3f7329c5293ffd510edef78f73874cfd-le64.cache-9
[2674] vmtoolsd O /home/capstone/.cache/fontconfig//3047814df9a2f067bd2d96a2b9c36e5a-le64.cache-9
[2674] vmtoolsd O /home/capstone/.fontconfig//3047814df9a2f067bd2d96a2b9c36e5a-le64.cache-9
[2674] vmtoolsd O /home/capstone/.cache/fontconfig//0bd3dc0958fa2205aaaa8ebb13e2872b-le64.cache-9
[2674] vmtoolsd O /home/capstone/.fontconfig//0bd3dc0958fa2205aaaa8ebb13e2872b-le64.cache-9
[2674] vmtoolsd O /home/capstone/.cache/fontconfig//2300eef321c393bfd76478a5c0e95b23-le64.cache-9
[2674] vmtoolsd O /home/capstone/.fontconfig//2300eef321c393bfd76478a5c0e95b23-le64.cache-9
[2579] gsd-color O /home/capstone/.cache/fontconfig//4c599c202bc5c08e2d34565a40eac3b2-le64.cache-9
[2579] gsd-color O /home/capstone/.fontconfig//4c599c202bc5c08e2d34565a40eac3b2-le64.cache-9
[2579] gsd-color O /home/capstone/.cache/fontconfig//3830d5c3ddfd5cd38a049b759396e72e-le64.cache-9
[2579] gsd-color O /home/capstone/.fontconfig//3830d5c3ddfd5cd38a049b759396e72e-le64.cache-9
[2579] gsd-color O /home/capstone/.cache/fontconfig//c855463f699352c367813e37f3f70ea7-le64.cache-9
[2579] gsd-color O /home/capstone/.fontconfig//c855463f699352c367813e37f3f70ea7-le64.cache-9
[2579] gsd-color O /home/capstone/.cache/fontconfig//32b6488e5b8292a2e95c79d947e009e8-le64.cache-9
[2579] gsd-color O /home/capstone/.fontconfig//32b6488e5b8292a2e95c79d947e009e8-le64.cache-9
[2579] gsd-color O /home/capstone/.cache/fontconfig//57e423e26b20ab21d0f2f29c145174c3-le64.cache-9
[2579] gsd-color O /home/capstone/.fontconfig//57e423e26b20ab21d0f2f29c145174c3-le64.cache-9
[2809] ibus-extension- O /home/capstone/.cache/fontconfig//6cc790b63b123a6a96ee260fcdad32a9-le64.cache-9
[2809] ibus-extension- O /home/capstone/.fontconfig//6cc790b63b123a6a96ee260fcdad32a9-le64.cache-9
[2809] ibus-extension- O /home/capstone/.cache/fontconfig//d589a48862398ed80a3d6066f4f56f4c-le64.cache-9
[2809] ibus-extension- O /home/capstone/.fontconfig//d589a48862398ed80a3d6066f4f56f4c-le64.cache-9
[2809] ibus-extension- O /home/capstone/.cache/fontconfig//3f7329c5293ffd510edef78f73874cfd-le64.cache-9
[2809] ibus-extension- O /home/capstone/.fontconfig//3f7329c5293ffd510edef78f73874cfd-le64.cache-9
[2809] ibus-extension- O /home/capstone/.cache/fontconfig//3047814df9a2f067bd2d96a2b9c36e5a-le64.cache-9
[2809] ibus-extension- O /home/capstone/.fontconfig//3047814df9a2f067bd2d96a2b9c36e5a-le64.cache-9
[2809] ibus-extension- O /home/capstone/.cache/fontconfig//0bd3dc0958fa2205aaaa8ebb13e2872b-le64.cache-9
[2809] ibus-extension- O /home/capstone/.fontconfig//0bd3dc0958fa2205aaaa8ebb13e2872b-le64.cache-9
[2809] ibus-extension- O /home/capstone/.cache/fontconfig//2300eef321c393bfd76478a5c0e95b23-le64.cache-9
[2809] ibus-extension- O /home/capstone/.fontconfig//2300eef321c393bfd76478a5c0e95b23-le64.cache-9
[2809] ibus-extension- O /home/capstone/.cache/fontconfig//a4e60e8d1e10d2fdff3fe3037a1845fb-le64.cache-9
[2809] ibus-extension- O /home/capstone/.fontconfig//a4e60e8d1e10d2fdff3fe3037a1845fb-le64.cache-9
[2809] ibus-extension- O /home/capstone/.cache/fontconfig//6333f38776742d18e214673cd2c24e34-le64.cache-9
[2809] ibus-extension- O /home/capstone/.fontconfig//6333f38776742d18e214673cd2c24e34-le64.cache-9
[2610] gsd-wacom O /home/capstone/.cache/fontconfig//e52a45a1c8c8fe895fc0fc8c4e6999b8-le64.cache-9
[2610] gsd-wacom O /home/capstone/.fontconfig//e52a45a1c8c8fe895fc0fc8c4e6999b8-le64.cache-9
[2610] gsd-wacom O /home/capstone/.cache/fontconfig//188ac73a183f12857f63bb60a4a6d603-le64.cache-9
[2610] gsd-wacom O /home/capstone/.fontconfig//188ac73a183f12857f63bb60a4a6d603-le64.cache-9
[2610] gsd-wacom O /home/capstone/.cache/fontconfig//9b89f8e3dae116d678bbf48e5f21f69b-le64.cache-9
[2610] gsd-wacom O /home/capstone/.fontconfig//9b89f8e3dae116d678bbf48e5f21f69b-le64.cache-9
[2610] gsd-wacom O /home/capstone/.cache/fontconfig//6cc790b63b123a6a96ee260fcdad32a9-le64.cache-9
[2610] gsd-wacom O /home/capstone/.fontconfig//6cc790b63b123a6a96ee260fcdad32a9-le64.cache-9
[2610] gsd-wacom O /home/capstone/.cache/fontconfig//d589a48862398ed80a3d6066f4f56f4c-le64.cache-9
[2591] gsd-power O /home/capstone/.cache/fontconfig//9b89f8e3dae116d678bbf48e5f21f69b-le64.cache-9
[3239] ibus-x11 O /home/capstone/.cache/fontconfig//4c599c202bc5c08e2d34565a40eac3b2-le64.cache-9
[3239] ibus-x11 O /home/capstone/.fontconfig//4c599c202bc5c08e2d34565a40eac3b2-le64.cache-9
[3239] ibus-x11 O /home/capstone/.cache/fontconfig//3830d5c3ddfd5cd38a049b759396e72e-le64.cache-9
[2591] gsd-power O /home/capstone/.cache/fontconfig//6333f38776742d18e214673cd2c24e34-le64.cache-9
[2591] gsd-power O /home/capstone/.fontconfig//6333f38776742d18e214673cd2c24e34-le64.cache-9
[2809] ibus-extension- O /home/capstone/.cache/fontconfig//a4e60e8d1e10d2fdff3fe3037a1845fb-le64.cache-9
[2809] ibus-extension- O /home/capstone/.fontconfig//a4e60e8d1e10d2fdff3fe3037a1845fb-le64.cache-9
[2809] ibus-extension- O /home/capstone/.cache/fontconfig//6333f38776742d18e214673cd2c24e34-le64.cache-9
[2809] ibus-extension- O /home/capstone/.fontconfig//6333f38776742d18e214673cd2c24e34-le64.cache-9
[3250] mutter-x11-fram O /home/capstone/.cache/fontconfig//3047814df9a2f067bd2d96a2b9c36e5a-le64.cache-9
[3250] mutter-x11-fram O /home/capstone/.fontconfig//3047814df9a2f067bd2d96a2b9c36e5a-le64.cache-9
[3250] mutter-x11-fram O /home/capstone/.cache/fontconfig//0bd3dc0958fa2205aaaa8ebb13e2872b-le64.cache-9
[3250] mutter-x11-fram O /home/capstone/.fontconfig//0bd3dc0958fa2205aaaa8ebb13e2872b-le64.cache-9
[3250] mutter-x11-fram O /home/capstone/.cache/fontconfig//2300eef321c393bfd76478a5c0e95b23-le64.cache-9
[3250] mutter-x11-fram O /home/capstone/.fontconfig//2300eef321c393bfd76478a5c0e95b23-le64.cache-9
[3250] mutter-x11-fram O /home/capstone/.cache/fontconfig//a4e60e8d1e10d2fdff3fe3037a1845fb-le64.cache-9
[3250] mutter-x11-fram O /home/capstone/.fontconfig//a4e60e8d1e10d2fdff3fe3037a1845fb-le64.cache-9
[3250] mutter-x11-fram O /home/capstone/.cache/fontconfig//6333f38776742d18e214673cd2c24e34-le64.cache-9
[3474] gnome-terminal- O /home/capstone/.cache/fontconfig//4c599c202bc5c08e2d34565a40eac3b2-le64.cache-9
[3474] gnome-terminal- O /home/capstone/.fontconfig//4c599c202bc5c08e2d34565a40eac3b2-le64.cache-9
[3474] gnome-terminal- O /home/capstone/.cache/fontconfig//3830d5c3ddfd5cd38a049b759396e72e-le64.cache-9
[3474] gnome-terminal- O /home/capstone/.fontconfig//3830d5c3ddfd5cd38a049b759396e72e-le64.cache-9
[3474] gnome-terminal- O /home/capstone/.cache/fontconfig//c855463f699352c367813e37f3f70ea7-le64.cache-9
[3474] gnome-terminal- O /home/capstone/.fontconfig//c855463f699352c367813e37f3f70ea7-le64.cache-9
[3474] gnome-terminal- O /home/capstone/.cache/fontconfig//32b6488e5b8292a2e95c79d947e009e8-le64.cache-9
[3474] gnome-terminal- O /home/capstone/.fontconfig//32b6488e5b8292a2e95c79d947e009e8-le64.cache-9
[3474] gnome-terminal- O /home/capstone/.cache/fontconfig//57e423e26b20ab21d0f2f29c145174c3-le64.cache-9
[3474] gnome-terminal- O /home/capstone/.cache/fontconfig//d589a48862398ed80a3d6066f4f56f4c-le64.cache-9
[3474] gnome-terminal- O /home/capstone/.fontconfig//d589a48862398ed80a3d6066f4f56f4c-le64.cache-9
[8200] gjs O /home/capstone/.cache/fontconfig//4c599c202bc5c08e2d34565a40eac3b2-le64.cache-9
[8200] gjs O /home/capstone/.fontconfig//4c599c202bc5c08e2d34565a40eac3b2-le64.cache-9
[8200] gjs O /home/capstone/.cache/fontconfig//3830d5c3ddfd5cd38a049b759396e72e-le64.cache-9
[8200] gjs O /home/capstone/.fontconfig//3830d5c3ddfd5cd38a049b759396e72e-le64.cache-9
[8200] gjs O /home/capstone/.cache/fontconfig//c855463f699352c367813e37f3f70ea7-le64.cache-9
[8200] gjs O /home/capstone/.fontconfig//c855463f699352c367813e37f3f70ea7-le64.cache-9
[8200] gjs O /home/capstone/.cache/fontconfig//32b6488e5b8292a2e95c79d947e009e8-le64.cache-9
[8200] gjs O /home/capstone/.fontconfig//32b6488e5b8292a2e95c79d947e009e8-le64.cache-9
[8200] gjs O /home/capstone/.cache/fontconfig//57e423e26b20ab21d0f2f29c145174c3-le64.cache-9
[8200] gjs O /home/capstone/.fontconfig//57e423e26b20ab21d0f2f29c145174c3-le64.cache-9
[8200] gjs O /home/capstone/.cache/fontconfig//573ec803664ed168555e0e8b6d0f0c7f-le64.cache-9
[2585] gsd-media-keys O /home/capstone/.cache/fontconfig//4c599c202bc5c08e2d34565a40eac3b2-le64.cache-9
[2585] gsd-media-keys O /home/capstone/.fontconfig//4c599c202bc5c08e2d34565a40eac3b2-le64.cache-9
[2585] gsd-media-keys O /home/capstone/.cache/fontconfig//3830d5c3ddfd5cd38a049b759396e72e-le64.cache-9
[2585] gsd-media-keys O /home/capstone/.fontconfig//3830d5c3ddfd5cd38a049b759396e72e-le64.cache-9
[2585] gsd-media-keys O /home/capstone/.cache/fontconfig//c855463f699352c367813e37f3f70ea7-le64.cache-9
[2585] gsd-media-keys O /home/capstone/.fontconfig//c855463f699352c367813e37f3f70ea7-le64.cache-9
[2585] gsd-media-keys O /home/capstone/.cache/fontconfig//32b6488e5b8292a2e95c79d947e009e8-le64.cache-9
[2585] gsd-media-keys O /home/capstone/.fontconfig//32b6488e5b8292a2e95c79d947e009e8-le64.cache-9
[2585] gsd-media-keys O /home/capstone/.cache/fontconfig//57e423e26b20ab21d0f2f29c145174c3-le64.cache-9
[2585] gsd-media-keys O /home/capstone/.fontconfig//57e423e26b20ab21d0f2f29c145174c3-le64.cache-9
[2585] gsd-media-keys O /home/capstone/.cache/fontconfig//573ec803664ed168555e0e8b6d0f0c7f-le64.cache-9
[2585] gsd-media-keys O /home/capstone/.fontconfig//573ec803664ed168555e0e8b6d0f0c7f-le64.cache-9
[8200] gjs O /home/capstone/.fontconfig//573ec803664ed168555e0e8b6d0f0c7f-le64.cache-9
[8200] gjs O /home/capstone/.cache/fontconfig//7ef2298fde41cc6eeb7af42e48b7d293-le64.cache-9
[8200] gjs O /home/capstone/.fontconfig//7ef2298fde41cc6eeb7af42e48b7d293-le64.cache-9
[8200] gjs O /home/capstone/.cache/fontconfig//d82eb4fd963d448e2fcb7d7b793b5df3-le64.cache-9
[8200] gjs O /home/capstone/.fontconfig//d82eb4fd963d448e2fcb7d7b793b5df3-le64.cache-9
[8200] gjs O /home/capstone/.cache/fontconfig//e13b20fdb08344e0e664864cc2ede53d-le64.cache-9
[8200] gjs O /home/capstone/.fontconfig//e13b20fdb08344e0e664864cc2ede53d-le64.cache-9
[8200] gjs O /home/capstone/.cache/fontconfig//707971e003b4ae6c8121c3a920e507f5-le64.cache-9
[8200] gjs O /home/capstone/.fontconfig//707971e003b4ae6c8121c3a920e507f5-le64.cache-9
[8200] gjs O /home/capstone/.cache/fontconfig//cabbd14511b9e8a55e92af97fb3a0461-le64.cache-9
[8200] gjs O /home/capstone/.fontconfig//cabbd14511b9e8a55e92af97fb3a0461-le64.cache-9
[8200] gjs O /home/capstone/.cache/fontconfig//fe547fea3a41b43a38975d292a2b19c7-le64.cache-9
[2585] gsd-media-keys O /home/capstone/.cache/fontconfig//7ef2298fde41cc6eeb7af42e48b7d293-le64.cache-9
[2585] gsd-media-keys O /home/capstone/.fontconfig//7ef2298fde41cc6eeb7af42e48b7d293-le64.cache-9
[2585] gsd-media-keys O /home/capstone/.cache/fontconfig//d82eb4fd963d448e2fcb7d7b793b5df3-le64.cache-9
[2585] gsd-media-keys O /home/capstone/.fontconfig//d82eb4fd963d448e2fcb7d7b793b5df3-le64.cache-9
[2585] gsd-media-keys O /home/capstone/.cache/fontconfig//e13b20fdb08344e0e664864cc2ede53d-le64.cache-9
[2585] gsd-media-keys O /home/capstone/.fontconfig//e13b20fdb08344e0e664864cc2ede53d-le64.cache-9
[2585] gsd-media-keys O /home/capstone/.cache/fontconfig//188ac73a183f12857f63bb60a4a6d603-le64.cache-9
[2585] gsd-media-keys O /home/capstone/.fontconfig//188ac73a183f12857f63bb60a4a6d603-le64.cache-9
[2585] gsd-media-keys O /home/capstone/.cache/fontconfig//6cc790b63b123a6a96ee260fcdad32a9-le64.cache-9
[2585] gsd-media-keys O /home/capstone/.fontconfig//6cc790b63b123a6a96ee260fcdad32a9-le64.cache-9
[2585] gsd-media-keys O /home/capstone/.fontconfig//3f7329c5293ffd510edef78f73874cfd-le64.cache-9
[2585] gsd-media-keys O /home/capstone/.cache/fontconfig//3047814df9a2f067bd2d96a2b9c36e5a-le64.cache-9
[8200] gjs O /home/capstone/.fontconfig//fe547fea3a41b43a38975d292a2b19c7-le64.cache-9
[8200] gjs O /home/capstone/.cache/fontconfig//f1f2465696798768e9653f19e17ccdc8-le64.cache-9
[8200] gjs O /home/capstone/.fontconfig//f1f2465696798768e9653f19e17ccdc8-le64.cache-9
[8200] gjs O /home/capstone/.cache/fontconfig//95530828ff6c81d309f8258d8d02a23e-le64.cache-9
[8200] gjs O /home/capstone/.fontconfig//95530828ff6c81d309f8258d8d02a23e-le64.cache-9
[8200] gjs O /home/capstone/.cache/fontconfig//d3e5c4ee2ceb1fc347f91d4cefc53bc0-le64.cache-9
[8200] gjs O /home/capstone/.fontconfig//d3e5c4ee2ceb1fc347f91d4cefc53bc0-le64.cache-9
[8200] gjs O /home/capstone/.cache/fontconfig//e52a45a1c8c8fe895fc0fc8c4e6999b8-le64.cache-9
[8200] gjs O /home/capstone/.fontconfig//e52a45a1c8c8fe895fc0fc8c4e6999b8-le64.cache-9
[8200] gjs O /home/capstone/.cache/fontconfig//cabbd14511b9e8a55e92af97fb3a0461-le64.cache-9
[8200] gjs O /home/capstone/.fontconfig//cabbd14511b9e8a55e92af97fb3a0461-le64.cache-9
[2254] dbus-daemon O /home/capstone/.local/share/dbus-1/services
[2254] dbus-daemon O /home/capstone/.local/share/dbus-1/services
[3210] pool-xdg-deskto O /home/capstone/.cache/fontconfig//4c599c202bc5c08e2d34565a40eac3b2-le64.cache-9
[3210] pool-xdg-deskto O /home/capstone/.fontconfig//4c599c202bc5c08e2d34565a40eac3b2-le64.cache-9
[3210] pool-xdg-deskto O /home/capstone/.cache/fontconfig//3830d5c3ddfd5cd38a049b759396e72e-le64.cache-9
[3210] pool-xdg-deskto O /home/capstone/.fontconfig//3830d5c3ddfd5cd38a049b759396e72e-le64.cache-9
[3210] pool-xdg-deskto O /home/capstone/.cache/fontconfig//3830d5c3ddfd5cd38a049b759396e72e-le64.cache-9
[3210] pool-xdg-deskto O /home/capstone/.fontconfig//3830d5c3ddfd5cd38a049b759396e72e-le64.cache-9
[3210] pool-xdg-deskto C /home/capstone/.cache/fontconfig//3830d5c3ddfd5cd38a049b759396e72e-le64.cache-9.TMP-vfxCSC
[3210] pool-xdg-deskto D /home/capstone/.cache/fontconfig//3830d5c3ddfd5cd38a049b759396e72e-le64.cache-9.TMP-vfxCSC
[3210] pool-xdg-deskto D /home/capstone/.cache/fontconfig//3830d5c3ddfd5cd38a049b759396e72e-le64.cache-9.NEW
[3210] pool-xdg-deskto C /home/capstone/.cache/fontconfig//3830d5c3ddfd5cd38a049b759396e72e-le64.cache-9.NEW
[3210] pool-xdg-deskto D /home/capstone/.cache/fontconfig//3830d5c3ddfd5cd38a049b759396e72e-le64.cache-9.LCK
[3210] pool-xdg-deskto O /home/capstone/.cache/fontconfig//c855463f699352c367813e37f3f70ea7-le64.cache-9
[3210] pool-xdg-deskto O /home/capstone/.fontconfig//c855463f699352c367813e37f3f70ea7-le64.cache-9
[3210] pool-xdg-deskto O /home/capstone/.cache/fontconfig//c855463f699352c367813e37f3f70ea7-le64.cache-9
[3210] pool-xdg-deskto O /home/capstone/.fontconfig//c855463f699352c367813e37f3f70ea7-le64.cache-9
[3210] pool-xdg-deskto C /home/capstone/.cache/fontconfig//c855463f699352c367813e37f3f70ea7-le64.cache-9.TMP-cxDbaH
[3210] pool-xdg-deskto D /home/capstone/.cache/fontconfig//c855463f699352c367813e37f3f70ea7-le64.cache-9.TMP-cxDbaH
[3210] pool-xdg-deskto D /home/capstone/.cache/fontconfig//c855463f699352c367813e37f3f70ea7-le64.cache-9.NEW
[3210] pool-xdg-deskto C /home/capstone/.cache/fontconfig//c855463f699352c367813e37f3f70ea7-le64.cache-9.NEW
[3210] pool-xdg-deskto D /home/capstone/.cache/fontconfig//c855463f699352c367813e37f3f70ea7-le64.cache-9.LCK
[3210] pool-xdg-deskto O /home/capstone/.cache/fontconfig//32b6488e5b8292a2e95c79d947e009e8-le64.cache-9
[3210] pool-xdg-deskto O /home/capstone/.fontconfig//32b6488e5b8292a2e95c79d947e009e8-le64.cache-9
[3210] pool-xdg-deskto O /home/capstone/.cache/fontconfig//32b6488e5b8292a2e95c79d947e009e8-le64.cache-9
[3210] pool-xdg-deskto O /home/capstone/.fontconfig//32b6488e5b8292a2e95c79d947e009e8-le64.cache-9
[3210] pool-xdg-deskto C /home/capstone/.cache/fontconfig//32b6488e5b8292a2e95c79d947e009e8-le64.cache-9.TMP-N0C5Bq
[3210] pool-xdg-deskto D /home/capstone/.cache/fontconfig//32b6488e5b8292a2e95c79d947e009e8-le64.cache-9.TMP-N0C5Bq
[3210] pool-xdg-deskto D /home/capstone/.cache/fontconfig//32b6488e5b8292a2e95c79d947e009e8-le64.cache-9.NEW
[3210] pool-xdg-deskto C /home/capstone/.cache/fontconfig//32b6488e5b8292a2e95c79d947e009e8-le64.cache-9.NEW
[3210] pool-xdg-deskto D /home/capstone/.cache/fontconfig//32b6488e5b8292a2e95c79d947e009e8-le64.cache-9.LCK
[3210] pool-xdg-deskto O /home/capstone/.cache/fontconfig//57e423e26b20ab21d0f2f29c145174c3-le64.cache-9
[3210] pool-xdg-deskto O /home/capstone/.fontconfig//57e423e26b20ab21d0f2f29c145174c3-le64.cache-9
[3210] pool-xdg-deskto O /home/capstone/.cache/fontconfig//57e423e26b20ab21d0f2f29c145174c3-le64.cache-9
[3210] pool-xdg-deskto O /home/capstone/.fontconfig//57e423e26b20ab21d0f2f29c145174c3-le64.cache-9
[3210] pool-xdg-deskto C /home/capstone/.cache/fontconfig//57e423e26b20ab21d0f2f29c145174c3-le64.cache-9.TMP-HFuCQN
[3210] pool-xdg-deskto D /home/capstone/.cache/fontconfig//57e423e26b20ab21d0f2f29c145174c3-le64.cache-9.TMP-HFuCQN
[3210] pool-xdg-deskto D /home/capstone/.cache/fontconfig//57e423e26b20ab21d0f2f29c145174c3-le64.cache-9.NEW
[3210] pool-xdg-deskto C /home/capstone/.cache/fontconfig//57e423e26b20ab21d0f2f29c145174c3-le64.cache-9.NEW
[3210] pool-xdg-deskto D /home/capstone/.cache/fontconfig//57e423e26b20ab21d0f2f29c145174c3-le64.cache-9.LCK
[3210] pool-xdg-deskto O /home/capstone/.cache/fontconfig//573ec803664ed168555e0e8b6d0f0c7f-le64.cache-9
[3210] pool-xdg-deskto O /home/capstone/.fontconfig//573ec803664ed168555e0e8b6d0f0c7f-le64.cache-9
[3210] pool-xdg-deskto O /home/capstone/.cache/fontconfig//573ec803664ed168555e0e8b6d0f0c7f-le64.cache-9
[3210] pool-xdg-deskto O /home/capstone/.fontconfig//573ec803664ed168555e0e8b6d0f0c7f-le64.cache-9
[3210] pool-xdg-deskto C /home/capstone/.cache/fontconfig//573ec803664ed168555e0e8b6d0f0c7f-le64.cache-9.TMP-ZQ2rRG
[3210] pool-xdg-deskto D /home/capstone/.cache/fontconfig//573ec803664ed168555e0e8b6d0f0c7f-le64.cache-9.TMP-ZQ2rRG
[3210] pool-xdg-deskto D /home/capstone/.cache/fontconfig//573ec803664ed168555e0e8b6d0f0c7f-le64.cache-9.NEW
[3210] pool-xdg-deskto C /home/capstone/.cache/fontconfig//573ec803664ed168555e0e8b6d0f0c7f-le64.cache-9.NEW
[3210] pool-xdg-deskto D /home/capstone/.cache/fontconfig//573ec803664ed168555e0e8b6d0f0c7f-le64.cache-9.LCK
[3210] pool-xdg-deskto O /home/capstone/.cache/fontconfig//7ef2298fde41cc6eeb7af42e48b7d293-le64.cache-9
[3032] pool-xdg-deskto O /home/capstone/.cache/fontconfig//4c599c202bc5c08e2d34565a40eac3b2-le64.cache-9
[3032] pool-xdg-deskto O /home/capstone/.fontconfig//4c599c202bc5c08e2d34565a40eac3b2-le64.cache-9
[3032] pool-xdg-deskto O /home/capstone/.cache/fontconfig//3830d5c3ddfd5cd38a049b759396e72e-le64.cache-9
[3032] pool-xdg-deskto O /home/capstone/.fontconfig//3830d5c3ddfd5cd38a049b759396e72e-le64.cache-9
[3032] pool-xdg-deskto O /home/capstone/.cache/fontconfig//c855463f699352c367813e37f3f70ea7-le64.cache-9
[3032] pool-xdg-deskto O /home/capstone/.fontconfig//c855463f699352c367813e37f3f70ea7-le64.cache-9
[3210] pool-xdg-deskto D /home/capstone/.cache/fontconfig//7ef2298fde41cc6eeb7af42e48b7d293-le64.cache-9.TMP-7VZfzf
[3210] pool-xdg-deskto D /home/capstone/.cache/fontconfig//7ef2298fde41cc6eeb7af42e48b7d293-le64.cache-9.NEW
[3210] pool-xdg-deskto C /home/capstone/.cache/fontconfig//7ef2298fde41cc6eeb7af42e48b7d293-le64.cache-9.NEW
[3210] pool-xdg-deskto D /home/capstone/.cache/fontconfig//7ef2298fde41cc6eeb7af42e48b7d293-le64.cache-9.LCK
[3210] pool-xdg-deskto O /home/capstone/.cache/fontconfig//d82eb4fd963d448e2fcb7d7b793b5df3-le64.cache-9
[3210] pool-xdg-deskto O /home/capstone/.fontconfig//d82eb4fd963d448e2fcb7d7b793b5df3-le64.cache-9
[3210] pool-xdg-deskto O /home/capstone/.cache/fontconfig//d82eb4fd963d448e2fcb7d7b793b5df3-le64.cache-9
[3210] pool-xdg-deskto O /home/capstone/.fontconfig//d82eb4fd963d448e2fcb7d7b793b5df3-le64.cache-9
[3210] pool-xdg-deskto C /home/capstone/.cache/fontconfig//d82eb4fd963d448e2fcb7d7b793b5df3-le64.cache-9.TMP-nyoBwG
[3210] pool-xdg-deskto D /home/capstone/.cache/fontconfig//d82eb4fd963d448e2fcb7d7b793b5df3-le64.cache-9.TMP-nyoBwG
[3210] pool-xdg-deskto D /home/capstone/.cache/fontconfig//d82eb4fd963d448e2fcb7d7b793b5df3-le64.cache-9.NEW
[3210] pool-xdg-deskto C /home/capstone/.cache/fontconfig//d82eb4fd963d448e2fcb7d7b793b5df3-le64.cache-9.NEW
[3032] pool-xdg-deskto O /home/capstone/.cache/fontconfig//32b6488e5b8292a2e95c79d947e009e8-le64.cache-9
[3032] pool-xdg-deskto O /home/capstone/.fontconfig//32b6488e5b8292a2e95c79d947e009e8-le64.cache-9
[3032] pool-xdg-deskto O /home/capstone/.cache/fontconfig//57e423e26b20ab21d0f2f29c145174c3-le64.cache-9
[3032] pool-xdg-deskto O /home/capstone/.fontconfig//57e423e26b20ab21d0f2f29c145174c3-le64.cache-9
[3032] pool-xdg-deskto O /home/capstone/.cache/fontconfig//573ec803664ed168555e0e8b6d0f0c7f-le64.cache-9
[3032] pool-xdg-deskto O /home/capstone/.fontconfig//573ec803664ed168555e0e8b6d0f0c7f-le64.cache-9
[3032] pool-xdg-deskto O /home/capstone/.cache/fontconfig//7ef2298fde41cc6eeb7af42e48b7d293-le64.cache-9
[3032] pool-xdg-deskto O /home/capstone/.fontconfig//7ef2298fde41cc6eeb7af42e48b7d293-le64.cache-9
[3032] pool-xdg-deskto O /home/capstone/.cache/fontconfig//d82eb4fd963d448e2fcb7d7b793b5df3-le64.cache-9
[3032] pool-xdg-deskto O /home/capstone/.fontconfig//d82eb4fd963d448e2fcb7d7b793b5df3-le64.cache-9
[3032] pool-xdg-deskto O /home/capstone/.cache/fontconfig//d82eb4fd963d448e2fcb7d7b793b5df3-le64.cache-9
[3032] pool-xdg-deskto O /home/capstone/.fontconfig//d82eb4fd963d448e2fcb7d7b793b5df3-le64.cache-9
[3210] pool-xdg-deskto D /home/capstone/.cache/fontconfig//d82eb4fd963d448e2fcb7d7b793b5df3-le64.cache-9.LCK
[3210] pool-xdg-deskto O /home/capstone/.cache/fontconfig//e13b20fdb08344e0e664864cc2ede53d-le64.cache-9
[3210] pool-xdg-deskto O /home/capstone/.fontconfig//e13b20fdb08344e0e664864cc2ede53d-le64.cache-9
[3210] pool-xdg-deskto O /home/capstone/.cache/fontconfig//e13b20fdb08344e0e664864cc2ede53d-le64.cache-9
[3210] pool-xdg-deskto O /home/capstone/.fontconfig//e13b20fdb08344e0e664864cc2ede53d-le64.cache-9
[3032] pool-xdg-deskto C /home/capstone/.cache/fontconfig//d82eb4fd963d448e2fcb7d7b793b5df3-le64.cache-9.TMP-3F2D38
[3032] pool-xdg-deskto D /home/capstone/.cache/fontconfig//d82eb4fd963d448e2fcb7d7b793b5df3-le64.cache-9.TMP-3F2D38
[3032] pool-xdg-deskto D /home/capstone/.cache/fontconfig//d82eb4fd963d448e2fcb7d7b793b5df3-le64.cache-9.NEW
[3032] pool-xdg-deskto C /home/capstone/.cache/fontconfig//d82eb4fd963d448e2fcb7d7b793b5df3-le64.cache-9.NEW
[3032] pool-xdg-deskto D /home/capstone/.cache/fontconfig//d82eb4fd963d448e2fcb7d7b793b5df3-le64.cache-9.LCK
[3032] pool-xdg-deskto O /home/capstone/.cache/fontconfig//e13b20fdb08344e0e664864cc2ede53d-le64.cache-9
[3032] pool-xdg-deskto O /home/capstone/.fontconfig//e13b20fdb08344e0e664864cc2ede53d-le64.cache-9
[3032] pool-xdg-deskto O /home/capstone/.cache/fontconfig//e13b20fdb08344e0e664864cc2ede53d-le64.cache-9
[3032] pool-xdg-deskto O /home/capstone/.fontconfig//e13b20fdb08344e0e664864cc2ede53d-le64.cache-9
[2608] gsd-sound O /home/capstone/.pulse/client.conf
[2608] gsd-sound O /home/capstone/.config/pulse/client.conf
[2608] gsd-sound O /home/capstone/.config/pulse/cookie
[3140] pool-gsd-xsetti O /home/capstone/.cache/fontconfig//4c599c202bc5c08e2d34565a40eac3b2-le64.cache-9
[3140] pool-gsd-xsetti O /home/capstone/.fontconfig//4c599c202bc5c08e2d34565a40eac3b2-le64.cache-9
[3140] pool-gsd-xsetti O /home/capstone/.cache/fontconfig//3830d5c3ddfd5cd38a049b759396e72e-le64.cache-9
[3140] pool-gsd-xsetti O /home/capstone/.fontconfig//3830d5c3ddfd5cd38a049b759396e72e-le64.cache-9
[3140] pool-gsd-xsetti O /home/capstone/.cache/fontconfig//c855463f699352c367813e37f3f70ea7-le64.cache-9
[3140] pool-gsd-xsetti O /home/capstone/.fontconfig//c855463f699352c367813e37f3f70ea7-le64.cache-9
[3140] pool-gsd-xsetti O /home/capstone/.cache/fontconfig//32b6488e5b8292a2e95c79d947e009e8-le64.cache-9
[3140] pool-gsd-xsetti O /home/capstone/.fontconfig//32b6488e5b8292a2e95c79d947e009e8-le64.cache-9
[3140] pool-gsd-xsetti O /home/capstone/.cache/fontconfig//57e423e26b20ab21d0f2f29c145174c3-le64.cache-9
[3140] pool-gsd-xsetti O /home/capstone/.fontconfig//57e423e26b20ab21d0f2f29c145174c3-le64.cache-9
[3140] pool-gsd-xsetti O /home/capstone/.cache/fontconfig//573ec803664ed168555e0e8b6d0f0c7f-le64.cache-9
[3140] pool-gsd-xsetti O /home/capstone/.fontconfig//573ec803664ed168555e0e8b6d0f0c7f-le64.cache-9
[3140] pool-gsd-xsetti O /home/capstone/.cache/fontconfig//7ef2298fde41cc6eeb7af42e48b7d293-le64.cache-9
[3140] pool-gsd-xsetti O /home/capstone/.fontconfig//7ef2298fde41cc6eeb7af42e48b7d293-le64.cache-9
[3140] pool-gsd-xsetti O /home/capstone/.cache/fontconfig//d82eb4fd963d448e2fcb7d7b793b5df3-le64.cache-9
[3140] pool-gsd-xsetti O /home/capstone/.fontconfig//d82eb4fd963d448e2fcb7d7b793b5df3-le64.cache-9
[3140] pool-gsd-xsetti O /home/capstone/.cache/fontconfig//e13b20fdb08344e0e664864cc2ede53d-le64.cache-9
[3140] pool-gsd-xsetti O /home/capstone/.fontconfig//e13b20fdb08344e0e664864cc2ede53d-le64.cache-9
[3140] pool-gsd-xsetti O /home/capstone/.cache/fontconfig//e13b20fdb08344e0e664864cc2ede53d-le64.cache-9
[3140] pool-gsd-xsetti O /home/capstone/.fontconfig//e13b20fdb08344e0e664864cc2ede53d-le64.cache-9
[3140] pool-gsd-xsetti C /home/capstone/.cache/fontconfig//e13b20fdb08344e0e664864cc2ede53d-le64.cache-9.TMP-P23L3V
[3140] pool-gsd-xsetti D /home/capstone/.cache/fontconfig//e13b20fdb08344e0e664864cc2ede53d-le64.cache-9.TMP-P23L3V
[3140] pool-gsd-xsetti D /home/capstone/.cache/fontconfig//e13b20fdb08344e0e664864cc2ede53d-le64.cache-9.NEW
[3140] pool-gsd-xsetti C /home/capstone/.cache/fontconfig//e13b20fdb08344e0e664864cc2ede53d-le64.cache-9.NEW
[3140] pool-gsd-xsetti D /home/capstone/.cache/fontconfig//e13b20fdb08344e0e664864cc2ede53d-le64.cache-9.LCK
[3140] pool-gsd-xsetti O /home/capstone/.cache/fontconfig//707971e003b4ae6c8121c3a920e507f5-le64.cache-9
[3140] pool-gsd-xsetti O /home/capstone/.fontconfig//707971e003b4ae6c8121c3a920e507f5-le64.cache-9
[3140] pool-gsd-xsetti O /home/capstone/.cache/fontconfig//707971e003b4ae6c8121c3a920e507f5-le64.cache-9
[3140] pool-gsd-xsetti O /home/capstone/.fontconfig//707971e003b4ae6c8121c3a920e507f5-le64.cache-9
[3140] pool-gsd-xsetti C /home/capstone/.cache/fontconfig//707971e003b4ae6c8121c3a920e507f5-le64.cache-9.TMP-BQZ9ZC
[3140] pool-gsd-xsetti D /home/capstone/.cache/fontconfig//707971e003b4ae6c8121c3a920e507f5-le64.cache-9.TMP-BQZ9ZC
[3140] pool-gsd-xsetti D /home/capstone/.cache/fontconfig//707971e003b4ae6c8121c3a920e507f5-le64.cache-9.NEW
[3140] pool-gsd-xsetti C /home/capstone/.cache/fontconfig//707971e003b4ae6c8121c3a920e507f5-le64.cache-9.NEW
[3140] pool-gsd-xsetti D /home/capstone/.cache/fontconfig//707971e003b4ae6c8121c3a920e507f5-le64.cache-9.LCK
[3140] pool-gsd-xsetti O /home/capstone/.cache/fontconfig//cabbd14511b9e8a55e92af97fb3a0461-le64.cache-9
[3140] pool-gsd-xsetti O /home/capstone/.fontconfig//cabbd14511b9e8a55e92af97fb3a0461-le64.cache-9
[3140] pool-gsd-xsetti O /home/capstone/.cache/fontconfig//cabbd14511b9e8a55e92af97fb3a0461-le64.cache-9
[3140] pool-gsd-xsetti O /home/capstone/.fontconfig//cabbd14511b9e8a55e92af97fb3a0461-le64.cache-9
[3032] pool-xdg-deskto C /home/capstone/.cache/fontconfig//e13b20fdb08344e0e664864cc2ede53d-le64.cache-9.TMP-kcHQOZ
[3032] pool-xdg-deskto D /home/capstone/.cache/fontconfig//e13b20fdb08344e0e664864cc2ede53d-le64.cache-9.TMP-kcHQOZ
[3032] pool-xdg-deskto D /home/capstone/.cache/fontconfig//e13b20fdb08344e0e664864cc2ede53d-le64.cache-9.NEW
[3032] pool-xdg-deskto C /home/capstone/.cache/fontconfig//e13b20fdb08344e0e664864cc2ede53d-le64.cache-9.NEW
[3032] pool-xdg-deskto D /home/capstone/.cache/fontconfig//e13b20fdb08344e0e664864cc2ede53d-le64.cache-9.LCK
[3032] pool-xdg-deskto O /home/capstone/.cache/fontconfig//707971e003b4ae6c8121c3a920e507f5-le64.cache-9
[3032] pool-xdg-deskto O /home/capstone/.fontconfig//707971e003b4ae6c8121c3a920e507f5-le64.cache-9
[3032] pool-xdg-deskto O /home/capstone/.cache/fontconfig//cabbd14511b9e8a55e92af97fb3a0461-le64.cache-9
[3032] pool-xdg-deskto O /home/capstone/.fontconfig//cabbd14511b9e8a55e92af97fb3a0461-le64.cache-9
[3032] pool-xdg-deskto O /home/capstone/.cache/fontconfig//cabbd14511b9e8a55e92af97fb3a0461-le64.cache-9
[3032] pool-xdg-deskto O /home/capstone/.fontconfig//cabbd14511b9e8a55e92af97fb3a0461-le64.cache-9
[3210] pool-xdg-deskto C /home/capstone/.cache/fontconfig//e13b20fdb08344e0e664864cc2ede53d-le64.cache-9.TMP-80xH93
[3210] pool-xdg-deskto D /home/capstone/.cache/fontconfig//e13b20fdb08344e0e664864cc2ede53d-le64.cache-9.TMP-80xH93
[3210] pool-xdg-deskto D /home/capstone/.cache/fontconfig//e13b20fdb08344e0e664864cc2ede53d-le64.cache-9.NEW
[3210] pool-xdg-deskto C /home/capstone/.cache/fontconfig//e13b20fdb08344e0e664864cc2ede53d-le64.cache-9.NEW
[3210] pool-xdg-deskto D /home/capstone/.cache/fontconfig//e13b20fdb08344e0e664864cc2ede53d-le64.cache-9.LCK
[3210] pool-xdg-deskto O /home/capstone/.cache/fontconfig//707971e003b4ae6c8121c3a920e507f5-le64.cache-9
[3210] pool-xdg-deskto O /home/capstone/.fontconfig//707971e003b4ae6c8121c3a920e507f5-le64.cache-9
[3210] pool-xdg-deskto O /home/capstone/.cache/fontconfig//cabbd14511b9e8a55e92af97fb3a0461-le64.cache-9
[3210] pool-xdg-deskto O /home/capstone/.fontconfig//cabbd14511b9e8a55e92af97fb3a0461-le64.cache-9
[3210] pool-xdg-deskto O /home/capstone/.cache/fontconfig//cabbd14511b9e8a55e92af97fb3a0461-le64.cache-9
[3210] pool-xdg-deskto O /home/capstone/.fontconfig//cabbd14511b9e8a55e92af97fb3a0461-le64.cache-9
[3140] pool-gsd-xsetti C /home/capstone/.cache/fontconfig//cabbd14511b9e8a55e92af97fb3a0461-le64.cache-9.TMP-SSyRNS
[3140] pool-gsd-xsetti D /home/capstone/.cache/fontconfig//cabbd14511b9e8a55e92af97fb3a0461-le64.cache-9.TMP-SSyRNS
[3140] pool-gsd-xsetti D /home/capstone/.cache/fontconfig//cabbd14511b9e8a55e92af97fb3a0461-le64.cache-9.NEW
[3140] pool-gsd-xsetti C /home/capstone/.cache/fontconfig//cabbd14511b9e8a55e92af97fb3a0461-le64.cache-9.NEW
[3140] pool-gsd-xsetti D /home/capstone/.cache/fontconfig//cabbd14511b9e8a55e92af97fb3a0461-le64.cache-9.LCK
[3140] pool-gsd-xsetti O /home/capstone/.cache/fontconfig//fe547fea3a41b43a38975d292a2b19c7-le64.cache-9
[3140] pool-gsd-xsetti O /home/capstone/.fontconfig//fe547fea3a41b43a38975d292a2b19c7-le64.cache-9
[3140] pool-gsd-xsetti O /home/capstone/.cache/fontconfig//fe547fea3a41b43a38975d292a2b19c7-le64.cache-9
[3140] pool-gsd-xsetti O /home/capstone/.fontconfig//fe547fea3a41b43a38975d292a2b19c7-le64.cache-9
[3140] pool-gsd-xsetti C /home/capstone/.cache/fontconfig//fe547fea3a41b43a38975d292a2b19c7-le64.cache-9.TMP-AnmmyV
[3140] pool-gsd-xsetti D /home/capstone/.cache/fontconfig//fe547fea3a41b43a38975d292a2b19c7-le64.cache-9.TMP-AnmmyV
[3140] pool-gsd-xsetti D /home/capstone/.cache/fontconfig//fe547fea3a41b43a38975d292a2b19c7-le64.cache-9.NEW
[3140] pool-gsd-xsetti C /home/capstone/.cache/fontconfig//fe547fea3a41b43a38975d292a2b19c7-le64.cache-9.NEW
[3140] pool-gsd-xsetti D /home/capstone/.cache/fontconfig//fe547fea3a41b43a38975d292a2b19c7-le64.cache-9.LCK
[3140] pool-gsd-xsetti O /home/capstone/.cache/fontconfig//f1f2465696798768e9653f19e17ccdc8-le64.cache-9
[3140] pool-gsd-xsetti O /home/capstone/.fontconfig//f1f2465696798768e9653f19e17ccdc8-le64.cache-9
[3140] pool-gsd-xsetti O /home/capstone/.cache/fontconfig//f1f2465696798768e9653f19e17ccdc8-le64.cache-9
[3140] pool-gsd-xsetti C /home/capstone/.cache/fontconfig//95530828ff6c81d309f8258d8d02a23e-le64.cache-9.TMP-3p0soL
[3140] pool-gsd-xsetti D /home/capstone/.cache/fontconfig//95530828ff6c81d309f8258d8d02a23e-le64.cache-9.TMP-3p0soL
[3140] pool-gsd-xsetti D /home/capstone/.cache/fontconfig//95530828ff6c81d309f8258d8d02a23e-le64.cache-9.NEW
[3140] pool-gsd-xsetti C /home/capstone/.cache/fontconfig//95530828ff6c81d309f8258d8d02a23e-le64.cache-9.NEW
[3140] pool-gsd-xsetti D /home/capstone/.cache/fontconfig//95530828ff6c81d309f8258d8d02a23e-le64.cache-9.LCK
[3140] pool-gsd-xsetti O /home/capstone/.cache/fontconfig//d3e5c4ee2ceb1fc347f91d4cefc53bc0-le64.cache-9
[3140] pool-gsd-xsetti O /home/capstone/.fontconfig//d3e5c4ee2ceb1fc347f91d4cefc53bc0-le64.cache-9
[3140] pool-gsd-xsetti O /home/capstone/.cache/fontconfig//d3e5c4ee2ceb1fc347f91d4cefc53bc0-le64.cache-9
[3140] pool-gsd-xsetti O /home/capstone/.fontconfig//d3e5c4ee2ceb1fc347f91d4cefc53bc0-le64.cache-9
[3140] pool-gsd-xsetti C /home/capstone/.cache/fontconfig//d3e5c4ee2ceb1fc347f91d4cefc53bc0-le64.cache-9.TMP-AhJqe6
[3140] pool-gsd-xsetti D /home/capstone/.cache/fontconfig//d3e5c4ee2ceb1fc347f91d4cefc53bc0-le64.cache-9.TMP-AhJqe6
[3140] pool-gsd-xsetti D /home/capstone/.cache/fontconfig//d3e5c4ee2ceb1fc347f91d4cefc53bc0-le64.cache-9.NEW
[3140] pool-gsd-xsetti C /home/capstone/.cache/fontconfig//d3e5c4ee2ceb1fc347f91d4cefc53bc0-le64.cache-9.NEW
[3140] pool-gsd-xsetti D /home/capstone/.cache/fontconfig//d3e5c4ee2ceb1fc347f91d4cefc53bc0-le64.cache-9.LCK
[3140] pool-gsd-xsetti O /home/capstone/.cache/fontconfig//e52a45a1c8c8fe895fc0fc8c4e6999b8-le64.cache-9
[3140] pool-gsd-xsetti O /home/capstone/.fontconfig//e52a45a1c8c8fe895fc0fc8c4e6999b8-le64.cache-9
[3140] pool-gsd-xsetti O /home/capstone/.cache/fontconfig//e52a45a1c8c8fe895fc0fc8c4e6999b8-le64.cache-9
[3140] pool-gsd-xsetti O /home/capstone/.fontconfig//e52a45a1c8c8fe895fc0fc8c4e6999b8-le64.cache-9
[3140] pool-gsd-xsetti C /home/capstone/.cache/fontconfig//e52a45a1c8c8fe895fc0fc8c4e6999b8-le64.cache-9.TMP-OoTgi5
[3140] pool-gsd-xsetti D /home/capstone/.cache/fontconfig//e52a45a1c8c8fe895fc0fc8c4e6999b8-le64.cache-9.TMP-OoTgi5
[3140] pool-gsd-xsetti D /home/capstone/.cache/fontconfig//e52a45a1c8c8fe895fc0fc8c4e6999b8-le64.cache-9.NEW
[3140] pool-gsd-xsetti C /home/capstone/.cache/fontconfig//e52a45a1c8c8fe895fc0fc8c4e6999b8-le64.cache-9.NEW
[3140] pool-gsd-xsetti D /home/capstone/.cache/fontconfig//e52a45a1c8c8fe895fc0fc8c4e6999b8-le64.cache-9.LCK
[3140] pool-gsd-xsetti O /home/capstone/.cache/fontconfig//188ac73a183f12857f63bb60a4a6d603-le64.cache-9
[3140] pool-gsd-xsetti O /home/capstone/.fontconfig//188ac73a183f12857f63bb60a4a6d603-le64.cache-9
[3140] pool-gsd-xsetti O /home/capstone/.cache/fontconfig//188ac73a183f12857f63bb60a4a6d603-le64.cache-9
[3140] pool-gsd-xsetti O /home/capstone/.fontconfig//188ac73a183f12857f63bb60a4a6d603-le64.cache-9
[3140] pool-gsd-xsetti C /home/capstone/.cache/fontconfig//188ac73a183f12857f63bb60a4a6d603-le64.cache-9.TMP-vXqxFk
[3140] pool-gsd-xsetti D /home/capstone/.cache/fontconfig//188ac73a183f12857f63bb60a4a6d603-le64.cache-9.TMP-vXqxFk
[3140] pool-gsd-xsetti D /home/capstone/.cache/fontconfig//188ac73a183f12857f63bb60a4a6d603-le64.cache-9.NEW
[3140] pool-gsd-xsetti C /home/capstone/.cache/fontconfig//188ac73a183f12857f63bb60a4a6d603-le64.cache-9.NEW
[3140] pool-gsd-xsetti D /home/capstone/.cache/fontconfig//188ac73a183f12857f63bb60a4a6d603-le64.cache-9.LCK
[3140] pool-gsd-xsetti O /home/capstone/.cache/fontconfig//9b89f8e3dae116d678bbf48e5f21f69b-le64.cache-9
[3140] pool-gsd-xsetti O /home/capstone/.fontconfig//9b89f8e3dae116d678bbf48e5f21f69b-le64.cache-9
[3140] pool-gsd-xsetti O /home/capstone/.cache/fontconfig//9b89f8e3dae116d678bbf48e5f21f69b-le64.cache-9
[3140] pool-gsd-xsetti O /home/capstone/.fontconfig//9b89f8e3dae116d678bbf48e5f21f69b-le64.cache-9
[2254] dbus-daemon O /home/capstone/.local/share/dbus-1/services
[3140] pool-gsd-xsetti C /home/capstone/.cache/fontconfig//9b89f8e3dae116d678bbf48e5f21f69b-le64.cache-9.TMP-MXmNut
[3140] pool-gsd-xsetti D /home/capstone/.cache/fontconfig//9b89f8e3dae116d678bbf48e5f21f69b-le64.cache-9.TMP-MXmNut
[3140] pool-gsd-xsetti D /home/capstone/.cache/fontconfig//9b89f8e3dae116d678bbf48e5f21f69b-le64.cache-9.NEW
[3140] pool-gsd-xsetti C /home/capstone/.cache/fontconfig//9b89f8e3dae116d678bbf48e5f21f69b-le64.cache-9.NEW
[3140] pool-gsd-xsetti D /home/capstone/.cache/fontconfig//9b89f8e3dae116d678bbf48e5f21f69b-le64.cache-9.LCK
[3140] pool-gsd-xsetti O /home/capstone/.cache/fontconfig//6cc790b63b123a6a96ee260fcdad32a9-le64.cache-9
[3140] pool-gsd-xsetti O /home/capstone/.fontconfig//6cc790b63b123a6a96ee260fcdad32a9-le64.cache-9
[3140] pool-gsd-xsetti O /home/capstone/.cache/fontconfig//6cc790b63b123a6a96ee260fcdad32a9-le64.cache-9
[3140] pool-gsd-xsetti O /home/capstone/.fontconfig//6cc790b63b123a6a96ee260fcdad32a9-le64.cache-9
[3140] pool-gsd-xsetti C /home/capstone/.cache/fontconfig//6cc790b63b123a6a96ee260fcdad32a9-le64.cache-9.TMP-KxNeJH
[3140] pool-gsd-xsetti D /home/capstone/.cache/fontconfig//6cc790b63b123a6a96ee260fcdad32a9-le64.cache-9.TMP-KxNeJH
[3140] pool-gsd-xsetti D /home/capstone/.cache/fontconfig//6cc790b63b123a6a96ee260fcdad32a9-le64.cache-9.NEW
[3140] pool-gsd-xsetti C /home/capstone/.cache/fontconfig//6cc790b63b123a6a96ee260fcdad32a9-le64.cache-9.NEW
[3140] pool-gsd-xsetti D /home/capstone/.cache/fontconfig//6cc790b63b123a6a96ee260fcdad32a9-le64.cache-9.LCK
[3140] pool-gsd-xsetti O /home/capstone/.cache/fontconfig//d589a48862398ed80a3d6066f4f56f4c-le64.cache-9
[3140] pool-gsd-xsetti O /home/capstone/.fontconfig//d589a48862398ed80a3d6066f4f56f4c-le64.cache-9
[3140] pool-gsd-xsetti O /home/capstone/.cache/fontconfig//d589a48862398ed80a3d6066f4f56f4c-le64.cache-9
[3140] pool-gsd-xsetti O /home/capstone/.fontconfig//d589a48862398ed80a3d6066f4f56f4c-le64.cache-9
[3210] pool-xdg-deskto C /home/capstone/.cache/fontconfig//cabbd14511b9e8a55e92af97fb3a0461-le64.cache-9.TMP-cQ7fHu
[3210] pool-xdg-deskto D /home/capstone/.cache/fontconfig//cabbd14511b9e8a55e92af97fb3a0461-le64.cache-9.TMP-cQ7fHu
[3210] pool-xdg-deskto D /home/capstone/.cache/fontconfig//cabbd14511b9e8a55e92af97fb3a0461-le64.cache-9.NEW
[3210] pool-xdg-deskto C /home/capstone/.cache/fontconfig//cabbd14511b9e8a55e92af97fb3a0461-le64.cache-9.NEW
[3210] pool-xdg-deskto D /home/capstone/.cache/fontconfig//cabbd14511b9e8a55e92af97fb3a0461-le64.cache-9.LCK
[3210] pool-xdg-deskto O /home/capstone/.cache/fontconfig//fe547fea3a41b43a38975d292a2b19c7-le64.cache-9
[3210] pool-xdg-deskto O /home/capstone/.fontconfig//fe547fea3a41b43a38975d292a2b19c7-le64.cache-9
[3210] pool-xdg-deskto O /home/capstone/.cache/fontconfig//f1f2465696798768e9653f19e17ccdc8-le64.cache-9
[3210] pool-xdg-deskto O /home/capstone/.fontconfig//f1f2465696798768e9653f19e17ccdc8-le64.cache-9
[3210] pool-xdg-deskto O /home/capstone/.cache/fontconfig//95530828ff6c81d309f8258d8d02a23e-le64.cache-9
[3210] pool-xdg-deskto O /home/capstone/.fontconfig//95530828ff6c81d309f8258d8d02a23e-le64.cache-9
[3210] pool-xdg-deskto O /home/capstone/.cache/fontconfig//d3e5c4ee2ceb1fc347f91d4cefc53bc0-le64.cache-9
[3210] pool-xdg-deskto O /home/capstone/.fontconfig//d3e5c4ee2ceb1fc347f91d4cefc53bc0-le64.cache-9
[3210] pool-xdg-deskto O /home/capstone/.cache/fontconfig//e52a45a1c8c8fe895fc0fc8c4e6999b8-le64.cache-9
[3210] pool-xdg-deskto O /home/capstone/.fontconfig//e52a45a1c8c8fe895fc0fc8c4e6999b8-le64.cache-9
[3210] pool-xdg-deskto O /home/capstone/.cache/fontconfig//188ac73a183f12857f63bb60a4a6d603-le64.cache-9
[3210] pool-xdg-deskto O /home/capstone/.fontconfig//188ac73a183f12857f63bb60a4a6d603-le64.cache-9
[3210] pool-xdg-deskto O /home/capstone/.cache/fontconfig//9b89f8e3dae116d678bbf48e5f21f69b-le64.cache-9
[3210] pool-xdg-deskto O /home/capstone/.fontconfig//9b89f8e3dae116d678bbf48e5f21f69b-le64.cache-9
[3210] pool-xdg-deskto O /home/capstone/.cache/fontconfig//6cc790b63b123a6a96ee260fcdad32a9-le64.cache-9
[3210] pool-xdg-deskto O /home/capstone/.fontconfig//6cc790b63b123a6a96ee260fcdad32a9-le64.cache-9
[3210] pool-xdg-deskto O /home/capstone/.cache/fontconfig//d589a48862398ed80a3d6066f4f56f4c-le64.cache-9
[3210] pool-xdg-deskto O /home/capstone/.fontconfig//d589a48862398ed80a3d6066f4f56f4c-le64.cache-9
[3210] pool-xdg-deskto O /home/capstone/.cache/fontconfig//d589a48862398ed80a3d6066f4f56f4c-le64.cache-9
[3210] pool-xdg-deskto O /home/capstone/.fontconfig//d589a48862398ed80a3d6066f4f56f4c-le64.cache-9
[3140] pool-gsd-xsetti C /home/capstone/.cache/fontconfig//d589a48862398ed80a3d6066f4f56f4c-le64.cache-9.TMP-BXYljH
[3140] pool-gsd-xsetti D /home/capstone/.cache/fontconfig//d589a48862398ed80a3d6066f4f56f4c-le64.cache-9.TMP-BXYljH
[3140] pool-gsd-xsetti D /home/capstone/.cache/fontconfig//d589a48862398ed80a3d6066f4f56f4c-le64.cache-9.NEW
[3140] pool-gsd-xsetti C /home/capstone/.cache/fontconfig//d589a48862398ed80a3d6066f4f56f4c-le64.cache-9.NEW
[3140] pool-gsd-xsetti D /home/capstone/.cache/fontconfig//d589a48862398ed80a3d6066f4f56f4c-le64.cache-9.LCK
[3140] pool-gsd-xsetti O /home/capstone/.cache/fontconfig//3f7329c5293ffd510edef78f73874cfd-le64.cache-9
[3140] pool-gsd-xsetti O /home/capstone/.fontconfig//3f7329c5293ffd510edef78f73874cfd-le64.cache-9
[3140] pool-gsd-xsetti O /home/capstone/.cache/fontconfig//3f7329c5293ffd510edef78f73874cfd-le64.cache-9
[3140] pool-gsd-xsetti O /home/capstone/.fontconfig//3f7329c5293ffd510edef78f73874cfd-le64.cache-9
[3210] pool-xdg-deskto C /home/capstone/.cache/fontconfig//d589a48862398ed80a3d6066f4f56f4c-le64.cache-9.TMP-nITsgy
[3210] pool-xdg-deskto D /home/capstone/.cache/fontconfig//d589a48862398ed80a3d6066f4f56f4c-le64.cache-9.TMP-nITsgy
[3210] pool-xdg-deskto D /home/capstone/.cache/fontconfig//d589a48862398ed80a3d6066f4f56f4c-le64.cache-9.NEW
[3210] pool-xdg-deskto C /home/capstone/.cache/fontconfig//d589a48862398ed80a3d6066f4f56f4c-le64.cache-9.NEW
[3210] pool-xdg-deskto D /home/capstone/.cache/fontconfig//d589a48862398ed80a3d6066f4f56f4c-le64.cache-9.LCK
[3210] pool-xdg-deskto O /home/capstone/.cache/fontconfig//3f7329c5293ffd510edef78f73874cfd-le64.cache-9
[3210] pool-xdg-deskto O /home/capstone/.fontconfig//3f7329c5293ffd510edef78f73874cfd-le64.cache-9
[3210] pool-xdg-deskto O /home/capstone/.cache/fontconfig//3f7329c5293ffd510edef78f73874cfd-le64.cache-9
[3210] pool-xdg-deskto O /home/capstone/.fontconfig//3f7329c5293ffd510edef78f73874cfd-le64.cache-9
[3210] pool-xdg-deskto C /home/capstone/.cache/fontconfig//3f7329c5293ffd510edef78f73874cfd-le64.cache-9.TMP-5zC5Hx
[3140] pool-gsd-xsetti C /home/capstone/.cache/fontconfig//3f7329c5293ffd510edef78f73874cfd-le64.cache-9.TMP-cn3TcT
[3140] pool-gsd-xsetti D /home/capstone/.cache/fontconfig//3f7329c5293ffd510edef78f73874cfd-le64.cache-9.TMP-cn3TcT
[3140] pool-gsd-xsetti D /home/capstone/.cache/fontconfig//3f7329c5293ffd510edef78f73874cfd-le64.cache-9.NEW
[3140] pool-gsd-xsetti C /home/capstone/.cache/fontconfig//3f7329c5293ffd510edef78f73874cfd-le64.cache-9.NEW
[3140] pool-gsd-xsetti D /home/capstone/.cache/fontconfig//3f7329c5293ffd510edef78f73874cfd-le64.cache-9.LCK
[3140] pool-gsd-xsetti O /home/capstone/.cache/fontconfig//3047814df9a2f067bd2d96a2b9c36e5a-le64.cache-9
[3140] pool-gsd-xsetti O /home/capstone/.fontconfig//3047814df9a2f067bd2d96a2b9c36e5a-le64.cache-9
[3140] pool-gsd-xsetti O /home/capstone/.cache/fontconfig//3047814df9a2f067bd2d96a2b9c36e5a-le64.cache-9
[3140] pool-gsd-xsetti O /home/capstone/.fontconfig//3047814df9a2f067bd2d96a2b9c36e5a-le64.cache-9
[3210] pool-xdg-deskto D /home/capstone/.cache/fontconfig//3f7329c5293ffd510edef78f73874cfd-le64.cache-9.TMP-5zC5Hx
[3210] pool-xdg-deskto D /home/capstone/.cache/fontconfig//3f7329c5293ffd510edef78f73874cfd-le64.cache-9.NEW
[3210] pool-xdg-deskto C /home/capstone/.cache/fontconfig//3f7329c5293ffd510edef78f73874cfd-le64.cache-9.NEW
[3210] pool-xdg-deskto D /home/capstone/.cache/fontconfig//3f7329c5293ffd510edef78f73874cfd-le64.cache-9.LCK
[3210] pool-xdg-deskto O /home/capstone/.cache/fontconfig//3047814df9a2f067bd2d96a2b9c36e5a-le64.cache-9
[3210] pool-xdg-deskto O /home/capstone/.fontconfig//3047814df9a2f067bd2d96a2b9c36e5a-le64.cache-9
[3210] pool-xdg-deskto O /home/capstone/.cache/fontconfig//3047814df9a2f067bd2d96a2b9c36e5a-le64.cache-9
[3210] pool-xdg-deskto O /home/capstone/.fontconfig//3047814df9a2f067bd2d96a2b9c36e5a-le64.cache-9
[3140] pool-gsd-xsetti C /home/capstone/.cache/fontconfig//3047814df9a2f067bd2d96a2b9c36e5a-le64.cache-9.TMP-ZFnUJ6
[3140] pool-gsd-xsetti D /home/capstone/.cache/fontconfig//3047814df9a2f067bd2d96a2b9c36e5a-le64.cache-9.TMP-ZFnUJ6
[3140] pool-gsd-xsetti O /home/capstone/.cache/fontconfig//0bd3dc0958fa2205aaaa8ebb13e2872b-le64.cache-9
[3140] pool-gsd-xsetti O /home/capstone/.fontconfig//0bd3dc0958fa2205aaaa8ebb13e2872b-le64.cache-9
[3140] pool-gsd-xsetti O /home/capstone/.cache/fontconfig//0bd3dc0958fa2205aaaa8ebb13e2872b-le64.cache-9
[3140] pool-gsd-xsetti O /home/capstone/.fontconfig//0bd3dc0958fa2205aaaa8ebb13e2872b-le64.cache-9
[3210] pool-xdg-deskto C /home/capstone/.cache/fontconfig//3047814df9a2f067bd2d96a2b9c36e5a-le64.cache-9.TMP-wY2WLp
[3210] pool-xdg-deskto D /home/capstone/.cache/fontconfig//3047814df9a2f067bd2d96a2b9c36e5a-le64.cache-9.TMP-wY2WLp
[3210] pool-xdg-deskto D /home/capstone/.cache/fontconfig//3047814df9a2f067bd2d96a2b9c36e5a-le64.cache-9.NEW
[3210] pool-xdg-deskto C /home/capstone/.cache/fontconfig//3047814df9a2f067bd2d96a2b9c36e5a-le64.cache-9.NEW
[3210] pool-xdg-deskto D /home/capstone/.cache/fontconfig//3047814df9a2f067bd2d96a2b9c36e5a-le64.cache-9.LCK
[3210] pool-xdg-deskto O /home/capstone/.cache/fontconfig//0bd3dc0958fa2205aaaa8ebb13e2872b-le64.cache-9
[3210] pool-xdg-deskto O /home/capstone/.fontconfig//0bd3dc0958fa2205aaaa8ebb13e2872b-le64.cache-9
[3210] pool-xdg-deskto O /home/capstone/.cache/fontconfig//0bd3dc0958fa2205aaaa8ebb13e2872b-le64.cache-9
[3210] pool-xdg-deskto O /home/capstone/.fontconfig//0bd3dc0958fa2205aaaa8ebb13e2872b-le64.cache-9
[3032] pool-xdg-deskto C /home/capstone/.cache/fontconfig//cabbd14511b9e8a55e92af97fb3a0461-le64.cache-9.TMP-DTg2Oe
[3032] pool-xdg-deskto D /home/capstone/.cache/fontconfig//cabbd14511b9e8a55e92af97fb3a0461-le64.cache-9.TMP-DTg2Oe
[3032] pool-xdg-deskto D /home/capstone/.cache/fontconfig//cabbd14511b9e8a55e92af97fb3a0461-le64.cache-9.NEW
[3032] pool-xdg-deskto C /home/capstone/.cache/fontconfig//cabbd14511b9e8a55e92af97fb3a0461-le64.cache-9.NEW
[3032] pool-xdg-deskto D /home/capstone/.cache/fontconfig//cabbd14511b9e8a55e92af97fb3a0461-le64.cache-9.LCK
[3032] pool-xdg-deskto O /home/capstone/.cache/fontconfig//fe547fea3a41b43a38975d292a2b19c7-le64.cache-9
[3032] pool-xdg-deskto O /home/capstone/.fontconfig//fe547fea3a41b43a38975d292a2b19c7-le64.cache-9
[3032] pool-xdg-deskto O /home/capstone/.cache/fontconfig//f1f2465696798768e9653f19e17ccdc8-le64.cache-9
[3032] pool-xdg-deskto O /home/capstone/.fontconfig//f1f2465696798768e9653f19e17ccdc8-le64.cache-9
[3032] pool-xdg-deskto O /home/capstone/.cache/fontconfig//95530828ff6c81d309f8258d8d02a23e-le64.cache-9
[3032] pool-xdg-deskto O /home/capstone/.fontconfig//95530828ff6c81d309f8258d8d02a23e-le64.cache-9
[3032] pool-xdg-deskto O /home/capstone/.cache/fontconfig//d3e5c4ee2ceb1fc347f91d4cefc53bc0-le64.cache-9
[3032] pool-xdg-deskto O /home/capstone/.fontconfig//d3e5c4ee2ceb1fc347f91d4cefc53bc0-le64.cache-9
[3032] pool-xdg-deskto O /home/capstone/.cache/fontconfig//e52a45a1c8c8fe895fc0fc8c4e6999b8-le64.cache-9
[3032] pool-xdg-deskto O /home/capstone/.fontconfig//e52a45a1c8c8fe895fc0fc8c4e6999b8-le64.cache-9
[3032] pool-xdg-deskto O /home/capstone/.cache/fontconfig//188ac73a183f12857f63bb60a4a6d603-le64.cache-9
[3032] pool-xdg-deskto O /home/capstone/.fontconfig//188ac73a183f12857f63bb60a4a6d603-le64.cache-9
[3032] pool-xdg-deskto O /home/capstone/.cache/fontconfig//9b89f8e3dae116d678bbf48e5f21f69b-le64.cache-9
[3032] pool-xdg-deskto O /home/capstone/.fontconfig//9b89f8e3dae116d678bbf48e5f21f69b-le64.cache-9
[3032] pool-xdg-deskto O /home/capstone/.cache/fontconfig//6cc790b63b123a6a96ee260fcdad32a9-le64.cache-9
[3032] pool-xdg-deskto O /home/capstone/.fontconfig//6cc790b63b123a6a96ee260fcdad32a9-le64.cache-9
[3032] pool-xdg-deskto O /home/capstone/.cache/fontconfig//d589a48862398ed80a3d6066f4f56f4c-le64.cache-9
[3032] pool-xdg-deskto O /home/capstone/.fontconfig//d589a48862398ed80a3d6066f4f56f4c-le64.cache-9
[3032] pool-xdg-deskto O /home/capstone/.cache/fontconfig//3f7329c5293ffd510edef78f73874cfd-le64.cache-9
[3032] pool-xdg-deskto O /home/capstone/.fontconfig//3f7329c5293ffd510edef78f73874cfd-le64.cache-9
[3032] pool-xdg-deskto O /home/capstone/.cache/fontconfig//3047814df9a2f067bd2d96a2b9c36e5a-le64.cache-9
[3032] pool-xdg-deskto O /home/capstone/.fontconfig//3047814df9a2f067bd2d96a2b9c36e5a-le64.cache-9
[3032] pool-xdg-deskto O /home/capstone/.cache/fontconfig//0bd3dc0958fa2205aaaa8ebb13e2872b-le64.cache-9
[3032] pool-xdg-deskto O /home/capstone/.fontconfig//0bd3dc0958fa2205aaaa8ebb13e2872b-le64.cache-9
[3032] pool-xdg-deskto O /home/capstone/.cache/fontconfig//0bd3dc0958fa2205aaaa8ebb13e2872b-le64.cache-9
[3032] pool-xdg-deskto O /home/capstone/.fontconfig//0bd3dc0958fa2205aaaa8ebb13e2872b-le64.cache-9
[3210] pool-xdg-deskto C /home/capstone/.cache/fontconfig//0bd3dc0958fa2205aaaa8ebb13e2872b-le64.cache-9.TMP-Gz21rj
[3210] pool-xdg-deskto D /home/capstone/.cache/fontconfig//0bd3dc0958fa2205aaaa8ebb13e2872b-le64.cache-9.TMP-Gz21rj
[3210] pool-xdg-deskto D /home/capstone/.cache/fontconfig//0bd3dc0958fa2205aaaa8ebb13e2872b-le64.cache-9.NEW
[3210] pool-xdg-deskto C /home/capstone/.cache/fontconfig//0bd3dc0958fa2205aaaa8ebb13e2872b-le64.cache-9.NEW
[3210] pool-xdg-deskto D /home/capstone/.cache/fontconfig//0bd3dc0958fa2205aaaa8ebb13e2872b-le64.cache-9.LCK
[3210] pool-xdg-deskto O /home/capstone/.cache/fontconfig//2300eef321c393bfd76478a5c0e95b23-le64.cache-9
[3210] pool-xdg-deskto O /home/capstone/.fontconfig//2300eef321c393bfd76478a5c0e95b23-le64.cache-9
[3210] pool-xdg-deskto O /home/capstone/.cache/fontconfig//2300eef321c393bfd76478a5c0e95b23-le64.cache-9
[3210] pool-xdg-deskto O /home/capstone/.fontconfig//2300eef321c393bfd76478a5c0e95b23-le64.cache-9
[3140] pool-gsd-xsetti C /home/capstone/.cache/fontconfig//0bd3dc0958fa2205aaaa8ebb13e2872b-le64.cache-9.TMP-u6du9n
[3140] pool-gsd-xsetti D /home/capstone/.cache/fontconfig//0bd3dc0958fa2205aaaa8ebb13e2872b-le64.cache-9.TMP-u6du9n
[3140] pool-gsd-xsetti D /home/capstone/.cache/fontconfig//0bd3dc0958fa2205aaaa8ebb13e2872b-le64.cache-9.NEW
[3140] pool-gsd-xsetti C /home/capstone/.cache/fontconfig//0bd3dc0958fa2205aaaa8ebb13e2872b-le64.cache-9.NEW
[3140] pool-gsd-xsetti D /home/capstone/.cache/fontconfig//0bd3dc0958fa2205aaaa8ebb13e2872b-le64.cache-9.LCK
[3140] pool-gsd-xsetti O /home/capstone/.cache/fontconfig//2300eef321c393bfd76478a5c0e95b23-le64.cache-9
[3140] pool-gsd-xsetti O /home/capstone/.fontconfig//2300eef321c393bfd76478a5c0e95b23-le64.cache-9
[3140] pool-gsd-xsetti O /home/capstone/.cache/fontconfig//2300eef321c393bfd76478a5c0e95b23-le64.cache-9
[3140] pool-gsd-xsetti O /home/capstone/.fontconfig//2300eef321c393bfd76478a5c0e95b23-le64.cache-9
[3032] pool-xdg-deskto C /home/capstone/.cache/fontconfig//0bd3dc0958fa2205aaaa8ebb13e2872b-le64.cache-9.TMP-VJAZJM
[3032] pool-xdg-deskto D /home/capstone/.cache/fontconfig//0bd3dc0958fa2205aaaa8ebb13e2872b-le64.cache-9.TMP-VJAZJM
[3032] pool-xdg-deskto D /home/capstone/.cache/fontconfig//0bd3dc0958fa2205aaaa8ebb13e2872b-le64.cache-9.NEW
[3032] pool-xdg-deskto C /home/capstone/.cache/fontconfig//0bd3dc0958fa2205aaaa8ebb13e2872b-le64.cache-9.NEW
[3032] pool-xdg-deskto D /home/capstone/.cache/fontconfig//0bd3dc0958fa2205aaaa8ebb13e2872b-le64.cache-9.LCK
[3032] pool-xdg-deskto O /home/capstone/.cache/fontconfig//2300eef321c393bfd76478a5c0e95b23-le64.cache-9
[3032] pool-xdg-deskto O /home/capstone/.fontconfig//2300eef321c393bfd76478a5c0e95b23-le64.cache-9
[3032] pool-xdg-deskto O /home/capstone/.cache/fontconfig//2300eef321c393bfd76478a5c0e95b23-le64.cache-9
[3032] pool-xdg-deskto O /home/capstone/.fontconfig//2300eef321c393bfd76478a5c0e95b23-le64.cache-9
[3140] pool-gsd-xsetti C /home/capstone/.cache/fontconfig//2300eef321c393bfd76478a5c0e95b23-le64.cache-9.TMP-C3sHb1
[3140] pool-gsd-xsetti D /home/capstone/.cache/fontconfig//2300eef321c393bfd76478a5c0e95b23-le64.cache-9.TMP-C3sHb1
[3140] pool-gsd-xsetti D /home/capstone/.cache/fontconfig//2300eef321c393bfd76478a5c0e95b23-le64.cache-9.NEW
[3140] pool-gsd-xsetti C /home/capstone/.cache/fontconfig//2300eef321c393bfd76478a5c0e95b23-le64.cache-9.NEW
[3140] pool-gsd-xsetti D /home/capstone/.cache/fontconfig//2300eef321c393bfd76478a5c0e95b23-le64.cache-9.LCK
[3140] pool-gsd-xsetti O /home/capstone/.cache/fontconfig//a4e60e8d1e10d2fdff3fe3037a1845fb-le64.cache-9
[3140] pool-gsd-xsetti O /home/capstone/.fontconfig//a4e60e8d1e10d2fdff3fe3037a1845fb-le64.cache-9
[3140] pool-gsd-xsetti O /home/capstone/.cache/fontconfig//a4e60e8d1e10d2fdff3fe3037a1845fb-le64.cache-9
[3140] pool-gsd-xsetti O /home/capstone/.fontconfig//a4e60e8d1e10d2fdff3fe3037a1845fb-le64.cache-9
[3210] pool-xdg-deskto C /home/capstone/.cache/fontconfig//2300eef321c393bfd76478a5c0e95b23-le64.cache-9.TMP-wUsR9r
[3210] pool-xdg-deskto D /home/capstone/.cache/fontconfig//2300eef321c393bfd76478a5c0e95b23-le64.cache-9.TMP-wUsR9r
[3210] pool-xdg-deskto D /home/capstone/.cache/fontconfig//2300eef321c393bfd76478a5c0e95b23-le64.cache-9.NEW
[3210] pool-xdg-deskto C /home/capstone/.cache/fontconfig//2300eef321c393bfd76478a5c0e95b23-le64.cache-9.NEW
[3210] pool-xdg-deskto D /home/capstone/.cache/fontconfig//2300eef321c393bfd76478a5c0e95b23-le64.cache-9.LCK
[3210] pool-xdg-deskto O /home/capstone/.cache/fontconfig//a4e60e8d1e10d2fdff3fe3037a1845fb-le64.cache-9
[3210] pool-xdg-deskto O /home/capstone/.fontconfig//a4e60e8d1e10d2fdff3fe3037a1845fb-le64.cache-9
[3210] pool-xdg-deskto O /home/capstone/.cache/fontconfig//a4e60e8d1e10d2fdff3fe3037a1845fb-le64.cache-9
[3210] pool-xdg-deskto O /home/capstone/.fontconfig//a4e60e8d1e10d2fdff3fe3037a1845fb-le64.cache-9
[3032] pool-xdg-deskto C /home/capstone/.cache/fontconfig//2300eef321c393bfd76478a5c0e95b23-le64.cache-9.TMP-xFeCTA
[3032] pool-xdg-deskto D /home/capstone/.cache/fontconfig//2300eef321c393bfd76478a5c0e95b23-le64.cache-9.TMP-xFeCTA
[3032] pool-xdg-deskto D /home/capstone/.cache/fontconfig//2300eef321c393bfd76478a5c0e95b23-le64.cache-9.NEW
[3032] pool-xdg-deskto C /home/capstone/.cache/fontconfig//2300eef321c393bfd76478a5c0e95b23-le64.cache-9.NEW
[3032] pool-xdg-deskto D /home/capstone/.cache/fontconfig//2300eef321c393bfd76478a5c0e95b23-le64.cache-9.LCK
[3032] pool-xdg-deskto O /home/capstone/.cache/fontconfig//a4e60e8d1e10d2fdff3fe3037a1845fb-le64.cache-9
[3032] pool-xdg-deskto O /home/capstone/.fontconfig//a4e60e8d1e10d2fdff3fe3037a1845fb-le64.cache-9
[3032] pool-xdg-deskto O /home/capstone/.cache/fontconfig//a4e60e8d1e10d2fdff3fe3037a1845fb-le64.cache-9
[3032] pool-xdg-deskto O /home/capstone/.fontconfig//a4e60e8d1e10d2fdff3fe3037a1845fb-le64.cache-9
[3140] pool-gsd-xsetti C /home/capstone/.cache/fontconfig//a4e60e8d1e10d2fdff3fe3037a1845fb-le64.cache-9.TMP-tAqqY9
[3140] pool-gsd-xsetti D /home/capstone/.cache/fontconfig//a4e60e8d1e10d2fdff3fe3037a1845fb-le64.cache-9.TMP-tAqqY9
[3140] pool-gsd-xsetti D /home/capstone/.cache/fontconfig//a4e60e8d1e10d2fdff3fe3037a1845fb-le64.cache-9.NEW
[3140] pool-gsd-xsetti C /home/capstone/.cache/fontconfig//a4e60e8d1e10d2fdff3fe3037a1845fb-le64.cache-9.NEW
[3140] pool-gsd-xsetti D /home/capstone/.cache/fontconfig//a4e60e8d1e10d2fdff3fe3037a1845fb-le64.cache-9.LCK
[3140] pool-gsd-xsetti O /home/capstone/.cache/fontconfig//6333f38776742d18e214673cd2c24e34-le64.cache-9
[3140] pool-gsd-xsetti O /home/capstone/.fontconfig//6333f38776742d18e214673cd2c24e34-le64.cache-9
[3140] pool-gsd-xsetti O /home/capstone/.cache/fontconfig//6333f38776742d18e214673cd2c24e34-le64.cache-9
[3140] pool-gsd-xsetti O /home/capstone/.fontconfig//6333f38776742d18e214673cd2c24e34-le64.cache-9
[3210] pool-xdg-deskto C /home/capstone/.cache/fontconfig//a4e60e8d1e10d2fdff3fe3037a1845fb-le64.cache-9.TMP-k2BiyL
[3210] pool-xdg-deskto D /home/capstone/.cache/fontconfig//a4e60e8d1e10d2fdff3fe3037a1845fb-le64.cache-9.TMP-k2BiyL
[3210] pool-xdg-deskto D /home/capstone/.cache/fontconfig//a4e60e8d1e10d2fdff3fe3037a1845fb-le64.cache-9.NEW
[3210] pool-xdg-deskto C /home/capstone/.cache/fontconfig//a4e60e8d1e10d2fdff3fe3037a1845fb-le64.cache-9.NEW
[3210] pool-xdg-deskto D /home/capstone/.cache/fontconfig//a4e60e8d1e10d2fdff3fe3037a1845fb-le64.cache-9.LCK
[3210] pool-xdg-deskto O /home/capstone/.cache/fontconfig//6333f38776742d18e214673cd2c24e34-le64.cache-9
[3210] pool-xdg-deskto O /home/capstone/.fontconfig//6333f38776742d18e214673cd2c24e34-le64.cache-9
[3210] pool-xdg-deskto O /home/capstone/.cache/fontconfig//6333f38776742d18e214673cd2c24e34-le64.cache-9
[3210] pool-xdg-deskto O /home/capstone/.fontconfig//6333f38776742d18e214673cd2c24e34-le64.cache-9
[3140] pool-gsd-xsetti C /home/capstone/.cache/fontconfig//6333f38776742d18e214673cd2c24e34-le64.cache-9.TMP-lgX3VX
[3140] pool-gsd-xsetti D /home/capstone/.cache/fontconfig//6333f38776742d18e214673cd2c24e34-le64.cache-9.TMP-lgX3VX
[3210] pool-xdg-deskto C /home/capstone/.cache/fontconfig//6333f38776742d18e214673cd2c24e34-le64.cache-9.TMP-lOUDXf
[3210] pool-xdg-deskto D /home/capstone/.cache/fontconfig//6333f38776742d18e214673cd2c24e34-le64.cache-9.TMP-lOUDXf
[3210] pool-xdg-deskto D /home/capstone/.cache/fontconfig//6333f38776742d18e214673cd2c24e34-le64.cache-9.NEW
[3210] pool-xdg-deskto C /home/capstone/.cache/fontconfig//6333f38776742d18e214673cd2c24e34-le64.cache-9.NEW
[3210] pool-xdg-deskto D /home/capstone/.cache/fontconfig//6333f38776742d18e214673cd2c24e34-le64.cache-9.LCK
[3032] pool-xdg-deskto C /home/capstone/.cache/fontconfig//a4e60e8d1e10d2fdff3fe3037a1845fb-le64.cache-9.TMP-6oPB2O
[3032] pool-xdg-deskto D /home/capstone/.cache/fontconfig//a4e60e8d1e10d2fdff3fe3037a1845fb-le64.cache-9.TMP-6oPB2O
[3032] pool-xdg-deskto D /home/capstone/.cache/fontconfig//a4e60e8d1e10d2fdff3fe3037a1845fb-le64.cache-9.NEW
[3032] pool-xdg-deskto C /home/capstone/.cache/fontconfig//a4e60e8d1e10d2fdff3fe3037a1845fb-le64.cache-9.NEW
[3032] pool-xdg-deskto D /home/capstone/.cache/fontconfig//a4e60e8d1e10d2fdff3fe3037a1845fb-le64.cache-9.LCK
[3032] pool-xdg-deskto O /home/capstone/.cache/fontconfig//6333f38776742d18e214673cd2c24e34-le64.cache-9
[3032] pool-xdg-deskto O /home/capstone/.fontconfig//6333f38776742d18e214673cd2c24e34-le64.cache-9
[3210] pool-xdg-deskto O /home/capstone/.cache/fontconfig//4c599c202bc5c08e2d34565a40eac3b2-le64.cache-9
[3210] pool-xdg-deskto O /home/capstone/.fontconfig//4c599c202bc5c08e2d34565a40eac3b2-le64.cache-9
[3210] pool-xdg-deskto O /home/capstone/.cache/fontconfig//3830d5c3ddfd5cd38a049b759396e72e-le64.cache-9
[3210] pool-xdg-deskto O /home/capstone/.fontconfig//3830d5c3ddfd5cd38a049b759396e72e-le64.cache-9
[3210] pool-xdg-deskto O /home/capstone/.cache/fontconfig//c855463f699352c367813e37f3f70ea7-le64.cache-9
[3210] pool-xdg-deskto O /home/capstone/.fontconfig//c855463f699352c367813e37f3f70ea7-le64.cache-9
[3210] pool-xdg-deskto O /home/capstone/.cache/fontconfig//32b6488e5b8292a2e95c79d947e009e8-le64.cache-9
[3210] pool-xdg-deskto O /home/capstone/.fontconfig//32b6488e5b8292a2e95c79d947e009e8-le64.cache-9
[3210] pool-xdg-deskto O /home/capstone/.cache/fontconfig//57e423e26b20ab21d0f2f29c145174c3-le64.cache-9
[3210] pool-xdg-deskto O /home/capstone/.fontconfig//57e423e26b20ab21d0f2f29c145174c3-le64.cache-9
[3210] pool-xdg-deskto O /home/capstone/.cache/fontconfig//573ec803664ed168555e0e8b6d0f0c7f-le64.cache-9
[3210] pool-xdg-deskto O /home/capstone/.fontconfig//573ec803664ed168555e0e8b6d0f0c7f-le64.cache-9
[3210] pool-xdg-deskto O /home/capstone/.cache/fontconfig//7ef2298fde41cc6eeb7af42e48b7d293-le64.cache-9
[3210] pool-xdg-deskto O /home/capstone/.fontconfig//7ef2298fde41cc6eeb7af42e48b7d293-le64.cache-9
[3210] pool-xdg-deskto O /home/capstone/.cache/fontconfig//d82eb4fd963d448e2fcb7d7b793b5df3-le64.cache-9
[3210] pool-xdg-deskto O /home/capstone/.fontconfig//d82eb4fd963d448e2fcb7d7b793b5df3-le64.cache-9
[3210] pool-xdg-deskto O /home/capstone/.cache/fontconfig//e13b20fdb08344e0e664864cc2ede53d-le64.cache-9
[3210] pool-xdg-deskto O /home/capstone/.fontconfig//e13b20fdb08344e0e664864cc2ede53d-le64.cache-9
[3210] pool-xdg-deskto O /home/capstone/.cache/fontconfig//707971e003b4ae6c8121c3a920e507f5-le64.cache-9
[3210] pool-xdg-deskto O /home/capstone/.fontconfig//707971e003b4ae6c8121c3a920e507f5-le64.cache-9
[3210] pool-xdg-deskto O /home/capstone/.cache/fontconfig//cabbd14511b9e8a55e92af97fb3a0461-le64.cache-9
[3210] pool-xdg-deskto O /home/capstone/.fontconfig//cabbd14511b9e8a55e92af97fb3a0461-le64.cache-9
[3210] pool-xdg-deskto O /home/capstone/.cache/fontconfig//fe547fea3a41b43a38975d292a2b19c7-le64.cache-9
[3210] pool-xdg-deskto O /home/capstone/.fontconfig//fe547fea3a41b43a38975d292a2b19c7-le64.cache-9
[3210] pool-xdg-deskto O /home/capstone/.cache/fontconfig//f1f2465696798768e9653f19e17ccdc8-le64.cache-9
[3210] pool-xdg-deskto O /home/capstone/.fontconfig//f1f2465696798768e9653f19e17ccdc8-le64.cache-9
[3210] pool-xdg-deskto O /home/capstone/.cache/fontconfig//95530828ff6c81d309f8258d8d02a23e-le64.cache-9
[3210] pool-xdg-deskto O /home/capstone/.fontconfig//95530828ff6c81d309f8258d8d02a23e-le64.cache-9
[3210] pool-xdg-deskto O /home/capstone/.cache/fontconfig//d3e5c4ee2ceb1fc347f91d4cefc53bc0-le64.cache-9
[3210] pool-xdg-deskto O /home/capstone/.fontconfig//d3e5c4ee2ceb1fc347f91d4cefc53bc0-le64.cache-9
[3210] pool-xdg-deskto O /home/capstone/.cache/fontconfig//e52a45a1c8c8fe895fc0fc8c4e6999b8-le64.cache-9
[3210] pool-xdg-deskto O /home/capstone/.fontconfig//e52a45a1c8c8fe895fc0fc8c4e6999b8-le64.cache-9
[3210] pool-xdg-deskto O /home/capstone/.cache/fontconfig//188ac73a183f12857f63bb60a4a6d603-le64.cache-9
[3210] pool-xdg-deskto O /home/capstone/.fontconfig//188ac73a183f12857f63bb60a4a6d603-le64.cache-9
[3210] pool-xdg-deskto O /home/capstone/.cache/fontconfig//9b89f8e3dae116d678bbf48e5f21f69b-le64.cache-9
[3210] pool-xdg-deskto O /home/capstone/.fontconfig//9b89f8e3dae116d678bbf48e5f21f69b-le64.cache-9
[3210] pool-xdg-deskto O /home/capstone/.cache/fontconfig//6cc790b63b123a6a96ee260fcdad32a9-le64.cache-9
[3210] pool-xdg-deskto O /home/capstone/.fontconfig//6cc790b63b123a6a96ee260fcdad32a9-le64.cache-9
[3210] pool-xdg-deskto O /home/capstone/.cache/fontconfig//d589a48862398ed80a3d6066f4f56f4c-le64.cache-9
[3210] pool-xdg-deskto O /home/capstone/.fontconfig//d589a48862398ed80a3d6066f4f56f4c-le64.cache-9
[3210] pool-xdg-deskto O /home/capstone/.cache/fontconfig//3f7329c5293ffd510edef78f73874cfd-le64.cache-9
[3210] pool-xdg-deskto O /home/capstone/.fontconfig//3f7329c5293ffd510edef78f73874cfd-le64.cache-9
[3210] pool-xdg-deskto O /home/capstone/.cache/fontconfig//3047814df9a2f067bd2d96a2b9c36e5a-le64.cache-9
[3210] pool-xdg-deskto O /home/capstone/.fontconfig//3047814df9a2f067bd2d96a2b9c36e5a-le64.cache-9
[3210] pool-xdg-deskto O /home/capstone/.cache/fontconfig//0bd3dc0958fa2205aaaa8ebb13e2872b-le64.cache-9
[3210] pool-xdg-deskto O /home/capstone/.fontconfig//0bd3dc0958fa2205aaaa8ebb13e2872b-le64.cache-9
[3210] pool-xdg-deskto O /home/capstone/.cache/fontconfig//2300eef321c393bfd76478a5c0e95b23-le64.cache-9
[3210] pool-xdg-deskto O /home/capstone/.fontconfig//2300eef321c393bfd76478a5c0e95b23-le64.cache-9
[3140] pool-gsd-xsetti O /home/capstone/.cache/fontconfig//4c599c202bc5c08e2d34565a40eac3b2-le64.cache-9
[3140] pool-gsd-xsetti O /home/capstone/.fontconfig//4c599c202bc5c08e2d34565a40eac3b2-le64.cache-9
[3140] pool-gsd-xsetti O /home/capstone/.cache/fontconfig//3830d5c3ddfd5cd38a049b759396e72e-le64.cache-9
[3140] pool-gsd-xsetti O /home/capstone/.fontconfig//3830d5c3ddfd5cd38a049b759396e72e-le64.cache-9
[3140] pool-gsd-xsetti O /home/capstone/.cache/fontconfig//c855463f699352c367813e37f3f70ea7-le64.cache-9
[3140] pool-gsd-xsetti O /home/capstone/.fontconfig//c855463f699352c367813e37f3f70ea7-le64.cache-9
[3140] pool-gsd-xsetti O /home/capstone/.cache/fontconfig//32b6488e5b8292a2e95c79d947e009e8-le64.cache-9
[3140] pool-gsd-xsetti O /home/capstone/.fontconfig//32b6488e5b8292a2e95c79d947e009e8-le64.cache-9
[3140] pool-gsd-xsetti O /home/capstone/.cache/fontconfig//57e423e26b20ab21d0f2f29c145174c3-le64.cache-9
[3140] pool-gsd-xsetti O /home/capstone/.fontconfig//57e423e26b20ab21d0f2f29c145174c3-le64.cache-9
[3140] pool-gsd-xsetti O /home/capstone/.cache/fontconfig//573ec803664ed168555e0e8b6d0f0c7f-le64.cache-9
[3140] pool-gsd-xsetti O /home/capstone/.fontconfig//573ec803664ed168555e0e8b6d0f0c7f-le64.cache-9
[3140] pool-gsd-xsetti O /home/capstone/.cache/fontconfig//7ef2298fde41cc6eeb7af42e48b7d293-le64.cache-9
[3140] pool-gsd-xsetti O /home/capstone/.fontconfig//7ef2298fde41cc6eeb7af42e48b7d293-le64.cache-9
[3140] pool-gsd-xsetti O /home/capstone/.cache/fontconfig//d82eb4fd963d448e2fcb7d7b793b5df3-le64.cache-9
[3140] pool-gsd-xsetti O /home/capstone/.fontconfig//d82eb4fd963d448e2fcb7d7b793b5df3-le64.cache-9
[3140] pool-gsd-xsetti O /home/capstone/.cache/fontconfig//e13b20fdb08344e0e664864cc2ede53d-le64.cache-9
[3140] pool-gsd-xsetti O /home/capstone/.fontconfig//e13b20fdb08344e0e664864cc2ede53d-le64.cache-9
[3140] pool-gsd-xsetti O /home/capstone/.cache/fontconfig//707971e003b4ae6c8121c3a920e507f5-le64.cache-9
[3140] pool-gsd-xsetti O /home/capstone/.fontconfig//707971e003b4ae6c8121c3a920e507f5-le64.cache-9
[3140] pool-gsd-xsetti O /home/capstone/.cache/fontconfig//cabbd14511b9e8a55e92af97fb3a0461-le64.cache-9
[3140] pool-gsd-xsetti O /home/capstone/.fontconfig//cabbd14511b9e8a55e92af97fb3a0461-le64.cache-9
[3140] pool-gsd-xsetti O /home/capstone/.cache/fontconfig//fe547fea3a41b43a38975d292a2b19c7-le64.cache-9
[3140] pool-gsd-xsetti O /home/capstone/.fontconfig//fe547fea3a41b43a38975d292a2b19c7-le64.cache-9
[3140] pool-gsd-xsetti O /home/capstone/.cache/fontconfig//f1f2465696798768e9653f19e17ccdc8-le64.cache-9
[3140] pool-gsd-xsetti O /home/capstone/.fontconfig//f1f2465696798768e9653f19e17ccdc8-le64.cache-9
[3140] pool-gsd-xsetti O /home/capstone/.cache/fontconfig//95530828ff6c81d309f8258d8d02a23e-le64.cache-9
[3140] pool-gsd-xsetti O /home/capstone/.fontconfig//95530828ff6c81d309f8258d8d02a23e-le64.cache-9
[3140] pool-gsd-xsetti O /home/capstone/.cache/fontconfig//d3e5c4ee2ceb1fc347f91d4cefc53bc0-le64.cache-9
[3140] pool-gsd-xsetti O /home/capstone/.fontconfig//d3e5c4ee2ceb1fc347f91d4cefc53bc0-le64.cache-9
[3140] pool-gsd-xsetti O /home/capstone/.cache/fontconfig//e52a45a1c8c8fe895fc0fc8c4e6999b8-le64.cache-9
[3140] pool-gsd-xsetti O /home/capstone/.fontconfig//e52a45a1c8c8fe895fc0fc8c4e6999b8-le64.cache-9
[3140] pool-gsd-xsetti O /home/capstone/.cache/fontconfig//188ac73a183f12857f63bb60a4a6d603-le64.cache-9
[3140] pool-gsd-xsetti O /home/capstone/.fontconfig//188ac73a183f12857f63bb60a4a6d603-le64.cache-9
[3140] pool-gsd-xsetti O /home/capstone/.cache/fontconfig//9b89f8e3dae116d678bbf48e5f21f69b-le64.cache-9
[3140] pool-gsd-xsetti O /home/capstone/.fontconfig//9b89f8e3dae116d678bbf48e5f21f69b-le64.cache-9
[3032] pool-xdg-deskto O /home/capstone/.cache/fontconfig//4c599c202bc5c08e2d34565a40eac3b2-le64.cache-9
[3032] pool-xdg-deskto O /home/capstone/.fontconfig//4c599c202bc5c08e2d34565a40eac3b2-le64.cache-9
[3032] pool-xdg-deskto O /home/capstone/.cache/fontconfig//3830d5c3ddfd5cd38a049b759396e72e-le64.cache-9
[3032] pool-xdg-deskto O /home/capstone/.fontconfig//3830d5c3ddfd5cd38a049b759396e72e-le64.cache-9
[3032] pool-xdg-deskto O /home/capstone/.cache/fontconfig//c855463f699352c367813e37f3f70ea7-le64.cache-9
[3032] pool-xdg-deskto O /home/capstone/.fontconfig//c855463f699352c367813e37f3f70ea7-le64.cache-9
[3032] pool-xdg-deskto O /home/capstone/.cache/fontconfig//32b6488e5b8292a2e95c79d947e009e8-le64.cache-9
[3032] pool-xdg-deskto O /home/capstone/.fontconfig//32b6488e5b8292a2e95c79d947e009e8-le64.cache-9
[3032] pool-xdg-deskto O /home/capstone/.cache/fontconfig//57e423e26b20ab21d0f2f29c145174c3-le64.cache-9
[3032] pool-xdg-deskto O /home/capstone/.fontconfig//57e423e26b20ab21d0f2f29c145174c3-le64.cache-9
[3032] pool-xdg-deskto O /home/capstone/.cache/fontconfig//573ec803664ed168555e0e8b6d0f0c7f-le64.cache-9
[3032] pool-xdg-deskto O /home/capstone/.fontconfig//573ec803664ed168555e0e8b6d0f0c7f-le64.cache-9
[3032] pool-xdg-deskto O /home/capstone/.cache/fontconfig//7ef2298fde41cc6eeb7af42e48b7d293-le64.cache-9
[3032] pool-xdg-deskto O /home/capstone/.fontconfig//7ef2298fde41cc6eeb7af42e48b7d293-le64.cache-9
[3032] pool-xdg-deskto O /home/capstone/.cache/fontconfig//d82eb4fd963d448e2fcb7d7b793b5df3-le64.cache-9
[3032] pool-xdg-deskto O /home/capstone/.fontconfig//d82eb4fd963d448e2fcb7d7b793b5df3-le64.cache-9
[3032] pool-xdg-deskto O /home/capstone/.cache/fontconfig//e13b20fdb08344e0e664864cc2ede53d-le64.cache-9
[3032] pool-xdg-deskto O /home/capstone/.fontconfig//e13b20fdb08344e0e664864cc2ede53d-le64.cache-9
[3032] pool-xdg-deskto O /home/capstone/.cache/fontconfig//707971e003b4ae6c8121c3a920e507f5-le64.cache-9
[3032] pool-xdg-deskto O /home/capstone/.fontconfig//707971e003b4ae6c8121c3a920e507f5-le64.cache-9
[3032] pool-xdg-deskto O /home/capstone/.cache/fontconfig//cabbd14511b9e8a55e92af97fb3a0461-le64.cache-9
[3032] pool-xdg-deskto O /home/capstone/.fontconfig//cabbd14511b9e8a55e92af97fb3a0461-le64.cache-9
[3032] pool-xdg-deskto O /home/capstone/.cache/fontconfig//fe547fea3a41b43a38975d292a2b19c7-le64.cache-9
[3032] pool-xdg-deskto O /home/capstone/.fontconfig//fe547fea3a41b43a38975d292a2b19c7-le64.cache-9
[3032] pool-xdg-deskto O /home/capstone/.cache/fontconfig//f1f2465696798768e9653f19e17ccdc8-le64.cache-9
[3032] pool-xdg-deskto O /home/capstone/.fontconfig//f1f2465696798768e9653f19e17ccdc8-le64.cache-9
[3032] pool-xdg-deskto O /home/capstone/.cache/fontconfig//95530828ff6c81d309f8258d8d02a23e-le64.cache-9
[3032] pool-xdg-deskto O /home/capstone/.fontconfig//95530828ff6c81d309f8258d8d02a23e-le64.cache-9
[2674] vmtoolsd O /home/capstone/.cache/fontconfig//4c599c202bc5c08e2d34565a40eac3b2-le64.cache-9
[2674] vmtoolsd O /home/capstone/.fontconfig//4c599c202bc5c08e2d34565a40eac3b2-le64.cache-9
[2674] vmtoolsd O /home/capstone/.cache/fontconfig//3830d5c3ddfd5cd38a049b759396e72e-le64.cache-9
[2674] vmtoolsd O /home/capstone/.fontconfig//3830d5c3ddfd5cd38a049b759396e72e-le64.cache-9
[2674] vmtoolsd O /home/capstone/.cache/fontconfig//c855463f699352c367813e37f3f70ea7-le64.cache-9
[2674] vmtoolsd O /home/capstone/.fontconfig//c855463f699352c367813e37f3f70ea7-le64.cache-9
[2674] vmtoolsd O /home/capstone/.cache/fontconfig//32b6488e5b8292a2e95c79d947e009e8-le64.cache-9
[2674] vmtoolsd O /home/capstone/.fontconfig//32b6488e5b8292a2e95c79d947e009e8-le64.cache-9
[2674] vmtoolsd O /home/capstone/.cache/fontconfig//57e423e26b20ab21d0f2f29c145174c3-le64.cache-9
[2674] vmtoolsd O /home/capstone/.fontconfig//57e423e26b20ab21d0f2f29c145174c3-le64.cache-9
[10474] e9cc7fdfa3cf40f D iFire.pid
[10474] e9cc7fdfa3cf40f D ./e9cc7fdfa3cf40ff9c3db0248a79f4817b170f2660aa2b2ed6c551eae1c38e0b.elf
[3032] xdg-desktop-por O /home/capstone/.config/ubuntu-mimeapps.list
[3032] xdg-desktop-por O /home/capstone/.config/gnome-mimeapps.list
[3032] xdg-desktop-por O /home/capstone/.config/mimeapps.list
[3032] xdg-desktop-por O /home/capstone/.local/share/applications
[3032] xdg-desktop-por O /home/capstone/.local/share/applications/ubuntu-mimeapps.list
[3032] xdg-desktop-por O /home/capstone/.local/share/applications/gnome-mimeapps.list
[3032] xdg-desktop-por O /home/capstone/.local/share/applications/mimeapps.list
[3032] xdg-desktop-por O /home/capstone/.local/share/applications/defaults.list
[3032] xdg-desktop-por O /home/capstone/.local/share/applications/mimeinfo.cache
[3335] update-notifier O /home/capstone/.pulse/client.conf
[3335] update-notifier O /home/capstone/.config/pulse/client.conf
[3335] threaded-ml O /home/capstone/.config/pulse/cookie
[3335] update-notifier C /home/capstone/.cache/event-sound-cache.tdb.2bff01648ca94555b49cfb48f8161912.x86_64-pc-linux-gnu
[3335] update-notifier O /home/capstone/.local/share/sounds/Yaru/index.theme
[3335] update-notifier O /home/capstone/.local/share/sounds/freedesktop/index.theme
[3335] update-notifier O /home/capstone/.local/share/sounds/Yaru/stereo/en_US.UTF-8/window-new.oga
[3335] update-notifier O /home/capstone/.local/share/sounds/Yaru/stereo/en_US.UTF-8/window-new.ogg
[3335] update-notifier O /home/capstone/.local/share/sounds/Yaru/stereo/en_US.UTF-8/window-new.wav
[3335] update-notifier O /home/capstone/.local/share/sounds/Yaru/stereo/en/window-new.oga
[3335] update-notifier O /home/capstone/.local/share/sounds/Yaru/stereo/en/window-new.ogg
[3335] update-notifier O /home/capstone/.local/share/sounds/Yaru/stereo/en/window-new.wav
[3335] update-notifier O /home/capstone/.local/share/sounds/Yaru/stereo/C/window-new.oga
[3335] update-notifier O /home/capstone/.local/share/sounds/Yaru/stereo/C/window-new.ogg
[3335] update-notifier O /home/capstone/.local/share/sounds/Yaru/stereo/C/window-new.wav
[3335] update-notifier O /home/capstone/.local/share/sounds/Yaru/stereo/window-new.oga
[3335] update-notifier O /home/capstone/.local/share/sounds/Yaru/stereo/window-new.ogg
[3335] update-notifier O /home/capstone/.local/share/sounds/Yaru/stereo/window-new.wav
[3335] update-notifier O /home/capstone/.local/share/sounds/Yaru/stereo/en_US.UTF-8/window.oga
[3335] update-notifier O /home/capstone/.local/share/sounds/Yaru/stereo/en_US.UTF-8/window.ogg
[3335] update-notifier O /home/capstone/.local/share/sounds/Yaru/stereo/en_US.UTF-8/window.wav
[3335] update-notifier O /home/capstone/.local/share/sounds/Yaru/stereo/en/window.oga
[3335] update-notifier O /home/capstone/.local/share/sounds/Yaru/stereo/en/window.ogg
[3335] update-notifier O /home/capstone/.local/share/sounds/Yaru/stereo/en/window.wav
[3335] update-notifier O /home/capstone/.local/share/sounds/Yaru/stereo/C/window.oga
[3335] update-notifier O /home/capstone/.local/share/sounds/Yaru/stereo/C/window.ogg
[3335] update-notifier O /home/capstone/.local/share/sounds/Yaru/stereo/C/window.wav
[3335] update-notifier O /home/capstone/.local/share/sounds/Yaru/stereo/window.oga
[3335] update-notifier O /home/capstone/.local/share/sounds/Yaru/stereo/window.ogg
[3335] update-notifier O /home/capstone/.local/share/sounds/Yaru/stereo/window.wav
[3335] update-notifier O /home/capstone/.local/share/sounds/freedesktop/stereo/en_US.UTF-8/window-new.oga
[3335] update-notifier O /home/capstone/.local/share/sounds/freedesktop/stereo/en_US.UTF-8/window-new.ogg
[3335] update-notifier O /home/capstone/.local/share/sounds/freedesktop/stereo/en_US.UTF-8/window-new.wav
[3335] update-notifier O /home/capstone/.local/share/sounds/freedesktop/stereo/en/window-new.oga
[3335] update-notifier O /home/capstone/.local/share/sounds/freedesktop/stereo/en/window-new.ogg
[3335] update-notifier O /home/capstone/.local/share/sounds/freedesktop/stereo/en/window-new.wav
[3335] update-notifier O /home/capstone/.local/share/sounds/freedesktop/stereo/C/window-new.oga
[3335] update-notifier O /home/capstone/.local/share/sounds/freedesktop/stereo/C/window-new.ogg
[3335] update-notifier O /home/capstone/.local/share/sounds/freedesktop/stereo/C/window-new.wav
[3335] update-notifier O /home/capstone/.local/share/sounds/freedesktop/stereo/window-new.oga
[3335] update-notifier O /home/capstone/.local/share/sounds/freedesktop/stereo/window-new.ogg
[3335] update-notifier O /home/capstone/.local/share/sounds/freedesktop/stereo/window-new.wav
[3335] update-notifier O /home/capstone/.local/share/sounds/freedesktop/stereo/en_US.UTF-8/window.oga
[3335] update-notifier O /home/capstone/.local/share/sounds/freedesktop/stereo/en_US.UTF-8/window.ogg
[3335] update-notifier O /home/capstone/.local/share/sounds/freedesktop/stereo/en_US.UTF-8/window.wav
[3335] update-notifier O /home/capstone/.local/share/sounds/freedesktop/stereo/en/window.oga
[3335] update-notifier O /home/capstone/.local/share/sounds/freedesktop/stereo/en/window.ogg
[3335] update-notifier O /home/capstone/.local/share/sounds/freedesktop/stereo/en/window.wav
[3335] update-notifier O /home/capstone/.local/share/sounds/freedesktop/stereo/C/window.oga
[3335] update-notifier O /home/capstone/.local/share/sounds/freedesktop/stereo/C/window.ogg
[3335] update-notifier O /home/capstone/.local/share/sounds/freedesktop/stereo/C/window.wav
[3335] update-notifier O /home/capstone/.local/share/sounds/freedesktop/stereo/window.oga
[3335] update-notifier O /home/capstone/.local/share/sounds/freedesktop/stereo/window.ogg
[3335] update-notifier O /home/capstone/.local/share/sounds/freedesktop/stereo/window.wav
[3335] update-notifier O /home/capstone/.local/share/sounds/Yaru/en_US.UTF-8/window-new.oga
[3335] update-notifier O /home/capstone/.local/share/sounds/Yaru/en_US.UTF-8/window-new.ogg
[3335] update-notifier O /home/capstone/.local/share/sounds/Yaru/en_US.UTF-8/window-new.wav
[3335] update-notifier O /home/capstone/.local/share/sounds/Yaru/en/window-new.oga
[3335] update-notifier O /home/capstone/.local/share/sounds/Yaru/en/window-new.ogg
[3335] update-notifier O /home/capstone/.local/share/sounds/Yaru/en/window-new.wav
[3335] update-notifier O /home/capstone/.local/share/sounds/Yaru/C/window-new.oga
[3335] update-notifier O /home/capstone/.local/share/sounds/Yaru/C/window-new.ogg
[3335] update-notifier O /home/capstone/.local/share/sounds/Yaru/C/window-new.wav
[3335] update-notifier O /home/capstone/.local/share/sounds/Yaru/window-new.oga
[3335] update-notifier O /home/capstone/.local/share/sounds/Yaru/window-new.ogg
[3335] update-notifier O /home/capstone/.local/share/sounds/Yaru/window-new.wav
[3335] update-notifier O /home/capstone/.local/share/sounds/Yaru/en_US.UTF-8/window.oga
[3335] update-notifier O /home/capstone/.local/share/sounds/Yaru/en_US.UTF-8/window.ogg
[3335] update-notifier O /home/capstone/.local/share/sounds/Yaru/en_US.UTF-8/window.wav
[3335] update-notifier O /home/capstone/.local/share/sounds/Yaru/en/window.oga
[3335] update-notifier O /home/capstone/.local/share/sounds/Yaru/en/window.ogg
[3335] update-notifier O /home/capstone/.local/share/sounds/Yaru/en/window.wav
[3335] update-notifier O /home/capstone/.local/share/sounds/Yaru/C/window.oga
[3335] update-notifier O /home/capstone/.local/share/sounds/Yaru/C/window.ogg
[3335] update-notifier O /home/capstone/.local/share/sounds/Yaru/C/window.wav
[3335] update-notifier O /home/capstone/.local/share/sounds/Yaru/window.oga
[3335] update-notifier O /home/capstone/.local/share/sounds/Yaru/window.ogg
[3335] update-notifier O /home/capstone/.local/share/sounds/Yaru/window.wav
[3335] update-notifier O /home/capstone/.local/share/sounds/en_US.UTF-8/window-new.oga
[3335] update-notifier O /home/capstone/.local/share/sounds/en_US.UTF-8/window-new.ogg
[3335] update-notifier O /home/capstone/.local/share/sounds/en_US.UTF-8/window-new.wav
[3335] update-notifier O /home/capstone/.local/share/sounds/en/window-new.oga
[3335] update-notifier O /home/capstone/.local/share/sounds/en/window-new.ogg
[3335] update-notifier O /home/capstone/.local/share/sounds/en/window-new.wav
[3335] update-notifier O /home/capstone/.local/share/sounds/C/window-new.oga
[3335] update-notifier O /home/capstone/.local/share/sounds/C/window-new.ogg
[3335] update-notifier O /home/capstone/.local/share/sounds/C/window-new.wav
[3335] update-notifier O /home/capstone/.local/share/sounds/window-new.oga
[3335] update-notifier O /home/capstone/.local/share/sounds/window-new.ogg
[3335] update-notifier O /home/capstone/.local/share/sounds/window-new.wav
[3335] update-notifier O /home/capstone/.local/share/sounds/en_US.UTF-8/window.oga
[3335] update-notifier O /home/capstone/.local/share/sounds/en_US.UTF-8/window.ogg
[3335] update-notifier O /home/capstone/.local/share/sounds/en_US.UTF-8/window.wav
[3335] update-notifier O /home/capstone/.local/share/sounds/en/window.oga
[3335] update-notifier O /home/capstone/.local/share/sounds/en/window.ogg
[3335] update-notifier O /home/capstone/.local/share/sounds/en/window.wav
[3335] update-notifier O /home/capstone/.local/share/sounds/C/window.oga
[3335] update-notifier O /home/capstone/.local/share/sounds/C/window.ogg
[3335] update-notifier O /home/capstone/.local/share/sounds/C/window.wav
[3335] update-notifier O /home/capstone/.local/share/sounds/window.oga
[3335] update-notifier O /home/capstone/.local/share/sounds/window.ogg
[3335] update-notifier O /home/capstone/.local/share/sounds/window.wav
[2455] pool-gnome-shel O /home/capstone/.local/share/desktop-directories
[3335] update-notifier O /home/capstone/.local/share/sounds/Yaru/stereo/en_US.UTF-8/button-pressed.oga
[3335] update-notifier O /home/capstone/.local/share/sounds/Yaru/stereo/en_US.UTF-8/button-pressed.ogg
[3335] update-notifier O /home/capstone/.local/share/sounds/Yaru/stereo/en_US.UTF-8/button-pressed.wav
[3335] update-notifier O /home/capstone/.local/share/sounds/Yaru/stereo/en/button-pressed.oga
[3335] update-notifier O /home/capstone/.local/share/sounds/Yaru/stereo/en/button-pressed.ogg
[3335] update-notifier O /home/capstone/.local/share/sounds/Yaru/stereo/en/button-pressed.wav
[3335] update-notifier O /home/capstone/.local/share/sounds/Yaru/stereo/C/button-pressed.oga
[3335] update-notifier O /home/capstone/.local/share/sounds/Yaru/stereo/C/button-pressed.ogg
[3335] update-notifier O /home/capstone/.local/share/sounds/Yaru/stereo/C/button-pressed.wav
[3335] update-notifier O /home/capstone/.local/share/sounds/Yaru/stereo/button-pressed.oga
[3335] update-notifier O /home/capstone/.local/share/sounds/Yaru/stereo/button-pressed.ogg
[3335] update-notifier O /home/capstone/.local/share/sounds/Yaru/stereo/button-pressed.wav
[3335] update-notifier O /home/capstone/.local/share/sounds/Yaru/stereo/en_US.UTF-8/button.oga
[3335] update-notifier O /home/capstone/.local/share/sounds/Yaru/stereo/en_US.UTF-8/button.ogg
[3335] update-notifier O /home/capstone/.local/share/sounds/Yaru/stereo/en_US.UTF-8/button.wav
[3335] update-notifier O /home/capstone/.local/share/sounds/Yaru/stereo/en/button.oga
[3335] update-notifier O /home/capstone/.local/share/sounds/Yaru/stereo/en/button.ogg
[3335] update-notifier O /home/capstone/.local/share/sounds/Yaru/stereo/en/button.wav
[3335] update-notifier O /home/capstone/.local/share/sounds/Yaru/stereo/C/button.oga
[3335] update-notifier O /home/capstone/.local/share/sounds/Yaru/stereo/C/button.ogg
[3335] update-notifier O /home/capstone/.local/share/sounds/Yaru/stereo/C/button.wav
[3335] update-notifier O /home/capstone/.local/share/sounds/Yaru/stereo/button.oga
[3335] update-notifier O /home/capstone/.local/share/sounds/Yaru/stereo/button.ogg
[3335] update-notifier O /home/capstone/.local/share/sounds/Yaru/stereo/button.wav
[3335] update-notifier O /home/capstone/.local/share/sounds/freedesktop/stereo/en_US.UTF-8/button-pressed.oga
[3335] update-notifier O /home/capstone/.local/share/sounds/freedesktop/stereo/en_US.UTF-8/button-pressed.ogg
[3335] update-notifier O /home/capstone/.local/share/sounds/freedesktop/stereo/en_US.UTF-8/button-pressed.wav
[3335] update-notifier O /home/capstone/.local/share/sounds/freedesktop/stereo/en/button-pressed.oga
[3335] update-notifier O /home/capstone/.local/share/sounds/freedesktop/stereo/en/button-pressed.ogg
[3335] update-notifier O /home/capstone/.local/share/sounds/freedesktop/stereo/en/button-pressed.wav
[3335] update-notifier O /home/capstone/.local/share/sounds/freedesktop/stereo/C/button-pressed.oga
[3335] update-notifier O /home/capstone/.local/share/sounds/freedesktop/stereo/C/button-pressed.ogg
[3335] update-notifier O /home/capstone/.local/share/sounds/freedesktop/stereo/C/button-pressed.wav
[3335] update-notifier O /home/capstone/.local/share/sounds/freedesktop/stereo/button-pressed.oga
[3335] update-notifier O /home/capstone/.local/share/sounds/freedesktop/stereo/button-pressed.ogg
[3335] update-notifier O /home/capstone/.local/share/sounds/freedesktop/stereo/button-pressed.wav
[3335] update-notifier O /home/capstone/.local/share/sounds/freedesktop/stereo/en_US.UTF-8/button.oga
[3335] update-notifier O /home/capstone/.local/share/sounds/freedesktop/stereo/en_US.UTF-8/button.ogg
[3335] update-notifier O /home/capstone/.local/share/sounds/freedesktop/stereo/en_US.UTF-8/button.wav
[3335] update-notifier O /home/capstone/.local/share/sounds/freedesktop/stereo/en/button.oga
[3335] update-notifier O /home/capstone/.local/share/sounds/freedesktop/stereo/en/button.ogg
[3335] update-notifier O /home/capstone/.local/share/sounds/freedesktop/stereo/en/button.wav
[3335] update-notifier O /home/capstone/.local/share/sounds/freedesktop/stereo/C/button.oga
[3335] update-notifier O /home/capstone/.local/share/sounds/freedesktop/stereo/C/button.ogg
[3335] update-notifier O /home/capstone/.local/share/sounds/freedesktop/stereo/C/button.wav
[3335] update-notifier O /home/capstone/.local/share/sounds/freedesktop/stereo/button.oga
[3335] update-notifier O /home/capstone/.local/share/sounds/freedesktop/stereo/button.ogg
[3335] update-notifier O /home/capstone/.local/share/sounds/freedesktop/stereo/button.wav
[3335] update-notifier O /home/capstone/.local/share/sounds/Yaru/en_US.UTF-8/button-pressed.oga
[3335] update-notifier O /home/capstone/.local/share/sounds/Yaru/en_US.UTF-8/button-pressed.ogg
[3335] update-notifier O /home/capstone/.local/share/sounds/Yaru/en_US.UTF-8/button-pressed.wav
[3335] update-notifier O /home/capstone/.local/share/sounds/Yaru/en/button-pressed.oga
[3335] update-notifier O /home/capstone/.local/share/sounds/Yaru/en/button-pressed.ogg
[3335] update-notifier O /home/capstone/.local/share/sounds/Yaru/en/button-pressed.wav
[3335] update-notifier O /home/capstone/.local/share/sounds/Yaru/C/button-pressed.oga
[3335] update-notifier O /home/capstone/.local/share/sounds/Yaru/C/button-pressed.ogg
[3335] update-notifier O /home/capstone/.local/share/sounds/Yaru/C/button-pressed.wav
[3335] update-notifier O /home/capstone/.local/share/sounds/Yaru/button-pressed.oga
[3335] update-notifier O /home/capstone/.local/share/sounds/Yaru/button-pressed.ogg
[3335] update-notifier O /home/capstone/.local/share/sounds/Yaru/button-pressed.wav
[3335] update-notifier O /home/capstone/.local/share/sounds/Yaru/en_US.UTF-8/button.oga
[3335] update-notifier O /home/capstone/.local/share/sounds/Yaru/en_US.UTF-8/button.ogg
[3335] update-notifier O /home/capstone/.local/share/sounds/Yaru/en_US.UTF-8/button.wav
[3335] update-notifier O /home/capstone/.local/share/sounds/Yaru/en/button.oga
[3335] update-notifier O /home/capstone/.local/share/sounds/Yaru/en/button.ogg
[3335] update-notifier O /home/capstone/.local/share/sounds/Yaru/en/button.wav
[3335] update-notifier O /home/capstone/.local/share/sounds/Yaru/C/button.oga
[3335] update-notifier O /home/capstone/.local/share/sounds/Yaru/C/button.ogg
[3335] update-notifier O /home/capstone/.local/share/sounds/Yaru/C/button.wav
[3335] update-notifier O /home/capstone/.local/share/sounds/Yaru/button.oga
[3335] update-notifier O /home/capstone/.local/share/sounds/Yaru/button.ogg
[3335] update-notifier O /home/capstone/.local/share/sounds/Yaru/button.wav
[3335] update-notifier O /home/capstone/.local/share/sounds/en_US.UTF-8/button-pressed.oga
[3335] update-notifier O /home/capstone/.local/share/sounds/en_US.UTF-8/button-pressed.ogg
[3335] update-notifier O /home/capstone/.local/share/sounds/en_US.UTF-8/button-pressed.wav
[3335] update-notifier O /home/capstone/.local/share/sounds/en/button-pressed.oga
[3335] update-notifier O /home/capstone/.local/share/sounds/en/button-pressed.ogg
[3335] update-notifier O /home/capstone/.local/share/sounds/en/button-pressed.wav
[3335] update-notifier O /home/capstone/.local/share/sounds/C/button-pressed.oga
[3335] update-notifier O /home/capstone/.local/share/sounds/C/button-pressed.ogg
[3335] update-notifier O /home/capstone/.local/share/sounds/C/button-pressed.wav
[3335] update-notifier O /home/capstone/.local/share/sounds/button-pressed.oga
[3335] update-notifier O /home/capstone/.local/share/sounds/button-pressed.ogg
[3335] update-notifier O /home/capstone/.local/share/sounds/button-pressed.wav
[3335] update-notifier O /home/capstone/.local/share/sounds/en_US.UTF-8/button.oga
[3335] update-notifier O /home/capstone/.local/share/sounds/en_US.UTF-8/button.ogg
[3335] update-notifier O /home/capstone/.local/share/sounds/en_US.UTF-8/button.wav
[3335] update-notifier O /home/capstone/.local/share/sounds/en/button.oga
[3335] update-notifier O /home/capstone/.local/share/sounds/en/button.ogg
[3335] update-notifier O /home/capstone/.local/share/sounds/en/button.wav
[3335] update-notifier O /home/capstone/.local/share/sounds/C/button.oga
[3335] update-notifier O /home/capstone/.local/share/sounds/C/button.ogg
[3335] update-notifier O /home/capstone/.local/share/sounds/C/button.wav
[3335] update-notifier O /home/capstone/.local/share/sounds/button.oga
[3335] update-notifier O /home/capstone/.local/share/sounds/button.ogg
[3335] update-notifier O /home/capstone/.local/share/sounds/button.wav
[3335] update-notifier C /home/capstone/.config/update-notifier/hooks_seen
