[5019] sshd O /home/capstone/.ssh/authorized_keys
[5019] sshd O /home/capstone/.ssh/authorized_keys
[5066] bash O /home/capstone/.bashrc
[5067] rm D /tmp/malware_fail.log
[5066] bash O /home/capstone/project/run_malware_infected.sh
[5068] sudo C /home/capstone/.sudo_as_admin_successful
[5070] sudo C /home/capstone/.sudo_as_admin_successful
[5072] sudo C /home/capstone/.sudo_as_admin_successful
[5073] 556e5cb5e4e7767 O /home/capstone/project/test_files
[5073] 556e5cb5e4e7767 O /home/capstone/project/test_files/000440.html
[5073] 556e5cb5e4e7767 O /home/capstone/project/test_files/000615.html
[5073] 556e5cb5e4e7767 O /home/capstone/project/test_files/000615.html.tmp_
[5073] 556e5cb5e4e7767 O /home/capstone/project/test_files/000533.doc
[5073] 556e5cb5e4e7767 O /home/capstone/project/test_files/000533.doc.tmp_
[5073] 556e5cb5e4e7767 O /home/capstone/project/test_files/000418.html
[5073] 556e5cb5e4e7767 O /home/capstone/project/test_files/000418.html.tmp_
[5073] 556e5cb5e4e7767 O /home/capstone/project/test_files/000509.jpg
[5073] 556e5cb5e4e7767 O /home/capstone/project/test_files/000509.jpg.tmp_
[5073] 556e5cb5e4e7767 O /home/capstone/project/test_files/000231.jpg
[5073] 556e5cb5e4e7767 O /home/capstone/project/test_files/000231.jpg.tmp_
[5073] 556e5cb5e4e7767 O /home/capstone/project/test_files/000098.txt
[5073] 556e5cb5e4e7767 O /home/capstone/project/test_files/000098.txt.tmp_
[5073] 556e5cb5e4e7767 O /home/capstone/project/test_files/000986.ppt
[5073] 556e5cb5e4e7767 O /home/capstone/project/test_files/000986.ppt.tmp_
[5073] 556e5cb5e4e7767 O /home/capstone/project/test_files/000255.doc
[5073] 556e5cb5e4e7767 O /home/capstone/project/test_files/000517.gif
[5073] 556e5cb5e4e7767 O /home/capstone/project/test_files/000440.html.tmp_
[5073] 556e5cb5e4e7767 O /home/capstone/project/test_files/000163.pdf
[5073] 556e5cb5e4e7767 O /home/capstone/project/test_files/000163.pdf.tmp_
[5073] 556e5cb5e4e7767 O /home/capstone/project/test_files/000255.doc.tmp_
[5073] 556e5cb5e4e7767 O /home/capstone/project/test_files/000517.gif.tmp_
[5073] 556e5cb5e4e7767 O /home/capstone/project/test_files/000574.pdf
[5073] 556e5cb5e4e7767 O /home/capstone/project/test_files/000574.pdf.tmp_
[5073] 556e5cb5e4e7767 C /home/capstone/project/test_files/000509.jpg.README_TO_RESTORE
[5073] 556e5cb5e4e7767 O /home/capstone/project/test_files/000509.jpg.README_TO_RESTORE
[5073] 556e5cb5e4e7767 C /home/capstone/project/test_files/000517.gif.README_TO_RESTORE
[5073] 556e5cb5e4e7767 O /home/capstone/project/test_files/000517.gif.README_TO_RESTORE
[5073] 556e5cb5e4e7767 C /home/capstone/project/test_files/000615.html.README_TO_RESTORE
[5073] 556e5cb5e4e7767 O /home/capstone/project/test_files/000615.html.README_TO_RESTORE
[5073] 556e5cb5e4e7767 O /home/capstone/project/test_files/000716.ppt
[5073] 556e5cb5e4e7767 O /home/capstone/project/test_files/000716.ppt.tmp_
[5073] 556e5cb5e4e7767 C /home/capstone/project/test_files/000231.jpg.README_TO_RESTORE
[5073] 556e5cb5e4e7767 O /home/capstone/project/test_files/000231.jpg.README_TO_RESTORE
[5073] 556e5cb5e4e7767 O /home/capstone/project/test_files/000174.ppt
[5073] 556e5cb5e4e7767 O /home/capstone/project/test_files/000174.ppt.tmp_
[5073] 556e5cb5e4e7767 C /home/capstone/project/test_files/000255.doc.README_TO_RESTORE
[5073] 556e5cb5e4e7767 O /home/capstone/project/test_files/000255.doc.README_TO_RESTORE
[5073] 556e5cb5e4e7767 O /home/capstone/project/test_files/000355.pdf
[5073] 556e5cb5e4e7767 O /home/capstone/project/test_files/000355.pdf.tmp_
[5073] 556e5cb5e4e7767 C /home/capstone/project/test_files/000418.html.README_TO_RESTORE
[5073] 556e5cb5e4e7767 O /home/capstone/project/test_files/000418.html.README_TO_RESTORE
[5073] 556e5cb5e4e7767 O /home/capstone/project/test_files/000379.pdf
[5073] 556e5cb5e4e7767 O /home/capstone/project/test_files/000379.pdf.tmp_
[5073] 556e5cb5e4e7767 O /home/capstone/project/test_files/000084.txt
[5073] 556e5cb5e4e7767 O /home/capstone/project/test_files/000084.txt.tmp_
[5073] 556e5cb5e4e7767 C /home/capstone/project/test_files/000440.html.README_TO_RESTORE
[5073] 556e5cb5e4e7767 C /home/capstone/project/test_files/000355.pdf.README_TO_RESTORE
[5073] 556e5cb5e4e7767 C /home/capstone/project/test_files/000986.ppt.README_TO_RESTORE
[5073] 556e5cb5e4e7767 O /home/capstone/project/test_files/000440.html.README_TO_RESTORE
[5073] 556e5cb5e4e7767 C /home/capstone/project/test_files/000174.ppt.README_TO_RESTORE
[5073] 556e5cb5e4e7767 C /home/capstone/project/test_files/000163.pdf.README_TO_RESTORE
[5073] 556e5cb5e4e7767 O /home/capstone/project/test_files/000355.pdf.README_TO_RESTORE
[5073] 556e5cb5e4e7767 O /home/capstone/project/test_files/000986.ppt.README_TO_RESTORE
[5073] 556e5cb5e4e7767 O /home/capstone/project/test_files/000174.ppt.README_TO_RESTORE
[5073] 556e5cb5e4e7767 C /home/capstone/project/test_files/000533.doc.README_TO_RESTORE
[5073] 556e5cb5e4e7767 O /home/capstone/project/test_files/000533.doc.README_TO_RESTORE
[5073] 556e5cb5e4e7767 C /home/capstone/project/test_files/000716.ppt.README_TO_RESTORE
[5073] 556e5cb5e4e7767 O /home/capstone/project/test_files/000163.pdf.README_TO_RESTORE
[5073] 556e5cb5e4e7767 O /home/capstone/project/test_files/000716.ppt.README_TO_RESTORE
[5073] 556e5cb5e4e7767 C /home/capstone/project/test_files/000098.txt.README_TO_RESTORE
[5073] 556e5cb5e4e7767 O /home/capstone/project/test_files/000272.pdf
[5073] 556e5cb5e4e7767 O /home/capstone/project/test_files/000272.pdf.tmp_
[5073] 556e5cb5e4e7767 O /home/capstone/project/test_files/000638.html
[5073] 556e5cb5e4e7767 C /home/capstone/project/test_files/000574.pdf.README_TO_RESTORE
[5073] 556e5cb5e4e7767 O /home/capstone/project/test_files/000574.pdf.README_TO_RESTORE
[5073] 556e5cb5e4e7767 O /home/capstone/project/test_files/000098.txt.README_TO_RESTORE
[5073] 556e5cb5e4e7767 C /home/capstone/project/test_files/000084.txt.README_TO_RESTORE
[5073] 556e5cb5e4e7767 O /home/capstone/project/test_files/000084.txt.README_TO_RESTORE
[5073] 556e5cb5e4e7767 O /home/capstone/project/test_files/000638.html.tmp_
[5073] 556e5cb5e4e7767 O /home/capstone/project/test_files/000881.jpg
[5073] 556e5cb5e4e7767 O /home/capstone/project/test_files/000881.jpg.tmp_
[5073] 556e5cb5e4e7767 O /home/capstone/project/test_files/000786.gz
[5073] 556e5cb5e4e7767 O /home/capstone/project/test_files/000786.gz.tmp_
[5073] 556e5cb5e4e7767 O /home/capstone/project/test_files/000567.pdf
[5073] 556e5cb5e4e7767 O /home/capstone/project/test_files/000567.pdf.tmp_
[5073] 556e5cb5e4e7767 O /home/capstone/project/test_files/000802.doc
[5073] 556e5cb5e4e7767 O /home/capstone/project/test_files/000802.doc.tmp_
[5073] 556e5cb5e4e7767 O /home/capstone/project/test_files/000155.pdf
[5073] 556e5cb5e4e7767 O /home/capstone/project/test_files/000155.pdf.tmp_
[5073] 556e5cb5e4e7767 C /home/capstone/project/test_files/000638.html.README_TO_RESTORE
[5073] 556e5cb5e4e7767 O /home/capstone/project/test_files/000638.html.README_TO_RESTORE
[5073] 556e5cb5e4e7767 C /home/capstone/project/test_files/000379.pdf.README_TO_RESTORE
[5073] 556e5cb5e4e7767 O /home/capstone/project/test_files/000379.pdf.README_TO_RESTORE
[5073] 556e5cb5e4e7767 O /home/capstone/project/test_files/000939.txt
[5073] 556e5cb5e4e7767 O /home/capstone/project/test_files/000939.txt.tmp_
[5073] 556e5cb5e4e7767 O /home/capstone/project/test_files/000204.html
[5073] 556e5cb5e4e7767 O /home/capstone/project/test_files/000204.html.tmp_
[5073] 556e5cb5e4e7767 O /home/capstone/project/test_files/000588.pdf
[5073] 556e5cb5e4e7767 O /home/capstone/project/test_files/000588.pdf.tmp_
[5073] 556e5cb5e4e7767 C /home/capstone/project/test_files/000786.gz.README_TO_RESTORE
[5073] 556e5cb5e4e7767 O /home/capstone/project/test_files/000786.gz.README_TO_RESTORE
[5073] 556e5cb5e4e7767 C /home/capstone/project/test_files/000939.txt.README_TO_RESTORE
[5073] 556e5cb5e4e7767 C /home/capstone/project/test_files/000802.doc.README_TO_RESTORE
[5073] 556e5cb5e4e7767 O /home/capstone/project/test_files/000802.doc.README_TO_RESTORE
[5073] 556e5cb5e4e7767 O /home/capstone/project/test_files/000939.txt.README_TO_RESTORE
[5073] 556e5cb5e4e7767 O /home/capstone/project/test_files/000825.pdf
[5073] 556e5cb5e4e7767 O /home/capstone/project/test_files/000825.pdf.tmp_
[5073] 556e5cb5e4e7767 O /home/capstone/project/test_files/000189.pdf
[5073] 556e5cb5e4e7767 O /home/capstone/project/test_files/000189.pdf.tmp_
[5073] 556e5cb5e4e7767 O /home/capstone/project/test_files/000962.jpg
[5073] 556e5cb5e4e7767 O /home/capstone/project/test_files/000962.jpg.tmp_
[5073] 556e5cb5e4e7767 C /home/capstone/project/test_files/000881.jpg.README_TO_RESTORE
[5073] 556e5cb5e4e7767 O /home/capstone/project/test_files/000881.jpg.README_TO_RESTORE
[5073] 556e5cb5e4e7767 O /home/capstone/project/test_files/000156.doc
[5073] 556e5cb5e4e7767 O /home/capstone/project/test_files/000156.doc.tmp_
[5073] 556e5cb5e4e7767 C /home/capstone/project/test_files/000567.pdf.README_TO_RESTORE
[5073] 556e5cb5e4e7767 O /home/capstone/project/test_files/000567.pdf.README_TO_RESTORE
[5073] 556e5cb5e4e7767 O /home/capstone/project/test_files/000138.html
[5073] 556e5cb5e4e7767 O /home/capstone/project/test_files/000138.html.tmp_
[5073] 556e5cb5e4e7767 O /home/capstone/project/test_files/000729.ppt
[5073] 556e5cb5e4e7767 O /home/capstone/project/test_files/000729.ppt.tmp_
[5073] 556e5cb5e4e7767 C /home/capstone/project/test_files/000272.pdf.README_TO_RESTORE
[5073] 556e5cb5e4e7767 O /home/capstone/project/test_files/000272.pdf.README_TO_RESTORE
[5073] 556e5cb5e4e7767 C /home/capstone/project/test_files/000204.html.README_TO_RESTORE
[5073] 556e5cb5e4e7767 O /home/capstone/project/test_files/000204.html.README_TO_RESTORE
[5073] 556e5cb5e4e7767 O /home/capstone/project/test_files/000746.pdf
[5073] 556e5cb5e4e7767 O /home/capstone/project/test_files/000746.pdf.tmp_
[5073] 556e5cb5e4e7767 O /home/capstone/project/test_files/000437.jpg
[5073] 556e5cb5e4e7767 O /home/capstone/project/test_files/000437.jpg.tmp_
[5073] 556e5cb5e4e7767 C /home/capstone/project/test_files/000156.doc.README_TO_RESTORE
[5073] 556e5cb5e4e7767 O /home/capstone/project/test_files/000156.doc.README_TO_RESTORE
[5073] 556e5cb5e4e7767 O /home/capstone/project/test_files/000286.doc
[5073] 556e5cb5e4e7767 O /home/capstone/project/test_files/000286.doc.tmp_
[5073] 556e5cb5e4e7767 O /home/capstone/project/test_files/000180.html
[5073] 556e5cb5e4e7767 O /home/capstone/project/test_files/000180.html.tmp_
[5073] 556e5cb5e4e7767 C /home/capstone/project/test_files/000189.pdf.README_TO_RESTORE
[5073] 556e5cb5e4e7767 O /home/capstone/project/test_files/000189.pdf.README_TO_RESTORE
[5073] 556e5cb5e4e7767 O /home/capstone/project/test_files/000131.doc
[5073] 556e5cb5e4e7767 O /home/capstone/project/test_files/000131.doc.tmp_
[5073] 556e5cb5e4e7767 O /home/capstone/project/test_files/000556.txt
[5073] 556e5cb5e4e7767 O /home/capstone/project/test_files/000556.txt.tmp_
[5073] 556e5cb5e4e7767 C /home/capstone/project/test_files/000588.pdf.README_TO_RESTORE
[5073] 556e5cb5e4e7767 O /home/capstone/project/test_files/000588.pdf.README_TO_RESTORE
[5073] 556e5cb5e4e7767 C /home/capstone/project/test_files/000155.pdf.README_TO_RESTORE
[5073] 556e5cb5e4e7767 C /home/capstone/project/test_files/000962.jpg.README_TO_RESTORE
[5073] 556e5cb5e4e7767 O /home/capstone/project/test_files/000962.jpg.README_TO_RESTORE
[5073] 556e5cb5e4e7767 O /home/capstone/project/test_files/000372.pdf
[5073] 556e5cb5e4e7767 O /home/capstone/project/test_files/000372.pdf.tmp_
[5073] 556e5cb5e4e7767 O /home/capstone/project/test_files/000155.pdf.README_TO_RESTORE
[5073] 556e5cb5e4e7767 C /home/capstone/project/test_files/000556.txt.README_TO_RESTORE
[5073] 556e5cb5e4e7767 O /home/capstone/project/test_files/000556.txt.README_TO_RESTORE
[5073] 556e5cb5e4e7767 C /home/capstone/project/test_files/000286.doc.README_TO_RESTORE
[5073] 556e5cb5e4e7767 C /home/capstone/project/test_files/000825.pdf.README_TO_RESTORE
[5073] 556e5cb5e4e7767 C /home/capstone/project/test_files/000437.jpg.README_TO_RESTORE
[5073] 556e5cb5e4e7767 C /home/capstone/project/test_files/000138.html.README_TO_RESTORE
[5073] 556e5cb5e4e7767 C /home/capstone/project/test_files/000746.pdf.README_TO_RESTORE
[5073] 556e5cb5e4e7767 C /home/capstone/project/test_files/000729.ppt.README_TO_RESTORE
[5073] 556e5cb5e4e7767 C /home/capstone/project/test_files/000180.html.README_TO_RESTORE
[5073] 556e5cb5e4e7767 C /home/capstone/project/test_files/000131.doc.README_TO_RESTORE
[5073] 556e5cb5e4e7767 O /home/capstone/project/test_files/000286.doc.README_TO_RESTORE
[5073] 556e5cb5e4e7767 O /home/capstone/project/test_files/000825.pdf.README_TO_RESTORE
[5073] 556e5cb5e4e7767 O /home/capstone/project/test_files/000138.html.README_TO_RESTORE
[5073] 556e5cb5e4e7767 O /home/capstone/project/test_files/000437.jpg.README_TO_RESTORE
[5073] 556e5cb5e4e7767 O /home/capstone/project/test_files/000513.jpg
[5073] 556e5cb5e4e7767 O /home/capstone/project/test_files/000513.jpg.tmp_
[5073] 556e5cb5e4e7767 O /home/capstone/project/test_files/000188.html
[5073] 556e5cb5e4e7767 O /home/capstone/project/test_files/000366.pdf
[5073] 556e5cb5e4e7767 O /home/capstone/project/test_files/000366.pdf.tmp_
[5073] 556e5cb5e4e7767 O /home/capstone/project/test_files/000188.html.tmp_
[5073] 556e5cb5e4e7767 O /home/capstone/project/test_files/000590.pdf
[5073] 556e5cb5e4e7767 O /home/capstone/project/test_files/000590.pdf.tmp_
[5073] 556e5cb5e4e7767 O /home/capstone/project/test_files/000746.pdf.README_TO_RESTORE
[5073] 556e5cb5e4e7767 O /home/capstone/project/test_files/000729.ppt.README_TO_RESTORE
[5073] 556e5cb5e4e7767 O /home/capstone/project/test_files/000890.jpg
[5073] 556e5cb5e4e7767 O /home/capstone/project/test_files/000890.jpg.tmp_
[5073] 556e5cb5e4e7767 O /home/capstone/project/test_files/000507.jpg
[5073] 556e5cb5e4e7767 O /home/capstone/project/test_files/000507.jpg.tmp_
[5073] 556e5cb5e4e7767 O /home/capstone/project/test_files/000549.jpg
[5073] 556e5cb5e4e7767 O /home/capstone/project/test_files/000549.jpg.tmp_
[5073] 556e5cb5e4e7767 O /home/capstone/project/test_files/000180.html.README_TO_RESTORE
[5073] 556e5cb5e4e7767 O /home/capstone/project/test_files/000131.doc.README_TO_RESTORE
[5073] 556e5cb5e4e7767 O /home/capstone/project/test_files/000050.xls
[5073] 556e5cb5e4e7767 O /home/capstone/project/test_files/000927.txt
[5073] 556e5cb5e4e7767 O /home/capstone/project/test_files/000927.txt.tmp_
[5073] 556e5cb5e4e7767 O /home/capstone/project/test_files/000050.xls.tmp_
[5073] 556e5cb5e4e7767 O /home/capstone/project/test_files/000937.txt
[5073] 556e5cb5e4e7767 O /home/capstone/project/test_files/000937.txt.tmp_
[5073] 556e5cb5e4e7767 C /home/capstone/project/test_files/000590.pdf.README_TO_RESTORE
[5073] 556e5cb5e4e7767 C /home/capstone/project/test_files/000366.pdf.README_TO_RESTORE
[5073] 556e5cb5e4e7767 O /home/capstone/project/test_files/000366.pdf.README_TO_RESTORE
[5073] 556e5cb5e4e7767 C /home/capstone/project/test_files/000372.pdf.README_TO_RESTORE
[5073] 556e5cb5e4e7767 O /home/capstone/project/test_files/000372.pdf.README_TO_RESTORE
[5073] 556e5cb5e4e7767 O /home/capstone/project/test_files/000590.pdf.README_TO_RESTORE
[5073] 556e5cb5e4e7767 O /home/capstone/project/test_files/000485.txt
[5073] 556e5cb5e4e7767 O /home/capstone/project/test_files/000485.txt.tmp_
[5073] 556e5cb5e4e7767 C /home/capstone/project/test_files/000549.jpg.README_TO_RESTORE
[5073] 556e5cb5e4e7767 O /home/capstone/project/test_files/000549.jpg.README_TO_RESTORE
[5073] 556e5cb5e4e7767 C /home/capstone/project/test_files/000513.jpg.README_TO_RESTORE
[5073] 556e5cb5e4e7767 O /home/capstone/project/test_files/000513.jpg.README_TO_RESTORE
[5073] 556e5cb5e4e7767 O /home/capstone/project/test_files/000664.txt
[5073] 556e5cb5e4e7767 O /home/capstone/project/test_files/000664.txt.tmp_
[5073] 556e5cb5e4e7767 C /home/capstone/project/test_files/000188.html.README_TO_RESTORE
[5073] 556e5cb5e4e7767 O /home/capstone/project/test_files/000188.html.README_TO_RESTORE
[5073] 556e5cb5e4e7767 O /home/capstone/project/test_files/000908.jpg
[5073] 556e5cb5e4e7767 O /home/capstone/project/test_files/000908.jpg.tmp_
[5073] 556e5cb5e4e7767 C /home/capstone/project/test_files/000927.txt.README_TO_RESTORE
[5073] 556e5cb5e4e7767 C /home/capstone/project/test_files/000937.txt.README_TO_RESTORE
[5073] 556e5cb5e4e7767 O /home/capstone/project/test_files/000937.txt.README_TO_RESTORE
[5073] 556e5cb5e4e7767 O /home/capstone/project/test_files/000927.txt.README_TO_RESTORE
[5073] 556e5cb5e4e7767 O /home/capstone/project/test_files/000752.pdf
[5073] 556e5cb5e4e7767 O /home/capstone/project/test_files/000752.pdf.tmp_
[5073] 556e5cb5e4e7767 C /home/capstone/project/test_files/000890.jpg.README_TO_RESTORE
[5073] 556e5cb5e4e7767 O /home/capstone/project/test_files/000890.jpg.README_TO_RESTORE
[5073] 556e5cb5e4e7767 O /home/capstone/project/test_files/000819.html
[5073] 556e5cb5e4e7767 O /home/capstone/project/test_files/000819.html.tmp_
[5073] 556e5cb5e4e7767 C /home/capstone/project/test_files/000507.jpg.README_TO_RESTORE
[5073] 556e5cb5e4e7767 O /home/capstone/project/test_files/000507.jpg.README_TO_RESTORE
[5073] 556e5cb5e4e7767 O /home/capstone/project/test_files/000345.pdf
[5073] 556e5cb5e4e7767 O /home/capstone/project/test_files/000345.pdf.tmp_
[5073] 556e5cb5e4e7767 O /home/capstone/project/test_files/000090.txt
[5073] 556e5cb5e4e7767 O /home/capstone/project/test_files/000090.txt.tmp_
[5073] 556e5cb5e4e7767 O /home/capstone/project/test_files/000265.doc
[5073] 556e5cb5e4e7767 O /home/capstone/project/test_files/000265.doc.tmp_
[5073] 556e5cb5e4e7767 C /home/capstone/project/test_files/000485.txt.README_TO_RESTORE
[5073] 556e5cb5e4e7767 O /home/capstone/project/test_files/000485.txt.README_TO_RESTORE
[5073] 556e5cb5e4e7767 O /home/capstone/project/test_files/000843.pdf
[5073] 556e5cb5e4e7767 O /home/capstone/project/test_files/000843.pdf.tmp_
[5073] 556e5cb5e4e7767 O /home/capstone/project/test_files/000033.xls
[5073] 556e5cb5e4e7767 O /home/capstone/project/test_files/000033.xls.tmp_
[5073] 556e5cb5e4e7767 C /home/capstone/project/test_files/000050.xls.README_TO_RESTORE
[5073] 556e5cb5e4e7767 O /home/capstone/project/test_files/000050.xls.README_TO_RESTORE
[5073] 556e5cb5e4e7767 O /home/capstone/project/test_files/000585.pdf
[5073] 556e5cb5e4e7767 O /home/capstone/project/test_files/000468.txt
[5073] 556e5cb5e4e7767 O /home/capstone/project/test_files/000585.pdf.tmp_
[5073] 556e5cb5e4e7767 O /home/capstone/project/test_files/000468.txt.tmp_
[5073] 556e5cb5e4e7767 C /home/capstone/project/test_files/000664.txt.README_TO_RESTORE
[5073] 556e5cb5e4e7767 O /home/capstone/project/test_files/000664.txt.README_TO_RESTORE
[5073] 556e5cb5e4e7767 C /home/capstone/project/test_files/000752.pdf.README_TO_RESTORE
[5073] 556e5cb5e4e7767 O /home/capstone/project/test_files/000752.pdf.README_TO_RESTORE
[5073] 556e5cb5e4e7767 C /home/capstone/project/test_files/000819.html.README_TO_RESTORE
[5073] 556e5cb5e4e7767 O /home/capstone/project/test_files/000819.html.README_TO_RESTORE
[5073] 556e5cb5e4e7767 C /home/capstone/project/test_files/000033.xls.README_TO_RESTORE
[5073] 556e5cb5e4e7767 O /home/capstone/project/test_files/000033.xls.README_TO_RESTORE
[5073] 556e5cb5e4e7767 C /home/capstone/project/test_files/000585.pdf.README_TO_RESTORE
[5073] 556e5cb5e4e7767 O /home/capstone/project/test_files/000585.pdf.README_TO_RESTORE
[5073] 556e5cb5e4e7767 O /home/capstone/project/test_files/000012.pdf
[5073] 556e5cb5e4e7767 C /home/capstone/project/test_files/000090.txt.README_TO_RESTORE
[5073] 556e5cb5e4e7767 O /home/capstone/project/test_files/000090.txt.README_TO_RESTORE
[5073] 556e5cb5e4e7767 O /home/capstone/project/test_files/000012.pdf.tmp_
[5073] 556e5cb5e4e7767 O /home/capstone/project/test_files/000483.txt
[5073] 556e5cb5e4e7767 O /home/capstone/project/test_files/000483.txt.tmp_
[5073] 556e5cb5e4e7767 C /home/capstone/project/test_files/000908.jpg.README_TO_RESTORE
[5073] 556e5cb5e4e7767 O /home/capstone/project/test_files/000908.jpg.README_TO_RESTORE
[5073] 556e5cb5e4e7767 O /home/capstone/project/test_files/000595.pdf
[5073] 556e5cb5e4e7767 O /home/capstone/project/test_files/000595.pdf.tmp_
[5073] 556e5cb5e4e7767 O /home/capstone/project/test_files/000766.ps
[5073] 556e5cb5e4e7767 O /home/capstone/project/test_files/000766.ps.tmp_
[5073] 556e5cb5e4e7767 O /home/capstone/project/test_files/000422.html
[5073] 556e5cb5e4e7767 O /home/capstone/project/test_files/000422.html.tmp_
[5073] 556e5cb5e4e7767 C /home/capstone/project/test_files/000265.doc.README_TO_RESTORE
[5073] 556e5cb5e4e7767 O /home/capstone/project/test_files/000265.doc.README_TO_RESTORE
[5073] 556e5cb5e4e7767 C /home/capstone/project/test_files/000345.pdf.README_TO_RESTORE
[5073] 556e5cb5e4e7767 O /home/capstone/project/test_files/000345.pdf.README_TO_RESTORE
[5073] 556e5cb5e4e7767 O /home/capstone/project/test_files/000362.pdf
[5073] 556e5cb5e4e7767 O /home/capstone/project/test_files/000362.pdf.tmp_
[5073] 556e5cb5e4e7767 O /home/capstone/project/test_files/000872.jpg
[5073] 556e5cb5e4e7767 O /home/capstone/project/test_files/000129.html
[5073] 556e5cb5e4e7767 O /home/capstone/project/test_files/000872.jpg.tmp_
[5073] 556e5cb5e4e7767 O /home/capstone/project/test_files/000129.html.tmp_
[5073] 556e5cb5e4e7767 C /home/capstone/project/test_files/000766.ps.README_TO_RESTORE
[5073] 556e5cb5e4e7767 O /home/capstone/project/test_files/000766.ps.README_TO_RESTORE
[5073] 556e5cb5e4e7767 C /home/capstone/project/test_files/000362.pdf.README_TO_RESTORE
[5073] 556e5cb5e4e7767 O /home/capstone/project/test_files/000362.pdf.README_TO_RESTORE
[5073] 556e5cb5e4e7767 C /home/capstone/project/test_files/000422.html.README_TO_RESTORE
[5073] 556e5cb5e4e7767 O /home/capstone/project/test_files/000422.html.README_TO_RESTORE
[5073] 556e5cb5e4e7767 C /home/capstone/project/test_files/000843.pdf.README_TO_RESTORE
[5073] 556e5cb5e4e7767 O /home/capstone/project/test_files/000843.pdf.README_TO_RESTORE
[5073] 556e5cb5e4e7767 C /home/capstone/project/test_files/000595.pdf.README_TO_RESTORE
[5073] 556e5cb5e4e7767 O /home/capstone/project/test_files/000595.pdf.README_TO_RESTORE
[5073] 556e5cb5e4e7767 C /home/capstone/project/test_files/000872.jpg.README_TO_RESTORE
[5073] 556e5cb5e4e7767 O /home/capstone/project/test_files/000872.jpg.README_TO_RESTORE
[5073] 556e5cb5e4e7767 O /home/capstone/project/test_files/000961.doc
[5073] 556e5cb5e4e7767 O /home/capstone/project/test_files/000961.doc.tmp_
[5073] 556e5cb5e4e7767 C /home/capstone/project/test_files/000468.txt.README_TO_RESTORE
[5073] 556e5cb5e4e7767 O /home/capstone/project/test_files/000468.txt.README_TO_RESTORE
[5073] 556e5cb5e4e7767 O /home/capstone/project/test_files/000943.pdf
[5073] 556e5cb5e4e7767 O /home/capstone/project/test_files/000943.pdf.tmp_
[5073] 556e5cb5e4e7767 O /home/capstone/project/test_files/000913.doc
[5073] 556e5cb5e4e7767 O /home/capstone/project/test_files/000926.txt
[5073] 556e5cb5e4e7767 C /home/capstone/project/test_files/000012.pdf.README_TO_RESTORE
[5073] 556e5cb5e4e7767 O /home/capstone/project/test_files/000469.jpg
[5073] 556e5cb5e4e7767 C /home/capstone/project/test_files/000483.txt.README_TO_RESTORE
[5073] 556e5cb5e4e7767 O /home/capstone/project/test_files/000913.doc.tmp_
[5073] 556e5cb5e4e7767 C /home/capstone/project/test_files/000943.pdf.README_TO_RESTORE
[5073] 556e5cb5e4e7767 O /home/capstone/project/test_files/000943.pdf.README_TO_RESTORE
[5073] 556e5cb5e4e7767 C /home/capstone/project/test_files/000961.doc.README_TO_RESTORE
[5073] 556e5cb5e4e7767 O /home/capstone/project/test_files/000961.doc.README_TO_RESTORE
[5073] 556e5cb5e4e7767 O /home/capstone/project/test_files/000012.pdf.README_TO_RESTORE
[5073] 556e5cb5e4e7767 O /home/capstone/project/test_files/000926.txt.tmp_
[5073] 556e5cb5e4e7767 O /home/capstone/project/test_files/000469.jpg.tmp_
[5073] 556e5cb5e4e7767 O /home/capstone/project/test_files/000677.doc
[5073] 556e5cb5e4e7767 O /home/capstone/project/test_files/000677.doc.tmp_
[5073] 556e5cb5e4e7767 O /home/capstone/project/test_files/000492.txt
[5073] 556e5cb5e4e7767 O /home/capstone/project/test_files/000492.txt.tmp_
[5073] 556e5cb5e4e7767 O /home/capstone/project/test_files/000171.xls
[5073] 556e5cb5e4e7767 O /home/capstone/project/test_files/000171.xls.tmp_
[5073] 556e5cb5e4e7767 O /home/capstone/project/test_files/000483.txt.README_TO_RESTORE
[5073] 556e5cb5e4e7767 O /home/capstone/project/test_files/000745.pdf
[5073] 556e5cb5e4e7767 O /home/capstone/project/test_files/000134.ppt
[5073] 556e5cb5e4e7767 O /home/capstone/project/test_files/000414.html
[5073] 556e5cb5e4e7767 O /home/capstone/project/test_files/000134.ppt.tmp_
[5073] 556e5cb5e4e7767 O /home/capstone/project/test_files/000414.html.tmp_
[5073] 556e5cb5e4e7767 O /home/capstone/project/test_files/000745.pdf.tmp_
[5073] 556e5cb5e4e7767 C /home/capstone/project/test_files/000926.txt.README_TO_RESTORE
[5073] 556e5cb5e4e7767 C /home/capstone/project/test_files/000677.doc.README_TO_RESTORE
[5073] 556e5cb5e4e7767 O /home/capstone/project/test_files/000677.doc.README_TO_RESTORE
[5073] 556e5cb5e4e7767 O /home/capstone/project/test_files/000926.txt.README_TO_RESTORE
[5073] 556e5cb5e4e7767 C /home/capstone/project/test_files/000129.html.README_TO_RESTORE
[5073] 556e5cb5e4e7767 O /home/capstone/project/test_files/000129.html.README_TO_RESTORE
[5073] 556e5cb5e4e7767 O /home/capstone/project/test_files/000657.txt
[5073] 556e5cb5e4e7767 O /home/capstone/project/test_files/000657.txt.tmp_
[5073] 556e5cb5e4e7767 C /home/capstone/project/test_files/000492.txt.README_TO_RESTORE
[5073] 556e5cb5e4e7767 O /home/capstone/project/test_files/000603.jpg
[5073] 556e5cb5e4e7767 O /home/capstone/project/test_files/000267.doc
[5073] 556e5cb5e4e7767 O /home/capstone/project/test_files/000603.jpg.tmp_
[5073] 556e5cb5e4e7767 O /home/capstone/project/test_files/000267.doc.tmp_
[5073] 556e5cb5e4e7767 O /home/capstone/project/test_files/000492.txt.README_TO_RESTORE
[5073] 556e5cb5e4e7767 O /home/capstone/project/test_files/000899.pdf
[5073] 556e5cb5e4e7767 O /home/capstone/project/test_files/000899.pdf.tmp_
[5073] 556e5cb5e4e7767 C /home/capstone/project/test_files/000469.jpg.README_TO_RESTORE
[5073] 556e5cb5e4e7767 O /home/capstone/project/test_files/000469.jpg.README_TO_RESTORE
[5073] 556e5cb5e4e7767 C /home/capstone/project/test_files/000414.html.README_TO_RESTORE
[5073] 556e5cb5e4e7767 O /home/capstone/project/test_files/000414.html.README_TO_RESTORE
[5073] 556e5cb5e4e7767 O /home/capstone/project/test_files/000399.xls
[5073] 556e5cb5e4e7767 O /home/capstone/project/test_files/000399.xls.tmp_
[5073] 556e5cb5e4e7767 C /home/capstone/project/test_files/000745.pdf.README_TO_RESTORE
[5073] 556e5cb5e4e7767 O /home/capstone/project/test_files/000745.pdf.README_TO_RESTORE
[5073] 556e5cb5e4e7767 C /home/capstone/project/test_files/000657.txt.README_TO_RESTORE
[5073] 556e5cb5e4e7767 O /home/capstone/project/test_files/000657.txt.README_TO_RESTORE
[5073] 556e5cb5e4e7767 O /home/capstone/project/test_files/000063.html
[5073] 556e5cb5e4e7767 O /home/capstone/project/test_files/000063.html.tmp_
[5073] 556e5cb5e4e7767 O /home/capstone/project/test_files/000052.xls
[5073] 556e5cb5e4e7767 O /home/capstone/project/test_files/000052.xls.tmp_
[5073] 556e5cb5e4e7767 O /home/capstone/project/test_files/000190.html
[5073] 556e5cb5e4e7767 O /home/capstone/project/test_files/000190.html.tmp_
[5073] 556e5cb5e4e7767 C /home/capstone/project/test_files/000399.xls.README_TO_RESTORE
[5073] 556e5cb5e4e7767 O /home/capstone/project/test_files/000399.xls.README_TO_RESTORE
[5073] 556e5cb5e4e7767 O /home/capstone/project/test_files/000518.ppt
[5073] 556e5cb5e4e7767 O /home/capstone/project/test_files/000518.ppt.tmp_
[5073] 556e5cb5e4e7767 O /home/capstone/project/test_files/000339.pdf
[5073] 556e5cb5e4e7767 O /home/capstone/project/test_files/000339.pdf.tmp_
[5073] 556e5cb5e4e7767 C /home/capstone/project/test_files/000603.jpg.README_TO_RESTORE
[5073] 556e5cb5e4e7767 O /home/capstone/project/test_files/000603.jpg.README_TO_RESTORE
[5073] 556e5cb5e4e7767 C /home/capstone/project/test_files/000913.doc.README_TO_RESTORE
[5073] 556e5cb5e4e7767 O /home/capstone/project/test_files/000913.doc.README_TO_RESTORE
[5073] 556e5cb5e4e7767 O /home/capstone/project/test_files/000526.gif
[5073] 556e5cb5e4e7767 O /home/capstone/project/test_files/000526.gif.tmp_
[5073] 556e5cb5e4e7767 O /home/capstone/project/test_files/000369.pdf
[5073] 556e5cb5e4e7767 O /home/capstone/project/test_files/000369.pdf.tmp_
[5073] 556e5cb5e4e7767 C /home/capstone/project/test_files/000190.html.README_TO_RESTORE
[5073] 556e5cb5e4e7767 O /home/capstone/project/test_files/000190.html.README_TO_RESTORE
[5073] 556e5cb5e4e7767 C /home/capstone/project/test_files/000171.xls.README_TO_RESTORE
[5073] 556e5cb5e4e7767 O /home/capstone/project/test_files/000479.txt
[5073] 556e5cb5e4e7767 O /home/capstone/project/test_files/000479.txt.tmp_
[5073] 556e5cb5e4e7767 O /home/capstone/project/test_files/000171.xls.README_TO_RESTORE
[5073] 556e5cb5e4e7767 O /home/capstone/project/test_files/000478.txt
[5073] 556e5cb5e4e7767 O /home/capstone/project/test_files/000478.txt.tmp_
[5073] 556e5cb5e4e7767 C /home/capstone/project/test_files/000518.ppt.README_TO_RESTORE
[5073] 556e5cb5e4e7767 O /home/capstone/project/test_files/000518.ppt.README_TO_RESTORE
[5073] 556e5cb5e4e7767 C /home/capstone/project/test_files/000267.doc.README_TO_RESTORE
[5073] 556e5cb5e4e7767 O /home/capstone/project/test_files/000267.doc.README_TO_RESTORE
[5073] 556e5cb5e4e7767 C /home/capstone/project/test_files/000479.txt.README_TO_RESTORE
[5073] 556e5cb5e4e7767 O /home/capstone/project/test_files/000479.txt.README_TO_RESTORE
[5073] 556e5cb5e4e7767 O /home/capstone/project/test_files/000862.txt
[5073] 556e5cb5e4e7767 O /home/capstone/project/test_files/000862.txt.tmp_
[5073] 556e5cb5e4e7767 C /home/capstone/project/test_files/000134.ppt.README_TO_RESTORE
[5073] 556e5cb5e4e7767 C /home/capstone/project/test_files/000052.xls.README_TO_RESTORE
[5073] 556e5cb5e4e7767 C /home/capstone/project/test_files/000339.pdf.README_TO_RESTORE
[5073] 556e5cb5e4e7767 O /home/capstone/project/test_files/000339.pdf.README_TO_RESTORE
[5073] 556e5cb5e4e7767 O /home/capstone/project/test_files/000134.ppt.README_TO_RESTORE
[5073] 556e5cb5e4e7767 O /home/capstone/project/test_files/000052.xls.README_TO_RESTORE
[5073] 556e5cb5e4e7767 O /home/capstone/project/test_files/000813.pdf
[5073] 556e5cb5e4e7767 O /home/capstone/project/test_files/000813.pdf.tmp_
[5073] 556e5cb5e4e7767 O /home/capstone/project/test_files/000800.html
[5073] 556e5cb5e4e7767 O /home/capstone/project/test_files/000800.html.tmp_
[5073] 556e5cb5e4e7767 O /home/capstone/project/test_files/000246.jpg
[5073] 556e5cb5e4e7767 O /home/capstone/project/test_files/000246.jpg.tmp_
[5073] 556e5cb5e4e7767 C /home/capstone/project/test_files/000526.gif.README_TO_RESTORE
[5073] 556e5cb5e4e7767 O /home/capstone/project/test_files/000526.gif.README_TO_RESTORE
[5073] 556e5cb5e4e7767 C /home/capstone/project/test_files/000899.pdf.README_TO_RESTORE
[5073] 556e5cb5e4e7767 C /home/capstone/project/test_files/000862.txt.README_TO_RESTORE
[5073] 556e5cb5e4e7767 O /home/capstone/project/test_files/000862.txt.README_TO_RESTORE
[5073] 556e5cb5e4e7767 O /home/capstone/project/test_files/000899.pdf.README_TO_RESTORE
[5073] 556e5cb5e4e7767 C /home/capstone/project/test_files/000369.pdf.README_TO_RESTORE
[5073] 556e5cb5e4e7767 O /home/capstone/project/test_files/000369.pdf.README_TO_RESTORE
[5073] 556e5cb5e4e7767 C /home/capstone/project/test_files/000063.html.README_TO_RESTORE
[5073] 556e5cb5e4e7767 C /home/capstone/project/test_files/000246.jpg.README_TO_RESTORE
[5073] 556e5cb5e4e7767 O /home/capstone/project/test_files/000246.jpg.README_TO_RESTORE
[5073] 556e5cb5e4e7767 O /home/capstone/project/test_files/000063.html.README_TO_RESTORE
[5073] 556e5cb5e4e7767 C /home/capstone/project/test_files/000813.pdf.README_TO_RESTORE
[5073] 556e5cb5e4e7767 C /home/capstone/project/test_files/000800.html.README_TO_RESTORE
[5073] 556e5cb5e4e7767 O /home/capstone/project/test_files/000813.pdf.README_TO_RESTORE
[5073] 556e5cb5e4e7767 O /home/capstone/project/test_files/000800.html.README_TO_RESTORE
[5073] 556e5cb5e4e7767 O /home/capstone/project/test_files/000693.doc
[5073] 556e5cb5e4e7767 O /home/capstone/project/test_files/000693.doc.tmp_
[5073] 556e5cb5e4e7767 O /home/capstone/project/test_files/000089.txt
[5073] 556e5cb5e4e7767 O /home/capstone/project/test_files/000089.txt.tmp_
[5073] 556e5cb5e4e7767 O /home/capstone/project/test_files/000074.html
[5073] 556e5cb5e4e7767 O /home/capstone/project/test_files/000074.html.tmp_
[5073] 556e5cb5e4e7767 O /home/capstone/project/test_files/000535.jpg
[5073] 556e5cb5e4e7767 O /home/capstone/project/test_files/000535.jpg.tmp_
[5073] 556e5cb5e4e7767 O /home/capstone/project/test_files/000781.xls
[5073] 556e5cb5e4e7767 O /home/capstone/project/test_files/000781.xls.tmp_
[5073] 556e5cb5e4e7767 O /home/capstone/project/test_files/000436.html
[5073] 556e5cb5e4e7767 O /home/capstone/project/test_files/000436.html.tmp_
[5073] 556e5cb5e4e7767 O /home/capstone/project/test_files/000164.pdf
[5073] 556e5cb5e4e7767 O /home/capstone/project/test_files/000164.pdf.tmp_
[5073] 556e5cb5e4e7767 C /home/capstone/project/test_files/000089.txt.README_TO_RESTORE
[5073] 556e5cb5e4e7767 O /home/capstone/project/test_files/000089.txt.README_TO_RESTORE
[5073] 556e5cb5e4e7767 C /home/capstone/project/test_files/000074.html.README_TO_RESTORE
[5073] 556e5cb5e4e7767 O /home/capstone/project/test_files/000074.html.README_TO_RESTORE
[5073] 556e5cb5e4e7767 O /home/capstone/project/test_files/000173.html
[5073] 556e5cb5e4e7767 O /home/capstone/project/test_files/000173.html.tmp_
[5073] 556e5cb5e4e7767 O /home/capstone/project/test_files/000711.ppt
[5073] 556e5cb5e4e7767 O /home/capstone/project/test_files/000711.ppt.tmp_
[5073] 556e5cb5e4e7767 C /home/capstone/project/test_files/000535.jpg.README_TO_RESTORE
[5073] 556e5cb5e4e7767 O /home/capstone/project/test_files/000535.jpg.README_TO_RESTORE
[5073] 556e5cb5e4e7767 C /home/capstone/project/test_files/000693.doc.README_TO_RESTORE
[5073] 556e5cb5e4e7767 O /home/capstone/project/test_files/000693.doc.README_TO_RESTORE
[5073] 556e5cb5e4e7767 O /home/capstone/project/test_files/000239.jpg
[5073] 556e5cb5e4e7767 O /home/capstone/project/test_files/000239.jpg.tmp_
[5073] 556e5cb5e4e7767 O /home/capstone/project/test_files/000003.doc
[5073] 556e5cb5e4e7767 O /home/capstone/project/test_files/000003.doc.tmp_
[5073] 556e5cb5e4e7767 C /home/capstone/project/test_files/000478.txt.README_TO_RESTORE
[5073] 556e5cb5e4e7767 O /home/capstone/project/test_files/000478.txt.README_TO_RESTORE
[5073] 556e5cb5e4e7767 C /home/capstone/project/test_files/000781.xls.README_TO_RESTORE
[5073] 556e5cb5e4e7767 O /home/capstone/project/test_files/000781.xls.README_TO_RESTORE
[5073] 556e5cb5e4e7767 O /home/capstone/project/test_files/000594.pdf
[5073] 556e5cb5e4e7767 O /home/capstone/project/test_files/000594.pdf.tmp_
[5073] 556e5cb5e4e7767 O /home/capstone/project/test_files/000416.html
[5073] 556e5cb5e4e7767 O /home/capstone/project/test_files/000416.html.tmp_
[5073] 556e5cb5e4e7767 O /home/capstone/project/test_files/000730.ps
[5073] 556e5cb5e4e7767 O /home/capstone/project/test_files/000730.ps.tmp_
[5073] 556e5cb5e4e7767 C /home/capstone/project/test_files/000711.ppt.README_TO_RESTORE
[5073] 556e5cb5e4e7767 O /home/capstone/project/test_files/000711.ppt.README_TO_RESTORE
[5073] 556e5cb5e4e7767 O /home/capstone/project/test_files/000812.html
[5073] 556e5cb5e4e7767 O /home/capstone/project/test_files/000812.html.tmp_
[5073] 556e5cb5e4e7767 C /home/capstone/project/test_files/000594.pdf.README_TO_RESTORE
[5073] 556e5cb5e4e7767 O /home/capstone/project/test_files/000594.pdf.README_TO_RESTORE
[5073] 556e5cb5e4e7767 C /home/capstone/project/test_files/000003.doc.README_TO_RESTORE
[5073] 556e5cb5e4e7767 O /home/capstone/project/test_files/000003.doc.README_TO_RESTORE
[5073] 556e5cb5e4e7767 C /home/capstone/project/test_files/000164.pdf.README_TO_RESTORE
[5073] 556e5cb5e4e7767 O /home/capstone/project/test_files/000164.pdf.README_TO_RESTORE
[5073] 556e5cb5e4e7767 O /home/capstone/project/test_files/000030.xls
[5073] 556e5cb5e4e7767 O /home/capstone/project/test_files/000030.xls.tmp_
[5073] 556e5cb5e4e7767 C /home/capstone/project/test_files/000239.jpg.README_TO_RESTORE
[5073] 556e5cb5e4e7767 C /home/capstone/project/test_files/000436.html.README_TO_RESTORE
[5073] 556e5cb5e4e7767 O /home/capstone/project/test_files/000436.html.README_TO_RESTORE
[5073] 556e5cb5e4e7767 C /home/capstone/project/test_files/000030.xls.README_TO_RESTORE
[5073] 556e5cb5e4e7767 O /home/capstone/project/test_files/000292.ppt
[5073] 556e5cb5e4e7767 O /home/capstone/project/test_files/000292.ppt.tmp_
[5073] 556e5cb5e4e7767 O /home/capstone/project/test_files/000030.xls.README_TO_RESTORE
[5073] 556e5cb5e4e7767 C /home/capstone/project/test_files/000812.html.README_TO_RESTORE
[5073] 556e5cb5e4e7767 O /home/capstone/project/test_files/000812.html.README_TO_RESTORE
[5073] 556e5cb5e4e7767 C /home/capstone/project/test_files/000173.html.README_TO_RESTORE
[5073] 556e5cb5e4e7767 O /home/capstone/project/test_files/000173.html.README_TO_RESTORE
[5073] 556e5cb5e4e7767 O /home/capstone/project/test_files/000358.pdf
[5073] 556e5cb5e4e7767 O /home/capstone/project/test_files/000358.pdf.tmp_
[5073] 556e5cb5e4e7767 O /home/capstone/project/test_files/000747.pdf
[5073] 556e5cb5e4e7767 O /home/capstone/project/test_files/000747.pdf.tmp_
[5073] 556e5cb5e4e7767 O /home/capstone/project/test_files/000221.txt
[5073] 556e5cb5e4e7767 O /home/capstone/project/test_files/000221.txt.tmp_
[5073] 556e5cb5e4e7767 O /home/capstone/project/test_files/000239.jpg.README_TO_RESTORE
[5073] 556e5cb5e4e7767 O /home/capstone/project/test_files/000850.txt
[5073] 556e5cb5e4e7767 O /home/capstone/project/test_files/000850.txt.tmp_
[5073] 556e5cb5e4e7767 O /home/capstone/project/test_files/000079.html
[5073] 556e5cb5e4e7767 O /home/capstone/project/test_files/000079.html.tmp_
[5073] 556e5cb5e4e7767 C /home/capstone/project/test_files/000292.ppt.README_TO_RESTORE
[5073] 556e5cb5e4e7767 O /home/capstone/project/test_files/000292.ppt.README_TO_RESTORE
[5073] 556e5cb5e4e7767 O /home/capstone/project/test_files/000689.csv
[5073] 556e5cb5e4e7767 O /home/capstone/project/test_files/000689.csv.tmp_
[5073] 556e5cb5e4e7767 C /home/capstone/project/test_files/000730.ps.README_TO_RESTORE
[5073] 556e5cb5e4e7767 O /home/capstone/project/test_files/000730.ps.README_TO_RESTORE
[5073] 556e5cb5e4e7767 C /home/capstone/project/test_files/000358.pdf.README_TO_RESTORE
[5073] 556e5cb5e4e7767 O /home/capstone/project/test_files/000018.pdf
[5073] 556e5cb5e4e7767 O /home/capstone/project/test_files/000018.pdf.tmp_
[5073] 556e5cb5e4e7767 O /home/capstone/project/test_files/000358.pdf.README_TO_RESTORE
[5073] 556e5cb5e4e7767 C /home/capstone/project/test_files/000416.html.README_TO_RESTORE
[5073] 556e5cb5e4e7767 O /home/capstone/project/test_files/000416.html.README_TO_RESTORE
[5073] 556e5cb5e4e7767 C /home/capstone/project/test_files/000850.txt.README_TO_RESTORE
[5073] 556e5cb5e4e7767 O /home/capstone/project/test_files/000850.txt.README_TO_RESTORE
[5073] 556e5cb5e4e7767 C /home/capstone/project/test_files/000747.pdf.README_TO_RESTORE
[5073] 556e5cb5e4e7767 O /home/capstone/project/test_files/000747.pdf.README_TO_RESTORE
[5073] 556e5cb5e4e7767 O /home/capstone/project/test_files/000066.html
[5073] 556e5cb5e4e7767 O /home/capstone/project/test_files/000066.html.tmp_
[5073] 556e5cb5e4e7767 O /home/capstone/project/test_files/000641.txt
[5073] 556e5cb5e4e7767 O /home/capstone/project/test_files/000198.html
[5073] 556e5cb5e4e7767 O /home/capstone/project/test_files/000641.txt.tmp_
[5073] 556e5cb5e4e7767 O /home/capstone/project/test_files/000198.html.tmp_
[5073] 556e5cb5e4e7767 O /home/capstone/project/test_files/000359.pdf
[5073] 556e5cb5e4e7767 O /home/capstone/project/test_files/000359.pdf.tmp_
[5073] 556e5cb5e4e7767 O /home/capstone/project/test_files/000388.xls
[5073] 556e5cb5e4e7767 O /home/capstone/project/test_files/000388.xls.tmp_
[5073] 556e5cb5e4e7767 C /home/capstone/project/test_files/000018.pdf.README_TO_RESTORE
[5073] 556e5cb5e4e7767 O /home/capstone/project/test_files/000018.pdf.README_TO_RESTORE
[5073] 556e5cb5e4e7767 C /home/capstone/project/test_files/000689.csv.README_TO_RESTORE
[5073] 556e5cb5e4e7767 O /home/capstone/project/test_files/000689.csv.README_TO_RESTORE
[5073] 556e5cb5e4e7767 O /home/capstone/project/test_files/000192.html
[5073] 556e5cb5e4e7767 O /home/capstone/project/test_files/000192.html.tmp_
[5073] 556e5cb5e4e7767 O /home/capstone/project/test_files/000736.gz
[5073] 556e5cb5e4e7767 O /home/capstone/project/test_files/000736.gz.tmp_
[5073] 556e5cb5e4e7767 C /home/capstone/project/test_files/000221.txt.README_TO_RESTORE
[5073] 556e5cb5e4e7767 O /home/capstone/project/test_files/000667.txt
[5073] 556e5cb5e4e7767 O /home/capstone/project/test_files/000667.txt.tmp_
[5073] 556e5cb5e4e7767 O /home/capstone/project/test_files/000266.pdf
[5073] 556e5cb5e4e7767 O /home/capstone/project/test_files/000266.pdf.tmp_
[5073] 556e5cb5e4e7767 C /home/capstone/project/test_files/000066.html.README_TO_RESTORE
[5073] 556e5cb5e4e7767 O /home/capstone/project/test_files/000221.txt.README_TO_RESTORE
[5073] 556e5cb5e4e7767 O /home/capstone/project/test_files/000066.html.README_TO_RESTORE
[5073] 556e5cb5e4e7767 O /home/capstone/project/test_files/000508.jpg
[5073] 556e5cb5e4e7767 O /home/capstone/project/test_files/000508.jpg.tmp_
[5073] 556e5cb5e4e7767 O /home/capstone/project/test_files/000789.html
[5073] 556e5cb5e4e7767 O /home/capstone/project/test_files/000789.html.tmp_
[5073] 556e5cb5e4e7767 C /home/capstone/project/test_files/000641.txt.README_TO_RESTORE
[5073] 556e5cb5e4e7767 O /home/capstone/project/test_files/000641.txt.README_TO_RESTORE
[5073] 556e5cb5e4e7767 O /home/capstone/project/test_files/000456.html
[5073] 556e5cb5e4e7767 O /home/capstone/project/test_files/000456.html.tmp_
[5073] 556e5cb5e4e7767 C /home/capstone/project/test_files/000192.html.README_TO_RESTORE
[5073] 556e5cb5e4e7767 O /home/capstone/project/test_files/000192.html.README_TO_RESTORE
[5073] 556e5cb5e4e7767 C /home/capstone/project/test_files/000359.pdf.README_TO_RESTORE
[5073] 556e5cb5e4e7767 O /home/capstone/project/test_files/000359.pdf.README_TO_RESTORE
[5073] 556e5cb5e4e7767 C /home/capstone/project/test_files/000789.html.README_TO_RESTORE
[5073] 556e5cb5e4e7767 O /home/capstone/project/test_files/000789.html.README_TO_RESTORE
[5073] 556e5cb5e4e7767 C /home/capstone/project/test_files/000079.html.README_TO_RESTORE
[5073] 556e5cb5e4e7767 O /home/capstone/project/test_files/000079.html.README_TO_RESTORE
[5073] 556e5cb5e4e7767 O /home/capstone/project/test_files/000852.txt
[5073] 556e5cb5e4e7767 O /home/capstone/project/test_files/000325.pdf
[5073] 556e5cb5e4e7767 O /home/capstone/project/test_files/000325.pdf.tmp_
[5073] 556e5cb5e4e7767 O /home/capstone/project/test_files/000852.txt.tmp_
[5073] 556e5cb5e4e7767 C /home/capstone/project/test_files/000198.html.README_TO_RESTORE
[5073] 556e5cb5e4e7767 O /home/capstone/project/test_files/000198.html.README_TO_RESTORE
[5073] 556e5cb5e4e7767 O /home/capstone/project/test_files/000600.html
[5073] 556e5cb5e4e7767 O /home/capstone/project/test_files/000600.html.tmp_
[5073] 556e5cb5e4e7767 O /home/capstone/project/test_files/000467.txt
[5073] 556e5cb5e4e7767 O /home/capstone/project/test_files/000467.txt.tmp_
[5073] 556e5cb5e4e7767 C /home/capstone/project/test_files/000736.gz.README_TO_RESTORE
[5073] 556e5cb5e4e7767 O /home/capstone/project/test_files/000736.gz.README_TO_RESTORE
[5073] 556e5cb5e4e7767 C /home/capstone/project/test_files/000388.xls.README_TO_RESTORE
[5073] 556e5cb5e4e7767 C /home/capstone/project/test_files/000508.jpg.README_TO_RESTORE
[5073] 556e5cb5e4e7767 O /home/capstone/project/test_files/000508.jpg.README_TO_RESTORE
[5073] 556e5cb5e4e7767 C /home/capstone/project/test_files/000456.html.README_TO_RESTORE
[5073] 556e5cb5e4e7767 O /home/capstone/project/test_files/000456.html.README_TO_RESTORE
[5073] 556e5cb5e4e7767 O /home/capstone/project/test_files/000388.xls.README_TO_RESTORE
[5073] 556e5cb5e4e7767 O /home/capstone/project/test_files/000092.txt
[5073] 556e5cb5e4e7767 O /home/capstone/project/test_files/000092.txt.tmp_
[5073] 556e5cb5e4e7767 O /home/capstone/project/test_files/000280.pdf
[5073] 556e5cb5e4e7767 O /home/capstone/project/test_files/000280.pdf.tmp_
[5073] 556e5cb5e4e7767 O /home/capstone/project/test_files/000686.doc
[5073] 556e5cb5e4e7767 O /home/capstone/project/test_files/000686.doc.tmp_
[5073] 556e5cb5e4e7767 C /home/capstone/project/test_files/000266.pdf.README_TO_RESTORE
[5073] 556e5cb5e4e7767 O /home/capstone/project/test_files/000266.pdf.README_TO_RESTORE
[5073] 556e5cb5e4e7767 O /home/capstone/project/test_files/000053.xls
[5073] 556e5cb5e4e7767 O /home/capstone/project/test_files/000053.xls.tmp_
[5073] 556e5cb5e4e7767 O /home/capstone/project/test_files/000300.ppt
[5073] 556e5cb5e4e7767 O /home/capstone/project/test_files/000300.ppt.tmp_
[5073] 556e5cb5e4e7767 O /home/capstone/project/test_files/000601.html
[5073] 556e5cb5e4e7767 O /home/capstone/project/test_files/000601.html.tmp_
[5073] 556e5cb5e4e7767 C /home/capstone/project/test_files/000600.html.README_TO_RESTORE
[5073] 556e5cb5e4e7767 O /home/capstone/project/test_files/000600.html.README_TO_RESTORE
[5073] 556e5cb5e4e7767 O /home/capstone/project/test_files/000480.txt
[5073] 556e5cb5e4e7767 O /home/capstone/project/test_files/000480.txt.tmp_
[5073] 556e5cb5e4e7767 C /home/capstone/project/test_files/000601.html.README_TO_RESTORE
[5073] 556e5cb5e4e7767 O /home/capstone/project/test_files/000601.html.README_TO_RESTORE
[5073] 556e5cb5e4e7767 C /home/capstone/project/test_files/000053.xls.README_TO_RESTORE
[5073] 556e5cb5e4e7767 O /home/capstone/project/test_files/000053.xls.README_TO_RESTORE
[5073] 556e5cb5e4e7767 C /home/capstone/project/test_files/000467.txt.README_TO_RESTORE
[5073] 556e5cb5e4e7767 C /home/capstone/project/test_files/000667.txt.README_TO_RESTORE
[5073] 556e5cb5e4e7767 O /home/capstone/project/test_files/000667.txt.README_TO_RESTORE
[5073] 556e5cb5e4e7767 O /home/capstone/project/test_files/000467.txt.README_TO_RESTORE
[5073] 556e5cb5e4e7767 C /home/capstone/project/test_files/000300.ppt.README_TO_RESTORE
[5073] 556e5cb5e4e7767 C /home/capstone/project/test_files/000852.txt.README_TO_RESTORE
[5073] 556e5cb5e4e7767 C /home/capstone/project/test_files/000280.pdf.README_TO_RESTORE
[5073] 556e5cb5e4e7767 C /home/capstone/project/test_files/000325.pdf.README_TO_RESTORE
[5073] 556e5cb5e4e7767 O /home/capstone/project/test_files/000325.pdf.README_TO_RESTORE
[5073] 556e5cb5e4e7767 O /home/capstone/project/test_files/ziUrAJ8W
[5073] 556e5cb5e4e7767 O /home/capstone/project/test_files/ziUrAJ8W.tmp_
[5073] 556e5cb5e4e7767 O /home/capstone/project/test_files/000808.html
[5073] 556e5cb5e4e7767 O /home/capstone/project/test_files/000808.html.tmp_
[5073] 556e5cb5e4e7767 O /home/capstone/project/test_files/000300.ppt.README_TO_RESTORE
[5073] 556e5cb5e4e7767 O /home/capstone/project/test_files/000175.ppt
[5073] 556e5cb5e4e7767 O /home/capstone/project/test_files/000175.ppt.tmp_
[5073] 556e5cb5e4e7767 O /home/capstone/project/test_files/000170.xls
[5073] 556e5cb5e4e7767 O /home/capstone/project/test_files/000170.xls.tmp_
[5073] 556e5cb5e4e7767 C /home/capstone/project/test_files/000686.doc.README_TO_RESTORE
[5073] 556e5cb5e4e7767 O /home/capstone/project/test_files/000686.doc.README_TO_RESTORE
[5073] 556e5cb5e4e7767 C /home/capstone/project/test_files/000480.txt.README_TO_RESTORE
[5073] 556e5cb5e4e7767 O /home/capstone/project/test_files/000480.txt.README_TO_RESTORE
[5073] 556e5cb5e4e7767 O /home/capstone/project/test_files/000852.txt.README_TO_RESTORE
[5073] 556e5cb5e4e7767 O /home/capstone/project/test_files/000487.txt
[5073] 556e5cb5e4e7767 O /home/capstone/project/test_files/000487.txt.tmp_
[5073] 556e5cb5e4e7767 O /home/capstone/project/test_files/000280.pdf.README_TO_RESTORE
[5073] 556e5cb5e4e7767 O /home/capstone/project/test_files/000616.html
[5073] 556e5cb5e4e7767 O /home/capstone/project/test_files/000616.html.tmp_
[5073] 556e5cb5e4e7767 O /home/capstone/project/test_files/000481.txt
[5073] 556e5cb5e4e7767 O /home/capstone/project/test_files/000481.txt.tmp_
[5073] 556e5cb5e4e7767 O /home/capstone/project/test_files/000577.pdf
[5073] 556e5cb5e4e7767 O /home/capstone/project/test_files/000577.pdf.tmp_
[5073] 556e5cb5e4e7767 O /home/capstone/project/test_files/000634.html
[5073] 556e5cb5e4e7767 O /home/capstone/project/test_files/000634.html.tmp_
[5073] 556e5cb5e4e7767 C /home/capstone/project/test_files/000092.txt.README_TO_RESTORE
[5073] 556e5cb5e4e7767 O /home/capstone/project/test_files/000092.txt.README_TO_RESTORE
[5073] 556e5cb5e4e7767 C /home/capstone/project/test_files/000808.html.README_TO_RESTORE
[5073] 556e5cb5e4e7767 O /home/capstone/project/test_files/000808.html.README_TO_RESTORE
[5073] 556e5cb5e4e7767 C /home/capstone/project/test_files/ziUrAJ8W.README_TO_RESTORE
[5073] 556e5cb5e4e7767 O /home/capstone/project/test_files/000228.txt
[5073] 556e5cb5e4e7767 O /home/capstone/project/test_files/000228.txt.tmp_
[5073] 556e5cb5e4e7767 O /home/capstone/project/test_files/ziUrAJ8W.README_TO_RESTORE
[5073] 556e5cb5e4e7767 O /home/capstone/project/test_files/000097.ps
[5073] 556e5cb5e4e7767 O /home/capstone/project/test_files/000097.ps.tmp_
[5073] 556e5cb5e4e7767 C /home/capstone/project/test_files/000616.html.README_TO_RESTORE
[5073] 556e5cb5e4e7767 O /home/capstone/project/test_files/000616.html.README_TO_RESTORE
[5073] 556e5cb5e4e7767 C /home/capstone/project/test_files/000487.txt.README_TO_RESTORE
[5073] 556e5cb5e4e7767 O /home/capstone/project/test_files/000487.txt.README_TO_RESTORE
[5073] 556e5cb5e4e7767 C /home/capstone/project/test_files/000481.txt.README_TO_RESTORE
[5073] 556e5cb5e4e7767 O /home/capstone/project/test_files/000481.txt.README_TO_RESTORE
[5073] 556e5cb5e4e7767 C /home/capstone/project/test_files/000577.pdf.README_TO_RESTORE
[5073] 556e5cb5e4e7767 O /home/capstone/project/test_files/000577.pdf.README_TO_RESTORE
[5073] 556e5cb5e4e7767 O /home/capstone/project/test_files/000444.pdf
[5073] 556e5cb5e4e7767 O /home/capstone/project/test_files/000444.pdf.tmp_
[5073] 556e5cb5e4e7767 O /home/capstone/project/test_files/000977.doc
[5073] 556e5cb5e4e7767 O /home/capstone/project/test_files/000977.doc.tmp_
[5073] 556e5cb5e4e7767 O /home/capstone/project/test_files/000130.doc
[5073] 556e5cb5e4e7767 O /home/capstone/project/test_files/000130.doc.tmp_
[5073] 556e5cb5e4e7767 C /home/capstone/project/test_files/000170.xls.README_TO_RESTORE
[5073] 556e5cb5e4e7767 O /home/capstone/project/test_files/000832.txt
[5073] 556e5cb5e4e7767 O /home/capstone/project/test_files/000832.txt.tmp_
[5073] 556e5cb5e4e7767 O /home/capstone/project/test_files/000170.xls.README_TO_RESTORE
[5073] 556e5cb5e4e7767 C /home/capstone/project/test_files/000228.txt.README_TO_RESTORE
[5073] 556e5cb5e4e7767 O /home/capstone/project/test_files/000228.txt.README_TO_RESTORE
[5073] 556e5cb5e4e7767 O /home/capstone/project/test_files/000177.pdf
[5073] 556e5cb5e4e7767 O /home/capstone/project/test_files/000177.pdf.tmp_
[5073] 556e5cb5e4e7767 O /home/capstone/project/test_files/000722.csv
[5073] 556e5cb5e4e7767 O /home/capstone/project/test_files/000722.csv.tmp_
[5073] 556e5cb5e4e7767 C /home/capstone/project/test_files/000175.ppt.README_TO_RESTORE
[5073] 556e5cb5e4e7767 C /home/capstone/project/test_files/000634.html.README_TO_RESTORE
[5073] 556e5cb5e4e7767 O /home/capstone/project/test_files/000634.html.README_TO_RESTORE
[5073] 556e5cb5e4e7767 O /home/capstone/project/test_files/000175.ppt.README_TO_RESTORE
[5073] 556e5cb5e4e7767 C /home/capstone/project/test_files/000130.doc.README_TO_RESTORE
[5073] 556e5cb5e4e7767 O /home/capstone/project/test_files/000130.doc.README_TO_RESTORE
[5073] 556e5cb5e4e7767 C /home/capstone/project/test_files/000097.ps.README_TO_RESTORE
[5073] 556e5cb5e4e7767 O /home/capstone/project/test_files/000044.xls
[5073] 556e5cb5e4e7767 O /home/capstone/project/test_files/000660.txt
[5073] 556e5cb5e4e7767 O /home/capstone/project/test_files/000660.txt.tmp_
[5073] 556e5cb5e4e7767 C /home/capstone/project/test_files/000444.pdf.README_TO_RESTORE
[5073] 556e5cb5e4e7767 O /home/capstone/project/test_files/000444.pdf.README_TO_RESTORE
[5073] 556e5cb5e4e7767 O /home/capstone/project/test_files/000097.ps.README_TO_RESTORE
[5073] 556e5cb5e4e7767 O /home/capstone/project/test_files/000044.xls.tmp_
[5073] 556e5cb5e4e7767 O /home/capstone/project/test_files/000931.txt
[5073] 556e5cb5e4e7767 O /home/capstone/project/test_files/000931.txt.tmp_
[5073] 556e5cb5e4e7767 C /home/capstone/project/test_files/000977.doc.README_TO_RESTORE
[5073] 556e5cb5e4e7767 O /home/capstone/project/test_files/000977.doc.README_TO_RESTORE
[5073] 556e5cb5e4e7767 C /home/capstone/project/test_files/000177.pdf.README_TO_RESTORE
[5073] 556e5cb5e4e7767 O /home/capstone/project/test_files/000177.pdf.README_TO_RESTORE
[5073] 556e5cb5e4e7767 C /home/capstone/project/test_files/000832.txt.README_TO_RESTORE
[5073] 556e5cb5e4e7767 O /home/capstone/project/test_files/000832.txt.README_TO_RESTORE
[5073] 556e5cb5e4e7767 O /home/capstone/project/test_files/000197.html
[5073] 556e5cb5e4e7767 O /home/capstone/project/test_files/000360.pdf
[5073] 556e5cb5e4e7767 O /home/capstone/project/test_files/000661.txt
[5073] 556e5cb5e4e7767 O /home/capstone/project/test_files/000197.html.tmp_
[5073] 556e5cb5e4e7767 O /home/capstone/project/test_files/000360.pdf.tmp_
[5073] 556e5cb5e4e7767 O /home/capstone/project/test_files/000661.txt.tmp_
[5073] 556e5cb5e4e7767 O /home/capstone/project/test_files/000341.pdf
[5073] 556e5cb5e4e7767 O /home/capstone/project/test_files/000341.pdf.tmp_
[5073] 556e5cb5e4e7767 C /home/capstone/project/test_files/000722.csv.README_TO_RESTORE
[5073] 556e5cb5e4e7767 O /home/capstone/project/test_files/000722.csv.README_TO_RESTORE
[5073] 556e5cb5e4e7767 O /home/capstone/project/test_files/000669.txt
[5073] 556e5cb5e4e7767 O /home/capstone/project/test_files/000669.txt.tmp_
[5073] 556e5cb5e4e7767 O /home/capstone/project/test_files/000990.ppt
[5073] 556e5cb5e4e7767 O /home/capstone/project/test_files/000990.ppt.tmp_
[5073] 556e5cb5e4e7767 C /home/capstone/project/test_files/000660.txt.README_TO_RESTORE
[5073] 556e5cb5e4e7767 O /home/capstone/project/test_files/000660.txt.README_TO_RESTORE
[5073] 556e5cb5e4e7767 C /home/capstone/project/test_files/000044.xls.README_TO_RESTORE
[5073] 556e5cb5e4e7767 O /home/capstone/project/test_files/000044.xls.README_TO_RESTORE
[5073] 556e5cb5e4e7767 C /home/capstone/project/test_files/000931.txt.README_TO_RESTORE
[5073] 556e5cb5e4e7767 O /home/capstone/project/test_files/000795.doc
[5073] 556e5cb5e4e7767 O /home/capstone/project/test_files/000795.doc.tmp_
[5073] 556e5cb5e4e7767 O /home/capstone/project/test_files/000025.pdf
[5073] 556e5cb5e4e7767 O /home/capstone/project/test_files/000025.pdf.tmp_
[5073] 556e5cb5e4e7767 C /home/capstone/project/test_files/000360.pdf.README_TO_RESTORE
[5073] 556e5cb5e4e7767 O /home/capstone/project/test_files/000360.pdf.README_TO_RESTORE
[5073] 556e5cb5e4e7767 O /home/capstone/project/test_files/000931.txt.README_TO_RESTORE
[5073] 556e5cb5e4e7767 O /home/capstone/project/test_files/000142.pdf
[5073] 556e5cb5e4e7767 O /home/capstone/project/test_files/000142.pdf.tmp_
[5073] 556e5cb5e4e7767 C /home/capstone/project/test_files/000669.txt.README_TO_RESTORE
[5073] 556e5cb5e4e7767 O /home/capstone/project/test_files/000669.txt.README_TO_RESTORE
[5073] 556e5cb5e4e7767 C /home/capstone/project/test_files/000341.pdf.README_TO_RESTORE
[5073] 556e5cb5e4e7767 O /home/capstone/project/test_files/000341.pdf.README_TO_RESTORE
[5073] 556e5cb5e4e7767 C /home/capstone/project/test_files/000661.txt.README_TO_RESTORE
[5073] 556e5cb5e4e7767 O /home/capstone/project/test_files/000661.txt.README_TO_RESTORE
[5073] 556e5cb5e4e7767 C /home/capstone/project/test_files/000990.ppt.README_TO_RESTORE
[5073] 556e5cb5e4e7767 O /home/capstone/project/test_files/000990.ppt.README_TO_RESTORE
[5073] 556e5cb5e4e7767 C /home/capstone/project/test_files/000025.pdf.README_TO_RESTORE
[5073] 556e5cb5e4e7767 O /home/capstone/project/test_files/000025.pdf.README_TO_RESTORE
[5073] 556e5cb5e4e7767 O /home/capstone/project/test_files/000799.doc
[5073] 556e5cb5e4e7767 O /home/capstone/project/test_files/000799.doc.tmp_
[5073] 556e5cb5e4e7767 O /home/capstone/project/test_files/000991.ppt
[5073] 556e5cb5e4e7767 O /home/capstone/project/test_files/000991.ppt.tmp_
[5073] 556e5cb5e4e7767 O /home/capstone/project/test_files/000548.gif
[5073] 556e5cb5e4e7767 O /home/capstone/project/test_files/000548.gif.tmp_
[5073] 556e5cb5e4e7767 O /home/capstone/project/test_files/000301.ppt
[5073] 556e5cb5e4e7767 O /home/capstone/project/test_files/000301.ppt.tmp_
[5073] 556e5cb5e4e7767 O /home/capstone/project/test_files/000541.jpg
[5073] 556e5cb5e4e7767 O /home/capstone/project/test_files/000541.jpg.tmp_
[5073] 556e5cb5e4e7767 O /home/capstone/project/test_files/000883.jpg
[5073] 556e5cb5e4e7767 O /home/capstone/project/test_files/000883.jpg.tmp_
[5073] 556e5cb5e4e7767 O /home/capstone/project/test_files/000561.gif
[5073] 556e5cb5e4e7767 O /home/capstone/project/test_files/000561.gif.tmp_
[5073] 556e5cb5e4e7767 C /home/capstone/project/test_files/000142.pdf.README_TO_RESTORE
[5073] 556e5cb5e4e7767 O /home/capstone/project/test_files/000142.pdf.README_TO_RESTORE
[5073] 556e5cb5e4e7767 C /home/capstone/project/test_files/000991.ppt.README_TO_RESTORE
[5073] 556e5cb5e4e7767 O /home/capstone/project/test_files/000991.ppt.README_TO_RESTORE
[5073] 556e5cb5e4e7767 O /home/capstone/project/test_files/000640.html
[5073] 556e5cb5e4e7767 O /home/capstone/project/test_files/000528.jpg
[5073] 556e5cb5e4e7767 O /home/capstone/project/test_files/000528.jpg.tmp_
[5073] 556e5cb5e4e7767 O /home/capstone/project/test_files/000640.html.tmp_
[5073] 556e5cb5e4e7767 C /home/capstone/project/test_files/000197.html.README_TO_RESTORE
[5073] 556e5cb5e4e7767 O /home/capstone/project/test_files/000197.html.README_TO_RESTORE
[5073] 556e5cb5e4e7767 O /home/capstone/project/test_files/000820.html
[5073] 556e5cb5e4e7767 O /home/capstone/project/test_files/000820.html.tmp_
[5073] 556e5cb5e4e7767 C /home/capstone/project/test_files/000799.doc.README_TO_RESTORE
[5073] 556e5cb5e4e7767 O /home/capstone/project/test_files/000799.doc.README_TO_RESTORE
[5073] 556e5cb5e4e7767 C /home/capstone/project/test_files/000640.html.README_TO_RESTORE
[5073] 556e5cb5e4e7767 O /home/capstone/project/test_files/000640.html.README_TO_RESTORE
[5073] 556e5cb5e4e7767 C /home/capstone/project/test_files/000795.doc.README_TO_RESTORE
[5073] 556e5cb5e4e7767 O /home/capstone/project/test_files/000795.doc.README_TO_RESTORE
[5073] 556e5cb5e4e7767 C /home/capstone/project/test_files/000541.jpg.README_TO_RESTORE
[5073] 556e5cb5e4e7767 O /home/capstone/project/test_files/000541.jpg.README_TO_RESTORE
[5073] 556e5cb5e4e7767 O /home/capstone/project/test_files/000062.html
[5073] 556e5cb5e4e7767 O /home/capstone/project/test_files/000062.html.tmp_
[5073] 556e5cb5e4e7767 O /home/capstone/project/test_files/000277.doc
[5073] 556e5cb5e4e7767 O /home/capstone/project/test_files/000277.doc.tmp_
[5073] 556e5cb5e4e7767 O /home/capstone/project/test_files/000083.unk
[5073] 556e5cb5e4e7767 C /home/capstone/project/test_files/000301.ppt.README_TO_RESTORE
[5073] 556e5cb5e4e7767 O /home/capstone/project/test_files/000083.unk.tmp_
[5073] 556e5cb5e4e7767 O /home/capstone/project/test_files/000301.ppt.README_TO_RESTORE
[5073] 556e5cb5e4e7767 O /home/capstone/project/test_files/000321.ppt
[5073] 556e5cb5e4e7767 O /home/capstone/project/test_files/000321.ppt.tmp_
[5073] 556e5cb5e4e7767 O /home/capstone/project/test_files/000880.jpg
[5073] 556e5cb5e4e7767 O /home/capstone/project/test_files/000880.jpg.tmp_
[5073] 556e5cb5e4e7767 O /home/capstone/project/test_files/000811.pdf
[5073] 556e5cb5e4e7767 C /home/capstone/project/test_files/000528.jpg.README_TO_RESTORE
[5073] 556e5cb5e4e7767 O /home/capstone/project/test_files/000528.jpg.README_TO_RESTORE
[5073] 556e5cb5e4e7767 O /home/capstone/project/test_files/000811.pdf.tmp_
[5073] 556e5cb5e4e7767 C /home/capstone/project/test_files/000561.gif.README_TO_RESTORE
[5073] 556e5cb5e4e7767 O /home/capstone/project/test_files/000561.gif.README_TO_RESTORE
[5073] 556e5cb5e4e7767 O /home/capstone/project/test_files/000525.gif
[5073] 556e5cb5e4e7767 O /home/capstone/project/test_files/000525.gif.tmp_
[5073] 556e5cb5e4e7767 C /home/capstone/project/test_files/000548.gif.README_TO_RESTORE
[5073] 556e5cb5e4e7767 O /home/capstone/project/test_files/000548.gif.README_TO_RESTORE
[5073] 556e5cb5e4e7767 O /home/capstone/project/test_files/000108.jpg
[5073] 556e5cb5e4e7767 O /home/capstone/project/test_files/000108.jpg.tmp_
[5073] 556e5cb5e4e7767 C /home/capstone/project/test_files/000883.jpg.README_TO_RESTORE
[5073] 556e5cb5e4e7767 O /home/capstone/project/test_files/000883.jpg.README_TO_RESTORE
[5073] 556e5cb5e4e7767 C /home/capstone/project/test_files/000820.html.README_TO_RESTORE
[5073] 556e5cb5e4e7767 O /home/capstone/project/test_files/000820.html.README_TO_RESTORE
[5073] 556e5cb5e4e7767 C /home/capstone/project/test_files/000880.jpg.README_TO_RESTORE
[5073] 556e5cb5e4e7767 O /home/capstone/project/test_files/000626.txt
[5073] 556e5cb5e4e7767 O /home/capstone/project/test_files/000121.doc
[5073] 556e5cb5e4e7767 O /home/capstone/project/test_files/000121.doc.tmp_
[5073] 556e5cb5e4e7767 O /home/capstone/project/test_files/000626.txt.tmp_
[5073] 556e5cb5e4e7767 C /home/capstone/project/test_files/000083.unk.README_TO_RESTORE
[5073] 556e5cb5e4e7767 O /home/capstone/project/test_files/000083.unk.README_TO_RESTORE
[5073] 556e5cb5e4e7767 O /home/capstone/project/test_files/000398.xls
[5073] 556e5cb5e4e7767 O /home/capstone/project/test_files/000398.xls.tmp_
[5073] 556e5cb5e4e7767 O /home/capstone/project/test_files/000057.html
[5073] 556e5cb5e4e7767 O /home/capstone/project/test_files/000057.html.tmp_
[5073] 556e5cb5e4e7767 C /home/capstone/project/test_files/000525.gif.README_TO_RESTORE
[5073] 556e5cb5e4e7767 O /home/capstone/project/test_files/000525.gif.README_TO_RESTORE
[5073] 556e5cb5e4e7767 O /home/capstone/project/test_files/000880.jpg.README_TO_RESTORE
[5073] 556e5cb5e4e7767 C /home/capstone/project/test_files/000811.pdf.README_TO_RESTORE
[5073] 556e5cb5e4e7767 O /home/capstone/project/test_files/000811.pdf.README_TO_RESTORE
[5073] 556e5cb5e4e7767 C /home/capstone/project/test_files/000108.jpg.README_TO_RESTORE
[5073] 556e5cb5e4e7767 O /home/capstone/project/test_files/000108.jpg.README_TO_RESTORE
[5073] 556e5cb5e4e7767 C /home/capstone/project/test_files/000062.html.README_TO_RESTORE
[5073] 556e5cb5e4e7767 O /home/capstone/project/test_files/000062.html.README_TO_RESTORE
[5073] 556e5cb5e4e7767 C /home/capstone/project/test_files/000277.doc.README_TO_RESTORE
[5073] 556e5cb5e4e7767 O /home/capstone/project/test_files/000277.doc.README_TO_RESTORE
[5073] 556e5cb5e4e7767 O /home/capstone/project/test_files/000581.pdf
[5073] 556e5cb5e4e7767 O /home/capstone/project/test_files/000581.pdf.tmp_
[5073] 556e5cb5e4e7767 O /home/capstone/project/test_files/000623.html
[5073] 556e5cb5e4e7767 O /home/capstone/project/test_files/000623.html.tmp_
[5073] 556e5cb5e4e7767 O /home/capstone/project/test_files/000167.ppt
[5073] 556e5cb5e4e7767 O /home/capstone/project/test_files/000167.ppt.tmp_
[5073] 556e5cb5e4e7767 O /home/capstone/project/test_files/000392.xls
[5073] 556e5cb5e4e7767 O /home/capstone/project/test_files/000392.xls.tmp_
[5073] 556e5cb5e4e7767 O /home/capstone/project/test_files/000065.html
[5073] 556e5cb5e4e7767 O /home/capstone/project/test_files/000065.html.tmp_
[5073] 556e5cb5e4e7767 C /home/capstone/project/test_files/000398.xls.README_TO_RESTORE
[5073] 556e5cb5e4e7767 O /home/capstone/project/test_files/000398.xls.README_TO_RESTORE
[5073] 556e5cb5e4e7767 C /home/capstone/project/test_files/000121.doc.README_TO_RESTORE
[5073] 556e5cb5e4e7767 C /home/capstone/project/test_files/000167.ppt.README_TO_RESTORE
[5073] 556e5cb5e4e7767 O /home/capstone/project/test_files/000121.doc.README_TO_RESTORE
[5073] 556e5cb5e4e7767 O /home/capstone/project/test_files/000167.ppt.README_TO_RESTORE
[5073] 556e5cb5e4e7767 O /home/capstone/project/test_files/000876.jpg
[5073] 556e5cb5e4e7767 O /home/capstone/project/test_files/000876.jpg.tmp_
[5073] 556e5cb5e4e7767 O /home/capstone/project/test_files/000916.html
[5073] 556e5cb5e4e7767 O /home/capstone/project/test_files/000377.xls
[5073] 556e5cb5e4e7767 O /home/capstone/project/test_files/000916.html.tmp_
[5073] 556e5cb5e4e7767 O /home/capstone/project/test_files/000377.xls.tmp_
[5073] 556e5cb5e4e7767 C /home/capstone/project/test_files/000057.html.README_TO_RESTORE
[5073] 556e5cb5e4e7767 O /home/capstone/project/test_files/000057.html.README_TO_RESTORE
[5073] 556e5cb5e4e7767 C /home/capstone/project/test_files/000581.pdf.README_TO_RESTORE
[5073] 556e5cb5e4e7767 O /home/capstone/project/test_files/000581.pdf.README_TO_RESTORE
[5073] 556e5cb5e4e7767 C /home/capstone/project/test_files/000623.html.README_TO_RESTORE
[5073] 556e5cb5e4e7767 C /home/capstone/project/test_files/000876.jpg.README_TO_RESTORE
[5073] 556e5cb5e4e7767 O /home/capstone/project/test_files/000623.html.README_TO_RESTORE
[5073] 556e5cb5e4e7767 O /home/capstone/project/test_files/000876.jpg.README_TO_RESTORE
[5073] 556e5cb5e4e7767 C /home/capstone/project/test_files/000392.xls.README_TO_RESTORE
[5073] 556e5cb5e4e7767 O /home/capstone/project/test_files/000857.txt
[5073] 556e5cb5e4e7767 O /home/capstone/project/test_files/000857.txt.tmp_
[5073] 556e5cb5e4e7767 O /home/capstone/project/test_files/000842.txt
[5073] 556e5cb5e4e7767 O /home/capstone/project/test_files/000842.txt.tmp_
[5073] 556e5cb5e4e7767 O /home/capstone/project/test_files/000815.html
[5073] 556e5cb5e4e7767 O /home/capstone/project/test_files/000815.html.tmp_
[5073] 556e5cb5e4e7767 O /home/capstone/project/test_files/000392.xls.README_TO_RESTORE
[5073] 556e5cb5e4e7767 C /home/capstone/project/test_files/000321.ppt.README_TO_RESTORE
[5073] 556e5cb5e4e7767 O /home/capstone/project/test_files/000321.ppt.README_TO_RESTORE
[5073] 556e5cb5e4e7767 O /home/capstone/project/test_files/000544.jpg
[5073] 556e5cb5e4e7767 O /home/capstone/project/test_files/000544.jpg.tmp_
[5073] 556e5cb5e4e7767 C /home/capstone/project/test_files/000544.jpg.README_TO_RESTORE
[5073] 556e5cb5e4e7767 O /home/capstone/project/test_files/000544.jpg.README_TO_RESTORE
[5073] 556e5cb5e4e7767 O /home/capstone/project/test_files/000225.f
[5073] 556e5cb5e4e7767 O /home/capstone/project/test_files/000225.f.tmp_
[5073] 556e5cb5e4e7767 O /home/capstone/project/test_files/000960.doc
[5073] 556e5cb5e4e7767 O /home/capstone/project/test_files/000407.xls
[5073] 556e5cb5e4e7767 O /home/capstone/project/test_files/000407.xls.tmp_
[5073] 556e5cb5e4e7767 O /home/capstone/project/test_files/000960.doc.tmp_
[5073] 556e5cb5e4e7767 C /home/capstone/project/test_files/000842.txt.README_TO_RESTORE
[5073] 556e5cb5e4e7767 O /home/capstone/project/test_files/000842.txt.README_TO_RESTORE
[5073] 556e5cb5e4e7767 O /home/capstone/project/test_files/000371.pdf
[5073] 556e5cb5e4e7767 O /home/capstone/project/test_files/000371.pdf.tmp_
[5073] 556e5cb5e4e7767 C /home/capstone/project/test_files/000407.xls.README_TO_RESTORE
[5073] 556e5cb5e4e7767 O /home/capstone/project/test_files/000407.xls.README_TO_RESTORE
[5073] 556e5cb5e4e7767 C /home/capstone/project/test_files/000857.txt.README_TO_RESTORE
[5073] 556e5cb5e4e7767 O /home/capstone/project/test_files/000857.txt.README_TO_RESTORE
[5073] 556e5cb5e4e7767 C /home/capstone/project/test_files/000626.txt.README_TO_RESTORE
[5073] 556e5cb5e4e7767 O /home/capstone/project/test_files/000514.jpg
[5073] 556e5cb5e4e7767 O /home/capstone/project/test_files/000514.jpg.tmp_
[5073] 556e5cb5e4e7767 O /home/capstone/project/test_files/000626.txt.README_TO_RESTORE
[5073] 556e5cb5e4e7767 O /home/capstone/project/test_files/000644.txt
[5073] 556e5cb5e4e7767 O /home/capstone/project/test_files/000644.txt.tmp_
[5073] 556e5cb5e4e7767 C /home/capstone/project/test_files/000916.html.README_TO_RESTORE
[5073] 556e5cb5e4e7767 C /home/capstone/project/test_files/000065.html.README_TO_RESTORE
[5073] 556e5cb5e4e7767 O /home/capstone/project/test_files/000892.html
[5073] 556e5cb5e4e7767 O /home/capstone/project/test_files/000892.html.tmp_
[5073] 556e5cb5e4e7767 O /home/capstone/project/test_files/000702.ps
[5073] 556e5cb5e4e7767 O /home/capstone/project/test_files/000702.ps.tmp_
[5073] 556e5cb5e4e7767 O /home/capstone/project/test_files/000916.html.README_TO_RESTORE
[5073] 556e5cb5e4e7767 O /home/capstone/project/test_files/000065.html.README_TO_RESTORE
[5073] 556e5cb5e4e7767 C /home/capstone/project/test_files/000377.xls.README_TO_RESTORE
[5073] 556e5cb5e4e7767 C /home/capstone/project/test_files/000815.html.README_TO_RESTORE
[5073] 556e5cb5e4e7767 O /home/capstone/project/test_files/000815.html.README_TO_RESTORE
[5073] 556e5cb5e4e7767 O /home/capstone/project/test_files/000491.txt
[5073] 556e5cb5e4e7767 O /home/capstone/project/test_files/000377.xls.README_TO_RESTORE
[5073] 556e5cb5e4e7767 O /home/capstone/project/test_files/000491.txt.tmp_
[5073] 556e5cb5e4e7767 O /home/capstone/project/test_files/000357.pdf
[5073] 556e5cb5e4e7767 O /home/capstone/project/test_files/000357.pdf.tmp_
[5073] 556e5cb5e4e7767 O /home/capstone/project/test_files/000288.ppt
[5073] 556e5cb5e4e7767 O /home/capstone/project/test_files/000288.ppt.tmp_
[5073] 556e5cb5e4e7767 O /home/capstone/project/test_files/000415.html
[5073] 556e5cb5e4e7767 O /home/capstone/project/test_files/000415.html.tmp_
[5073] 556e5cb5e4e7767 C /home/capstone/project/test_files/000960.doc.README_TO_RESTORE
[5073] 556e5cb5e4e7767 O /home/capstone/project/test_files/000960.doc.README_TO_RESTORE
[5073] 556e5cb5e4e7767 O /home/capstone/project/test_files/000029.pdf
[5073] 556e5cb5e4e7767 O /home/capstone/project/test_files/000029.pdf.tmp_
[5073] 556e5cb5e4e7767 C /home/capstone/project/test_files/000371.pdf.README_TO_RESTORE
[5073] 556e5cb5e4e7767 O /home/capstone/project/test_files/000371.pdf.README_TO_RESTORE
[5073] 556e5cb5e4e7767 C /home/capstone/project/test_files/000892.html.README_TO_RESTORE
[5073] 556e5cb5e4e7767 O /home/capstone/project/test_files/000892.html.README_TO_RESTORE
[5073] 556e5cb5e4e7767 O /home/capstone/project/test_files/000879.jpg
[5073] 556e5cb5e4e7767 O /home/capstone/project/test_files/000879.jpg.tmp_
[5073] 556e5cb5e4e7767 C /home/capstone/project/test_files/000644.txt.README_TO_RESTORE
[5073] 556e5cb5e4e7767 O /home/capstone/project/test_files/000644.txt.README_TO_RESTORE
[5073] 556e5cb5e4e7767 C /home/capstone/project/test_files/000225.f.README_TO_RESTORE
[5073] 556e5cb5e4e7767 C /home/capstone/project/test_files/000514.jpg.README_TO_RESTORE
[5073] 556e5cb5e4e7767 C /home/capstone/project/test_files/000357.pdf.README_TO_RESTORE
[5073] 556e5cb5e4e7767 C /home/capstone/project/test_files/000702.ps.README_TO_RESTORE
[5073] 556e5cb5e4e7767 O /home/capstone/project/test_files/000702.ps.README_TO_RESTORE
[5073] 556e5cb5e4e7767 O /home/capstone/project/test_files/000514.jpg.README_TO_RESTORE
[5073] 556e5cb5e4e7767 O /home/capstone/project/test_files/000225.f.README_TO_RESTORE
[5073] 556e5cb5e4e7767 O /home/capstone/project/test_files/000357.pdf.README_TO_RESTORE
[5073] 556e5cb5e4e7767 C /home/capstone/project/test_files/000288.ppt.README_TO_RESTORE
[5073] 556e5cb5e4e7767 O /home/capstone/project/test_files/000288.ppt.README_TO_RESTORE
[5073] 556e5cb5e4e7767 C /home/capstone/project/test_files/000491.txt.README_TO_RESTORE
[5073] 556e5cb5e4e7767 O /home/capstone/project/test_files/000491.txt.README_TO_RESTORE
[5073] 556e5cb5e4e7767 O /home/capstone/project/test_files/000159.pdf
[5073] 556e5cb5e4e7767 O /home/capstone/project/test_files/000159.pdf.tmp_
[5073] 556e5cb5e4e7767 C /home/capstone/project/test_files/000415.html.README_TO_RESTORE
[5073] 556e5cb5e4e7767 O /home/capstone/project/test_files/000415.html.README_TO_RESTORE
[5073] 556e5cb5e4e7767 O /home/capstone/project/test_files/000755.pdf
[5073] 556e5cb5e4e7767 O /home/capstone/project/test_files/000755.pdf.tmp_
[5073] 556e5cb5e4e7767 O /home/capstone/project/test_files/000612.html
[5073] 556e5cb5e4e7767 O /home/capstone/project/test_files/000612.html.tmp_
[5073] 556e5cb5e4e7767 O /home/capstone/project/test_files/000878.pdf
[5073] 556e5cb5e4e7767 O /home/capstone/project/test_files/000878.pdf.tmp_
[5073] 556e5cb5e4e7767 O /home/capstone/project/test_files/000373.pdf
[5073] 556e5cb5e4e7767 O /home/capstone/project/test_files/000373.pdf.tmp_
[5073] 556e5cb5e4e7767 O /home/capstone/project/test_files/000718.gz
[5073] 556e5cb5e4e7767 O /home/capstone/project/test_files/000718.gz.tmp_
[5073] 556e5cb5e4e7767 O /home/capstone/project/test_files/000421.html
[5073] 556e5cb5e4e7767 O /home/capstone/project/test_files/000421.html.tmp_
[5073] 556e5cb5e4e7767 C /home/capstone/project/test_files/000879.jpg.README_TO_RESTORE
[5073] 556e5cb5e4e7767 O /home/capstone/project/test_files/000879.jpg.README_TO_RESTORE
[5073] 556e5cb5e4e7767 C /home/capstone/project/test_files/000029.pdf.README_TO_RESTORE
[5073] 556e5cb5e4e7767 O /home/capstone/project/test_files/000029.pdf.README_TO_RESTORE
[5073] 556e5cb5e4e7767 C /home/capstone/project/test_files/000159.pdf.README_TO_RESTORE
[5073] 556e5cb5e4e7767 O /home/capstone/project/test_files/000159.pdf.README_TO_RESTORE
[5073] 556e5cb5e4e7767 O /home/capstone/project/test_files/000215.html
[5073] 556e5cb5e4e7767 O /home/capstone/project/test_files/000215.html.tmp_
[5073] 556e5cb5e4e7767 C /home/capstone/project/test_files/000755.pdf.README_TO_RESTORE
[5073] 556e5cb5e4e7767 O /home/capstone/project/test_files/000755.pdf.README_TO_RESTORE
[5073] 556e5cb5e4e7767 C /home/capstone/project/test_files/000612.html.README_TO_RESTORE
[5073] 556e5cb5e4e7767 O /home/capstone/project/test_files/000612.html.README_TO_RESTORE
[5073] 556e5cb5e4e7767 C /home/capstone/project/test_files/000878.pdf.README_TO_RESTORE
[5073] 556e5cb5e4e7767 O /home/capstone/project/test_files/000878.pdf.README_TO_RESTORE
[5073] 556e5cb5e4e7767 C /home/capstone/project/test_files/000718.gz.README_TO_RESTORE
[5073] 556e5cb5e4e7767 O /home/capstone/project/test_files/000718.gz.README_TO_RESTORE
[5073] 556e5cb5e4e7767 C /home/capstone/project/test_files/000421.html.README_TO_RESTORE
[5073] 556e5cb5e4e7767 O /home/capstone/project/test_files/000421.html.README_TO_RESTORE
[5073] 556e5cb5e4e7767 C /home/capstone/project/test_files/000215.html.README_TO_RESTORE
[5073] 556e5cb5e4e7767 O /home/capstone/project/test_files/000215.html.README_TO_RESTORE
[5073] 556e5cb5e4e7767 C /home/capstone/project/test_files/000373.pdf.README_TO_RESTORE
[5073] 556e5cb5e4e7767 O /home/capstone/project/test_files/000242.jpg
[5073] 556e5cb5e4e7767 O /home/capstone/project/test_files/000242.jpg.tmp_
[5073] 556e5cb5e4e7767 O /home/capstone/project/test_files/000373.pdf.README_TO_RESTORE
[5073] 556e5cb5e4e7767 O /home/capstone/project/test_files/000787.html
[5073] 556e5cb5e4e7767 O /home/capstone/project/test_files/000787.html.tmp_
[5073] 556e5cb5e4e7767 O /home/capstone/project/test_files/000200.html
[5073] 556e5cb5e4e7767 O /home/capstone/project/test_files/000200.html.tmp_
[5073] 556e5cb5e4e7767 O /home/capstone/project/test_files/000465.unk
[5073] 556e5cb5e4e7767 O /home/capstone/project/test_files/000465.unk.tmp_
[5073] 556e5cb5e4e7767 O /home/capstone/project/test_files/000391.xls
[5073] 556e5cb5e4e7767 O /home/capstone/project/test_files/000391.xls.tmp_
[5073] 556e5cb5e4e7767 O /home/capstone/project/test_files/000959.xls
[5073] 556e5cb5e4e7767 O /home/capstone/project/test_files/000959.xls.tmp_
[5073] 556e5cb5e4e7767 O /home/capstone/project/test_files/000035.xls
[5073] 556e5cb5e4e7767 O /home/capstone/project/test_files/000035.xls.tmp_
[5073] 556e5cb5e4e7767 O /home/capstone/project/test_files/000036.xls
[5073] 556e5cb5e4e7767 O /home/capstone/project/test_files/000036.xls.tmp_
[5073] 556e5cb5e4e7767 O /home/capstone/project/test_files/000166.pdf
[5073] 556e5cb5e4e7767 O /home/capstone/project/test_files/000166.pdf.tmp_
[5073] 556e5cb5e4e7767 C /home/capstone/project/test_files/000200.html.README_TO_RESTORE
[5073] 556e5cb5e4e7767 O /home/capstone/project/test_files/000200.html.README_TO_RESTORE
[5073] 556e5cb5e4e7767 C /home/capstone/project/test_files/000242.jpg.README_TO_RESTORE
[5073] 556e5cb5e4e7767 O /home/capstone/project/test_files/000242.jpg.README_TO_RESTORE
[5073] 556e5cb5e4e7767 O /home/capstone/project/test_files/000383.xls
[5073] 556e5cb5e4e7767 O /home/capstone/project/test_files/000383.xls.tmp_
[5073] 556e5cb5e4e7767 O /home/capstone/project/test_files/000400.jpg
[5073] 556e5cb5e4e7767 O /home/capstone/project/test_files/000400.jpg.tmp_
[5073] 556e5cb5e4e7767 O /home/capstone/project/test_files/000453.html
[5073] 556e5cb5e4e7767 O /home/capstone/project/test_files/000453.html.tmp_
[5073] 556e5cb5e4e7767 C /home/capstone/project/test_files/000787.html.README_TO_RESTORE
[5073] 556e5cb5e4e7767 O /home/capstone/project/test_files/000787.html.README_TO_RESTORE
[5073] 556e5cb5e4e7767 O /home/capstone/project/test_files/000950.doc
[5073] 556e5cb5e4e7767 O /home/capstone/project/test_files/000950.doc.tmp_
[5073] 556e5cb5e4e7767 O /home/capstone/project/test_files/000124.doc
[5073] 556e5cb5e4e7767 O /home/capstone/project/test_files/000124.doc.tmp_
[5073] 556e5cb5e4e7767 C /home/capstone/project/test_files/000391.xls.README_TO_RESTORE
[5073] 556e5cb5e4e7767 O /home/capstone/project/test_files/000391.xls.README_TO_RESTORE
[5073] 556e5cb5e4e7767 C /home/capstone/project/test_files/000465.unk.README_TO_RESTORE
[5073] 556e5cb5e4e7767 C /home/capstone/project/test_files/000166.pdf.README_TO_RESTORE
[5073] 556e5cb5e4e7767 O /home/capstone/project/test_files/000465.unk.README_TO_RESTORE
[5073] 556e5cb5e4e7767 C /home/capstone/project/test_files/000959.xls.README_TO_RESTORE
[5073] 556e5cb5e4e7767 O /home/capstone/project/test_files/000166.pdf.README_TO_RESTORE
[5073] 556e5cb5e4e7767 O /home/capstone/project/test_files/000959.xls.README_TO_RESTORE
[5073] 556e5cb5e4e7767 O /home/capstone/project/test_files/000375.xls
[5073] 556e5cb5e4e7767 O /home/capstone/project/test_files/000375.xls.tmp_
[5073] 556e5cb5e4e7767 C /home/capstone/project/test_files/000036.xls.README_TO_RESTORE
[5073] 556e5cb5e4e7767 O /home/capstone/project/test_files/000036.xls.README_TO_RESTORE
[5073] 556e5cb5e4e7767 O /home/capstone/project/test_files/000403.xls
[5073] 556e5cb5e4e7767 O /home/capstone/project/test_files/000403.xls.tmp_
[5073] 556e5cb5e4e7767 O /home/capstone/project/test_files/000103.txt
[5073] 556e5cb5e4e7767 O /home/capstone/project/test_files/000103.txt.tmp_
[5073] 556e5cb5e4e7767 O /home/capstone/project/test_files/000010.pdf
[5073] 556e5cb5e4e7767 O /home/capstone/project/test_files/000671.pdf
[5073] 556e5cb5e4e7767 O /home/capstone/project/test_files/000671.pdf.tmp_
[5073] 556e5cb5e4e7767 O /home/capstone/project/test_files/000010.pdf.tmp_
[5073] 556e5cb5e4e7767 C /home/capstone/project/test_files/000383.xls.README_TO_RESTORE
[5073] 556e5cb5e4e7767 O /home/capstone/project/test_files/000383.xls.README_TO_RESTORE
[5073] 556e5cb5e4e7767 C /home/capstone/project/test_files/000453.html.README_TO_RESTORE
[5073] 556e5cb5e4e7767 O /home/capstone/project/test_files/000453.html.README_TO_RESTORE
[5073] 556e5cb5e4e7767 O /home/capstone/project/test_files/000792.html
[5073] 556e5cb5e4e7767 O /home/capstone/project/test_files/000792.html.tmp_
[5073] 556e5cb5e4e7767 C /home/capstone/project/test_files/000035.xls.README_TO_RESTORE
[5073] 556e5cb5e4e7767 O /home/capstone/project/test_files/000035.xls.README_TO_RESTORE
[5073] 556e5cb5e4e7767 C /home/capstone/project/test_files/000103.txt.README_TO_RESTORE
[5073] 556e5cb5e4e7767 O /home/capstone/project/test_files/000103.txt.README_TO_RESTORE
[5073] 556e5cb5e4e7767 O /home/capstone/project/test_files/000724.ppt
[5073] 556e5cb5e4e7767 O /home/capstone/project/test_files/000724.ppt.tmp_
[5073] 556e5cb5e4e7767 O /home/capstone/project/test_files/000370.pdf
[5073] 556e5cb5e4e7767 O /home/capstone/project/test_files/000370.pdf.tmp_
[5073] 556e5cb5e4e7767 O /home/capstone/project/test_files/000043.xls
[5073] 556e5cb5e4e7767 O /home/capstone/project/test_files/000043.xls.tmp_
[5073] 556e5cb5e4e7767 C /home/capstone/project/test_files/000400.jpg.README_TO_RESTORE
[5073] 556e5cb5e4e7767 O /home/capstone/project/test_files/000400.jpg.README_TO_RESTORE
[5073] 556e5cb5e4e7767 C /home/capstone/project/test_files/000792.html.README_TO_RESTORE
[5073] 556e5cb5e4e7767 O /home/capstone/project/test_files/000792.html.README_TO_RESTORE
[5073] 556e5cb5e4e7767 C /home/capstone/project/test_files/000671.pdf.README_TO_RESTORE
[5073] 556e5cb5e4e7767 O /home/capstone/project/test_files/000671.pdf.README_TO_RESTORE
[5073] 556e5cb5e4e7767 O /home/capstone/project/test_files/000651.txt
[5073] 556e5cb5e4e7767 O /home/capstone/project/test_files/000651.txt.tmp_
[5073] 556e5cb5e4e7767 O /home/capstone/project/test_files/000576.csv
[5073] 556e5cb5e4e7767 O /home/capstone/project/test_files/000576.csv.tmp_
[5073] 556e5cb5e4e7767 C /home/capstone/project/test_files/000403.xls.README_TO_RESTORE
[5073] 556e5cb5e4e7767 O /home/capstone/project/test_files/000403.xls.README_TO_RESTORE
[5073] 556e5cb5e4e7767 C /home/capstone/project/test_files/000724.ppt.README_TO_RESTORE
[5073] 556e5cb5e4e7767 O /home/capstone/project/test_files/000724.ppt.README_TO_RESTORE
[5073] 556e5cb5e4e7767 C /home/capstone/project/test_files/000010.pdf.README_TO_RESTORE
[5073] 556e5cb5e4e7767 O /home/capstone/project/test_files/000010.pdf.README_TO_RESTORE
[5073] 556e5cb5e4e7767 C /home/capstone/project/test_files/000950.doc.README_TO_RESTORE
[5073] 556e5cb5e4e7767 C /home/capstone/project/test_files/000124.doc.README_TO_RESTORE
[5073] 556e5cb5e4e7767 O /home/capstone/project/test_files/000522.gif
[5073] 556e5cb5e4e7767 O /home/capstone/project/test_files/000522.gif.tmp_
[5073] 556e5cb5e4e7767 C /home/capstone/project/test_files/000043.xls.README_TO_RESTORE
[5073] 556e5cb5e4e7767 O /home/capstone/project/test_files/000043.xls.README_TO_RESTORE
[5073] 556e5cb5e4e7767 O /home/capstone/project/test_files/000950.doc.README_TO_RESTORE
[5073] 556e5cb5e4e7767 O /home/capstone/project/test_files/000124.doc.README_TO_RESTORE
[5073] 556e5cb5e4e7767 C /home/capstone/project/test_files/000370.pdf.README_TO_RESTORE
[5073] 556e5cb5e4e7767 O /home/capstone/project/test_files/000370.pdf.README_TO_RESTORE
[5073] 556e5cb5e4e7767 O /home/capstone/project/test_files/000446.html
[5073] 556e5cb5e4e7767 C /home/capstone/project/test_files/000375.xls.README_TO_RESTORE
[5073] 556e5cb5e4e7767 O /home/capstone/project/test_files/000375.xls.README_TO_RESTORE
[5073] 556e5cb5e4e7767 O /home/capstone/project/test_files/000446.html.tmp_
[5073] 556e5cb5e4e7767 O /home/capstone/project/test_files/000573.swf
[5073] 556e5cb5e4e7767 O /home/capstone/project/test_files/000573.swf.tmp_
[5073] 556e5cb5e4e7767 O /home/capstone/project/test_files/000897.jpg
[5073] 556e5cb5e4e7767 O /home/capstone/project/test_files/000897.jpg.tmp_
[5073] 556e5cb5e4e7767 O /home/capstone/project/test_files/000276.doc
[5073] 556e5cb5e4e7767 O /home/capstone/project/test_files/000276.doc.tmp_
[5073] 556e5cb5e4e7767 O /home/capstone/project/test_files/000061.html
[5073] 556e5cb5e4e7767 O /home/capstone/project/test_files/000061.html.tmp_
[5073] 556e5cb5e4e7767 O /home/capstone/project/test_files/000447.html
[5073] 556e5cb5e4e7767 O /home/capstone/project/test_files/000447.html.tmp_
[5073] 556e5cb5e4e7767 C /home/capstone/project/test_files/000522.gif.README_TO_RESTORE
[5073] 556e5cb5e4e7767 C /home/capstone/project/test_files/000651.txt.README_TO_RESTORE
[5073] 556e5cb5e4e7767 O /home/capstone/project/test_files/000651.txt.README_TO_RESTORE
[5073] 556e5cb5e4e7767 C /home/capstone/project/test_files/000897.jpg.README_TO_RESTORE
[5073] 556e5cb5e4e7767 C /home/capstone/project/test_files/000576.csv.README_TO_RESTORE
[5073] 556e5cb5e4e7767 O /home/capstone/project/test_files/000522.gif.README_TO_RESTORE
[5073] 556e5cb5e4e7767 C /home/capstone/project/test_files/000447.html.README_TO_RESTORE
[5073] 556e5cb5e4e7767 C /home/capstone/project/test_files/000573.swf.README_TO_RESTORE
[5073] 556e5cb5e4e7767 C /home/capstone/project/test_files/000446.html.README_TO_RESTORE
[5073] 556e5cb5e4e7767 O /home/capstone/project/test_files/000897.jpg.README_TO_RESTORE
[5073] 556e5cb5e4e7767 O /home/capstone/project/test_files/000576.csv.README_TO_RESTORE
[5073] 556e5cb5e4e7767 O /home/capstone/project/test_files/000859.pdf
[5073] 556e5cb5e4e7767 O /home/capstone/project/test_files/000859.pdf.tmp_
[5073] 556e5cb5e4e7767 O /home/capstone/project/test_files/000161.pdf
[5073] 556e5cb5e4e7767 O /home/capstone/project/test_files/000161.pdf.tmp_
[5073] 556e5cb5e4e7767 C /home/capstone/project/test_files/000276.doc.README_TO_RESTORE
[5073] 556e5cb5e4e7767 O /home/capstone/project/test_files/000276.doc.README_TO_RESTORE
[5073] 556e5cb5e4e7767 C /home/capstone/project/test_files/000061.html.README_TO_RESTORE
[5073] 556e5cb5e4e7767 O /home/capstone/project/test_files/000061.html.README_TO_RESTORE
[5073] 556e5cb5e4e7767 O /home/capstone/project/test_files/000447.html.README_TO_RESTORE
[5073] 556e5cb5e4e7767 O /home/capstone/project/test_files/000446.html.README_TO_RESTORE
[5073] 556e5cb5e4e7767 O /home/capstone/project/test_files/000944.doc
[5073] 556e5cb5e4e7767 O /home/capstone/project/test_files/000944.doc.tmp_
[5073] 556e5cb5e4e7767 O /home/capstone/project/test_files/000573.swf.README_TO_RESTORE
[5073] 556e5cb5e4e7767 O /home/capstone/project/test_files/000952.doc
[5073] 556e5cb5e4e7767 O /home/capstone/project/test_files/000952.doc.tmp_
[5073] 556e5cb5e4e7767 O /home/capstone/project/test_files/000900.jpg
[5073] 556e5cb5e4e7767 O /home/capstone/project/test_files/000900.jpg.tmp_
[5073] 556e5cb5e4e7767 O /home/capstone/project/test_files/000741.log
[5073] 556e5cb5e4e7767 O /home/capstone/project/test_files/000741.log.tmp_
[5073] 556e5cb5e4e7767 O /home/capstone/project/test_files/000275.doc
[5073] 556e5cb5e4e7767 O /home/capstone/project/test_files/000275.doc.tmp_
[5073] 556e5cb5e4e7767 O /home/capstone/project/test_files/000650.txt
[5073] 556e5cb5e4e7767 O /home/capstone/project/test_files/000650.txt.tmp_
[5073] 556e5cb5e4e7767 O /home/capstone/project/test_files/000295.ppt
[5073] 556e5cb5e4e7767 O /home/capstone/project/test_files/000295.ppt.tmp_
[5073] 556e5cb5e4e7767 O /home/capstone/project/test_files/000144.doc
[5073] 556e5cb5e4e7767 O /home/capstone/project/test_files/000144.doc.tmp_
[5073] 556e5cb5e4e7767 C /home/capstone/project/test_files/000900.jpg.README_TO_RESTORE
[5073] 556e5cb5e4e7767 O /home/capstone/project/test_files/000900.jpg.README_TO_RESTORE
[5073] 556e5cb5e4e7767 C /home/capstone/project/test_files/000161.pdf.README_TO_RESTORE
[5073] 556e5cb5e4e7767 O /home/capstone/project/test_files/000161.pdf.README_TO_RESTORE
[5073] 556e5cb5e4e7767 C /home/capstone/project/test_files/000650.txt.README_TO_RESTORE
[5073] 556e5cb5e4e7767 C /home/capstone/project/test_files/000952.doc.README_TO_RESTORE
[5073] 556e5cb5e4e7767 O /home/capstone/project/test_files/000952.doc.README_TO_RESTORE
[5073] 556e5cb5e4e7767 C /home/capstone/project/test_files/000741.log.README_TO_RESTORE
[5073] 556e5cb5e4e7767 O /home/capstone/project/test_files/000741.log.README_TO_RESTORE
[5073] 556e5cb5e4e7767 O /home/capstone/project/test_files/000655.txt
[5073] 556e5cb5e4e7767 O /home/capstone/project/test_files/000655.txt.tmp_
[5073] 556e5cb5e4e7767 O /home/capstone/project/test_files/000532.jpg
[5073] 556e5cb5e4e7767 C /home/capstone/project/test_files/000859.pdf.README_TO_RESTORE
[5073] 556e5cb5e4e7767 O /home/capstone/project/test_files/000532.jpg.tmp_
[5073] 556e5cb5e4e7767 O /home/capstone/project/test_files/000650.txt.README_TO_RESTORE
[5073] 556e5cb5e4e7767 O /home/capstone/project/test_files/000967.doc
[5073] 556e5cb5e4e7767 O /home/capstone/project/test_files/000967.doc.tmp_
[5073] 556e5cb5e4e7767 O /home/capstone/project/test_files/000646.txt
[5073] 556e5cb5e4e7767 O /home/capstone/project/test_files/000646.txt.tmp_
[5073] 556e5cb5e4e7767 C /home/capstone/project/test_files/000144.doc.README_TO_RESTORE
[5073] 556e5cb5e4e7767 O /home/capstone/project/test_files/000144.doc.README_TO_RESTORE
[5073] 556e5cb5e4e7767 O /home/capstone/project/test_files/000859.pdf.README_TO_RESTORE
[5073] 556e5cb5e4e7767 O /home/capstone/project/test_files/000088.txt
[5073] 556e5cb5e4e7767 O /home/capstone/project/test_files/000088.txt.tmp_
[5073] 556e5cb5e4e7767 C /home/capstone/project/test_files/000944.doc.README_TO_RESTORE
[5073] 556e5cb5e4e7767 O /home/capstone/project/test_files/000944.doc.README_TO_RESTORE
[5073] 556e5cb5e4e7767 O /home/capstone/project/test_files/000885.pdf
[5073] 556e5cb5e4e7767 O /home/capstone/project/test_files/000885.pdf.tmp_
[5073] 556e5cb5e4e7767 C /home/capstone/project/test_files/000295.ppt.README_TO_RESTORE
[5073] 556e5cb5e4e7767 O /home/capstone/project/test_files/000295.ppt.README_TO_RESTORE
[5073] 556e5cb5e4e7767 C /home/capstone/project/test_files/000646.txt.README_TO_RESTORE
[5073] 556e5cb5e4e7767 O /home/capstone/project/test_files/000646.txt.README_TO_RESTORE
[5073] 556e5cb5e4e7767 C /home/capstone/project/test_files/000655.txt.README_TO_RESTORE
[5073] 556e5cb5e4e7767 C /home/capstone/project/test_files/000532.jpg.README_TO_RESTORE
[5073] 556e5cb5e4e7767 C /home/capstone/project/test_files/000275.doc.README_TO_RESTORE
[5073] 556e5cb5e4e7767 O /home/capstone/project/test_files/000275.doc.README_TO_RESTORE
[5073] 556e5cb5e4e7767 O /home/capstone/project/test_files/000655.txt.README_TO_RESTORE
[5073] 556e5cb5e4e7767 O /home/capstone/project/test_files/000532.jpg.README_TO_RESTORE
[5073] 556e5cb5e4e7767 C /home/capstone/project/test_files/000967.doc.README_TO_RESTORE
[5073] 556e5cb5e4e7767 O /home/capstone/project/test_files/000967.doc.README_TO_RESTORE
[5073] 556e5cb5e4e7767 O /home/capstone/project/test_files/000975.xml
[5073] 556e5cb5e4e7767 O /home/capstone/project/test_files/000975.xml.tmp_
[5073] 556e5cb5e4e7767 O /home/capstone/project/test_files/000046.xls
[5073] 556e5cb5e4e7767 O /home/capstone/project/test_files/000046.xls.tmp_
[5073] 556e5cb5e4e7767 O /home/capstone/project/test_files/000243.jpg
[5073] 556e5cb5e4e7767 O /home/capstone/project/test_files/000243.jpg.tmp_
[5073] 556e5cb5e4e7767 O /home/capstone/project/test_files/000068.html
[5073] 556e5cb5e4e7767 O /home/capstone/project/test_files/000068.html.tmp_
[5073] 556e5cb5e4e7767 O /home/capstone/project/test_files/000387.txt
[5073] 556e5cb5e4e7767 O /home/capstone/project/test_files/000387.txt.tmp_
[5073] 556e5cb5e4e7767 O /home/capstone/project/test_files/000195.html
[5073] 556e5cb5e4e7767 O /home/capstone/project/test_files/000195.html.tmp_
[5073] 556e5cb5e4e7767 O /home/capstone/project/test_files/000217.html
[5073] 556e5cb5e4e7767 O /home/capstone/project/test_files/000217.html.tmp_
[5073] 556e5cb5e4e7767 C /home/capstone/project/test_files/000885.pdf.README_TO_RESTORE
[5073] 556e5cb5e4e7767 O /home/capstone/project/test_files/000885.pdf.README_TO_RESTORE
[5073] 556e5cb5e4e7767 O /home/capstone/project/test_files/000996.ps
[5073] 556e5cb5e4e7767 O /home/capstone/project/test_files/000996.ps.tmp_
[5073] 556e5cb5e4e7767 C /home/capstone/project/test_files/000046.xls.README_TO_RESTORE
[5073] 556e5cb5e4e7767 C /home/capstone/project/test_files/000088.txt.README_TO_RESTORE
[5073] 556e5cb5e4e7767 O /home/capstone/project/test_files/000088.txt.README_TO_RESTORE
[5073] 556e5cb5e4e7767 O /home/capstone/project/test_files/000058.html
[5073] 556e5cb5e4e7767 O /home/capstone/project/test_files/000058.html.tmp_
[5073] 556e5cb5e4e7767 O /home/capstone/project/test_files/000046.xls.README_TO_RESTORE
[5073] 556e5cb5e4e7767 O /home/capstone/project/test_files/000133.ppt
[5073] 556e5cb5e4e7767 O /home/capstone/project/test_files/000133.ppt.tmp_
[5073] 556e5cb5e4e7767 O /home/capstone/project/test_files/000691.doc
[5073] 556e5cb5e4e7767 O /home/capstone/project/test_files/000691.doc.tmp_
[5073] 556e5cb5e4e7767 C /home/capstone/project/test_files/000975.xml.README_TO_RESTORE
[5073] 556e5cb5e4e7767 O /home/capstone/project/test_files/000975.xml.README_TO_RESTORE
[5073] 556e5cb5e4e7767 O /home/capstone/project/test_files/000335.xml
[5073] 556e5cb5e4e7767 O /home/capstone/project/test_files/000335.xml.tmp_
[5073] 556e5cb5e4e7767 C /home/capstone/project/test_files/000217.html.README_TO_RESTORE
[5073] 556e5cb5e4e7767 O /home/capstone/project/test_files/000217.html.README_TO_RESTORE
[5073] 556e5cb5e4e7767 C /home/capstone/project/test_files/000068.html.README_TO_RESTORE
[5073] 556e5cb5e4e7767 O /home/capstone/project/test_files/000068.html.README_TO_RESTORE
[5073] 556e5cb5e4e7767 C /home/capstone/project/test_files/000058.html.README_TO_RESTORE
[5073] 556e5cb5e4e7767 O /home/capstone/project/test_files/000058.html.README_TO_RESTORE
[5073] 556e5cb5e4e7767 O /home/capstone/project/test_files/000445.html
[5073] 556e5cb5e4e7767 O /home/capstone/project/test_files/000445.html.tmp_
[5073] 556e5cb5e4e7767 O /home/capstone/project/test_files/000817.pdf
[5073] 556e5cb5e4e7767 O /home/capstone/project/test_files/000817.pdf.tmp_
[5073] 556e5cb5e4e7767 O /home/capstone/project/test_files/000732.ppt
[5073] 556e5cb5e4e7767 O /home/capstone/project/test_files/000732.ppt.tmp_
[5073] 556e5cb5e4e7767 O /home/capstone/project/test_files/000777.xls
[5073] 556e5cb5e4e7767 O /home/capstone/project/test_files/000777.xls.tmp_
[5073] 556e5cb5e4e7767 C /home/capstone/project/test_files/000996.ps.README_TO_RESTORE
[5073] 556e5cb5e4e7767 O /home/capstone/project/test_files/000996.ps.README_TO_RESTORE
[5073] 556e5cb5e4e7767 C /home/capstone/project/test_files/000335.xml.README_TO_RESTORE
[5073] 556e5cb5e4e7767 O /home/capstone/project/test_files/000335.xml.README_TO_RESTORE
[5073] 556e5cb5e4e7767 C /home/capstone/project/test_files/000387.txt.README_TO_RESTORE
[5073] 556e5cb5e4e7767 O /home/capstone/project/test_files/000387.txt.README_TO_RESTORE
[5073] 556e5cb5e4e7767 C /home/capstone/project/test_files/000195.html.README_TO_RESTORE
[5073] 556e5cb5e4e7767 O /home/capstone/project/test_files/000195.html.README_TO_RESTORE
[5073] 556e5cb5e4e7767 O /home/capstone/project/test_files/000788.doc
[5073] 556e5cb5e4e7767 O /home/capstone/project/test_files/000788.doc.tmp_
[5073] 556e5cb5e4e7767 O /home/capstone/project/test_files/000740.html
[5073] 556e5cb5e4e7767 O /home/capstone/project/test_files/000740.html.tmp_
[5073] 556e5cb5e4e7767 C /home/capstone/project/test_files/000691.doc.README_TO_RESTORE
[5073] 556e5cb5e4e7767 O /home/capstone/project/test_files/000691.doc.README_TO_RESTORE
[5073] 556e5cb5e4e7767 O /home/capstone/project/test_files/000700.xml
[5073] 556e5cb5e4e7767 O /home/capstone/project/test_files/000700.xml.tmp_
[5073] 556e5cb5e4e7767 O /home/capstone/project/test_files/000853.pdf
[5073] 556e5cb5e4e7767 O /home/capstone/project/test_files/000853.pdf.tmp_
[5073] 556e5cb5e4e7767 C /home/capstone/project/test_files/000732.ppt.README_TO_RESTORE
[5073] 556e5cb5e4e7767 O /home/capstone/project/test_files/000732.ppt.README_TO_RESTORE
[5073] 556e5cb5e4e7767 C /home/capstone/project/test_files/000133.ppt.README_TO_RESTORE
[5073] 556e5cb5e4e7767 O /home/capstone/project/test_files/000133.ppt.README_TO_RESTORE
[5073] 556e5cb5e4e7767 C /home/capstone/project/test_files/000777.xls.README_TO_RESTORE
[5073] 556e5cb5e4e7767 O /home/capstone/project/test_files/000777.xls.README_TO_RESTORE
[5073] 556e5cb5e4e7767 C /home/capstone/project/test_files/000817.pdf.README_TO_RESTORE
[5073] 556e5cb5e4e7767 O /home/capstone/project/test_files/000817.pdf.README_TO_RESTORE
[5073] 556e5cb5e4e7767 C /home/capstone/project/test_files/000445.html.README_TO_RESTORE
[5073] 556e5cb5e4e7767 C /home/capstone/project/test_files/000243.jpg.README_TO_RESTORE
[5073] 556e5cb5e4e7767 O /home/capstone/project/test_files/000445.html.README_TO_RESTORE
[5073] 556e5cb5e4e7767 O /home/capstone/project/test_files/000243.jpg.README_TO_RESTORE
[5073] 556e5cb5e4e7767 C /home/capstone/project/test_files/000700.xml.README_TO_RESTORE
[5073] 556e5cb5e4e7767 O /home/capstone/project/test_files/000700.xml.README_TO_RESTORE
[5073] 556e5cb5e4e7767 O /home/capstone/project/test_files/000828.txt
[5073] 556e5cb5e4e7767 O /home/capstone/project/test_files/000828.txt.tmp_
[5073] 556e5cb5e4e7767 C /home/capstone/project/test_files/000788.doc.README_TO_RESTORE
[5073] 556e5cb5e4e7767 O /home/capstone/project/test_files/000788.doc.README_TO_RESTORE
[5073] 556e5cb5e4e7767 O /home/capstone/project/test_files/000313.ppt
[5073] 556e5cb5e4e7767 O /home/capstone/project/test_files/000313.ppt.tmp_
[5073] 556e5cb5e4e7767 O /home/capstone/project/test_files/000005.doc
[5073] 556e5cb5e4e7767 O /home/capstone/project/test_files/000005.doc.tmp_
[5073] 556e5cb5e4e7767 O /home/capstone/project/test_files/000214.html
[5073] 556e5cb5e4e7767 O /home/capstone/project/test_files/000214.html.tmp_
[5073] 556e5cb5e4e7767 O /home/capstone/project/test_files/000620.txt
[5073] 556e5cb5e4e7767 O /home/capstone/project/test_files/000620.txt.tmp_
[5073] 556e5cb5e4e7767 O /home/capstone/project/test_files/000125.doc
[5073] 556e5cb5e4e7767 O /home/capstone/project/test_files/000125.doc.tmp_
[5073] 556e5cb5e4e7767 O /home/capstone/project/test_files/000565.csv
[5073] 556e5cb5e4e7767 O /home/capstone/project/test_files/000565.csv.tmp_
[5073] 556e5cb5e4e7767 O /home/capstone/project/test_files/000308.ppt
[5073] 556e5cb5e4e7767 O /home/capstone/project/test_files/000308.ppt.tmp_
[5073] 556e5cb5e4e7767 O /home/capstone/project/test_files/000019.pdf
[5073] 556e5cb5e4e7767 O /home/capstone/project/test_files/000019.pdf.tmp_
[5073] 556e5cb5e4e7767 C /home/capstone/project/test_files/000853.pdf.README_TO_RESTORE
[5073] 556e5cb5e4e7767 O /home/capstone/project/test_files/000853.pdf.README_TO_RESTORE
[5073] 556e5cb5e4e7767 O /home/capstone/project/test_files/000779.xls
[5073] 556e5cb5e4e7767 O /home/capstone/project/test_files/000779.xls.tmp_
[5073] 556e5cb5e4e7767 C /home/capstone/project/test_files/000313.ppt.README_TO_RESTORE
[5073] 556e5cb5e4e7767 O /home/capstone/project/test_files/000313.ppt.README_TO_RESTORE
[5073] 556e5cb5e4e7767 C /home/capstone/project/test_files/000828.txt.README_TO_RESTORE
[5073] 556e5cb5e4e7767 O /home/capstone/project/test_files/000828.txt.README_TO_RESTORE
[5073] 556e5cb5e4e7767 C /home/capstone/project/test_files/000620.txt.README_TO_RESTORE
[5073] 556e5cb5e4e7767 O /home/capstone/project/test_files/000620.txt.README_TO_RESTORE
[5073] 556e5cb5e4e7767 O /home/capstone/project/test_files/000176.pdf
[5073] 556e5cb5e4e7767 O /home/capstone/project/test_files/000176.pdf.tmp_
[5073] 556e5cb5e4e7767 O /home/capstone/project/test_files/000268.doc
[5073] 556e5cb5e4e7767 O /home/capstone/project/test_files/000955.pdf
[5073] 556e5cb5e4e7767 O /home/capstone/project/test_files/000219.txt
[5073] 556e5cb5e4e7767 O /home/capstone/project/test_files/000955.pdf.tmp_
[5073] 556e5cb5e4e7767 O /home/capstone/project/test_files/000268.doc.tmp_
[5073] 556e5cb5e4e7767 C /home/capstone/project/test_files/000740.html.README_TO_RESTORE
[5073] 556e5cb5e4e7767 O /home/capstone/project/test_files/000219.txt.tmp_
[5073] 556e5cb5e4e7767 C /home/capstone/project/test_files/000005.doc.README_TO_RESTORE
[5073] 556e5cb5e4e7767 O /home/capstone/project/test_files/000005.doc.README_TO_RESTORE
[5073] 556e5cb5e4e7767 O /home/capstone/project/test_files/000740.html.README_TO_RESTORE
[5073] 556e5cb5e4e7767 C /home/capstone/project/test_files/000125.doc.README_TO_RESTORE
[5073] 556e5cb5e4e7767 O /home/capstone/project/test_files/000125.doc.README_TO_RESTORE
[5073] 556e5cb5e4e7767 O /home/capstone/project/test_files/000579.gz
[5073] 556e5cb5e4e7767 O /home/capstone/project/test_files/000579.gz.tmp_
[5073] 556e5cb5e4e7767 O /home/capstone/project/test_files/000254.doc
[5073] 556e5cb5e4e7767 O /home/capstone/project/test_files/000254.doc.tmp_
[5073] 556e5cb5e4e7767 O /home/capstone/project/test_files/000113.doc
[5073] 556e5cb5e4e7767 O /home/capstone/project/test_files/000113.doc.tmp_
[5073] 556e5cb5e4e7767 C /home/capstone/project/test_files/000565.csv.README_TO_RESTORE
[5073] 556e5cb5e4e7767 O /home/capstone/project/test_files/000565.csv.README_TO_RESTORE
[5073] 556e5cb5e4e7767 O /home/capstone/project/test_files/000807.pdf
[5073] 556e5cb5e4e7767 O /home/capstone/project/test_files/000807.pdf.tmp_
[5073] 556e5cb5e4e7767 C /home/capstone/project/test_files/000019.pdf.README_TO_RESTORE
[5073] 556e5cb5e4e7767 O /home/capstone/project/test_files/000019.pdf.README_TO_RESTORE
[5073] 556e5cb5e4e7767 C /home/capstone/project/test_files/000214.html.README_TO_RESTORE
[5073] 556e5cb5e4e7767 O /home/capstone/project/test_files/000214.html.README_TO_RESTORE
[5073] 556e5cb5e4e7767 O /home/capstone/project/test_files/000106.txt
[5073] 556e5cb5e4e7767 O /home/capstone/project/test_files/000106.txt.tmp_
[5073] 556e5cb5e4e7767 O /home/capstone/project/test_files/000427.html
[5073] 556e5cb5e4e7767 O /home/capstone/project/test_files/000427.html.tmp_
[5073] 556e5cb5e4e7767 C /home/capstone/project/test_files/000779.xls.README_TO_RESTORE
[5073] 556e5cb5e4e7767 O /home/capstone/project/test_files/000779.xls.README_TO_RESTORE
[5073] 556e5cb5e4e7767 C /home/capstone/project/test_files/000176.pdf.README_TO_RESTORE
[5073] 556e5cb5e4e7767 O /home/capstone/project/test_files/000176.pdf.README_TO_RESTORE
[5073] 556e5cb5e4e7767 C /home/capstone/project/test_files/000219.txt.README_TO_RESTORE
[5073] 556e5cb5e4e7767 O /home/capstone/project/test_files/000219.txt.README_TO_RESTORE
[5073] 556e5cb5e4e7767 C /home/capstone/project/test_files/000113.doc.README_TO_RESTORE
[5073] 556e5cb5e4e7767 O /home/capstone/project/test_files/000113.doc.README_TO_RESTORE
[5073] 556e5cb5e4e7767 O /home/capstone/project/test_files/000893.html
[5073] 556e5cb5e4e7767 C /home/capstone/project/test_files/000106.txt.README_TO_RESTORE
[5073] 556e5cb5e4e7767 O /home/capstone/project/test_files/000106.txt.README_TO_RESTORE
[5073] 556e5cb5e4e7767 C /home/capstone/project/test_files/000955.pdf.README_TO_RESTORE
[5073] 556e5cb5e4e7767 O /home/capstone/project/test_files/000955.pdf.README_TO_RESTORE
[5073] 556e5cb5e4e7767 O /home/capstone/project/test_files/000893.html.tmp_
[5073] 556e5cb5e4e7767 O /home/capstone/project/test_files/000472.txt
[5073] 556e5cb5e4e7767 O /home/capstone/project/test_files/000472.txt.tmp_
[5073] 556e5cb5e4e7767 O /home/capstone/project/test_files/000411.html
[5073] 556e5cb5e4e7767 O /home/capstone/project/test_files/000411.html.tmp_
[5073] 556e5cb5e4e7767 C /home/capstone/project/test_files/000254.doc.README_TO_RESTORE
[5073] 556e5cb5e4e7767 O /home/capstone/project/test_files/000254.doc.README_TO_RESTORE
[5073] 556e5cb5e4e7767 O /home/capstone/project/test_files/000909.jpg
[5073] 556e5cb5e4e7767 O /home/capstone/project/test_files/000909.jpg.tmp_
[5073] 556e5cb5e4e7767 O /home/capstone/project/test_files/000141.pdf
[5073] 556e5cb5e4e7767 O /home/capstone/project/test_files/000141.pdf.tmp_
[5073] 556e5cb5e4e7767 O /home/capstone/project/test_files/000510.jpg
[5073] 556e5cb5e4e7767 O /home/capstone/project/test_files/000510.jpg.tmp_
[5073] 556e5cb5e4e7767 C /home/capstone/project/test_files/000308.ppt.README_TO_RESTORE
[5073] 556e5cb5e4e7767 O /home/capstone/project/test_files/000308.ppt.README_TO_RESTORE
[5073] 556e5cb5e4e7767 C /home/capstone/project/test_files/000893.html.README_TO_RESTORE
[5073] 556e5cb5e4e7767 O /home/capstone/project/test_files/000893.html.README_TO_RESTORE
[5073] 556e5cb5e4e7767 O /home/capstone/project/test_files/000613.html
[5073] 556e5cb5e4e7767 O /home/capstone/project/test_files/000613.html.tmp_
[5073] 556e5cb5e4e7767 C /home/capstone/project/test_files/000579.gz.README_TO_RESTORE
[5073] 556e5cb5e4e7767 O /home/capstone/project/test_files/000579.gz.README_TO_RESTORE
[5073] 556e5cb5e4e7767 O /home/capstone/project/test_files/000356.pdf
[5073] 556e5cb5e4e7767 O /home/capstone/project/test_files/000356.pdf.tmp_
[5073] 556e5cb5e4e7767 O /home/capstone/project/test_files/000911.doc
[5073] 556e5cb5e4e7767 O /home/capstone/project/test_files/000911.doc.tmp_
[5073] 556e5cb5e4e7767 C /home/capstone/project/test_files/000807.pdf.README_TO_RESTORE
[5073] 556e5cb5e4e7767 O /home/capstone/project/test_files/000807.pdf.README_TO_RESTORE
[5073] 556e5cb5e4e7767 C /home/capstone/project/test_files/000356.pdf.README_TO_RESTORE
[5073] 556e5cb5e4e7767 O /home/capstone/project/test_files/000356.pdf.README_TO_RESTORE
[5073] 556e5cb5e4e7767 C /home/capstone/project/test_files/000472.txt.README_TO_RESTORE
[5073] 556e5cb5e4e7767 O /home/capstone/project/test_files/000472.txt.README_TO_RESTORE
[5073] 556e5cb5e4e7767 C /home/capstone/project/test_files/000911.doc.README_TO_RESTORE
[5073] 556e5cb5e4e7767 O /home/capstone/project/test_files/000911.doc.README_TO_RESTORE
[5073] 556e5cb5e4e7767 C /home/capstone/project/test_files/000613.html.README_TO_RESTORE
[5073] 556e5cb5e4e7767 O /home/capstone/project/test_files/000613.html.README_TO_RESTORE
[5073] 556e5cb5e4e7767 O /home/capstone/project/test_files/000259.doc
[5073] 556e5cb5e4e7767 O /home/capstone/project/test_files/000259.doc.tmp_
[5073] 556e5cb5e4e7767 C /home/capstone/project/test_files/000268.doc.README_TO_RESTORE
[5073] 556e5cb5e4e7767 O /home/capstone/project/test_files/000268.doc.README_TO_RESTORE
[5073] 556e5cb5e4e7767 O /home/capstone/project/test_files/000051.xls
[5073] 556e5cb5e4e7767 O /home/capstone/project/test_files/000051.xls.tmp_
[5073] 556e5cb5e4e7767 O /home/capstone/project/test_files/000704.xml
[5073] 556e5cb5e4e7767 O /home/capstone/project/test_files/000704.xml.tmp_
[5073] 556e5cb5e4e7767 O /home/capstone/project/test_files/000648.txt
[5073] 556e5cb5e4e7767 O /home/capstone/project/test_files/000648.txt.tmp_
[5073] 556e5cb5e4e7767 O /home/capstone/project/test_files/000178.html
[5073] 556e5cb5e4e7767 O /home/capstone/project/test_files/000178.html.tmp_
[5073] 556e5cb5e4e7767 C /home/capstone/project/test_files/000510.jpg.README_TO_RESTORE
[5073] 556e5cb5e4e7767 O /home/capstone/project/test_files/000510.jpg.README_TO_RESTORE
[5073] 556e5cb5e4e7767 C /home/capstone/project/test_files/000259.doc.README_TO_RESTORE
[5073] 556e5cb5e4e7767 O /home/capstone/project/test_files/000259.doc.README_TO_RESTORE
[5073] 556e5cb5e4e7767 C /home/capstone/project/test_files/000704.xml.README_TO_RESTORE
[5073] 556e5cb5e4e7767 O /home/capstone/project/test_files/000704.xml.README_TO_RESTORE
[5073] 556e5cb5e4e7767 O /home/capstone/project/test_files/000114.doc
[5073] 556e5cb5e4e7767 O /home/capstone/project/test_files/000114.doc.tmp_
[5073] 556e5cb5e4e7767 C /home/capstone/project/test_files/000427.html.README_TO_RESTORE
[5073] 556e5cb5e4e7767 O /home/capstone/project/test_files/000427.html.README_TO_RESTORE
[5073] 556e5cb5e4e7767 C /home/capstone/project/test_files/000178.html.README_TO_RESTORE
[5073] 556e5cb5e4e7767 O /home/capstone/project/test_files/000178.html.README_TO_RESTORE
[5073] 556e5cb5e4e7767 C /home/capstone/project/test_files/000411.html.README_TO_RESTORE
[5073] 556e5cb5e4e7767 C /home/capstone/project/test_files/000648.txt.README_TO_RESTORE
[5073] 556e5cb5e4e7767 O /home/capstone/project/test_files/000648.txt.README_TO_RESTORE
[5073] 556e5cb5e4e7767 C /home/capstone/project/test_files/000909.jpg.README_TO_RESTORE
[5073] 556e5cb5e4e7767 O /home/capstone/project/test_files/000599.html
[5073] 556e5cb5e4e7767 O /home/capstone/project/test_files/000599.html.tmp_
[5073] 556e5cb5e4e7767 O /home/capstone/project/test_files/000411.html.README_TO_RESTORE
[5073] 556e5cb5e4e7767 O /home/capstone/project/test_files/000749.html
[5073] 556e5cb5e4e7767 O /home/capstone/project/test_files/000749.html.tmp_
[5073] 556e5cb5e4e7767 O /home/capstone/project/test_files/000909.jpg.README_TO_RESTORE
[5073] 556e5cb5e4e7767 C /home/capstone/project/test_files/000141.pdf.README_TO_RESTORE
[5073] 556e5cb5e4e7767 O /home/capstone/project/test_files/000141.pdf.README_TO_RESTORE
[5073] 556e5cb5e4e7767 C /home/capstone/project/test_files/000051.xls.README_TO_RESTORE
[5073] 556e5cb5e4e7767 O /home/capstone/project/test_files/000051.xls.README_TO_RESTORE
[5073] 556e5cb5e4e7767 O /home/capstone/project/test_files/000947.html
[5073] 556e5cb5e4e7767 O /home/capstone/project/test_files/000947.html.tmp_
[5073] 556e5cb5e4e7767 O /home/capstone/project/test_files/000435.html
[5073] 556e5cb5e4e7767 O /home/capstone/project/test_files/000435.html.tmp_
[5073] 556e5cb5e4e7767 C /home/capstone/project/test_files/000114.doc.README_TO_RESTORE
[5073] 556e5cb5e4e7767 O /home/capstone/project/test_files/000114.doc.README_TO_RESTORE
[5073] 556e5cb5e4e7767 O /home/capstone/project/test_files/000891.html
[5073] 556e5cb5e4e7767 O /home/capstone/project/test_files/000891.html.tmp_
[5073] 556e5cb5e4e7767 O /home/capstone/project/test_files/000251.pdf
[5073] 556e5cb5e4e7767 O /home/capstone/project/test_files/000251.pdf.tmp_
[5073] 556e5cb5e4e7767 C /home/capstone/project/test_files/000749.html.README_TO_RESTORE
[5073] 556e5cb5e4e7767 O /home/capstone/project/test_files/000749.html.README_TO_RESTORE
[5073] 556e5cb5e4e7767 O /home/capstone/project/test_files/000980.ps
[5073] 556e5cb5e4e7767 O /home/capstone/project/test_files/000980.ps.tmp_
[5073] 556e5cb5e4e7767 O /home/capstone/project/test_files/000941.txt
[5073] 556e5cb5e4e7767 O /home/capstone/project/test_files/000941.txt.tmp_
[5073] 556e5cb5e4e7767 C /home/capstone/project/test_files/000599.html.README_TO_RESTORE
[5073] 556e5cb5e4e7767 O /home/capstone/project/test_files/000599.html.README_TO_RESTORE
[5073] 556e5cb5e4e7767 O /home/capstone/project/test_files/000073.html
[5073] 556e5cb5e4e7767 O /home/capstone/project/test_files/000073.html.tmp_
[5073] 556e5cb5e4e7767 O /home/capstone/project/test_files/000797.html
[5073] 556e5cb5e4e7767 O /home/capstone/project/test_files/000797.html.tmp_
[5073] 556e5cb5e4e7767 O /home/capstone/project/test_files/000490.txt
[5073] 556e5cb5e4e7767 O /home/capstone/project/test_files/000490.txt.tmp_
[5073] 556e5cb5e4e7767 O /home/capstone/project/test_files/000552.html
[5073] 556e5cb5e4e7767 O /home/capstone/project/test_files/000552.html.tmp_
[5073] 556e5cb5e4e7767 C /home/capstone/project/test_files/000797.html.README_TO_RESTORE
[5073] 556e5cb5e4e7767 O /home/capstone/project/test_files/000797.html.README_TO_RESTORE
[5073] 556e5cb5e4e7767 C /home/capstone/project/test_files/000891.html.README_TO_RESTORE
[5073] 556e5cb5e4e7767 O /home/capstone/project/test_files/000891.html.README_TO_RESTORE
[5073] 556e5cb5e4e7767 O /home/capstone/project/test_files/000140.pdf
[5073] 556e5cb5e4e7767 O /home/capstone/project/test_files/000140.pdf.tmp_
[5073] 556e5cb5e4e7767 O /home/capstone/project/test_files/000367.pdf
[5073] 556e5cb5e4e7767 O /home/capstone/project/test_files/000367.pdf.tmp_
[5073] 556e5cb5e4e7767 C /home/capstone/project/test_files/000073.html.README_TO_RESTORE
[5073] 556e5cb5e4e7767 O /home/capstone/project/test_files/000073.html.README_TO_RESTORE
[5073] 556e5cb5e4e7767 C /home/capstone/project/test_files/000251.pdf.README_TO_RESTORE
[5073] 556e5cb5e4e7767 O /home/capstone/project/test_files/000251.pdf.README_TO_RESTORE
[5073] 556e5cb5e4e7767 C /home/capstone/project/test_files/000140.pdf.README_TO_RESTORE
[5073] 556e5cb5e4e7767 O /home/capstone/project/test_files/000140.pdf.README_TO_RESTORE
[5073] 556e5cb5e4e7767 C /home/capstone/project/test_files/000980.ps.README_TO_RESTORE
[5073] 556e5cb5e4e7767 O /home/capstone/project/test_files/000980.ps.README_TO_RESTORE
[5073] 556e5cb5e4e7767 O /home/capstone/project/test_files/000329.ppt
[5073] 556e5cb5e4e7767 O /home/capstone/project/test_files/000329.ppt.tmp_
[5073] 556e5cb5e4e7767 O /home/capstone/project/test_files/000454.html
[5073] 556e5cb5e4e7767 O /home/capstone/project/test_files/000454.html.tmp_
[5073] 556e5cb5e4e7767 O /home/capstone/project/test_files/000869.jpg
[5073] 556e5cb5e4e7767 O /home/capstone/project/test_files/000869.jpg.tmp_
[5073] 556e5cb5e4e7767 O /home/capstone/project/test_files/000838.pdf
[5073] 556e5cb5e4e7767 O /home/capstone/project/test_files/000838.pdf.tmp_
[5073] 556e5cb5e4e7767 C /home/capstone/project/test_files/000941.txt.README_TO_RESTORE
[5073] 556e5cb5e4e7767 O /home/capstone/project/test_files/000941.txt.README_TO_RESTORE
[5073] 556e5cb5e4e7767 C /home/capstone/project/test_files/000947.html.README_TO_RESTORE
[5073] 556e5cb5e4e7767 O /home/capstone/project/test_files/000947.html.README_TO_RESTORE
[5073] 556e5cb5e4e7767 C /home/capstone/project/test_files/000490.txt.README_TO_RESTORE
[5073] 556e5cb5e4e7767 C /home/capstone/project/test_files/000435.html.README_TO_RESTORE
[5073] 556e5cb5e4e7767 O /home/capstone/project/test_files/000435.html.README_TO_RESTORE
[5073] 556e5cb5e4e7767 O /home/capstone/project/test_files/000169.ppt
[5073] 556e5cb5e4e7767 O /home/capstone/project/test_files/000169.ppt.tmp_
[5073] 556e5cb5e4e7767 O /home/capstone/project/test_files/000490.txt.README_TO_RESTORE
[5073] 556e5cb5e4e7767 O /home/capstone/project/test_files/000559.ppt
[5073] 556e5cb5e4e7767 O /home/capstone/project/test_files/000559.ppt.tmp_
[5073] 556e5cb5e4e7767 C /home/capstone/project/test_files/000454.html.README_TO_RESTORE
[5073] 556e5cb5e4e7767 O /home/capstone/project/test_files/000504.txt
[5073] 556e5cb5e4e7767 O /home/capstone/project/test_files/000690.csv
[5073] 556e5cb5e4e7767 O /home/capstone/project/test_files/000964.doc
[5073] 556e5cb5e4e7767 C /home/capstone/project/test_files/000869.jpg.README_TO_RESTORE
[5073] 556e5cb5e4e7767 C /home/capstone/project/test_files/000329.ppt.README_TO_RESTORE
[5073] 556e5cb5e4e7767 C /home/capstone/project/test_files/000367.pdf.README_TO_RESTORE
[5073] 556e5cb5e4e7767 C /home/capstone/project/test_files/000552.html.README_TO_RESTORE
[5073] 556e5cb5e4e7767 O /home/capstone/project/test_files/000454.html.README_TO_RESTORE
[5073] 556e5cb5e4e7767 C /home/capstone/project/test_files/000169.ppt.README_TO_RESTORE
[5073] 556e5cb5e4e7767 O /home/capstone/project/test_files/000169.ppt.README_TO_RESTORE
[5073] 556e5cb5e4e7767 C /home/capstone/project/test_files/000559.ppt.README_TO_RESTORE
[5073] 556e5cb5e4e7767 O /home/capstone/project/test_files/000504.txt.tmp_
[5073] 556e5cb5e4e7767 C /home/capstone/project/test_files/000838.pdf.README_TO_RESTORE
[5073] 556e5cb5e4e7767 O /home/capstone/project/test_files/000964.doc.tmp_
[5073] 556e5cb5e4e7767 O /home/capstone/project/test_files/000838.pdf.README_TO_RESTORE
[5073] 556e5cb5e4e7767 O /home/capstone/project/test_files/000690.csv.tmp_
[5073] 556e5cb5e4e7767 O /home/capstone/project/test_files/000869.jpg.README_TO_RESTORE
[5073] 556e5cb5e4e7767 O /home/capstone/project/test_files/000329.ppt.README_TO_RESTORE
[5073] 556e5cb5e4e7767 O /home/capstone/project/test_files/000367.pdf.README_TO_RESTORE
[5073] 556e5cb5e4e7767 O /home/capstone/project/test_files/000649.txt
[5073] 556e5cb5e4e7767 O /home/capstone/project/test_files/000874.jpg
[5073] 556e5cb5e4e7767 O /home/capstone/project/test_files/000649.txt.tmp_
[5073] 556e5cb5e4e7767 O /home/capstone/project/test_files/000874.jpg.tmp_
[5073] 556e5cb5e4e7767 O /home/capstone/project/test_files/000552.html.README_TO_RESTORE
[5073] 556e5cb5e4e7767 O /home/capstone/project/test_files/000559.ppt.README_TO_RESTORE
[5073] 556e5cb5e4e7767 O /home/capstone/project/test_files/000818.pdf
[5073] 556e5cb5e4e7767 O /home/capstone/project/test_files/000818.pdf.tmp_
[5073] 556e5cb5e4e7767 O /home/capstone/project/test_files/000283.doc
[5073] 556e5cb5e4e7767 O /home/capstone/project/test_files/000283.doc.tmp_
[5073] 556e5cb5e4e7767 O /home/capstone/project/test_files/000105.txt
[5073] 556e5cb5e4e7767 O /home/capstone/project/test_files/000105.txt.tmp_
[5073] 556e5cb5e4e7767 O /home/capstone/project/test_files/000179.html
[5073] 556e5cb5e4e7767 O /home/capstone/project/test_files/000179.html.tmp_
[5073] 556e5cb5e4e7767 O /home/capstone/project/test_files/000115.wp
[5073] 556e5cb5e4e7767 O /home/capstone/project/test_files/000115.wp.tmp_
[5073] 556e5cb5e4e7767 C /home/capstone/project/test_files/000964.doc.README_TO_RESTORE
[5073] 556e5cb5e4e7767 O /home/capstone/project/test_files/000964.doc.README_TO_RESTORE
[5073] 556e5cb5e4e7767 C /home/capstone/project/test_files/000649.txt.README_TO_RESTORE
[5073] 556e5cb5e4e7767 O /home/capstone/project/test_files/000649.txt.README_TO_RESTORE
[5073] 556e5cb5e4e7767 C /home/capstone/project/test_files/000105.txt.README_TO_RESTORE
[5073] 556e5cb5e4e7767 O /home/capstone/project/test_files/000105.txt.README_TO_RESTORE
[5073] 556e5cb5e4e7767 O /home/capstone/project/test_files/000637.html
[5073] 556e5cb5e4e7767 O /home/capstone/project/test_files/000637.html.tmp_
[5073] 556e5cb5e4e7767 O /home/capstone/project/test_files/000917.html
[5073] 556e5cb5e4e7767 O /home/capstone/project/test_files/000917.html.tmp_
[5073] 556e5cb5e4e7767 C /home/capstone/project/test_files/000690.csv.README_TO_RESTORE
[5073] 556e5cb5e4e7767 O /home/capstone/project/test_files/000690.csv.README_TO_RESTORE
[5073] 556e5cb5e4e7767 C /home/capstone/project/test_files/000504.txt.README_TO_RESTORE
[5073] 556e5cb5e4e7767 O /home/capstone/project/test_files/000504.txt.README_TO_RESTORE
[5073] 556e5cb5e4e7767 O /home/capstone/project/test_files/000589.pdf
[5073] 556e5cb5e4e7767 O /home/capstone/project/test_files/000589.pdf.tmp_
[5073] 556e5cb5e4e7767 O /home/capstone/project/test_files/000760.pdf
[5073] 556e5cb5e4e7767 O /home/capstone/project/test_files/000760.pdf.tmp_
[5073] 556e5cb5e4e7767 O /home/capstone/project/test_files/000837.txt
[5073] 556e5cb5e4e7767 O /home/capstone/project/test_files/000837.txt.tmp_
[5073] 556e5cb5e4e7767 C /home/capstone/project/test_files/000283.doc.README_TO_RESTORE
[5073] 556e5cb5e4e7767 O /home/capstone/project/test_files/000283.doc.README_TO_RESTORE
[5073] 556e5cb5e4e7767 C /home/capstone/project/test_files/000837.txt.README_TO_RESTORE
[5073] 556e5cb5e4e7767 O /home/capstone/project/test_files/000524.jpg
[5073] 556e5cb5e4e7767 O /home/capstone/project/test_files/000837.txt.README_TO_RESTORE
[5073] 556e5cb5e4e7767 O /home/capstone/project/test_files/000524.jpg.tmp_
[5073] 556e5cb5e4e7767 C /home/capstone/project/test_files/000760.pdf.README_TO_RESTORE
[5073] 556e5cb5e4e7767 O /home/capstone/project/test_files/000760.pdf.README_TO_RESTORE
[5073] 556e5cb5e4e7767 O /home/capstone/project/test_files/000420.html
[5073] 556e5cb5e4e7767 O /home/capstone/project/test_files/000420.html.tmp_
[5073] 556e5cb5e4e7767 O /home/capstone/project/test_files/000578.pdf
[5073] 556e5cb5e4e7767 O /home/capstone/project/test_files/000578.pdf.tmp_
[5073] 556e5cb5e4e7767 O /home/capstone/project/test_files/000520.gif
[5073] 556e5cb5e4e7767 O /home/capstone/project/test_files/000520.gif.tmp_
[5073] 556e5cb5e4e7767 C /home/capstone/project/test_files/000520.gif.README_TO_RESTORE
[5073] 556e5cb5e4e7767 O /home/capstone/project/test_files/000520.gif.README_TO_RESTORE
[5073] 556e5cb5e4e7767 C /home/capstone/project/test_files/000874.jpg.README_TO_RESTORE
[5073] 556e5cb5e4e7767 C /home/capstone/project/test_files/000179.html.README_TO_RESTORE
[5073] 556e5cb5e4e7767 O /home/capstone/project/test_files/000179.html.README_TO_RESTORE
[5073] 556e5cb5e4e7767 O /home/capstone/project/test_files/000874.jpg.README_TO_RESTORE
[5073] 556e5cb5e4e7767 C /home/capstone/project/test_files/000637.html.README_TO_RESTORE
[5073] 556e5cb5e4e7767 O /home/capstone/project/test_files/000637.html.README_TO_RESTORE
[5073] 556e5cb5e4e7767 C /home/capstone/project/test_files/000115.wp.README_TO_RESTORE
[5073] 556e5cb5e4e7767 O /home/capstone/project/test_files/000115.wp.README_TO_RESTORE
[5073] 556e5cb5e4e7767 O /home/capstone/project/test_files/000338.pdf
[5073] 556e5cb5e4e7767 O /home/capstone/project/test_files/000338.pdf.tmp_
[5073] 556e5cb5e4e7767 C /home/capstone/project/test_files/000589.pdf.README_TO_RESTORE
[5073] 556e5cb5e4e7767 O /home/capstone/project/test_files/000589.pdf.README_TO_RESTORE
[5073] 556e5cb5e4e7767 C /home/capstone/project/test_files/000818.pdf.README_TO_RESTORE
[5073] 556e5cb5e4e7767 O /home/capstone/project/test_files/000364.pdf
[5073] 556e5cb5e4e7767 O /home/capstone/project/test_files/000364.pdf.tmp_
[5073] 556e5cb5e4e7767 O /home/capstone/project/test_files/000261.doc
[5073] 556e5cb5e4e7767 O /home/capstone/project/test_files/000261.doc.tmp_
[5073] 556e5cb5e4e7767 O /home/capstone/project/test_files/000818.pdf.README_TO_RESTORE
[5073] 556e5cb5e4e7767 O /home/capstone/project/test_files/000551.jpg
[5073] 556e5cb5e4e7767 O /home/capstone/project/test_files/000551.jpg.tmp_
[5073] 556e5cb5e4e7767 O /home/capstone/project/test_files/000596.pdf
[5073] 556e5cb5e4e7767 O /home/capstone/project/test_files/000596.pdf.tmp_
[5073] 556e5cb5e4e7767 O /home/capstone/project/test_files/000871.jpg
[5073] 556e5cb5e4e7767 O /home/capstone/project/test_files/000871.jpg.tmp_
[5073] 556e5cb5e4e7767 C /home/capstone/project/test_files/000917.html.README_TO_RESTORE
[5073] 556e5cb5e4e7767 O /home/capstone/project/test_files/000917.html.README_TO_RESTORE
[5073] 556e5cb5e4e7767 O /home/capstone/project/test_files/000199.html
[5073] 556e5cb5e4e7767 O /home/capstone/project/test_files/000199.html.tmp_
[5073] 556e5cb5e4e7767 O /home/capstone/project/test_files/000835.txt
[5073] 556e5cb5e4e7767 C /home/capstone/project/test_files/000871.jpg.README_TO_RESTORE
[5073] 556e5cb5e4e7767 O /home/capstone/project/test_files/000871.jpg.README_TO_RESTORE
[5073] 556e5cb5e4e7767 O /home/capstone/project/test_files/000835.txt.tmp_
[5073] 556e5cb5e4e7767 O /home/capstone/project/test_files/000017.swf
[5073] 556e5cb5e4e7767 O /home/capstone/project/test_files/000017.swf.tmp_
[5073] 556e5cb5e4e7767 O /home/capstone/project/test_files/000244.jpg
[5073] 556e5cb5e4e7767 O /home/capstone/project/test_files/000244.jpg.tmp_
[5073] 556e5cb5e4e7767 C /home/capstone/project/test_files/000551.jpg.README_TO_RESTORE
[5073] 556e5cb5e4e7767 O /home/capstone/project/test_files/000551.jpg.README_TO_RESTORE
[5073] 556e5cb5e4e7767 C /home/capstone/project/test_files/000524.jpg.README_TO_RESTORE
[5073] 556e5cb5e4e7767 O /home/capstone/project/test_files/000524.jpg.README_TO_RESTORE
[5073] 556e5cb5e4e7767 C /home/capstone/project/test_files/000261.doc.README_TO_RESTORE
[5073] 556e5cb5e4e7767 O /home/capstone/project/test_files/000261.doc.README_TO_RESTORE
[5073] 556e5cb5e4e7767 C /home/capstone/project/test_files/000578.pdf.README_TO_RESTORE
[5073] 556e5cb5e4e7767 O /home/capstone/project/test_files/000578.pdf.README_TO_RESTORE
[5073] 556e5cb5e4e7767 C /home/capstone/project/test_files/000017.swf.README_TO_RESTORE
[5073] 556e5cb5e4e7767 O /home/capstone/project/test_files/000742.pdf
[5073] 556e5cb5e4e7767 O /home/capstone/project/test_files/000017.swf.README_TO_RESTORE
[5073] 556e5cb5e4e7767 O /home/capstone/project/test_files/000742.pdf.tmp_
[5073] 556e5cb5e4e7767 C /home/capstone/project/test_files/000420.html.README_TO_RESTORE
[5073] 556e5cb5e4e7767 O /home/capstone/project/test_files/000420.html.README_TO_RESTORE
[5073] 556e5cb5e4e7767 C /home/capstone/project/test_files/000835.txt.README_TO_RESTORE
[5073] 556e5cb5e4e7767 O /home/capstone/project/test_files/000835.txt.README_TO_RESTORE
[5073] 556e5cb5e4e7767 C /home/capstone/project/test_files/000364.pdf.README_TO_RESTORE
[5073] 556e5cb5e4e7767 O /home/capstone/project/test_files/000364.pdf.README_TO_RESTORE
[5073] 556e5cb5e4e7767 C /home/capstone/project/test_files/000199.html.README_TO_RESTORE
[5073] 556e5cb5e4e7767 O /home/capstone/project/test_files/000199.html.README_TO_RESTORE
[5073] 556e5cb5e4e7767 C /home/capstone/project/test_files/000244.jpg.README_TO_RESTORE
[5073] 556e5cb5e4e7767 O /home/capstone/project/test_files/000244.jpg.README_TO_RESTORE
[5073] 556e5cb5e4e7767 O /home/capstone/project/test_files/000725.ppt
[5073] 556e5cb5e4e7767 O /home/capstone/project/test_files/000725.ppt.tmp_
[5073] 556e5cb5e4e7767 O /home/capstone/project/test_files/000922.java
[5073] 556e5cb5e4e7767 O /home/capstone/project/test_files/000191.html
[5073] 556e5cb5e4e7767 O /home/capstone/project/test_files/000922.java.tmp_
[5073] 556e5cb5e4e7767 O /home/capstone/project/test_files/000663.pdf
[5073] 556e5cb5e4e7767 O /home/capstone/project/test_files/000998.ppt
[5073] 556e5cb5e4e7767 O /home/capstone/project/test_files/000998.ppt.tmp_
[5073] 556e5cb5e4e7767 O /home/capstone/project/test_files/000191.html.tmp_
[5073] 556e5cb5e4e7767 O /home/capstone/project/test_files/000663.pdf.tmp_
[5073] 556e5cb5e4e7767 O /home/capstone/project/test_files/000162.pdf
[5073] 556e5cb5e4e7767 O /home/capstone/project/test_files/000162.pdf.tmp_
[5073] 556e5cb5e4e7767 O /home/capstone/project/test_files/000653.txt
[5073] 556e5cb5e4e7767 O /home/capstone/project/test_files/000905.jpg
[5073] 556e5cb5e4e7767 O /home/capstone/project/test_files/000905.jpg.tmp_
[5073] 556e5cb5e4e7767 O /home/capstone/project/test_files/000653.txt.tmp_
[5073] 556e5cb5e4e7767 C /home/capstone/project/test_files/000338.pdf.README_TO_RESTORE
[5073] 556e5cb5e4e7767 O /home/capstone/project/test_files/000338.pdf.README_TO_RESTORE
[5073] 556e5cb5e4e7767 O /home/capstone/project/test_files/000681.jpg
[5073] 556e5cb5e4e7767 O /home/capstone/project/test_files/000681.jpg.tmp_
[5073] 556e5cb5e4e7767 C /home/capstone/project/test_files/000596.pdf.README_TO_RESTORE
[5073] 556e5cb5e4e7767 O /home/capstone/project/test_files/000596.pdf.README_TO_RESTORE
[5073] 556e5cb5e4e7767 O /home/capstone/project/test_files/000306.ppt
[5073] 556e5cb5e4e7767 O /home/capstone/project/test_files/000306.ppt.tmp_
[5073] 556e5cb5e4e7767 O /home/capstone/project/test_files/000498.txt
[5073] 556e5cb5e4e7767 O /home/capstone/project/test_files/000498.txt.tmp_
[5073] 556e5cb5e4e7767 C /home/capstone/project/test_files/000742.pdf.README_TO_RESTORE
[5073] 556e5cb5e4e7767 O /home/capstone/project/test_files/000742.pdf.README_TO_RESTORE
[5073] 556e5cb5e4e7767 O /home/capstone/project/test_files/000531.jpg
[5073] 556e5cb5e4e7767 O /home/capstone/project/test_files/000531.jpg.tmp_
[5073] 556e5cb5e4e7767 C /home/capstone/project/test_files/000162.pdf.README_TO_RESTORE
[5073] 556e5cb5e4e7767 O /home/capstone/project/test_files/000162.pdf.README_TO_RESTORE
[5073] 556e5cb5e4e7767 C /home/capstone/project/test_files/000725.ppt.README_TO_RESTORE
[5073] 556e5cb5e4e7767 O /home/capstone/project/test_files/000725.ppt.README_TO_RESTORE
[5073] 556e5cb5e4e7767 C /home/capstone/project/test_files/000998.ppt.README_TO_RESTORE
[5073] 556e5cb5e4e7767 O /home/capstone/project/test_files/000998.ppt.README_TO_RESTORE
[5073] 556e5cb5e4e7767 C /home/capstone/project/test_files/000191.html.README_TO_RESTORE
[5073] 556e5cb5e4e7767 O /home/capstone/project/test_files/000191.html.README_TO_RESTORE
[5073] 556e5cb5e4e7767 O /home/capstone/project/test_files/000390.xls
[5073] 556e5cb5e4e7767 O /home/capstone/project/test_files/000390.xls.tmp_
[5073] 556e5cb5e4e7767 O /home/capstone/project/test_files/000705.doc
[5073] 556e5cb5e4e7767 O /home/capstone/project/test_files/000705.doc.tmp_
[5073] 556e5cb5e4e7767 C /home/capstone/project/test_files/000922.java.README_TO_RESTORE
[5073] 556e5cb5e4e7767 O /home/capstone/project/test_files/000922.java.README_TO_RESTORE
[5073] 556e5cb5e4e7767 O /home/capstone/project/test_files/000296.ppt
[5073] 556e5cb5e4e7767 O /home/capstone/project/test_files/000296.ppt.tmp_
[5073] 556e5cb5e4e7767 C /home/capstone/project/test_files/000905.jpg.README_TO_RESTORE
[5073] 556e5cb5e4e7767 O /home/capstone/project/test_files/000905.jpg.README_TO_RESTORE
[5073] 556e5cb5e4e7767 O /home/capstone/project/test_files/000658.txt
[5073] 556e5cb5e4e7767 O /home/capstone/project/test_files/000658.txt.tmp_
[5073] 556e5cb5e4e7767 O /home/capstone/project/test_files/000737.pdf
[5073] 556e5cb5e4e7767 O /home/capstone/project/test_files/000737.pdf.tmp_
[5073] 556e5cb5e4e7767 O /home/capstone/project/test_files/000958.doc
[5073] 556e5cb5e4e7767 O /home/capstone/project/test_files/000958.doc.tmp_
[5073] 556e5cb5e4e7767 C /home/capstone/project/test_files/000653.txt.README_TO_RESTORE
[5073] 556e5cb5e4e7767 C /home/capstone/project/test_files/000681.jpg.README_TO_RESTORE
[5073] 556e5cb5e4e7767 O /home/capstone/project/test_files/000653.txt.README_TO_RESTORE
[5073] 556e5cb5e4e7767 O /home/capstone/project/test_files/000681.jpg.README_TO_RESTORE
[5073] 556e5cb5e4e7767 C /home/capstone/project/test_files/000663.pdf.README_TO_RESTORE
[5073] 556e5cb5e4e7767 O /home/capstone/project/test_files/000794.html
[5073] 556e5cb5e4e7767 O /home/capstone/project/test_files/000663.pdf.README_TO_RESTORE
[5073] 556e5cb5e4e7767 O /home/capstone/project/test_files/000794.html.tmp_
[5073] 556e5cb5e4e7767 O /home/capstone/project/test_files/000763.pdf
[5073] 556e5cb5e4e7767 O /home/capstone/project/test_files/000763.pdf.tmp_
[5073] 556e5cb5e4e7767 C /home/capstone/project/test_files/000531.jpg.README_TO_RESTORE
[5073] 556e5cb5e4e7767 O /home/capstone/project/test_files/000531.jpg.README_TO_RESTORE
[5073] 556e5cb5e4e7767 C /home/capstone/project/test_files/000296.ppt.README_TO_RESTORE
[5073] 556e5cb5e4e7767 O /home/capstone/project/test_files/000296.ppt.README_TO_RESTORE
[5073] 556e5cb5e4e7767 C /home/capstone/project/test_files/000658.txt.README_TO_RESTORE
[5073] 556e5cb5e4e7767 C /home/capstone/project/test_files/000498.txt.README_TO_RESTORE
[5073] 556e5cb5e4e7767 O /home/capstone/project/test_files/000658.txt.README_TO_RESTORE
[5073] 556e5cb5e4e7767 O /home/capstone/project/test_files/000498.txt.README_TO_RESTORE
[5073] 556e5cb5e4e7767 O /home/capstone/project/test_files/000924.txt
[5073] 556e5cb5e4e7767 O /home/capstone/project/test_files/000924.txt.tmp_
[5073] 556e5cb5e4e7767 C /home/capstone/project/test_files/000390.xls.README_TO_RESTORE
[5073] 556e5cb5e4e7767 O /home/capstone/project/test_files/000938.txt
[5073] 556e5cb5e4e7767 O /home/capstone/project/test_files/000938.txt.tmp_
[5073] 556e5cb5e4e7767 C /home/capstone/project/test_files/000306.ppt.README_TO_RESTORE
[5073] 556e5cb5e4e7767 O /home/capstone/project/test_files/000306.ppt.README_TO_RESTORE
[5073] 556e5cb5e4e7767 C /home/capstone/project/test_files/000705.doc.README_TO_RESTORE
[5073] 556e5cb5e4e7767 O /home/capstone/project/test_files/000705.doc.README_TO_RESTORE
[5073] 556e5cb5e4e7767 O /home/capstone/project/test_files/000390.xls.README_TO_RESTORE
[5073] 556e5cb5e4e7767 C /home/capstone/project/test_files/000794.html.README_TO_RESTORE
[5073] 556e5cb5e4e7767 O /home/capstone/project/test_files/000794.html.README_TO_RESTORE
[5073] 556e5cb5e4e7767 C /home/capstone/project/test_files/000737.pdf.README_TO_RESTORE
[5073] 556e5cb5e4e7767 O /home/capstone/project/test_files/000737.pdf.README_TO_RESTORE
[5073] 556e5cb5e4e7767 O /home/capstone/project/test_files/000304.ppt
[5073] 556e5cb5e4e7767 O /home/capstone/project/test_files/000032.xls
[5073] 556e5cb5e4e7767 O /home/capstone/project/test_files/000304.ppt.tmp_
[5073] 556e5cb5e4e7767 O /home/capstone/project/test_files/000715.ppt
[5073] 556e5cb5e4e7767 O /home/capstone/project/test_files/000715.ppt.tmp_
[5073] 556e5cb5e4e7767 C /home/capstone/project/test_files/000763.pdf.README_TO_RESTORE
[5073] 556e5cb5e4e7767 O /home/capstone/project/test_files/000763.pdf.README_TO_RESTORE
[5073] 556e5cb5e4e7767 O /home/capstone/project/test_files/000032.xls.tmp_
[5073] 556e5cb5e4e7767 C /home/capstone/project/test_files/000958.doc.README_TO_RESTORE
[5073] 556e5cb5e4e7767 O /home/capstone/project/test_files/000958.doc.README_TO_RESTORE
[5073] 556e5cb5e4e7767 O /home/capstone/project/test_files/000343.pdf
[5073] 556e5cb5e4e7767 O /home/capstone/project/test_files/000343.pdf.tmp_
[5073] 556e5cb5e4e7767 C /home/capstone/project/test_files/000304.ppt.README_TO_RESTORE
[5073] 556e5cb5e4e7767 O /home/capstone/project/test_files/000304.ppt.README_TO_RESTORE
[5073] 556e5cb5e4e7767 C /home/capstone/project/test_files/000938.txt.README_TO_RESTORE
[5073] 556e5cb5e4e7767 O /home/capstone/project/test_files/000938.txt.README_TO_RESTORE
[5073] 556e5cb5e4e7767 C /home/capstone/project/test_files/000924.txt.README_TO_RESTORE
[5073] 556e5cb5e4e7767 O /home/capstone/project/test_files/000924.txt.README_TO_RESTORE
[5073] 556e5cb5e4e7767 C /home/capstone/project/test_files/000032.xls.README_TO_RESTORE
[5073] 556e5cb5e4e7767 C /home/capstone/project/test_files/000715.ppt.README_TO_RESTORE
[5073] 556e5cb5e4e7767 O /home/capstone/project/test_files/000715.ppt.README_TO_RESTORE
[5073] 556e5cb5e4e7767 O /home/capstone/project/test_files/000935.txt
[5073] 556e5cb5e4e7767 O /home/capstone/project/test_files/000935.txt.tmp_
[5073] 556e5cb5e4e7767 O /home/capstone/project/test_files/000547.pdf
[5073] 556e5cb5e4e7767 O /home/capstone/project/test_files/000547.pdf.tmp_
[5073] 556e5cb5e4e7767 O /home/capstone/project/test_files/000032.xls.README_TO_RESTORE
[5073] 556e5cb5e4e7767 C /home/capstone/project/test_files/000547.pdf.README_TO_RESTORE
[5073] 556e5cb5e4e7767 C /home/capstone/project/test_files/000935.txt.README_TO_RESTORE
[5073] 556e5cb5e4e7767 O /home/capstone/project/test_files/000935.txt.README_TO_RESTORE
[5073] 556e5cb5e4e7767 O /home/capstone/project/test_files/000547.pdf.README_TO_RESTORE
[5073] 556e5cb5e4e7767 O /home/capstone/project/test_files/000009.pdf
[5073] 556e5cb5e4e7767 O /home/capstone/project/test_files/000009.pdf.tmp_
[5073] 556e5cb5e4e7767 C /home/capstone/project/test_files/000343.pdf.README_TO_RESTORE
[5073] 556e5cb5e4e7767 O /home/capstone/project/test_files/000343.pdf.README_TO_RESTORE
[5073] 556e5cb5e4e7767 O /home/capstone/project/test_files/000695.doc
[5073] 556e5cb5e4e7767 O /home/capstone/project/test_files/000695.doc.tmp_
[5073] 556e5cb5e4e7767 O /home/capstone/project/test_files/000662.txt
[5073] 556e5cb5e4e7767 O /home/capstone/project/test_files/000662.txt.tmp_
[5073] 556e5cb5e4e7767 O /home/capstone/project/test_files/000554.html
[5073] 556e5cb5e4e7767 O /home/capstone/project/test_files/000554.html.tmp_
[5073] 556e5cb5e4e7767 C /home/capstone/project/test_files/000695.doc.README_TO_RESTORE
[5073] 556e5cb5e4e7767 O /home/capstone/project/test_files/000695.doc.README_TO_RESTORE
[5073] 556e5cb5e4e7767 C /home/capstone/project/test_files/000009.pdf.README_TO_RESTORE
[5073] 556e5cb5e4e7767 O /home/capstone/project/test_files/000009.pdf.README_TO_RESTORE
[5073] 556e5cb5e4e7767 O /home/capstone/project/test_files/000656.txt
[5073] 556e5cb5e4e7767 O /home/capstone/project/test_files/000656.txt.tmp_
[5073] 556e5cb5e4e7767 C /home/capstone/project/test_files/000554.html.README_TO_RESTORE
[5073] 556e5cb5e4e7767 O /home/capstone/project/test_files/000554.html.README_TO_RESTORE
[5073] 556e5cb5e4e7767 C /home/capstone/project/test_files/000662.txt.README_TO_RESTORE
[5073] 556e5cb5e4e7767 O /home/capstone/project/test_files/000662.txt.README_TO_RESTORE
[5073] 556e5cb5e4e7767 O /home/capstone/project/test_files/000233.gif
[5073] 556e5cb5e4e7767 O /home/capstone/project/test_files/000233.gif.tmp_
[5073] 556e5cb5e4e7767 O /home/capstone/project/test_files/000160.ppt
[5073] 556e5cb5e4e7767 O /home/capstone/project/test_files/000160.ppt.tmp_
[5073] 556e5cb5e4e7767 O /home/capstone/project/test_files/000493.xml
[5073] 556e5cb5e4e7767 O /home/capstone/project/test_files/000493.xml.tmp_
[5073] 556e5cb5e4e7767 C /home/capstone/project/test_files/000656.txt.README_TO_RESTORE
[5073] 556e5cb5e4e7767 O /home/capstone/project/test_files/000656.txt.README_TO_RESTORE
[5073] 556e5cb5e4e7767 C /home/capstone/project/test_files/000160.ppt.README_TO_RESTORE
[5073] 556e5cb5e4e7767 O /home/capstone/project/test_files/000160.ppt.README_TO_RESTORE
[5073] 556e5cb5e4e7767 C /home/capstone/project/test_files/000233.gif.README_TO_RESTORE
[5073] 556e5cb5e4e7767 O /home/capstone/project/test_files/000233.gif.README_TO_RESTORE
[5073] 556e5cb5e4e7767 O /home/capstone/project/test_files/000829.txt
[5073] 556e5cb5e4e7767 O /home/capstone/project/test_files/000829.txt.tmp_
[5073] 556e5cb5e4e7767 O /home/capstone/project/test_files/000953.doc
[5073] 556e5cb5e4e7767 O /home/capstone/project/test_files/000953.doc.tmp_
[5073] 556e5cb5e4e7767 C /home/capstone/project/test_files/000953.doc.README_TO_RESTORE
[5073] 556e5cb5e4e7767 O /home/capstone/project/test_files/000953.doc.README_TO_RESTORE
[5073] 556e5cb5e4e7767 C /home/capstone/project/test_files/000493.xml.README_TO_RESTORE
[5073] 556e5cb5e4e7767 O /home/capstone/project/test_files/000493.xml.README_TO_RESTORE
[5073] 556e5cb5e4e7767 C /home/capstone/project/test_files/000829.txt.README_TO_RESTORE
[5073] 556e5cb5e4e7767 O /home/capstone/project/test_files/000829.txt.README_TO_RESTORE
[5073] 556e5cb5e4e7767 O /home/capstone/project/test_files/000317.ppt
[5073] 556e5cb5e4e7767 O /home/capstone/project/test_files/000317.ppt.tmp_
[5073] 556e5cb5e4e7767 O /home/capstone/project/test_files/000368.pdf
[5073] 556e5cb5e4e7767 O /home/capstone/project/test_files/000368.pdf.tmp_
[5073] 556e5cb5e4e7767 O /home/capstone/project/test_files/000413.html
[5073] 556e5cb5e4e7767 O /home/capstone/project/test_files/000413.html.tmp_
[5073] 556e5cb5e4e7767 O /home/capstone/project/test_files/000247.jpg
[5073] 556e5cb5e4e7767 O /home/capstone/project/test_files/000247.jpg.tmp_
[5073] 556e5cb5e4e7767 O /home/capstone/project/test_files/000751.pdf
[5073] 556e5cb5e4e7767 O /home/capstone/project/test_files/000751.pdf.tmp_
[5073] 556e5cb5e4e7767 O /home/capstone/project/test_files/000326.ppt
[5073] 556e5cb5e4e7767 O /home/capstone/project/test_files/000326.ppt.tmp_
[5073] 556e5cb5e4e7767 C /home/capstone/project/test_files/000317.ppt.README_TO_RESTORE
[5073] 556e5cb5e4e7767 O /home/capstone/project/test_files/000317.ppt.README_TO_RESTORE
[5073] 556e5cb5e4e7767 O /home/capstone/project/test_files/000834.pdf
[5073] 556e5cb5e4e7767 O /home/capstone/project/test_files/000834.pdf.tmp_
[5073] 556e5cb5e4e7767 C /home/capstone/project/test_files/000368.pdf.README_TO_RESTORE
[5073] 556e5cb5e4e7767 O /home/capstone/project/test_files/000368.pdf.README_TO_RESTORE
[5073] 556e5cb5e4e7767 O /home/capstone/project/test_files/000310.ppt
[5073] 556e5cb5e4e7767 O /home/capstone/project/test_files/000310.ppt.tmp_
[5073] 556e5cb5e4e7767 C /home/capstone/project/test_files/000247.jpg.README_TO_RESTORE
[5073] 556e5cb5e4e7767 C /home/capstone/project/test_files/000413.html.README_TO_RESTORE
[5073] 556e5cb5e4e7767 O /home/capstone/project/test_files/000413.html.README_TO_RESTORE
[5073] 556e5cb5e4e7767 C /home/capstone/project/test_files/000751.pdf.README_TO_RESTORE
[5073] 556e5cb5e4e7767 O /home/capstone/project/test_files/000099.ps
[5073] 556e5cb5e4e7767 O /home/capstone/project/test_files/000099.ps.tmp_
[5073] 556e5cb5e4e7767 O /home/capstone/project/test_files/000936.txt
[5073] 556e5cb5e4e7767 O /home/capstone/project/test_files/000936.txt.tmp_
[5073] 556e5cb5e4e7767 C /home/capstone/project/test_files/000326.ppt.README_TO_RESTORE
[5073] 556e5cb5e4e7767 O /home/capstone/project/test_files/000326.ppt.README_TO_RESTORE
[5073] 556e5cb5e4e7767 O /home/capstone/project/test_files/000247.jpg.README_TO_RESTORE
[5073] 556e5cb5e4e7767 O /home/capstone/project/test_files/000751.pdf.README_TO_RESTORE
[5073] 556e5cb5e4e7767 O /home/capstone/project/test_files/000753.pdf
[5073] 556e5cb5e4e7767 O /home/capstone/project/test_files/000753.pdf.tmp_
[5073] 556e5cb5e4e7767 O /home/capstone/project/test_files/000021.pdf
[5073] 556e5cb5e4e7767 O /home/capstone/project/test_files/000021.pdf.tmp_
[5073] 556e5cb5e4e7767 O /home/capstone/project/test_files/000840.pdf
[5073] 556e5cb5e4e7767 O /home/capstone/project/test_files/000840.pdf.tmp_
[5073] 556e5cb5e4e7767 C /home/capstone/project/test_files/000310.ppt.README_TO_RESTORE
[5073] 556e5cb5e4e7767 O /home/capstone/project/test_files/000310.ppt.README_TO_RESTORE
[5073] 556e5cb5e4e7767 O /home/capstone/project/test_files/000918.html
[5073] 556e5cb5e4e7767 O /home/capstone/project/test_files/000918.html.tmp_
[5073] 556e5cb5e4e7767 C /home/capstone/project/test_files/000834.pdf.README_TO_RESTORE
[5073] 556e5cb5e4e7767 O /home/capstone/project/test_files/000834.pdf.README_TO_RESTORE
[5073] 556e5cb5e4e7767 C /home/capstone/project/test_files/000936.txt.README_TO_RESTORE
[5073] 556e5cb5e4e7767 C /home/capstone/project/test_files/000753.pdf.README_TO_RESTORE
[5073] 556e5cb5e4e7767 C /home/capstone/project/test_files/000840.pdf.README_TO_RESTORE
[5073] 556e5cb5e4e7767 C /home/capstone/project/test_files/000099.ps.README_TO_RESTORE
[5073] 556e5cb5e4e7767 O /home/capstone/project/test_files/000936.txt.README_TO_RESTORE
[5073] 556e5cb5e4e7767 C /home/capstone/project/test_files/000918.html.README_TO_RESTORE
[5073] 556e5cb5e4e7767 O /home/capstone/project/test_files/000918.html.README_TO_RESTORE
[5073] 556e5cb5e4e7767 O /home/capstone/project/test_files/000753.pdf.README_TO_RESTORE
[5073] 556e5cb5e4e7767 O /home/capstone/project/test_files/000558.ppt
[5073] 556e5cb5e4e7767 O /home/capstone/project/test_files/000558.ppt.tmp_
[5073] 556e5cb5e4e7767 O /home/capstone/project/test_files/000840.pdf.README_TO_RESTORE
[5073] 556e5cb5e4e7767 O /home/capstone/project/test_files/000348.pdf
[5073] 556e5cb5e4e7767 O /home/capstone/project/test_files/000348.pdf.tmp_
[5073] 556e5cb5e4e7767 O /home/capstone/project/test_files/000080.html
[5073] 556e5cb5e4e7767 O /home/capstone/project/test_files/000080.html.tmp_
[5073] 556e5cb5e4e7767 O /home/capstone/project/test_files/000099.ps.README_TO_RESTORE
[5073] 556e5cb5e4e7767 O /home/capstone/project/test_files/000406.xls
[5073] 556e5cb5e4e7767 O /home/capstone/project/test_files/000406.xls.tmp_
[5073] 556e5cb5e4e7767 O /home/capstone/project/test_files/000945.pdf
[5073] 556e5cb5e4e7767 O /home/capstone/project/test_files/000945.pdf.tmp_
[5073] 556e5cb5e4e7767 C /home/capstone/project/test_files/000021.pdf.README_TO_RESTORE
[5073] 556e5cb5e4e7767 O /home/capstone/project/test_files/000021.pdf.README_TO_RESTORE
[5073] 556e5cb5e4e7767 O /home/capstone/project/test_files/000137.pdf
[5073] 556e5cb5e4e7767 O /home/capstone/project/test_files/000137.pdf.tmp_
[5073] 556e5cb5e4e7767 O /home/capstone/project/test_files/000060.html
[5073] 556e5cb5e4e7767 O /home/capstone/project/test_files/000060.html.tmp_
[5073] 556e5cb5e4e7767 O /home/capstone/project/test_files/000248.doc
[5073] 556e5cb5e4e7767 O /home/capstone/project/test_files/000248.doc.tmp_
[5073] 556e5cb5e4e7767 O /home/capstone/project/test_files/000495.unk
[5073] 556e5cb5e4e7767 O /home/capstone/project/test_files/000495.unk.tmp_
[5073] 556e5cb5e4e7767 C /home/capstone/project/test_files/000060.html.README_TO_RESTORE
[5073] 556e5cb5e4e7767 O /home/capstone/project/test_files/000060.html.README_TO_RESTORE
[5073] 556e5cb5e4e7767 C /home/capstone/project/test_files/000348.pdf.README_TO_RESTORE
[5073] 556e5cb5e4e7767 O /home/capstone/project/test_files/000348.pdf.README_TO_RESTORE
[5073] 556e5cb5e4e7767 C /home/capstone/project/test_files/000558.ppt.README_TO_RESTORE
[5073] 556e5cb5e4e7767 O /home/capstone/project/test_files/000558.ppt.README_TO_RESTORE
[5073] 556e5cb5e4e7767 O /home/capstone/project/test_files/000439.html
[5073] 556e5cb5e4e7767 O /home/capstone/project/test_files/000439.html.tmp_
[5073] 556e5cb5e4e7767 C /home/capstone/project/test_files/000406.xls.README_TO_RESTORE
[5073] 556e5cb5e4e7767 O /home/capstone/project/test_files/000406.xls.README_TO_RESTORE
[5073] 556e5cb5e4e7767 O /home/capstone/project/test_files/000841.txt
[5073] 556e5cb5e4e7767 O /home/capstone/project/test_files/000841.txt.tmp_
[5073] 556e5cb5e4e7767 C /home/capstone/project/test_files/000080.html.README_TO_RESTORE
[5073] 556e5cb5e4e7767 O /home/capstone/project/test_files/000080.html.README_TO_RESTORE
[5073] 556e5cb5e4e7767 C /home/capstone/project/test_files/000945.pdf.README_TO_RESTORE
[5073] 556e5cb5e4e7767 O /home/capstone/project/test_files/000945.pdf.README_TO_RESTORE
[5073] 556e5cb5e4e7767 C /home/capstone/project/test_files/000248.doc.README_TO_RESTORE
[5073] 556e5cb5e4e7767 O /home/capstone/project/test_files/000256.doc
[5073] 556e5cb5e4e7767 O /home/capstone/project/test_files/000256.doc.tmp_
[5073] 556e5cb5e4e7767 O /home/capstone/project/test_files/000248.doc.README_TO_RESTORE
[5073] 556e5cb5e4e7767 C /home/capstone/project/test_files/000495.unk.README_TO_RESTORE
[5073] 556e5cb5e4e7767 O /home/capstone/project/test_files/000495.unk.README_TO_RESTORE
[5073] 556e5cb5e4e7767 C /home/capstone/project/test_files/000256.doc.README_TO_RESTORE
[5073] 556e5cb5e4e7767 O /home/capstone/project/test_files/000256.doc.README_TO_RESTORE
[5073] 556e5cb5e4e7767 C /home/capstone/project/test_files/000137.pdf.README_TO_RESTORE
[5073] 556e5cb5e4e7767 O /home/capstone/project/test_files/000137.pdf.README_TO_RESTORE
[5073] 556e5cb5e4e7767 O /home/capstone/project/test_files/000750.pdf
[5073] 556e5cb5e4e7767 O /home/capstone/project/test_files/000750.pdf.tmp_
[5073] 556e5cb5e4e7767 O /home/capstone/project/test_files/000597.html
[5073] 556e5cb5e4e7767 O /home/capstone/project/test_files/000597.html.tmp_
[5073] 556e5cb5e4e7767 O /home/capstone/project/test_files/000463.txt
[5073] 556e5cb5e4e7767 O /home/capstone/project/test_files/000463.txt.tmp_
[5073] 556e5cb5e4e7767 O /home/capstone/project/test_files/000386.xls
[5073] 556e5cb5e4e7767 O /home/capstone/project/test_files/000386.xls.tmp_
[5073] 556e5cb5e4e7767 C /home/capstone/project/test_files/000439.html.README_TO_RESTORE
[5073] 556e5cb5e4e7767 O /home/capstone/project/test_files/000439.html.README_TO_RESTORE
[5073] 556e5cb5e4e7767 O /home/capstone/project/test_files/000972.gif
[5073] 556e5cb5e4e7767 O /home/capstone/project/test_files/000972.gif.tmp_
[5073] 556e5cb5e4e7767 O /home/capstone/project/test_files/000119.doc
[5073] 556e5cb5e4e7767 O /home/capstone/project/test_files/000119.doc.tmp_
[5073] 556e5cb5e4e7767 C /home/capstone/project/test_files/000386.xls.README_TO_RESTORE
[5073] 556e5cb5e4e7767 O /home/capstone/project/test_files/000386.xls.README_TO_RESTORE
[5073] 556e5cb5e4e7767 C /home/capstone/project/test_files/000841.txt.README_TO_RESTORE
[5073] 556e5cb5e4e7767 O /home/capstone/project/test_files/000841.txt.README_TO_RESTORE
[5073] 556e5cb5e4e7767 C /home/capstone/project/test_files/000119.doc.README_TO_RESTORE
[5073] 556e5cb5e4e7767 O /home/capstone/project/test_files/000119.doc.README_TO_RESTORE
[5073] 556e5cb5e4e7767 C /home/capstone/project/test_files/000597.html.README_TO_RESTORE
[5073] 556e5cb5e4e7767 O /home/capstone/project/test_files/000942.txt
[5073] 556e5cb5e4e7767 O /home/capstone/project/test_files/000942.txt.tmp_
[5073] 556e5cb5e4e7767 O /home/capstone/project/test_files/000784.html
[5073] 556e5cb5e4e7767 O /home/capstone/project/test_files/000784.html.tmp_
[5073] 556e5cb5e4e7767 O /home/capstone/project/test_files/000597.html.README_TO_RESTORE
[5073] 556e5cb5e4e7767 O /home/capstone/project/test_files/000539.jpg
[5073] 556e5cb5e4e7767 O /home/capstone/project/test_files/000539.jpg.tmp_
[5073] 556e5cb5e4e7767 C /home/capstone/project/test_files/000463.txt.README_TO_RESTORE
[5073] 556e5cb5e4e7767 O /home/capstone/project/test_files/000463.txt.README_TO_RESTORE
[5073] 556e5cb5e4e7767 C /home/capstone/project/test_files/000539.jpg.README_TO_RESTORE
[5073] 556e5cb5e4e7767 O /home/capstone/project/test_files/000539.jpg.README_TO_RESTORE
[5073] 556e5cb5e4e7767 O /home/capstone/project/test_files/000889.jpg
[5073] 556e5cb5e4e7767 O /home/capstone/project/test_files/000889.jpg.tmp_
[5073] 556e5cb5e4e7767 O /home/capstone/project/test_files/000253.doc
[5073] 556e5cb5e4e7767 O /home/capstone/project/test_files/000253.doc.tmp_
[5073] 556e5cb5e4e7767 O /home/capstone/project/test_files/000127.doc
[5073] 556e5cb5e4e7767 O /home/capstone/project/test_files/000378.xls
[5073] 556e5cb5e4e7767 O /home/capstone/project/test_files/000127.doc.tmp_
[5073] 556e5cb5e4e7767 O /home/capstone/project/test_files/000378.xls.tmp_
[5073] 556e5cb5e4e7767 C /home/capstone/project/test_files/000253.doc.README_TO_RESTORE
[5073] 556e5cb5e4e7767 O /home/capstone/project/test_files/000253.doc.README_TO_RESTORE
[5073] 556e5cb5e4e7767 O /home/capstone/project/test_files/000765.log
[5073] 556e5cb5e4e7767 O /home/capstone/project/test_files/000765.log.tmp_
[5073] 556e5cb5e4e7767 C /home/capstone/project/test_files/000972.gif.README_TO_RESTORE
[5073] 556e5cb5e4e7767 O /home/capstone/project/test_files/000972.gif.README_TO_RESTORE
[5073] 556e5cb5e4e7767 O /home/capstone/project/test_files/000258.rtf
[5073] 556e5cb5e4e7767 O /home/capstone/project/test_files/000258.rtf.tmp_
[5073] 556e5cb5e4e7767 C /home/capstone/project/test_files/000750.pdf.README_TO_RESTORE
[5073] 556e5cb5e4e7767 O /home/capstone/project/test_files/000750.pdf.README_TO_RESTORE
[5073] 556e5cb5e4e7767 O /home/capstone/project/test_files/000337.pdf
[5073] 556e5cb5e4e7767 O /home/capstone/project/test_files/000337.pdf.tmp_
[5073] 556e5cb5e4e7767 O /home/capstone/project/test_files/000989.ppt
[5073] 556e5cb5e4e7767 O /home/capstone/project/test_files/000989.ppt.tmp_
[5073] 556e5cb5e4e7767 C /home/capstone/project/test_files/000989.ppt.README_TO_RESTORE
[5073] 556e5cb5e4e7767 O /home/capstone/project/test_files/000989.ppt.README_TO_RESTORE
[5073] 556e5cb5e4e7767 C /home/capstone/project/test_files/000942.txt.README_TO_RESTORE
[5073] 556e5cb5e4e7767 O /home/capstone/project/test_files/000856.txt
[5073] 556e5cb5e4e7767 O /home/capstone/project/test_files/000856.txt.tmp_
[5073] 556e5cb5e4e7767 C /home/capstone/project/test_files/000889.jpg.README_TO_RESTORE
[5073] 556e5cb5e4e7767 O /home/capstone/project/test_files/000889.jpg.README_TO_RESTORE
[5073] 556e5cb5e4e7767 O /home/capstone/project/test_files/000942.txt.README_TO_RESTORE
[5073] 556e5cb5e4e7767 O /home/capstone/project/test_files/000236.pdf
[5073] 556e5cb5e4e7767 O /home/capstone/project/test_files/000236.pdf.tmp_
[5073] 556e5cb5e4e7767 O /home/capstone/project/test_files/000652.txt
[5073] 556e5cb5e4e7767 O /home/capstone/project/test_files/000652.txt.tmp_
[5073] 556e5cb5e4e7767 O /home/capstone/project/test_files/000982.ppt
[5073] 556e5cb5e4e7767 O /home/capstone/project/test_files/000982.ppt.tmp_
[5073] 556e5cb5e4e7767 C /home/capstone/project/test_files/000856.txt.README_TO_RESTORE
[5073] 556e5cb5e4e7767 O /home/capstone/project/test_files/000856.txt.README_TO_RESTORE
[5073] 556e5cb5e4e7767 C /home/capstone/project/test_files/000337.pdf.README_TO_RESTORE
[5073] 556e5cb5e4e7767 O /home/capstone/project/test_files/000337.pdf.README_TO_RESTORE
[5073] 556e5cb5e4e7767 O /home/capstone/project/test_files/000426.html
[5073] 556e5cb5e4e7767 O /home/capstone/project/test_files/000426.html.tmp_
[5073] 556e5cb5e4e7767 C /home/capstone/project/test_files/000378.xls.README_TO_RESTORE
[5073] 556e5cb5e4e7767 O /home/capstone/project/test_files/000378.xls.README_TO_RESTORE
[5073] 556e5cb5e4e7767 O /home/capstone/project/test_files/000452.html
[5073] 556e5cb5e4e7767 C /home/capstone/project/test_files/000784.html.README_TO_RESTORE
[5073] 556e5cb5e4e7767 O /home/capstone/project/test_files/000784.html.README_TO_RESTORE
[5073] 556e5cb5e4e7767 O /home/capstone/project/test_files/000452.html.tmp_
[5073] 556e5cb5e4e7767 O /home/capstone/project/test_files/000654.txt
[5073] 556e5cb5e4e7767 O /home/capstone/project/test_files/000654.txt.tmp_
[5073] 556e5cb5e4e7767 O /home/capstone/project/test_files/000895.html
[5073] 556e5cb5e4e7767 O /home/capstone/project/test_files/000895.html.tmp_
[5073] 556e5cb5e4e7767 C /home/capstone/project/test_files/000236.pdf.README_TO_RESTORE
[5073] 556e5cb5e4e7767 C /home/capstone/project/test_files/000258.rtf.README_TO_RESTORE
[5073] 556e5cb5e4e7767 O /home/capstone/project/test_files/000258.rtf.README_TO_RESTORE
[5073] 556e5cb5e4e7767 O /home/capstone/project/test_files/000236.pdf.README_TO_RESTORE
[5073] 556e5cb5e4e7767 C /home/capstone/project/test_files/000895.html.README_TO_RESTORE
[5073] 556e5cb5e4e7767 O /home/capstone/project/test_files/000895.html.README_TO_RESTORE
[5073] 556e5cb5e4e7767 C /home/capstone/project/test_files/000127.doc.README_TO_RESTORE
[5073] 556e5cb5e4e7767 O /home/capstone/project/test_files/000127.doc.README_TO_RESTORE
[5073] 556e5cb5e4e7767 O /home/capstone/project/test_files/000536.jpg
[5073] 556e5cb5e4e7767 O /home/capstone/project/test_files/000536.jpg.tmp_
[5073] 556e5cb5e4e7767 O /home/capstone/project/test_files/000919.html
[5073] 556e5cb5e4e7767 C /home/capstone/project/test_files/000652.txt.README_TO_RESTORE
[5073] 556e5cb5e4e7767 O /home/capstone/project/test_files/000919.html.tmp_
[5073] 556e5cb5e4e7767 O /home/capstone/project/test_files/000652.txt.README_TO_RESTORE
[5073] 556e5cb5e4e7767 O /home/capstone/project/test_files/000560.ppt
[5073] 556e5cb5e4e7767 O /home/capstone/project/test_files/000560.ppt.tmp_
[5073] 556e5cb5e4e7767 O /home/capstone/project/test_files/000331.pdf
[5073] 556e5cb5e4e7767 O /home/capstone/project/test_files/000331.pdf.tmp_
[5073] 556e5cb5e4e7767 O /home/capstone/project/test_files/000085.txt
[5073] 556e5cb5e4e7767 O /home/capstone/project/test_files/000085.txt.tmp_
[5073] 556e5cb5e4e7767 C /home/capstone/project/test_files/000765.log.README_TO_RESTORE
[5073] 556e5cb5e4e7767 O /home/capstone/project/test_files/000765.log.README_TO_RESTORE
[5073] 556e5cb5e4e7767 O /home/capstone/project/test_files/000273.doc
[5073] 556e5cb5e4e7767 O /home/capstone/project/test_files/000273.doc.tmp_
[5073] 556e5cb5e4e7767 O /home/capstone/project/test_files/000238.jpg
[5073] 556e5cb5e4e7767 O /home/capstone/project/test_files/000238.jpg.tmp_
[5073] 556e5cb5e4e7767 C /home/capstone/project/test_files/000273.doc.README_TO_RESTORE
[5073] 556e5cb5e4e7767 O /home/capstone/project/test_files/000273.doc.README_TO_RESTORE
[5073] 556e5cb5e4e7767 C /home/capstone/project/test_files/000452.html.README_TO_RESTORE
[5073] 556e5cb5e4e7767 O /home/capstone/project/test_files/000452.html.README_TO_RESTORE
[5073] 556e5cb5e4e7767 C /home/capstone/project/test_files/000560.ppt.README_TO_RESTORE
[5073] 556e5cb5e4e7767 C /home/capstone/project/test_files/000085.txt.README_TO_RESTORE
[5073] 556e5cb5e4e7767 O /home/capstone/project/test_files/000085.txt.README_TO_RESTORE
[5073] 556e5cb5e4e7767 C /home/capstone/project/test_files/000238.jpg.README_TO_RESTORE
[5073] 556e5cb5e4e7767 O /home/capstone/project/test_files/000238.jpg.README_TO_RESTORE
[5073] 556e5cb5e4e7767 O /home/capstone/project/test_files/000560.ppt.README_TO_RESTORE
[5073] 556e5cb5e4e7767 O /home/capstone/project/test_files/000346.pdf
[5073] 556e5cb5e4e7767 O /home/capstone/project/test_files/000346.pdf.tmp_
[5073] 556e5cb5e4e7767 O /home/capstone/project/test_files/000668.txt
[5073] 556e5cb5e4e7767 O /home/capstone/project/test_files/000668.txt.tmp_
[5073] 556e5cb5e4e7767 O /home/capstone/project/test_files/000349.pdf
[5073] 556e5cb5e4e7767 O /home/capstone/project/test_files/000349.pdf.tmp_
[5073] 556e5cb5e4e7767 C /home/capstone/project/test_files/000426.html.README_TO_RESTORE
[5073] 556e5cb5e4e7767 O /home/capstone/project/test_files/000426.html.README_TO_RESTORE
[5073] 556e5cb5e4e7767 C /home/capstone/project/test_files/000982.ppt.README_TO_RESTORE
[5073] 556e5cb5e4e7767 O /home/capstone/project/test_files/000982.ppt.README_TO_RESTORE
[5073] 556e5cb5e4e7767 O /home/capstone/project/test_files/000886.pdf
[5073] 556e5cb5e4e7767 O /home/capstone/project/test_files/000886.pdf.tmp_
[5073] 556e5cb5e4e7767 C /home/capstone/project/test_files/000654.txt.README_TO_RESTORE
[5073] 556e5cb5e4e7767 O /home/capstone/project/test_files/000654.txt.README_TO_RESTORE
[5073] 556e5cb5e4e7767 C /home/capstone/project/test_files/000536.jpg.README_TO_RESTORE
[5073] 556e5cb5e4e7767 O /home/capstone/project/test_files/000536.jpg.README_TO_RESTORE
[5073] 556e5cb5e4e7767 C /home/capstone/project/test_files/000349.pdf.README_TO_RESTORE
[5073] 556e5cb5e4e7767 C /home/capstone/project/test_files/000331.pdf.README_TO_RESTORE
[5073] 556e5cb5e4e7767 O /home/capstone/project/test_files/000349.pdf.README_TO_RESTORE
[5073] 556e5cb5e4e7767 C /home/capstone/project/test_files/000346.pdf.README_TO_RESTORE
[5073] 556e5cb5e4e7767 O /home/capstone/project/test_files/000346.pdf.README_TO_RESTORE
[5073] 556e5cb5e4e7767 O /home/capstone/project/test_files/000999.ppt
[5073] 556e5cb5e4e7767 O /home/capstone/project/test_files/000999.ppt.tmp_
[5073] 556e5cb5e4e7767 O /home/capstone/project/test_files/000309.ppt
[5073] 556e5cb5e4e7767 O /home/capstone/project/test_files/000309.ppt.tmp_
[5073] 556e5cb5e4e7767 O /home/capstone/project/test_files/000331.pdf.README_TO_RESTORE
[5073] 556e5cb5e4e7767 O /home/capstone/project/test_files/000974.doc
[5073] 556e5cb5e4e7767 O /home/capstone/project/test_files/000974.doc.tmp_
[5073] 556e5cb5e4e7767 O /home/capstone/project/test_files/000208.pdf
[5073] 556e5cb5e4e7767 O /home/capstone/project/test_files/000208.pdf.tmp_
[5073] 556e5cb5e4e7767 C /home/capstone/project/test_files/000919.html.README_TO_RESTORE
[5073] 556e5cb5e4e7767 O /home/capstone/project/test_files/000919.html.README_TO_RESTORE
[5073] 556e5cb5e4e7767 C /home/capstone/project/test_files/000668.txt.README_TO_RESTORE
[5073] 556e5cb5e4e7767 O /home/capstone/project/test_files/000668.txt.README_TO_RESTORE
[5073] 556e5cb5e4e7767 O /home/capstone/project/test_files/000070.html
[5073] 556e5cb5e4e7767 O /home/capstone/project/test_files/000070.html.tmp_
[5073] 556e5cb5e4e7767 O /home/capstone/project/test_files/000568.pdf
[5073] 556e5cb5e4e7767 O /home/capstone/project/test_files/000568.pdf.tmp_
[5073] 556e5cb5e4e7767 O /home/capstone/project/test_files/000363.pdf
[5073] 556e5cb5e4e7767 O /home/capstone/project/test_files/000363.pdf.tmp_
[5073] 556e5cb5e4e7767 O /home/capstone/project/test_files/000645.txt
[5073] 556e5cb5e4e7767 O /home/capstone/project/test_files/000645.txt.tmp_
[5073] 556e5cb5e4e7767 O /home/capstone/project/test_files/000218.txt
[5073] 556e5cb5e4e7767 O /home/capstone/project/test_files/000218.txt.tmp_
[5073] 556e5cb5e4e7767 O /home/capstone/project/test_files/000767.ps
[5073] 556e5cb5e4e7767 O /home/capstone/project/test_files/000767.ps.tmp_
[5073] 556e5cb5e4e7767 C /home/capstone/project/test_files/000309.ppt.README_TO_RESTORE
[5073] 556e5cb5e4e7767 O /home/capstone/project/test_files/000309.ppt.README_TO_RESTORE
[5073] 556e5cb5e4e7767 C /home/capstone/project/test_files/000886.pdf.README_TO_RESTORE
[5073] 556e5cb5e4e7767 O /home/capstone/project/test_files/000886.pdf.README_TO_RESTORE
[5073] 556e5cb5e4e7767 C /home/capstone/project/test_files/000999.ppt.README_TO_RESTORE
[5073] 556e5cb5e4e7767 O /home/capstone/project/test_files/000999.ppt.README_TO_RESTORE
[5073] 556e5cb5e4e7767 C /home/capstone/project/test_files/000208.pdf.README_TO_RESTORE
[5073] 556e5cb5e4e7767 O /home/capstone/project/test_files/000208.pdf.README_TO_RESTORE
[5073] 556e5cb5e4e7767 O /home/capstone/project/test_files/000860.txt
[5073] 556e5cb5e4e7767 O /home/capstone/project/test_files/000860.txt.tmp_
[5073] 556e5cb5e4e7767 O /home/capstone/project/test_files/000047.xls
[5073] 556e5cb5e4e7767 O /home/capstone/project/test_files/000047.xls.tmp_
[5073] 556e5cb5e4e7767 O /home/capstone/project/test_files/000458.html
[5073] 556e5cb5e4e7767 O /home/capstone/project/test_files/000458.html.tmp_
[5073] 556e5cb5e4e7767 C /home/capstone/project/test_files/000070.html.README_TO_RESTORE
[5073] 556e5cb5e4e7767 O /home/capstone/project/test_files/000070.html.README_TO_RESTORE
[5073] 556e5cb5e4e7767 O /home/capstone/project/test_files/000002.doc
[5073] 556e5cb5e4e7767 O /home/capstone/project/test_files/000002.doc.tmp_
[5073] 556e5cb5e4e7767 C /home/capstone/project/test_files/000974.doc.README_TO_RESTORE
[5073] 556e5cb5e4e7767 C /home/capstone/project/test_files/000363.pdf.README_TO_RESTORE
[5073] 556e5cb5e4e7767 O /home/capstone/project/test_files/000974.doc.README_TO_RESTORE
[5073] 556e5cb5e4e7767 C /home/capstone/project/test_files/000218.txt.README_TO_RESTORE
[5073] 556e5cb5e4e7767 O /home/capstone/project/test_files/000218.txt.README_TO_RESTORE
[5073] 556e5cb5e4e7767 O /home/capstone/project/test_files/000363.pdf.README_TO_RESTORE
[5073] 556e5cb5e4e7767 C /home/capstone/project/test_files/000767.ps.README_TO_RESTORE
[5073] 556e5cb5e4e7767 O /home/capstone/project/test_files/000767.ps.README_TO_RESTORE
[5073] 556e5cb5e4e7767 O /home/capstone/project/test_files/000237.jpg
[5073] 556e5cb5e4e7767 O /home/capstone/project/test_files/000237.jpg.tmp_
[5073] 556e5cb5e4e7767 O /home/capstone/project/test_files/000395.xls
[5073] 556e5cb5e4e7767 O /home/capstone/project/test_files/000395.xls.tmp_
[5073] 556e5cb5e4e7767 O /home/capstone/project/test_files/000951.html
[5073] 556e5cb5e4e7767 O /home/capstone/project/test_files/000951.html.tmp_
[5073] 556e5cb5e4e7767 C /home/capstone/project/test_files/000951.html.README_TO_RESTORE
[5073] 556e5cb5e4e7767 O /home/capstone/project/test_files/000951.html.README_TO_RESTORE
[5073] 556e5cb5e4e7767 O /home/capstone/project/test_files/000203.html
[5073] 556e5cb5e4e7767 O /home/capstone/project/test_files/000203.html.tmp_
[5073] 556e5cb5e4e7767 O /home/capstone/project/test_files/000726.html
[5073] 556e5cb5e4e7767 O /home/capstone/project/test_files/000726.html.tmp_
[5073] 556e5cb5e4e7767 C /home/capstone/project/test_files/000645.txt.README_TO_RESTORE
[5073] 556e5cb5e4e7767 O /home/capstone/project/test_files/000249.doc
[5073] 556e5cb5e4e7767 O /home/capstone/project/test_files/000249.doc.tmp_
[5073] 556e5cb5e4e7767 C /home/capstone/project/test_files/000860.txt.README_TO_RESTORE
[5073] 556e5cb5e4e7767 O /home/capstone/project/test_files/000645.txt.README_TO_RESTORE
[5073] 556e5cb5e4e7767 O /home/capstone/project/test_files/000860.txt.README_TO_RESTORE
[5073] 556e5cb5e4e7767 O /home/capstone/project/test_files/000621.txt
[5073] 556e5cb5e4e7767 O /home/capstone/project/test_files/000621.txt.tmp_
[5073] 556e5cb5e4e7767 C /home/capstone/project/test_files/000568.pdf.README_TO_RESTORE
[5073] 556e5cb5e4e7767 O /home/capstone/project/test_files/000618.pdf
[5073] 556e5cb5e4e7767 O /home/capstone/project/test_files/000618.pdf.tmp_
[5073] 556e5cb5e4e7767 O /home/capstone/project/test_files/000150.pdf
[5073] 556e5cb5e4e7767 O /home/capstone/project/test_files/000150.pdf.tmp_
[5073] 556e5cb5e4e7767 O /home/capstone/project/test_files/000568.pdf.README_TO_RESTORE
[5073] 556e5cb5e4e7767 C /home/capstone/project/test_files/000047.xls.README_TO_RESTORE
[5073] 556e5cb5e4e7767 O /home/capstone/project/test_files/000047.xls.README_TO_RESTORE
[5073] 556e5cb5e4e7767 C /home/capstone/project/test_files/000458.html.README_TO_RESTORE
[5073] 556e5cb5e4e7767 O /home/capstone/project/test_files/000458.html.README_TO_RESTORE
[5073] 556e5cb5e4e7767 C /home/capstone/project/test_files/000621.txt.README_TO_RESTORE
[5073] 556e5cb5e4e7767 C /home/capstone/project/test_files/000237.jpg.README_TO_RESTORE
[5073] 556e5cb5e4e7767 O /home/capstone/project/test_files/000237.jpg.README_TO_RESTORE
[5073] 556e5cb5e4e7767 C /home/capstone/project/test_files/000203.html.README_TO_RESTORE
[5073] 556e5cb5e4e7767 O /home/capstone/project/test_files/000203.html.README_TO_RESTORE
[5073] 556e5cb5e4e7767 C /home/capstone/project/test_files/000150.pdf.README_TO_RESTORE
[5073] 556e5cb5e4e7767 O /home/capstone/project/test_files/000150.pdf.README_TO_RESTORE
[5073] 556e5cb5e4e7767 O /home/capstone/project/test_files/000026.pdf
[5073] 556e5cb5e4e7767 O /home/capstone/project/test_files/000026.pdf.tmp_
[5073] 556e5cb5e4e7767 O /home/capstone/project/test_files/000727.ppt
[5073] 556e5cb5e4e7767 O /home/capstone/project/test_files/000727.ppt.tmp_
[5073] 556e5cb5e4e7767 O /home/capstone/project/test_files/000966.doc
[5073] 556e5cb5e4e7767 O /home/capstone/project/test_files/000966.doc.tmp_
[5073] 556e5cb5e4e7767 C /home/capstone/project/test_files/000395.xls.README_TO_RESTORE
[5073] 556e5cb5e4e7767 O /home/capstone/project/test_files/000475.txt
[5073] 556e5cb5e4e7767 O /home/capstone/project/test_files/000475.txt.tmp_
[5073] 556e5cb5e4e7767 O /home/capstone/project/test_files/000621.txt.README_TO_RESTORE
[5073] 556e5cb5e4e7767 O /home/capstone/project/test_files/000395.xls.README_TO_RESTORE
[5073] 556e5cb5e4e7767 C /home/capstone/project/test_files/000249.doc.README_TO_RESTORE
[5073] 556e5cb5e4e7767 O /home/capstone/project/test_files/000249.doc.README_TO_RESTORE
[5073] 556e5cb5e4e7767 O /home/capstone/project/test_files/000521.jpg
[5073] 556e5cb5e4e7767 O /home/capstone/project/test_files/000521.jpg.tmp_
[5073] 556e5cb5e4e7767 C /home/capstone/project/test_files/000726.html.README_TO_RESTORE
[5073] 556e5cb5e4e7767 O /home/capstone/project/test_files/000726.html.README_TO_RESTORE
[5073] 556e5cb5e4e7767 C /home/capstone/project/test_files/000002.doc.README_TO_RESTORE
[5073] 556e5cb5e4e7767 O /home/capstone/project/test_files/000234.jpg
[5073] 556e5cb5e4e7767 C /home/capstone/project/test_files/000618.pdf.README_TO_RESTORE
[5073] 556e5cb5e4e7767 O /home/capstone/project/test_files/000618.pdf.README_TO_RESTORE
[5073] 556e5cb5e4e7767 O /home/capstone/project/test_files/000643.txt
[5073] 556e5cb5e4e7767 O /home/capstone/project/test_files/000643.txt.tmp_
[5073] 556e5cb5e4e7767 O /home/capstone/project/test_files/000002.doc.README_TO_RESTORE
[5073] 556e5cb5e4e7767 O /home/capstone/project/test_files/000423.html
[5073] 556e5cb5e4e7767 O /home/capstone/project/test_files/000234.jpg.tmp_
[5073] 556e5cb5e4e7767 C /home/capstone/project/test_files/000727.ppt.README_TO_RESTORE
[5073] 556e5cb5e4e7767 O /home/capstone/project/test_files/000727.ppt.README_TO_RESTORE
[5073] 556e5cb5e4e7767 O /home/capstone/project/test_files/000823.html
[5073] 556e5cb5e4e7767 O /home/capstone/project/test_files/000823.html.tmp_
[5073] 556e5cb5e4e7767 O /home/capstone/project/test_files/000473.txt
[5073] 556e5cb5e4e7767 O /home/capstone/project/test_files/000473.txt.tmp_
[5073] 556e5cb5e4e7767 O /home/capstone/project/test_files/000423.html.tmp_
[5073] 556e5cb5e4e7767 O /home/capstone/project/test_files/000506.jpg
[5073] 556e5cb5e4e7767 O /home/capstone/project/test_files/000290.ppt
[5073] 556e5cb5e4e7767 O /home/capstone/project/test_files/000290.ppt.tmp_
[5073] 556e5cb5e4e7767 C /home/capstone/project/test_files/000966.doc.README_TO_RESTORE
[5073] 556e5cb5e4e7767 O /home/capstone/project/test_files/000966.doc.README_TO_RESTORE
[5073] 556e5cb5e4e7767 O /home/capstone/project/test_files/000506.jpg.tmp_
[5073] 556e5cb5e4e7767 C /home/capstone/project/test_files/000026.pdf.README_TO_RESTORE
[5073] 556e5cb5e4e7767 O /home/capstone/project/test_files/000026.pdf.README_TO_RESTORE
[5073] 556e5cb5e4e7767 O /home/capstone/project/test_files/000929.txt
[5073] 556e5cb5e4e7767 O /home/capstone/project/test_files/000929.txt.tmp_
[5073] 556e5cb5e4e7767 O /home/capstone/project/test_files/000397.jpg
[5073] 556e5cb5e4e7767 O /home/capstone/project/test_files/000397.jpg.tmp_
[5073] 556e5cb5e4e7767 O /home/capstone/project/test_files/000546.jpg
[5073] 556e5cb5e4e7767 O /home/capstone/project/test_files/000546.jpg.tmp_
[5073] 556e5cb5e4e7767 C /home/capstone/project/test_files/000475.txt.README_TO_RESTORE
[5073] 556e5cb5e4e7767 O /home/capstone/project/test_files/000475.txt.README_TO_RESTORE
[5073] 556e5cb5e4e7767 C /home/capstone/project/test_files/000521.jpg.README_TO_RESTORE
[5073] 556e5cb5e4e7767 O /home/capstone/project/test_files/000521.jpg.README_TO_RESTORE
[5073] 556e5cb5e4e7767 O /home/capstone/project/test_files/000512.jpg
[5073] 556e5cb5e4e7767 O /home/capstone/project/test_files/000512.jpg.tmp_
[5073] 556e5cb5e4e7767 O /home/capstone/project/test_files/000888.jpg
[5073] 556e5cb5e4e7767 O /home/capstone/project/test_files/000888.jpg.tmp_
[5073] 556e5cb5e4e7767 C /home/capstone/project/test_files/000234.jpg.README_TO_RESTORE
[5073] 556e5cb5e4e7767 O /home/capstone/project/test_files/000234.jpg.README_TO_RESTORE
[5073] 556e5cb5e4e7767 C /home/capstone/project/test_files/000506.jpg.README_TO_RESTORE
[5073] 556e5cb5e4e7767 O /home/capstone/project/test_files/000506.jpg.README_TO_RESTORE
[5073] 556e5cb5e4e7767 C /home/capstone/project/test_files/000290.ppt.README_TO_RESTORE
[5073] 556e5cb5e4e7767 O /home/capstone/project/test_files/000290.ppt.README_TO_RESTORE
[5073] 556e5cb5e4e7767 C /home/capstone/project/test_files/000643.txt.README_TO_RESTORE
[5073] 556e5cb5e4e7767 O /home/capstone/project/test_files/000643.txt.README_TO_RESTORE
[5073] 556e5cb5e4e7767 C /home/capstone/project/test_files/000397.jpg.README_TO_RESTORE
[5073] 556e5cb5e4e7767 O /home/capstone/project/test_files/000412.html
[5073] 556e5cb5e4e7767 O /home/capstone/project/test_files/000412.html.tmp_
[5073] 556e5cb5e4e7767 C /home/capstone/project/test_files/000546.jpg.README_TO_RESTORE
[5073] 556e5cb5e4e7767 O /home/capstone/project/test_files/000546.jpg.README_TO_RESTORE
[5073] 556e5cb5e4e7767 C /home/capstone/project/test_files/000823.html.README_TO_RESTORE
[5073] 556e5cb5e4e7767 O /home/capstone/project/test_files/000397.jpg.README_TO_RESTORE
[5073] 556e5cb5e4e7767 C /home/capstone/project/test_files/000473.txt.README_TO_RESTORE
[5073] 556e5cb5e4e7767 O /home/capstone/project/test_files/000473.txt.README_TO_RESTORE
[5073] 556e5cb5e4e7767 O /home/capstone/project/test_files/000762.pdf
[5073] 556e5cb5e4e7767 O /home/capstone/project/test_files/000762.pdf.tmp_
[5073] 556e5cb5e4e7767 O /home/capstone/project/test_files/000380.pdf
[5073] 556e5cb5e4e7767 O /home/capstone/project/test_files/000380.pdf.tmp_
[5073] 556e5cb5e4e7767 O /home/capstone/project/test_files/000045.xls
[5073] 556e5cb5e4e7767 O /home/capstone/project/test_files/000045.xls.tmp_
[5073] 556e5cb5e4e7767 O /home/capstone/project/test_files/000957.doc
[5073] 556e5cb5e4e7767 O /home/capstone/project/test_files/000957.doc.tmp_
[5073] 556e5cb5e4e7767 O /home/capstone/project/test_files/000093.txt
[5073] 556e5cb5e4e7767 O /home/capstone/project/test_files/000093.txt.tmp_
[5073] 556e5cb5e4e7767 O /home/capstone/project/test_files/000698.log
[5073] 556e5cb5e4e7767 O /home/capstone/project/test_files/000698.log.tmp_
[5073] 556e5cb5e4e7767 O /home/capstone/project/test_files/000823.html.README_TO_RESTORE
[5073] 556e5cb5e4e7767 C /home/capstone/project/test_files/000929.txt.README_TO_RESTORE
[5073] 556e5cb5e4e7767 O /home/capstone/project/test_files/000929.txt.README_TO_RESTORE
[5073] 556e5cb5e4e7767 O /home/capstone/project/test_files/000432.jpg
[5073] 556e5cb5e4e7767 O /home/capstone/project/test_files/000432.jpg.tmp_
[5073] 556e5cb5e4e7767 C /home/capstone/project/test_files/000423.html.README_TO_RESTORE
[5073] 556e5cb5e4e7767 O /home/capstone/project/test_files/000423.html.README_TO_RESTORE
[5073] 556e5cb5e4e7767 O /home/capstone/project/test_files/000676.pdf
[5073] 556e5cb5e4e7767 O /home/capstone/project/test_files/000676.pdf.tmp_
[5073] 556e5cb5e4e7767 C /home/capstone/project/test_files/000698.log.README_TO_RESTORE
[5073] 556e5cb5e4e7767 O /home/capstone/project/test_files/000698.log.README_TO_RESTORE
[5073] 556e5cb5e4e7767 C /home/capstone/project/test_files/000412.html.README_TO_RESTORE
[5073] 556e5cb5e4e7767 C /home/capstone/project/test_files/000512.jpg.README_TO_RESTORE
[5073] 556e5cb5e4e7767 O /home/capstone/project/test_files/000412.html.README_TO_RESTORE
[5073] 556e5cb5e4e7767 O /home/capstone/project/test_files/000512.jpg.README_TO_RESTORE
[5073] 556e5cb5e4e7767 C /home/capstone/project/test_files/000762.pdf.README_TO_RESTORE
[5073] 556e5cb5e4e7767 C /home/capstone/project/test_files/000432.jpg.README_TO_RESTORE
[5073] 556e5cb5e4e7767 O /home/capstone/project/test_files/000432.jpg.README_TO_RESTORE
[5073] 556e5cb5e4e7767 O /home/capstone/project/test_files/000762.pdf.README_TO_RESTORE
[5073] 556e5cb5e4e7767 O /home/capstone/project/test_files/000733.ps
[5073] 556e5cb5e4e7767 O /home/capstone/project/test_files/000182.html
[5073] 556e5cb5e4e7767 O /home/capstone/project/test_files/000182.html.tmp_
[5073] 556e5cb5e4e7767 C /home/capstone/project/test_files/000380.pdf.README_TO_RESTORE
[5073] 556e5cb5e4e7767 O /home/capstone/project/test_files/000380.pdf.README_TO_RESTORE
[5073] 556e5cb5e4e7767 O /home/capstone/project/test_files/000733.ps.tmp_
[5073] 556e5cb5e4e7767 C /home/capstone/project/test_files/000957.doc.README_TO_RESTORE
[5073] 556e5cb5e4e7767 O /home/capstone/project/test_files/000957.doc.README_TO_RESTORE
[5073] 556e5cb5e4e7767 C /home/capstone/project/test_files/000045.xls.README_TO_RESTORE
[5073] 556e5cb5e4e7767 O /home/capstone/project/test_files/000045.xls.README_TO_RESTORE
[5073] 556e5cb5e4e7767 O /home/capstone/project/test_files/000094.txt
[5073] 556e5cb5e4e7767 O /home/capstone/project/test_files/000094.txt.tmp_
[5073] 556e5cb5e4e7767 C /home/capstone/project/test_files/000888.jpg.README_TO_RESTORE
[5073] 556e5cb5e4e7767 O /home/capstone/project/test_files/000888.jpg.README_TO_RESTORE
[5073] 556e5cb5e4e7767 O /home/capstone/project/test_files/000839.pdf
[5073] 556e5cb5e4e7767 O /home/capstone/project/test_files/000839.pdf.tmp_
[5073] 556e5cb5e4e7767 O /home/capstone/project/test_files/000087.txt
[5073] 556e5cb5e4e7767 O /home/capstone/project/test_files/000087.txt.tmp_
[5073] 556e5cb5e4e7767 O /home/capstone/project/test_files/000232.jpg
[5073] 556e5cb5e4e7767 O /home/capstone/project/test_files/000232.jpg.tmp_
[5073] 556e5cb5e4e7767 O /home/capstone/project/test_files/000049.xls
[5073] 556e5cb5e4e7767 O /home/capstone/project/test_files/000049.xls.tmp_
[5073] 556e5cb5e4e7767 C /home/capstone/project/test_files/000093.txt.README_TO_RESTORE
[5073] 556e5cb5e4e7767 O /home/capstone/project/test_files/000093.txt.README_TO_RESTORE
[5073] 556e5cb5e4e7767 C /home/capstone/project/test_files/000182.html.README_TO_RESTORE
[5073] 556e5cb5e4e7767 O /home/capstone/project/test_files/000182.html.README_TO_RESTORE
[5073] 556e5cb5e4e7767 C /home/capstone/project/test_files/000839.pdf.README_TO_RESTORE
[5073] 556e5cb5e4e7767 O /home/capstone/project/test_files/000839.pdf.README_TO_RESTORE
[5073] 556e5cb5e4e7767 O /home/capstone/project/test_files/000095.txt
[5073] 556e5cb5e4e7767 O /home/capstone/project/test_files/000095.txt.tmp_
[5073] 556e5cb5e4e7767 C /home/capstone/project/test_files/000087.txt.README_TO_RESTORE
[5073] 556e5cb5e4e7767 O /home/capstone/project/test_files/000087.txt.README_TO_RESTORE
[5073] 556e5cb5e4e7767 C /home/capstone/project/test_files/000676.pdf.README_TO_RESTORE
[5073] 556e5cb5e4e7767 C /home/capstone/project/test_files/000232.jpg.README_TO_RESTORE
[5073] 556e5cb5e4e7767 O /home/capstone/project/test_files/000232.jpg.README_TO_RESTORE
[5073] 556e5cb5e4e7767 O /home/capstone/project/test_files/000342.pdf
[5073] 556e5cb5e4e7767 O /home/capstone/project/test_files/000676.pdf.README_TO_RESTORE
[5073] 556e5cb5e4e7767 C /home/capstone/project/test_files/000094.txt.README_TO_RESTORE
[5073] 556e5cb5e4e7767 O /home/capstone/project/test_files/000094.txt.README_TO_RESTORE
[5073] 556e5cb5e4e7767 O /home/capstone/project/test_files/000342.pdf.tmp_
[5073] 556e5cb5e4e7767 O /home/capstone/project/test_files/000992.ppt
[5073] 556e5cb5e4e7767 O /home/capstone/project/test_files/000992.ppt.tmp_
[5073] 556e5cb5e4e7767 O /home/capstone/project/test_files/000806.doc
[5073] 556e5cb5e4e7767 O /home/capstone/project/test_files/000806.doc.tmp_
[5073] 556e5cb5e4e7767 C /home/capstone/project/test_files/000733.ps.README_TO_RESTORE
[5073] 556e5cb5e4e7767 O /home/capstone/project/test_files/000733.ps.README_TO_RESTORE
[5073] 556e5cb5e4e7767 C /home/capstone/project/test_files/000095.txt.README_TO_RESTORE
[5073] 556e5cb5e4e7767 O /home/capstone/project/test_files/000027.csv
[5073] 556e5cb5e4e7767 O /home/capstone/project/test_files/000027.csv.tmp_
[5073] 556e5cb5e4e7767 O /home/capstone/project/test_files/000307.ppt
[5073] 556e5cb5e4e7767 O /home/capstone/project/test_files/000307.ppt.tmp_
[5073] 556e5cb5e4e7767 O /home/capstone/project/test_files/000887.pdf
[5073] 556e5cb5e4e7767 O /home/capstone/project/test_files/000887.pdf.tmp_
[5073] 556e5cb5e4e7767 O /home/capstone/project/test_files/000717.ppt
[5073] 556e5cb5e4e7767 O /home/capstone/project/test_files/000717.ppt.tmp_
[5073] 556e5cb5e4e7767 O /home/capstone/project/test_files/000095.txt.README_TO_RESTORE
[5073] 556e5cb5e4e7767 O /home/capstone/project/test_files/000434.html
[5073] 556e5cb5e4e7767 O /home/capstone/project/test_files/000434.html.tmp_
[5073] 556e5cb5e4e7767 C /home/capstone/project/test_files/000049.xls.README_TO_RESTORE
[5073] 556e5cb5e4e7767 O /home/capstone/project/test_files/000049.xls.README_TO_RESTORE
[5073] 556e5cb5e4e7767 O /home/capstone/project/test_files/000072.html
[5073] 556e5cb5e4e7767 O /home/capstone/project/test_files/000072.html.tmp_
[5073] 556e5cb5e4e7767 O /home/capstone/project/test_files/000759.doc
[5073] 556e5cb5e4e7767 O /home/capstone/project/test_files/000759.doc.tmp_
[5073] 556e5cb5e4e7767 O /home/capstone/project/test_files/000000.swf
[5073] 556e5cb5e4e7767 O /home/capstone/project/test_files/000000.swf.tmp_
[5073] 556e5cb5e4e7767 C /home/capstone/project/test_files/000806.doc.README_TO_RESTORE
[5073] 556e5cb5e4e7767 C /home/capstone/project/test_files/000027.csv.README_TO_RESTORE
[5073] 556e5cb5e4e7767 O /home/capstone/project/test_files/000027.csv.README_TO_RESTORE
[5073] 556e5cb5e4e7767 O /home/capstone/project/test_files/000806.doc.README_TO_RESTORE
[5073] 556e5cb5e4e7767 O /home/capstone/project/test_files/000226.txt
[5073] 556e5cb5e4e7767 O /home/capstone/project/test_files/000226.txt.tmp_
[5073] 556e5cb5e4e7767 C /home/capstone/project/test_files/000992.ppt.README_TO_RESTORE
[5073] 556e5cb5e4e7767 O /home/capstone/project/test_files/000992.ppt.README_TO_RESTORE
[5073] 556e5cb5e4e7767 O /home/capstone/project/test_files/000978.xml
[5073] 556e5cb5e4e7767 O /home/capstone/project/test_files/000978.xml.tmp_
[5073] 556e5cb5e4e7767 O /home/capstone/project/test_files/000696.doc
[5073] 556e5cb5e4e7767 O /home/capstone/project/test_files/000696.doc.tmp_
[5073] 556e5cb5e4e7767 O /home/capstone/project/test_files/000854.pdf
[5073] 556e5cb5e4e7767 O /home/capstone/project/test_files/000854.pdf.tmp_
[5073] 556e5cb5e4e7767 C /home/capstone/project/test_files/000307.ppt.README_TO_RESTORE
[5073] 556e5cb5e4e7767 O /home/capstone/project/test_files/000307.ppt.README_TO_RESTORE
[5073] 556e5cb5e4e7767 C /home/capstone/project/test_files/000226.txt.README_TO_RESTORE
[5073] 556e5cb5e4e7767 O /home/capstone/project/test_files/000226.txt.README_TO_RESTORE
[5073] 556e5cb5e4e7767 C /home/capstone/project/test_files/000887.pdf.README_TO_RESTORE
[5073] 556e5cb5e4e7767 O /home/capstone/project/test_files/000887.pdf.README_TO_RESTORE
[5073] 556e5cb5e4e7767 C /home/capstone/project/test_files/000072.html.README_TO_RESTORE
[5073] 556e5cb5e4e7767 O /home/capstone/project/test_files/000072.html.README_TO_RESTORE
[5073] 556e5cb5e4e7767 O /home/capstone/project/test_files/000451.html
[5073] 556e5cb5e4e7767 O /home/capstone/project/test_files/000451.html.tmp_
[5073] 556e5cb5e4e7767 O /home/capstone/project/test_files/000184.html
[5073] 556e5cb5e4e7767 O /home/capstone/project/test_files/000184.html.tmp_
[5073] 556e5cb5e4e7767 C /home/capstone/project/test_files/000342.pdf.README_TO_RESTORE
[5073] 556e5cb5e4e7767 O /home/capstone/project/test_files/000342.pdf.README_TO_RESTORE
[5073] 556e5cb5e4e7767 O /home/capstone/project/test_files/000384.xls
[5073] 556e5cb5e4e7767 O /home/capstone/project/test_files/000384.xls.tmp_
[5073] 556e5cb5e4e7767 O /home/capstone/project/test_files/000213.html
[5073] 556e5cb5e4e7767 O /home/capstone/project/test_files/000213.html.tmp_
[5073] 556e5cb5e4e7767 O /home/capstone/project/test_files/000934.txt
[5073] 556e5cb5e4e7767 O /home/capstone/project/test_files/000934.txt.tmp_
[5073] 556e5cb5e4e7767 C /home/capstone/project/test_files/000434.html.README_TO_RESTORE
[5073] 556e5cb5e4e7767 C /home/capstone/project/test_files/000000.swf.README_TO_RESTORE
[5073] 556e5cb5e4e7767 O /home/capstone/project/test_files/000000.swf.README_TO_RESTORE
[5073] 556e5cb5e4e7767 O /home/capstone/project/test_files/000434.html.README_TO_RESTORE
[5073] 556e5cb5e4e7767 O /home/capstone/project/test_files/000424.html
[5073] 556e5cb5e4e7767 O /home/capstone/project/test_files/000424.html.tmp_
[5073] 556e5cb5e4e7767 C /home/capstone/project/test_files/000384.xls.README_TO_RESTORE
[5073] 556e5cb5e4e7767 O /home/capstone/project/test_files/000384.xls.README_TO_RESTORE
[5073] 556e5cb5e4e7767 C /home/capstone/project/test_files/000759.doc.README_TO_RESTORE
[5073] 556e5cb5e4e7767 O /home/capstone/project/test_files/000759.doc.README_TO_RESTORE
[5073] 556e5cb5e4e7767 C /home/capstone/project/test_files/000696.doc.README_TO_RESTORE
[5073] 556e5cb5e4e7767 O /home/capstone/project/test_files/000696.doc.README_TO_RESTORE
[5073] 556e5cb5e4e7767 C /home/capstone/project/test_files/000717.ppt.README_TO_RESTORE
[5073] 556e5cb5e4e7767 O /home/capstone/project/test_files/000717.ppt.README_TO_RESTORE
[5073] 556e5cb5e4e7767 C /home/capstone/project/test_files/000213.html.README_TO_RESTORE
[5073] 556e5cb5e4e7767 O /home/capstone/project/test_files/000213.html.README_TO_RESTORE
[5073] 556e5cb5e4e7767 C /home/capstone/project/test_files/000854.pdf.README_TO_RESTORE
[5073] 556e5cb5e4e7767 O /home/capstone/project/test_files/000854.pdf.README_TO_RESTORE
[5073] 556e5cb5e4e7767 O /home/capstone/project/test_files/000314.pdf
[5073] 556e5cb5e4e7767 O /home/capstone/project/test_files/000314.pdf.tmp_
[5073] 556e5cb5e4e7767 O /home/capstone/project/test_files/000877.html
[5073] 556e5cb5e4e7767 O /home/capstone/project/test_files/000877.html.tmp_
[5073] 556e5cb5e4e7767 C /home/capstone/project/test_files/000978.xml.README_TO_RESTORE
[5073] 556e5cb5e4e7767 O /home/capstone/project/test_files/000978.xml.README_TO_RESTORE
[5073] 556e5cb5e4e7767 C /home/capstone/project/test_files/000451.html.README_TO_RESTORE
[5073] 556e5cb5e4e7767 O /home/capstone/project/test_files/000451.html.README_TO_RESTORE
[5073] 556e5cb5e4e7767 C /home/capstone/project/test_files/000184.html.README_TO_RESTORE
[5073] 556e5cb5e4e7767 O /home/capstone/project/test_files/000184.html.README_TO_RESTORE
[5073] 556e5cb5e4e7767 O /home/capstone/project/test_files/000352.pdf
[5073] 556e5cb5e4e7767 O /home/capstone/project/test_files/000393.xls
[5073] 556e5cb5e4e7767 O /home/capstone/project/test_files/000393.xls.tmp_
[5073] 556e5cb5e4e7767 O /home/capstone/project/test_files/000352.pdf.tmp_
[5073] 556e5cb5e4e7767 O /home/capstone/project/test_files/000455.html
[5073] 556e5cb5e4e7767 O /home/capstone/project/test_files/000455.html.tmp_
[5073] 556e5cb5e4e7767 O /home/capstone/project/test_files/000902.jpg
[5073] 556e5cb5e4e7767 O /home/capstone/project/test_files/000902.jpg.tmp_
[5073] 556e5cb5e4e7767 O /home/capstone/project/test_files/000104.txt
[5073] 556e5cb5e4e7767 O /home/capstone/project/test_files/000104.txt.tmp_
[5073] 556e5cb5e4e7767 O /home/capstone/project/test_files/000511.gif
[5073] 556e5cb5e4e7767 O /home/capstone/project/test_files/000511.gif.tmp_
[5073] 556e5cb5e4e7767 C /home/capstone/project/test_files/000314.pdf.README_TO_RESTORE
[5073] 556e5cb5e4e7767 O /home/capstone/project/test_files/000314.pdf.README_TO_RESTORE
[5073] 556e5cb5e4e7767 O /home/capstone/project/test_files/000949.doc
[5073] 556e5cb5e4e7767 O /home/capstone/project/test_files/000949.doc.tmp_
[5073] 556e5cb5e4e7767 C /home/capstone/project/test_files/000902.jpg.README_TO_RESTORE
[5073] 556e5cb5e4e7767 C /home/capstone/project/test_files/000393.xls.README_TO_RESTORE
[5073] 556e5cb5e4e7767 O /home/capstone/project/test_files/000393.xls.README_TO_RESTORE
[5073] 556e5cb5e4e7767 O /home/capstone/project/test_files/000902.jpg.README_TO_RESTORE
[5073] 556e5cb5e4e7767 O /home/capstone/project/test_files/000419.jpg
[5073] 556e5cb5e4e7767 O /home/capstone/project/test_files/000419.jpg.tmp_
[5073] 556e5cb5e4e7767 O /home/capstone/project/test_files/000796.doc
[5073] 556e5cb5e4e7767 O /home/capstone/project/test_files/000796.doc.tmp_
[5073] 556e5cb5e4e7767 O /home/capstone/project/test_files/000805.html
[5073] 556e5cb5e4e7767 O /home/capstone/project/test_files/000805.html.tmp_
[5073] 556e5cb5e4e7767 C /home/capstone/project/test_files/000934.txt.README_TO_RESTORE
[5073] 556e5cb5e4e7767 O /home/capstone/project/test_files/000934.txt.README_TO_RESTORE
[5073] 556e5cb5e4e7767 C /home/capstone/project/test_files/000877.html.README_TO_RESTORE
[5073] 556e5cb5e4e7767 O /home/capstone/project/test_files/000877.html.README_TO_RESTORE
[5073] 556e5cb5e4e7767 O /home/capstone/project/test_files/000101.doc
[5073] 556e5cb5e4e7767 O /home/capstone/project/test_files/000101.doc.tmp_
[5073] 556e5cb5e4e7767 C /home/capstone/project/test_files/000949.doc.README_TO_RESTORE
[5073] 556e5cb5e4e7767 O /home/capstone/project/test_files/000949.doc.README_TO_RESTORE
[5073] 556e5cb5e4e7767 C /home/capstone/project/test_files/000424.html.README_TO_RESTORE
[5073] 556e5cb5e4e7767 O /home/capstone/project/test_files/000424.html.README_TO_RESTORE
[5073] 556e5cb5e4e7767 O /home/capstone/project/test_files/000482.ps
[5073] 556e5cb5e4e7767 O /home/capstone/project/test_files/000482.ps.tmp_
[5073] 556e5cb5e4e7767 O /home/capstone/project/test_files/000139.doc
[5073] 556e5cb5e4e7767 O /home/capstone/project/test_files/000139.doc.tmp_
[5073] 556e5cb5e4e7767 C /home/capstone/project/test_files/000104.txt.README_TO_RESTORE
[5073] 556e5cb5e4e7767 O /home/capstone/project/test_files/000104.txt.README_TO_RESTORE
[5073] 556e5cb5e4e7767 C /home/capstone/project/test_files/000101.doc.README_TO_RESTORE
[5073] 556e5cb5e4e7767 O /home/capstone/project/test_files/000101.doc.README_TO_RESTORE
[5073] 556e5cb5e4e7767 C /home/capstone/project/test_files/000419.jpg.README_TO_RESTORE
[5073] 556e5cb5e4e7767 O /home/capstone/project/test_files/000419.jpg.README_TO_RESTORE
[5073] 556e5cb5e4e7767 C /home/capstone/project/test_files/000352.pdf.README_TO_RESTORE
[5073] 556e5cb5e4e7767 O /home/capstone/project/test_files/000352.pdf.README_TO_RESTORE
[5073] 556e5cb5e4e7767 C /home/capstone/project/test_files/000511.gif.README_TO_RESTORE
[5073] 556e5cb5e4e7767 O /home/capstone/project/test_files/000511.gif.README_TO_RESTORE
[5073] 556e5cb5e4e7767 C /home/capstone/project/test_files/000455.html.README_TO_RESTORE
[5073] 556e5cb5e4e7767 C /home/capstone/project/test_files/000796.doc.README_TO_RESTORE
[5073] 556e5cb5e4e7767 O /home/capstone/project/test_files/000476.jpg
[5073] 556e5cb5e4e7767 O /home/capstone/project/test_files/000476.jpg.tmp_
[5073] 556e5cb5e4e7767 O /home/capstone/project/test_files/000851.txt
[5073] 556e5cb5e4e7767 O /home/capstone/project/test_files/000851.txt.tmp_
[5073] 556e5cb5e4e7767 O /home/capstone/project/test_files/000666.txt
[5073] 556e5cb5e4e7767 O /home/capstone/project/test_files/000666.txt.tmp_
[5073] 556e5cb5e4e7767 O /home/capstone/project/test_files/000796.doc.README_TO_RESTORE
[5073] 556e5cb5e4e7767 O /home/capstone/project/test_files/000580.pdf
[5073] 556e5cb5e4e7767 O /home/capstone/project/test_files/000580.pdf.tmp_
[5073] 556e5cb5e4e7767 O /home/capstone/project/test_files/000222.txt
[5073] 556e5cb5e4e7767 O /home/capstone/project/test_files/000222.txt.tmp_
[5073] 556e5cb5e4e7767 O /home/capstone/project/test_files/000455.html.README_TO_RESTORE
[5073] 556e5cb5e4e7767 O /home/capstone/project/test_files/000477.txt
[5073] 556e5cb5e4e7767 O /home/capstone/project/test_files/000477.txt.tmp_
[5073] 556e5cb5e4e7767 O /home/capstone/project/test_files/000059.html
[5073] 556e5cb5e4e7767 O /home/capstone/project/test_files/000059.html.tmp_
[5073] 556e5cb5e4e7767 C /home/capstone/project/test_files/000482.ps.README_TO_RESTORE
[5073] 556e5cb5e4e7767 O /home/capstone/project/test_files/000482.ps.README_TO_RESTORE
[5073] 556e5cb5e4e7767 O /home/capstone/project/test_files/000609.html
[5073] 556e5cb5e4e7767 O /home/capstone/project/test_files/000609.html.tmp_
[5073] 556e5cb5e4e7767 O /home/capstone/project/test_files/000848.txt
[5073] 556e5cb5e4e7767 O /home/capstone/project/test_files/000848.txt.tmp_
[5073] 556e5cb5e4e7767 C /home/capstone/project/test_files/000851.txt.README_TO_RESTORE
[5073] 556e5cb5e4e7767 O /home/capstone/project/test_files/000851.txt.README_TO_RESTORE
[5073] 556e5cb5e4e7767 O /home/capstone/project/test_files/000305.ppt
[5073] 556e5cb5e4e7767 O /home/capstone/project/test_files/000305.ppt.tmp_
[5073] 556e5cb5e4e7767 C /home/capstone/project/test_files/000139.doc.README_TO_RESTORE
[5073] 556e5cb5e4e7767 O /home/capstone/project/test_files/000139.doc.README_TO_RESTORE
[5073] 556e5cb5e4e7767 C /home/capstone/project/test_files/000059.html.README_TO_RESTORE
[5073] 556e5cb5e4e7767 O /home/capstone/project/test_files/000059.html.README_TO_RESTORE
[5073] 556e5cb5e4e7767 O /home/capstone/project/test_files/000425.html
[5073] 556e5cb5e4e7767 O /home/capstone/project/test_files/000425.html.tmp_
[5073] 556e5cb5e4e7767 C /home/capstone/project/test_files/000805.html.README_TO_RESTORE
[5073] 556e5cb5e4e7767 O /home/capstone/project/test_files/000805.html.README_TO_RESTORE
[5073] 556e5cb5e4e7767 O /home/capstone/project/test_files/000076.html
[5073] 556e5cb5e4e7767 O /home/capstone/project/test_files/000076.html.tmp_
[5073] 556e5cb5e4e7767 C /home/capstone/project/test_files/000666.txt.README_TO_RESTORE
[5073] 556e5cb5e4e7767 O /home/capstone/project/test_files/000666.txt.README_TO_RESTORE
[5073] 556e5cb5e4e7767 C /home/capstone/project/test_files/000476.jpg.README_TO_RESTORE
[5073] 556e5cb5e4e7767 O /home/capstone/project/test_files/000476.jpg.README_TO_RESTORE
[5073] 556e5cb5e4e7767 O /home/capstone/project/test_files/000542.gif
[5073] 556e5cb5e4e7767 O /home/capstone/project/test_files/000542.gif.tmp_
[5073] 556e5cb5e4e7767 C /home/capstone/project/test_files/000609.html.README_TO_RESTORE
[5073] 556e5cb5e4e7767 O /home/capstone/project/test_files/000609.html.README_TO_RESTORE
[5073] 556e5cb5e4e7767 O /home/capstone/project/test_files/000803.rtf
[5073] 556e5cb5e4e7767 O /home/capstone/project/test_files/000803.rtf.tmp_
[5073] 556e5cb5e4e7767 O /home/capstone/project/test_files/000987.ppt
[5073] 556e5cb5e4e7767 C /home/capstone/project/test_files/000477.txt.README_TO_RESTORE
[5073] 556e5cb5e4e7767 O /home/capstone/project/test_files/000477.txt.README_TO_RESTORE
[5073] 556e5cb5e4e7767 O /home/capstone/project/test_files/000987.ppt.tmp_
[5073] 556e5cb5e4e7767 C /home/capstone/project/test_files/000848.txt.README_TO_RESTORE
[5073] 556e5cb5e4e7767 O /home/capstone/project/test_files/000848.txt.README_TO_RESTORE
[5073] 556e5cb5e4e7767 O /home/capstone/project/test_files/000956.pdf
[5073] 556e5cb5e4e7767 O /home/capstone/project/test_files/000956.pdf.tmp_
[5073] 556e5cb5e4e7767 O /home/capstone/project/test_files/000457.html
[5073] 556e5cb5e4e7767 O /home/capstone/project/test_files/000457.html.tmp_
[5073] 556e5cb5e4e7767 O /home/capstone/project/test_files/000940.txt
[5073] 556e5cb5e4e7767 O /home/capstone/project/test_files/000940.txt.tmp_
[5073] 556e5cb5e4e7767 C /home/capstone/project/test_files/000580.pdf.README_TO_RESTORE
[5073] 556e5cb5e4e7767 O /home/capstone/project/test_files/000580.pdf.README_TO_RESTORE
[5073] 556e5cb5e4e7767 C /home/capstone/project/test_files/000222.txt.README_TO_RESTORE
[5073] 556e5cb5e4e7767 O /home/capstone/project/test_files/000222.txt.README_TO_RESTORE
[5073] 556e5cb5e4e7767 O /home/capstone/project/test_files/000319.ppt
[5073] 556e5cb5e4e7767 O /home/capstone/project/test_files/000319.ppt.tmp_
[5073] 556e5cb5e4e7767 O /home/capstone/project/test_files/000628.pdf
[5073] 556e5cb5e4e7767 O /home/capstone/project/test_files/000628.pdf.tmp_
[5073] 556e5cb5e4e7767 O /home/capstone/project/test_files/000608.html
[5073] 556e5cb5e4e7767 O /home/capstone/project/test_files/000608.html.tmp_
[5073] 556e5cb5e4e7767 C /home/capstone/project/test_files/000987.ppt.README_TO_RESTORE
[5073] 556e5cb5e4e7767 O /home/capstone/project/test_files/000987.ppt.README_TO_RESTORE
[5073] 556e5cb5e4e7767 C /home/capstone/project/test_files/000628.pdf.README_TO_RESTORE
[5073] 556e5cb5e4e7767 O /home/capstone/project/test_files/000628.pdf.README_TO_RESTORE
[5073] 556e5cb5e4e7767 O /home/capstone/project/test_files/000994.ppt
[5073] 556e5cb5e4e7767 O /home/capstone/project/test_files/000994.ppt.tmp_
[5073] 556e5cb5e4e7767 C /home/capstone/project/test_files/000956.pdf.README_TO_RESTORE
[5073] 556e5cb5e4e7767 O /home/capstone/project/test_files/000956.pdf.README_TO_RESTORE
[5073] 556e5cb5e4e7767 C /home/capstone/project/test_files/000457.html.README_TO_RESTORE
[5073] 556e5cb5e4e7767 C /home/capstone/project/test_files/000076.html.README_TO_RESTORE
[5073] 556e5cb5e4e7767 O /home/capstone/project/test_files/000076.html.README_TO_RESTORE
[5073] 556e5cb5e4e7767 O /home/capstone/project/test_files/000457.html.README_TO_RESTORE
[5073] 556e5cb5e4e7767 C /home/capstone/project/test_files/000608.html.README_TO_RESTORE
[5073] 556e5cb5e4e7767 O /home/capstone/project/test_files/000608.html.README_TO_RESTORE
[5073] 556e5cb5e4e7767 O /home/capstone/project/test_files/000933.txt
[5073] 556e5cb5e4e7767 O /home/capstone/project/test_files/000933.txt.tmp_
[5073] 556e5cb5e4e7767 C /home/capstone/project/test_files/000425.html.README_TO_RESTORE
[5073] 556e5cb5e4e7767 O /home/capstone/project/test_files/000425.html.README_TO_RESTORE
[5073] 556e5cb5e4e7767 O /home/capstone/project/test_files/000096.txt
[5073] 556e5cb5e4e7767 O /home/capstone/project/test_files/000096.txt.tmp_
[5073] 556e5cb5e4e7767 O /home/capstone/project/test_files/000289.ppt
[5073] 556e5cb5e4e7767 O /home/capstone/project/test_files/000289.ppt.tmp_
[5073] 556e5cb5e4e7767 O /home/capstone/project/test_files/000516.jpg
[5073] 556e5cb5e4e7767 O /home/capstone/project/test_files/000516.jpg.tmp_
[5073] 556e5cb5e4e7767 O /home/capstone/project/test_files/000118.doc
[5073] 556e5cb5e4e7767 O /home/capstone/project/test_files/000118.doc.tmp_
[5073] 556e5cb5e4e7767 C /home/capstone/project/test_files/000305.ppt.README_TO_RESTORE
[5073] 556e5cb5e4e7767 O /home/capstone/project/test_files/000305.ppt.README_TO_RESTORE
[5073] 556e5cb5e4e7767 C /home/capstone/project/test_files/000542.gif.README_TO_RESTORE
[5073] 556e5cb5e4e7767 O /home/capstone/project/test_files/000542.gif.README_TO_RESTORE
[5073] 556e5cb5e4e7767 O /home/capstone/project/test_files/000863.txt
[5073] 556e5cb5e4e7767 O /home/capstone/project/test_files/000863.txt.tmp_
[5073] 556e5cb5e4e7767 O /home/capstone/project/test_files/000721.csv
[5073] 556e5cb5e4e7767 O /home/capstone/project/test_files/000721.csv.tmp_
[5073] 556e5cb5e4e7767 C /home/capstone/project/test_files/000940.txt.README_TO_RESTORE
[5073] 556e5cb5e4e7767 O /home/capstone/project/test_files/000940.txt.README_TO_RESTORE
[5073] 556e5cb5e4e7767 O /home/capstone/project/test_files/000365.pdf
[5073] 556e5cb5e4e7767 O /home/capstone/project/test_files/000365.pdf.tmp_
[5073] 556e5cb5e4e7767 C /home/capstone/project/test_files/000994.ppt.README_TO_RESTORE
[5073] 556e5cb5e4e7767 O /home/capstone/project/test_files/000994.ppt.README_TO_RESTORE
[5073] 556e5cb5e4e7767 O /home/capstone/project/test_files/000117.rtf
[5073] 556e5cb5e4e7767 O /home/capstone/project/test_files/000117.rtf.tmp_
[5073] 556e5cb5e4e7767 C /home/capstone/project/test_files/000933.txt.README_TO_RESTORE
[5073] 556e5cb5e4e7767 C /home/capstone/project/test_files/000289.ppt.README_TO_RESTORE
[5073] 556e5cb5e4e7767 O /home/capstone/project/test_files/000289.ppt.README_TO_RESTORE
[5073] 556e5cb5e4e7767 C /home/capstone/project/test_files/000516.jpg.README_TO_RESTORE
[5073] 556e5cb5e4e7767 C /home/capstone/project/test_files/000365.pdf.README_TO_RESTORE
[5073] 556e5cb5e4e7767 O /home/capstone/project/test_files/000365.pdf.README_TO_RESTORE
[5073] 556e5cb5e4e7767 O /home/capstone/project/test_files/000516.jpg.README_TO_RESTORE
[5073] 556e5cb5e4e7767 C /home/capstone/project/test_files/000721.csv.README_TO_RESTORE
[5073] 556e5cb5e4e7767 O /home/capstone/project/test_files/000721.csv.README_TO_RESTORE
[5073] 556e5cb5e4e7767 C /home/capstone/project/test_files/000118.doc.README_TO_RESTORE
[5073] 556e5cb5e4e7767 O /home/capstone/project/test_files/000118.doc.README_TO_RESTORE
[5073] 556e5cb5e4e7767 C /home/capstone/project/test_files/000319.ppt.README_TO_RESTORE
[5073] 556e5cb5e4e7767 C /home/capstone/project/test_files/000096.txt.README_TO_RESTORE
[5073] 556e5cb5e4e7767 C /home/capstone/project/test_files/000863.txt.README_TO_RESTORE
[5073] 556e5cb5e4e7767 O /home/capstone/project/test_files/000096.txt.README_TO_RESTORE
[5073] 556e5cb5e4e7767 C /home/capstone/project/test_files/000803.rtf.README_TO_RESTORE
[5073] 556e5cb5e4e7767 O /home/capstone/project/test_files/000933.txt.README_TO_RESTORE
[5073] 556e5cb5e4e7767 O /home/capstone/project/test_files/000319.ppt.README_TO_RESTORE
[5073] 556e5cb5e4e7767 O /home/capstone/project/test_files/000863.txt.README_TO_RESTORE
[5073] 556e5cb5e4e7767 O /home/capstone/project/test_files/000803.rtf.README_TO_RESTORE
[5073] 556e5cb5e4e7767 O /home/capstone/project/test_files/000687.doc
[5073] 556e5cb5e4e7767 O /home/capstone/project/test_files/000687.doc.tmp_
[5073] 556e5cb5e4e7767 O /home/capstone/project/test_files/000583.pdf
[5073] 556e5cb5e4e7767 O /home/capstone/project/test_files/000583.pdf.tmp_
[5073] 556e5cb5e4e7767 O /home/capstone/project/test_files/000642.txt
[5073] 556e5cb5e4e7767 O /home/capstone/project/test_files/000642.txt.tmp_
[5073] 556e5cb5e4e7767 O /home/capstone/project/test_files/000557.ppt
[5073] 556e5cb5e4e7767 O /home/capstone/project/test_files/000557.ppt.tmp_
[5073] 556e5cb5e4e7767 O /home/capstone/project/test_files/000703.xml
[5073] 556e5cb5e4e7767 O /home/capstone/project/test_files/000703.xml.tmp_
[5073] 556e5cb5e4e7767 O /home/capstone/project/test_files/000409.html
[5073] 556e5cb5e4e7767 O /home/capstone/project/test_files/000409.html.tmp_
[5073] 556e5cb5e4e7767 O /home/capstone/project/test_files/000984.ppt
[5073] 556e5cb5e4e7767 O /home/capstone/project/test_files/000984.ppt.tmp_
[5073] 556e5cb5e4e7767 O /home/capstone/project/test_files/000625.txt
[5073] 556e5cb5e4e7767 O /home/capstone/project/test_files/000625.txt.tmp_
[5073] 556e5cb5e4e7767 C /home/capstone/project/test_files/000117.rtf.README_TO_RESTORE
[5073] 556e5cb5e4e7767 O /home/capstone/project/test_files/000117.rtf.README_TO_RESTORE
[5073] 556e5cb5e4e7767 O /home/capstone/project/test_files/000833.txt
[5073] 556e5cb5e4e7767 O /home/capstone/project/test_files/000833.txt.tmp_
[5073] 556e5cb5e4e7767 C /home/capstone/project/test_files/000642.txt.README_TO_RESTORE
[5073] 556e5cb5e4e7767 O /home/capstone/project/test_files/000318.ppt
[5073] 556e5cb5e4e7767 O /home/capstone/project/test_files/000642.txt.README_TO_RESTORE
[5073] 556e5cb5e4e7767 C /home/capstone/project/test_files/000984.ppt.README_TO_RESTORE
[5073] 556e5cb5e4e7767 O /home/capstone/project/test_files/000984.ppt.README_TO_RESTORE
[5073] 556e5cb5e4e7767 C /home/capstone/project/test_files/000409.html.README_TO_RESTORE
[5073] 556e5cb5e4e7767 O /home/capstone/project/test_files/000409.html.README_TO_RESTORE
[5073] 556e5cb5e4e7767 O /home/capstone/project/test_files/000318.ppt.tmp_
[5073] 556e5cb5e4e7767 O /home/capstone/project/test_files/000193.html
[5073] 556e5cb5e4e7767 O /home/capstone/project/test_files/000193.html.tmp_
[5073] 556e5cb5e4e7767 C /home/capstone/project/test_files/000703.xml.README_TO_RESTORE
[5073] 556e5cb5e4e7767 O /home/capstone/project/test_files/000703.xml.README_TO_RESTORE
[5073] 556e5cb5e4e7767 O /home/capstone/project/test_files/000756.csv
[5073] 556e5cb5e4e7767 O /home/capstone/project/test_files/000756.csv.tmp_
[5073] 556e5cb5e4e7767 C /home/capstone/project/test_files/000583.pdf.README_TO_RESTORE
[5073] 556e5cb5e4e7767 O /home/capstone/project/test_files/000584.pdf
[5073] 556e5cb5e4e7767 O /home/capstone/project/test_files/000584.pdf.tmp_
[5073] 556e5cb5e4e7767 O /home/capstone/project/test_files/000710.ppt
[5073] 556e5cb5e4e7767 O /home/capstone/project/test_files/000710.ppt.tmp_
[5073] 556e5cb5e4e7767 O /home/capstone/project/test_files/000583.pdf.README_TO_RESTORE
[5073] 556e5cb5e4e7767 O /home/capstone/project/test_files/000212.html
[5073] 556e5cb5e4e7767 O /home/capstone/project/test_files/000212.html.tmp_
[5073] 556e5cb5e4e7767 C /home/capstone/project/test_files/000625.txt.README_TO_RESTORE
[5073] 556e5cb5e4e7767 O /home/capstone/project/test_files/000625.txt.README_TO_RESTORE
[5073] 556e5cb5e4e7767 C /home/capstone/project/test_files/000557.ppt.README_TO_RESTORE
[5073] 556e5cb5e4e7767 O /home/capstone/project/test_files/000557.ppt.README_TO_RESTORE
[5073] 556e5cb5e4e7767 O /home/capstone/project/test_files/000449.html
[5073] 556e5cb5e4e7767 O /home/capstone/project/test_files/000449.html.tmp_
[5073] 556e5cb5e4e7767 O /home/capstone/project/test_files/000875.html
[5073] 556e5cb5e4e7767 O /home/capstone/project/test_files/000875.html.tmp_
[5073] 556e5cb5e4e7767 C /home/capstone/project/test_files/000687.doc.README_TO_RESTORE
[5073] 556e5cb5e4e7767 O /home/capstone/project/test_files/000687.doc.README_TO_RESTORE
[5073] 556e5cb5e4e7767 O /home/capstone/project/test_files/000241.gif
[5073] 556e5cb5e4e7767 O /home/capstone/project/test_files/000428.html
[5073] 556e5cb5e4e7767 O /home/capstone/project/test_files/000428.html.tmp_
[5073] 556e5cb5e4e7767 O /home/capstone/project/test_files/000241.gif.tmp_
[5073] 556e5cb5e4e7767 C /home/capstone/project/test_files/000756.csv.README_TO_RESTORE
[5073] 556e5cb5e4e7767 O /home/capstone/project/test_files/000756.csv.README_TO_RESTORE
[5073] 556e5cb5e4e7767 C /home/capstone/project/test_files/000193.html.README_TO_RESTORE
[5073] 556e5cb5e4e7767 O /home/capstone/project/test_files/000193.html.README_TO_RESTORE
[5073] 556e5cb5e4e7767 C /home/capstone/project/test_files/000212.html.README_TO_RESTORE
[5073] 556e5cb5e4e7767 O /home/capstone/project/test_files/000212.html.README_TO_RESTORE
[5073] 556e5cb5e4e7767 O /home/capstone/project/test_files/000216.html
[5073] 556e5cb5e4e7767 O /home/capstone/project/test_files/000216.html.tmp_
[5073] 556e5cb5e4e7767 C /home/capstone/project/test_files/000318.ppt.README_TO_RESTORE
[5073] 556e5cb5e4e7767 O /home/capstone/project/test_files/000318.ppt.README_TO_RESTORE
[5073] 556e5cb5e4e7767 C /home/capstone/project/test_files/000216.html.README_TO_RESTORE
[5073] 556e5cb5e4e7767 O /home/capstone/project/test_files/000216.html.README_TO_RESTORE
[5073] 556e5cb5e4e7767 C /home/capstone/project/test_files/000584.pdf.README_TO_RESTORE
[5073] 556e5cb5e4e7767 O /home/capstone/project/test_files/000584.pdf.README_TO_RESTORE
[5073] 556e5cb5e4e7767 C /home/capstone/project/test_files/000449.html.README_TO_RESTORE
[5073] 556e5cb5e4e7767 O /home/capstone/project/test_files/000449.html.README_TO_RESTORE
[5073] 556e5cb5e4e7767 C /home/capstone/project/test_files/000710.ppt.README_TO_RESTORE
[5073] 556e5cb5e4e7767 O /home/capstone/project/test_files/000710.ppt.README_TO_RESTORE
[5073] 556e5cb5e4e7767 O /home/capstone/project/test_files/000332.pdf
[5073] 556e5cb5e4e7767 O /home/capstone/project/test_files/000332.pdf.tmp_
[5073] 556e5cb5e4e7767 O /home/capstone/project/test_files/000488.unk
[5073] 556e5cb5e4e7767 O /home/capstone/project/test_files/000488.unk.tmp_
[5073] 556e5cb5e4e7767 O /home/capstone/project/test_files/000433.html
[5073] 556e5cb5e4e7767 O /home/capstone/project/test_files/000433.html.tmp_
[5073] 556e5cb5e4e7767 O /home/capstone/project/test_files/000969.jpg
[5073] 556e5cb5e4e7767 O /home/capstone/project/test_files/000969.jpg.tmp_
[5073] 556e5cb5e4e7767 O /home/capstone/project/test_files/000743.log
[5073] 556e5cb5e4e7767 O /home/capstone/project/test_files/000743.log.tmp_
[5073] 556e5cb5e4e7767 C /home/capstone/project/test_files/000833.txt.README_TO_RESTORE
[5073] 556e5cb5e4e7767 O /home/capstone/project/test_files/000833.txt.README_TO_RESTORE
[5073] 556e5cb5e4e7767 C /home/capstone/project/test_files/000969.jpg.README_TO_RESTORE
[5073] 556e5cb5e4e7767 O /home/capstone/project/test_files/000969.jpg.README_TO_RESTORE
[5073] 556e5cb5e4e7767 C /home/capstone/project/test_files/000875.html.README_TO_RESTORE
[5073] 556e5cb5e4e7767 O /home/capstone/project/test_files/000875.html.README_TO_RESTORE
[5073] 556e5cb5e4e7767 O /home/capstone/project/test_files/000901.pdf
[5073] 556e5cb5e4e7767 O /home/capstone/project/test_files/000901.pdf.tmp_
[5073] 556e5cb5e4e7767 C /home/capstone/project/test_files/000428.html.README_TO_RESTORE
[5073] 556e5cb5e4e7767 O /home/capstone/project/test_files/000428.html.README_TO_RESTORE
[5073] 556e5cb5e4e7767 O /home/capstone/project/test_files/000334.pdf
[5073] 556e5cb5e4e7767 O /home/capstone/project/test_files/000334.pdf.tmp_
[5073] 556e5cb5e4e7767 O /home/capstone/project/test_files/000529.gif
[5073] 556e5cb5e4e7767 O /home/capstone/project/test_files/000529.gif.tmp_
[5073] 556e5cb5e4e7767 O /home/capstone/project/test_files/000034.xls
[5073] 556e5cb5e4e7767 O /home/capstone/project/test_files/000353.pdf
[5073] 556e5cb5e4e7767 O /home/capstone/project/test_files/000353.pdf.tmp_
[5073] 556e5cb5e4e7767 O /home/capstone/project/test_files/000034.xls.tmp_
[5073] 556e5cb5e4e7767 O /home/capstone/project/test_files/000206.html
[5073] 556e5cb5e4e7767 O /home/capstone/project/test_files/000206.html.tmp_
[5073] 556e5cb5e4e7767 C /home/capstone/project/test_files/000529.gif.README_TO_RESTORE
[5073] 556e5cb5e4e7767 O /home/capstone/project/test_files/000529.gif.README_TO_RESTORE
[5073] 556e5cb5e4e7767 O /home/capstone/project/test_files/000701.doc
[5073] 556e5cb5e4e7767 O /home/capstone/project/test_files/000701.doc.tmp_
[5073] 556e5cb5e4e7767 C /home/capstone/project/test_files/000353.pdf.README_TO_RESTORE
[5073] 556e5cb5e4e7767 O /home/capstone/project/test_files/000353.pdf.README_TO_RESTORE
[5073] 556e5cb5e4e7767 C /home/capstone/project/test_files/000488.unk.README_TO_RESTORE
[5073] 556e5cb5e4e7767 O /home/capstone/project/test_files/000592.pdf
[5073] 556e5cb5e4e7767 O /home/capstone/project/test_files/000592.pdf.tmp_
[5073] 556e5cb5e4e7767 C /home/capstone/project/test_files/000332.pdf.README_TO_RESTORE
[5073] 556e5cb5e4e7767 O /home/capstone/project/test_files/000332.pdf.README_TO_RESTORE
[5073] 556e5cb5e4e7767 O /home/capstone/project/test_files/000069.html
[5073] 556e5cb5e4e7767 O /home/capstone/project/test_files/000069.html.tmp_
[5073] 556e5cb5e4e7767 O /home/capstone/project/test_files/000488.unk.README_TO_RESTORE
[5073] 556e5cb5e4e7767 O /home/capstone/project/test_files/000778.xls
[5073] 556e5cb5e4e7767 C /home/capstone/project/test_files/000334.pdf.README_TO_RESTORE
[5073] 556e5cb5e4e7767 O /home/capstone/project/test_files/000334.pdf.README_TO_RESTORE
[5073] 556e5cb5e4e7767 O /home/capstone/project/test_files/000778.xls.tmp_
[5073] 556e5cb5e4e7767 O /home/capstone/project/test_files/000855.txt
[5073] 556e5cb5e4e7767 C /home/capstone/project/test_files/000592.pdf.README_TO_RESTORE
[5073] 556e5cb5e4e7767 O /home/capstone/project/test_files/000855.txt.tmp_
[5073] 556e5cb5e4e7767 C /home/capstone/project/test_files/000433.html.README_TO_RESTORE
[5073] 556e5cb5e4e7767 O /home/capstone/project/test_files/000433.html.README_TO_RESTORE
[5073] 556e5cb5e4e7767 O /home/capstone/project/test_files/000592.pdf.README_TO_RESTORE
[5073] 556e5cb5e4e7767 C /home/capstone/project/test_files/000743.log.README_TO_RESTORE
[5073] 556e5cb5e4e7767 O /home/capstone/project/test_files/000743.log.README_TO_RESTORE
[5073] 556e5cb5e4e7767 O /home/capstone/project/test_files/000572.pdf
[5073] 556e5cb5e4e7767 O /home/capstone/project/test_files/000572.pdf.tmp_
[5073] 556e5cb5e4e7767 O /home/capstone/project/test_files/000022.pdf
[5073] 556e5cb5e4e7767 O /home/capstone/project/test_files/000022.pdf.tmp_
[5073] 556e5cb5e4e7767 O /home/capstone/project/test_files/000845.swf
[5073] 556e5cb5e4e7767 O /home/capstone/project/test_files/000845.swf.tmp_
[5073] 556e5cb5e4e7767 C /home/capstone/project/test_files/000241.gif.README_TO_RESTORE
[5073] 556e5cb5e4e7767 O /home/capstone/project/test_files/000241.gif.README_TO_RESTORE
[5073] 556e5cb5e4e7767 C /home/capstone/project/test_files/000701.doc.README_TO_RESTORE
[5073] 556e5cb5e4e7767 O /home/capstone/project/test_files/000701.doc.README_TO_RESTORE
[5073] 556e5cb5e4e7767 O /home/capstone/project/test_files/000071.html
[5073] 556e5cb5e4e7767 C /home/capstone/project/test_files/000034.xls.README_TO_RESTORE
[5073] 556e5cb5e4e7767 O /home/capstone/project/test_files/000320.ppt
[5073] 556e5cb5e4e7767 O /home/capstone/project/test_files/000071.html.tmp_
[5073] 556e5cb5e4e7767 O /home/capstone/project/test_files/000320.ppt.tmp_
[5073] 556e5cb5e4e7767 C /home/capstone/project/test_files/000022.pdf.README_TO_RESTORE
[5073] 556e5cb5e4e7767 O /home/capstone/project/test_files/000022.pdf.README_TO_RESTORE
[5073] 556e5cb5e4e7767 C /home/capstone/project/test_files/000572.pdf.README_TO_RESTORE
[5073] 556e5cb5e4e7767 O /home/capstone/project/test_files/000572.pdf.README_TO_RESTORE
[5073] 556e5cb5e4e7767 O /home/capstone/project/test_files/000034.xls.README_TO_RESTORE
[5073] 556e5cb5e4e7767 O /home/capstone/project/test_files/000165.ppt
[5073] 556e5cb5e4e7767 O /home/capstone/project/test_files/000165.ppt.tmp_
[5073] 556e5cb5e4e7767 O /home/capstone/project/test_files/000530.gif
[5073] 556e5cb5e4e7767 O /home/capstone/project/test_files/000530.gif.tmp_
[5073] 556e5cb5e4e7767 O /home/capstone/project/test_files/000970.doc
[5073] 556e5cb5e4e7767 O /home/capstone/project/test_files/000970.doc.tmp_
[5073] 556e5cb5e4e7767 C /home/capstone/project/test_files/000901.pdf.README_TO_RESTORE
[5073] 556e5cb5e4e7767 O /home/capstone/project/test_files/000901.pdf.README_TO_RESTORE
[5073] 556e5cb5e4e7767 C /home/capstone/project/test_files/000069.html.README_TO_RESTORE
[5073] 556e5cb5e4e7767 O /home/capstone/project/test_files/000069.html.README_TO_RESTORE
[5073] 556e5cb5e4e7767 O /home/capstone/project/test_files/000004.doc
[5073] 556e5cb5e4e7767 O /home/capstone/project/test_files/000004.doc.tmp_
[5073] 556e5cb5e4e7767 O /home/capstone/project/test_files/000460.txt
[5073] 556e5cb5e4e7767 C /home/capstone/project/test_files/000970.doc.README_TO_RESTORE
[5073] 556e5cb5e4e7767 O /home/capstone/project/test_files/000970.doc.README_TO_RESTORE
[5073] 556e5cb5e4e7767 C /home/capstone/project/test_files/000320.ppt.README_TO_RESTORE
[5073] 556e5cb5e4e7767 O /home/capstone/project/test_files/000460.txt.tmp_
[5073] 556e5cb5e4e7767 O /home/capstone/project/test_files/000320.ppt.README_TO_RESTORE
[5073] 556e5cb5e4e7767 C /home/capstone/project/test_files/000165.ppt.README_TO_RESTORE
[5073] 556e5cb5e4e7767 O /home/capstone/project/test_files/000165.ppt.README_TO_RESTORE
[5073] 556e5cb5e4e7767 C /home/capstone/project/test_files/000206.html.README_TO_RESTORE
[5073] 556e5cb5e4e7767 O /home/capstone/project/test_files/000206.html.README_TO_RESTORE
[5073] 556e5cb5e4e7767 C /home/capstone/project/test_files/000845.swf.README_TO_RESTORE
[5073] 556e5cb5e4e7767 O /home/capstone/project/test_files/000845.swf.README_TO_RESTORE
[5073] 556e5cb5e4e7767 C /home/capstone/project/test_files/000778.xls.README_TO_RESTORE
[5073] 556e5cb5e4e7767 O /home/capstone/project/test_files/000778.xls.README_TO_RESTORE
[5073] 556e5cb5e4e7767 C /home/capstone/project/test_files/000530.gif.README_TO_RESTORE
[5073] 556e5cb5e4e7767 O /home/capstone/project/test_files/000530.gif.README_TO_RESTORE
[5073] 556e5cb5e4e7767 C /home/capstone/project/test_files/000855.txt.README_TO_RESTORE
[5073] 556e5cb5e4e7767 O /home/capstone/project/test_files/000855.txt.README_TO_RESTORE
[5073] 556e5cb5e4e7767 C /home/capstone/project/test_files/000071.html.README_TO_RESTORE
[5073] 556e5cb5e4e7767 O /home/capstone/project/test_files/000071.html.README_TO_RESTORE
[5073] 556e5cb5e4e7767 C /home/capstone/project/test_files/000004.doc.README_TO_RESTORE
[5073] 556e5cb5e4e7767 O /home/capstone/project/test_files/000004.doc.README_TO_RESTORE
[5073] 556e5cb5e4e7767 O /home/capstone/project/test_files/000039.xml
[5073] 556e5cb5e4e7767 O /home/capstone/project/test_files/000629.pdf
[5073] 556e5cb5e4e7767 O /home/capstone/project/test_files/000629.pdf.tmp_
[5073] 556e5cb5e4e7767 O /home/capstone/project/test_files/000039.xml.tmp_
[5073] 556e5cb5e4e7767 O /home/capstone/project/test_files/000804.doc
[5073] 556e5cb5e4e7767 O /home/capstone/project/test_files/000804.doc.tmp_
[5073] 556e5cb5e4e7767 O /home/capstone/project/test_files/000186.html
[5073] 556e5cb5e4e7767 O /home/capstone/project/test_files/000186.html.tmp_
[5073] 556e5cb5e4e7767 C /home/capstone/project/test_files/000460.txt.README_TO_RESTORE
[5073] 556e5cb5e4e7767 O /home/capstone/project/test_files/000460.txt.README_TO_RESTORE
[5073] 556e5cb5e4e7767 O /home/capstone/project/test_files/000132.doc
[5073] 556e5cb5e4e7767 O /home/capstone/project/test_files/000617.html
[5073] 556e5cb5e4e7767 O /home/capstone/project/test_files/000132.doc.tmp_
[5073] 556e5cb5e4e7767 O /home/capstone/project/test_files/000617.html.tmp_
[5073] 556e5cb5e4e7767 O /home/capstone/project/test_files/000720.ppt
[5073] 556e5cb5e4e7767 O /home/capstone/project/test_files/000720.ppt.tmp_
[5073] 556e5cb5e4e7767 O /home/capstone/project/test_files/000633.xls
[5073] 556e5cb5e4e7767 O /home/capstone/project/test_files/000633.xls.tmp_
[5073] 556e5cb5e4e7767 O /home/capstone/project/test_files/000223.f
[5073] 556e5cb5e4e7767 O /home/capstone/project/test_files/000223.f.tmp_
[5073] 556e5cb5e4e7767 O /home/capstone/project/test_files/000754.gz
[5073] 556e5cb5e4e7767 O /home/capstone/project/test_files/000754.gz.tmp_
[5073] 556e5cb5e4e7767 C /home/capstone/project/test_files/000804.doc.README_TO_RESTORE
[5073] 556e5cb5e4e7767 O /home/capstone/project/test_files/000804.doc.README_TO_RESTORE
[5073] 556e5cb5e4e7767 C /home/capstone/project/test_files/000039.xml.README_TO_RESTORE
[5073] 556e5cb5e4e7767 C /home/capstone/project/test_files/000223.f.README_TO_RESTORE
[5073] 556e5cb5e4e7767 O /home/capstone/project/test_files/000223.f.README_TO_RESTORE
[5073] 556e5cb5e4e7767 C /home/capstone/project/test_files/000186.html.README_TO_RESTORE
[5073] 556e5cb5e4e7767 O /home/capstone/project/test_files/000186.html.README_TO_RESTORE
[5073] 556e5cb5e4e7767 O /home/capstone/project/test_files/000039.xml.README_TO_RESTORE
[5073] 556e5cb5e4e7767 O /home/capstone/project/test_files/000007.doc
[5073] 556e5cb5e4e7767 O /home/capstone/project/test_files/000007.doc.tmp_
[5073] 556e5cb5e4e7767 O /home/capstone/project/test_files/000122.doc
[5073] 556e5cb5e4e7767 O /home/capstone/project/test_files/000122.doc.tmp_
[5073] 556e5cb5e4e7767 O /home/capstone/project/test_files/000771.doc
[5073] 556e5cb5e4e7767 O /home/capstone/project/test_files/000771.doc.tmp_
[5073] 556e5cb5e4e7767 O /home/capstone/project/test_files/000442.html
[5073] 556e5cb5e4e7767 O /home/capstone/project/test_files/000442.html.tmp_
[5073] 556e5cb5e4e7767 C /home/capstone/project/test_files/000617.html.README_TO_RESTORE
[5073] 556e5cb5e4e7767 C /home/capstone/project/test_files/000122.doc.README_TO_RESTORE
[5073] 556e5cb5e4e7767 O /home/capstone/project/test_files/000122.doc.README_TO_RESTORE
[5073] 556e5cb5e4e7767 C /home/capstone/project/test_files/000132.doc.README_TO_RESTORE
[5073] 556e5cb5e4e7767 O /home/capstone/project/test_files/000132.doc.README_TO_RESTORE
[5073] 556e5cb5e4e7767 C /home/capstone/project/test_files/000629.pdf.README_TO_RESTORE
[5073] 556e5cb5e4e7767 O /home/capstone/project/test_files/000629.pdf.README_TO_RESTORE
[5073] 556e5cb5e4e7767 O /home/capstone/project/test_files/000269.pdf
[5073] 556e5cb5e4e7767 O /home/capstone/project/test_files/000269.pdf.tmp_
[5073] 556e5cb5e4e7767 O /home/capstone/project/test_files/000617.html.README_TO_RESTORE
[5073] 556e5cb5e4e7767 O /home/capstone/project/test_files/000981.doc
[5073] 556e5cb5e4e7767 O /home/capstone/project/test_files/000981.doc.tmp_
[5073] 556e5cb5e4e7767 O /home/capstone/project/test_files/000499.txt
[5073] 556e5cb5e4e7767 O /home/capstone/project/test_files/000499.txt.tmp_
[5073] 556e5cb5e4e7767 O /home/capstone/project/test_files/000224.txt
[5073] 556e5cb5e4e7767 O /home/capstone/project/test_files/000976.doc
[5073] 556e5cb5e4e7767 O /home/capstone/project/test_files/000976.doc.tmp_
[5073] 556e5cb5e4e7767 O /home/capstone/project/test_files/000224.txt.tmp_
[5073] 556e5cb5e4e7767 C /home/capstone/project/test_files/000269.pdf.README_TO_RESTORE
[5073] 556e5cb5e4e7767 O /home/capstone/project/test_files/000269.pdf.README_TO_RESTORE
[5073] 556e5cb5e4e7767 C /home/capstone/project/test_files/000633.xls.README_TO_RESTORE
[5073] 556e5cb5e4e7767 O /home/capstone/project/test_files/000633.xls.README_TO_RESTORE
[5073] 556e5cb5e4e7767 C /home/capstone/project/test_files/000720.ppt.README_TO_RESTORE
[5073] 556e5cb5e4e7767 O /home/capstone/project/test_files/000720.ppt.README_TO_RESTORE
[5073] 556e5cb5e4e7767 C /home/capstone/project/test_files/000976.doc.README_TO_RESTORE
[5073] 556e5cb5e4e7767 O /home/capstone/project/test_files/000976.doc.README_TO_RESTORE
[5073] 556e5cb5e4e7767 O /home/capstone/project/test_files/000735.html
[5073] 556e5cb5e4e7767 C /home/capstone/project/test_files/000499.txt.README_TO_RESTORE
[5073] 556e5cb5e4e7767 O /home/capstone/project/test_files/000735.html.tmp_
[5073] 556e5cb5e4e7767 O /home/capstone/project/test_files/000995.ppt
[5073] 556e5cb5e4e7767 O /home/capstone/project/test_files/000995.ppt.tmp_
[5073] 556e5cb5e4e7767 O /home/capstone/project/test_files/000499.txt.README_TO_RESTORE
[5073] 556e5cb5e4e7767 O /home/capstone/project/test_files/000714.ppt
[5073] 556e5cb5e4e7767 O /home/capstone/project/test_files/000714.ppt.tmp_
[5073] 556e5cb5e4e7767 C /home/capstone/project/test_files/000995.ppt.README_TO_RESTORE
[5073] 556e5cb5e4e7767 O /home/capstone/project/test_files/000995.ppt.README_TO_RESTORE
[5073] 556e5cb5e4e7767 O /home/capstone/project/test_files/000699.log
[5073] 556e5cb5e4e7767 O /home/capstone/project/test_files/000699.log.tmp_
[5073] 556e5cb5e4e7767 C /home/capstone/project/test_files/000007.doc.README_TO_RESTORE
[5073] 556e5cb5e4e7767 O /home/capstone/project/test_files/000007.doc.README_TO_RESTORE
[5073] 556e5cb5e4e7767 C /home/capstone/project/test_files/000754.gz.README_TO_RESTORE
[5073] 556e5cb5e4e7767 O /home/capstone/project/test_files/000754.gz.README_TO_RESTORE
[5073] 556e5cb5e4e7767 O /home/capstone/project/test_files/000410.html
[5073] 556e5cb5e4e7767 O /home/capstone/project/test_files/000410.html.tmp_
[5073] 556e5cb5e4e7767 C /home/capstone/project/test_files/000981.doc.README_TO_RESTORE
[5073] 556e5cb5e4e7767 O /home/capstone/project/test_files/000981.doc.README_TO_RESTORE
[5073] 556e5cb5e4e7767 C /home/capstone/project/test_files/000224.txt.README_TO_RESTORE
[5073] 556e5cb5e4e7767 O /home/capstone/project/test_files/000809.pdf
[5073] 556e5cb5e4e7767 O /home/capstone/project/test_files/000809.pdf.tmp_
[5073] 556e5cb5e4e7767 O /home/capstone/project/test_files/000224.txt.README_TO_RESTORE
[5073] 556e5cb5e4e7767 O /home/capstone/project/test_files/000587.pdf
[5073] 556e5cb5e4e7767 O /home/capstone/project/test_files/000587.pdf.tmp_
[5073] 556e5cb5e4e7767 O /home/capstone/project/test_files/000670.txt
[5073] 556e5cb5e4e7767 O /home/capstone/project/test_files/000670.txt.tmp_
[5073] 556e5cb5e4e7767 C /home/capstone/project/test_files/000735.html.README_TO_RESTORE
[5073] 556e5cb5e4e7767 O /home/capstone/project/test_files/000735.html.README_TO_RESTORE
[5073] 556e5cb5e4e7767 O /home/capstone/project/test_files/000519.gif
[5073] 556e5cb5e4e7767 O /home/capstone/project/test_files/000519.gif.tmp_
[5073] 556e5cb5e4e7767 O /home/capstone/project/test_files/000707.doc
[5073] 556e5cb5e4e7767 O /home/capstone/project/test_files/000707.doc.tmp_
[5073] 556e5cb5e4e7767 O /home/capstone/project/test_files/000923.xml
[5073] 556e5cb5e4e7767 O /home/capstone/project/test_files/000207.html
[5073] 556e5cb5e4e7767 O /home/capstone/project/test_files/000923.xml.tmp_
[5073] 556e5cb5e4e7767 O /home/capstone/project/test_files/000207.html.tmp_
[5073] 556e5cb5e4e7767 C /home/capstone/project/test_files/000670.txt.README_TO_RESTORE
[5073] 556e5cb5e4e7767 O /home/capstone/project/test_files/000670.txt.README_TO_RESTORE
[5073] 556e5cb5e4e7767 C /home/capstone/project/test_files/000771.doc.README_TO_RESTORE
[5073] 556e5cb5e4e7767 O /home/capstone/project/test_files/000771.doc.README_TO_RESTORE
[5073] 556e5cb5e4e7767 C /home/capstone/project/test_files/000587.pdf.README_TO_RESTORE
[5073] 556e5cb5e4e7767 O /home/capstone/project/test_files/000587.pdf.README_TO_RESTORE
[5073] 556e5cb5e4e7767 C /home/capstone/project/test_files/000410.html.README_TO_RESTORE
[5073] 556e5cb5e4e7767 O /home/capstone/project/test_files/000410.html.README_TO_RESTORE
[5073] 556e5cb5e4e7767 C /home/capstone/project/test_files/000714.ppt.README_TO_RESTORE
[5073] 556e5cb5e4e7767 O /home/capstone/project/test_files/000714.ppt.README_TO_RESTORE
[5073] 556e5cb5e4e7767 C /home/capstone/project/test_files/000519.gif.README_TO_RESTORE
[5073] 556e5cb5e4e7767 O /home/capstone/project/test_files/000519.gif.README_TO_RESTORE
[5073] 556e5cb5e4e7767 C /home/capstone/project/test_files/000442.html.README_TO_RESTORE
[5073] 556e5cb5e4e7767 O /home/capstone/project/test_files/000442.html.README_TO_RESTORE
[5073] 556e5cb5e4e7767 O /home/capstone/project/test_files/000844.txt
[5073] 556e5cb5e4e7767 O /home/capstone/project/test_files/000844.txt.tmp_
[5073] 556e5cb5e4e7767 O /home/capstone/project/test_files/000894.html
[5073] 556e5cb5e4e7767 O /home/capstone/project/test_files/000894.html.tmp_
[5073] 556e5cb5e4e7767 C /home/capstone/project/test_files/000699.log.README_TO_RESTORE
[5073] 556e5cb5e4e7767 O /home/capstone/project/test_files/000699.log.README_TO_RESTORE
[5073] 556e5cb5e4e7767 O /home/capstone/project/test_files/000461.html
[5073] 556e5cb5e4e7767 O /home/capstone/project/test_files/000461.html.tmp_
[5073] 556e5cb5e4e7767 O /home/capstone/project/test_files/000381.pdf
[5073] 556e5cb5e4e7767 O /home/capstone/project/test_files/000381.pdf.tmp_
[5073] 556e5cb5e4e7767 C /home/capstone/project/test_files/000923.xml.README_TO_RESTORE
[5073] 556e5cb5e4e7767 O /home/capstone/project/test_files/000923.xml.README_TO_RESTORE
[5073] 556e5cb5e4e7767 O /home/capstone/project/test_files/000489.txt
[5073] 556e5cb5e4e7767 O /home/capstone/project/test_files/000489.txt.tmp_
[5073] 556e5cb5e4e7767 C /home/capstone/project/test_files/000707.doc.README_TO_RESTORE
[5073] 556e5cb5e4e7767 O /home/capstone/project/test_files/000707.doc.README_TO_RESTORE
[5073] 556e5cb5e4e7767 C /home/capstone/project/test_files/000809.pdf.README_TO_RESTORE
[5073] 556e5cb5e4e7767 O /home/capstone/project/test_files/000809.pdf.README_TO_RESTORE
[5073] 556e5cb5e4e7767 O /home/capstone/project/test_files/000545.gif
[5073] 556e5cb5e4e7767 O /home/capstone/project/test_files/000545.gif.tmp_
[5073] 556e5cb5e4e7767 O /home/capstone/project/test_files/000285.doc
[5073] 556e5cb5e4e7767 O /home/capstone/project/test_files/000285.doc.tmp_
[5073] 556e5cb5e4e7767 O /home/capstone/project/test_files/000748.pdf
[5073] 556e5cb5e4e7767 O /home/capstone/project/test_files/000748.pdf.tmp_
[5073] 556e5cb5e4e7767 O /home/capstone/project/test_files/000810.pdf
[5073] 556e5cb5e4e7767 O /home/capstone/project/test_files/000810.pdf.tmp_
[5073] 556e5cb5e4e7767 C /home/capstone/project/test_files/000207.html.README_TO_RESTORE
[5073] 556e5cb5e4e7767 O /home/capstone/project/test_files/000207.html.README_TO_RESTORE
[5073] 556e5cb5e4e7767 O /home/capstone/project/test_files/000865.gz
[5073] 556e5cb5e4e7767 O /home/capstone/project/test_files/000865.gz.tmp_
[5073] 556e5cb5e4e7767 O /home/capstone/project/test_files/000773.ps
[5073] 556e5cb5e4e7767 O /home/capstone/project/test_files/000773.ps.tmp_
[5073] 556e5cb5e4e7767 C /home/capstone/project/test_files/000773.ps.README_TO_RESTORE
[5073] 556e5cb5e4e7767 O /home/capstone/project/test_files/000773.ps.README_TO_RESTORE
[5073] 556e5cb5e4e7767 C /home/capstone/project/test_files/000844.txt.README_TO_RESTORE
[5073] 556e5cb5e4e7767 O /home/capstone/project/test_files/000844.txt.README_TO_RESTORE
[5073] 556e5cb5e4e7767 C /home/capstone/project/test_files/000865.gz.README_TO_RESTORE
[5073] 556e5cb5e4e7767 O /home/capstone/project/test_files/000865.gz.README_TO_RESTORE
[5073] 556e5cb5e4e7767 C /home/capstone/project/test_files/000489.txt.README_TO_RESTORE
[5073] 556e5cb5e4e7767 O /home/capstone/project/test_files/000489.txt.README_TO_RESTORE
[5073] 556e5cb5e4e7767 C /home/capstone/project/test_files/000381.pdf.README_TO_RESTORE
[5073] 556e5cb5e4e7767 O /home/capstone/project/test_files/000381.pdf.README_TO_RESTORE
[5073] 556e5cb5e4e7767 C /home/capstone/project/test_files/000461.html.README_TO_RESTORE
[5073] 556e5cb5e4e7767 O /home/capstone/project/test_files/000461.html.README_TO_RESTORE
[5073] 556e5cb5e4e7767 C /home/capstone/project/test_files/000545.gif.README_TO_RESTORE
[5073] 556e5cb5e4e7767 O /home/capstone/project/test_files/000545.gif.README_TO_RESTORE
[5073] 556e5cb5e4e7767 C /home/capstone/project/test_files/000810.pdf.README_TO_RESTORE
[5073] 556e5cb5e4e7767 O /home/capstone/project/test_files/000810.pdf.README_TO_RESTORE
[5073] 556e5cb5e4e7767 O /home/capstone/project/test_files/000675.doc
[5073] 556e5cb5e4e7767 O /home/capstone/project/test_files/000675.doc.tmp_
[5073] 556e5cb5e4e7767 O /home/capstone/project/test_files/000109.jpg
[5073] 556e5cb5e4e7767 O /home/capstone/project/test_files/000109.jpg.tmp_
[5073] 556e5cb5e4e7767 O /home/capstone/project/test_files/000431.html
[5073] 556e5cb5e4e7767 O /home/capstone/project/test_files/000431.html.tmp_
[5073] 556e5cb5e4e7767 O /home/capstone/project/test_files/000692.html
[5073] 556e5cb5e4e7767 O /home/capstone/project/test_files/000692.html.tmp_
[5073] 556e5cb5e4e7767 O /home/capstone/project/test_files/000082.txt
[5073] 556e5cb5e4e7767 O /home/capstone/project/test_files/000082.txt.tmp_
[5073] 556e5cb5e4e7767 C /home/capstone/project/test_files/000894.html.README_TO_RESTORE
[5073] 556e5cb5e4e7767 O /home/capstone/project/test_files/000324.pdf
[5073] 556e5cb5e4e7767 O /home/capstone/project/test_files/000324.pdf.tmp_
[5073] 556e5cb5e4e7767 O /home/capstone/project/test_files/000894.html.README_TO_RESTORE
[5073] 556e5cb5e4e7767 C /home/capstone/project/test_files/000431.html.README_TO_RESTORE
[5073] 556e5cb5e4e7767 O /home/capstone/project/test_files/000431.html.README_TO_RESTORE
[5073] 556e5cb5e4e7767 O /home/capstone/project/test_files/000866.txt
[5073] 556e5cb5e4e7767 O /home/capstone/project/test_files/000866.txt.tmp_
[5073] 556e5cb5e4e7767 O /home/capstone/project/test_files/000389.dbase3
[5073] 556e5cb5e4e7767 O /home/capstone/project/test_files/000389.dbase3.tmp_
[5073] 556e5cb5e4e7767 O /home/capstone/project/test_files/000534.gif
[5073] 556e5cb5e4e7767 O /home/capstone/project/test_files/000534.gif.tmp_
[5073] 556e5cb5e4e7767 O /home/capstone/project/test_files/000697.log
[5073] 556e5cb5e4e7767 O /home/capstone/project/test_files/000793.html
[5073] 556e5cb5e4e7767 O /home/capstone/project/test_files/000793.html.tmp_
[5073] 556e5cb5e4e7767 O /home/capstone/project/test_files/000697.log.tmp_
[5073] 556e5cb5e4e7767 C /home/capstone/project/test_files/000675.doc.README_TO_RESTORE
[5073] 556e5cb5e4e7767 O /home/capstone/project/test_files/000675.doc.README_TO_RESTORE
[5073] 556e5cb5e4e7767 O /home/capstone/project/test_files/000322.ppt
[5073] 556e5cb5e4e7767 O /home/capstone/project/test_files/000322.ppt.tmp_
[5073] 556e5cb5e4e7767 C /home/capstone/project/test_files/000109.jpg.README_TO_RESTORE
[5073] 556e5cb5e4e7767 O /home/capstone/project/test_files/000109.jpg.README_TO_RESTORE
[5073] 556e5cb5e4e7767 C /home/capstone/project/test_files/000748.pdf.README_TO_RESTORE
[5073] 556e5cb5e4e7767 O /home/capstone/project/test_files/000494.txt
[5073] 556e5cb5e4e7767 O /home/capstone/project/test_files/000494.txt.tmp_
[5073] 556e5cb5e4e7767 O /home/capstone/project/test_files/000748.pdf.README_TO_RESTORE
[5073] 556e5cb5e4e7767 C /home/capstone/project/test_files/000793.html.README_TO_RESTORE
[5073] 556e5cb5e4e7767 O /home/capstone/project/test_files/000793.html.README_TO_RESTORE
[5073] 556e5cb5e4e7767 C /home/capstone/project/test_files/000082.txt.README_TO_RESTORE
[5073] 556e5cb5e4e7767 O /home/capstone/project/test_files/000082.txt.README_TO_RESTORE
[5073] 556e5cb5e4e7767 O /home/capstone/project/test_files/000861.txt
[5073] 556e5cb5e4e7767 O /home/capstone/project/test_files/000861.txt.tmp_
[5073] 556e5cb5e4e7767 O /home/capstone/project/test_files/000110.jpg
[5073] 556e5cb5e4e7767 O /home/capstone/project/test_files/000110.jpg.tmp_
[5073] 556e5cb5e4e7767 C /home/capstone/project/test_files/000285.doc.README_TO_RESTORE
[5073] 556e5cb5e4e7767 C /home/capstone/project/test_files/000324.pdf.README_TO_RESTORE
[5073] 556e5cb5e4e7767 O /home/capstone/project/test_files/000285.doc.README_TO_RESTORE
[5073] 556e5cb5e4e7767 O /home/capstone/project/test_files/000324.pdf.README_TO_RESTORE
[5073] 556e5cb5e4e7767 C /home/capstone/project/test_files/000866.txt.README_TO_RESTORE
[5073] 556e5cb5e4e7767 O /home/capstone/project/test_files/000866.txt.README_TO_RESTORE
[5073] 556e5cb5e4e7767 O /home/capstone/project/test_files/000294.ppt
[5073] 556e5cb5e4e7767 O /home/capstone/project/test_files/000294.ppt.tmp_
[5073] 556e5cb5e4e7767 O /home/capstone/project/test_files/000849.txt
[5073] 556e5cb5e4e7767 O /home/capstone/project/test_files/000849.txt.tmp_
[5073] 556e5cb5e4e7767 C /home/capstone/project/test_files/000322.ppt.README_TO_RESTORE
[5073] 556e5cb5e4e7767 O /home/capstone/project/test_files/000322.ppt.README_TO_RESTORE
[5073] 556e5cb5e4e7767 C /home/capstone/project/test_files/000110.jpg.README_TO_RESTORE
[5073] 556e5cb5e4e7767 O /home/capstone/project/test_files/000110.jpg.README_TO_RESTORE
[5073] 556e5cb5e4e7767 C /home/capstone/project/test_files/000692.html.README_TO_RESTORE
[5073] 556e5cb5e4e7767 O /home/capstone/project/test_files/000692.html.README_TO_RESTORE
[5073] 556e5cb5e4e7767 C /home/capstone/project/test_files/000534.gif.README_TO_RESTORE
[5073] 556e5cb5e4e7767 O /home/capstone/project/test_files/000534.gif.README_TO_RESTORE
[5073] 556e5cb5e4e7767 C /home/capstone/project/test_files/000849.txt.README_TO_RESTORE
[5073] 556e5cb5e4e7767 O /home/capstone/project/test_files/000849.txt.README_TO_RESTORE
[5073] 556e5cb5e4e7767 C /home/capstone/project/test_files/000861.txt.README_TO_RESTORE
[5073] 556e5cb5e4e7767 O /home/capstone/project/test_files/000861.txt.README_TO_RESTORE
[5073] 556e5cb5e4e7767 O /home/capstone/project/test_files/000153.pdf
[5073] 556e5cb5e4e7767 O /home/capstone/project/test_files/000153.pdf.tmp_
[5073] 556e5cb5e4e7767 O /home/capstone/project/test_files/000014.html
[5073] 556e5cb5e4e7767 O /home/capstone/project/test_files/000014.html.tmp_
[5073] 556e5cb5e4e7767 O /home/capstone/project/test_files/000382.xls
[5073] 556e5cb5e4e7767 O /home/capstone/project/test_files/000382.xls.tmp_
[5073] 556e5cb5e4e7767 C /home/capstone/project/test_files/000494.txt.README_TO_RESTORE
[5073] 556e5cb5e4e7767 O /home/capstone/project/test_files/000494.txt.README_TO_RESTORE
[5073] 556e5cb5e4e7767 O /home/capstone/project/test_files/000496.xml
[5073] 556e5cb5e4e7767 O /home/capstone/project/test_files/000496.xml.tmp_
[5073] 556e5cb5e4e7767 O /home/capstone/project/test_files/000078.html
[5073] 556e5cb5e4e7767 O /home/capstone/project/test_files/000078.html.tmp_
[5073] 556e5cb5e4e7767 O /home/capstone/project/test_files/000631.pdf
[5073] 556e5cb5e4e7767 O /home/capstone/project/test_files/000631.pdf.tmp_
[5073] 556e5cb5e4e7767 O /home/capstone/project/test_files/000768.ps
[5073] 556e5cb5e4e7767 O /home/capstone/project/test_files/000768.ps.tmp_
[5073] 556e5cb5e4e7767 O /home/capstone/project/test_files/000782.xls
[5073] 556e5cb5e4e7767 O /home/capstone/project/test_files/000782.xls.tmp_
[5073] 556e5cb5e4e7767 C /home/capstone/project/test_files/000697.log.README_TO_RESTORE
[5073] 556e5cb5e4e7767 O /home/capstone/project/test_files/000697.log.README_TO_RESTORE
[5073] 556e5cb5e4e7767 O /home/capstone/project/test_files/000827.txt
[5073] 556e5cb5e4e7767 O /home/capstone/project/test_files/000827.txt.tmp_
[5073] 556e5cb5e4e7767 O /home/capstone/project/test_files/000354.pdf
[5073] 556e5cb5e4e7767 O /home/capstone/project/test_files/000354.pdf.tmp_
[5073] 556e5cb5e4e7767 C /home/capstone/project/test_files/000389.dbase3.README_TO_RESTORE
[5073] 556e5cb5e4e7767 O /home/capstone/project/test_files/000389.dbase3.README_TO_RESTORE
[5073] 556e5cb5e4e7767 C /home/capstone/project/test_files/000014.html.README_TO_RESTORE
[5073] 556e5cb5e4e7767 C /home/capstone/project/test_files/000294.ppt.README_TO_RESTORE
[5073] 556e5cb5e4e7767 O /home/capstone/project/test_files/000294.ppt.README_TO_RESTORE
[5073] 556e5cb5e4e7767 C /home/capstone/project/test_files/000153.pdf.README_TO_RESTORE
[5073] 556e5cb5e4e7767 O /home/capstone/project/test_files/000153.pdf.README_TO_RESTORE
[5073] 556e5cb5e4e7767 O /home/capstone/project/test_files/000040.xls
[5073] 556e5cb5e4e7767 O /home/capstone/project/test_files/000040.xls.tmp_
[5073] 556e5cb5e4e7767 O /home/capstone/project/test_files/000014.html.README_TO_RESTORE
[5073] 556e5cb5e4e7767 C /home/capstone/project/test_files/000631.pdf.README_TO_RESTORE
[5073] 556e5cb5e4e7767 O /home/capstone/project/test_files/000631.pdf.README_TO_RESTORE
[5073] 556e5cb5e4e7767 O /home/capstone/project/test_files/000209.html
[5073] 556e5cb5e4e7767 O /home/capstone/project/test_files/000209.html.tmp_
[5073] 556e5cb5e4e7767 O /home/capstone/project/test_files/000227.txt
[5073] 556e5cb5e4e7767 O /home/capstone/project/test_files/000227.txt.tmp_
[5073] 556e5cb5e4e7767 C /home/capstone/project/test_files/000382.xls.README_TO_RESTORE
[5073] 556e5cb5e4e7767 O /home/capstone/project/test_files/000382.xls.README_TO_RESTORE
[5073] 556e5cb5e4e7767 O /home/capstone/project/test_files/000298.ppt
[5073] 556e5cb5e4e7767 O /home/capstone/project/test_files/000298.ppt.tmp_
[5073] 556e5cb5e4e7767 C /home/capstone/project/test_files/000827.txt.README_TO_RESTORE
[5073] 556e5cb5e4e7767 O /home/capstone/project/test_files/000827.txt.README_TO_RESTORE
[5073] 556e5cb5e4e7767 O /home/capstone/project/test_files/000728.ppt
[5073] 556e5cb5e4e7767 O /home/capstone/project/test_files/000728.ppt.tmp_
[5073] 556e5cb5e4e7767 O /home/capstone/project/test_files/000598.html
[5073] 556e5cb5e4e7767 O /home/capstone/project/test_files/000598.html.tmp_
[5073] 556e5cb5e4e7767 C /home/capstone/project/test_files/000782.xls.README_TO_RESTORE
[5073] 556e5cb5e4e7767 O /home/capstone/project/test_files/000782.xls.README_TO_RESTORE
[5073] 556e5cb5e4e7767 C /home/capstone/project/test_files/000354.pdf.README_TO_RESTORE
[5073] 556e5cb5e4e7767 O /home/capstone/project/test_files/000354.pdf.README_TO_RESTORE
[5073] 556e5cb5e4e7767 O /home/capstone/project/test_files/000013.pdf
[5073] 556e5cb5e4e7767 O /home/capstone/project/test_files/000013.pdf.tmp_
[5073] 556e5cb5e4e7767 O /home/capstone/project/test_files/000361.pdf
[5073] 556e5cb5e4e7767 O /home/capstone/project/test_files/000361.pdf.tmp_
[5073] 556e5cb5e4e7767 C /home/capstone/project/test_files/000496.xml.README_TO_RESTORE
[5073] 556e5cb5e4e7767 O /home/capstone/project/test_files/000496.xml.README_TO_RESTORE
[5073] 556e5cb5e4e7767 O /home/capstone/project/test_files/000015.pdf
[5073] 556e5cb5e4e7767 O /home/capstone/project/test_files/000015.pdf.tmp_
[5073] 556e5cb5e4e7767 C /home/capstone/project/test_files/000078.html.README_TO_RESTORE
[5073] 556e5cb5e4e7767 O /home/capstone/project/test_files/000078.html.README_TO_RESTORE
[5073] 556e5cb5e4e7767 O /home/capstone/project/test_files/000055.xls
[5073] 556e5cb5e4e7767 O /home/capstone/project/test_files/000816.pdf
[5073] 556e5cb5e4e7767 O /home/capstone/project/test_files/000816.pdf.tmp_
[5073] 556e5cb5e4e7767 O /home/capstone/project/test_files/000055.xls.tmp_
[5073] 556e5cb5e4e7767 C /home/capstone/project/test_files/000015.pdf.README_TO_RESTORE
[5073] 556e5cb5e4e7767 O /home/capstone/project/test_files/000015.pdf.README_TO_RESTORE
[5073] 556e5cb5e4e7767 O /home/capstone/project/test_files/000303.ppt
[5073] 556e5cb5e4e7767 O /home/capstone/project/test_files/000303.ppt.tmp_
[5073] 556e5cb5e4e7767 C /home/capstone/project/test_files/000227.txt.README_TO_RESTORE
[5073] 556e5cb5e4e7767 O /home/capstone/project/test_files/000227.txt.README_TO_RESTORE
[5073] 556e5cb5e4e7767 C /home/capstone/project/test_files/000728.ppt.README_TO_RESTORE
[5073] 556e5cb5e4e7767 O /home/capstone/project/test_files/000728.ppt.README_TO_RESTORE
[5073] 556e5cb5e4e7767 C /home/capstone/project/test_files/000298.ppt.README_TO_RESTORE
[5073] 556e5cb5e4e7767 O /home/capstone/project/test_files/000298.ppt.README_TO_RESTORE
[5073] 556e5cb5e4e7767 O /home/capstone/project/test_files/000582.pdf
[5073] 556e5cb5e4e7767 O /home/capstone/project/test_files/000582.pdf.tmp_
[5073] 556e5cb5e4e7767 O /home/capstone/project/test_files/000873.jpg
[5073] 556e5cb5e4e7767 O /home/capstone/project/test_files/000873.jpg.tmp_
[5073] 556e5cb5e4e7767 C /home/capstone/project/test_files/000598.html.README_TO_RESTORE
[5073] 556e5cb5e4e7767 O /home/capstone/project/test_files/000598.html.README_TO_RESTORE
[5073] 556e5cb5e4e7767 C /home/capstone/project/test_files/000209.html.README_TO_RESTORE
[5073] 556e5cb5e4e7767 O /home/capstone/project/test_files/000209.html.README_TO_RESTORE
[5073] 556e5cb5e4e7767 C /home/capstone/project/test_files/000768.ps.README_TO_RESTORE
[5073] 556e5cb5e4e7767 C /home/capstone/project/test_files/000040.xls.README_TO_RESTORE
[5073] 556e5cb5e4e7767 O /home/capstone/project/test_files/000928.txt
[5073] 556e5cb5e4e7767 O /home/capstone/project/test_files/000928.txt.tmp_
[5073] 556e5cb5e4e7767 O /home/capstone/project/test_files/000768.ps.README_TO_RESTORE
[5073] 556e5cb5e4e7767 O /home/capstone/project/test_files/000040.xls.README_TO_RESTORE
[5073] 556e5cb5e4e7767 C /home/capstone/project/test_files/000013.pdf.README_TO_RESTORE
[5073] 556e5cb5e4e7767 O /home/capstone/project/test_files/000181.ppt
[5073] 556e5cb5e4e7767 O /home/capstone/project/test_files/000181.ppt.tmp_
[5073] 556e5cb5e4e7767 O /home/capstone/project/test_files/000013.pdf.README_TO_RESTORE
[5073] 556e5cb5e4e7767 C /home/capstone/project/test_files/000303.ppt.README_TO_RESTORE
[5073] 556e5cb5e4e7767 O /home/capstone/project/test_files/000303.ppt.README_TO_RESTORE
[5073] 556e5cb5e4e7767 O /home/capstone/project/test_files/000738.pdf
[5073] 556e5cb5e4e7767 O /home/capstone/project/test_files/000738.pdf.tmp_
[5073] 556e5cb5e4e7767 C /home/capstone/project/test_files/000361.pdf.README_TO_RESTORE
[5073] 556e5cb5e4e7767 O /home/capstone/project/test_files/000361.pdf.README_TO_RESTORE
[5073] 556e5cb5e4e7767 C /home/capstone/project/test_files/000055.xls.README_TO_RESTORE
[5073] 556e5cb5e4e7767 C /home/capstone/project/test_files/000738.pdf.README_TO_RESTORE
[5073] 556e5cb5e4e7767 O /home/capstone/project/test_files/000738.pdf.README_TO_RESTORE
[5073] 556e5cb5e4e7767 O /home/capstone/project/test_files/000055.xls.README_TO_RESTORE
[5073] 556e5cb5e4e7767 O /home/capstone/project/test_files/000202.html
[5073] 556e5cb5e4e7767 O /home/capstone/project/test_files/000202.html.tmp_
[5073] 556e5cb5e4e7767 C /home/capstone/project/test_files/000816.pdf.README_TO_RESTORE
[5073] 556e5cb5e4e7767 O /home/capstone/project/test_files/000543.gif
[5073] 556e5cb5e4e7767 O /home/capstone/project/test_files/000543.gif.tmp_
[5073] 556e5cb5e4e7767 O /home/capstone/project/test_files/000816.pdf.README_TO_RESTORE
[5073] 556e5cb5e4e7767 O /home/capstone/project/test_files/000264.doc
[5073] 556e5cb5e4e7767 O /home/capstone/project/test_files/000264.doc.tmp_
[5073] 556e5cb5e4e7767 O /home/capstone/project/test_files/000278.doc
[5073] 556e5cb5e4e7767 O /home/capstone/project/test_files/000278.doc.tmp_
[5073] 556e5cb5e4e7767 O /home/capstone/project/test_files/000527.gif
[5073] 556e5cb5e4e7767 O /home/capstone/project/test_files/000527.gif.tmp_
[5073] 556e5cb5e4e7767 O /home/capstone/project/test_files/000723.ppt
[5073] 556e5cb5e4e7767 O /home/capstone/project/test_files/000723.ppt.tmp_
[5073] 556e5cb5e4e7767 O /home/capstone/project/test_files/000814.html
[5073] 556e5cb5e4e7767 O /home/capstone/project/test_files/000814.html.tmp_
[5073] 556e5cb5e4e7767 C /home/capstone/project/test_files/000543.gif.README_TO_RESTORE
[5073] 556e5cb5e4e7767 O /home/capstone/project/test_files/000543.gif.README_TO_RESTORE
[5073] 556e5cb5e4e7767 O /home/capstone/project/test_files/000783.html
[5073] 556e5cb5e4e7767 O /home/capstone/project/test_files/000783.html.tmp_
[5073] 556e5cb5e4e7767 C /home/capstone/project/test_files/000873.jpg.README_TO_RESTORE
[5073] 556e5cb5e4e7767 O /home/capstone/project/test_files/000873.jpg.README_TO_RESTORE
[5073] 556e5cb5e4e7767 C /home/capstone/project/test_files/000181.ppt.README_TO_RESTORE
[5073] 556e5cb5e4e7767 O /home/capstone/project/test_files/000181.ppt.README_TO_RESTORE
[5073] 556e5cb5e4e7767 O /home/capstone/project/test_files/000858.txt
[5073] 556e5cb5e4e7767 O /home/capstone/project/test_files/000858.txt.tmp_
[5073] 556e5cb5e4e7767 C /home/capstone/project/test_files/000928.txt.README_TO_RESTORE
[5073] 556e5cb5e4e7767 O /home/capstone/project/test_files/000928.txt.README_TO_RESTORE
[5073] 556e5cb5e4e7767 C /home/capstone/project/test_files/000582.pdf.README_TO_RESTORE
[5073] 556e5cb5e4e7767 O /home/capstone/project/test_files/000582.pdf.README_TO_RESTORE
[5073] 556e5cb5e4e7767 O /home/capstone/project/test_files/000311.ppt
[5073] 556e5cb5e4e7767 O /home/capstone/project/test_files/000311.ppt.tmp_
[5073] 556e5cb5e4e7767 C /home/capstone/project/test_files/000264.doc.README_TO_RESTORE
[5073] 556e5cb5e4e7767 O /home/capstone/project/test_files/000264.doc.README_TO_RESTORE
[5073] 556e5cb5e4e7767 O /home/capstone/project/test_files/000904.pdf
[5073] 556e5cb5e4e7767 O /home/capstone/project/test_files/000904.pdf.tmp_
[5073] 556e5cb5e4e7767 C /home/capstone/project/test_files/000202.html.README_TO_RESTORE
[5073] 556e5cb5e4e7767 O /home/capstone/project/test_files/000202.html.README_TO_RESTORE
[5073] 556e5cb5e4e7767 C /home/capstone/project/test_files/000278.doc.README_TO_RESTORE
[5073] 556e5cb5e4e7767 O /home/capstone/project/test_files/000278.doc.README_TO_RESTORE
[5073] 556e5cb5e4e7767 O /home/capstone/project/test_files/000385.xls
[5073] 556e5cb5e4e7767 O /home/capstone/project/test_files/000385.xls.tmp_
[5073] 556e5cb5e4e7767 O /home/capstone/project/test_files/000983.ppt
[5073] 556e5cb5e4e7767 O /home/capstone/project/test_files/000983.ppt.tmp_
[5073] 556e5cb5e4e7767 O /home/capstone/project/test_files/000694.html
[5073] 556e5cb5e4e7767 O /home/capstone/project/test_files/000694.html.tmp_
[5073] 556e5cb5e4e7767 C /home/capstone/project/test_files/000527.gif.README_TO_RESTORE
[5073] 556e5cb5e4e7767 O /home/capstone/project/test_files/000527.gif.README_TO_RESTORE
[5073] 556e5cb5e4e7767 C /home/capstone/project/test_files/000723.ppt.README_TO_RESTORE
[5073] 556e5cb5e4e7767 O /home/capstone/project/test_files/000723.ppt.README_TO_RESTORE
[5073] 556e5cb5e4e7767 O /home/capstone/project/test_files/000474.txt
[5073] 556e5cb5e4e7767 O /home/capstone/project/test_files/000474.txt.tmp_
[5073] 556e5cb5e4e7767 O /home/capstone/project/test_files/000152.pdf
[5073] 556e5cb5e4e7767 O /home/capstone/project/test_files/000152.pdf.tmp_
[5073] 556e5cb5e4e7767 C /home/capstone/project/test_files/000814.html.README_TO_RESTORE
[5073] 556e5cb5e4e7767 O /home/capstone/project/test_files/000814.html.README_TO_RESTORE
[5073] 556e5cb5e4e7767 C /home/capstone/project/test_files/000783.html.README_TO_RESTORE
[5073] 556e5cb5e4e7767 O /home/capstone/project/test_files/000783.html.README_TO_RESTORE
[5073] 556e5cb5e4e7767 C /home/capstone/project/test_files/000983.ppt.README_TO_RESTORE
[5073] 556e5cb5e4e7767 O /home/capstone/project/test_files/000983.ppt.README_TO_RESTORE
[5073] 556e5cb5e4e7767 C /home/capstone/project/test_files/000385.xls.README_TO_RESTORE
[5073] 556e5cb5e4e7767 O /home/capstone/project/test_files/000385.xls.README_TO_RESTORE
[5073] 556e5cb5e4e7767 O /home/capstone/project/test_files/000315.ppt
[5073] 556e5cb5e4e7767 O /home/capstone/project/test_files/000315.ppt.tmp_
[5073] 556e5cb5e4e7767 O /home/capstone/project/test_files/000744.pdf
[5073] 556e5cb5e4e7767 O /home/capstone/project/test_files/000744.pdf.tmp_
[5073] 556e5cb5e4e7767 O /home/capstone/project/test_files/000920.txt
[5073] 556e5cb5e4e7767 O /home/capstone/project/test_files/000920.txt.tmp_
[5073] 556e5cb5e4e7767 C /home/capstone/project/test_files/000152.pdf.README_TO_RESTORE
[5073] 556e5cb5e4e7767 O /home/capstone/project/test_files/000152.pdf.README_TO_RESTORE
[5073] 556e5cb5e4e7767 C /home/capstone/project/test_files/000315.ppt.README_TO_RESTORE
[5073] 556e5cb5e4e7767 O /home/capstone/project/test_files/000315.ppt.README_TO_RESTORE
[5073] 556e5cb5e4e7767 C /home/capstone/project/test_files/000904.pdf.README_TO_RESTORE
[5073] 556e5cb5e4e7767 O /home/capstone/project/test_files/000904.pdf.README_TO_RESTORE
[5073] 556e5cb5e4e7767 C /home/capstone/project/test_files/000474.txt.README_TO_RESTORE
[5073] 556e5cb5e4e7767 O /home/capstone/project/test_files/000474.txt.README_TO_RESTORE
[5073] 556e5cb5e4e7767 O /home/capstone/project/test_files/000540.jpg
[5073] 556e5cb5e4e7767 O /home/capstone/project/test_files/000540.jpg.tmp_
[5073] 556e5cb5e4e7767 C /home/capstone/project/test_files/000858.txt.README_TO_RESTORE
[5073] 556e5cb5e4e7767 O /home/capstone/project/test_files/000858.txt.README_TO_RESTORE
[5073] 556e5cb5e4e7767 O /home/capstone/project/test_files/000291.ppt
[5073] 556e5cb5e4e7767 O /home/capstone/project/test_files/000291.ppt.tmp_
[5073] 556e5cb5e4e7767 C /home/capstone/project/test_files/000694.html.README_TO_RESTORE
[5073] 556e5cb5e4e7767 O /home/capstone/project/test_files/000694.html.README_TO_RESTORE
[5073] 556e5cb5e4e7767 O /home/capstone/project/test_files/000674.pdf
[5073] 556e5cb5e4e7767 O /home/capstone/project/test_files/000674.pdf.tmp_
[5073] 556e5cb5e4e7767 O /home/capstone/project/test_files/000299.ppt
[5073] 556e5cb5e4e7767 O /home/capstone/project/test_files/000299.ppt.tmp_
[5073] 556e5cb5e4e7767 C /home/capstone/project/test_files/000311.ppt.README_TO_RESTORE
[5073] 556e5cb5e4e7767 O /home/capstone/project/test_files/000311.ppt.README_TO_RESTORE
[5073] 556e5cb5e4e7767 O /home/capstone/project/test_files/000979.doc
[5073] 556e5cb5e4e7767 O /home/capstone/project/test_files/000979.doc.tmp_
[5073] 556e5cb5e4e7767 O /home/capstone/project/test_files/000672.pdf
[5073] 556e5cb5e4e7767 O /home/capstone/project/test_files/000672.pdf.tmp_
[5073] 556e5cb5e4e7767 C /home/capstone/project/test_files/000540.jpg.README_TO_RESTORE
[5073] 556e5cb5e4e7767 O /home/capstone/project/test_files/000540.jpg.README_TO_RESTORE
[5073] 556e5cb5e4e7767 C /home/capstone/project/test_files/000920.txt.README_TO_RESTORE
[5073] 556e5cb5e4e7767 O /home/capstone/project/test_files/000920.txt.README_TO_RESTORE
[5073] 556e5cb5e4e7767 C /home/capstone/project/test_files/000291.ppt.README_TO_RESTORE
[5073] 556e5cb5e4e7767 C /home/capstone/project/test_files/000744.pdf.README_TO_RESTORE
[5073] 556e5cb5e4e7767 O /home/capstone/project/test_files/000744.pdf.README_TO_RESTORE
[5073] 556e5cb5e4e7767 O /home/capstone/project/test_files/000993.ppt
[5073] 556e5cb5e4e7767 O /home/capstone/project/test_files/000993.ppt.tmp_
[5073] 556e5cb5e4e7767 O /home/capstone/project/test_files/000712.ppt
[5073] 556e5cb5e4e7767 O /home/capstone/project/test_files/000712.ppt.tmp_
[5073] 556e5cb5e4e7767 O /home/capstone/project/test_files/000291.ppt.README_TO_RESTORE
[5073] 556e5cb5e4e7767 C /home/capstone/project/test_files/000299.ppt.README_TO_RESTORE
[5073] 556e5cb5e4e7767 O /home/capstone/project/test_files/000299.ppt.README_TO_RESTORE
[5073] 556e5cb5e4e7767 C /home/capstone/project/test_files/000979.doc.README_TO_RESTORE
[5073] 556e5cb5e4e7767 O /home/capstone/project/test_files/000979.doc.README_TO_RESTORE
[5073] 556e5cb5e4e7767 C /home/capstone/project/test_files/000674.pdf.README_TO_RESTORE
[5073] 556e5cb5e4e7767 O /home/capstone/project/test_files/000674.pdf.README_TO_RESTORE
[5073] 556e5cb5e4e7767 O /home/capstone/project/test_files/000586.pdf
[5073] 556e5cb5e4e7767 O /home/capstone/project/test_files/000586.pdf.tmp_
[5073] 556e5cb5e4e7767 O /home/capstone/project/test_files/000870.jpg
[5073] 556e5cb5e4e7767 O /home/capstone/project/test_files/000870.jpg.tmp_
[5073] 556e5cb5e4e7767 C /home/capstone/project/test_files/000672.pdf.README_TO_RESTORE
[5073] 556e5cb5e4e7767 O /home/capstone/project/test_files/000672.pdf.README_TO_RESTORE
[5073] 556e5cb5e4e7767 C /home/capstone/project/test_files/000586.pdf.README_TO_RESTORE
[5073] 556e5cb5e4e7767 C /home/capstone/project/test_files/000993.ppt.README_TO_RESTORE
[5073] 556e5cb5e4e7767 O /home/capstone/project/test_files/000993.ppt.README_TO_RESTORE
[5073] 556e5cb5e4e7767 C /home/capstone/project/test_files/000870.jpg.README_TO_RESTORE
[5073] 556e5cb5e4e7767 O /home/capstone/project/test_files/000586.pdf.README_TO_RESTORE
[5073] 556e5cb5e4e7767 O /home/capstone/project/test_files/000870.jpg.README_TO_RESTORE
[5073] 556e5cb5e4e7767 O /home/capstone/project/test_files/000665.txt
[5073] 556e5cb5e4e7767 O /home/capstone/project/test_files/000665.txt.tmp_
[5073] 556e5cb5e4e7767 O /home/capstone/project/test_files/000376.dbase3
[5073] 556e5cb5e4e7767 O /home/capstone/project/test_files/000376.dbase3.tmp_
[5073] 556e5cb5e4e7767 O /home/capstone/project/test_files/000550.jpg
[5073] 556e5cb5e4e7767 O /home/capstone/project/test_files/000550.jpg.tmp_
[5073] 556e5cb5e4e7767 O /home/capstone/project/test_files/000775.xls
[5073] 556e5cb5e4e7767 O /home/capstone/project/test_files/000775.xls.tmp_
[5073] 556e5cb5e4e7767 C /home/capstone/project/test_files/000712.ppt.README_TO_RESTORE
[5073] 556e5cb5e4e7767 O /home/capstone/project/test_files/000712.ppt.README_TO_RESTORE
[5073] 556e5cb5e4e7767 O /home/capstone/project/test_files/000659.txt
[5073] 556e5cb5e4e7767 O /home/capstone/project/test_files/000659.txt.tmp_
[5073] 556e5cb5e4e7767 O /home/capstone/project/test_files/000336.pdf
[5073] 556e5cb5e4e7767 O /home/capstone/project/test_files/000336.pdf.tmp_
[5073] 556e5cb5e4e7767 O /home/capstone/project/test_files/000404.jpg
[5073] 556e5cb5e4e7767 O /home/capstone/project/test_files/000830.html
[5073] 556e5cb5e4e7767 O /home/capstone/project/test_files/000830.html.tmp_
[5073] 556e5cb5e4e7767 O /home/capstone/project/test_files/000404.jpg.tmp_
[5073] 556e5cb5e4e7767 O /home/capstone/project/test_files/000564.csv
[5073] 556e5cb5e4e7767 O /home/capstone/project/test_files/000564.csv.tmp_
[5073] 556e5cb5e4e7767 O /home/capstone/project/test_files/000954.pdf
[5073] 556e5cb5e4e7767 O /home/capstone/project/test_files/000954.pdf.tmp_
[5073] 556e5cb5e4e7767 O /home/capstone/project/test_files/000210.html
[5073] 556e5cb5e4e7767 O /home/capstone/project/test_files/000210.html.tmp_
[5073] 556e5cb5e4e7767 C /home/capstone/project/test_files/000775.xls.README_TO_RESTORE
[5073] 556e5cb5e4e7767 O /home/capstone/project/test_files/000775.xls.README_TO_RESTORE
[5073] 556e5cb5e4e7767 O /home/capstone/project/test_files/000831.txt
[5073] 556e5cb5e4e7767 O /home/capstone/project/test_files/000604.html
[5073] 556e5cb5e4e7767 O /home/capstone/project/test_files/000604.html.tmp_
[5073] 556e5cb5e4e7767 O /home/capstone/project/test_files/000831.txt.tmp_
[5073] 556e5cb5e4e7767 C /home/capstone/project/test_files/000210.html.README_TO_RESTORE
[5073] 556e5cb5e4e7767 O /home/capstone/project/test_files/000210.html.README_TO_RESTORE
[5073] 556e5cb5e4e7767 C /home/capstone/project/test_files/000376.dbase3.README_TO_RESTORE
[5073] 556e5cb5e4e7767 O /home/capstone/project/test_files/000376.dbase3.README_TO_RESTORE
[5073] 556e5cb5e4e7767 C /home/capstone/project/test_files/000830.html.README_TO_RESTORE
[5073] 556e5cb5e4e7767 O /home/capstone/project/test_files/000830.html.README_TO_RESTORE
[5073] 556e5cb5e4e7767 C /home/capstone/project/test_files/000564.csv.README_TO_RESTORE
[5073] 556e5cb5e4e7767 O /home/capstone/project/test_files/000564.csv.README_TO_RESTORE
[5073] 556e5cb5e4e7767 C /home/capstone/project/test_files/000336.pdf.README_TO_RESTORE
[5073] 556e5cb5e4e7767 O /home/capstone/project/test_files/000336.pdf.README_TO_RESTORE
[5073] 556e5cb5e4e7767 O /home/capstone/project/test_files/000523.png
[5073] 556e5cb5e4e7767 O /home/capstone/project/test_files/000149.pdf
[5073] 556e5cb5e4e7767 O /home/capstone/project/test_files/000149.pdf.tmp_
[5073] 556e5cb5e4e7767 O /home/capstone/project/test_files/000523.png.tmp_
[5073] 556e5cb5e4e7767 O /home/capstone/project/test_files/000684.jpg
[5073] 556e5cb5e4e7767 O /home/capstone/project/test_files/000684.jpg.tmp_
[5073] 556e5cb5e4e7767 O /home/capstone/project/test_files/000201.html
[5073] 556e5cb5e4e7767 O /home/capstone/project/test_files/000201.html.tmp_
[5073] 556e5cb5e4e7767 C /home/capstone/project/test_files/000550.jpg.README_TO_RESTORE
[5073] 556e5cb5e4e7767 O /home/capstone/project/test_files/000550.jpg.README_TO_RESTORE
[5073] 556e5cb5e4e7767 C /home/capstone/project/test_files/000659.txt.README_TO_RESTORE
[5073] 556e5cb5e4e7767 O /home/capstone/project/test_files/000262.pdf
[5073] 556e5cb5e4e7767 O /home/capstone/project/test_files/000262.pdf.tmp_
[5073] 556e5cb5e4e7767 O /home/capstone/project/test_files/000659.txt.README_TO_RESTORE
[5073] 556e5cb5e4e7767 C /home/capstone/project/test_files/000665.txt.README_TO_RESTORE
[5073] 556e5cb5e4e7767 O /home/capstone/project/test_files/000665.txt.README_TO_RESTORE
[5073] 556e5cb5e4e7767 C /home/capstone/project/test_files/000684.jpg.README_TO_RESTORE
[5073] 556e5cb5e4e7767 O /home/capstone/project/test_files/000684.jpg.README_TO_RESTORE
[5073] 556e5cb5e4e7767 O /home/capstone/project/test_files/000624.txt
[5073] 556e5cb5e4e7767 O /home/capstone/project/test_files/000624.txt.tmp_
[5073] 556e5cb5e4e7767 C /home/capstone/project/test_files/000404.jpg.README_TO_RESTORE
[5073] 556e5cb5e4e7767 O /home/capstone/project/test_files/000404.jpg.README_TO_RESTORE
[5073] 556e5cb5e4e7767 O /home/capstone/project/test_files/000907.html
[5073] 556e5cb5e4e7767 O /home/capstone/project/test_files/000907.html.tmp_
[5073] 556e5cb5e4e7767 O /home/capstone/project/test_files/000688.gif
[5073] 556e5cb5e4e7767 O /home/capstone/project/test_files/000688.gif.tmp_
[5073] 556e5cb5e4e7767 O /home/capstone/project/test_files/000196.pdf
[5073] 556e5cb5e4e7767 O /home/capstone/project/test_files/000196.pdf.tmp_
[5073] 556e5cb5e4e7767 C /home/capstone/project/test_files/000954.pdf.README_TO_RESTORE
[5073] 556e5cb5e4e7767 O /home/capstone/project/test_files/000954.pdf.README_TO_RESTORE
[5073] 556e5cb5e4e7767 C /home/capstone/project/test_files/000624.txt.README_TO_RESTORE
[5073] 556e5cb5e4e7767 O /home/capstone/project/test_files/000624.txt.README_TO_RESTORE
[5073] 556e5cb5e4e7767 O /home/capstone/project/test_files/000790.doc
[5073] 556e5cb5e4e7767 O /home/capstone/project/test_files/000790.doc.tmp_
[5073] 556e5cb5e4e7767 C /home/capstone/project/test_files/000262.pdf.README_TO_RESTORE
[5073] 556e5cb5e4e7767 O /home/capstone/project/test_files/000262.pdf.README_TO_RESTORE
[5073] 556e5cb5e4e7767 O /home/capstone/project/test_files/000396.xls
[5073] 556e5cb5e4e7767 O /home/capstone/project/test_files/000396.xls.tmp_
[5073] 556e5cb5e4e7767 C /home/capstone/project/test_files/000201.html.README_TO_RESTORE
[5073] 556e5cb5e4e7767 O /home/capstone/project/test_files/000201.html.README_TO_RESTORE
[5073] 556e5cb5e4e7767 C /home/capstone/project/test_files/000604.html.README_TO_RESTORE
[5073] 556e5cb5e4e7767 O /home/capstone/project/test_files/000604.html.README_TO_RESTORE
[5073] 556e5cb5e4e7767 O /home/capstone/project/test_files/000194.html
[5073] 556e5cb5e4e7767 O /home/capstone/project/test_files/000194.html.tmp_
[5073] 556e5cb5e4e7767 O /home/capstone/project/test_files/000537.gif
[5073] 556e5cb5e4e7767 C /home/capstone/project/test_files/000831.txt.README_TO_RESTORE
[5073] 556e5cb5e4e7767 O /home/capstone/project/test_files/000537.gif.tmp_
[5073] 556e5cb5e4e7767 O /home/capstone/project/test_files/000831.txt.README_TO_RESTORE
[5073] 556e5cb5e4e7767 C /home/capstone/project/test_files/000149.pdf.README_TO_RESTORE
[5073] 556e5cb5e4e7767 C /home/capstone/project/test_files/000688.gif.README_TO_RESTORE
[5073] 556e5cb5e4e7767 C /home/capstone/project/test_files/000196.pdf.README_TO_RESTORE
[5073] 556e5cb5e4e7767 O /home/capstone/project/test_files/000149.pdf.README_TO_RESTORE
[5073] 556e5cb5e4e7767 O /home/capstone/project/test_files/000688.gif.README_TO_RESTORE
[5073] 556e5cb5e4e7767 C /home/capstone/project/test_files/000907.html.README_TO_RESTORE
[5073] 556e5cb5e4e7767 O /home/capstone/project/test_files/000907.html.README_TO_RESTORE
[5073] 556e5cb5e4e7767 C /home/capstone/project/test_files/000523.png.README_TO_RESTORE
[5073] 556e5cb5e4e7767 C /home/capstone/project/test_files/000194.html.README_TO_RESTORE
[5073] 556e5cb5e4e7767 O /home/capstone/project/test_files/000523.png.README_TO_RESTORE
[5073] 556e5cb5e4e7767 O /home/capstone/project/test_files/000196.pdf.README_TO_RESTORE
[5073] 556e5cb5e4e7767 C /home/capstone/project/test_files/000790.doc.README_TO_RESTORE
[5073] 556e5cb5e4e7767 O /home/capstone/project/test_files/000790.doc.README_TO_RESTORE
[5073] 556e5cb5e4e7767 O /home/capstone/project/test_files/000194.html.README_TO_RESTORE
[5073] 556e5cb5e4e7767 C /home/capstone/project/test_files/000396.xls.README_TO_RESTORE
[5073] 556e5cb5e4e7767 O /home/capstone/project/test_files/000396.xls.README_TO_RESTORE
[5073] 556e5cb5e4e7767 O /home/capstone/project/test_files/000630.pdf
[5073] 556e5cb5e4e7767 O /home/capstone/project/test_files/000312.ppt
[5073] 556e5cb5e4e7767 O /home/capstone/project/test_files/000312.ppt.tmp_
[5073] 556e5cb5e4e7767 O /home/capstone/project/test_files/000630.pdf.tmp_
[5073] 556e5cb5e4e7767 O /home/capstone/project/test_files/000417.jpg
[5073] 556e5cb5e4e7767 O /home/capstone/project/test_files/000417.jpg.tmp_
[5073] 556e5cb5e4e7767 O /home/capstone/project/test_files/000168.pdf
[5073] 556e5cb5e4e7767 O /home/capstone/project/test_files/000168.pdf.tmp_
[5073] 556e5cb5e4e7767 O /home/capstone/project/test_files/000252.pdf
[5073] 556e5cb5e4e7767 O /home/capstone/project/test_files/000252.pdf.tmp_
[5073] 556e5cb5e4e7767 O /home/capstone/project/test_files/000502.txt
[5073] 556e5cb5e4e7767 O /home/capstone/project/test_files/000502.txt.tmp_
[5073] 556e5cb5e4e7767 O /home/capstone/project/test_files/000123.html
[5073] 556e5cb5e4e7767 O /home/capstone/project/test_files/000123.html.tmp_
[5073] 556e5cb5e4e7767 O /home/capstone/project/test_files/000471.txt
[5073] 556e5cb5e4e7767 O /home/capstone/project/test_files/000471.txt.tmp_
[5073] 556e5cb5e4e7767 C /home/capstone/project/test_files/000312.ppt.README_TO_RESTORE
[5073] 556e5cb5e4e7767 O /home/capstone/project/test_files/000312.ppt.README_TO_RESTORE
[5073] 556e5cb5e4e7767 C /home/capstone/project/test_files/000537.gif.README_TO_RESTORE
[5073] 556e5cb5e4e7767 O /home/capstone/project/test_files/000537.gif.README_TO_RESTORE
[5073] 556e5cb5e4e7767 O /home/capstone/project/test_files/000776.xls
[5073] 556e5cb5e4e7767 O /home/capstone/project/test_files/000776.xls.tmp_
[5073] 556e5cb5e4e7767 C /home/capstone/project/test_files/000630.pdf.README_TO_RESTORE
[5073] 556e5cb5e4e7767 O /home/capstone/project/test_files/000630.pdf.README_TO_RESTORE
[5073] 556e5cb5e4e7767 O /home/capstone/project/test_files/000028.pdf
[5073] 556e5cb5e4e7767 O /home/capstone/project/test_files/000028.pdf.tmp_
[5073] 556e5cb5e4e7767 O /home/capstone/project/test_files/000270.pdf
[5073] 556e5cb5e4e7767 O /home/capstone/project/test_files/000270.pdf.tmp_
[5073] 556e5cb5e4e7767 O /home/capstone/project/test_files/000401.xls
[5073] 556e5cb5e4e7767 O /home/capstone/project/test_files/000401.xls.tmp_
[5073] 556e5cb5e4e7767 O /home/capstone/project/test_files/000438.html
[5073] 556e5cb5e4e7767 O /home/capstone/project/test_files/000438.html.tmp_
[5073] 556e5cb5e4e7767 O /home/capstone/project/test_files/000351.pdf
[5073] 556e5cb5e4e7767 O /home/capstone/project/test_files/000351.pdf.tmp_
[5073] 556e5cb5e4e7767 C /home/capstone/project/test_files/000502.txt.README_TO_RESTORE
[5073] 556e5cb5e4e7767 O /home/capstone/project/test_files/000502.txt.README_TO_RESTORE
[5073] 556e5cb5e4e7767 C /home/capstone/project/test_files/000168.pdf.README_TO_RESTORE
[5073] 556e5cb5e4e7767 O /home/capstone/project/test_files/000168.pdf.README_TO_RESTORE
[5073] 556e5cb5e4e7767 C /home/capstone/project/test_files/000252.pdf.README_TO_RESTORE
[5073] 556e5cb5e4e7767 O /home/capstone/project/test_files/000252.pdf.README_TO_RESTORE
[5073] 556e5cb5e4e7767 C /home/capstone/project/test_files/000417.jpg.README_TO_RESTORE
[5073] 556e5cb5e4e7767 O /home/capstone/project/test_files/000417.jpg.README_TO_RESTORE
[5073] 556e5cb5e4e7767 O /home/capstone/project/test_files/000464.txt
[5073] 556e5cb5e4e7767 O /home/capstone/project/test_files/000464.txt.tmp_
[5073] 556e5cb5e4e7767 O /home/capstone/project/test_files/000077.html
[5073] 556e5cb5e4e7767 O /home/capstone/project/test_files/000077.html.tmp_
[5073] 556e5cb5e4e7767 O /home/capstone/project/test_files/000323.ppt
[5073] 556e5cb5e4e7767 O /home/capstone/project/test_files/000323.ppt.tmp_
[5073] 556e5cb5e4e7767 C /home/capstone/project/test_files/000401.xls.README_TO_RESTORE
[5073] 556e5cb5e4e7767 O /home/capstone/project/test_files/000401.xls.README_TO_RESTORE
[5073] 556e5cb5e4e7767 C /home/capstone/project/test_files/000438.html.README_TO_RESTORE
[5073] 556e5cb5e4e7767 O /home/capstone/project/test_files/000438.html.README_TO_RESTORE
[5073] 556e5cb5e4e7767 C /home/capstone/project/test_files/000471.txt.README_TO_RESTORE
[5073] 556e5cb5e4e7767 O /home/capstone/project/test_files/000471.txt.README_TO_RESTORE
[5073] 556e5cb5e4e7767 C /home/capstone/project/test_files/000270.pdf.README_TO_RESTORE
[5073] 556e5cb5e4e7767 O /home/capstone/project/test_files/000764.csv
[5073] 556e5cb5e4e7767 O /home/capstone/project/test_files/000764.csv.tmp_
[5073] 556e5cb5e4e7767 O /home/capstone/project/test_files/000270.pdf.README_TO_RESTORE
[5073] 556e5cb5e4e7767 O /home/capstone/project/test_files/000462.txt
[5073] 556e5cb5e4e7767 O /home/capstone/project/test_files/000462.txt.tmp_
[5073] 556e5cb5e4e7767 C /home/capstone/project/test_files/000351.pdf.README_TO_RESTORE
[5073] 556e5cb5e4e7767 O /home/capstone/project/test_files/000770.pdf
[5073] 556e5cb5e4e7767 O /home/capstone/project/test_files/000826.pdf
[5073] 556e5cb5e4e7767 O /home/capstone/project/test_files/000826.pdf.tmp_
[5073] 556e5cb5e4e7767 O /home/capstone/project/test_files/000351.pdf.README_TO_RESTORE
[5073] 556e5cb5e4e7767 O /home/capstone/project/test_files/000770.pdf.tmp_
[5073] 556e5cb5e4e7767 C /home/capstone/project/test_files/000776.xls.README_TO_RESTORE
[5073] 556e5cb5e4e7767 O /home/capstone/project/test_files/000776.xls.README_TO_RESTORE
[5073] 556e5cb5e4e7767 C /home/capstone/project/test_files/000323.ppt.README_TO_RESTORE
[5073] 556e5cb5e4e7767 O /home/capstone/project/test_files/000323.ppt.README_TO_RESTORE
[5073] 556e5cb5e4e7767 C /home/capstone/project/test_files/000123.html.README_TO_RESTORE
[5073] 556e5cb5e4e7767 C /home/capstone/project/test_files/000028.pdf.README_TO_RESTORE
[5073] 556e5cb5e4e7767 O /home/capstone/project/test_files/000123.html.README_TO_RESTORE
[5073] 556e5cb5e4e7767 O /home/capstone/project/test_files/000028.pdf.README_TO_RESTORE
[5073] 556e5cb5e4e7767 O /home/capstone/project/test_files/000719.ppt
[5073] 556e5cb5e4e7767 O /home/capstone/project/test_files/000719.ppt.tmp_
[5073] 556e5cb5e4e7767 O /home/capstone/project/test_files/000774.ps
[5073] 556e5cb5e4e7767 O /home/capstone/project/test_files/000774.ps.tmp_
[5073] 556e5cb5e4e7767 O /home/capstone/project/test_files/000946.doc
[5073] 556e5cb5e4e7767 O /home/capstone/project/test_files/000635.html
[5073] 556e5cb5e4e7767 O /home/capstone/project/test_files/000946.doc.tmp_
[5073] 556e5cb5e4e7767 O /home/capstone/project/test_files/000635.html.tmp_
[5073] 556e5cb5e4e7767 C /home/capstone/project/test_files/000077.html.README_TO_RESTORE
[5073] 556e5cb5e4e7767 O /home/capstone/project/test_files/000077.html.README_TO_RESTORE
[5073] 556e5cb5e4e7767 C /home/capstone/project/test_files/000774.ps.README_TO_RESTORE
[5073] 556e5cb5e4e7767 O /home/capstone/project/test_files/000774.ps.README_TO_RESTORE
[5073] 556e5cb5e4e7767 C /home/capstone/project/test_files/000462.txt.README_TO_RESTORE
[5073] 556e5cb5e4e7767 O /home/capstone/project/test_files/000462.txt.README_TO_RESTORE
[5073] 556e5cb5e4e7767 C /home/capstone/project/test_files/000770.pdf.README_TO_RESTORE
[5073] 556e5cb5e4e7767 O /home/capstone/project/test_files/000770.pdf.README_TO_RESTORE
[5073] 556e5cb5e4e7767 O /home/capstone/project/test_files/000120.doc
[5073] 556e5cb5e4e7767 O /home/capstone/project/test_files/000120.doc.tmp_
[5073] 556e5cb5e4e7767 O /home/capstone/project/test_files/000257.rtf
[5073] 556e5cb5e4e7767 O /home/capstone/project/test_files/000257.rtf.tmp_
[5073] 556e5cb5e4e7767 C /home/capstone/project/test_files/000764.csv.README_TO_RESTORE
[5073] 556e5cb5e4e7767 O /home/capstone/project/test_files/000764.csv.README_TO_RESTORE
[5073] 556e5cb5e4e7767 C /home/capstone/project/test_files/000719.ppt.README_TO_RESTORE
[5073] 556e5cb5e4e7767 O /home/capstone/project/test_files/000719.ppt.README_TO_RESTORE
[5073] 556e5cb5e4e7767 C /home/capstone/project/test_files/000826.pdf.README_TO_RESTORE
[5073] 556e5cb5e4e7767 O /home/capstone/project/test_files/000826.pdf.README_TO_RESTORE
[5073] 556e5cb5e4e7767 C /home/capstone/project/test_files/000464.txt.README_TO_RESTORE
[5073] 556e5cb5e4e7767 O /home/capstone/project/test_files/000464.txt.README_TO_RESTORE
[5073] 556e5cb5e4e7767 C /home/capstone/project/test_files/000120.doc.README_TO_RESTORE
[5073] 556e5cb5e4e7767 O /home/capstone/project/test_files/000147.pdf
[5073] 556e5cb5e4e7767 O /home/capstone/project/test_files/000147.pdf.tmp_
[5073] 556e5cb5e4e7767 O /home/capstone/project/test_files/000120.doc.README_TO_RESTORE
[5073] 556e5cb5e4e7767 O /home/capstone/project/test_files/000836.txt
[5073] 556e5cb5e4e7767 O /home/capstone/project/test_files/000836.txt.tmp_
[5073] 556e5cb5e4e7767 O /home/capstone/project/test_files/000538.gif
[5073] 556e5cb5e4e7767 O /home/capstone/project/test_files/000538.gif.tmp_
[5073] 556e5cb5e4e7767 O /home/capstone/project/test_files/000154.doc
[5073] 556e5cb5e4e7767 O /home/capstone/project/test_files/000154.doc.tmp_
[5073] 556e5cb5e4e7767 O /home/capstone/project/test_files/000484.txt
[5073] 556e5cb5e4e7767 O /home/capstone/project/test_files/000340.pdf
[5073] 556e5cb5e4e7767 O /home/capstone/project/test_files/000340.pdf.tmp_
[5073] 556e5cb5e4e7767 O /home/capstone/project/test_files/000484.txt.tmp_
[5073] 556e5cb5e4e7767 C /home/capstone/project/test_files/000257.rtf.README_TO_RESTORE
[5073] 556e5cb5e4e7767 O /home/capstone/project/test_files/000257.rtf.README_TO_RESTORE
[5073] 556e5cb5e4e7767 C /home/capstone/project/test_files/000946.doc.README_TO_RESTORE
[5073] 556e5cb5e4e7767 O /home/capstone/project/test_files/000946.doc.README_TO_RESTORE
[5073] 556e5cb5e4e7767 O /home/capstone/project/test_files/000185.html
[5073] 556e5cb5e4e7767 O /home/capstone/project/test_files/000185.html.tmp_
[5073] 556e5cb5e4e7767 O /home/capstone/project/test_files/000001.doc
[5073] 556e5cb5e4e7767 O /home/capstone/project/test_files/000001.doc.tmp_
[5073] 556e5cb5e4e7767 O /home/capstone/project/test_files/000563.gif
[5073] 556e5cb5e4e7767 O /home/capstone/project/test_files/000563.gif.tmp_
[5073] 556e5cb5e4e7767 C /home/capstone/project/test_files/000538.gif.README_TO_RESTORE
[5073] 556e5cb5e4e7767 O /home/capstone/project/test_files/000538.gif.README_TO_RESTORE
[5073] 556e5cb5e4e7767 C /home/capstone/project/test_files/000484.txt.README_TO_RESTORE
[5073] 556e5cb5e4e7767 C /home/capstone/project/test_files/000154.doc.README_TO_RESTORE
[5073] 556e5cb5e4e7767 O /home/capstone/project/test_files/000154.doc.README_TO_RESTORE
[5073] 556e5cb5e4e7767 O /home/capstone/project/test_files/000484.txt.README_TO_RESTORE
[5073] 556e5cb5e4e7767 O /home/capstone/project/test_files/000780.xls
[5073] 556e5cb5e4e7767 O /home/capstone/project/test_files/000780.xls.tmp_
[5073] 556e5cb5e4e7767 O /home/capstone/project/test_files/000316.pdf
[5073] 556e5cb5e4e7767 O /home/capstone/project/test_files/000316.pdf.tmp_
[5073] 556e5cb5e4e7767 C /home/capstone/project/test_files/000836.txt.README_TO_RESTORE
[5073] 556e5cb5e4e7767 O /home/capstone/project/test_files/000836.txt.README_TO_RESTORE
[5073] 556e5cb5e4e7767 O /home/capstone/project/test_files/000067.xml
[5073] 556e5cb5e4e7767 O /home/capstone/project/test_files/000067.xml.tmp_
[5073] 556e5cb5e4e7767 C /home/capstone/project/test_files/000635.html.README_TO_RESTORE
[5073] 556e5cb5e4e7767 O /home/capstone/project/test_files/000635.html.README_TO_RESTORE
[5073] 556e5cb5e4e7767 C /home/capstone/project/test_files/000147.pdf.README_TO_RESTORE
[5073] 556e5cb5e4e7767 O /home/capstone/project/test_files/000147.pdf.README_TO_RESTORE
[5073] 556e5cb5e4e7767 O /home/capstone/project/test_files/000126.doc
[5073] 556e5cb5e4e7767 O /home/capstone/project/test_files/000126.doc.tmp_
[5073] 556e5cb5e4e7767 O /home/capstone/project/test_files/000135.pdf
[5073] 556e5cb5e4e7767 O /home/capstone/project/test_files/000135.pdf.tmp_
[5073] 556e5cb5e4e7767 O /home/capstone/project/test_files/000293.ppt
[5073] 556e5cb5e4e7767 O /home/capstone/project/test_files/000293.ppt.tmp_
[5073] 556e5cb5e4e7767 O /home/capstone/project/test_files/000263.pdf
[5073] 556e5cb5e4e7767 O /home/capstone/project/test_files/000263.pdf.tmp_
[5073] 556e5cb5e4e7767 C /home/capstone/project/test_files/000185.html.README_TO_RESTORE
[5073] 556e5cb5e4e7767 O /home/capstone/project/test_files/000185.html.README_TO_RESTORE
[5073] 556e5cb5e4e7767 O /home/capstone/project/test_files/000402.xls
[5073] 556e5cb5e4e7767 O /home/capstone/project/test_files/000402.xls.tmp_
[5073] 556e5cb5e4e7767 C /home/capstone/project/test_files/000340.pdf.README_TO_RESTORE
[5073] 556e5cb5e4e7767 O /home/capstone/project/test_files/000340.pdf.README_TO_RESTORE
[5073] 556e5cb5e4e7767 C /home/capstone/project/test_files/000563.gif.README_TO_RESTORE
[5073] 556e5cb5e4e7767 O /home/capstone/project/test_files/000563.gif.README_TO_RESTORE
[5073] 556e5cb5e4e7767 C /home/capstone/project/test_files/000780.xls.README_TO_RESTORE
[5073] 556e5cb5e4e7767 O /home/capstone/project/test_files/000780.xls.README_TO_RESTORE
[5073] 556e5cb5e4e7767 C /home/capstone/project/test_files/000316.pdf.README_TO_RESTORE
[5073] 556e5cb5e4e7767 O /home/capstone/project/test_files/000316.pdf.README_TO_RESTORE
[5073] 556e5cb5e4e7767 C /home/capstone/project/test_files/000402.xls.README_TO_RESTORE
[5073] 556e5cb5e4e7767 O /home/capstone/project/test_files/000402.xls.README_TO_RESTORE
[5073] 556e5cb5e4e7767 O /home/capstone/project/test_files/000287.doc
[5073] 556e5cb5e4e7767 O /home/capstone/project/test_files/000287.doc.tmp_
[5073] 556e5cb5e4e7767 O /home/capstone/project/test_files/000102.txt
[5073] 556e5cb5e4e7767 O /home/capstone/project/test_files/000102.txt.tmp_
[5073] 556e5cb5e4e7767 O /home/capstone/project/test_files/000205.html
[5073] 556e5cb5e4e7767 O /home/capstone/project/test_files/000205.html.tmp_
[5073] 556e5cb5e4e7767 O /home/capstone/project/test_files/000824.html
[5073] 556e5cb5e4e7767 O /home/capstone/project/test_files/000824.html.tmp_
[5073] 556e5cb5e4e7767 C /home/capstone/project/test_files/000135.pdf.README_TO_RESTORE
[5073] 556e5cb5e4e7767 O /home/capstone/project/test_files/000135.pdf.README_TO_RESTORE
[5073] 556e5cb5e4e7767 C /home/capstone/project/test_files/000293.ppt.README_TO_RESTORE
[5073] 556e5cb5e4e7767 C /home/capstone/project/test_files/000001.doc.README_TO_RESTORE
[5073] 556e5cb5e4e7767 O /home/capstone/project/test_files/000001.doc.README_TO_RESTORE
[5073] 556e5cb5e4e7767 C /home/capstone/project/test_files/000102.txt.README_TO_RESTORE
[5073] 556e5cb5e4e7767 O /home/capstone/project/test_files/000102.txt.README_TO_RESTORE
[5073] 556e5cb5e4e7767 O /home/capstone/project/test_files/000042.xls
[5073] 556e5cb5e4e7767 O /home/capstone/project/test_files/000430.html
[5073] 556e5cb5e4e7767 O /home/capstone/project/test_files/000042.xls.tmp_
[5073] 556e5cb5e4e7767 O /home/capstone/project/test_files/000430.html.tmp_
[5073] 556e5cb5e4e7767 C /home/capstone/project/test_files/000263.pdf.README_TO_RESTORE
[5073] 556e5cb5e4e7767 O /home/capstone/project/test_files/000263.pdf.README_TO_RESTORE
[5073] 556e5cb5e4e7767 O /home/capstone/project/test_files/000739.pdf
[5073] 556e5cb5e4e7767 O /home/capstone/project/test_files/000739.pdf.tmp_
[5073] 556e5cb5e4e7767 O /home/capstone/project/test_files/000293.ppt.README_TO_RESTORE
[5073] 556e5cb5e4e7767 O /home/capstone/project/test_files/000932.txt
[5073] 556e5cb5e4e7767 O /home/capstone/project/test_files/000932.txt.tmp_
[5073] 556e5cb5e4e7767 O /home/capstone/project/test_files/000054.xls
[5073] 556e5cb5e4e7767 O /home/capstone/project/test_files/000054.xls.tmp_
[5073] 556e5cb5e4e7767 O /home/capstone/project/test_files/000988.ppt
[5073] 556e5cb5e4e7767 O /home/capstone/project/test_files/000988.ppt.tmp_
[5073] 556e5cb5e4e7767 C /home/capstone/project/test_files/000126.doc.README_TO_RESTORE
[5073] 556e5cb5e4e7767 O /home/capstone/project/test_files/000126.doc.README_TO_RESTORE
[5073] 556e5cb5e4e7767 C /home/capstone/project/test_files/000287.doc.README_TO_RESTORE
[5073] 556e5cb5e4e7767 O /home/capstone/project/test_files/000985.ppt
[5073] 556e5cb5e4e7767 O /home/capstone/project/test_files/000985.ppt.tmp_
[5073] 556e5cb5e4e7767 C /home/capstone/project/test_files/000067.xml.README_TO_RESTORE
[5073] 556e5cb5e4e7767 O /home/capstone/project/test_files/000067.xml.README_TO_RESTORE
[5073] 556e5cb5e4e7767 C /home/capstone/project/test_files/000824.html.README_TO_RESTORE
[5073] 556e5cb5e4e7767 O /home/capstone/project/test_files/000824.html.README_TO_RESTORE
[5073] 556e5cb5e4e7767 O /home/capstone/project/test_files/000287.doc.README_TO_RESTORE
[5073] 556e5cb5e4e7767 O /home/capstone/project/test_files/000636.html
[5073] 556e5cb5e4e7767 O /home/capstone/project/test_files/000636.html.tmp_
[5073] 556e5cb5e4e7767 O /home/capstone/project/test_files/000333.pdf
[5073] 556e5cb5e4e7767 O /home/capstone/project/test_files/000333.pdf.tmp_
[5073] 556e5cb5e4e7767 C /home/capstone/project/test_files/000205.html.README_TO_RESTORE
[5073] 556e5cb5e4e7767 O /home/capstone/project/test_files/000205.html.README_TO_RESTORE
[5073] 556e5cb5e4e7767 O /home/capstone/project/test_files/000281.doc
[5073] 556e5cb5e4e7767 O /home/capstone/project/test_files/000281.doc.tmp_
[5073] 556e5cb5e4e7767 C /home/capstone/project/test_files/000985.ppt.README_TO_RESTORE
[5073] 556e5cb5e4e7767 C /home/capstone/project/test_files/000054.xls.README_TO_RESTORE
[5073] 556e5cb5e4e7767 O /home/capstone/project/test_files/000867.jpg
[5073] 556e5cb5e4e7767 O /home/capstone/project/test_files/000867.jpg.tmp_
[5073] 556e5cb5e4e7767 O /home/capstone/project/test_files/000985.ppt.README_TO_RESTORE
[5073] 556e5cb5e4e7767 C /home/capstone/project/test_files/000739.pdf.README_TO_RESTORE
[5073] 556e5cb5e4e7767 O /home/capstone/project/test_files/000220.txt
[5073] 556e5cb5e4e7767 C /home/capstone/project/test_files/000988.ppt.README_TO_RESTORE
[5073] 556e5cb5e4e7767 O /home/capstone/project/test_files/000220.txt.tmp_
[5073] 556e5cb5e4e7767 O /home/capstone/project/test_files/000054.xls.README_TO_RESTORE
[5073] 556e5cb5e4e7767 O /home/capstone/project/test_files/000739.pdf.README_TO_RESTORE
[5073] 556e5cb5e4e7767 O /home/capstone/project/test_files/000988.ppt.README_TO_RESTORE
[5073] 556e5cb5e4e7767 O /home/capstone/project/test_files/000107.jpg
[5073] 556e5cb5e4e7767 O /home/capstone/project/test_files/000107.jpg.tmp_
[5073] 556e5cb5e4e7767 C /home/capstone/project/test_files/000932.txt.README_TO_RESTORE
[5073] 556e5cb5e4e7767 O /home/capstone/project/test_files/000932.txt.README_TO_RESTORE
[5073] 556e5cb5e4e7767 C /home/capstone/project/test_files/000867.jpg.README_TO_RESTORE
[5073] 556e5cb5e4e7767 C /home/capstone/project/test_files/000042.xls.README_TO_RESTORE
[5073] 556e5cb5e4e7767 O /home/capstone/project/test_files/000867.jpg.README_TO_RESTORE
[5073] 556e5cb5e4e7767 O /home/capstone/project/test_files/000042.xls.README_TO_RESTORE
[5073] 556e5cb5e4e7767 C /home/capstone/project/test_files/000333.pdf.README_TO_RESTORE
[5073] 556e5cb5e4e7767 O /home/capstone/project/test_files/000333.pdf.README_TO_RESTORE
[5073] 556e5cb5e4e7767 O /home/capstone/project/test_files/000229.txt
[5073] 556e5cb5e4e7767 O /home/capstone/project/test_files/000229.txt.tmp_
[5073] 556e5cb5e4e7767 O /home/capstone/project/test_files/000284.txt
[5073] 556e5cb5e4e7767 O /home/capstone/project/test_files/000284.txt.tmp_
[5073] 556e5cb5e4e7767 O /home/capstone/project/test_files/000619.txt
[5073] 556e5cb5e4e7767 O /home/capstone/project/test_files/000619.txt.tmp_
[5073] 556e5cb5e4e7767 C /home/capstone/project/test_files/000636.html.README_TO_RESTORE
[5073] 556e5cb5e4e7767 O /home/capstone/project/test_files/000636.html.README_TO_RESTORE
[5073] 556e5cb5e4e7767 C /home/capstone/project/test_files/000430.html.README_TO_RESTORE
[5073] 556e5cb5e4e7767 O /home/capstone/project/test_files/000430.html.README_TO_RESTORE
[5073] 556e5cb5e4e7767 C /home/capstone/project/test_files/000107.jpg.README_TO_RESTORE
[5073] 556e5cb5e4e7767 O /home/capstone/project/test_files/000107.jpg.README_TO_RESTORE
[5073] 556e5cb5e4e7767 O /home/capstone/project/test_files/000898.html
[5073] 556e5cb5e4e7767 O /home/capstone/project/test_files/000898.html.tmp_
[5073] 556e5cb5e4e7767 O /home/capstone/project/test_files/000678.doc
[5073] 556e5cb5e4e7767 O /home/capstone/project/test_files/000678.doc.tmp_
[5073] 556e5cb5e4e7767 O /home/capstone/project/test_files/000605.pdf
[5073] 556e5cb5e4e7767 O /home/capstone/project/test_files/000605.pdf.tmp_
[5073] 556e5cb5e4e7767 C /home/capstone/project/test_files/000281.doc.README_TO_RESTORE
[5073] 556e5cb5e4e7767 O /home/capstone/project/test_files/000281.doc.README_TO_RESTORE
[5073] 556e5cb5e4e7767 C /home/capstone/project/test_files/000220.txt.README_TO_RESTORE
[5073] 556e5cb5e4e7767 O /home/capstone/project/test_files/000220.txt.README_TO_RESTORE
[5073] 556e5cb5e4e7767 C /home/capstone/project/test_files/000284.txt.README_TO_RESTORE
[5073] 556e5cb5e4e7767 O /home/capstone/project/test_files/000284.txt.README_TO_RESTORE
[5073] 556e5cb5e4e7767 O /home/capstone/project/test_files/000016.pdf
[5073] 556e5cb5e4e7767 O /home/capstone/project/test_files/000016.pdf.tmp_
[5073] 556e5cb5e4e7767 O /home/capstone/project/test_files/000328.ppt
[5073] 556e5cb5e4e7767 O /home/capstone/project/test_files/000328.ppt.tmp_
[5073] 556e5cb5e4e7767 C /home/capstone/project/test_files/000229.txt.README_TO_RESTORE
[5073] 556e5cb5e4e7767 O /home/capstone/project/test_files/000297.ppt
[5073] 556e5cb5e4e7767 C /home/capstone/project/test_files/000898.html.README_TO_RESTORE
[5073] 556e5cb5e4e7767 O /home/capstone/project/test_files/000898.html.README_TO_RESTORE
[5073] 556e5cb5e4e7767 O /home/capstone/project/test_files/000229.txt.README_TO_RESTORE
[5073] 556e5cb5e4e7767 O /home/capstone/project/test_files/000801.doc
[5073] 556e5cb5e4e7767 O /home/capstone/project/test_files/000801.doc.tmp_
[5073] 556e5cb5e4e7767 O /home/capstone/project/test_files/000297.ppt.tmp_
[5073] 556e5cb5e4e7767 C /home/capstone/project/test_files/000619.txt.README_TO_RESTORE
[5073] 556e5cb5e4e7767 O /home/capstone/project/test_files/000501.txt
[5073] 556e5cb5e4e7767 O /home/capstone/project/test_files/000501.txt.tmp_
[5073] 556e5cb5e4e7767 O /home/capstone/project/test_files/000619.txt.README_TO_RESTORE
[5073] 556e5cb5e4e7767 O /home/capstone/project/test_files/000282.pdf
[5073] 556e5cb5e4e7767 O /home/capstone/project/test_files/000282.pdf.tmp_
[5073] 556e5cb5e4e7767 O /home/capstone/project/test_files/000570.pdf
[5073] 556e5cb5e4e7767 O /home/capstone/project/test_files/000593.pdf
[5073] 556e5cb5e4e7767 O /home/capstone/project/test_files/000593.pdf.tmp_
[5073] 556e5cb5e4e7767 O /home/capstone/project/test_files/000971.doc
[5073] 556e5cb5e4e7767 O /home/capstone/project/test_files/000971.doc.tmp_
[5073] 556e5cb5e4e7767 O /home/capstone/project/test_files/000553.html
[5073] 556e5cb5e4e7767 O /home/capstone/project/test_files/000553.html.tmp_
[5073] 556e5cb5e4e7767 O /home/capstone/project/test_files/000570.pdf.tmp_
[5073] 556e5cb5e4e7767 C /home/capstone/project/test_files/000282.pdf.README_TO_RESTORE
[5073] 556e5cb5e4e7767 O /home/capstone/project/test_files/000282.pdf.README_TO_RESTORE
[5073] 556e5cb5e4e7767 C /home/capstone/project/test_files/000678.doc.README_TO_RESTORE
[5073] 556e5cb5e4e7767 O /home/capstone/project/test_files/000678.doc.README_TO_RESTORE
[5073] 556e5cb5e4e7767 C /home/capstone/project/test_files/000328.ppt.README_TO_RESTORE
[5073] 556e5cb5e4e7767 O /home/capstone/project/test_files/000328.ppt.README_TO_RESTORE
[5073] 556e5cb5e4e7767 C /home/capstone/project/test_files/000553.html.README_TO_RESTORE
[5073] 556e5cb5e4e7767 O /home/capstone/project/test_files/000553.html.README_TO_RESTORE
[5073] 556e5cb5e4e7767 O /home/capstone/project/test_files/000973.doc
[5073] 556e5cb5e4e7767 O /home/capstone/project/test_files/000973.doc.tmp_
[5073] 556e5cb5e4e7767 C /home/capstone/project/test_files/000016.pdf.README_TO_RESTORE
[5073] 556e5cb5e4e7767 O /home/capstone/project/test_files/000016.pdf.README_TO_RESTORE
[5073] 556e5cb5e4e7767 C /home/capstone/project/test_files/000570.pdf.README_TO_RESTORE
[5073] 556e5cb5e4e7767 O /home/capstone/project/test_files/000570.pdf.README_TO_RESTORE
[5073] 556e5cb5e4e7767 C /home/capstone/project/test_files/000501.txt.README_TO_RESTORE
[5073] 556e5cb5e4e7767 O /home/capstone/project/test_files/000501.txt.README_TO_RESTORE
[5073] 556e5cb5e4e7767 O /home/capstone/project/test_files/000148.doc
[5073] 556e5cb5e4e7767 O /home/capstone/project/test_files/000148.doc.tmp_
[5073] 556e5cb5e4e7767 O /home/capstone/project/test_files/000112.wp
[5073] 556e5cb5e4e7767 O /home/capstone/project/test_files/000112.wp.tmp_
[5073] 556e5cb5e4e7767 O /home/capstone/project/test_files/000245.jpg
[5073] 556e5cb5e4e7767 O /home/capstone/project/test_files/000571.pdf
[5073] 556e5cb5e4e7767 O /home/capstone/project/test_files/000245.jpg.tmp_
[5073] 556e5cb5e4e7767 O /home/capstone/project/test_files/000571.pdf.tmp_
[5073] 556e5cb5e4e7767 O /home/capstone/project/test_files/000607.html
[5073] 556e5cb5e4e7767 O /home/capstone/project/test_files/000607.html.tmp_
[5073] 556e5cb5e4e7767 C /home/capstone/project/test_files/000801.doc.README_TO_RESTORE
[5073] 556e5cb5e4e7767 O /home/capstone/project/test_files/000801.doc.README_TO_RESTORE
[5073] 556e5cb5e4e7767 C /home/capstone/project/test_files/000297.ppt.README_TO_RESTORE
[5073] 556e5cb5e4e7767 O /home/capstone/project/test_files/000297.ppt.README_TO_RESTORE
[5073] 556e5cb5e4e7767 C /home/capstone/project/test_files/000605.pdf.README_TO_RESTORE
[5073] 556e5cb5e4e7767 O /home/capstone/project/test_files/000605.pdf.README_TO_RESTORE
[5073] 556e5cb5e4e7767 C /home/capstone/project/test_files/000593.pdf.README_TO_RESTORE
[5073] 556e5cb5e4e7767 O /home/capstone/project/test_files/000593.pdf.README_TO_RESTORE
[5073] 556e5cb5e4e7767 O /home/capstone/project/test_files/000968.jpg
[5073] 556e5cb5e4e7767 O /home/capstone/project/test_files/000968.jpg.tmp_
[5073] 556e5cb5e4e7767 O /home/capstone/project/test_files/000505.jpg
[5073] 556e5cb5e4e7767 O /home/capstone/project/test_files/000505.jpg.tmp_
[5073] 556e5cb5e4e7767 O /home/capstone/project/test_files/000240.jpg
[5073] 556e5cb5e4e7767 O /home/capstone/project/test_files/000240.jpg.tmp_
[5073] 556e5cb5e4e7767 C /home/capstone/project/test_files/000148.doc.README_TO_RESTORE
[5073] 556e5cb5e4e7767 O /home/capstone/project/test_files/000148.doc.README_TO_RESTORE
[5073] 556e5cb5e4e7767 O /home/capstone/project/test_files/000158.doc
[5073] 556e5cb5e4e7767 O /home/capstone/project/test_files/000158.doc.tmp_
[5073] 556e5cb5e4e7767 O /home/capstone/project/test_files/000075.html
[5073] 556e5cb5e4e7767 O /home/capstone/project/test_files/000075.html.tmp_
[5073] 556e5cb5e4e7767 C /home/capstone/project/test_files/000973.doc.README_TO_RESTORE
[5073] 556e5cb5e4e7767 O /home/capstone/project/test_files/000973.doc.README_TO_RESTORE
[5073] 556e5cb5e4e7767 C /home/capstone/project/test_files/000607.html.README_TO_RESTORE
[5073] 556e5cb5e4e7767 C /home/capstone/project/test_files/000245.jpg.README_TO_RESTORE
[5073] 556e5cb5e4e7767 O /home/capstone/project/test_files/000245.jpg.README_TO_RESTORE
[5073] 556e5cb5e4e7767 O /home/capstone/project/test_files/000607.html.README_TO_RESTORE
[5073] 556e5cb5e4e7767 O /home/capstone/project/test_files/000864.txt
[5073] 556e5cb5e4e7767 O /home/capstone/project/test_files/000864.txt.tmp_
[5073] 556e5cb5e4e7767 C /home/capstone/project/test_files/000968.jpg.README_TO_RESTORE
[5073] 556e5cb5e4e7767 O /home/capstone/project/test_files/000968.jpg.README_TO_RESTORE
[5073] 556e5cb5e4e7767 O /home/capstone/project/test_files/000575.csv
[5073] 556e5cb5e4e7767 O /home/capstone/project/test_files/000575.csv.tmp_
[5073] 556e5cb5e4e7767 C /home/capstone/project/test_files/000158.doc.README_TO_RESTORE
[5073] 556e5cb5e4e7767 O /home/capstone/project/test_files/000158.doc.README_TO_RESTORE
[5073] 556e5cb5e4e7767 C /home/capstone/project/test_files/000112.wp.README_TO_RESTORE
[5073] 556e5cb5e4e7767 O /home/capstone/project/test_files/000112.wp.README_TO_RESTORE
[5073] 556e5cb5e4e7767 C /home/capstone/project/test_files/000971.doc.README_TO_RESTORE
[5073] 556e5cb5e4e7767 O /home/capstone/project/test_files/000971.doc.README_TO_RESTORE
[5073] 556e5cb5e4e7767 O /home/capstone/project/test_files/000734.ps
[5073] 556e5cb5e4e7767 O /home/capstone/project/test_files/000734.ps.tmp_
[5073] 556e5cb5e4e7767 O /home/capstone/project/test_files/000330.ppt
[5073] 556e5cb5e4e7767 O /home/capstone/project/test_files/000330.ppt.tmp_
[5073] 556e5cb5e4e7767 O /home/capstone/project/test_files/000350.pdf
[5073] 556e5cb5e4e7767 O /home/capstone/project/test_files/000350.pdf.tmp_
[5073] 556e5cb5e4e7767 C /home/capstone/project/test_files/000240.jpg.README_TO_RESTORE
[5073] 556e5cb5e4e7767 O /home/capstone/project/test_files/000240.jpg.README_TO_RESTORE
[5073] 556e5cb5e4e7767 O /home/capstone/project/test_files/000486.txt
[5073] 556e5cb5e4e7767 O /home/capstone/project/test_files/000486.txt.tmp_
[5073] 556e5cb5e4e7767 O /home/capstone/project/test_files/000731.ps
[5073] 556e5cb5e4e7767 O /home/capstone/project/test_files/000405.xls
[5073] 556e5cb5e4e7767 O /home/capstone/project/test_files/000731.ps.tmp_
[5073] 556e5cb5e4e7767 O /home/capstone/project/test_files/000405.xls.tmp_
[5073] 556e5cb5e4e7767 C /home/capstone/project/test_files/000505.jpg.README_TO_RESTORE
[5073] 556e5cb5e4e7767 O /home/capstone/project/test_files/000505.jpg.README_TO_RESTORE
[5073] 556e5cb5e4e7767 C /home/capstone/project/test_files/000864.txt.README_TO_RESTORE
[5073] 556e5cb5e4e7767 O /home/capstone/project/test_files/000864.txt.README_TO_RESTORE
[5073] 556e5cb5e4e7767 O /home/capstone/project/test_files/000622.txt
[5073] 556e5cb5e4e7767 O /home/capstone/project/test_files/000622.txt.tmp_
[5073] 556e5cb5e4e7767 C /home/capstone/project/test_files/000571.pdf.README_TO_RESTORE
[5073] 556e5cb5e4e7767 O /home/capstone/project/test_files/000571.pdf.README_TO_RESTORE
[5073] 556e5cb5e4e7767 O /home/capstone/project/test_files/000706.doc
[5073] 556e5cb5e4e7767 O /home/capstone/project/test_files/000706.doc.tmp_
[5073] 556e5cb5e4e7767 C /home/capstone/project/test_files/000075.html.README_TO_RESTORE
[5073] 556e5cb5e4e7767 O /home/capstone/project/test_files/000075.html.README_TO_RESTORE
[5073] 556e5cb5e4e7767 C /home/capstone/project/test_files/000330.ppt.README_TO_RESTORE
[5073] 556e5cb5e4e7767 O /home/capstone/project/test_files/000330.ppt.README_TO_RESTORE
[5073] 556e5cb5e4e7767 C /home/capstone/project/test_files/000486.txt.README_TO_RESTORE
[5073] 556e5cb5e4e7767 C /home/capstone/project/test_files/000350.pdf.README_TO_RESTORE
[5073] 556e5cb5e4e7767 C /home/capstone/project/test_files/000734.ps.README_TO_RESTORE
[5073] 556e5cb5e4e7767 O /home/capstone/project/test_files/000350.pdf.README_TO_RESTORE
[5073] 556e5cb5e4e7767 O /home/capstone/project/test_files/000486.txt.README_TO_RESTORE
[5073] 556e5cb5e4e7767 O /home/capstone/project/test_files/000997.ppt
[5073] 556e5cb5e4e7767 O /home/capstone/project/test_files/000997.ppt.tmp_
[5073] 556e5cb5e4e7767 C /home/capstone/project/test_files/000405.xls.README_TO_RESTORE
[5073] 556e5cb5e4e7767 O /home/capstone/project/test_files/000734.ps.README_TO_RESTORE
[5073] 556e5cb5e4e7767 O /home/capstone/project/test_files/000405.xls.README_TO_RESTORE
[5073] 556e5cb5e4e7767 C /home/capstone/project/test_files/000731.ps.README_TO_RESTORE
[5073] 556e5cb5e4e7767 O /home/capstone/project/test_files/000731.ps.README_TO_RESTORE
[5073] 556e5cb5e4e7767 O /home/capstone/project/test_files/000682.jpg
[5073] 556e5cb5e4e7767 O /home/capstone/project/test_files/000682.jpg.tmp_
[5073] 556e5cb5e4e7767 C /home/capstone/project/test_files/000622.txt.README_TO_RESTORE
[5073] 556e5cb5e4e7767 O /home/capstone/project/test_files/000622.txt.README_TO_RESTORE
[5073] 556e5cb5e4e7767 O /home/capstone/project/test_files/000429.html
[5073] 556e5cb5e4e7767 C /home/capstone/project/test_files/000575.csv.README_TO_RESTORE
[5073] 556e5cb5e4e7767 O /home/capstone/project/test_files/000575.csv.README_TO_RESTORE
[5073] 556e5cb5e4e7767 O /home/capstone/project/test_files/000038.xls
[5073] 556e5cb5e4e7767 O /home/capstone/project/test_files/000429.html.tmp_
[5073] 556e5cb5e4e7767 O /home/capstone/project/test_files/000912.jpg
[5073] 556e5cb5e4e7767 O /home/capstone/project/test_files/000912.jpg.tmp_
[5073] 556e5cb5e4e7767 O /home/capstone/project/test_files/000038.xls.tmp_
[5073] 556e5cb5e4e7767 O /home/capstone/project/test_files/000250.doc
[5073] 556e5cb5e4e7767 O /home/capstone/project/test_files/000250.doc.tmp_
[5073] 556e5cb5e4e7767 O /home/capstone/project/test_files/000791.html
[5073] 556e5cb5e4e7767 O /home/capstone/project/test_files/000791.html.tmp_
[5073] 556e5cb5e4e7767 C /home/capstone/project/test_files/000997.ppt.README_TO_RESTORE
[5073] 556e5cb5e4e7767 O /home/capstone/project/test_files/000997.ppt.README_TO_RESTORE
[5073] 556e5cb5e4e7767 C /home/capstone/project/test_files/000706.doc.README_TO_RESTORE
[5073] 556e5cb5e4e7767 O /home/capstone/project/test_files/000706.doc.README_TO_RESTORE
[5073] 556e5cb5e4e7767 C /home/capstone/project/test_files/000429.html.README_TO_RESTORE
[5073] 556e5cb5e4e7767 C /home/capstone/project/test_files/000682.jpg.README_TO_RESTORE
[5073] 556e5cb5e4e7767 O /home/capstone/project/test_files/000429.html.README_TO_RESTORE
[5073] 556e5cb5e4e7767 O /home/capstone/project/test_files/000682.jpg.README_TO_RESTORE
[5073] 556e5cb5e4e7767 O /home/capstone/project/test_files/000327.ppt
[5073] 556e5cb5e4e7767 O /home/capstone/project/test_files/000327.ppt.tmp_
[5073] 556e5cb5e4e7767 O /home/capstone/project/test_files/000056.html
[5073] 556e5cb5e4e7767 O /home/capstone/project/test_files/000056.html.tmp_
[5073] 556e5cb5e4e7767 O /home/capstone/project/test_files/000965.doc
[5073] 556e5cb5e4e7767 O /home/capstone/project/test_files/000965.doc.tmp_
[5073] 556e5cb5e4e7767 O /home/capstone/project/test_files/000610.pdf
[5073] 556e5cb5e4e7767 O /home/capstone/project/test_files/000610.pdf.tmp_
[5073] 556e5cb5e4e7767 C /home/capstone/project/test_files/000038.xls.README_TO_RESTORE
[5073] 556e5cb5e4e7767 C /home/capstone/project/test_files/000250.doc.README_TO_RESTORE
[5073] 556e5cb5e4e7767 O /home/capstone/project/test_files/000250.doc.README_TO_RESTORE
[5073] 556e5cb5e4e7767 C /home/capstone/project/test_files/000965.doc.README_TO_RESTORE
[5073] 556e5cb5e4e7767 C /home/capstone/project/test_files/000056.html.README_TO_RESTORE
[5073] 556e5cb5e4e7767 O /home/capstone/project/test_files/000056.html.README_TO_RESTORE
[5073] 556e5cb5e4e7767 O /home/capstone/project/test_files/000965.doc.README_TO_RESTORE
[5073] 556e5cb5e4e7767 C /home/capstone/project/test_files/000327.ppt.README_TO_RESTORE
[5073] 556e5cb5e4e7767 O /home/capstone/project/test_files/000038.xls.README_TO_RESTORE
[5073] 556e5cb5e4e7767 C /home/capstone/project/test_files/000791.html.README_TO_RESTORE
[5073] 556e5cb5e4e7767 O /home/capstone/project/test_files/000327.ppt.README_TO_RESTORE
[5073] 556e5cb5e4e7767 O /home/capstone/project/test_files/000394.xls
[5073] 556e5cb5e4e7767 O /home/capstone/project/test_files/000394.xls.tmp_
[5073] 556e5cb5e4e7767 O /home/capstone/project/test_files/000791.html.README_TO_RESTORE
[5073] 556e5cb5e4e7767 C /home/capstone/project/test_files/000912.jpg.README_TO_RESTORE
[5073] 556e5cb5e4e7767 O /home/capstone/project/test_files/000450.html
[5073] 556e5cb5e4e7767 O /home/capstone/project/test_files/000450.html.tmp_
[5073] 556e5cb5e4e7767 C /home/capstone/project/test_files/000610.pdf.README_TO_RESTORE
[5073] 556e5cb5e4e7767 O /home/capstone/project/test_files/000610.pdf.README_TO_RESTORE
[5073] 556e5cb5e4e7767 O /home/capstone/project/test_files/000279.doc
[5073] 556e5cb5e4e7767 O /home/capstone/project/test_files/000279.doc.tmp_
[5073] 556e5cb5e4e7767 O /home/capstone/project/test_files/000459.html
[5073] 556e5cb5e4e7767 O /home/capstone/project/test_files/000459.html.tmp_
[5073] 556e5cb5e4e7767 O /home/capstone/project/test_files/000912.jpg.README_TO_RESTORE
[5073] 556e5cb5e4e7767 O /home/capstone/project/test_files/000100.doc
[5073] 556e5cb5e4e7767 O /home/capstone/project/test_files/000948.doc
[5073] 556e5cb5e4e7767 O /home/capstone/project/test_files/000948.doc.tmp_
[5073] 556e5cb5e4e7767 O /home/capstone/project/test_files/000271.doc
[5073] 556e5cb5e4e7767 O /home/capstone/project/test_files/000271.doc.tmp_
[5073] 556e5cb5e4e7767 O /home/capstone/project/test_files/000100.doc.tmp_
[5073] 556e5cb5e4e7767 O /home/capstone/project/test_files/000136.html
[5073] 556e5cb5e4e7767 O /home/capstone/project/test_files/000136.html.tmp_
[5073] 556e5cb5e4e7767 C /home/capstone/project/test_files/000394.xls.README_TO_RESTORE
[5073] 556e5cb5e4e7767 O /home/capstone/project/test_files/000394.xls.README_TO_RESTORE
[5073] 556e5cb5e4e7767 C /home/capstone/project/test_files/000459.html.README_TO_RESTORE
[5073] 556e5cb5e4e7767 O /home/capstone/project/test_files/000459.html.README_TO_RESTORE
[5073] 556e5cb5e4e7767 O /home/capstone/project/test_files/000408.xls
[5073] 556e5cb5e4e7767 O /home/capstone/project/test_files/000408.xls.tmp_
[5073] 556e5cb5e4e7767 O /home/capstone/project/test_files/000821.html
[5073] 556e5cb5e4e7767 O /home/capstone/project/test_files/000821.html.tmp_
[5073] 556e5cb5e4e7767 O /home/capstone/project/test_files/000566.pdf
[5073] 556e5cb5e4e7767 O /home/capstone/project/test_files/000566.pdf.tmp_
[5073] 556e5cb5e4e7767 C /home/capstone/project/test_files/000450.html.README_TO_RESTORE
[5073] 556e5cb5e4e7767 O /home/capstone/project/test_files/000450.html.README_TO_RESTORE
[5073] 556e5cb5e4e7767 O /home/capstone/project/test_files/000235.jpg
[5073] 556e5cb5e4e7767 O /home/capstone/project/test_files/000235.jpg.tmp_
[5073] 556e5cb5e4e7767 O /home/capstone/project/test_files/000906.jpg
[5073] 556e5cb5e4e7767 O /home/capstone/project/test_files/000906.jpg.tmp_
[5073] 556e5cb5e4e7767 C /home/capstone/project/test_files/000136.html.README_TO_RESTORE
[5073] 556e5cb5e4e7767 O /home/capstone/project/test_files/000136.html.README_TO_RESTORE
[5073] 556e5cb5e4e7767 C /home/capstone/project/test_files/000271.doc.README_TO_RESTORE
[5073] 556e5cb5e4e7767 O /home/capstone/project/test_files/000271.doc.README_TO_RESTORE
[5073] 556e5cb5e4e7767 O /home/capstone/project/test_files/000903.jpg
[5073] 556e5cb5e4e7767 O /home/capstone/project/test_files/000903.jpg.tmp_
[5073] 556e5cb5e4e7767 C /home/capstone/project/test_files/000566.pdf.README_TO_RESTORE
[5073] 556e5cb5e4e7767 O /home/capstone/project/test_files/000566.pdf.README_TO_RESTORE
[5073] 556e5cb5e4e7767 C /home/capstone/project/test_files/000279.doc.README_TO_RESTORE
[5073] 556e5cb5e4e7767 O /home/capstone/project/test_files/000279.doc.README_TO_RESTORE
[5073] 556e5cb5e4e7767 O /home/capstone/project/test_files/000024.pdf
[5073] 556e5cb5e4e7767 O /home/capstone/project/test_files/000024.pdf.tmp_
[5073] 556e5cb5e4e7767 O /home/capstone/project/test_files/000713.ppt
[5073] 556e5cb5e4e7767 O /home/capstone/project/test_files/000713.ppt.tmp_
[5073] 556e5cb5e4e7767 O /home/capstone/project/test_files/000064.html
[5073] 556e5cb5e4e7767 O /home/capstone/project/test_files/000064.html.tmp_
[5073] 556e5cb5e4e7767 O /home/capstone/project/test_files/000757.pdf
[5073] 556e5cb5e4e7767 O /home/capstone/project/test_files/000757.pdf.tmp_
[5073] 556e5cb5e4e7767 C /home/capstone/project/test_files/000408.xls.README_TO_RESTORE
[5073] 556e5cb5e4e7767 O /home/capstone/project/test_files/000408.xls.README_TO_RESTORE
[5073] 556e5cb5e4e7767 C /home/capstone/project/test_files/000100.doc.README_TO_RESTORE
[5073] 556e5cb5e4e7767 O /home/capstone/project/test_files/000100.doc.README_TO_RESTORE
[5073] 556e5cb5e4e7767 O /home/capstone/project/test_files/000925.txt
[5073] 556e5cb5e4e7767 O /home/capstone/project/test_files/000925.txt.tmp_
[5073] 556e5cb5e4e7767 O /home/capstone/project/test_files/000632.pdf
[5073] 556e5cb5e4e7767 O /home/capstone/project/test_files/000632.pdf.tmp_
[5073] 556e5cb5e4e7767 C /home/capstone/project/test_files/000948.doc.README_TO_RESTORE
[5073] 556e5cb5e4e7767 O /home/capstone/project/test_files/000948.doc.README_TO_RESTORE
[5073] 556e5cb5e4e7767 C /home/capstone/project/test_files/000757.pdf.README_TO_RESTORE
[5073] 556e5cb5e4e7767 O /home/capstone/project/test_files/000757.pdf.README_TO_RESTORE
[5073] 556e5cb5e4e7767 O /home/capstone/project/test_files/000569.pdf
[5073] 556e5cb5e4e7767 O /home/capstone/project/test_files/000569.pdf.tmp_
[5073] 556e5cb5e4e7767 O /home/capstone/project/test_files/000555.html
[5073] 556e5cb5e4e7767 O /home/capstone/project/test_files/000555.html.tmp_
[5073] 556e5cb5e4e7767 C /home/capstone/project/test_files/000064.html.README_TO_RESTORE
[5073] 556e5cb5e4e7767 O /home/capstone/project/test_files/000064.html.README_TO_RESTORE
[5073] 556e5cb5e4e7767 C /home/capstone/project/test_files/000903.jpg.README_TO_RESTORE
[5073] 556e5cb5e4e7767 O /home/capstone/project/test_files/000111.doc
[5073] 556e5cb5e4e7767 O /home/capstone/project/test_files/000111.doc.tmp_
[5073] 556e5cb5e4e7767 O /home/capstone/project/test_files/000903.jpg.README_TO_RESTORE
[5073] 556e5cb5e4e7767 C /home/capstone/project/test_files/000821.html.README_TO_RESTORE
[5073] 556e5cb5e4e7767 O /home/capstone/project/test_files/000821.html.README_TO_RESTORE
[5073] 556e5cb5e4e7767 O /home/capstone/project/test_files/000146.pdf
[5073] 556e5cb5e4e7767 O /home/capstone/project/test_files/000302.ppt
[5073] 556e5cb5e4e7767 O /home/capstone/project/test_files/000302.ppt.tmp_
[5073] 556e5cb5e4e7767 O /home/capstone/project/test_files/000146.pdf.tmp_
[5073] 556e5cb5e4e7767 O /home/capstone/project/test_files/000611.html
[5073] 556e5cb5e4e7767 O /home/capstone/project/test_files/000611.html.tmp_
[5073] 556e5cb5e4e7767 C /home/capstone/project/test_files/000632.pdf.README_TO_RESTORE
[5073] 556e5cb5e4e7767 O /home/capstone/project/test_files/000632.pdf.README_TO_RESTORE
[5073] 556e5cb5e4e7767 C /home/capstone/project/test_files/000906.jpg.README_TO_RESTORE
[5073] 556e5cb5e4e7767 O /home/capstone/project/test_files/000906.jpg.README_TO_RESTORE
[5073] 556e5cb5e4e7767 O /home/capstone/project/test_files/000500.txt
[5073] 556e5cb5e4e7767 O /home/capstone/project/test_files/000500.txt.tmp_
[5073] 556e5cb5e4e7767 C /home/capstone/project/test_files/000111.doc.README_TO_RESTORE
[5073] 556e5cb5e4e7767 C /home/capstone/project/test_files/000146.pdf.README_TO_RESTORE
[5073] 556e5cb5e4e7767 C /home/capstone/project/test_files/000235.jpg.README_TO_RESTORE
[5073] 556e5cb5e4e7767 O /home/capstone/project/test_files/000235.jpg.README_TO_RESTORE
[5073] 556e5cb5e4e7767 O /home/capstone/project/test_files/000111.doc.README_TO_RESTORE
[5073] 556e5cb5e4e7767 O /home/capstone/project/test_files/000146.pdf.README_TO_RESTORE
[5073] 556e5cb5e4e7767 O /home/capstone/project/test_files/000344.pdf
[5073] 556e5cb5e4e7767 O /home/capstone/project/test_files/000344.pdf.tmp_
[5073] 556e5cb5e4e7767 O /home/capstone/project/test_files/000128.doc
[5073] 556e5cb5e4e7767 O /home/capstone/project/test_files/000128.doc.tmp_
[5073] 556e5cb5e4e7767 O /home/capstone/project/test_files/000448.html
[5073] 556e5cb5e4e7767 O /home/capstone/project/test_files/000448.html.tmp_
[5073] 556e5cb5e4e7767 C /home/capstone/project/test_files/000569.pdf.README_TO_RESTORE
[5073] 556e5cb5e4e7767 C /home/capstone/project/test_files/000925.txt.README_TO_RESTORE
[5073] 556e5cb5e4e7767 O /home/capstone/project/test_files/000925.txt.README_TO_RESTORE
[5073] 556e5cb5e4e7767 O /home/capstone/project/test_files/000569.pdf.README_TO_RESTORE
[5073] 556e5cb5e4e7767 C /home/capstone/project/test_files/000713.ppt.README_TO_RESTORE
[5073] 556e5cb5e4e7767 O /home/capstone/project/test_files/000713.ppt.README_TO_RESTORE
[5073] 556e5cb5e4e7767 O /home/capstone/project/test_files/000639.html
[5073] 556e5cb5e4e7767 O /home/capstone/project/test_files/000639.html.tmp_
[5073] 556e5cb5e4e7767 C /home/capstone/project/test_files/000024.pdf.README_TO_RESTORE
[5073] 556e5cb5e4e7767 O /home/capstone/project/test_files/000024.pdf.README_TO_RESTORE
[5073] 556e5cb5e4e7767 C /home/capstone/project/test_files/000611.html.README_TO_RESTORE
[5073] 556e5cb5e4e7767 O /home/capstone/project/test_files/000611.html.README_TO_RESTORE
[5073] 556e5cb5e4e7767 O /home/capstone/project/test_files/000086.txt
[5073] 556e5cb5e4e7767 O /home/capstone/project/test_files/000086.txt.tmp_
[5073] 556e5cb5e4e7767 O /home/capstone/project/test_files/000008.ppt
[5073] 556e5cb5e4e7767 O /home/capstone/project/test_files/000008.ppt.tmp_
[5073] 556e5cb5e4e7767 C /home/capstone/project/test_files/000555.html.README_TO_RESTORE
[5073] 556e5cb5e4e7767 O /home/capstone/project/test_files/000555.html.README_TO_RESTORE
[5073] 556e5cb5e4e7767 C /home/capstone/project/test_files/000500.txt.README_TO_RESTORE
[5073] 556e5cb5e4e7767 O /home/capstone/project/test_files/000500.txt.README_TO_RESTORE
[5073] 556e5cb5e4e7767 O /home/capstone/project/test_files/000041.xls
[5073] 556e5cb5e4e7767 O /home/capstone/project/test_files/000041.xls.tmp_
[5073] 556e5cb5e4e7767 C /home/capstone/project/test_files/000128.doc.README_TO_RESTORE
[5073] 556e5cb5e4e7767 O /home/capstone/project/test_files/000128.doc.README_TO_RESTORE
[5073] 556e5cb5e4e7767 O /home/capstone/project/test_files/000785.html
[5073] 556e5cb5e4e7767 O /home/capstone/project/test_files/000785.html.tmp_
[5073] 556e5cb5e4e7767 O /home/capstone/project/test_files/000020.pdf
[5073] 556e5cb5e4e7767 O /home/capstone/project/test_files/000020.pdf.tmp_
[5073] 556e5cb5e4e7767 O /home/capstone/project/test_files/000011.pdf
[5073] 556e5cb5e4e7767 O /home/capstone/project/test_files/000011.pdf.tmp_
[5073] 556e5cb5e4e7767 C /home/capstone/project/test_files/000302.ppt.README_TO_RESTORE
[5073] 556e5cb5e4e7767 O /home/capstone/project/test_files/000302.ppt.README_TO_RESTORE
[5073] 556e5cb5e4e7767 C /home/capstone/project/test_files/000448.html.README_TO_RESTORE
[5073] 556e5cb5e4e7767 O /home/capstone/project/test_files/000448.html.README_TO_RESTORE
[5073] 556e5cb5e4e7767 C /home/capstone/project/test_files/000008.ppt.README_TO_RESTORE
[5073] 556e5cb5e4e7767 O /home/capstone/project/test_files/000008.ppt.README_TO_RESTORE
[5073] 556e5cb5e4e7767 O /home/capstone/project/test_files/000910.jpg
[5073] 556e5cb5e4e7767 C /home/capstone/project/test_files/000086.txt.README_TO_RESTORE
[5073] 556e5cb5e4e7767 O /home/capstone/project/test_files/000910.jpg.tmp_
[5073] 556e5cb5e4e7767 O /home/capstone/project/test_files/000230.txt
[5073] 556e5cb5e4e7767 O /home/capstone/project/test_files/000230.txt.tmp_
[5073] 556e5cb5e4e7767 O /home/capstone/project/test_files/000086.txt.README_TO_RESTORE
[5073] 556e5cb5e4e7767 C /home/capstone/project/test_files/000639.html.README_TO_RESTORE
[5073] 556e5cb5e4e7767 C /home/capstone/project/test_files/000344.pdf.README_TO_RESTORE
[5073] 556e5cb5e4e7767 O /home/capstone/project/test_files/000344.pdf.README_TO_RESTORE
[5073] 556e5cb5e4e7767 C /home/capstone/project/test_files/000041.xls.README_TO_RESTORE
[5073] 556e5cb5e4e7767 O /home/capstone/project/test_files/000639.html.README_TO_RESTORE
[5073] 556e5cb5e4e7767 O /home/capstone/project/test_files/000930.txt
[5073] 556e5cb5e4e7767 O /home/capstone/project/test_files/000930.txt.tmp_
[5073] 556e5cb5e4e7767 O /home/capstone/project/test_files/000041.xls.README_TO_RESTORE
[5073] 556e5cb5e4e7767 O /home/capstone/project/test_files/000031.xls
[5073] 556e5cb5e4e7767 O /home/capstone/project/test_files/000031.xls.tmp_
[5073] 556e5cb5e4e7767 O /home/capstone/project/test_files/000798.html
[5073] 556e5cb5e4e7767 O /home/capstone/project/test_files/000798.html.tmp_
[5073] 556e5cb5e4e7767 O /home/capstone/project/test_files/000183.html
[5073] 556e5cb5e4e7767 O /home/capstone/project/test_files/000183.html.tmp_
[5073] 556e5cb5e4e7767 O /home/capstone/project/test_files/000260.doc
[5073] 556e5cb5e4e7767 O /home/capstone/project/test_files/000260.doc.tmp_
[5073] 556e5cb5e4e7767 C /home/capstone/project/test_files/000230.txt.README_TO_RESTORE
[5073] 556e5cb5e4e7767 O /home/capstone/project/test_files/000230.txt.README_TO_RESTORE
[5073] 556e5cb5e4e7767 C /home/capstone/project/test_files/000785.html.README_TO_RESTORE
[5073] 556e5cb5e4e7767 O /home/capstone/project/test_files/000785.html.README_TO_RESTORE
[5073] 556e5cb5e4e7767 O /home/capstone/project/test_files/000006.doc
[5073] 556e5cb5e4e7767 O /home/capstone/project/test_files/000006.doc.tmp_
[5073] 556e5cb5e4e7767 C /home/capstone/project/test_files/000930.txt.README_TO_RESTORE
[5073] 556e5cb5e4e7767 O /home/capstone/project/test_files/000930.txt.README_TO_RESTORE
[5073] 556e5cb5e4e7767 O /home/capstone/project/test_files/000470.txt
[5073] 556e5cb5e4e7767 O /home/capstone/project/test_files/000470.txt.tmp_
[5073] 556e5cb5e4e7767 C /home/capstone/project/test_files/000183.html.README_TO_RESTORE
[5073] 556e5cb5e4e7767 O /home/capstone/project/test_files/000183.html.README_TO_RESTORE
[5073] 556e5cb5e4e7767 O /home/capstone/project/test_files/000882.pdf
[5073] 556e5cb5e4e7767 O /home/capstone/project/test_files/000882.pdf.tmp_
[5073] 556e5cb5e4e7767 C /home/capstone/project/test_files/000798.html.README_TO_RESTORE
[5073] 556e5cb5e4e7767 O /home/capstone/project/test_files/000798.html.README_TO_RESTORE
[5073] 556e5cb5e4e7767 O /home/capstone/project/test_files/000606.pdf
[5073] 556e5cb5e4e7767 O /home/capstone/project/test_files/000606.pdf.tmp_
[5073] 556e5cb5e4e7767 O /home/capstone/project/test_files/000211.html
[5073] 556e5cb5e4e7767 O /home/capstone/project/test_files/000048.xls
[5073] 556e5cb5e4e7767 O /home/capstone/project/test_files/000211.html.tmp_
[5073] 556e5cb5e4e7767 O /home/capstone/project/test_files/000048.xls.tmp_
[5073] 556e5cb5e4e7767 C /home/capstone/project/test_files/000910.jpg.README_TO_RESTORE
[5073] 556e5cb5e4e7767 O /home/capstone/project/test_files/000910.jpg.README_TO_RESTORE
[5073] 556e5cb5e4e7767 C /home/capstone/project/test_files/000031.xls.README_TO_RESTORE
[5073] 556e5cb5e4e7767 O /home/capstone/project/test_files/000031.xls.README_TO_RESTORE
[5073] 556e5cb5e4e7767 O /home/capstone/project/test_files/000157.pdf
[5073] 556e5cb5e4e7767 O /home/capstone/project/test_files/000157.pdf.tmp_
[5073] 556e5cb5e4e7767 O /home/capstone/project/test_files/000347.pdf
[5073] 556e5cb5e4e7767 O /home/capstone/project/test_files/000347.pdf.tmp_
[5073] 556e5cb5e4e7767 O /home/capstone/project/test_files/000116.doc
[5073] 556e5cb5e4e7767 O /home/capstone/project/test_files/000116.doc.tmp_
[5073] 556e5cb5e4e7767 C /home/capstone/project/test_files/000011.pdf.README_TO_RESTORE
[5073] 556e5cb5e4e7767 O /home/capstone/project/test_files/000011.pdf.README_TO_RESTORE
[5073] 556e5cb5e4e7767 C /home/capstone/project/test_files/000470.txt.README_TO_RESTORE
[5073] 556e5cb5e4e7767 C /home/capstone/project/test_files/000006.doc.README_TO_RESTORE
[5073] 556e5cb5e4e7767 O /home/capstone/project/test_files/000006.doc.README_TO_RESTORE
[5073] 556e5cb5e4e7767 O /home/capstone/project/test_files/000470.txt.README_TO_RESTORE
[5073] 556e5cb5e4e7767 O /home/capstone/project/test_files/000037.xls
[5073] 556e5cb5e4e7767 O /home/capstone/project/test_files/000896.jpg
[5073] 556e5cb5e4e7767 O /home/capstone/project/test_files/000896.jpg.tmp_
[5073] 556e5cb5e4e7767 O /home/capstone/project/test_files/000037.xls.tmp_
[5073] 556e5cb5e4e7767 C /home/capstone/project/test_files/000020.pdf.README_TO_RESTORE
[5073] 556e5cb5e4e7767 C /home/capstone/project/test_files/000260.doc.README_TO_RESTORE
[5073] 556e5cb5e4e7767 O /home/capstone/project/test_files/000260.doc.README_TO_RESTORE
[5073] 556e5cb5e4e7767 O /home/capstone/project/test_files/000515.jpg
[5073] 556e5cb5e4e7767 O /home/capstone/project/test_files/000515.jpg.tmp_
[5073] 556e5cb5e4e7767 O /home/capstone/project/test_files/000497.xml
[5073] 556e5cb5e4e7767 O /home/capstone/project/test_files/000497.xml.tmp_
[5073] 556e5cb5e4e7767 C /home/capstone/project/test_files/000048.xls.README_TO_RESTORE
[5073] 556e5cb5e4e7767 O /home/capstone/project/test_files/000048.xls.README_TO_RESTORE
[5073] 556e5cb5e4e7767 O /home/capstone/project/test_files/000020.pdf.README_TO_RESTORE
[5073] 556e5cb5e4e7767 O /home/capstone/project/test_files/000143.pdf
[5073] 556e5cb5e4e7767 O /home/capstone/project/test_files/000143.pdf.tmp_
[5073] 556e5cb5e4e7767 C /home/capstone/project/test_files/000882.pdf.README_TO_RESTORE
[5073] 556e5cb5e4e7767 O /home/capstone/project/test_files/000882.pdf.README_TO_RESTORE
[5073] 556e5cb5e4e7767 C /home/capstone/project/test_files/000896.jpg.README_TO_RESTORE
[5073] 556e5cb5e4e7767 O /home/capstone/project/test_files/000896.jpg.README_TO_RESTORE
[5073] 556e5cb5e4e7767 C /home/capstone/project/test_files/000157.pdf.README_TO_RESTORE
[5073] 556e5cb5e4e7767 O /home/capstone/project/test_files/000157.pdf.README_TO_RESTORE
[5073] 556e5cb5e4e7767 C /home/capstone/project/test_files/000606.pdf.README_TO_RESTORE
[5073] 556e5cb5e4e7767 O /home/capstone/project/test_files/000187.pdf
[5073] 556e5cb5e4e7767 O /home/capstone/project/test_files/000187.pdf.tmp_
[5073] 556e5cb5e4e7767 O /home/capstone/project/test_files/000847.txt
[5073] 556e5cb5e4e7767 O /home/capstone/project/test_files/000847.txt.tmp_
[5073] 556e5cb5e4e7767 O /home/capstone/project/test_files/000606.pdf.README_TO_RESTORE
[5073] 556e5cb5e4e7767 C /home/capstone/project/test_files/000347.pdf.README_TO_RESTORE
[5073] 556e5cb5e4e7767 O /home/capstone/project/test_files/000347.pdf.README_TO_RESTORE
[5073] 556e5cb5e4e7767 O /home/capstone/project/test_files/000081.txt
[5073] 556e5cb5e4e7767 O /home/capstone/project/test_files/000081.txt.tmp_
[5073] 556e5cb5e4e7767 O /home/capstone/project/test_files/000846.txt
[5073] 556e5cb5e4e7767 O /home/capstone/project/test_files/000846.txt.tmp_
[5073] 556e5cb5e4e7767 C /home/capstone/project/test_files/000211.html.README_TO_RESTORE
[5073] 556e5cb5e4e7767 O /home/capstone/project/test_files/000211.html.README_TO_RESTORE
[5073] 556e5cb5e4e7767 C /home/capstone/project/test_files/000116.doc.README_TO_RESTORE
[5073] 556e5cb5e4e7767 O /home/capstone/project/test_files/000116.doc.README_TO_RESTORE
[5073] 556e5cb5e4e7767 C /home/capstone/project/test_files/000497.xml.README_TO_RESTORE
[5073] 556e5cb5e4e7767 O /home/capstone/project/test_files/000497.xml.README_TO_RESTORE
[5073] 556e5cb5e4e7767 C /home/capstone/project/test_files/000847.txt.README_TO_RESTORE
[5073] 556e5cb5e4e7767 O /home/capstone/project/test_files/000847.txt.README_TO_RESTORE
[5073] 556e5cb5e4e7767 C /home/capstone/project/test_files/000081.txt.README_TO_RESTORE
[5073] 556e5cb5e4e7767 O /home/capstone/project/test_files/000466.unk
[5073] 556e5cb5e4e7767 O /home/capstone/project/test_files/000466.unk.tmp_
[5073] 556e5cb5e4e7767 O /home/capstone/project/test_files/000963.doc
[5073] 556e5cb5e4e7767 O /home/capstone/project/test_files/000963.doc.tmp_
[5073] 556e5cb5e4e7767 C /home/capstone/project/test_files/000515.jpg.README_TO_RESTORE
[5073] 556e5cb5e4e7767 O /home/capstone/project/test_files/000515.jpg.README_TO_RESTORE
[5073] 556e5cb5e4e7767 O /home/capstone/project/test_files/000081.txt.README_TO_RESTORE
[5073] 556e5cb5e4e7767 O /home/capstone/project/test_files/000145.pdf
[5073] 556e5cb5e4e7767 O /home/capstone/project/test_files/000145.pdf.tmp_
[5073] 556e5cb5e4e7767 O /home/capstone/project/test_files/000151.doc
[5073] 556e5cb5e4e7767 O /home/capstone/project/test_files/000151.doc.tmp_
[5073] 556e5cb5e4e7767 O /home/capstone/project/test_files/000274.doc
[5073] 556e5cb5e4e7767 O /home/capstone/project/test_files/000274.doc.tmp_
[5073] 556e5cb5e4e7767 O /home/capstone/project/test_files/000647.txt
[5073] 556e5cb5e4e7767 O /home/capstone/project/test_files/000647.txt.tmp_
[5073] 556e5cb5e4e7767 O /home/capstone/project/test_files/000772.ps
[5073] 556e5cb5e4e7767 C /home/capstone/project/test_files/000846.txt.README_TO_RESTORE
[5073] 556e5cb5e4e7767 O /home/capstone/project/test_files/000772.ps.tmp_
[5073] 556e5cb5e4e7767 O /home/capstone/project/test_files/000846.txt.README_TO_RESTORE
[5073] 556e5cb5e4e7767 O /home/capstone/project/test_files/000884.jpg
[5073] 556e5cb5e4e7767 O /home/capstone/project/test_files/000884.jpg.tmp_
[5073] 556e5cb5e4e7767 C /home/capstone/project/test_files/000143.pdf.README_TO_RESTORE
[5073] 556e5cb5e4e7767 O /home/capstone/project/test_files/000143.pdf.README_TO_RESTORE
[5073] 556e5cb5e4e7767 O /home/capstone/project/test_files/000761.pdf
[5073] 556e5cb5e4e7767 O /home/capstone/project/test_files/000761.pdf.tmp_
[5073] 556e5cb5e4e7767 C /home/capstone/project/test_files/000274.doc.README_TO_RESTORE
[5073] 556e5cb5e4e7767 O /home/capstone/project/test_files/000274.doc.README_TO_RESTORE
[5073] 556e5cb5e4e7767 C /home/capstone/project/test_files/000187.pdf.README_TO_RESTORE
[5073] 556e5cb5e4e7767 O /home/capstone/project/test_files/000187.pdf.README_TO_RESTORE
[5073] 556e5cb5e4e7767 O /home/capstone/project/test_files/000868.jpg
[5073] 556e5cb5e4e7767 O /home/capstone/project/test_files/000868.jpg.tmp_
[5073] 556e5cb5e4e7767 C /home/capstone/project/test_files/000647.txt.README_TO_RESTORE
[5073] 556e5cb5e4e7767 O /home/capstone/project/test_files/000647.txt.README_TO_RESTORE
[5073] 556e5cb5e4e7767 C /home/capstone/project/test_files/000037.xls.README_TO_RESTORE
[5073] 556e5cb5e4e7767 O /home/capstone/project/test_files/000037.xls.README_TO_RESTORE
[5073] 556e5cb5e4e7767 C /home/capstone/project/test_files/000963.doc.README_TO_RESTORE
[5073] 556e5cb5e4e7767 O /home/capstone/project/test_files/000963.doc.README_TO_RESTORE
[5073] 556e5cb5e4e7767 C /home/capstone/project/test_files/000151.doc.README_TO_RESTORE
[5073] 556e5cb5e4e7767 O /home/capstone/project/test_files/000151.doc.README_TO_RESTORE
[5073] 556e5cb5e4e7767 O /home/capstone/project/test_files/000591.pdf
[5073] 556e5cb5e4e7767 O /home/capstone/project/test_files/000591.pdf.tmp_
[5073] 556e5cb5e4e7767 C /home/capstone/project/test_files/000145.pdf.README_TO_RESTORE
[5073] 556e5cb5e4e7767 O /home/capstone/project/test_files/000145.pdf.README_TO_RESTORE
[5073] 556e5cb5e4e7767 O /home/capstone/project/test_files/000503.txt
[5073] 556e5cb5e4e7767 O /home/capstone/project/test_files/000503.txt.tmp_
[5073] 556e5cb5e4e7767 O /home/capstone/project/test_files/000562.pdf
[5073] 556e5cb5e4e7767 O /home/capstone/project/test_files/000562.pdf.tmp_
[5073] 556e5cb5e4e7767 C /home/capstone/project/test_files/000772.ps.README_TO_RESTORE
[5073] 556e5cb5e4e7767 O /home/capstone/project/test_files/000772.ps.README_TO_RESTORE
[5073] 556e5cb5e4e7767 O /home/capstone/project/test_files/000614.jpg
[5073] 556e5cb5e4e7767 O /home/capstone/project/test_files/000614.jpg.tmp_
[5073] 556e5cb5e4e7767 C /home/capstone/project/test_files/000466.unk.README_TO_RESTORE
[5073] 556e5cb5e4e7767 O /home/capstone/project/test_files/000466.unk.README_TO_RESTORE
[5073] 556e5cb5e4e7767 C /home/capstone/project/test_files/000868.jpg.README_TO_RESTORE
[5073] 556e5cb5e4e7767 O /home/capstone/project/test_files/000868.jpg.README_TO_RESTORE
[5073] 556e5cb5e4e7767 O /home/capstone/project/test_files/000921.txt
[5073] 556e5cb5e4e7767 O /home/capstone/project/test_files/000921.txt.tmp_
[5073] 556e5cb5e4e7767 C /home/capstone/project/test_files/000591.pdf.README_TO_RESTORE
[5073] 556e5cb5e4e7767 O /home/capstone/project/test_files/000591.pdf.README_TO_RESTORE
[5073] 556e5cb5e4e7767 C /home/capstone/project/test_files/000884.jpg.README_TO_RESTORE
[5073] 556e5cb5e4e7767 O /home/capstone/project/test_files/000884.jpg.README_TO_RESTORE
[5073] 556e5cb5e4e7767 C /home/capstone/project/test_files/000761.pdf.README_TO_RESTORE
[5073] 556e5cb5e4e7767 O /home/capstone/project/test_files/000761.pdf.README_TO_RESTORE
[5073] 556e5cb5e4e7767 C /home/capstone/project/test_files/000503.txt.README_TO_RESTORE
[5073] 556e5cb5e4e7767 O /home/capstone/project/test_files/000503.txt.README_TO_RESTORE
[5073] 556e5cb5e4e7767 C /home/capstone/project/test_files/000614.jpg.README_TO_RESTORE
[5073] 556e5cb5e4e7767 O /home/capstone/project/test_files/000614.jpg.README_TO_RESTORE
[5073] 556e5cb5e4e7767 C /home/capstone/project/test_files/000562.pdf.README_TO_RESTORE
[5073] 556e5cb5e4e7767 O /home/capstone/project/test_files/000562.pdf.README_TO_RESTORE
[5073] 556e5cb5e4e7767 C /home/capstone/project/test_files/000921.txt.README_TO_RESTORE
[5073] 556e5cb5e4e7767 O /home/capstone/project/test_files/000921.txt.README_TO_RESTORE
[1259] systemd-logind D /run/systemd/sessions/18.ref
[1] systemd D /run/systemd/units/invocation:session-18.scope
[1] systemd D /run/systemd/transient/session-18.scope
[1259] systemd-logind D /run/systemd/sessions/18
[2947] gvfsd-metadata C /home/capstone/.local/share/gvfs-metadata/home.XO12L3
[2947] gvfsd-metadata C /home/capstone/.local/share/gvfs-metadata/home-3ec330a6.log.ZN22L3
[2947] gvfsd-metadata O /home/capstone/.local/share/gvfs-metadata/home
[2947] gvfsd-metadata O /home/capstone/.local/share/gvfs-metadata
[2947] gvfsd-metadata D /home/capstone/.local/share/gvfs-metadata/home-99b9ab4e.log
[2947] gvfsd-metadata O /home/capstone/.local/share/gvfs-metadata/home
[2947] gvfsd-metadata O /home/capstone/.local/share/gvfs-metadata/home-3ec330a6.log
[4845] cupsd D /etc/cups/subscriptions.conf.O
[6071] sshd O /home/capstone/.ssh/authorized_keys
[6071] sshd O /home/capstone/.ssh/authorized_keys
[6115] bash O /home/capstone/.bashrc
[6115] sudo C /home/capstone/.sudo_as_admin_successful
[1259] systemd-logind D /run/systemd/sessions/19.ref
[1] systemd D /run/systemd/units/invocation:session-19.scope
[1] systemd D /run/systemd/transient/session-19.scope
[1259] systemd-logind D /run/systemd/sessions/19
[6126] sshd O /home/capstone/.ssh/authorized_keys
[6126] sshd O /home/capstone/.ssh/authorized_keys
[6173] bash O /home/capstone/.bashrc
[6173] sudo C /home/capstone/.sudo_as_admin_successful
