9596  openat(AT_FDCWD, "/home/capstone/project/test_files", O_RDONLY|O_NONBLOCK|O_LARGEFILE|O_CLOEXEC|O_DIRECTORY) = 4
9596  openat(AT_FDCWD, "/home/capstone/project/test_files/000615.html", O_RDWR|O_LARGEFILE|O_CLOEXEC) = 4
9596  openat(AT_FDCWD, "/home/capstone/project/test_files/000418.html", O_RDWR|O_LARGEFILE|O_CLOEXEC) = 4
9587  openat(AT_FDCWD, "/home/capstone/project/test_files/000615.html", O_RDWR|O_LARGEFILE|O_CLOEXEC <unfinished ...>
9596  openat(AT_FDCWD, "/home/capstone/project/test_files/000440.html", O_RDWR|O_LARGEFILE|O_CLOEXEC) = 4
9588  openat(AT_FDCWD, "/home/capstone/project/test_files/000418.html", O_RDWR|O_LARGEFILE|O_CLOEXEC <unfinished ...>
9596  openat(AT_FDCWD, "/home/capstone/project/test_files/000533.doc", O_RDWR|O_LARGEFILE|O_CLOEXEC <unfinished ...>
9596  openat(AT_FDCWD, "/home/capstone/project/test_files/000517.gif", O_RDWR|O_LARGEFILE|O_CLOEXEC <unfinished ...>
9596  openat(AT_FDCWD, "/home/capstone/project/test_files/000163.pdf", O_RDWR|O_LARGEFILE|O_CLOEXEC) = 6
9596  openat(AT_FDCWD, "/home/capstone/project/test_files/000574.pdf", O_RDWR|O_LARGEFILE|O_CLOEXEC) = 6
9587  openat(AT_FDCWD, "/home/capstone/project/test_files/000440.html", O_RDWR|O_LARGEFILE|O_CLOEXEC <unfinished ...>
9596  openat(AT_FDCWD, "/home/capstone/project/test_files/000509.jpg", O_RDWR|O_LARGEFILE|O_CLOEXEC <unfinished ...>
9596  openat(AT_FDCWD, "/home/capstone/project/test_files/000231.jpg", O_RDWR|O_LARGEFILE|O_CLOEXEC <unfinished ...>
9589  openat(AT_FDCWD, "/home/capstone/project/test_files/RECOVER-dkrpx75-FILES.txt", O_WRONLY|O_CREAT|O_TRUNC|O_LARGEFILE|O_CLOEXEC, 0666 <unfinished ...>
9588  openat(AT_FDCWD, "/home/capstone/project/test_files/000533.doc", O_RDWR|O_LARGEFILE|O_CLOEXEC) = 8
9596  openat(AT_FDCWD, "/home/capstone/project/test_files/000098.txt", O_RDWR|O_LARGEFILE|O_CLOEXEC) = 7
9596  openat(AT_FDCWD, "/home/capstone/project/test_files/000986.ppt", O_RDWR|O_LARGEFILE|O_CLOEXEC <unfinished ...>
9587  openat(AT_FDCWD, "/home/capstone/project/test_files/000517.gif", O_RDWR|O_LARGEFILE|O_CLOEXEC <unfinished ...>
9591  rename("/home/capstone/project/test_files/000418.html", "/home/capstone/project/test_files/000418.html.dkrpx75" <unfinished ...>
9596  openat(AT_FDCWD, "/home/capstone/project/test_files/000255.doc", O_RDWR|O_LARGEFILE|O_CLOEXEC) = 7
9588  openat(AT_FDCWD, "/home/capstone/project/test_files/000163.pdf", O_RDWR|O_LARGEFILE|O_CLOEXEC <unfinished ...>
9596  openat(AT_FDCWD, "/home/capstone/project/test_files/000716.ppt", O_RDWR|O_LARGEFILE|O_CLOEXEC) = 9
9591  openat(AT_FDCWD, "/home/capstone/project/test_files/000418.html.dkrpx75", O_RDWR|O_LARGEFILE|O_CLOEXEC) = 11
9589  rename("/home/capstone/project/test_files/000615.html", "/home/capstone/project/test_files/000615.html.dkrpx75" <unfinished ...>
9596  openat(AT_FDCWD, "/home/capstone/project/test_files/000174.ppt", O_RDWR|O_LARGEFILE|O_CLOEXEC <unfinished ...>
9587  openat(AT_FDCWD, "/home/capstone/project/test_files/000574.pdf", O_RDWR|O_LARGEFILE|O_CLOEXEC <unfinished ...>
9596  openat(AT_FDCWD, "/home/capstone/project/test_files/000355.pdf", O_RDWR|O_LARGEFILE|O_CLOEXEC) = 4
9589  openat(AT_FDCWD, "/home/capstone/project/test_files/000615.html.dkrpx75", O_RDWR|O_LARGEFILE|O_CLOEXEC <unfinished ...>
9596  openat(AT_FDCWD, "/home/capstone/project/test_files/000379.pdf", O_RDWR|O_LARGEFILE|O_CLOEXEC <unfinished ...>
9588  openat(AT_FDCWD, "/home/capstone/project/test_files/000509.jpg", O_RDWR|O_LARGEFILE|O_CLOEXEC <unfinished ...>
9596  openat(AT_FDCWD, "/home/capstone/project/test_files/000084.txt", O_RDWR|O_LARGEFILE|O_CLOEXEC) = 4
9587  openat(AT_FDCWD, "/home/capstone/project/test_files/000231.jpg", O_RDWR|O_LARGEFILE|O_CLOEXEC <unfinished ...>
9596  openat(AT_FDCWD, "/home/capstone/project/test_files/000272.pdf", O_RDWR|O_LARGEFILE|O_CLOEXEC) = 4
9596  openat(AT_FDCWD, "/home/capstone/project/test_files/000638.html", O_RDWR|O_LARGEFILE|O_CLOEXEC) = 4
9588  openat(AT_FDCWD, "/home/capstone/project/test_files/000098.txt", O_RDWR|O_LARGEFILE|O_CLOEXEC) = 14
9596  openat(AT_FDCWD, "/home/capstone/project/test_files/000881.jpg", O_RDWR|O_LARGEFILE|O_CLOEXEC) = 4
9596  openat(AT_FDCWD, "/home/capstone/project/test_files/000786.gz", O_RDWR|O_LARGEFILE|O_CLOEXEC) = 4
9588  openat(AT_FDCWD, "/home/capstone/project/test_files/000986.ppt", O_RDWR|O_LARGEFILE|O_CLOEXEC <unfinished ...>
9587  openat(AT_FDCWD, "/home/capstone/project/test_files/000255.doc", O_RDWR|O_LARGEFILE|O_CLOEXEC <unfinished ...>
9596  openat(AT_FDCWD, "/home/capstone/project/test_files/000567.pdf", O_RDWR|O_LARGEFILE|O_CLOEXEC) = 4
9596  openat(AT_FDCWD, "/home/capstone/project/test_files/000802.doc", O_RDWR|O_LARGEFILE|O_CLOEXEC) = 4
9587  openat(AT_FDCWD, "/home/capstone/project/test_files/000716.ppt", O_RDWR|O_LARGEFILE|O_CLOEXEC <unfinished ...>
9588  openat(AT_FDCWD, "/home/capstone/project/test_files/000174.ppt", O_RDWR|O_LARGEFILE|O_CLOEXEC <unfinished ...>
9596  openat(AT_FDCWD, "/home/capstone/project/test_files/000155.pdf", O_RDWR|O_LARGEFILE|O_CLOEXEC <unfinished ...>
9591  openat(AT_FDCWD, "/home/capstone/project/test_files/checkpoints-000418.html.dkrpx75", O_RDWR|O_CREAT|O_TRUNC|O_LARGEFILE|O_CLOEXEC, 0666 <unfinished ...>
9596  openat(AT_FDCWD, "/home/capstone/project/test_files/000939.txt", O_RDWR|O_LARGEFILE|O_CLOEXEC) = 18
9589  openat(AT_FDCWD, "/home/capstone/project/test_files/checkpoints-000615.html.dkrpx75", O_RDWR|O_CREAT|O_TRUNC|O_LARGEFILE|O_CLOEXEC, 0666 <unfinished ...>
9588  openat(AT_FDCWD, "/home/capstone/project/test_files/000355.pdf", O_RDWR|O_LARGEFILE|O_CLOEXEC <unfinished ...>
9596  openat(AT_FDCWD, "/home/capstone/project/test_files/000204.html", O_RDWR|O_LARGEFILE|O_CLOEXEC) = 18
9587  openat(AT_FDCWD, "/home/capstone/project/test_files/000379.pdf", O_RDWR|O_LARGEFILE|O_CLOEXEC <unfinished ...>
9596  openat(AT_FDCWD, "/home/capstone/project/test_files/000588.pdf", O_RDWR|O_LARGEFILE|O_CLOEXEC <unfinished ...>
9596  openat(AT_FDCWD, "/home/capstone/project/test_files/000825.pdf", O_RDWR|O_LARGEFILE|O_CLOEXEC) = 22
9588  openat(AT_FDCWD, "/home/capstone/project/test_files/000084.txt", O_RDWR|O_LARGEFILE|O_CLOEXEC) = 23
9596  openat(AT_FDCWD, "/home/capstone/project/test_files/000189.pdf", O_RDWR|O_LARGEFILE|O_CLOEXEC) = 22
9596  openat(AT_FDCWD, "/home/capstone/project/test_files/000962.jpg", O_RDWR|O_LARGEFILE|O_CLOEXEC) = 22
9596  openat(AT_FDCWD, "/home/capstone/project/test_files/000156.doc", O_RDWR|O_LARGEFILE|O_CLOEXEC) = 22
9596  openat(AT_FDCWD, "/home/capstone/project/test_files/000138.html", O_RDWR|O_LARGEFILE|O_CLOEXEC) = 22
9587  openat(AT_FDCWD, "/home/capstone/project/test_files/000272.pdf", O_RDWR|O_LARGEFILE|O_CLOEXEC <unfinished ...>
9596  openat(AT_FDCWD, "/home/capstone/project/test_files/000729.ppt", O_RDWR|O_LARGEFILE|O_CLOEXEC) = 22
9596  openat(AT_FDCWD, "/home/capstone/project/test_files/000746.pdf", O_RDWR|O_LARGEFILE|O_CLOEXEC) = 22
9596  openat(AT_FDCWD, "/home/capstone/project/test_files/000437.jpg", O_RDWR|O_LARGEFILE|O_CLOEXEC) = 24
9596  openat(AT_FDCWD, "/home/capstone/project/test_files/000286.doc", O_RDWR|O_LARGEFILE|O_CLOEXEC) = 24
9588  openat(AT_FDCWD, "/home/capstone/project/test_files/000638.html", O_RDWR|O_LARGEFILE|O_CLOEXEC <unfinished ...>
9587  openat(AT_FDCWD, "/home/capstone/project/test_files/000881.jpg", O_RDWR|O_LARGEFILE|O_CLOEXEC <unfinished ...>
9596  openat(AT_FDCWD, "/home/capstone/project/test_files/000180.html", O_RDWR|O_LARGEFILE|O_CLOEXEC <unfinished ...>
9596  openat(AT_FDCWD, "/home/capstone/project/test_files/000131.doc", O_RDWR|O_LARGEFILE|O_CLOEXEC <unfinished ...>
9588  openat(AT_FDCWD, "/home/capstone/project/test_files/000567.pdf", O_RDWR|O_LARGEFILE|O_CLOEXEC <unfinished ...>
9587  openat(AT_FDCWD, "/home/capstone/project/test_files/000786.gz", O_RDWR|O_LARGEFILE|O_CLOEXEC) = 27
9596  openat(AT_FDCWD, "/home/capstone/project/test_files/000556.txt", O_RDWR|O_LARGEFILE|O_CLOEXEC) = 24
9596  openat(AT_FDCWD, "/home/capstone/project/test_files/000372.pdf", O_RDWR|O_LARGEFILE|O_CLOEXEC) = 24
9596  openat(AT_FDCWD, "/home/capstone/project/test_files/000513.jpg", O_RDWR|O_LARGEFILE|O_CLOEXEC) = 24
9587  openat(AT_FDCWD, "/home/capstone/project/test_files/000802.doc", O_RDWR|O_LARGEFILE|O_CLOEXEC <unfinished ...>
9596  openat(AT_FDCWD, "/home/capstone/project/test_files/000188.html", O_RDWR|O_LARGEFILE|O_CLOEXEC) = 24
9596  openat(AT_FDCWD, "/home/capstone/project/test_files/000366.pdf", O_RDWR|O_LARGEFILE|O_CLOEXEC) = 24
9588  openat(AT_FDCWD, "/home/capstone/project/test_files/000155.pdf", O_RDWR|O_LARGEFILE|O_CLOEXEC <unfinished ...>
9591  rename("/home/capstone/project/test_files/000533.doc", "/home/capstone/project/test_files/000533.doc.dkrpx75" <unfinished ...>
9589  rename("/home/capstone/project/test_files/000440.html", "/home/capstone/project/test_files/000440.html.dkrpx75" <unfinished ...>
9596  openat(AT_FDCWD, "/home/capstone/project/test_files/000590.pdf", O_RDWR|O_LARGEFILE|O_CLOEXEC <unfinished ...>
9591  openat(AT_FDCWD, "/home/capstone/project/test_files/000533.doc.dkrpx75", O_RDWR|O_LARGEFILE|O_CLOEXEC <unfinished ...>
9589  openat(AT_FDCWD, "/home/capstone/project/test_files/000440.html.dkrpx75", O_RDWR|O_LARGEFILE|O_CLOEXEC <unfinished ...>
9596  openat(AT_FDCWD, "/home/capstone/project/test_files/000890.jpg", O_RDWR|O_LARGEFILE|O_CLOEXEC) = 30
9596  openat(AT_FDCWD, "/home/capstone/project/test_files/000507.jpg", O_RDWR|O_LARGEFILE|O_CLOEXEC) = 8
9587  openat(AT_FDCWD, "/home/capstone/project/test_files/000939.txt", O_RDWR|O_LARGEFILE|O_CLOEXEC <unfinished ...>
9588  openat(AT_FDCWD, "/home/capstone/project/test_files/000204.html", O_RDWR|O_LARGEFILE|O_CLOEXEC <unfinished ...>
9596  openat(AT_FDCWD, "/home/capstone/project/test_files/000549.jpg", O_RDWR|O_LARGEFILE|O_CLOEXEC <unfinished ...>
9596  openat(AT_FDCWD, "/home/capstone/project/test_files/000050.xls", O_RDWR|O_LARGEFILE|O_CLOEXEC) = 30
9596  openat(AT_FDCWD, "/home/capstone/project/test_files/000927.txt", O_RDWR|O_LARGEFILE|O_CLOEXEC) = 30
9587  openat(AT_FDCWD, "/home/capstone/project/test_files/000588.pdf", O_RDWR|O_LARGEFILE|O_CLOEXEC <unfinished ...>
9596  openat(AT_FDCWD, "/home/capstone/project/test_files/000937.txt", O_RDWR|O_LARGEFILE|O_CLOEXEC) = 30
9588  openat(AT_FDCWD, "/home/capstone/project/test_files/000825.pdf", O_RDWR|O_LARGEFILE|O_CLOEXEC <unfinished ...>
9596  openat(AT_FDCWD, "/home/capstone/project/test_files/000485.txt", O_RDWR|O_LARGEFILE|O_CLOEXEC) = 30
9596  openat(AT_FDCWD, "/home/capstone/project/test_files/000664.txt", O_RDWR|O_LARGEFILE|O_CLOEXEC <unfinished ...>
9587  openat(AT_FDCWD, "/home/capstone/project/test_files/000189.pdf", O_RDWR|O_LARGEFILE|O_CLOEXEC <unfinished ...>
9596  openat(AT_FDCWD, "/home/capstone/project/test_files/000908.jpg", O_RDWR|O_LARGEFILE|O_CLOEXEC <unfinished ...>
9588  openat(AT_FDCWD, "/home/capstone/project/test_files/000962.jpg", O_RDWR|O_LARGEFILE|O_CLOEXEC <unfinished ...>
9596  openat(AT_FDCWD, "/home/capstone/project/test_files/000752.pdf", O_RDWR|O_LARGEFILE|O_CLOEXEC) = 30
9596  openat(AT_FDCWD, "/home/capstone/project/test_files/000819.html", O_RDWR|O_LARGEFILE|O_CLOEXEC) = 30
9591  openat(AT_FDCWD, "/home/capstone/project/test_files/checkpoints-000533.doc.dkrpx75", O_RDWR|O_CREAT|O_TRUNC|O_LARGEFILE|O_CLOEXEC, 0666 <unfinished ...>
9587  openat(AT_FDCWD, "/home/capstone/project/test_files/000156.doc", O_RDWR|O_LARGEFILE|O_CLOEXEC <unfinished ...>
9596  openat(AT_FDCWD, "/home/capstone/project/test_files/000345.pdf", O_RDWR|O_LARGEFILE|O_CLOEXEC) = 38
9589  openat(AT_FDCWD, "/home/capstone/project/test_files/checkpoints-000440.html.dkrpx75", O_RDWR|O_CREAT|O_TRUNC|O_LARGEFILE|O_CLOEXEC, 0666 <unfinished ...>
9596  openat(AT_FDCWD, "/home/capstone/project/test_files/000090.txt", O_RDWR|O_LARGEFILE|O_CLOEXEC) = 38
9588  openat(AT_FDCWD, "/home/capstone/project/test_files/000138.html", O_RDWR|O_LARGEFILE|O_CLOEXEC <unfinished ...>
9596  openat(AT_FDCWD, "/home/capstone/project/test_files/000265.doc", O_RDWR|O_LARGEFILE|O_CLOEXEC <unfinished ...>
9587  openat(AT_FDCWD, "/home/capstone/project/test_files/000729.ppt", O_RDWR|O_LARGEFILE|O_CLOEXEC <unfinished ...>
9596  openat(AT_FDCWD, "/home/capstone/project/test_files/000843.pdf", O_RDWR|O_LARGEFILE|O_CLOEXEC) = 41
9596  openat(AT_FDCWD, "/home/capstone/project/test_files/000033.xls", O_RDWR|O_LARGEFILE|O_CLOEXEC) = 41
9596  openat(AT_FDCWD, "/home/capstone/project/test_files/000585.pdf", O_RDWR|O_LARGEFILE|O_CLOEXEC) = 41
9596  openat(AT_FDCWD, "/home/capstone/project/test_files/000468.txt", O_RDWR|O_LARGEFILE|O_CLOEXEC) = 41
9596  openat(AT_FDCWD, "/home/capstone/project/test_files/000012.pdf", O_RDWR|O_LARGEFILE|O_CLOEXEC) = 41
9596  openat(AT_FDCWD, "/home/capstone/project/test_files/000483.txt", O_RDWR|O_LARGEFILE|O_CLOEXEC) = 41
9596  openat(AT_FDCWD, "/home/capstone/project/test_files/000595.pdf", O_RDWR|O_LARGEFILE|O_CLOEXEC <unfinished ...>
9588  openat(AT_FDCWD, "/home/capstone/project/test_files/000746.pdf", O_RDWR|O_LARGEFILE|O_CLOEXEC <unfinished ...>
9596  openat(AT_FDCWD, "/home/capstone/project/test_files/000766.ps", O_RDWR|O_LARGEFILE|O_CLOEXEC) = 41
9596  openat(AT_FDCWD, "/home/capstone/project/test_files/000422.html", O_RDWR|O_LARGEFILE|O_CLOEXEC) = 41
9596  openat(AT_FDCWD, "/home/capstone/project/test_files/000362.pdf", O_RDWR|O_LARGEFILE|O_CLOEXEC) = 41
9587  openat(AT_FDCWD, "/home/capstone/project/test_files/000437.jpg", O_RDWR|O_LARGEFILE|O_CLOEXEC <unfinished ...>
9596  openat(AT_FDCWD, "/home/capstone/project/test_files/000129.html", O_RDWR|O_LARGEFILE|O_CLOEXEC) = 41
9596  openat(AT_FDCWD, "/home/capstone/project/test_files/000872.jpg", O_RDWR|O_LARGEFILE|O_CLOEXEC) = 41
9596  openat(AT_FDCWD, "/home/capstone/project/test_files/000961.doc", O_RDWR|O_LARGEFILE|O_CLOEXEC) = 41
9596  openat(AT_FDCWD, "/home/capstone/project/test_files/000943.pdf", O_RDWR|O_LARGEFILE|O_CLOEXEC) = 41
9596  openat(AT_FDCWD, "/home/capstone/project/test_files/000469.jpg", O_RDWR|O_LARGEFILE|O_CLOEXEC) = 41
9596  openat(AT_FDCWD, "/home/capstone/project/test_files/000913.doc", O_RDWR|O_LARGEFILE|O_CLOEXEC) = 41
9596  openat(AT_FDCWD, "/home/capstone/project/test_files/000926.txt", O_RDWR|O_LARGEFILE|O_CLOEXEC) = 43
9596  openat(AT_FDCWD, "/home/capstone/project/test_files/000677.doc", O_RDWR|O_LARGEFILE|O_CLOEXEC) = 43
9596  openat(AT_FDCWD, "/home/capstone/project/test_files/000171.xls", O_RDWR|O_LARGEFILE|O_CLOEXEC) = 43
9596  openat(AT_FDCWD, "/home/capstone/project/test_files/000492.txt", O_RDWR|O_LARGEFILE|O_CLOEXEC) = 43
9588  openat(AT_FDCWD, "/home/capstone/project/test_files/000286.doc", O_RDWR|O_LARGEFILE|O_CLOEXEC <unfinished ...>
9596  openat(AT_FDCWD, "/home/capstone/project/test_files/000745.pdf", O_RDWR|O_LARGEFILE|O_CLOEXEC) = 43
9587  openat(AT_FDCWD, "/home/capstone/project/test_files/000180.html", O_RDWR|O_LARGEFILE|O_CLOEXEC <unfinished ...>
9596  openat(AT_FDCWD, "/home/capstone/project/test_files/000134.ppt", O_RDWR|O_LARGEFILE|O_CLOEXEC) = 43
9596  openat(AT_FDCWD, "/home/capstone/project/test_files/000414.html", O_RDWR|O_LARGEFILE|O_CLOEXEC <unfinished ...>
9588  openat(AT_FDCWD, "/home/capstone/project/test_files/000131.doc", O_RDWR|O_LARGEFILE|O_CLOEXEC <unfinished ...>
9587  openat(AT_FDCWD, "/home/capstone/project/test_files/000556.txt", O_RDWR|O_LARGEFILE|O_CLOEXEC <unfinished ...>
9596  openat(AT_FDCWD, "/home/capstone/project/test_files/000603.jpg", O_RDWR|O_LARGEFILE|O_CLOEXEC) = 43
9596  openat(AT_FDCWD, "/home/capstone/project/test_files/000267.doc", O_RDWR|O_LARGEFILE|O_CLOEXEC) = 43
9590  unlink("/home/capstone/project/test_files/checkpoints-000418.html.dkrpx75" <unfinished ...>
9588  openat(AT_FDCWD, "/home/capstone/project/test_files/000372.pdf", O_RDWR|O_LARGEFILE|O_CLOEXEC <unfinished ...>
9596  openat(AT_FDCWD, "/home/capstone/project/test_files/000657.txt", O_RDWR|O_LARGEFILE|O_CLOEXEC) = 43
9596  openat(AT_FDCWD, "/home/capstone/project/test_files/000899.pdf", O_RDWR|O_LARGEFILE|O_CLOEXEC) = 43
9591  rename("/home/capstone/project/test_files/000163.pdf", "/home/capstone/project/test_files/000163.pdf.dkrpx75" <unfinished ...>
9596  openat(AT_FDCWD, "/home/capstone/project/test_files/000399.xls", O_RDWR|O_LARGEFILE|O_CLOEXEC) = 19
9589  rename("/home/capstone/project/test_files/000517.gif", "/home/capstone/project/test_files/000517.gif.dkrpx75" <unfinished ...>
9596  openat(AT_FDCWD, "/home/capstone/project/test_files/000063.html", O_RDWR|O_LARGEFILE|O_CLOEXEC) = 19
9592  unlink("/home/capstone/project/test_files/checkpoints-000615.html.dkrpx75" <unfinished ...>
9596  openat(AT_FDCWD, "/home/capstone/project/test_files/000052.xls", O_RDWR|O_LARGEFILE|O_CLOEXEC) = 19
9596  openat(AT_FDCWD, "/home/capstone/project/test_files/000190.html", O_RDWR|O_LARGEFILE|O_CLOEXEC) = 19
9588  openat(AT_FDCWD, "/home/capstone/project/test_files/000513.jpg", O_RDWR|O_LARGEFILE|O_CLOEXEC <unfinished ...>
9591  openat(AT_FDCWD, "/home/capstone/project/test_files/000163.pdf.dkrpx75", O_RDWR|O_LARGEFILE|O_CLOEXEC <unfinished ...>
9587  openat(AT_FDCWD, "/home/capstone/project/test_files/000188.html", O_RDWR|O_LARGEFILE|O_CLOEXEC <unfinished ...>
9596  openat(AT_FDCWD, "/home/capstone/project/test_files/000518.ppt", O_RDWR|O_LARGEFILE|O_CLOEXEC) = 19
9589  openat(AT_FDCWD, "/home/capstone/project/test_files/000517.gif.dkrpx75", O_RDWR|O_LARGEFILE|O_CLOEXEC <unfinished ...>
9596  openat(AT_FDCWD, "/home/capstone/project/test_files/000339.pdf", O_RDWR|O_LARGEFILE|O_CLOEXEC <unfinished ...>
9596  openat(AT_FDCWD, "/home/capstone/project/test_files/000526.gif", O_RDWR|O_LARGEFILE|O_CLOEXEC) = 19
9588  openat(AT_FDCWD, "/home/capstone/project/test_files/000366.pdf", O_RDWR|O_LARGEFILE|O_CLOEXEC <unfinished ...>
9596  openat(AT_FDCWD, "/home/capstone/project/test_files/000369.pdf", O_RDWR|O_LARGEFILE|O_CLOEXEC) = 19
9587  openat(AT_FDCWD, "/home/capstone/project/test_files/000590.pdf", O_RDWR|O_LARGEFILE|O_CLOEXEC <unfinished ...>
9596  openat(AT_FDCWD, "/home/capstone/project/test_files/000479.txt", O_RDWR|O_LARGEFILE|O_CLOEXEC <unfinished ...>
9596  openat(AT_FDCWD, "/home/capstone/project/test_files/000478.txt", O_RDWR|O_LARGEFILE|O_CLOEXEC) = 50
9588  openat(AT_FDCWD, "/home/capstone/project/test_files/000890.jpg", O_RDWR|O_LARGEFILE|O_CLOEXEC) = 51
9596  openat(AT_FDCWD, "/home/capstone/project/test_files/000862.txt", O_RDWR|O_LARGEFILE|O_CLOEXEC) = 50
9596  openat(AT_FDCWD, "/home/capstone/project/test_files/000813.pdf", O_RDWR|O_LARGEFILE|O_CLOEXEC) = 50
9587  openat(AT_FDCWD, "/home/capstone/project/test_files/000507.jpg", O_RDWR|O_LARGEFILE|O_CLOEXEC <unfinished ...>
9596  openat(AT_FDCWD, "/home/capstone/project/test_files/000800.html", O_RDWR|O_LARGEFILE|O_CLOEXEC) = 50
9588  openat(AT_FDCWD, "/home/capstone/project/test_files/000549.jpg", O_RDWR|O_LARGEFILE|O_CLOEXEC <unfinished ...>
9596  openat(AT_FDCWD, "/home/capstone/project/test_files/000246.jpg", O_RDWR|O_LARGEFILE|O_CLOEXEC) = 50
9587  openat(AT_FDCWD, "/home/capstone/project/test_files/000050.xls", O_RDWR|O_LARGEFILE|O_CLOEXEC <unfinished ...>
9596  openat(AT_FDCWD, "/home/capstone/project/test_files/000693.doc", O_RDWR|O_LARGEFILE|O_CLOEXEC) = 50
9588  openat(AT_FDCWD, "/home/capstone/project/test_files/000927.txt", O_RDWR|O_LARGEFILE|O_CLOEXEC <unfinished ...>
9596  openat(AT_FDCWD, "/home/capstone/project/test_files/000089.txt", O_RDWR|O_LARGEFILE|O_CLOEXEC) = 50
9591  openat(AT_FDCWD, "/home/capstone/project/test_files/checkpoints-000163.pdf.dkrpx75", O_RDWR|O_CREAT|O_TRUNC|O_LARGEFILE|O_CLOEXEC, 0666 <unfinished ...>
9587  openat(AT_FDCWD, "/home/capstone/project/test_files/000937.txt", O_RDWR|O_LARGEFILE|O_CLOEXEC <unfinished ...>
9589  openat(AT_FDCWD, "/home/capstone/project/test_files/checkpoints-000517.gif.dkrpx75", O_RDWR|O_CREAT|O_TRUNC|O_LARGEFILE|O_CLOEXEC, 0666 <unfinished ...>
9596  openat(AT_FDCWD, "/home/capstone/project/test_files/000074.html", O_RDWR|O_LARGEFILE|O_CLOEXEC) = 50
9588  openat(AT_FDCWD, "/home/capstone/project/test_files/000485.txt", O_RDWR|O_LARGEFILE|O_CLOEXEC <unfinished ...>
9596  openat(AT_FDCWD, "/home/capstone/project/test_files/000535.jpg", O_RDWR|O_LARGEFILE|O_CLOEXEC) = 50
9596  openat(AT_FDCWD, "/home/capstone/project/test_files/000781.xls", O_RDWR|O_LARGEFILE|O_CLOEXEC <unfinished ...>
9587  openat(AT_FDCWD, "/home/capstone/project/test_files/000664.txt", O_RDWR|O_LARGEFILE|O_CLOEXEC <unfinished ...>
9596  openat(AT_FDCWD, "/home/capstone/project/test_files/000436.html", O_RDWR|O_LARGEFILE|O_CLOEXEC) = 50
9596  openat(AT_FDCWD, "/home/capstone/project/test_files/000164.pdf", O_RDWR|O_LARGEFILE|O_CLOEXEC) = 50
9596  openat(AT_FDCWD, "/home/capstone/project/test_files/000173.html", O_RDWR|O_LARGEFILE|O_CLOEXEC) = 50
9596  openat(AT_FDCWD, "/home/capstone/project/test_files/000711.ppt", O_RDWR|O_LARGEFILE|O_CLOEXEC) = 50
9596  openat(AT_FDCWD, "/home/capstone/project/test_files/000239.jpg", O_RDWR|O_LARGEFILE|O_CLOEXEC <unfinished ...>
9596  openat(AT_FDCWD, "/home/capstone/project/test_files/000003.doc", O_RDWR|O_LARGEFILE|O_CLOEXEC) = 50
9596  openat(AT_FDCWD, "/home/capstone/project/test_files/000594.pdf", O_RDWR|O_LARGEFILE|O_CLOEXEC) = 50
9587  openat(AT_FDCWD, "/home/capstone/project/test_files/000908.jpg", O_RDWR|O_LARGEFILE|O_CLOEXEC <unfinished ...>
9588  openat(AT_FDCWD, "/home/capstone/project/test_files/000752.pdf", O_RDWR|O_LARGEFILE|O_CLOEXEC <unfinished ...>
9596  openat(AT_FDCWD, "/home/capstone/project/test_files/000416.html", O_RDWR|O_LARGEFILE|O_CLOEXEC) = 62
9596  openat(AT_FDCWD, "/home/capstone/project/test_files/000730.ps", O_RDWR|O_LARGEFILE|O_CLOEXEC) = 62
9596  openat(AT_FDCWD, "/home/capstone/project/test_files/000812.html", O_RDWR|O_LARGEFILE|O_CLOEXEC) = 62
9596  openat(AT_FDCWD, "/home/capstone/project/test_files/000030.xls", O_RDWR|O_LARGEFILE|O_CLOEXEC) = 62
9596  openat(AT_FDCWD, "/home/capstone/project/test_files/000292.ppt", O_RDWR|O_LARGEFILE|O_CLOEXEC <unfinished ...>
9587  openat(AT_FDCWD, "/home/capstone/project/test_files/000819.html", O_RDWR|O_LARGEFILE|O_CLOEXEC <unfinished ...>
9588  openat(AT_FDCWD, "/home/capstone/project/test_files/000345.pdf", O_RDWR|O_LARGEFILE|O_CLOEXEC <unfinished ...>
9590  unlink("/home/capstone/project/test_files/checkpoints-000440.html.dkrpx75" <unfinished ...>
9596  openat(AT_FDCWD, "/home/capstone/project/test_files/000358.pdf", O_RDWR|O_LARGEFILE|O_CLOEXEC) = 62
9587  openat(AT_FDCWD, "/home/capstone/project/test_files/000090.txt", O_RDWR|O_LARGEFILE|O_CLOEXEC <unfinished ...>
9596  openat(AT_FDCWD, "/home/capstone/project/test_files/000747.pdf", O_RDWR|O_LARGEFILE|O_CLOEXEC) = 39
9596  openat(AT_FDCWD, "/home/capstone/project/test_files/000221.txt", O_RDWR|O_LARGEFILE|O_CLOEXEC <unfinished ...>
9589  rename("/home/capstone/project/test_files/000509.jpg", "/home/capstone/project/test_files/000509.jpg.dkrpx75" <unfinished ...>
9596  openat(AT_FDCWD, "/home/capstone/project/test_files/000850.txt", O_RDWR|O_LARGEFILE|O_CLOEXEC) = 39
9596  openat(AT_FDCWD, "/home/capstone/project/test_files/000079.html", O_RDWR|O_LARGEFILE|O_CLOEXEC) = 39
9596  openat(AT_FDCWD, "/home/capstone/project/test_files/000689.csv", O_RDWR|O_LARGEFILE|O_CLOEXEC) = 39
9596  openat(AT_FDCWD, "/home/capstone/project/test_files/000018.pdf", O_RDWR|O_LARGEFILE|O_CLOEXEC) = 39
9596  openat(AT_FDCWD, "/home/capstone/project/test_files/000066.html", O_RDWR|O_LARGEFILE|O_CLOEXEC) = 39
9596  openat(AT_FDCWD, "/home/capstone/project/test_files/000641.txt", O_RDWR|O_LARGEFILE|O_CLOEXEC) = 39
9596  openat(AT_FDCWD, "/home/capstone/project/test_files/000198.html", O_RDWR|O_LARGEFILE|O_CLOEXEC) = 39
9596  openat(AT_FDCWD, "/home/capstone/project/test_files/000359.pdf", O_RDWR|O_LARGEFILE|O_CLOEXEC) = 39
9596  openat(AT_FDCWD, "/home/capstone/project/test_files/000388.xls", O_RDWR|O_LARGEFILE|O_CLOEXEC) = 39
9596  openat(AT_FDCWD, "/home/capstone/project/test_files/000192.html", O_RDWR|O_LARGEFILE|O_CLOEXEC) = 39
9596  openat(AT_FDCWD, "/home/capstone/project/test_files/000736.gz", O_RDWR|O_LARGEFILE|O_CLOEXEC) = 39
9596  openat(AT_FDCWD, "/home/capstone/project/test_files/000667.txt", O_RDWR|O_LARGEFILE|O_CLOEXEC) = 39
9596  openat(AT_FDCWD, "/home/capstone/project/test_files/000266.pdf", O_RDWR|O_LARGEFILE|O_CLOEXEC <unfinished ...>
9591  rename("/home/capstone/project/test_files/000574.pdf", "/home/capstone/project/test_files/000574.pdf.dkrpx75" <unfinished ...>
9589  openat(AT_FDCWD, "/home/capstone/project/test_files/000509.jpg.dkrpx75", O_RDWR|O_LARGEFILE|O_CLOEXEC <unfinished ...>
9591  openat(AT_FDCWD, "/home/capstone/project/test_files/000574.pdf.dkrpx75", O_RDWR|O_LARGEFILE|O_CLOEXEC <unfinished ...>
9596  openat(AT_FDCWD, "/home/capstone/project/test_files/000508.jpg", O_RDWR|O_LARGEFILE|O_CLOEXEC) = 5
9596  openat(AT_FDCWD, "/home/capstone/project/test_files/000789.html", O_RDWR|O_LARGEFILE|O_CLOEXEC) = 5
9596  openat(AT_FDCWD, "/home/capstone/project/test_files/000456.html", O_RDWR|O_LARGEFILE|O_CLOEXEC) = 5
9596  openat(AT_FDCWD, "/home/capstone/project/test_files/000852.txt", O_RDWR|O_LARGEFILE|O_CLOEXEC) = 5
9596  openat(AT_FDCWD, "/home/capstone/project/test_files/000325.pdf", O_RDWR|O_LARGEFILE|O_CLOEXEC <unfinished ...>
9588  openat(AT_FDCWD, "/home/capstone/project/test_files/000843.pdf", O_RDWR|O_LARGEFILE|O_CLOEXEC <unfinished ...>
9587  openat(AT_FDCWD, "/home/capstone/project/test_files/000265.doc", O_RDWR|O_LARGEFILE|O_CLOEXEC <unfinished ...>
9592  unlink("/home/capstone/project/test_files/checkpoints-000533.doc.dkrpx75" <unfinished ...>
9596  openat(AT_FDCWD, "/home/capstone/project/test_files/000600.html", O_RDWR|O_LARGEFILE|O_CLOEXEC) = 9
9596  openat(AT_FDCWD, "/home/capstone/project/test_files/000467.txt", O_RDWR|O_LARGEFILE|O_CLOEXEC) = 9
9588  openat(AT_FDCWD, "/home/capstone/project/test_files/000033.xls", O_RDWR|O_LARGEFILE|O_CLOEXEC <unfinished ...>
9596  openat(AT_FDCWD, "/home/capstone/project/test_files/000092.txt", O_RDWR|O_LARGEFILE|O_CLOEXEC) = 9
9587  openat(AT_FDCWD, "/home/capstone/project/test_files/000585.pdf", O_RDWR|O_LARGEFILE|O_CLOEXEC <unfinished ...>
9596  openat(AT_FDCWD, "/home/capstone/project/test_files/000280.pdf", O_RDWR|O_LARGEFILE|O_CLOEXEC) = 66
9588  openat(AT_FDCWD, "/home/capstone/project/test_files/000468.txt", O_RDWR|O_LARGEFILE|O_CLOEXEC <unfinished ...>
9596  openat(AT_FDCWD, "/home/capstone/project/test_files/000686.doc", O_RDWR|O_LARGEFILE|O_CLOEXEC) = 68
9596  openat(AT_FDCWD, "/home/capstone/project/test_files/000053.xls", O_RDWR|O_LARGEFILE|O_CLOEXEC) = 68
9589  openat(AT_FDCWD, "/home/capstone/project/test_files/checkpoints-000509.jpg.dkrpx75", O_RDWR|O_CREAT|O_TRUNC|O_LARGEFILE|O_CLOEXEC, 0666 <unfinished ...>
9587  openat(AT_FDCWD, "/home/capstone/project/test_files/000012.pdf", O_RDWR|O_LARGEFILE|O_CLOEXEC <unfinished ...>
9596  openat(AT_FDCWD, "/home/capstone/project/test_files/000300.ppt", O_RDWR|O_LARGEFILE|O_CLOEXEC) = 68
9596  openat(AT_FDCWD, "/home/capstone/project/test_files/000601.html", O_RDWR|O_LARGEFILE|O_CLOEXEC <unfinished ...>
9596  openat(AT_FDCWD, "/home/capstone/project/test_files/000480.txt", O_RDWR|O_LARGEFILE|O_CLOEXEC) = 68
9591  openat(AT_FDCWD, "/home/capstone/project/test_files/checkpoints-000574.pdf.dkrpx75", O_RDWR|O_CREAT|O_TRUNC|O_LARGEFILE|O_CLOEXEC, 0666 <unfinished ...>
9596  openat(AT_FDCWD, "/home/capstone/project/test_files/ziUrAJ8W", O_RDWR|O_LARGEFILE|O_CLOEXEC) = 68
9588  openat(AT_FDCWD, "/home/capstone/project/test_files/000595.pdf", O_RDWR|O_LARGEFILE|O_CLOEXEC <unfinished ...>
9587  openat(AT_FDCWD, "/home/capstone/project/test_files/000483.txt", O_RDWR|O_LARGEFILE|O_CLOEXEC) = 68
9596  openat(AT_FDCWD, "/home/capstone/project/test_files/000808.html", O_RDWR|O_LARGEFILE|O_CLOEXEC) = 72
9596  openat(AT_FDCWD, "/home/capstone/project/test_files/000175.ppt", O_RDWR|O_LARGEFILE|O_CLOEXEC) = 72
9596  openat(AT_FDCWD, "/home/capstone/project/test_files/000170.xls", O_RDWR|O_LARGEFILE|O_CLOEXEC) = 72
9596  openat(AT_FDCWD, "/home/capstone/project/test_files/000487.txt", O_RDWR|O_LARGEFILE|O_CLOEXEC) = 72
9596  openat(AT_FDCWD, "/home/capstone/project/test_files/000616.html", O_RDWR|O_LARGEFILE|O_CLOEXEC) = 72
9588  openat(AT_FDCWD, "/home/capstone/project/test_files/000766.ps", O_RDWR|O_LARGEFILE|O_CLOEXEC <unfinished ...>
9596  openat(AT_FDCWD, "/home/capstone/project/test_files/000481.txt", O_RDWR|O_LARGEFILE|O_CLOEXEC <unfinished ...>
9596  openat(AT_FDCWD, "/home/capstone/project/test_files/000577.pdf", O_RDWR|O_LARGEFILE|O_CLOEXEC <unfinished ...>
9587  openat(AT_FDCWD, "/home/capstone/project/test_files/000422.html", O_RDWR|O_LARGEFILE|O_CLOEXEC <unfinished ...>
9596  openat(AT_FDCWD, "/home/capstone/project/test_files/000634.html", O_RDWR|O_LARGEFILE|O_CLOEXEC) = 74
9596  openat(AT_FDCWD, "/home/capstone/project/test_files/000228.txt", O_RDWR|O_LARGEFILE|O_CLOEXEC) = 74
9596  openat(AT_FDCWD, "/home/capstone/project/test_files/000097.ps", O_RDWR|O_LARGEFILE|O_CLOEXEC) = 74
9596  openat(AT_FDCWD, "/home/capstone/project/test_files/000444.pdf", O_RDWR|O_LARGEFILE|O_CLOEXEC) = 74
9596  openat(AT_FDCWD, "/home/capstone/project/test_files/000977.doc", O_RDWR|O_LARGEFILE|O_CLOEXEC) = 74
9596  openat(AT_FDCWD, "/home/capstone/project/test_files/000130.doc", O_RDWR|O_LARGEFILE|O_CLOEXEC) = 74
9587  openat(AT_FDCWD, "/home/capstone/project/test_files/000362.pdf", O_RDWR|O_LARGEFILE|O_CLOEXEC <unfinished ...>
9596  openat(AT_FDCWD, "/home/capstone/project/test_files/000832.txt", O_RDWR|O_LARGEFILE|O_CLOEXEC <unfinished ...>
9588  openat(AT_FDCWD, "/home/capstone/project/test_files/000129.html", O_RDWR|O_LARGEFILE|O_CLOEXEC <unfinished ...>
9596  openat(AT_FDCWD, "/home/capstone/project/test_files/000722.csv", O_RDWR|O_LARGEFILE|O_CLOEXEC) = 76
9596  openat(AT_FDCWD, "/home/capstone/project/test_files/000177.pdf", O_RDWR|O_LARGEFILE|O_CLOEXEC) = 76
9587  openat(AT_FDCWD, "/home/capstone/project/test_files/000872.jpg", O_RDWR|O_LARGEFILE|O_CLOEXEC <unfinished ...>
9596  openat(AT_FDCWD, "/home/capstone/project/test_files/000044.xls", O_RDWR|O_LARGEFILE|O_CLOEXEC) = 78
9596  openat(AT_FDCWD, "/home/capstone/project/test_files/000660.txt", O_RDWR|O_LARGEFILE|O_CLOEXEC) = 78
9596  openat(AT_FDCWD, "/home/capstone/project/test_files/000931.txt", O_RDWR|O_LARGEFILE|O_CLOEXEC) = 78
9596  openat(AT_FDCWD, "/home/capstone/project/test_files/000197.html", O_RDWR|O_LARGEFILE|O_CLOEXEC) = 78
9596  openat(AT_FDCWD, "/home/capstone/project/test_files/000360.pdf", O_RDWR|O_LARGEFILE|O_CLOEXEC) = 78
9596  openat(AT_FDCWD, "/home/capstone/project/test_files/000661.txt", O_RDWR|O_LARGEFILE|O_CLOEXEC) = 78
9596  openat(AT_FDCWD, "/home/capstone/project/test_files/000341.pdf", O_RDWR|O_LARGEFILE|O_CLOEXEC) = 78
9596  openat(AT_FDCWD, "/home/capstone/project/test_files/000669.txt", O_RDWR|O_LARGEFILE|O_CLOEXEC) = 78
9596  openat(AT_FDCWD, "/home/capstone/project/test_files/000990.ppt", O_RDWR|O_LARGEFILE|O_CLOEXEC) = 78
9596  openat(AT_FDCWD, "/home/capstone/project/test_files/000795.doc", O_RDWR|O_LARGEFILE|O_CLOEXEC) = 78
9596  openat(AT_FDCWD, "/home/capstone/project/test_files/000025.pdf", O_RDWR|O_LARGEFILE|O_CLOEXEC) = 78
9589  rename("/home/capstone/project/test_files/000098.txt", "/home/capstone/project/test_files/000098.txt.dkrpx75" <unfinished ...>
9588  openat(AT_FDCWD, "/home/capstone/project/test_files/000961.doc", O_RDWR|O_LARGEFILE|O_CLOEXEC <unfinished ...>
9596  openat(AT_FDCWD, "/home/capstone/project/test_files/000142.pdf", O_RDWR|O_LARGEFILE|O_CLOEXEC) = 79
9587  openat(AT_FDCWD, "/home/capstone/project/test_files/000943.pdf", O_RDWR|O_LARGEFILE|O_CLOEXEC <unfinished ...>
9589  openat(AT_FDCWD, "/home/capstone/project/test_files/000098.txt.dkrpx75", O_RDWR|O_LARGEFILE|O_CLOEXEC) = 80
9596  openat(AT_FDCWD, "/home/capstone/project/test_files/000799.doc", O_RDWR|O_LARGEFILE|O_CLOEXEC) = 79
9596  openat(AT_FDCWD, "/home/capstone/project/test_files/000991.ppt", O_RDWR|O_LARGEFILE|O_CLOEXEC <unfinished ...>
9588  openat(AT_FDCWD, "/home/capstone/project/test_files/000469.jpg", O_RDWR|O_LARGEFILE|O_CLOEXEC <unfinished ...>
9596  openat(AT_FDCWD, "/home/capstone/project/test_files/000548.gif", O_RDWR|O_LARGEFILE|O_CLOEXEC) = 14
9596  openat(AT_FDCWD, "/home/capstone/project/test_files/000301.ppt", O_RDWR|O_LARGEFILE|O_CLOEXEC) = 14
9596  openat(AT_FDCWD, "/home/capstone/project/test_files/000541.jpg", O_RDWR|O_LARGEFILE|O_CLOEXEC <unfinished ...>
9588  openat(AT_FDCWD, "/home/capstone/project/test_files/000913.doc", O_RDWR|O_LARGEFILE|O_CLOEXEC <unfinished ...>
9591  rename("/home/capstone/project/test_files/000231.jpg", "/home/capstone/project/test_files/000231.jpg.dkrpx75" <unfinished ...>
9591  openat(AT_FDCWD, "/home/capstone/project/test_files/000231.jpg.dkrpx75", O_RDWR|O_LARGEFILE|O_CLOEXEC <unfinished ...>
9596  openat(AT_FDCWD, "/home/capstone/project/test_files/000883.jpg", O_RDWR|O_LARGEFILE|O_CLOEXEC) = 14
9596  openat(AT_FDCWD, "/home/capstone/project/test_files/000561.gif", O_RDWR|O_LARGEFILE|O_CLOEXEC) = 14
9588  openat(AT_FDCWD, "/home/capstone/project/test_files/000926.txt", O_RDWR|O_LARGEFILE|O_CLOEXEC <unfinished ...>
9587  openat(AT_FDCWD, "/home/capstone/project/test_files/000677.doc", O_RDWR|O_LARGEFILE|O_CLOEXEC) = 84
9596  openat(AT_FDCWD, "/home/capstone/project/test_files/000640.html", O_RDWR|O_LARGEFILE|O_CLOEXEC) = 14
9596  openat(AT_FDCWD, "/home/capstone/project/test_files/000528.jpg", O_RDWR|O_LARGEFILE|O_CLOEXEC <unfinished ...>
9596  openat(AT_FDCWD, "/home/capstone/project/test_files/000820.html", O_RDWR|O_LARGEFILE|O_CLOEXEC) = 13
9588  openat(AT_FDCWD, "/home/capstone/project/test_files/000171.xls", O_RDWR|O_LARGEFILE|O_CLOEXEC) = 14
9587  openat(AT_FDCWD, "/home/capstone/project/test_files/000492.txt", O_RDWR|O_LARGEFILE|O_CLOEXEC <unfinished ...>
9596  openat(AT_FDCWD, "/home/capstone/project/test_files/000062.html", O_RDWR|O_LARGEFILE|O_CLOEXEC <unfinished ...>
9596  openat(AT_FDCWD, "/home/capstone/project/test_files/000277.doc", O_RDWR|O_LARGEFILE|O_CLOEXEC) = 86
9596  openat(AT_FDCWD, "/home/capstone/project/test_files/000083.unk", O_RDWR|O_LARGEFILE|O_CLOEXEC) = 86
9596  openat(AT_FDCWD, "/home/capstone/project/test_files/000321.ppt", O_RDWR|O_LARGEFILE|O_CLOEXEC <unfinished ...>
9588  openat(AT_FDCWD, "/home/capstone/project/test_files/000745.pdf", O_RDWR|O_LARGEFILE|O_CLOEXEC <unfinished ...>
9587  openat(AT_FDCWD, "/home/capstone/project/test_files/000134.ppt", O_RDWR|O_LARGEFILE|O_CLOEXEC <unfinished ...>
9596  openat(AT_FDCWD, "/home/capstone/project/test_files/000811.pdf", O_RDWR|O_LARGEFILE|O_CLOEXEC) = 86
9596  openat(AT_FDCWD, "/home/capstone/project/test_files/000880.jpg", O_RDWR|O_LARGEFILE|O_CLOEXEC) = 86
9596  openat(AT_FDCWD, "/home/capstone/project/test_files/000525.gif", O_RDWR|O_LARGEFILE|O_CLOEXEC) = 86
9596  openat(AT_FDCWD, "/home/capstone/project/test_files/000108.jpg", O_RDWR|O_LARGEFILE|O_CLOEXEC) = 86
9596  openat(AT_FDCWD, "/home/capstone/project/test_files/000626.txt", O_RDWR|O_LARGEFILE|O_CLOEXEC) = 86
9589  openat(AT_FDCWD, "/home/capstone/project/test_files/checkpoints-000098.txt.dkrpx75", O_RDWR|O_CREAT|O_TRUNC|O_LARGEFILE|O_CLOEXEC, 0666 <unfinished ...>
9588  openat(AT_FDCWD, "/home/capstone/project/test_files/000414.html", O_RDWR|O_LARGEFILE|O_CLOEXEC <unfinished ...>
9587  openat(AT_FDCWD, "/home/capstone/project/test_files/000603.jpg", O_RDWR|O_LARGEFILE|O_CLOEXEC <unfinished ...>
9596  openat(AT_FDCWD, "/home/capstone/project/test_files/000121.doc", O_RDWR|O_LARGEFILE|O_CLOEXEC) = 86
9596  openat(AT_FDCWD, "/home/capstone/project/test_files/000398.xls", O_RDWR|O_LARGEFILE|O_CLOEXEC) = 86
9588  openat(AT_FDCWD, "/home/capstone/project/test_files/000267.doc", O_RDWR|O_LARGEFILE|O_CLOEXEC <unfinished ...>
9596  openat(AT_FDCWD, "/home/capstone/project/test_files/000057.html", O_RDWR|O_LARGEFILE|O_CLOEXEC <unfinished ...>
9587  openat(AT_FDCWD, "/home/capstone/project/test_files/000657.txt", O_RDWR|O_LARGEFILE|O_CLOEXEC <unfinished ...>
9596  openat(AT_FDCWD, "/home/capstone/project/test_files/000581.pdf", O_RDWR|O_LARGEFILE|O_CLOEXEC) = 86
9596  openat(AT_FDCWD, "/home/capstone/project/test_files/000623.html", O_RDWR|O_LARGEFILE|O_CLOEXEC) = 86
9596  openat(AT_FDCWD, "/home/capstone/project/test_files/000167.ppt", O_RDWR|O_LARGEFILE|O_CLOEXEC <unfinished ...>
9590  unlink("/home/capstone/project/test_files/checkpoints-000517.gif.dkrpx75" <unfinished ...>
9596  openat(AT_FDCWD, "/home/capstone/project/test_files/000392.xls", O_RDWR|O_LARGEFILE|O_CLOEXEC <unfinished ...>
9596  openat(AT_FDCWD, "/home/capstone/project/test_files/000065.html", O_RDWR|O_LARGEFILE|O_CLOEXEC) = 58
9596  openat(AT_FDCWD, "/home/capstone/project/test_files/000876.jpg", O_RDWR|O_LARGEFILE|O_CLOEXEC) = 58
9588  openat(AT_FDCWD, "/home/capstone/project/test_files/000899.pdf", O_RDWR|O_LARGEFILE|O_CLOEXEC <unfinished ...>
9591  openat(AT_FDCWD, "/home/capstone/project/test_files/checkpoints-000231.jpg.dkrpx75", O_RDWR|O_CREAT|O_TRUNC|O_LARGEFILE|O_CLOEXEC, 0666 <unfinished ...>
9596  openat(AT_FDCWD, "/home/capstone/project/test_files/000916.html", O_RDWR|O_LARGEFILE|O_CLOEXEC) = 86
9596  openat(AT_FDCWD, "/home/capstone/project/test_files/000377.xls", O_RDWR|O_LARGEFILE|O_CLOEXEC <unfinished ...>
9587  openat(AT_FDCWD, "/home/capstone/project/test_files/000399.xls", O_RDWR|O_LARGEFILE|O_CLOEXEC <unfinished ...>
9596  openat(AT_FDCWD, "/home/capstone/project/test_files/000857.txt", O_RDWR|O_LARGEFILE|O_CLOEXEC) = 86
9588  openat(AT_FDCWD, "/home/capstone/project/test_files/000063.html", O_RDWR|O_LARGEFILE|O_CLOEXEC <unfinished ...>
9596  openat(AT_FDCWD, "/home/capstone/project/test_files/000842.txt", O_RDWR|O_LARGEFILE|O_CLOEXEC <unfinished ...>
9589  rename("/home/capstone/project/test_files/000255.doc", "/home/capstone/project/test_files/000255.doc.dkrpx75") = 0
9596  openat(AT_FDCWD, "/home/capstone/project/test_files/000815.html", O_RDWR|O_LARGEFILE|O_CLOEXEC) = 86
9596  openat(AT_FDCWD, "/home/capstone/project/test_files/000544.jpg", O_RDWR|O_LARGEFILE|O_CLOEXEC) = 86
9596  openat(AT_FDCWD, "/home/capstone/project/test_files/000225.f", O_RDWR|O_LARGEFILE|O_CLOEXEC) = 86
9596  openat(AT_FDCWD, "/home/capstone/project/test_files/000960.doc", O_RDWR|O_LARGEFILE|O_CLOEXEC) = 86
9596  openat(AT_FDCWD, "/home/capstone/project/test_files/000407.xls", O_RDWR|O_LARGEFILE|O_CLOEXEC) = 86
9596  openat(AT_FDCWD, "/home/capstone/project/test_files/000371.pdf", O_RDWR|O_LARGEFILE|O_CLOEXEC) = 86
9596  openat(AT_FDCWD, "/home/capstone/project/test_files/000514.jpg", O_RDWR|O_LARGEFILE|O_CLOEXEC) = 86
9596  openat(AT_FDCWD, "/home/capstone/project/test_files/000644.txt", O_RDWR|O_LARGEFILE|O_CLOEXEC) = 86
9596  openat(AT_FDCWD, "/home/capstone/project/test_files/000892.html", O_RDWR|O_LARGEFILE|O_CLOEXEC) = 86
9596  openat(AT_FDCWD, "/home/capstone/project/test_files/000702.ps", O_RDWR|O_LARGEFILE|O_CLOEXEC) = 86
9596  openat(AT_FDCWD, "/home/capstone/project/test_files/000491.txt", O_RDWR|O_LARGEFILE|O_CLOEXEC) = 86
9596  openat(AT_FDCWD, "/home/capstone/project/test_files/000357.pdf", O_RDWR|O_LARGEFILE|O_CLOEXEC) = 86
9596  openat(AT_FDCWD, "/home/capstone/project/test_files/000288.ppt", O_RDWR|O_LARGEFILE|O_CLOEXEC) = 86
9596  openat(AT_FDCWD, "/home/capstone/project/test_files/000415.html", O_RDWR|O_LARGEFILE|O_CLOEXEC <unfinished ...>
9589  openat(AT_FDCWD, "/home/capstone/project/test_files/000255.doc.dkrpx75", O_RDWR|O_LARGEFILE|O_CLOEXEC <unfinished ...>
9587  openat(AT_FDCWD, "/home/capstone/project/test_files/000052.xls", O_RDWR|O_LARGEFILE|O_CLOEXEC <unfinished ...>
9596  openat(AT_FDCWD, "/home/capstone/project/test_files/000029.pdf", O_RDWR|O_LARGEFILE|O_CLOEXEC <unfinished ...>
9588  openat(AT_FDCWD, "/home/capstone/project/test_files/000190.html", O_RDWR|O_LARGEFILE|O_CLOEXEC <unfinished ...>
9596  openat(AT_FDCWD, "/home/capstone/project/test_files/000879.jpg", O_RDWR|O_LARGEFILE|O_CLOEXEC) = 16
9596  openat(AT_FDCWD, "/home/capstone/project/test_files/000159.pdf", O_RDWR|O_LARGEFILE|O_CLOEXEC) = 16
9596  openat(AT_FDCWD, "/home/capstone/project/test_files/000755.pdf", O_RDWR|O_LARGEFILE|O_CLOEXEC) = 16
9587  openat(AT_FDCWD, "/home/capstone/project/test_files/000518.ppt", O_RDWR|O_LARGEFILE|O_CLOEXEC <unfinished ...>
9596  openat(AT_FDCWD, "/home/capstone/project/test_files/000612.html", O_RDWR|O_LARGEFILE|O_CLOEXEC <unfinished ...>
9592  unlink("/home/capstone/project/test_files/checkpoints-000163.pdf.dkrpx75" <unfinished ...>
9588  openat(AT_FDCWD, "/home/capstone/project/test_files/000339.pdf", O_RDWR|O_LARGEFILE|O_CLOEXEC <unfinished ...>
9596  openat(AT_FDCWD, "/home/capstone/project/test_files/000878.pdf", O_RDWR|O_LARGEFILE|O_CLOEXEC) = 16
9587  openat(AT_FDCWD, "/home/capstone/project/test_files/000526.gif", O_RDWR|O_LARGEFILE|O_CLOEXEC <unfinished ...>
9596  openat(AT_FDCWD, "/home/capstone/project/test_files/000373.pdf", O_RDWR|O_LARGEFILE|O_CLOEXEC <unfinished ...>
9596  openat(AT_FDCWD, "/home/capstone/project/test_files/000718.gz", O_RDWR|O_LARGEFILE|O_CLOEXEC) = 101
9596  openat(AT_FDCWD, "/home/capstone/project/test_files/000421.html", O_RDWR|O_LARGEFILE|O_CLOEXEC) = 101
9596  openat(AT_FDCWD, "/home/capstone/project/test_files/000215.html", O_RDWR|O_LARGEFILE|O_CLOEXEC) = 101
9596  openat(AT_FDCWD, "/home/capstone/project/test_files/000242.jpg", O_RDWR|O_LARGEFILE|O_CLOEXEC) = 101
9596  openat(AT_FDCWD, "/home/capstone/project/test_files/000787.html", O_RDWR|O_LARGEFILE|O_CLOEXEC) = 101
9596  openat(AT_FDCWD, "/home/capstone/project/test_files/000200.html", O_RDWR|O_LARGEFILE|O_CLOEXEC) = 101
9596  openat(AT_FDCWD, "/home/capstone/project/test_files/000465.unk", O_RDWR|O_LARGEFILE|O_CLOEXEC) = 101
9596  openat(AT_FDCWD, "/home/capstone/project/test_files/000391.xls", O_RDWR|O_LARGEFILE|O_CLOEXEC) = 101
9588  openat(AT_FDCWD, "/home/capstone/project/test_files/000369.pdf", O_RDWR|O_LARGEFILE|O_CLOEXEC <unfinished ...>
9589  openat(AT_FDCWD, "/home/capstone/project/test_files/checkpoints-000255.doc.dkrpx75", O_RDWR|O_CREAT|O_TRUNC|O_LARGEFILE|O_CLOEXEC, 0666 <unfinished ...>
9596  openat(AT_FDCWD, "/home/capstone/project/test_files/000959.xls", O_RDWR|O_LARGEFILE|O_CLOEXEC <unfinished ...>
9587  openat(AT_FDCWD, "/home/capstone/project/test_files/000479.txt", O_RDWR|O_LARGEFILE|O_CLOEXEC <unfinished ...>
9596  openat(AT_FDCWD, "/home/capstone/project/test_files/000035.xls", O_RDWR|O_LARGEFILE|O_CLOEXEC <unfinished ...>
9588  openat(AT_FDCWD, "/home/capstone/project/test_files/000478.txt", O_RDWR|O_LARGEFILE|O_CLOEXEC <unfinished ...>
9587  openat(AT_FDCWD, "/home/capstone/project/test_files/000862.txt", O_RDWR|O_LARGEFILE|O_CLOEXEC <unfinished ...>
9596  openat(AT_FDCWD, "/home/capstone/project/test_files/000036.xls", O_RDWR|O_LARGEFILE|O_CLOEXEC) = 102
9596  openat(AT_FDCWD, "/home/capstone/project/test_files/000166.pdf", O_RDWR|O_LARGEFILE|O_CLOEXEC) = 102
9588  openat(AT_FDCWD, "/home/capstone/project/test_files/000813.pdf", O_RDWR|O_LARGEFILE|O_CLOEXEC <unfinished ...>
9587  openat(AT_FDCWD, "/home/capstone/project/test_files/000800.html", O_RDWR|O_LARGEFILE|O_CLOEXEC <unfinished ...>
9596  openat(AT_FDCWD, "/home/capstone/project/test_files/000383.xls", O_RDWR|O_LARGEFILE|O_CLOEXEC <unfinished ...>
9596  openat(AT_FDCWD, "/home/capstone/project/test_files/000400.jpg", O_RDWR|O_LARGEFILE|O_CLOEXEC) = 107
9588  openat(AT_FDCWD, "/home/capstone/project/test_files/000246.jpg", O_RDWR|O_LARGEFILE|O_CLOEXEC <unfinished ...>
9590  unlink("/home/capstone/project/test_files/checkpoints-000574.pdf.dkrpx75" <unfinished ...>
9596  openat(AT_FDCWD, "/home/capstone/project/test_files/000453.html", O_RDWR|O_LARGEFILE|O_CLOEXEC) = 107
9587  openat(AT_FDCWD, "/home/capstone/project/test_files/000693.doc", O_RDWR|O_LARGEFILE|O_CLOEXEC <unfinished ...>
9596  openat(AT_FDCWD, "/home/capstone/project/test_files/000950.doc", O_RDWR|O_LARGEFILE|O_CLOEXEC) = 107
9596  openat(AT_FDCWD, "/home/capstone/project/test_files/000124.doc", O_RDWR|O_LARGEFILE|O_CLOEXEC) = 107
9596  openat(AT_FDCWD, "/home/capstone/project/test_files/000375.xls", O_RDWR|O_LARGEFILE|O_CLOEXEC) = 107
9596  openat(AT_FDCWD, "/home/capstone/project/test_files/000403.xls", O_RDWR|O_LARGEFILE|O_CLOEXEC) = 107
9596  openat(AT_FDCWD, "/home/capstone/project/test_files/000103.txt", O_RDWR|O_LARGEFILE|O_CLOEXEC) = 71
9596  openat(AT_FDCWD, "/home/capstone/project/test_files/000010.pdf", O_RDWR|O_LARGEFILE|O_CLOEXEC) = 71
9596  openat(AT_FDCWD, "/home/capstone/project/test_files/000671.pdf", O_RDWR|O_LARGEFILE|O_CLOEXEC) = 71
9587  openat(AT_FDCWD, "/home/capstone/project/test_files/000089.txt", O_RDWR|O_LARGEFILE|O_CLOEXEC <unfinished ...>
9588  openat(AT_FDCWD, "/home/capstone/project/test_files/000074.html", O_RDWR|O_LARGEFILE|O_CLOEXEC <unfinished ...>
9596  openat(AT_FDCWD, "/home/capstone/project/test_files/000792.html", O_RDWR|O_LARGEFILE|O_CLOEXEC) = 71
9596  openat(AT_FDCWD, "/home/capstone/project/test_files/000724.ppt", O_RDWR|O_LARGEFILE|O_CLOEXEC) = 71
9596  openat(AT_FDCWD, "/home/capstone/project/test_files/000370.pdf", O_RDWR|O_LARGEFILE|O_CLOEXEC) = 71
9596  openat(AT_FDCWD, "/home/capstone/project/test_files/000043.xls", O_RDWR|O_LARGEFILE|O_CLOEXEC <unfinished ...>
9587  openat(AT_FDCWD, "/home/capstone/project/test_files/000535.jpg", O_RDWR|O_LARGEFILE|O_CLOEXEC) = 111
9596  openat(AT_FDCWD, "/home/capstone/project/test_files/000651.txt", O_RDWR|O_LARGEFILE|O_CLOEXEC <unfinished ...>
9596  openat(AT_FDCWD, "/home/capstone/project/test_files/000576.csv", O_RDWR|O_LARGEFILE|O_CLOEXEC) = 71
9591  rename("/home/capstone/project/test_files/000986.ppt", "/home/capstone/project/test_files/000986.ppt.dkrpx75" <unfinished ...>
9588  openat(AT_FDCWD, "/home/capstone/project/test_files/000781.xls", O_RDWR|O_LARGEFILE|O_CLOEXEC <unfinished ...>
9596  openat(AT_FDCWD, "/home/capstone/project/test_files/000522.gif", O_RDWR|O_LARGEFILE|O_CLOEXEC <unfinished ...>
9589  rename("/home/capstone/project/test_files/000174.ppt", "/home/capstone/project/test_files/000174.ppt.dkrpx75" <unfinished ...>
9591  openat(AT_FDCWD, "/home/capstone/project/test_files/000986.ppt.dkrpx75", O_RDWR|O_LARGEFILE|O_CLOEXEC <unfinished ...>
9587  openat(AT_FDCWD, "/home/capstone/project/test_files/000436.html", O_RDWR|O_LARGEFILE|O_CLOEXEC <unfinished ...>
9596  openat(AT_FDCWD, "/home/capstone/project/test_files/000446.html", O_RDWR|O_LARGEFILE|O_CLOEXEC) = 114
9596  openat(AT_FDCWD, "/home/capstone/project/test_files/000573.swf", O_RDWR|O_LARGEFILE|O_CLOEXEC) = 114
9589  openat(AT_FDCWD, "/home/capstone/project/test_files/000174.ppt.dkrpx75", O_RDWR|O_LARGEFILE|O_CLOEXEC <unfinished ...>
9596  openat(AT_FDCWD, "/home/capstone/project/test_files/000897.jpg", O_RDWR|O_LARGEFILE|O_CLOEXEC) = 114
9596  openat(AT_FDCWD, "/home/capstone/project/test_files/000276.doc", O_RDWR|O_LARGEFILE|O_CLOEXEC) = 114
9596  openat(AT_FDCWD, "/home/capstone/project/test_files/000061.html", O_RDWR|O_LARGEFILE|O_CLOEXEC) = 114
9596  openat(AT_FDCWD, "/home/capstone/project/test_files/000447.html", O_RDWR|O_LARGEFILE|O_CLOEXEC) = 114
9596  openat(AT_FDCWD, "/home/capstone/project/test_files/000859.pdf", O_RDWR|O_LARGEFILE|O_CLOEXEC) = 114
9596  openat(AT_FDCWD, "/home/capstone/project/test_files/000161.pdf", O_RDWR|O_LARGEFILE|O_CLOEXEC) = 114
9588  openat(AT_FDCWD, "/home/capstone/project/test_files/000164.pdf", O_RDWR|O_LARGEFILE|O_CLOEXEC <unfinished ...>
9596  openat(AT_FDCWD, "/home/capstone/project/test_files/000944.doc", O_RDWR|O_LARGEFILE|O_CLOEXEC) = 114
9587  openat(AT_FDCWD, "/home/capstone/project/test_files/000173.html", O_RDWR|O_LARGEFILE|O_CLOEXEC <unfinished ...>
9596  openat(AT_FDCWD, "/home/capstone/project/test_files/000952.doc", O_RDWR|O_LARGEFILE|O_CLOEXEC <unfinished ...>
9596  openat(AT_FDCWD, "/home/capstone/project/test_files/000900.jpg", O_RDWR|O_LARGEFILE|O_CLOEXEC <unfinished ...>
9596  openat(AT_FDCWD, "/home/capstone/project/test_files/000741.log", O_RDWR|O_LARGEFILE|O_CLOEXEC) = 4
9596  openat(AT_FDCWD, "/home/capstone/project/test_files/000275.doc", O_RDWR|O_LARGEFILE|O_CLOEXEC) = 4
9596  openat(AT_FDCWD, "/home/capstone/project/test_files/000650.txt", O_RDWR|O_LARGEFILE|O_CLOEXEC) = 4
9596  openat(AT_FDCWD, "/home/capstone/project/test_files/000295.ppt", O_RDWR|O_LARGEFILE|O_CLOEXEC) = 4
9587  openat(AT_FDCWD, "/home/capstone/project/test_files/000711.ppt", O_RDWR|O_LARGEFILE|O_CLOEXEC <unfinished ...>
9588  openat(AT_FDCWD, "/home/capstone/project/test_files/000239.jpg", O_RDWR|O_LARGEFILE|O_CLOEXEC <unfinished ...>
9596  openat(AT_FDCWD, "/home/capstone/project/test_files/000144.doc", O_RDWR|O_LARGEFILE|O_CLOEXEC <unfinished ...>
9596  openat(AT_FDCWD, "/home/capstone/project/test_files/000655.txt", O_RDWR|O_LARGEFILE|O_CLOEXEC) = 117
9587  openat(AT_FDCWD, "/home/capstone/project/test_files/000003.doc", O_RDWR|O_LARGEFILE|O_CLOEXEC) = 118
9596  openat(AT_FDCWD, "/home/capstone/project/test_files/000532.jpg", O_RDWR|O_LARGEFILE|O_CLOEXEC) = 117
9596  openat(AT_FDCWD, "/home/capstone/project/test_files/000967.doc", O_RDWR|O_LARGEFILE|O_CLOEXEC) = 117
9596  openat(AT_FDCWD, "/home/capstone/project/test_files/000646.txt", O_RDWR|O_LARGEFILE|O_CLOEXEC) = 117
9587  openat(AT_FDCWD, "/home/capstone/project/test_files/000594.pdf", O_RDWR|O_LARGEFILE|O_CLOEXEC <unfinished ...>
9596  openat(AT_FDCWD, "/home/capstone/project/test_files/000088.txt", O_RDWR|O_LARGEFILE|O_CLOEXEC <unfinished ...>
9588  openat(AT_FDCWD, "/home/capstone/project/test_files/000416.html", O_RDWR|O_LARGEFILE|O_CLOEXEC <unfinished ...>
9596  openat(AT_FDCWD, "/home/capstone/project/test_files/000885.pdf", O_RDWR|O_LARGEFILE|O_CLOEXEC) = 117
9596  openat(AT_FDCWD, "/home/capstone/project/test_files/000975.xml", O_RDWR|O_LARGEFILE|O_CLOEXEC) = 117
9596  openat(AT_FDCWD, "/home/capstone/project/test_files/000046.xls", O_RDWR|O_LARGEFILE|O_CLOEXEC <unfinished ...>
9588  openat(AT_FDCWD, "/home/capstone/project/test_files/000730.ps", O_RDWR|O_LARGEFILE|O_CLOEXEC <unfinished ...>
9596  openat(AT_FDCWD, "/home/capstone/project/test_files/000243.jpg", O_RDWR|O_LARGEFILE|O_CLOEXEC <unfinished ...>
9587  openat(AT_FDCWD, "/home/capstone/project/test_files/000812.html", O_RDWR|O_LARGEFILE|O_CLOEXEC <unfinished ...>
9596  openat(AT_FDCWD, "/home/capstone/project/test_files/000068.html", O_RDWR|O_LARGEFILE|O_CLOEXEC) = 117
9596  openat(AT_FDCWD, "/home/capstone/project/test_files/000387.txt", O_RDWR|O_LARGEFILE|O_CLOEXEC) = 117
9596  openat(AT_FDCWD, "/home/capstone/project/test_files/000195.html", O_RDWR|O_LARGEFILE|O_CLOEXEC) = 117
9596  openat(AT_FDCWD, "/home/capstone/project/test_files/000217.html", O_RDWR|O_LARGEFILE|O_CLOEXEC <unfinished ...>
9588  openat(AT_FDCWD, "/home/capstone/project/test_files/000030.xls", O_RDWR|O_LARGEFILE|O_CLOEXEC <unfinished ...>
9587  openat(AT_FDCWD, "/home/capstone/project/test_files/000292.ppt", O_RDWR|O_LARGEFILE|O_CLOEXEC <unfinished ...>
9591  openat(AT_FDCWD, "/home/capstone/project/test_files/checkpoints-000986.ppt.dkrpx75", O_RDWR|O_CREAT|O_TRUNC|O_LARGEFILE|O_CLOEXEC, 0666 <unfinished ...>
9596  openat(AT_FDCWD, "/home/capstone/project/test_files/000996.ps", O_RDWR|O_LARGEFILE|O_CLOEXEC) = 117
9596  openat(AT_FDCWD, "/home/capstone/project/test_files/000058.html", O_RDWR|O_LARGEFILE|O_CLOEXEC) = 125
9589  openat(AT_FDCWD, "/home/capstone/project/test_files/checkpoints-000174.ppt.dkrpx75", O_RDWR|O_CREAT|O_TRUNC|O_LARGEFILE|O_CLOEXEC, 0666 <unfinished ...>
9592  unlink("/home/capstone/project/test_files/checkpoints-000509.jpg.dkrpx75" <unfinished ...>
9596  openat(AT_FDCWD, "/home/capstone/project/test_files/000133.ppt", O_RDWR|O_LARGEFILE|O_CLOEXEC) = 125
9596  openat(AT_FDCWD, "/home/capstone/project/test_files/000691.doc", O_RDWR|O_LARGEFILE|O_CLOEXEC) = 125
9596  openat(AT_FDCWD, "/home/capstone/project/test_files/000335.xml", O_RDWR|O_LARGEFILE|O_CLOEXEC) = 125
9588  openat(AT_FDCWD, "/home/capstone/project/test_files/000747.pdf", O_RDWR|O_LARGEFILE|O_CLOEXEC <unfinished ...>
9587  openat(AT_FDCWD, "/home/capstone/project/test_files/000358.pdf", O_RDWR|O_LARGEFILE|O_CLOEXEC <unfinished ...>
9596  openat(AT_FDCWD, "/home/capstone/project/test_files/000445.html", O_RDWR|O_LARGEFILE|O_CLOEXEC) = 69
9596  openat(AT_FDCWD, "/home/capstone/project/test_files/000817.pdf", O_RDWR|O_LARGEFILE|O_CLOEXEC <unfinished ...>
9596  openat(AT_FDCWD, "/home/capstone/project/test_files/000732.ppt", O_RDWR|O_LARGEFILE|O_CLOEXEC <unfinished ...>
9596  openat(AT_FDCWD, "/home/capstone/project/test_files/000777.xls", O_RDWR|O_LARGEFILE|O_CLOEXEC <unfinished ...>
9590  unlink("/home/capstone/project/test_files/checkpoints-000231.jpg.dkrpx75" <unfinished ...>
9588  openat(AT_FDCWD, "/home/capstone/project/test_files/000850.txt", O_RDWR|O_LARGEFILE|O_CLOEXEC <unfinished ...>
9587  openat(AT_FDCWD, "/home/capstone/project/test_files/000221.txt", O_RDWR|O_LARGEFILE|O_CLOEXEC <unfinished ...>
9596  openat(AT_FDCWD, "/home/capstone/project/test_files/000788.doc", O_RDWR|O_LARGEFILE|O_CLOEXEC) = 94
9596  openat(AT_FDCWD, "/home/capstone/project/test_files/000740.html", O_RDWR|O_LARGEFILE|O_CLOEXEC) = 94
9591  rename("/home/capstone/project/test_files/000716.ppt", "/home/capstone/project/test_files/000716.ppt.dkrpx75" <unfinished ...>
9596  openat(AT_FDCWD, "/home/capstone/project/test_files/000700.xml", O_RDWR|O_LARGEFILE|O_CLOEXEC <unfinished ...>
9591  openat(AT_FDCWD, "/home/capstone/project/test_files/000716.ppt.dkrpx75", O_RDWR|O_LARGEFILE|O_CLOEXEC <unfinished ...>
9596  openat(AT_FDCWD, "/home/capstone/project/test_files/000853.pdf", O_RDWR|O_LARGEFILE|O_CLOEXEC) = 17
9589  rename("/home/capstone/project/test_files/000355.pdf", "/home/capstone/project/test_files/000355.pdf.dkrpx75" <unfinished ...>
9589  openat(AT_FDCWD, "/home/capstone/project/test_files/000355.pdf.dkrpx75", O_RDWR|O_LARGEFILE|O_CLOEXEC <unfinished ...>
9596  openat(AT_FDCWD, "/home/capstone/project/test_files/000828.txt", O_RDWR|O_LARGEFILE|O_CLOEXEC) = 17
9596  openat(AT_FDCWD, "/home/capstone/project/test_files/000313.ppt", O_RDWR|O_LARGEFILE|O_CLOEXEC <unfinished ...>
9596  openat(AT_FDCWD, "/home/capstone/project/test_files/000005.doc", O_RDWR|O_LARGEFILE|O_CLOEXEC) = 17
9588  openat(AT_FDCWD, "/home/capstone/project/test_files/000079.html", O_RDWR|O_LARGEFILE|O_CLOEXEC) = 129
9587  openat(AT_FDCWD, "/home/capstone/project/test_files/000689.csv", O_RDWR|O_LARGEFILE|O_CLOEXEC <unfinished ...>
9596  openat(AT_FDCWD, "/home/capstone/project/test_files/000214.html", O_RDWR|O_LARGEFILE|O_CLOEXEC) = 130
9596  openat(AT_FDCWD, "/home/capstone/project/test_files/000620.txt", O_RDWR|O_LARGEFILE|O_CLOEXEC) = 130
9596  openat(AT_FDCWD, "/home/capstone/project/test_files/000125.doc", O_RDWR|O_LARGEFILE|O_CLOEXEC) = 130
9596  openat(AT_FDCWD, "/home/capstone/project/test_files/000565.csv", O_RDWR|O_LARGEFILE|O_CLOEXEC) = 130
9596  openat(AT_FDCWD, "/home/capstone/project/test_files/000308.ppt", O_RDWR|O_LARGEFILE|O_CLOEXEC) = 130
9596  openat(AT_FDCWD, "/home/capstone/project/test_files/000019.pdf", O_RDWR|O_LARGEFILE|O_CLOEXEC) = 130
9596  openat(AT_FDCWD, "/home/capstone/project/test_files/000779.xls", O_RDWR|O_LARGEFILE|O_CLOEXEC) = 130
9588  openat(AT_FDCWD, "/home/capstone/project/test_files/000018.pdf", O_RDWR|O_LARGEFILE|O_CLOEXEC <unfinished ...>
9596  openat(AT_FDCWD, "/home/capstone/project/test_files/000268.doc", O_RDWR|O_LARGEFILE|O_CLOEXEC <unfinished ...>
9591  openat(AT_FDCWD, "/home/capstone/project/test_files/checkpoints-000716.ppt.dkrpx75", O_RDWR|O_CREAT|O_TRUNC|O_LARGEFILE|O_CLOEXEC, 0666 <unfinished ...>
9587  openat(AT_FDCWD, "/home/capstone/project/test_files/000066.html", O_RDWR|O_LARGEFILE|O_CLOEXEC) = 133
9596  openat(AT_FDCWD, "/home/capstone/project/test_files/000955.pdf", O_RDWR|O_LARGEFILE|O_CLOEXEC <unfinished ...>
9588  openat(AT_FDCWD, "/home/capstone/project/test_files/000641.txt", O_RDWR|O_LARGEFILE|O_CLOEXEC <unfinished ...>
9587  openat(AT_FDCWD, "/home/capstone/project/test_files/000198.html", O_RDWR|O_LARGEFILE|O_CLOEXEC <unfinished ...>
9596  openat(AT_FDCWD, "/home/capstone/project/test_files/000219.txt", O_RDWR|O_LARGEFILE|O_CLOEXEC <unfinished ...>
9590  unlink("/home/capstone/project/test_files/checkpoints-000098.txt.dkrpx75" <unfinished ...>
9596  openat(AT_FDCWD, "/home/capstone/project/test_files/000176.pdf", O_RDWR|O_LARGEFILE|O_CLOEXEC <unfinished ...>
9588  openat(AT_FDCWD, "/home/capstone/project/test_files/000359.pdf", O_RDWR|O_LARGEFILE|O_CLOEXEC <unfinished ...>
9596  openat(AT_FDCWD, "/home/capstone/project/test_files/000579.gz", O_RDWR|O_LARGEFILE|O_CLOEXEC) = 131
9596  openat(AT_FDCWD, "/home/capstone/project/test_files/000254.doc", O_RDWR|O_LARGEFILE|O_CLOEXEC) = 131
9596  openat(AT_FDCWD, "/home/capstone/project/test_files/000113.doc", O_RDWR|O_LARGEFILE|O_CLOEXEC) = 131
9596  openat(AT_FDCWD, "/home/capstone/project/test_files/000807.pdf", O_RDWR|O_LARGEFILE|O_CLOEXEC) = 131
9596  openat(AT_FDCWD, "/home/capstone/project/test_files/000106.txt", O_RDWR|O_LARGEFILE|O_CLOEXEC) = 131
9596  openat(AT_FDCWD, "/home/capstone/project/test_files/000427.html", O_RDWR|O_LARGEFILE|O_CLOEXEC) = 131
9589  openat(AT_FDCWD, "/home/capstone/project/test_files/checkpoints-000355.pdf.dkrpx75", O_RDWR|O_CREAT|O_TRUNC|O_LARGEFILE|O_CLOEXEC, 0666 <unfinished ...>
9596  openat(AT_FDCWD, "/home/capstone/project/test_files/000893.html", O_RDWR|O_LARGEFILE|O_CLOEXEC <unfinished ...>
9587  openat(AT_FDCWD, "/home/capstone/project/test_files/000388.xls", O_RDWR|O_LARGEFILE|O_CLOEXEC <unfinished ...>
9596  openat(AT_FDCWD, "/home/capstone/project/test_files/000472.txt", O_RDWR|O_LARGEFILE|O_CLOEXEC <unfinished ...>
9596  openat(AT_FDCWD, "/home/capstone/project/test_files/000411.html", O_RDWR|O_LARGEFILE|O_CLOEXEC) = 90
9592  unlink("/home/capstone/project/test_files/checkpoints-000255.doc.dkrpx75" <unfinished ...>
9596  openat(AT_FDCWD, "/home/capstone/project/test_files/000909.jpg", O_RDWR|O_LARGEFILE|O_CLOEXEC <unfinished ...>
9596  openat(AT_FDCWD, "/home/capstone/project/test_files/000141.pdf", O_RDWR|O_LARGEFILE|O_CLOEXEC) = 90
9596  openat(AT_FDCWD, "/home/capstone/project/test_files/000510.jpg", O_RDWR|O_LARGEFILE|O_CLOEXEC) = 90
9596  openat(AT_FDCWD, "/home/capstone/project/test_files/000613.html", O_RDWR|O_LARGEFILE|O_CLOEXEC) = 90
9588  openat(AT_FDCWD, "/home/capstone/project/test_files/000192.html", O_RDWR|O_LARGEFILE|O_CLOEXEC <unfinished ...>
9596  openat(AT_FDCWD, "/home/capstone/project/test_files/000356.pdf", O_RDWR|O_LARGEFILE|O_CLOEXEC) = 90
9587  openat(AT_FDCWD, "/home/capstone/project/test_files/000736.gz", O_RDWR|O_LARGEFILE|O_CLOEXEC <unfinished ...>
9596  openat(AT_FDCWD, "/home/capstone/project/test_files/000911.doc", O_RDWR|O_LARGEFILE|O_CLOEXEC) = 90
9596  openat(AT_FDCWD, "/home/capstone/project/test_files/000259.doc", O_RDWR|O_LARGEFILE|O_CLOEXEC) = 90
9596  openat(AT_FDCWD, "/home/capstone/project/test_files/000051.xls", O_RDWR|O_LARGEFILE|O_CLOEXEC) = 90
9588  openat(AT_FDCWD, "/home/capstone/project/test_files/000667.txt", O_RDWR|O_LARGEFILE|O_CLOEXEC <unfinished ...>
9596  openat(AT_FDCWD, "/home/capstone/project/test_files/000704.xml", O_RDWR|O_LARGEFILE|O_CLOEXEC <unfinished ...>
9596  openat(AT_FDCWD, "/home/capstone/project/test_files/000648.txt", O_RDWR|O_LARGEFILE|O_CLOEXEC <unfinished ...>
9587  openat(AT_FDCWD, "/home/capstone/project/test_files/000266.pdf", O_RDWR|O_LARGEFILE|O_CLOEXEC <unfinished ...>
9596  openat(AT_FDCWD, "/home/capstone/project/test_files/000178.html", O_RDWR|O_LARGEFILE|O_CLOEXEC <unfinished ...>
9588  openat(AT_FDCWD, "/home/capstone/project/test_files/000508.jpg", O_RDWR|O_LARGEFILE|O_CLOEXEC <unfinished ...>
9596  openat(AT_FDCWD, "/home/capstone/project/test_files/000114.doc", O_RDWR|O_LARGEFILE|O_CLOEXEC <unfinished ...>
9596  openat(AT_FDCWD, "/home/capstone/project/test_files/000599.html", O_RDWR|O_LARGEFILE|O_CLOEXEC) = 141
9596  openat(AT_FDCWD, "/home/capstone/project/test_files/000749.html", O_RDWR|O_LARGEFILE|O_CLOEXEC) = 141
9587  openat(AT_FDCWD, "/home/capstone/project/test_files/000789.html", O_RDWR|O_LARGEFILE|O_CLOEXEC <unfinished ...>
9596  openat(AT_FDCWD, "/home/capstone/project/test_files/000947.html", O_RDWR|O_LARGEFILE|O_CLOEXEC <unfinished ...>
9596  openat(AT_FDCWD, "/home/capstone/project/test_files/000435.html", O_RDWR|O_LARGEFILE|O_CLOEXEC) = 142
9596  openat(AT_FDCWD, "/home/capstone/project/test_files/000891.html", O_RDWR|O_LARGEFILE|O_CLOEXEC <unfinished ...>
9596  openat(AT_FDCWD, "/home/capstone/project/test_files/000251.pdf", O_RDWR|O_LARGEFILE|O_CLOEXEC) = 142
9596  openat(AT_FDCWD, "/home/capstone/project/test_files/000980.ps", O_RDWR|O_LARGEFILE|O_CLOEXEC) = 142
9596  openat(AT_FDCWD, "/home/capstone/project/test_files/000941.txt", O_RDWR|O_LARGEFILE|O_CLOEXEC) = 142
9596  openat(AT_FDCWD, "/home/capstone/project/test_files/000073.html", O_RDWR|O_LARGEFILE|O_CLOEXEC) = 142
9596  openat(AT_FDCWD, "/home/capstone/project/test_files/000797.html", O_RDWR|O_LARGEFILE|O_CLOEXEC) = 142
9596  openat(AT_FDCWD, "/home/capstone/project/test_files/000490.txt", O_RDWR|O_LARGEFILE|O_CLOEXEC) = 142
9596  openat(AT_FDCWD, "/home/capstone/project/test_files/000552.html", O_RDWR|O_LARGEFILE|O_CLOEXEC) = 142
9596  openat(AT_FDCWD, "/home/capstone/project/test_files/000140.pdf", O_RDWR|O_LARGEFILE|O_CLOEXEC <unfinished ...>
9589  rename("/home/capstone/project/test_files/000379.pdf", "/home/capstone/project/test_files/000379.pdf.dkrpx75" <unfinished ...>
9591  rename("/home/capstone/project/test_files/000084.txt", "/home/capstone/project/test_files/000084.txt.dkrpx75" <unfinished ...>
9588  openat(AT_FDCWD, "/home/capstone/project/test_files/000456.html", O_RDWR|O_LARGEFILE|O_CLOEXEC) = 143
9591  openat(AT_FDCWD, "/home/capstone/project/test_files/000084.txt.dkrpx75", O_RDWR|O_LARGEFILE|O_CLOEXEC <unfinished ...>
9587  openat(AT_FDCWD, "/home/capstone/project/test_files/000852.txt", O_RDWR|O_LARGEFILE|O_CLOEXEC <unfinished ...>
9596  openat(AT_FDCWD, "/home/capstone/project/test_files/000367.pdf", O_RDWR|O_LARGEFILE|O_CLOEXEC) = 145
9589  openat(AT_FDCWD, "/home/capstone/project/test_files/000379.pdf.dkrpx75", O_RDWR|O_LARGEFILE|O_CLOEXEC <unfinished ...>
9588  openat(AT_FDCWD, "/home/capstone/project/test_files/000325.pdf", O_RDWR|O_LARGEFILE|O_CLOEXEC <unfinished ...>
9596  openat(AT_FDCWD, "/home/capstone/project/test_files/000329.ppt", O_RDWR|O_LARGEFILE|O_CLOEXEC) = 145
9596  openat(AT_FDCWD, "/home/capstone/project/test_files/000454.html", O_RDWR|O_LARGEFILE|O_CLOEXEC <unfinished ...>
9587  openat(AT_FDCWD, "/home/capstone/project/test_files/000600.html", O_RDWR|O_LARGEFILE|O_CLOEXEC <unfinished ...>
9590  unlink("/home/capstone/project/test_files/checkpoints-000986.ppt.dkrpx75" <unfinished ...>
9588  openat(AT_FDCWD, "/home/capstone/project/test_files/000467.txt", O_RDWR|O_LARGEFILE|O_CLOEXEC <unfinished ...>
9596  openat(AT_FDCWD, "/home/capstone/project/test_files/000869.jpg", O_RDWR|O_LARGEFILE|O_CLOEXEC <unfinished ...>
9587  openat(AT_FDCWD, "/home/capstone/project/test_files/000092.txt", O_RDWR|O_LARGEFILE|O_CLOEXEC <unfinished ...>
9596  openat(AT_FDCWD, "/home/capstone/project/test_files/000838.pdf", O_RDWR|O_LARGEFILE|O_CLOEXEC) = 148
9596  openat(AT_FDCWD, "/home/capstone/project/test_files/000169.ppt", O_RDWR|O_LARGEFILE|O_CLOEXEC) = 148
9588  openat(AT_FDCWD, "/home/capstone/project/test_files/000280.pdf", O_RDWR|O_LARGEFILE|O_CLOEXEC <unfinished ...>
9596  openat(AT_FDCWD, "/home/capstone/project/test_files/000559.ppt", O_RDWR|O_LARGEFILE|O_CLOEXEC) = 123
9596  openat(AT_FDCWD, "/home/capstone/project/test_files/000504.txt", O_RDWR|O_LARGEFILE|O_CLOEXEC) = 123
9587  openat(AT_FDCWD, "/home/capstone/project/test_files/000686.doc", O_RDWR|O_LARGEFILE|O_CLOEXEC) = 148
9596  openat(AT_FDCWD, "/home/capstone/project/test_files/000690.csv", O_RDWR|O_LARGEFILE|O_CLOEXEC) = 123
9596  openat(AT_FDCWD, "/home/capstone/project/test_files/000964.doc", O_RDWR|O_LARGEFILE|O_CLOEXEC <unfinished ...>
9589  openat(AT_FDCWD, "/home/capstone/project/test_files/checkpoints-000379.pdf.dkrpx75", O_RDWR|O_CREAT|O_TRUNC|O_LARGEFILE|O_CLOEXEC, 0666 <unfinished ...>
9587  openat(AT_FDCWD, "/home/capstone/project/test_files/000053.xls", O_RDWR|O_LARGEFILE|O_CLOEXEC <unfinished ...>
9596  openat(AT_FDCWD, "/home/capstone/project/test_files/000649.txt", O_RDWR|O_LARGEFILE|O_CLOEXEC) = 123
9588  openat(AT_FDCWD, "/home/capstone/project/test_files/000300.ppt", O_RDWR|O_LARGEFILE|O_CLOEXEC <unfinished ...>
9596  openat(AT_FDCWD, "/home/capstone/project/test_files/000874.jpg", O_RDWR|O_LARGEFILE|O_CLOEXEC) = 152
9587  openat(AT_FDCWD, "/home/capstone/project/test_files/000601.html", O_RDWR|O_LARGEFILE|O_CLOEXEC) = 153
9596  openat(AT_FDCWD, "/home/capstone/project/test_files/000105.txt", O_RDWR|O_LARGEFILE|O_CLOEXEC) = 152
9587  openat(AT_FDCWD, "/home/capstone/project/test_files/000480.txt", O_RDWR|O_LARGEFILE|O_CLOEXEC <unfinished ...>
9596  openat(AT_FDCWD, "/home/capstone/project/test_files/000818.pdf", O_RDWR|O_LARGEFILE|O_CLOEXEC <unfinished ...>
9588  openat(AT_FDCWD, "/home/capstone/project/test_files/ziUrAJ8W", O_RDWR|O_LARGEFILE|O_CLOEXEC <unfinished ...>
9596  openat(AT_FDCWD, "/home/capstone/project/test_files/000283.doc", O_RDWR|O_LARGEFILE|O_CLOEXEC) = 154
9596  openat(AT_FDCWD, "/home/capstone/project/test_files/000179.html", O_RDWR|O_LARGEFILE|O_CLOEXEC) = 154
9596  openat(AT_FDCWD, "/home/capstone/project/test_files/000115.wp", O_RDWR|O_LARGEFILE|O_CLOEXEC) = 154
9596  openat(AT_FDCWD, "/home/capstone/project/test_files/000637.html", O_RDWR|O_LARGEFILE|O_CLOEXEC) = 154
9596  openat(AT_FDCWD, "/home/capstone/project/test_files/000917.html", O_RDWR|O_LARGEFILE|O_CLOEXEC) = 154
9596  openat(AT_FDCWD, "/home/capstone/project/test_files/000589.pdf", O_RDWR|O_LARGEFILE|O_CLOEXEC) = 154
9596  openat(AT_FDCWD, "/home/capstone/project/test_files/000760.pdf", O_RDWR|O_LARGEFILE|O_CLOEXEC) = 154
9596  openat(AT_FDCWD, "/home/capstone/project/test_files/000837.txt", O_RDWR|O_LARGEFILE|O_CLOEXEC) = 154
9596  openat(AT_FDCWD, "/home/capstone/project/test_files/000524.jpg", O_RDWR|O_LARGEFILE|O_CLOEXEC) = 154
9596  openat(AT_FDCWD, "/home/capstone/project/test_files/000420.html", O_RDWR|O_LARGEFILE|O_CLOEXEC) = 154
9596  openat(AT_FDCWD, "/home/capstone/project/test_files/000520.gif", O_RDWR|O_LARGEFILE|O_CLOEXEC) = 154
9596  openat(AT_FDCWD, "/home/capstone/project/test_files/000578.pdf", O_RDWR|O_LARGEFILE|O_CLOEXEC) = 154
9596  openat(AT_FDCWD, "/home/capstone/project/test_files/000338.pdf", O_RDWR|O_LARGEFILE|O_CLOEXEC) = 154
9596  openat(AT_FDCWD, "/home/capstone/project/test_files/000364.pdf", O_RDWR|O_LARGEFILE|O_CLOEXEC) = 154
9596  openat(AT_FDCWD, "/home/capstone/project/test_files/000261.doc", O_RDWR|O_LARGEFILE|O_CLOEXEC) = 154
9596  openat(AT_FDCWD, "/home/capstone/project/test_files/000551.jpg", O_RDWR|O_LARGEFILE|O_CLOEXEC) = 154
9596  openat(AT_FDCWD, "/home/capstone/project/test_files/000871.jpg", O_RDWR|O_LARGEFILE|O_CLOEXEC) = 154
9596  openat(AT_FDCWD, "/home/capstone/project/test_files/000596.pdf", O_RDWR|O_LARGEFILE|O_CLOEXEC) = 154
9596  openat(AT_FDCWD, "/home/capstone/project/test_files/000199.html", O_RDWR|O_LARGEFILE|O_CLOEXEC) = 154
9596  openat(AT_FDCWD, "/home/capstone/project/test_files/000835.txt", O_RDWR|O_LARGEFILE|O_CLOEXEC) = 154
9596  openat(AT_FDCWD, "/home/capstone/project/test_files/000017.swf", O_RDWR|O_LARGEFILE|O_CLOEXEC <unfinished ...>
9587  openat(AT_FDCWD, "/home/capstone/project/test_files/000808.html", O_RDWR|O_LARGEFILE|O_CLOEXEC <unfinished ...>
9596  openat(AT_FDCWD, "/home/capstone/project/test_files/000244.jpg", O_RDWR|O_LARGEFILE|O_CLOEXEC <unfinished ...>
9591  openat(AT_FDCWD, "/home/capstone/project/test_files/checkpoints-000084.txt.dkrpx75", O_RDWR|O_CREAT|O_TRUNC|O_LARGEFILE|O_CLOEXEC, 0666 <unfinished ...>
9587  openat(AT_FDCWD, "/home/capstone/project/test_files/000175.ppt", O_RDWR|O_LARGEFILE|O_CLOEXEC <unfinished ...>
9588  openat(AT_FDCWD, "/home/capstone/project/test_files/000170.xls", O_RDWR|O_LARGEFILE|O_CLOEXEC <unfinished ...>
9596  openat(AT_FDCWD, "/home/capstone/project/test_files/000742.pdf", O_RDWR|O_LARGEFILE|O_CLOEXEC) = 159
9590  unlink("/home/capstone/project/test_files/checkpoints-000355.pdf.dkrpx75" <unfinished ...>
9596  openat(AT_FDCWD, "/home/capstone/project/test_files/000725.ppt", O_RDWR|O_LARGEFILE|O_CLOEXEC) = 159
9596  openat(AT_FDCWD, "/home/capstone/project/test_files/000922.java", O_RDWR|O_LARGEFILE|O_CLOEXEC <unfinished ...>
9587  openat(AT_FDCWD, "/home/capstone/project/test_files/000487.txt", O_RDWR|O_LARGEFILE|O_CLOEXEC <unfinished ...>
9596  openat(AT_FDCWD, "/home/capstone/project/test_files/000191.html", O_RDWR|O_LARGEFILE|O_CLOEXEC) = 137
9596  openat(AT_FDCWD, "/home/capstone/project/test_files/000663.pdf", O_RDWR|O_LARGEFILE|O_CLOEXEC <unfinished ...>
9596  openat(AT_FDCWD, "/home/capstone/project/test_files/000998.ppt", O_RDWR|O_LARGEFILE|O_CLOEXEC) = 137
9596  openat(AT_FDCWD, "/home/capstone/project/test_files/000162.pdf", O_RDWR|O_LARGEFILE|O_CLOEXEC) = 137
9596  openat(AT_FDCWD, "/home/capstone/project/test_files/000653.txt", O_RDWR|O_LARGEFILE|O_CLOEXEC) = 137
9589  rename("/home/capstone/project/test_files/000272.pdf", "/home/capstone/project/test_files/000272.pdf.dkrpx75" <unfinished ...>
9596  openat(AT_FDCWD, "/home/capstone/project/test_files/000905.jpg", O_RDWR|O_LARGEFILE|O_CLOEXEC) = 137
9589  openat(AT_FDCWD, "/home/capstone/project/test_files/000272.pdf.dkrpx75", O_RDWR|O_LARGEFILE|O_CLOEXEC <unfinished ...>
9587  openat(AT_FDCWD, "/home/capstone/project/test_files/000616.html", O_RDWR|O_LARGEFILE|O_CLOEXEC <unfinished ...>
9596  openat(AT_FDCWD, "/home/capstone/project/test_files/000681.jpg", O_RDWR|O_LARGEFILE|O_CLOEXEC) = 137
9596  openat(AT_FDCWD, "/home/capstone/project/test_files/000306.ppt", O_RDWR|O_LARGEFILE|O_CLOEXEC) = 137
9596  openat(AT_FDCWD, "/home/capstone/project/test_files/000498.txt", O_RDWR|O_LARGEFILE|O_CLOEXEC) = 137
9596  openat(AT_FDCWD, "/home/capstone/project/test_files/000531.jpg", O_RDWR|O_LARGEFILE|O_CLOEXEC <unfinished ...>
9588  openat(AT_FDCWD, "/home/capstone/project/test_files/000481.txt", O_RDWR|O_LARGEFILE|O_CLOEXEC <unfinished ...>
9596  openat(AT_FDCWD, "/home/capstone/project/test_files/000390.xls", O_RDWR|O_LARGEFILE|O_CLOEXEC <unfinished ...>
9587  openat(AT_FDCWD, "/home/capstone/project/test_files/000577.pdf", O_RDWR|O_LARGEFILE|O_CLOEXEC <unfinished ...>
9596  openat(AT_FDCWD, "/home/capstone/project/test_files/000705.doc", O_RDWR|O_LARGEFILE|O_CLOEXEC <unfinished ...>
9588  openat(AT_FDCWD, "/home/capstone/project/test_files/000634.html", O_RDWR|O_LARGEFILE|O_CLOEXEC <unfinished ...>
9596  openat(AT_FDCWD, "/home/capstone/project/test_files/000658.txt", O_RDWR|O_LARGEFILE|O_CLOEXEC) = 137
9592  unlink("/home/capstone/project/test_files/checkpoints-000174.ppt.dkrpx75" <unfinished ...>
9596  openat(AT_FDCWD, "/home/capstone/project/test_files/000296.ppt", O_RDWR|O_LARGEFILE|O_CLOEXEC) = 137
9596  openat(AT_FDCWD, "/home/capstone/project/test_files/000737.pdf", O_RDWR|O_LARGEFILE|O_CLOEXEC) = 137
9588  openat(AT_FDCWD, "/home/capstone/project/test_files/000228.txt", O_RDWR|O_LARGEFILE|O_CLOEXEC <unfinished ...>
9596  openat(AT_FDCWD, "/home/capstone/project/test_files/000958.doc", O_RDWR|O_LARGEFILE|O_CLOEXEC) = 137
9596  openat(AT_FDCWD, "/home/capstone/project/test_files/000794.html", O_RDWR|O_LARGEFILE|O_CLOEXEC) = 137
9596  openat(AT_FDCWD, "/home/capstone/project/test_files/000763.pdf", O_RDWR|O_LARGEFILE|O_CLOEXEC) = 137
9596  openat(AT_FDCWD, "/home/capstone/project/test_files/000924.txt", O_RDWR|O_LARGEFILE|O_CLOEXEC <unfinished ...>
9589  openat(AT_FDCWD, "/home/capstone/project/test_files/checkpoints-000272.pdf.dkrpx75", O_RDWR|O_CREAT|O_TRUNC|O_LARGEFILE|O_CLOEXEC, 0666 <unfinished ...>
9596  openat(AT_FDCWD, "/home/capstone/project/test_files/000938.txt", O_RDWR|O_LARGEFILE|O_CLOEXEC) = 137
9596  openat(AT_FDCWD, "/home/capstone/project/test_files/000304.ppt", O_RDWR|O_LARGEFILE|O_CLOEXEC) = 137
9596  openat(AT_FDCWD, "/home/capstone/project/test_files/000032.xls", O_RDWR|O_LARGEFILE|O_CLOEXEC) = 137
9591  rename("/home/capstone/project/test_files/000881.jpg", "/home/capstone/project/test_files/000881.jpg.dkrpx75" <unfinished ...>
9596  openat(AT_FDCWD, "/home/capstone/project/test_files/000715.ppt", O_RDWR|O_LARGEFILE|O_CLOEXEC) = 137
9591  openat(AT_FDCWD, "/home/capstone/project/test_files/000881.jpg.dkrpx75", O_RDWR|O_LARGEFILE|O_CLOEXEC <unfinished ...>
9588  openat(AT_FDCWD, "/home/capstone/project/test_files/000097.ps", O_RDWR|O_LARGEFILE|O_CLOEXEC <unfinished ...>
9587  openat(AT_FDCWD, "/home/capstone/project/test_files/000444.pdf", O_RDWR|O_LARGEFILE|O_CLOEXEC <unfinished ...>
9596  openat(AT_FDCWD, "/home/capstone/project/test_files/000343.pdf", O_RDWR|O_LARGEFILE|O_CLOEXEC <unfinished ...>
9596  openat(AT_FDCWD, "/home/capstone/project/test_files/000935.txt", O_RDWR|O_LARGEFILE|O_CLOEXEC) = 137
9596  openat(AT_FDCWD, "/home/capstone/project/test_files/000547.pdf", O_RDWR|O_LARGEFILE|O_CLOEXEC) = 137
9596  openat(AT_FDCWD, "/home/capstone/project/test_files/000009.pdf", O_RDWR|O_LARGEFILE|O_CLOEXEC) = 137
9596  openat(AT_FDCWD, "/home/capstone/project/test_files/000695.doc", O_RDWR|O_LARGEFILE|O_CLOEXEC <unfinished ...>
9596  openat(AT_FDCWD, "/home/capstone/project/test_files/000662.txt", O_RDWR|O_LARGEFILE|O_CLOEXEC) = 137
9596  openat(AT_FDCWD, "/home/capstone/project/test_files/000554.html", O_RDWR|O_LARGEFILE|O_CLOEXEC) = 137
9596  openat(AT_FDCWD, "/home/capstone/project/test_files/000656.txt", O_RDWR|O_LARGEFILE|O_CLOEXEC) = 137
9596  openat(AT_FDCWD, "/home/capstone/project/test_files/000233.gif", O_RDWR|O_LARGEFILE|O_CLOEXEC) = 137
9596  openat(AT_FDCWD, "/home/capstone/project/test_files/000160.ppt", O_RDWR|O_LARGEFILE|O_CLOEXEC) = 137
9596  openat(AT_FDCWD, "/home/capstone/project/test_files/000493.xml", O_RDWR|O_LARGEFILE|O_CLOEXEC) = 137
9596  openat(AT_FDCWD, "/home/capstone/project/test_files/000829.txt", O_RDWR|O_LARGEFILE|O_CLOEXEC) = 137
9596  openat(AT_FDCWD, "/home/capstone/project/test_files/000953.doc", O_RDWR|O_LARGEFILE|O_CLOEXEC) = 137
9596  openat(AT_FDCWD, "/home/capstone/project/test_files/000317.ppt", O_RDWR|O_LARGEFILE|O_CLOEXEC) = 137
9596  openat(AT_FDCWD, "/home/capstone/project/test_files/000368.pdf", O_RDWR|O_LARGEFILE|O_CLOEXEC) = 137
9596  openat(AT_FDCWD, "/home/capstone/project/test_files/000413.html", O_RDWR|O_LARGEFILE|O_CLOEXEC) = 137
9596  openat(AT_FDCWD, "/home/capstone/project/test_files/000247.jpg", O_RDWR|O_LARGEFILE|O_CLOEXEC) = 137
9596  openat(AT_FDCWD, "/home/capstone/project/test_files/000751.pdf", O_RDWR|O_LARGEFILE|O_CLOEXEC <unfinished ...>
9588  openat(AT_FDCWD, "/home/capstone/project/test_files/000977.doc", O_RDWR|O_LARGEFILE|O_CLOEXEC <unfinished ...>
9587  openat(AT_FDCWD, "/home/capstone/project/test_files/000130.doc", O_RDWR|O_LARGEFILE|O_CLOEXEC <unfinished ...>
9596  openat(AT_FDCWD, "/home/capstone/project/test_files/000326.ppt", O_RDWR|O_LARGEFILE|O_CLOEXEC <unfinished ...>
9596  openat(AT_FDCWD, "/home/capstone/project/test_files/000834.pdf", O_RDWR|O_LARGEFILE|O_CLOEXEC) = 168
9596  openat(AT_FDCWD, "/home/capstone/project/test_files/000310.ppt", O_RDWR|O_LARGEFILE|O_CLOEXEC <unfinished ...>
9587  openat(AT_FDCWD, "/home/capstone/project/test_files/000832.txt", O_RDWR|O_LARGEFILE|O_CLOEXEC <unfinished ...>
9588  openat(AT_FDCWD, "/home/capstone/project/test_files/000722.csv", O_RDWR|O_LARGEFILE|O_CLOEXEC <unfinished ...>
9596  openat(AT_FDCWD, "/home/capstone/project/test_files/000099.ps", O_RDWR|O_LARGEFILE|O_CLOEXEC) = 168
9587  openat(AT_FDCWD, "/home/capstone/project/test_files/000177.pdf", O_RDWR|O_LARGEFILE|O_CLOEXEC <unfinished ...>
9596  openat(AT_FDCWD, "/home/capstone/project/test_files/000936.txt", O_RDWR|O_LARGEFILE|O_CLOEXEC <unfinished ...>
9590  unlink("/home/capstone/project/test_files/checkpoints-000379.pdf.dkrpx75" <unfinished ...>
9596  openat(AT_FDCWD, "/home/capstone/project/test_files/000753.pdf", O_RDWR|O_LARGEFILE|O_CLOEXEC <unfinished ...>
9589  rename("/home/capstone/project/test_files/000638.html", "/home/capstone/project/test_files/000638.html.dkrpx75" <unfinished ...>
9588  openat(AT_FDCWD, "/home/capstone/project/test_files/000044.xls", O_RDWR|O_LARGEFILE|O_CLOEXEC <unfinished ...>
9587  openat(AT_FDCWD, "/home/capstone/project/test_files/000660.txt", O_RDWR|O_LARGEFILE|O_CLOEXEC <unfinished ...>
9596  openat(AT_FDCWD, "/home/capstone/project/test_files/000021.pdf", O_RDWR|O_LARGEFILE|O_CLOEXEC <unfinished ...>
9589  openat(AT_FDCWD, "/home/capstone/project/test_files/000638.html.dkrpx75", O_RDWR|O_LARGEFILE|O_CLOEXEC <unfinished ...>
9588  openat(AT_FDCWD, "/home/capstone/project/test_files/000931.txt", O_RDWR|O_LARGEFILE|O_CLOEXEC <unfinished ...>
9596  openat(AT_FDCWD, "/home/capstone/project/test_files/000840.pdf", O_RDWR|O_LARGEFILE|O_CLOEXEC) = 171
9587  openat(AT_FDCWD, "/home/capstone/project/test_files/000197.html", O_RDWR|O_LARGEFILE|O_CLOEXEC <unfinished ...>
9596  openat(AT_FDCWD, "/home/capstone/project/test_files/000918.html", O_RDWR|O_LARGEFILE|O_CLOEXEC <unfinished ...>
9596  openat(AT_FDCWD, "/home/capstone/project/test_files/000558.ppt", O_RDWR|O_LARGEFILE|O_CLOEXEC <unfinished ...>
9587  openat(AT_FDCWD, "/home/capstone/project/test_files/000360.pdf", O_RDWR|O_LARGEFILE|O_CLOEXEC <unfinished ...>
9588  openat(AT_FDCWD, "/home/capstone/project/test_files/000661.txt", O_RDWR|O_LARGEFILE|O_CLOEXEC <unfinished ...>
9596  openat(AT_FDCWD, "/home/capstone/project/test_files/000348.pdf", O_RDWR|O_LARGEFILE|O_CLOEXEC <unfinished ...>
9596  openat(AT_FDCWD, "/home/capstone/project/test_files/000080.html", O_RDWR|O_LARGEFILE|O_CLOEXEC) = 176
9591  openat(AT_FDCWD, "/home/capstone/project/test_files/checkpoints-000881.jpg.dkrpx75", O_RDWR|O_CREAT|O_TRUNC|O_LARGEFILE|O_CLOEXEC, 0666 <unfinished ...>
9587  openat(AT_FDCWD, "/home/capstone/project/test_files/000341.pdf", O_RDWR|O_LARGEFILE|O_CLOEXEC <unfinished ...>
9596  openat(AT_FDCWD, "/home/capstone/project/test_files/000406.xls", O_RDWR|O_LARGEFILE|O_CLOEXEC) = 176
9596  openat(AT_FDCWD, "/home/capstone/project/test_files/000945.pdf", O_RDWR|O_LARGEFILE|O_CLOEXEC) = 176
9596  openat(AT_FDCWD, "/home/capstone/project/test_files/000137.pdf", O_RDWR|O_LARGEFILE|O_CLOEXEC) = 176
9596  openat(AT_FDCWD, "/home/capstone/project/test_files/000060.html", O_RDWR|O_LARGEFILE|O_CLOEXEC) = 176
9596  openat(AT_FDCWD, "/home/capstone/project/test_files/000248.doc", O_RDWR|O_LARGEFILE|O_CLOEXEC) = 176
9588  openat(AT_FDCWD, "/home/capstone/project/test_files/000669.txt", O_RDWR|O_LARGEFILE|O_CLOEXEC <unfinished ...>
9587  openat(AT_FDCWD, "/home/capstone/project/test_files/000990.ppt", O_RDWR|O_LARGEFILE|O_CLOEXEC <unfinished ...>
9596  openat(AT_FDCWD, "/home/capstone/project/test_files/000495.unk", O_RDWR|O_LARGEFILE|O_CLOEXEC) = 180
9596  openat(AT_FDCWD, "/home/capstone/project/test_files/000439.html", O_RDWR|O_LARGEFILE|O_CLOEXEC) = 180
9596  openat(AT_FDCWD, "/home/capstone/project/test_files/000841.txt", O_RDWR|O_LARGEFILE|O_CLOEXEC) = 180
9596  openat(AT_FDCWD, "/home/capstone/project/test_files/000256.doc", O_RDWR|O_LARGEFILE|O_CLOEXEC <unfinished ...>
9596  openat(AT_FDCWD, "/home/capstone/project/test_files/000750.pdf", O_RDWR|O_LARGEFILE|O_CLOEXEC <unfinished ...>
9596  openat(AT_FDCWD, "/home/capstone/project/test_files/000463.txt", O_RDWR|O_LARGEFILE|O_CLOEXEC) = 180
9596  openat(AT_FDCWD, "/home/capstone/project/test_files/000597.html", O_RDWR|O_LARGEFILE|O_CLOEXEC) = 180
9596  openat(AT_FDCWD, "/home/capstone/project/test_files/000386.xls", O_RDWR|O_LARGEFILE|O_CLOEXEC) = 180
9596  openat(AT_FDCWD, "/home/capstone/project/test_files/000119.doc", O_RDWR|O_LARGEFILE|O_CLOEXEC) = 180
9596  openat(AT_FDCWD, "/home/capstone/project/test_files/000972.gif", O_RDWR|O_LARGEFILE|O_CLOEXEC) = 180
9596  openat(AT_FDCWD, "/home/capstone/project/test_files/000942.txt", O_RDWR|O_LARGEFILE|O_CLOEXEC) = 180
9596  openat(AT_FDCWD, "/home/capstone/project/test_files/000784.html", O_RDWR|O_LARGEFILE|O_CLOEXEC) = 180
9596  openat(AT_FDCWD, "/home/capstone/project/test_files/000539.jpg", O_RDWR|O_LARGEFILE|O_CLOEXEC) = 180
9596  openat(AT_FDCWD, "/home/capstone/project/test_files/000253.doc", O_RDWR|O_LARGEFILE|O_CLOEXEC) = 180
9596  openat(AT_FDCWD, "/home/capstone/project/test_files/000889.jpg", O_RDWR|O_LARGEFILE|O_CLOEXEC) = 180
9596  openat(AT_FDCWD, "/home/capstone/project/test_files/000127.doc", O_RDWR|O_LARGEFILE|O_CLOEXEC) = 180
9596  openat(AT_FDCWD, "/home/capstone/project/test_files/000378.xls", O_RDWR|O_LARGEFILE|O_CLOEXEC) = 180
9596  openat(AT_FDCWD, "/home/capstone/project/test_files/000765.log", O_RDWR|O_LARGEFILE|O_CLOEXEC <unfinished ...>
9588  openat(AT_FDCWD, "/home/capstone/project/test_files/000795.doc", O_RDWR|O_LARGEFILE|O_CLOEXEC <unfinished ...>
9587  openat(AT_FDCWD, "/home/capstone/project/test_files/000025.pdf", O_RDWR|O_LARGEFILE|O_CLOEXEC <unfinished ...>
9596  openat(AT_FDCWD, "/home/capstone/project/test_files/000258.rtf", O_RDWR|O_LARGEFILE|O_CLOEXEC) = 180
9589  openat(AT_FDCWD, "/home/capstone/project/test_files/checkpoints-000638.html.dkrpx75", O_RDWR|O_CREAT|O_TRUNC|O_LARGEFILE|O_CLOEXEC, 0666 <unfinished ...>
9596  openat(AT_FDCWD, "/home/capstone/project/test_files/000337.pdf", O_RDWR|O_LARGEFILE|O_CLOEXEC <unfinished ...>
9596  openat(AT_FDCWD, "/home/capstone/project/test_files/000989.ppt", O_RDWR|O_LARGEFILE|O_CLOEXEC) = 180
9592  unlink("/home/capstone/project/test_files/checkpoints-000084.txt.dkrpx75" <unfinished ...>
9587  openat(AT_FDCWD, "/home/capstone/project/test_files/000142.pdf", O_RDWR|O_LARGEFILE|O_CLOEXEC) = 184
9588  openat(AT_FDCWD, "/home/capstone/project/test_files/000799.doc", O_RDWR|O_LARGEFILE|O_CLOEXEC <unfinished ...>
9590  unlink("/home/capstone/project/test_files/checkpoints-000272.pdf.dkrpx75" <unfinished ...>
9596  openat(AT_FDCWD, "/home/capstone/project/test_files/000856.txt", O_RDWR|O_LARGEFILE|O_CLOEXEC) = 185
9588  openat(AT_FDCWD, "/home/capstone/project/test_files/000548.gif", O_RDWR|O_LARGEFILE|O_CLOEXEC <unfinished ...>
9587  openat(AT_FDCWD, "/home/capstone/project/test_files/000991.ppt", O_RDWR|O_LARGEFILE|O_CLOEXEC <unfinished ...>
9596  openat(AT_FDCWD, "/home/capstone/project/test_files/000236.pdf", O_RDWR|O_LARGEFILE|O_CLOEXEC) = 185
9591  rename("/home/capstone/project/test_files/000786.gz", "/home/capstone/project/test_files/000786.gz.dkrpx75" <unfinished ...>
9596  openat(AT_FDCWD, "/home/capstone/project/test_files/000652.txt", O_RDWR|O_LARGEFILE|O_CLOEXEC) = 164
9587  openat(AT_FDCWD, "/home/capstone/project/test_files/000301.ppt", O_RDWR|O_LARGEFILE|O_CLOEXEC <unfinished ...>
9596  openat(AT_FDCWD, "/home/capstone/project/test_files/000982.ppt", O_RDWR|O_LARGEFILE|O_CLOEXEC <unfinished ...>
9591  openat(AT_FDCWD, "/home/capstone/project/test_files/000786.gz.dkrpx75", O_RDWR|O_LARGEFILE|O_CLOEXEC <unfinished ...>
9596  openat(AT_FDCWD, "/home/capstone/project/test_files/000426.html", O_RDWR|O_LARGEFILE|O_CLOEXEC) = 185
9588  openat(AT_FDCWD, "/home/capstone/project/test_files/000541.jpg", O_RDWR|O_LARGEFILE|O_CLOEXEC <unfinished ...>
9596  openat(AT_FDCWD, "/home/capstone/project/test_files/000452.html", O_RDWR|O_LARGEFILE|O_CLOEXEC) = 185
9596  openat(AT_FDCWD, "/home/capstone/project/test_files/000654.txt", O_RDWR|O_LARGEFILE|O_CLOEXEC) = 185
9596  openat(AT_FDCWD, "/home/capstone/project/test_files/000895.html", O_RDWR|O_LARGEFILE|O_CLOEXEC) = 185
9596  openat(AT_FDCWD, "/home/capstone/project/test_files/000536.jpg", O_RDWR|O_LARGEFILE|O_CLOEXEC) = 185
9596  openat(AT_FDCWD, "/home/capstone/project/test_files/000919.html", O_RDWR|O_LARGEFILE|O_CLOEXEC) = 185
9596  openat(AT_FDCWD, "/home/capstone/project/test_files/000560.ppt", O_RDWR|O_LARGEFILE|O_CLOEXEC) = 185
9587  openat(AT_FDCWD, "/home/capstone/project/test_files/000883.jpg", O_RDWR|O_LARGEFILE|O_CLOEXEC <unfinished ...>
9588  openat(AT_FDCWD, "/home/capstone/project/test_files/000561.gif", O_RDWR|O_LARGEFILE|O_CLOEXEC <unfinished ...>
9587  openat(AT_FDCWD, "/home/capstone/project/test_files/000640.html", O_RDWR|O_LARGEFILE|O_CLOEXEC <unfinished ...>
9588  openat(AT_FDCWD, "/home/capstone/project/test_files/000528.jpg", O_RDWR|O_LARGEFILE|O_CLOEXEC <unfinished ...>
9596  openat(AT_FDCWD, "/home/capstone/project/test_files/000331.pdf", O_RDWR|O_LARGEFILE|O_CLOEXEC <unfinished ...>
9589  rename("/home/capstone/project/test_files/000567.pdf", "/home/capstone/project/test_files/000567.pdf.dkrpx75" <unfinished ...>
9588  openat(AT_FDCWD, "/home/capstone/project/test_files/000820.html", O_RDWR|O_LARGEFILE|O_CLOEXEC <unfinished ...>
9589  openat(AT_FDCWD, "/home/capstone/project/test_files/000567.pdf.dkrpx75", O_RDWR|O_LARGEFILE|O_CLOEXEC <unfinished ...>
9588  openat(AT_FDCWD, "/home/capstone/project/test_files/000062.html", O_RDWR|O_LARGEFILE|O_CLOEXEC) = 28
9588  openat(AT_FDCWD, "/home/capstone/project/test_files/000277.doc", O_RDWR|O_LARGEFILE|O_CLOEXEC) = 194
9596  openat(AT_FDCWD, "/home/capstone/project/test_files/000085.txt", O_RDWR|O_LARGEFILE|O_CLOEXEC <unfinished ...>
9591  openat(AT_FDCWD, "/home/capstone/project/test_files/checkpoints-000786.gz.dkrpx75", O_RDWR|O_CREAT|O_TRUNC|O_LARGEFILE|O_CLOEXEC, 0666 <unfinished ...>
9587  openat(AT_FDCWD, "/home/capstone/project/test_files/000083.unk", O_RDWR|O_LARGEFILE|O_CLOEXEC <unfinished ...>
9588  openat(AT_FDCWD, "/home/capstone/project/test_files/000321.ppt", O_RDWR|O_LARGEFILE|O_CLOEXEC <unfinished ...>
9587  openat(AT_FDCWD, "/home/capstone/project/test_files/000811.pdf", O_RDWR|O_LARGEFILE|O_CLOEXEC <unfinished ...>
9592  unlink("/home/capstone/project/test_files/checkpoints-000881.jpg.dkrpx75" <unfinished ...>
9588  openat(AT_FDCWD, "/home/capstone/project/test_files/000880.jpg", O_RDWR|O_LARGEFILE|O_CLOEXEC <unfinished ...>
9596  openat(AT_FDCWD, "/home/capstone/project/test_files/000273.doc", O_RDWR|O_LARGEFILE|O_CLOEXEC <unfinished ...>
9588  openat(AT_FDCWD, "/home/capstone/project/test_files/000525.gif", O_RDWR|O_LARGEFILE|O_CLOEXEC <unfinished ...>
9589  openat(AT_FDCWD, "/home/capstone/project/test_files/checkpoints-000567.pdf.dkrpx75", O_RDWR|O_CREAT|O_TRUNC|O_LARGEFILE|O_CLOEXEC, 0666) = 200
9587  openat(AT_FDCWD, "/home/capstone/project/test_files/000108.jpg", O_RDWR|O_LARGEFILE|O_CLOEXEC <unfinished ...>
9588  openat(AT_FDCWD, "/home/capstone/project/test_files/000626.txt", O_RDWR|O_LARGEFILE|O_CLOEXEC <unfinished ...>
9596  openat(AT_FDCWD, "/home/capstone/project/test_files/000238.jpg", O_RDWR|O_LARGEFILE|O_CLOEXEC) = 177
9588  openat(AT_FDCWD, "/home/capstone/project/test_files/000121.doc", O_RDWR|O_LARGEFILE|O_CLOEXEC) = 203
9587  openat(AT_FDCWD, "/home/capstone/project/test_files/000398.xls", O_RDWR|O_LARGEFILE|O_CLOEXEC) = 204
9596  openat(AT_FDCWD, "/home/capstone/project/test_files/000346.pdf", O_RDWR|O_LARGEFILE|O_CLOEXEC <unfinished ...>
9591  rename("/home/capstone/project/test_files/000802.doc", "/home/capstone/project/test_files/000802.doc.dkrpx75" <unfinished ...>
9587  openat(AT_FDCWD, "/home/capstone/project/test_files/000057.html", O_RDWR|O_LARGEFILE|O_CLOEXEC <unfinished ...>
9591  openat(AT_FDCWD, "/home/capstone/project/test_files/000802.doc.dkrpx75", O_RDWR|O_LARGEFILE|O_CLOEXEC <unfinished ...>
9588  openat(AT_FDCWD, "/home/capstone/project/test_files/000581.pdf", O_RDWR|O_LARGEFILE|O_CLOEXEC <unfinished ...>
9587  openat(AT_FDCWD, "/home/capstone/project/test_files/000623.html", O_RDWR|O_LARGEFILE|O_CLOEXEC <unfinished ...>
9588  openat(AT_FDCWD, "/home/capstone/project/test_files/000167.ppt", O_RDWR|O_LARGEFILE|O_CLOEXEC <unfinished ...>
9590  unlink("/home/capstone/project/test_files/checkpoints-000638.html.dkrpx75" <unfinished ...>
9587  openat(AT_FDCWD, "/home/capstone/project/test_files/000392.xls", O_RDWR|O_LARGEFILE|O_CLOEXEC) = 177
9596  openat(AT_FDCWD, "/home/capstone/project/test_files/000668.txt", O_RDWR|O_LARGEFILE|O_CLOEXEC <unfinished ...>
9588  openat(AT_FDCWD, "/home/capstone/project/test_files/000065.html", O_RDWR|O_LARGEFILE|O_CLOEXEC <unfinished ...>
9589  rename("/home/capstone/project/test_files/000155.pdf", "/home/capstone/project/test_files/000155.pdf.dkrpx75" <unfinished ...>
9589  openat(AT_FDCWD, "/home/capstone/project/test_files/000155.pdf.dkrpx75", O_RDWR|O_LARGEFILE|O_CLOEXEC <unfinished ...>
9587  openat(AT_FDCWD, "/home/capstone/project/test_files/000876.jpg", O_RDWR|O_LARGEFILE|O_CLOEXEC <unfinished ...>
9588  openat(AT_FDCWD, "/home/capstone/project/test_files/000916.html", O_RDWR|O_LARGEFILE|O_CLOEXEC <unfinished ...>
9587  openat(AT_FDCWD, "/home/capstone/project/test_files/000377.xls", O_RDWR|O_LARGEFILE|O_CLOEXEC <unfinished ...>
9596  openat(AT_FDCWD, "/home/capstone/project/test_files/000349.pdf", O_RDWR|O_LARGEFILE|O_CLOEXEC) = 212
9588  openat(AT_FDCWD, "/home/capstone/project/test_files/000857.txt", O_RDWR|O_LARGEFILE|O_CLOEXEC <unfinished ...>
9591  openat(AT_FDCWD, "/home/capstone/project/test_files/checkpoints-000802.doc.dkrpx75", O_RDWR|O_CREAT|O_TRUNC|O_LARGEFILE|O_CLOEXEC, 0666 <unfinished ...>
9587  openat(AT_FDCWD, "/home/capstone/project/test_files/000842.txt", O_RDWR|O_LARGEFILE|O_CLOEXEC <unfinished ...>
9588  openat(AT_FDCWD, "/home/capstone/project/test_files/000815.html", O_RDWR|O_LARGEFILE|O_CLOEXEC) = 216
9587  openat(AT_FDCWD, "/home/capstone/project/test_files/000544.jpg", O_RDWR|O_LARGEFILE|O_CLOEXEC <unfinished ...>
9596  openat(AT_FDCWD, "/home/capstone/project/test_files/000886.pdf", O_RDWR|O_LARGEFILE|O_CLOEXEC <unfinished ...>
9588  openat(AT_FDCWD, "/home/capstone/project/test_files/000225.f", O_RDWR|O_LARGEFILE|O_CLOEXEC <unfinished ...>
9587  openat(AT_FDCWD, "/home/capstone/project/test_files/000960.doc", O_RDWR|O_LARGEFILE|O_CLOEXEC) = 219
9588  openat(AT_FDCWD, "/home/capstone/project/test_files/000407.xls", O_RDWR|O_LARGEFILE|O_CLOEXEC) = 220
9589  openat(AT_FDCWD, "/home/capstone/project/test_files/checkpoints-000155.pdf.dkrpx75", O_RDWR|O_CREAT|O_TRUNC|O_LARGEFILE|O_CLOEXEC, 0666 <unfinished ...>
9588  openat(AT_FDCWD, "/home/capstone/project/test_files/000371.pdf", O_RDWR|O_LARGEFILE|O_CLOEXEC <unfinished ...>
9596  openat(AT_FDCWD, "/home/capstone/project/test_files/000999.ppt", O_RDWR|O_LARGEFILE|O_CLOEXEC <unfinished ...>
9587  openat(AT_FDCWD, "/home/capstone/project/test_files/000514.jpg", O_RDWR|O_LARGEFILE|O_CLOEXEC <unfinished ...>
9588  openat(AT_FDCWD, "/home/capstone/project/test_files/000644.txt", O_RDWR|O_LARGEFILE|O_CLOEXEC <unfinished ...>
9587  openat(AT_FDCWD, "/home/capstone/project/test_files/000892.html", O_RDWR|O_LARGEFILE|O_CLOEXEC <unfinished ...>
9596  openat(AT_FDCWD, "/home/capstone/project/test_files/000309.ppt", O_RDWR|O_LARGEFILE|O_CLOEXEC <unfinished ...>
9588  openat(AT_FDCWD, "/home/capstone/project/test_files/000702.ps", O_RDWR|O_LARGEFILE|O_CLOEXEC <unfinished ...>
9587  openat(AT_FDCWD, "/home/capstone/project/test_files/000491.txt", O_RDWR|O_LARGEFILE|O_CLOEXEC <unfinished ...>
9592  unlink("/home/capstone/project/test_files/checkpoints-000786.gz.dkrpx75" <unfinished ...>
9591  rename("/home/capstone/project/test_files/000939.txt", "/home/capstone/project/test_files/000939.txt.dkrpx75" <unfinished ...>
9591  openat(AT_FDCWD, "/home/capstone/project/test_files/000939.txt.dkrpx75", O_RDWR|O_LARGEFILE|O_CLOEXEC <unfinished ...>
9588  openat(AT_FDCWD, "/home/capstone/project/test_files/000357.pdf", O_RDWR|O_LARGEFILE|O_CLOEXEC <unfinished ...>
9587  openat(AT_FDCWD, "/home/capstone/project/test_files/000288.ppt", O_RDWR|O_LARGEFILE|O_CLOEXEC <unfinished ...>
9589  rename("/home/capstone/project/test_files/000204.html", "/home/capstone/project/test_files/000204.html.dkrpx75" <unfinished ...>
9596  openat(AT_FDCWD, "/home/capstone/project/test_files/000974.doc", O_RDWR|O_LARGEFILE|O_CLOEXEC) = 228
9589  openat(AT_FDCWD, "/home/capstone/project/test_files/000204.html.dkrpx75", O_RDWR|O_LARGEFILE|O_CLOEXEC <unfinished ...>
9588  openat(AT_FDCWD, "/home/capstone/project/test_files/000415.html", O_RDWR|O_LARGEFILE|O_CLOEXEC <unfinished ...>
9587  openat(AT_FDCWD, "/home/capstone/project/test_files/000029.pdf", O_RDWR|O_LARGEFILE|O_CLOEXEC <unfinished ...>
9588  openat(AT_FDCWD, "/home/capstone/project/test_files/000879.jpg", O_RDWR|O_LARGEFILE|O_CLOEXEC <unfinished ...>
9596  openat(AT_FDCWD, "/home/capstone/project/test_files/000208.pdf", O_RDWR|O_LARGEFILE|O_CLOEXEC <unfinished ...>
9587  openat(AT_FDCWD, "/home/capstone/project/test_files/000159.pdf", O_RDWR|O_LARGEFILE|O_CLOEXEC <unfinished ...>
9588  openat(AT_FDCWD, "/home/capstone/project/test_files/000755.pdf", O_RDWR|O_LARGEFILE|O_CLOEXEC <unfinished ...>
9590  unlink("/home/capstone/project/test_files/checkpoints-000567.pdf.dkrpx75") = 0
9587  openat(AT_FDCWD, "/home/capstone/project/test_files/000612.html", O_RDWR|O_LARGEFILE|O_CLOEXEC <unfinished ...>
9592  unlink("/home/capstone/project/test_files/checkpoints-000802.doc.dkrpx75") = 0
9588  openat(AT_FDCWD, "/home/capstone/project/test_files/000373.pdf", O_RDWR|O_LARGEFILE|O_CLOEXEC <unfinished ...>
9587  openat(AT_FDCWD, "/home/capstone/project/test_files/000878.pdf", O_RDWR|O_LARGEFILE|O_CLOEXEC <unfinished ...>
9596  openat(AT_FDCWD, "/home/capstone/project/test_files/000070.html", O_RDWR|O_LARGEFILE|O_CLOEXEC <unfinished ...>
9591  openat(AT_FDCWD, "/home/capstone/project/test_files/checkpoints-000939.txt.dkrpx75", O_RDWR|O_CREAT|O_TRUNC|O_LARGEFILE|O_CLOEXEC, 0666 <unfinished ...>
9587  openat(AT_FDCWD, "/home/capstone/project/test_files/000718.gz", O_RDWR|O_LARGEFILE|O_CLOEXEC <unfinished ...>
9588  openat(AT_FDCWD, "/home/capstone/project/test_files/000421.html", O_RDWR|O_LARGEFILE|O_CLOEXEC <unfinished ...>
9589  openat(AT_FDCWD, "/home/capstone/project/test_files/checkpoints-000204.html.dkrpx75", O_RDWR|O_CREAT|O_TRUNC|O_LARGEFILE|O_CLOEXEC, 0666 <unfinished ...>
9587  openat(AT_FDCWD, "/home/capstone/project/test_files/000215.html", O_RDWR|O_LARGEFILE|O_CLOEXEC <unfinished ...>
9588  openat(AT_FDCWD, "/home/capstone/project/test_files/000242.jpg", O_RDWR|O_LARGEFILE|O_CLOEXEC <unfinished ...>
9587  openat(AT_FDCWD, "/home/capstone/project/test_files/000787.html", O_RDWR|O_LARGEFILE|O_CLOEXEC) = 241
9588  openat(AT_FDCWD, "/home/capstone/project/test_files/000200.html", O_RDWR|O_LARGEFILE|O_CLOEXEC <unfinished ...>
9596  openat(AT_FDCWD, "/home/capstone/project/test_files/000568.pdf", O_RDWR|O_LARGEFILE|O_CLOEXEC <unfinished ...>
9587  openat(AT_FDCWD, "/home/capstone/project/test_files/000465.unk", O_RDWR|O_LARGEFILE|O_CLOEXEC <unfinished ...>
9587  openat(AT_FDCWD, "/home/capstone/project/test_files/000391.xls", O_RDWR|O_LARGEFILE|O_CLOEXEC <unfinished ...>
9588  openat(AT_FDCWD, "/home/capstone/project/test_files/000959.xls", O_RDWR|O_LARGEFILE|O_CLOEXEC) = 244
9588  openat(AT_FDCWD, "/home/capstone/project/test_files/000035.xls", O_RDWR|O_LARGEFILE|O_CLOEXEC <unfinished ...>
9587  openat(AT_FDCWD, "/home/capstone/project/test_files/000036.xls", O_RDWR|O_LARGEFILE|O_CLOEXEC <unfinished ...>
9596  openat(AT_FDCWD, "/home/capstone/project/test_files/000363.pdf", O_RDWR|O_LARGEFILE|O_CLOEXEC <unfinished ...>
9589  rename("/home/capstone/project/test_files/000588.pdf", "/home/capstone/project/test_files/000588.pdf.dkrpx75" <unfinished ...>
9591  rename("/home/capstone/project/test_files/000825.pdf", "/home/capstone/project/test_files/000825.pdf.dkrpx75" <unfinished ...>
9589  openat(AT_FDCWD, "/home/capstone/project/test_files/000588.pdf.dkrpx75", O_RDWR|O_LARGEFILE|O_CLOEXEC <unfinished ...>
9591  openat(AT_FDCWD, "/home/capstone/project/test_files/000825.pdf.dkrpx75", O_RDWR|O_LARGEFILE|O_CLOEXEC <unfinished ...>
9588  openat(AT_FDCWD, "/home/capstone/project/test_files/000166.pdf", O_RDWR|O_LARGEFILE|O_CLOEXEC <unfinished ...>
9587  openat(AT_FDCWD, "/home/capstone/project/test_files/000383.xls", O_RDWR|O_LARGEFILE|O_CLOEXEC <unfinished ...>
9587  openat(AT_FDCWD, "/home/capstone/project/test_files/000400.jpg", O_RDWR|O_LARGEFILE|O_CLOEXEC <unfinished ...>
9588  openat(AT_FDCWD, "/home/capstone/project/test_files/000453.html", O_RDWR|O_LARGEFILE|O_CLOEXEC <unfinished ...>
9587  openat(AT_FDCWD, "/home/capstone/project/test_files/000950.doc", O_RDWR|O_LARGEFILE|O_CLOEXEC <unfinished ...>
9592  unlink("/home/capstone/project/test_files/checkpoints-000204.html.dkrpx75") = 0
9588  openat(AT_FDCWD, "/home/capstone/project/test_files/000124.doc", O_RDWR|O_LARGEFILE|O_CLOEXEC <unfinished ...>
9590  unlink("/home/capstone/project/test_files/checkpoints-000716.ppt.dkrpx75" <unfinished ...>
9596  openat(AT_FDCWD, "/home/capstone/project/test_files/000645.txt", O_RDWR|O_LARGEFILE|O_CLOEXEC) = 238
9587  openat(AT_FDCWD, "/home/capstone/project/test_files/000375.xls", O_RDWR|O_LARGEFILE|O_CLOEXEC) = 132
9588  openat(AT_FDCWD, "/home/capstone/project/test_files/000403.xls", O_RDWR|O_LARGEFILE|O_CLOEXEC <unfinished ...>
9587  openat(AT_FDCWD, "/home/capstone/project/test_files/000103.txt", O_RDWR|O_LARGEFILE|O_CLOEXEC <unfinished ...>
9592  unlink("/home/capstone/project/test_files/checkpoints-000939.txt.dkrpx75") = 0
9591  openat(AT_FDCWD, "/home/capstone/project/test_files/checkpoints-000825.pdf.dkrpx75", O_RDWR|O_CREAT|O_TRUNC|O_LARGEFILE|O_CLOEXEC, 0666 <unfinished ...>
9589  openat(AT_FDCWD, "/home/capstone/project/test_files/checkpoints-000588.pdf.dkrpx75", O_RDWR|O_CREAT|O_TRUNC|O_LARGEFILE|O_CLOEXEC, 0666 <unfinished ...>
9588  openat(AT_FDCWD, "/home/capstone/project/test_files/000010.pdf", O_RDWR|O_LARGEFILE|O_CLOEXEC <unfinished ...>
9596  openat(AT_FDCWD, "/home/capstone/project/test_files/000218.txt", O_RDWR|O_LARGEFILE|O_CLOEXEC <unfinished ...>
9587  openat(AT_FDCWD, "/home/capstone/project/test_files/000671.pdf", O_RDWR|O_LARGEFILE|O_CLOEXEC <unfinished ...>
9588  openat(AT_FDCWD, "/home/capstone/project/test_files/000792.html", O_RDWR|O_LARGEFILE|O_CLOEXEC <unfinished ...>
9589  rename("/home/capstone/project/test_files/000189.pdf", "/home/capstone/project/test_files/000189.pdf.dkrpx75" <unfinished ...>
9591  rename("/home/capstone/project/test_files/000962.jpg", "/home/capstone/project/test_files/000962.jpg.dkrpx75" <unfinished ...>
9589  openat(AT_FDCWD, "/home/capstone/project/test_files/000189.pdf.dkrpx75", O_RDWR|O_LARGEFILE|O_CLOEXEC <unfinished ...>
9591  openat(AT_FDCWD, "/home/capstone/project/test_files/000962.jpg.dkrpx75", O_RDWR|O_LARGEFILE|O_CLOEXEC <unfinished ...>
9590  unlink("/home/capstone/project/test_files/checkpoints-000155.pdf.dkrpx75" <unfinished ...>
9592  unlink("/home/capstone/project/test_files/checkpoints-000825.pdf.dkrpx75") = 0
9588  openat(AT_FDCWD, "/home/capstone/project/test_files/000724.ppt", O_RDWR|O_LARGEFILE|O_CLOEXEC <unfinished ...>
9587  openat(AT_FDCWD, "/home/capstone/project/test_files/000370.pdf", O_RDWR|O_LARGEFILE|O_CLOEXEC <unfinished ...>
9587  openat(AT_FDCWD, "/home/capstone/project/test_files/000043.xls", O_RDWR|O_LARGEFILE|O_CLOEXEC <unfinished ...>
9588  openat(AT_FDCWD, "/home/capstone/project/test_files/000651.txt", O_RDWR|O_LARGEFILE|O_CLOEXEC <unfinished ...>
9596  openat(AT_FDCWD, "/home/capstone/project/test_files/000767.ps", O_RDWR|O_LARGEFILE|O_CLOEXEC) = 260
9588  openat(AT_FDCWD, "/home/capstone/project/test_files/000576.csv", O_RDWR|O_LARGEFILE|O_CLOEXEC <unfinished ...>
9587  openat(AT_FDCWD, "/home/capstone/project/test_files/000522.gif", O_RDWR|O_LARGEFILE|O_CLOEXEC <unfinished ...>
9596  openat(AT_FDCWD, "/home/capstone/project/test_files/000860.txt", O_RDWR|O_LARGEFILE|O_CLOEXEC) = 260
9587  openat(AT_FDCWD, "/home/capstone/project/test_files/000446.html", O_RDWR|O_LARGEFILE|O_CLOEXEC <unfinished ...>
9588  openat(AT_FDCWD, "/home/capstone/project/test_files/000573.swf", O_RDWR|O_LARGEFILE|O_CLOEXEC <unfinished ...>
9596  openat(AT_FDCWD, "/home/capstone/project/test_files/000047.xls", O_RDWR|O_LARGEFILE|O_CLOEXEC) = 260
9596  openat(AT_FDCWD, "/home/capstone/project/test_files/000458.html", O_RDWR|O_LARGEFILE|O_CLOEXEC) = 260
9596  openat(AT_FDCWD, "/home/capstone/project/test_files/000002.doc", O_RDWR|O_LARGEFILE|O_CLOEXEC) = 260
9587  openat(AT_FDCWD, "/home/capstone/project/test_files/000897.jpg", O_RDWR|O_LARGEFILE|O_CLOEXEC <unfinished ...>
9590  unlink("/home/capstone/project/test_files/checkpoints-000588.pdf.dkrpx75" <unfinished ...>
9596  openat(AT_FDCWD, "/home/capstone/project/test_files/000237.jpg", O_RDWR|O_LARGEFILE|O_CLOEXEC <unfinished ...>
9588  openat(AT_FDCWD, "/home/capstone/project/test_files/000276.doc", O_RDWR|O_LARGEFILE|O_CLOEXEC <unfinished ...>
9591  openat(AT_FDCWD, "/home/capstone/project/test_files/checkpoints-000962.jpg.dkrpx75", O_RDWR|O_CREAT|O_TRUNC|O_LARGEFILE|O_CLOEXEC, 0666 <unfinished ...>
9589  openat(AT_FDCWD, "/home/capstone/project/test_files/checkpoints-000189.pdf.dkrpx75", O_RDWR|O_CREAT|O_TRUNC|O_LARGEFILE|O_CLOEXEC, 0666 <unfinished ...>
9596  openat(AT_FDCWD, "/home/capstone/project/test_files/000395.xls", O_RDWR|O_LARGEFILE|O_CLOEXEC <unfinished ...>
9587  openat(AT_FDCWD, "/home/capstone/project/test_files/000061.html", O_RDWR|O_LARGEFILE|O_CLOEXEC <unfinished ...>
9596  openat(AT_FDCWD, "/home/capstone/project/test_files/000951.html", O_RDWR|O_LARGEFILE|O_CLOEXEC) = 238
9588  openat(AT_FDCWD, "/home/capstone/project/test_files/000447.html", O_RDWR|O_LARGEFILE|O_CLOEXEC <unfinished ...>
9587  openat(AT_FDCWD, "/home/capstone/project/test_files/000859.pdf", O_RDWR|O_LARGEFILE|O_CLOEXEC <unfinished ...>
9596  openat(AT_FDCWD, "/home/capstone/project/test_files/000203.html", O_RDWR|O_LARGEFILE|O_CLOEXEC <unfinished ...>
9596  openat(AT_FDCWD, "/home/capstone/project/test_files/000726.html", O_RDWR|O_LARGEFILE|O_CLOEXEC) = 270
9596  openat(AT_FDCWD, "/home/capstone/project/test_files/000249.doc", O_RDWR|O_LARGEFILE|O_CLOEXEC) = 270
9596  openat(AT_FDCWD, "/home/capstone/project/test_files/000621.txt", O_RDWR|O_LARGEFILE|O_CLOEXEC) = 270
9596  openat(AT_FDCWD, "/home/capstone/project/test_files/000618.pdf", O_RDWR|O_LARGEFILE|O_CLOEXEC) = 270
9596  openat(AT_FDCWD, "/home/capstone/project/test_files/000150.pdf", O_RDWR|O_LARGEFILE|O_CLOEXEC) = 270
9596  openat(AT_FDCWD, "/home/capstone/project/test_files/000026.pdf", O_RDWR|O_LARGEFILE|O_CLOEXEC) = 270
9588  openat(AT_FDCWD, "/home/capstone/project/test_files/000161.pdf", O_RDWR|O_LARGEFILE|O_CLOEXEC <unfinished ...>
9596  openat(AT_FDCWD, "/home/capstone/project/test_files/000727.ppt", O_RDWR|O_LARGEFILE|O_CLOEXEC <unfinished ...>
9587  openat(AT_FDCWD, "/home/capstone/project/test_files/000944.doc", O_RDWR|O_LARGEFILE|O_CLOEXEC <unfinished ...>
9596  openat(AT_FDCWD, "/home/capstone/project/test_files/000966.doc", O_RDWR|O_LARGEFILE|O_CLOEXEC <unfinished ...>
9588  openat(AT_FDCWD, "/home/capstone/project/test_files/000952.doc", O_RDWR|O_LARGEFILE|O_CLOEXEC <unfinished ...>
9596  openat(AT_FDCWD, "/home/capstone/project/test_files/000475.txt", O_RDWR|O_LARGEFILE|O_CLOEXEC) = 273
9587  openat(AT_FDCWD, "/home/capstone/project/test_files/000900.jpg", O_RDWR|O_LARGEFILE|O_CLOEXEC <unfinished ...>
9596  openat(AT_FDCWD, "/home/capstone/project/test_files/000521.jpg", O_RDWR|O_LARGEFILE|O_CLOEXEC) = 274
9589  rename("/home/capstone/project/test_files/000156.doc", "/home/capstone/project/test_files/000156.doc.dkrpx75" <unfinished ...>
9591  rename("/home/capstone/project/test_files/000138.html", "/home/capstone/project/test_files/000138.html.dkrpx75" <unfinished ...>
9588  openat(AT_FDCWD, "/home/capstone/project/test_files/000741.log", O_RDWR|O_LARGEFILE|O_CLOEXEC <unfinished ...>
9596  openat(AT_FDCWD, "/home/capstone/project/test_files/000234.jpg", O_RDWR|O_LARGEFILE|O_CLOEXEC) = 274
9596  openat(AT_FDCWD, "/home/capstone/project/test_files/000643.txt", O_RDWR|O_LARGEFILE|O_CLOEXEC) = 274
9596  openat(AT_FDCWD, "/home/capstone/project/test_files/000423.html", O_RDWR|O_LARGEFILE|O_CLOEXEC) = 274
9596  openat(AT_FDCWD, "/home/capstone/project/test_files/000823.html", O_RDWR|O_LARGEFILE|O_CLOEXEC) = 274
9591  openat(AT_FDCWD, "/home/capstone/project/test_files/000138.html.dkrpx75", O_RDWR|O_LARGEFILE|O_CLOEXEC <unfinished ...>
9589  openat(AT_FDCWD, "/home/capstone/project/test_files/000156.doc.dkrpx75", O_RDWR|O_LARGEFILE|O_CLOEXEC <unfinished ...>
9587  openat(AT_FDCWD, "/home/capstone/project/test_files/000275.doc", O_RDWR|O_LARGEFILE|O_CLOEXEC <unfinished ...>
9596  openat(AT_FDCWD, "/home/capstone/project/test_files/000473.txt", O_RDWR|O_LARGEFILE|O_CLOEXEC <unfinished ...>
9596  openat(AT_FDCWD, "/home/capstone/project/test_files/000506.jpg", O_RDWR|O_LARGEFILE|O_CLOEXEC) = 30
9596  openat(AT_FDCWD, "/home/capstone/project/test_files/000290.ppt", O_RDWR|O_LARGEFILE|O_CLOEXEC <unfinished ...>
9587  openat(AT_FDCWD, "/home/capstone/project/test_files/000650.txt", O_RDWR|O_LARGEFILE|O_CLOEXEC <unfinished ...>
9588  openat(AT_FDCWD, "/home/capstone/project/test_files/000295.ppt", O_RDWR|O_LARGEFILE|O_CLOEXEC <unfinished ...>
9596  openat(AT_FDCWD, "/home/capstone/project/test_files/000929.txt", O_RDWR|O_LARGEFILE|O_CLOEXEC) = 278
9596  openat(AT_FDCWD, "/home/capstone/project/test_files/000397.jpg", O_RDWR|O_LARGEFILE|O_CLOEXEC) = 278
9588  openat(AT_FDCWD, "/home/capstone/project/test_files/000144.doc", O_RDWR|O_LARGEFILE|O_CLOEXEC) = 279
9587  openat(AT_FDCWD, "/home/capstone/project/test_files/000655.txt", O_RDWR|O_LARGEFILE|O_CLOEXEC <unfinished ...>
9596  openat(AT_FDCWD, "/home/capstone/project/test_files/000546.jpg", O_RDWR|O_LARGEFILE|O_CLOEXEC) = 278
9596  openat(AT_FDCWD, "/home/capstone/project/test_files/000512.jpg", O_RDWR|O_LARGEFILE|O_CLOEXEC) = 278
9596  openat(AT_FDCWD, "/home/capstone/project/test_files/000888.jpg", O_RDWR|O_LARGEFILE|O_CLOEXEC <unfinished ...>
9587  openat(AT_FDCWD, "/home/capstone/project/test_files/000532.jpg", O_RDWR|O_LARGEFILE|O_CLOEXEC <unfinished ...>
9596  openat(AT_FDCWD, "/home/capstone/project/test_files/000412.html", O_RDWR|O_LARGEFILE|O_CLOEXEC) = 278
9588  openat(AT_FDCWD, "/home/capstone/project/test_files/000967.doc", O_RDWR|O_LARGEFILE|O_CLOEXEC <unfinished ...>
9589  openat(AT_FDCWD, "/home/capstone/project/test_files/checkpoints-000156.doc.dkrpx75", O_RDWR|O_CREAT|O_TRUNC|O_LARGEFILE|O_CLOEXEC, 0666 <unfinished ...>
9596  openat(AT_FDCWD, "/home/capstone/project/test_files/000380.pdf", O_RDWR|O_LARGEFILE|O_CLOEXEC <unfinished ...>
9588  openat(AT_FDCWD, "/home/capstone/project/test_files/000646.txt", O_RDWR|O_LARGEFILE|O_CLOEXEC <unfinished ...>
9587  openat(AT_FDCWD, "/home/capstone/project/test_files/000088.txt", O_RDWR|O_LARGEFILE|O_CLOEXEC <unfinished ...>
9596  openat(AT_FDCWD, "/home/capstone/project/test_files/000045.xls", O_RDWR|O_LARGEFILE|O_CLOEXEC) = 285
9596  openat(AT_FDCWD, "/home/capstone/project/test_files/000762.pdf", O_RDWR|O_LARGEFILE|O_CLOEXEC) = 285
9587  openat(AT_FDCWD, "/home/capstone/project/test_files/000885.pdf", O_RDWR|O_LARGEFILE|O_CLOEXEC <unfinished ...>
9596  openat(AT_FDCWD, "/home/capstone/project/test_files/000957.doc", O_RDWR|O_LARGEFILE|O_CLOEXEC) = 286
9591  openat(AT_FDCWD, "/home/capstone/project/test_files/checkpoints-000138.html.dkrpx75", O_RDWR|O_CREAT|O_TRUNC|O_LARGEFILE|O_CLOEXEC, 0666 <unfinished ...>
9588  openat(AT_FDCWD, "/home/capstone/project/test_files/000975.xml", O_RDWR|O_LARGEFILE|O_CLOEXEC <unfinished ...>
9587  openat(AT_FDCWD, "/home/capstone/project/test_files/000046.xls", O_RDWR|O_LARGEFILE|O_CLOEXEC <unfinished ...>
9596  openat(AT_FDCWD, "/home/capstone/project/test_files/000093.txt", O_RDWR|O_LARGEFILE|O_CLOEXEC <unfinished ...>
9592  unlink("/home/capstone/project/test_files/checkpoints-000189.pdf.dkrpx75") = 0
9588  openat(AT_FDCWD, "/home/capstone/project/test_files/000243.jpg", O_RDWR|O_LARGEFILE|O_CLOEXEC <unfinished ...>
9596  openat(AT_FDCWD, "/home/capstone/project/test_files/000698.log", O_RDWR|O_LARGEFILE|O_CLOEXEC) = 286
9587  openat(AT_FDCWD, "/home/capstone/project/test_files/000068.html", O_RDWR|O_LARGEFILE|O_CLOEXEC <unfinished ...>
9596  openat(AT_FDCWD, "/home/capstone/project/test_files/000432.jpg", O_RDWR|O_LARGEFILE|O_CLOEXEC) = 290
9596  openat(AT_FDCWD, "/home/capstone/project/test_files/000676.pdf", O_RDWR|O_LARGEFILE|O_CLOEXEC) = 290
9588  openat(AT_FDCWD, "/home/capstone/project/test_files/000387.txt", O_RDWR|O_LARGEFILE|O_CLOEXEC) = 291
9596  openat(AT_FDCWD, "/home/capstone/project/test_files/000733.ps", O_RDWR|O_LARGEFILE|O_CLOEXEC) = 290
9596  openat(AT_FDCWD, "/home/capstone/project/test_files/000182.html", O_RDWR|O_LARGEFILE|O_CLOEXEC) = 290
9596  openat(AT_FDCWD, "/home/capstone/project/test_files/000094.txt", O_RDWR|O_LARGEFILE|O_CLOEXEC) = 290
9589  rename("/home/capstone/project/test_files/000729.ppt", "/home/capstone/project/test_files/000729.ppt.dkrpx75" <unfinished ...>
9596  openat(AT_FDCWD, "/home/capstone/project/test_files/000839.pdf", O_RDWR|O_LARGEFILE|O_CLOEXEC) = 290
9587  openat(AT_FDCWD, "/home/capstone/project/test_files/000195.html", O_RDWR|O_LARGEFILE|O_CLOEXEC <unfinished ...>
9596  openat(AT_FDCWD, "/home/capstone/project/test_files/000087.txt", O_RDWR|O_LARGEFILE|O_CLOEXEC) = 290
9596  openat(AT_FDCWD, "/home/capstone/project/test_files/000232.jpg", O_RDWR|O_LARGEFILE|O_CLOEXEC) = 290
9596  openat(AT_FDCWD, "/home/capstone/project/test_files/000049.xls", O_RDWR|O_LARGEFILE|O_CLOEXEC) = 290
9596  openat(AT_FDCWD, "/home/capstone/project/test_files/000095.txt", O_RDWR|O_LARGEFILE|O_CLOEXEC <unfinished ...>
9589  openat(AT_FDCWD, "/home/capstone/project/test_files/000729.ppt.dkrpx75", O_RDWR|O_LARGEFILE|O_CLOEXEC <unfinished ...>
9588  openat(AT_FDCWD, "/home/capstone/project/test_files/000217.html", O_RDWR|O_LARGEFILE|O_CLOEXEC <unfinished ...>
9596  openat(AT_FDCWD, "/home/capstone/project/test_files/000342.pdf", O_RDWR|O_LARGEFILE|O_CLOEXEC <unfinished ...>
9587  openat(AT_FDCWD, "/home/capstone/project/test_files/000996.ps", O_RDWR|O_LARGEFILE|O_CLOEXEC <unfinished ...>
9588  openat(AT_FDCWD, "/home/capstone/project/test_files/000058.html", O_RDWR|O_LARGEFILE|O_CLOEXEC <unfinished ...>
9596  openat(AT_FDCWD, "/home/capstone/project/test_files/000992.ppt", O_RDWR|O_LARGEFILE|O_CLOEXEC <unfinished ...>
9587  openat(AT_FDCWD, "/home/capstone/project/test_files/000133.ppt", O_RDWR|O_LARGEFILE|O_CLOEXEC <unfinished ...>
9596  openat(AT_FDCWD, "/home/capstone/project/test_files/000806.doc", O_RDWR|O_LARGEFILE|O_CLOEXEC) = 296
9588  openat(AT_FDCWD, "/home/capstone/project/test_files/000691.doc", O_RDWR|O_LARGEFILE|O_CLOEXEC <unfinished ...>
9596  openat(AT_FDCWD, "/home/capstone/project/test_files/000027.csv", O_RDWR|O_LARGEFILE|O_CLOEXEC) = 296
9596  openat(AT_FDCWD, "/home/capstone/project/test_files/000307.ppt", O_RDWR|O_LARGEFILE|O_CLOEXEC) = 296
9587  openat(AT_FDCWD, "/home/capstone/project/test_files/000335.xml", O_RDWR|O_LARGEFILE|O_CLOEXEC <unfinished ...>
9590  unlink("/home/capstone/project/test_files/checkpoints-000962.jpg.dkrpx75" <unfinished ...>
9596  openat(AT_FDCWD, "/home/capstone/project/test_files/000887.pdf", O_RDWR|O_LARGEFILE|O_CLOEXEC <unfinished ...>
9591  rename("/home/capstone/project/test_files/000746.pdf", "/home/capstone/project/test_files/000746.pdf.dkrpx75" <unfinished ...>
9588  openat(AT_FDCWD, "/home/capstone/project/test_files/000445.html", O_RDWR|O_LARGEFILE|O_CLOEXEC <unfinished ...>
9596  openat(AT_FDCWD, "/home/capstone/project/test_files/000717.ppt", O_RDWR|O_LARGEFILE|O_CLOEXEC <unfinished ...>
9591  openat(AT_FDCWD, "/home/capstone/project/test_files/000746.pdf.dkrpx75", O_RDWR|O_LARGEFILE|O_CLOEXEC <unfinished ...>
9587  openat(AT_FDCWD, "/home/capstone/project/test_files/000817.pdf", O_RDWR|O_LARGEFILE|O_CLOEXEC <unfinished ...>
9588  openat(AT_FDCWD, "/home/capstone/project/test_files/000732.ppt", O_RDWR|O_LARGEFILE|O_CLOEXEC <unfinished ...>
9596  openat(AT_FDCWD, "/home/capstone/project/test_files/000434.html", O_RDWR|O_LARGEFILE|O_CLOEXEC) = 42
9596  openat(AT_FDCWD, "/home/capstone/project/test_files/000072.html", O_RDWR|O_LARGEFILE|O_CLOEXEC) = 42
9596  openat(AT_FDCWD, "/home/capstone/project/test_files/000759.doc", O_RDWR|O_LARGEFILE|O_CLOEXEC <unfinished ...>
9587  openat(AT_FDCWD, "/home/capstone/project/test_files/000777.xls", O_RDWR|O_LARGEFILE|O_CLOEXEC <unfinished ...>
9589  openat(AT_FDCWD, "/home/capstone/project/test_files/checkpoints-000729.ppt.dkrpx75", O_RDWR|O_CREAT|O_TRUNC|O_LARGEFILE|O_CLOEXEC, 0666 <unfinished ...>
9596  openat(AT_FDCWD, "/home/capstone/project/test_files/000000.swf", O_RDWR|O_LARGEFILE|O_CLOEXEC) = 42
9588  openat(AT_FDCWD, "/home/capstone/project/test_files/000788.doc", O_RDWR|O_LARGEFILE|O_CLOEXEC <unfinished ...>
9592  unlink("/home/capstone/project/test_files/checkpoints-000156.doc.dkrpx75" <unfinished ...>
9596  openat(AT_FDCWD, "/home/capstone/project/test_files/000226.txt", O_RDWR|O_LARGEFILE|O_CLOEXEC <unfinished ...>
9587  openat(AT_FDCWD, "/home/capstone/project/test_files/000740.html", O_RDWR|O_LARGEFILE|O_CLOEXEC <unfinished ...>
9596  openat(AT_FDCWD, "/home/capstone/project/test_files/000978.xml", O_RDWR|O_LARGEFILE|O_CLOEXEC) = 278
9596  openat(AT_FDCWD, "/home/capstone/project/test_files/000696.doc", O_RDWR|O_LARGEFILE|O_CLOEXEC) = 278
9596  openat(AT_FDCWD, "/home/capstone/project/test_files/000854.pdf", O_RDWR|O_LARGEFILE|O_CLOEXEC) = 278
9596  openat(AT_FDCWD, "/home/capstone/project/test_files/000451.html", O_RDWR|O_LARGEFILE|O_CLOEXEC) = 278
9596  openat(AT_FDCWD, "/home/capstone/project/test_files/000184.html", O_RDWR|O_LARGEFILE|O_CLOEXEC) = 278
9588  openat(AT_FDCWD, "/home/capstone/project/test_files/000700.xml", O_RDWR|O_LARGEFILE|O_CLOEXEC <unfinished ...>
9587  openat(AT_FDCWD, "/home/capstone/project/test_files/000853.pdf", O_RDWR|O_LARGEFILE|O_CLOEXEC <unfinished ...>
9596  openat(AT_FDCWD, "/home/capstone/project/test_files/000384.xls", O_RDWR|O_LARGEFILE|O_CLOEXEC) = 278
9596  openat(AT_FDCWD, "/home/capstone/project/test_files/000213.html", O_RDWR|O_LARGEFILE|O_CLOEXEC) = 278
9588  openat(AT_FDCWD, "/home/capstone/project/test_files/000828.txt", O_RDWR|O_LARGEFILE|O_CLOEXEC <unfinished ...>
9587  openat(AT_FDCWD, "/home/capstone/project/test_files/000313.ppt", O_RDWR|O_LARGEFILE|O_CLOEXEC <unfinished ...>
9596  openat(AT_FDCWD, "/home/capstone/project/test_files/000934.txt", O_RDWR|O_LARGEFILE|O_CLOEXEC <unfinished ...>
9591  openat(AT_FDCWD, "/home/capstone/project/test_files/checkpoints-000746.pdf.dkrpx75", O_RDWR|O_CREAT|O_TRUNC|O_LARGEFILE|O_CLOEXEC, 0666 <unfinished ...>
9596  openat(AT_FDCWD, "/home/capstone/project/test_files/000424.html", O_RDWR|O_LARGEFILE|O_CLOEXEC) = 307
9588  openat(AT_FDCWD, "/home/capstone/project/test_files/000005.doc", O_RDWR|O_LARGEFILE|O_CLOEXEC <unfinished ...>
9596  openat(AT_FDCWD, "/home/capstone/project/test_files/000314.pdf", O_RDWR|O_LARGEFILE|O_CLOEXEC) = 307
9587  openat(AT_FDCWD, "/home/capstone/project/test_files/000214.html", O_RDWR|O_LARGEFILE|O_CLOEXEC <unfinished ...>
9596  openat(AT_FDCWD, "/home/capstone/project/test_files/000877.html", O_RDWR|O_LARGEFILE|O_CLOEXEC) = 307
9596  openat(AT_FDCWD, "/home/capstone/project/test_files/000393.xls", O_RDWR|O_LARGEFILE|O_CLOEXEC) = 307
9596  openat(AT_FDCWD, "/home/capstone/project/test_files/000352.pdf", O_RDWR|O_LARGEFILE|O_CLOEXEC) = 307
9596  openat(AT_FDCWD, "/home/capstone/project/test_files/000455.html", O_RDWR|O_LARGEFILE|O_CLOEXEC) = 307
9596  openat(AT_FDCWD, "/home/capstone/project/test_files/000902.jpg", O_RDWR|O_LARGEFILE|O_CLOEXEC) = 307
9596  openat(AT_FDCWD, "/home/capstone/project/test_files/000104.txt", O_RDWR|O_LARGEFILE|O_CLOEXEC) = 307
9589  rename("/home/capstone/project/test_files/000437.jpg", "/home/capstone/project/test_files/000437.jpg.dkrpx75" <unfinished ...>
9596  openat(AT_FDCWD, "/home/capstone/project/test_files/000511.gif", O_RDWR|O_LARGEFILE|O_CLOEXEC) = 307
9589  openat(AT_FDCWD, "/home/capstone/project/test_files/000437.jpg.dkrpx75", O_RDWR|O_LARGEFILE|O_CLOEXEC <unfinished ...>
9596  openat(AT_FDCWD, "/home/capstone/project/test_files/000949.doc", O_RDWR|O_LARGEFILE|O_CLOEXEC <unfinished ...>
9587  openat(AT_FDCWD, "/home/capstone/project/test_files/000620.txt", O_RDWR|O_LARGEFILE|O_CLOEXEC) = 312
9588  openat(AT_FDCWD, "/home/capstone/project/test_files/000125.doc", O_RDWR|O_LARGEFILE|O_CLOEXEC <unfinished ...>
9596  openat(AT_FDCWD, "/home/capstone/project/test_files/000419.jpg", O_RDWR|O_LARGEFILE|O_CLOEXEC) = 41
9596  openat(AT_FDCWD, "/home/capstone/project/test_files/000796.doc", O_RDWR|O_LARGEFILE|O_CLOEXEC) = 41
9596  openat(AT_FDCWD, "/home/capstone/project/test_files/000805.html", O_RDWR|O_LARGEFILE|O_CLOEXEC) = 41
9596  openat(AT_FDCWD, "/home/capstone/project/test_files/000101.doc", O_RDWR|O_LARGEFILE|O_CLOEXEC) = 41
9587  openat(AT_FDCWD, "/home/capstone/project/test_files/000565.csv", O_RDWR|O_LARGEFILE|O_CLOEXEC) = 313
9596  openat(AT_FDCWD, "/home/capstone/project/test_files/000482.ps", O_RDWR|O_LARGEFILE|O_CLOEXEC) = 41
9596  openat(AT_FDCWD, "/home/capstone/project/test_files/000139.doc", O_RDWR|O_LARGEFILE|O_CLOEXEC) = 41
9587  openat(AT_FDCWD, "/home/capstone/project/test_files/000308.ppt", O_RDWR|O_LARGEFILE|O_CLOEXEC) = 314
9596  openat(AT_FDCWD, "/home/capstone/project/test_files/000476.jpg", O_RDWR|O_LARGEFILE|O_CLOEXEC) = 41
9588  openat(AT_FDCWD, "/home/capstone/project/test_files/000019.pdf", O_RDWR|O_LARGEFILE|O_CLOEXEC <unfinished ...>
9596  openat(AT_FDCWD, "/home/capstone/project/test_files/000851.txt", O_RDWR|O_LARGEFILE|O_CLOEXEC <unfinished ...>
9596  openat(AT_FDCWD, "/home/capstone/project/test_files/000666.txt", O_RDWR|O_LARGEFILE|O_CLOEXEC <unfinished ...>
9590  unlink("/home/capstone/project/test_files/checkpoints-000138.html.dkrpx75" <unfinished ...>
9596  openat(AT_FDCWD, "/home/capstone/project/test_files/000580.pdf", O_RDWR|O_LARGEFILE|O_CLOEXEC) = 315
9588  openat(AT_FDCWD, "/home/capstone/project/test_files/000779.xls", O_RDWR|O_LARGEFILE|O_CLOEXEC) = 316
9587  openat(AT_FDCWD, "/home/capstone/project/test_files/000268.doc", O_RDWR|O_LARGEFILE|O_CLOEXEC <unfinished ...>
9596  openat(AT_FDCWD, "/home/capstone/project/test_files/000222.txt", O_RDWR|O_LARGEFILE|O_CLOEXEC <unfinished ...>
9596  openat(AT_FDCWD, "/home/capstone/project/test_files/000477.txt", O_RDWR|O_LARGEFILE|O_CLOEXEC <unfinished ...>
9589  openat(AT_FDCWD, "/home/capstone/project/test_files/checkpoints-000437.jpg.dkrpx75", O_RDWR|O_CREAT|O_TRUNC|O_LARGEFILE|O_CLOEXEC, 0666 <unfinished ...>
9587  openat(AT_FDCWD, "/home/capstone/project/test_files/000955.pdf", O_RDWR|O_LARGEFILE|O_CLOEXEC <unfinished ...>
9596  openat(AT_FDCWD, "/home/capstone/project/test_files/000059.html", O_RDWR|O_LARGEFILE|O_CLOEXEC <unfinished ...>
9588  openat(AT_FDCWD, "/home/capstone/project/test_files/000219.txt", O_RDWR|O_LARGEFILE|O_CLOEXEC <unfinished ...>
9596  openat(AT_FDCWD, "/home/capstone/project/test_files/000609.html", O_RDWR|O_LARGEFILE|O_CLOEXEC) = 318
9588  openat(AT_FDCWD, "/home/capstone/project/test_files/000579.gz", O_RDWR|O_LARGEFILE|O_CLOEXEC <unfinished ...>
9587  openat(AT_FDCWD, "/home/capstone/project/test_files/000176.pdf", O_RDWR|O_LARGEFILE|O_CLOEXEC <unfinished ...>
9596  openat(AT_FDCWD, "/home/capstone/project/test_files/000848.txt", O_RDWR|O_LARGEFILE|O_CLOEXEC) = 318
9587  openat(AT_FDCWD, "/home/capstone/project/test_files/000254.doc", O_RDWR|O_LARGEFILE|O_CLOEXEC <unfinished ...>
9588  openat(AT_FDCWD, "/home/capstone/project/test_files/000113.doc", O_RDWR|O_LARGEFILE|O_CLOEXEC <unfinished ...>
9592  unlink("/home/capstone/project/test_files/checkpoints-000729.ppt.dkrpx75" <unfinished ...>
9596  openat(AT_FDCWD, "/home/capstone/project/test_files/000305.ppt", O_RDWR|O_LARGEFILE|O_CLOEXEC <unfinished ...>
9596  openat(AT_FDCWD, "/home/capstone/project/test_files/000425.html", O_RDWR|O_LARGEFILE|O_CLOEXEC) = 302
9596  openat(AT_FDCWD, "/home/capstone/project/test_files/000076.html", O_RDWR|O_LARGEFILE|O_CLOEXEC <unfinished ...>
9588  openat(AT_FDCWD, "/home/capstone/project/test_files/000807.pdf", O_RDWR|O_LARGEFILE|O_CLOEXEC <unfinished ...>
9587  openat(AT_FDCWD, "/home/capstone/project/test_files/000106.txt", O_RDWR|O_LARGEFILE|O_CLOEXEC <unfinished ...>
9596  openat(AT_FDCWD, "/home/capstone/project/test_files/000542.gif", O_RDWR|O_LARGEFILE|O_CLOEXEC) = 318
9596  openat(AT_FDCWD, "/home/capstone/project/test_files/000803.rtf", O_RDWR|O_LARGEFILE|O_CLOEXEC) = 318
9596  openat(AT_FDCWD, "/home/capstone/project/test_files/000987.ppt", O_RDWR|O_LARGEFILE|O_CLOEXEC) = 318
9596  openat(AT_FDCWD, "/home/capstone/project/test_files/000956.pdf", O_RDWR|O_LARGEFILE|O_CLOEXEC) = 318
9596  openat(AT_FDCWD, "/home/capstone/project/test_files/000457.html", O_RDWR|O_LARGEFILE|O_CLOEXEC) = 318
9596  openat(AT_FDCWD, "/home/capstone/project/test_files/000940.txt", O_RDWR|O_LARGEFILE|O_CLOEXEC) = 318
9596  openat(AT_FDCWD, "/home/capstone/project/test_files/000319.ppt", O_RDWR|O_LARGEFILE|O_CLOEXEC) = 318
9596  openat(AT_FDCWD, "/home/capstone/project/test_files/000628.pdf", O_RDWR|O_LARGEFILE|O_CLOEXEC) = 318
9596  openat(AT_FDCWD, "/home/capstone/project/test_files/000608.html", O_RDWR|O_LARGEFILE|O_CLOEXEC) = 318
9596  openat(AT_FDCWD, "/home/capstone/project/test_files/000994.ppt", O_RDWR|O_LARGEFILE|O_CLOEXEC) = 318
9596  openat(AT_FDCWD, "/home/capstone/project/test_files/000933.txt", O_RDWR|O_LARGEFILE|O_CLOEXEC) = 318
9588  openat(AT_FDCWD, "/home/capstone/project/test_files/000427.html", O_RDWR|O_LARGEFILE|O_CLOEXEC <unfinished ...>
9591  rename("/home/capstone/project/test_files/000286.doc", "/home/capstone/project/test_files/000286.doc.dkrpx75" <unfinished ...>
9591  openat(AT_FDCWD, "/home/capstone/project/test_files/000286.doc.dkrpx75", O_RDWR|O_LARGEFILE|O_CLOEXEC <unfinished ...>
9596  openat(AT_FDCWD, "/home/capstone/project/test_files/000096.txt", O_RDWR|O_LARGEFILE|O_CLOEXEC <unfinished ...>
9587  openat(AT_FDCWD, "/home/capstone/project/test_files/000893.html", O_RDWR|O_LARGEFILE|O_CLOEXEC) = 327
9596  openat(AT_FDCWD, "/home/capstone/project/test_files/000289.ppt", O_RDWR|O_LARGEFILE|O_CLOEXEC) = 326
9588  openat(AT_FDCWD, "/home/capstone/project/test_files/000472.txt", O_RDWR|O_LARGEFILE|O_CLOEXEC <unfinished ...>
9596  openat(AT_FDCWD, "/home/capstone/project/test_files/000516.jpg", O_RDWR|O_LARGEFILE|O_CLOEXEC <unfinished ...>
9587  openat(AT_FDCWD, "/home/capstone/project/test_files/000411.html", O_RDWR|O_LARGEFILE|O_CLOEXEC <unfinished ...>
9596  openat(AT_FDCWD, "/home/capstone/project/test_files/000118.doc", O_RDWR|O_LARGEFILE|O_CLOEXEC) = 44
9589  rename("/home/capstone/project/test_files/000180.html", "/home/capstone/project/test_files/000180.html.dkrpx75" <unfinished ...>
9596  openat(AT_FDCWD, "/home/capstone/project/test_files/000863.txt", O_RDWR|O_LARGEFILE|O_CLOEXEC) = 44
9596  openat(AT_FDCWD, "/home/capstone/project/test_files/000721.csv", O_RDWR|O_LARGEFILE|O_CLOEXEC) = 44
9596  openat(AT_FDCWD, "/home/capstone/project/test_files/000365.pdf", O_RDWR|O_LARGEFILE|O_CLOEXEC) = 44
9596  openat(AT_FDCWD, "/home/capstone/project/test_files/000117.rtf", O_RDWR|O_LARGEFILE|O_CLOEXEC) = 44
9596  openat(AT_FDCWD, "/home/capstone/project/test_files/000687.doc", O_RDWR|O_LARGEFILE|O_CLOEXEC) = 44
9596  openat(AT_FDCWD, "/home/capstone/project/test_files/000557.ppt", O_RDWR|O_LARGEFILE|O_CLOEXEC) = 44
9588  openat(AT_FDCWD, "/home/capstone/project/test_files/000909.jpg", O_RDWR|O_LARGEFILE|O_CLOEXEC <unfinished ...>
9596  openat(AT_FDCWD, "/home/capstone/project/test_files/000703.xml", O_RDWR|O_LARGEFILE|O_CLOEXEC) = 328
9587  openat(AT_FDCWD, "/home/capstone/project/test_files/000141.pdf", O_RDWR|O_LARGEFILE|O_CLOEXEC <unfinished ...>
9596  openat(AT_FDCWD, "/home/capstone/project/test_files/000583.pdf", O_RDWR|O_LARGEFILE|O_CLOEXEC) = 328
9587  openat(AT_FDCWD, "/home/capstone/project/test_files/000510.jpg", O_RDWR|O_LARGEFILE|O_CLOEXEC <unfinished ...>
9596  openat(AT_FDCWD, "/home/capstone/project/test_files/000642.txt", O_RDWR|O_LARGEFILE|O_CLOEXEC <unfinished ...>
9596  openat(AT_FDCWD, "/home/capstone/project/test_files/000409.html", O_RDWR|O_LARGEFILE|O_CLOEXEC) = 331
9587  openat(AT_FDCWD, "/home/capstone/project/test_files/000613.html", O_RDWR|O_LARGEFILE|O_CLOEXEC <unfinished ...>
9596  openat(AT_FDCWD, "/home/capstone/project/test_files/000984.ppt", O_RDWR|O_LARGEFILE|O_CLOEXEC) = 331
9588  openat(AT_FDCWD, "/home/capstone/project/test_files/000356.pdf", O_RDWR|O_LARGEFILE|O_CLOEXEC <unfinished ...>
9589  openat(AT_FDCWD, "/home/capstone/project/test_files/000180.html.dkrpx75", O_RDWR|O_LARGEFILE|O_CLOEXEC <unfinished ...>
9596  openat(AT_FDCWD, "/home/capstone/project/test_files/000625.txt", O_RDWR|O_LARGEFILE|O_CLOEXEC) = 331
9596  openat(AT_FDCWD, "/home/capstone/project/test_files/000833.txt", O_RDWR|O_LARGEFILE|O_CLOEXEC) = 45
9587  openat(AT_FDCWD, "/home/capstone/project/test_files/000911.doc", O_RDWR|O_LARGEFILE|O_CLOEXEC <unfinished ...>
9596  openat(AT_FDCWD, "/home/capstone/project/test_files/000318.ppt", O_RDWR|O_LARGEFILE|O_CLOEXEC) = 45
9596  openat(AT_FDCWD, "/home/capstone/project/test_files/000193.html", O_RDWR|O_LARGEFILE|O_CLOEXEC <unfinished ...>
9591  openat(AT_FDCWD, "/home/capstone/project/test_files/checkpoints-000286.doc.dkrpx75", O_RDWR|O_CREAT|O_TRUNC|O_LARGEFILE|O_CLOEXEC, 0666 <unfinished ...>
9588  openat(AT_FDCWD, "/home/capstone/project/test_files/000259.doc", O_RDWR|O_LARGEFILE|O_CLOEXEC <unfinished ...>
9596  openat(AT_FDCWD, "/home/capstone/project/test_files/000756.csv", O_RDWR|O_LARGEFILE|O_CLOEXEC) = 336
9587  openat(AT_FDCWD, "/home/capstone/project/test_files/000051.xls", O_RDWR|O_LARGEFILE|O_CLOEXEC <unfinished ...>
9596  openat(AT_FDCWD, "/home/capstone/project/test_files/000584.pdf", O_RDWR|O_LARGEFILE|O_CLOEXEC) = 336
9588  openat(AT_FDCWD, "/home/capstone/project/test_files/000704.xml", O_RDWR|O_LARGEFILE|O_CLOEXEC <unfinished ...>
9587  openat(AT_FDCWD, "/home/capstone/project/test_files/000648.txt", O_RDWR|O_LARGEFILE|O_CLOEXEC <unfinished ...>
9596  openat(AT_FDCWD, "/home/capstone/project/test_files/000710.ppt", O_RDWR|O_LARGEFILE|O_CLOEXEC <unfinished ...>
9596  openat(AT_FDCWD, "/home/capstone/project/test_files/000212.html", O_RDWR|O_LARGEFILE|O_CLOEXEC) = 336
9596  openat(AT_FDCWD, "/home/capstone/project/test_files/000449.html", O_RDWR|O_LARGEFILE|O_CLOEXEC <unfinished ...>
9587  openat(AT_FDCWD, "/home/capstone/project/test_files/000178.html", O_RDWR|O_LARGEFILE|O_CLOEXEC <unfinished ...>
9588  openat(AT_FDCWD, "/home/capstone/project/test_files/000114.doc", O_RDWR|O_LARGEFILE|O_CLOEXEC <unfinished ...>
9596  openat(AT_FDCWD, "/home/capstone/project/test_files/000875.html", O_RDWR|O_LARGEFILE|O_CLOEXEC) = 336
9596  openat(AT_FDCWD, "/home/capstone/project/test_files/000241.gif", O_RDWR|O_LARGEFILE|O_CLOEXEC) = 336
9596  openat(AT_FDCWD, "/home/capstone/project/test_files/000428.html", O_RDWR|O_LARGEFILE|O_CLOEXEC) = 336
9596  openat(AT_FDCWD, "/home/capstone/project/test_files/000216.html", O_RDWR|O_LARGEFILE|O_CLOEXEC) = 341
9596  openat(AT_FDCWD, "/home/capstone/project/test_files/000488.unk", O_RDWR|O_LARGEFILE|O_CLOEXEC <unfinished ...>
9589  openat(AT_FDCWD, "/home/capstone/project/test_files/checkpoints-000180.html.dkrpx75", O_RDWR|O_CREAT|O_TRUNC|O_LARGEFILE|O_CLOEXEC, 0666 <unfinished ...>
9596  openat(AT_FDCWD, "/home/capstone/project/test_files/000433.html", O_RDWR|O_LARGEFILE|O_CLOEXEC) = 341
9588  openat(AT_FDCWD, "/home/capstone/project/test_files/000749.html", O_RDWR|O_LARGEFILE|O_CLOEXEC <unfinished ...>
9587  openat(AT_FDCWD, "/home/capstone/project/test_files/000599.html", O_RDWR|O_LARGEFILE|O_CLOEXEC <unfinished ...>
9596  openat(AT_FDCWD, "/home/capstone/project/test_files/000332.pdf", O_RDWR|O_LARGEFILE|O_CLOEXEC <unfinished ...>
9587  openat(AT_FDCWD, "/home/capstone/project/test_files/000947.html", O_RDWR|O_LARGEFILE|O_CLOEXEC <unfinished ...>
9596  openat(AT_FDCWD, "/home/capstone/project/test_files/000969.jpg", O_RDWR|O_LARGEFILE|O_CLOEXEC <unfinished ...>
9596  openat(AT_FDCWD, "/home/capstone/project/test_files/000743.log", O_RDWR|O_LARGEFILE|O_CLOEXEC) = 341
9588  openat(AT_FDCWD, "/home/capstone/project/test_files/000435.html", O_RDWR|O_LARGEFILE|O_CLOEXEC <unfinished ...>
9596  openat(AT_FDCWD, "/home/capstone/project/test_files/000901.pdf", O_RDWR|O_LARGEFILE|O_CLOEXEC) = 346
9587  openat(AT_FDCWD, "/home/capstone/project/test_files/000891.html", O_RDWR|O_LARGEFILE|O_CLOEXEC <unfinished ...>
9588  openat(AT_FDCWD, "/home/capstone/project/test_files/000251.pdf", O_RDWR|O_LARGEFILE|O_CLOEXEC <unfinished ...>
9592  unlink("/home/capstone/project/test_files/checkpoints-000746.pdf.dkrpx75" <unfinished ...>
9596  openat(AT_FDCWD, "/home/capstone/project/test_files/000529.gif", O_RDWR|O_LARGEFILE|O_CLOEXEC <unfinished ...>
9590  unlink("/home/capstone/project/test_files/checkpoints-000437.jpg.dkrpx75" <unfinished ...>
9596  openat(AT_FDCWD, "/home/capstone/project/test_files/000334.pdf", O_RDWR|O_LARGEFILE|O_CLOEXEC <unfinished ...>
9588  openat(AT_FDCWD, "/home/capstone/project/test_files/000980.ps", O_RDWR|O_LARGEFILE|O_CLOEXEC <unfinished ...>
9587  openat(AT_FDCWD, "/home/capstone/project/test_files/000941.txt", O_RDWR|O_LARGEFILE|O_CLOEXEC <unfinished ...>
9596  openat(AT_FDCWD, "/home/capstone/project/test_files/000353.pdf", O_RDWR|O_LARGEFILE|O_CLOEXEC) = 308
9596  openat(AT_FDCWD, "/home/capstone/project/test_files/000034.xls", O_RDWR|O_LARGEFILE|O_CLOEXEC) = 308
9596  openat(AT_FDCWD, "/home/capstone/project/test_files/000206.html", O_RDWR|O_LARGEFILE|O_CLOEXEC) = 288
9591  rename("/home/capstone/project/test_files/000131.doc", "/home/capstone/project/test_files/000131.doc.dkrpx75" <unfinished ...>
9587  openat(AT_FDCWD, "/home/capstone/project/test_files/000073.html", O_RDWR|O_LARGEFILE|O_CLOEXEC <unfinished ...>
9589  rename("/home/capstone/project/test_files/000372.pdf", "/home/capstone/project/test_files/000372.pdf.dkrpx75" <unfinished ...>
9588  openat(AT_FDCWD, "/home/capstone/project/test_files/000797.html", O_RDWR|O_LARGEFILE|O_CLOEXEC <unfinished ...>
9596  openat(AT_FDCWD, "/home/capstone/project/test_files/000701.doc", O_RDWR|O_LARGEFILE|O_CLOEXEC <unfinished ...>
9596  openat(AT_FDCWD, "/home/capstone/project/test_files/000592.pdf", O_RDWR|O_LARGEFILE|O_CLOEXEC <unfinished ...>
9591  openat(AT_FDCWD, "/home/capstone/project/test_files/000131.doc.dkrpx75", O_RDWR|O_LARGEFILE|O_CLOEXEC <unfinished ...>
9589  openat(AT_FDCWD, "/home/capstone/project/test_files/000372.pdf.dkrpx75", O_RDWR|O_LARGEFILE|O_CLOEXEC <unfinished ...>
9588  openat(AT_FDCWD, "/home/capstone/project/test_files/000490.txt", O_RDWR|O_LARGEFILE|O_CLOEXEC <unfinished ...>
9587  openat(AT_FDCWD, "/home/capstone/project/test_files/000552.html", O_RDWR|O_LARGEFILE|O_CLOEXEC <unfinished ...>
9596  openat(AT_FDCWD, "/home/capstone/project/test_files/000069.html", O_RDWR|O_LARGEFILE|O_CLOEXEC <unfinished ...>
9596  openat(AT_FDCWD, "/home/capstone/project/test_files/000778.xls", O_RDWR|O_LARGEFILE|O_CLOEXEC) = 350
9596  openat(AT_FDCWD, "/home/capstone/project/test_files/000855.txt", O_RDWR|O_LARGEFILE|O_CLOEXEC) = 350
9588  openat(AT_FDCWD, "/home/capstone/project/test_files/000140.pdf", O_RDWR|O_LARGEFILE|O_CLOEXEC <unfinished ...>
9596  openat(AT_FDCWD, "/home/capstone/project/test_files/000572.pdf", O_RDWR|O_LARGEFILE|O_CLOEXEC) = 350
9587  openat(AT_FDCWD, "/home/capstone/project/test_files/000367.pdf", O_RDWR|O_LARGEFILE|O_CLOEXEC <unfinished ...>
9596  openat(AT_FDCWD, "/home/capstone/project/test_files/000022.pdf", O_RDWR|O_LARGEFILE|O_CLOEXEC) = 350
9588  openat(AT_FDCWD, "/home/capstone/project/test_files/000329.ppt", O_RDWR|O_LARGEFILE|O_CLOEXEC <unfinished ...>
9596  openat(AT_FDCWD, "/home/capstone/project/test_files/000845.swf", O_RDWR|O_LARGEFILE|O_CLOEXEC <unfinished ...>
9587  openat(AT_FDCWD, "/home/capstone/project/test_files/000454.html", O_RDWR|O_LARGEFILE|O_CLOEXEC <unfinished ...>
9588  openat(AT_FDCWD, "/home/capstone/project/test_files/000869.jpg", O_RDWR|O_LARGEFILE|O_CLOEXEC) = 357
9596  openat(AT_FDCWD, "/home/capstone/project/test_files/000071.html", O_RDWR|O_LARGEFILE|O_CLOEXEC) = 356
9587  openat(AT_FDCWD, "/home/capstone/project/test_files/000838.pdf", O_RDWR|O_LARGEFILE|O_CLOEXEC <unfinished ...>
9588  openat(AT_FDCWD, "/home/capstone/project/test_files/000169.ppt", O_RDWR|O_LARGEFILE|O_CLOEXEC <unfinished ...>
9596  openat(AT_FDCWD, "/home/capstone/project/test_files/000320.ppt", O_RDWR|O_LARGEFILE|O_CLOEXEC <unfinished ...>
9592  unlink("/home/capstone/project/test_files/checkpoints-000180.html.dkrpx75" <unfinished ...>
9591  openat(AT_FDCWD, "/home/capstone/project/test_files/checkpoints-000131.doc.dkrpx75", O_RDWR|O_CREAT|O_TRUNC|O_LARGEFILE|O_CLOEXEC, 0666 <unfinished ...>
9588  openat(AT_FDCWD, "/home/capstone/project/test_files/000559.ppt", O_RDWR|O_LARGEFILE|O_CLOEXEC <unfinished ...>
9589  openat(AT_FDCWD, "/home/capstone/project/test_files/checkpoints-000372.pdf.dkrpx75", O_RDWR|O_CREAT|O_TRUNC|O_LARGEFILE|O_CLOEXEC, 0666 <unfinished ...>
9587  openat(AT_FDCWD, "/home/capstone/project/test_files/000504.txt", O_RDWR|O_LARGEFILE|O_CLOEXEC <unfinished ...>
9596  openat(AT_FDCWD, "/home/capstone/project/test_files/000165.ppt", O_RDWR|O_LARGEFILE|O_CLOEXEC <unfinished ...>
9596  openat(AT_FDCWD, "/home/capstone/project/test_files/000530.gif", O_RDWR|O_LARGEFILE|O_CLOEXEC) = 342
9588  openat(AT_FDCWD, "/home/capstone/project/test_files/000690.csv", O_RDWR|O_LARGEFILE|O_CLOEXEC) = 359
9596  openat(AT_FDCWD, "/home/capstone/project/test_files/000970.doc", O_RDWR|O_LARGEFILE|O_CLOEXEC) = 342
9596  openat(AT_FDCWD, "/home/capstone/project/test_files/000004.doc", O_RDWR|O_LARGEFILE|O_CLOEXEC) = 342
9596  openat(AT_FDCWD, "/home/capstone/project/test_files/000460.txt", O_RDWR|O_LARGEFILE|O_CLOEXEC) = 342
9587  openat(AT_FDCWD, "/home/capstone/project/test_files/000964.doc", O_RDWR|O_LARGEFILE|O_CLOEXEC <unfinished ...>
9596  openat(AT_FDCWD, "/home/capstone/project/test_files/000039.xml", O_RDWR|O_LARGEFILE|O_CLOEXEC) = 342
9596  openat(AT_FDCWD, "/home/capstone/project/test_files/000629.pdf", O_RDWR|O_LARGEFILE|O_CLOEXEC) = 342
9596  openat(AT_FDCWD, "/home/capstone/project/test_files/000804.doc", O_RDWR|O_LARGEFILE|O_CLOEXEC) = 342
9596  openat(AT_FDCWD, "/home/capstone/project/test_files/000186.html", O_RDWR|O_LARGEFILE|O_CLOEXEC) = 342
9596  openat(AT_FDCWD, "/home/capstone/project/test_files/000132.doc", O_RDWR|O_LARGEFILE|O_CLOEXEC) = 342
9596  openat(AT_FDCWD, "/home/capstone/project/test_files/000617.html", O_RDWR|O_LARGEFILE|O_CLOEXEC) = 342
9596  openat(AT_FDCWD, "/home/capstone/project/test_files/000720.ppt", O_RDWR|O_LARGEFILE|O_CLOEXEC) = 342
9596  openat(AT_FDCWD, "/home/capstone/project/test_files/000633.xls", O_RDWR|O_LARGEFILE|O_CLOEXEC) = 342
9596  openat(AT_FDCWD, "/home/capstone/project/test_files/000223.f", O_RDWR|O_LARGEFILE|O_CLOEXEC) = 342
9596  openat(AT_FDCWD, "/home/capstone/project/test_files/000754.gz", O_RDWR|O_LARGEFILE|O_CLOEXEC) = 342
9596  openat(AT_FDCWD, "/home/capstone/project/test_files/000007.doc", O_RDWR|O_LARGEFILE|O_CLOEXEC) = 342
9596  openat(AT_FDCWD, "/home/capstone/project/test_files/000122.doc", O_RDWR|O_LARGEFILE|O_CLOEXEC) = 342
9596  openat(AT_FDCWD, "/home/capstone/project/test_files/000771.doc", O_RDWR|O_LARGEFILE|O_CLOEXEC) = 342
9588  openat(AT_FDCWD, "/home/capstone/project/test_files/000649.txt", O_RDWR|O_LARGEFILE|O_CLOEXEC <unfinished ...>
9596  openat(AT_FDCWD, "/home/capstone/project/test_files/000442.html", O_RDWR|O_LARGEFILE|O_CLOEXEC <unfinished ...>
9587  openat(AT_FDCWD, "/home/capstone/project/test_files/000874.jpg", O_RDWR|O_LARGEFILE|O_CLOEXEC <unfinished ...>
9596  openat(AT_FDCWD, "/home/capstone/project/test_files/000269.pdf", O_RDWR|O_LARGEFILE|O_CLOEXEC) = 365
9596  openat(AT_FDCWD, "/home/capstone/project/test_files/000981.doc", O_RDWR|O_LARGEFILE|O_CLOEXEC <unfinished ...>
9588  openat(AT_FDCWD, "/home/capstone/project/test_files/000105.txt", O_RDWR|O_LARGEFILE|O_CLOEXEC <unfinished ...>
9587  openat(AT_FDCWD, "/home/capstone/project/test_files/000818.pdf", O_RDWR|O_LARGEFILE|O_CLOEXEC <unfinished ...>
9596  openat(AT_FDCWD, "/home/capstone/project/test_files/000499.txt", O_RDWR|O_LARGEFILE|O_CLOEXEC) = 365
9590  unlink("/home/capstone/project/test_files/checkpoints-000286.doc.dkrpx75" <unfinished ...>
9596  openat(AT_FDCWD, "/home/capstone/project/test_files/000224.txt", O_RDWR|O_LARGEFILE|O_CLOEXEC) = 365
9596  openat(AT_FDCWD, "/home/capstone/project/test_files/000976.doc", O_RDWR|O_LARGEFILE|O_CLOEXEC) = 335
9596  openat(AT_FDCWD, "/home/capstone/project/test_files/000735.html", O_RDWR|O_LARGEFILE|O_CLOEXEC) = 335
9596  openat(AT_FDCWD, "/home/capstone/project/test_files/000995.ppt", O_RDWR|O_LARGEFILE|O_CLOEXEC) = 335
9596  openat(AT_FDCWD, "/home/capstone/project/test_files/000714.ppt", O_RDWR|O_LARGEFILE|O_CLOEXEC) = 335
9596  openat(AT_FDCWD, "/home/capstone/project/test_files/000699.log", O_RDWR|O_LARGEFILE|O_CLOEXEC) = 335
9596  openat(AT_FDCWD, "/home/capstone/project/test_files/000410.html", O_RDWR|O_LARGEFILE|O_CLOEXEC) = 335
9596  openat(AT_FDCWD, "/home/capstone/project/test_files/000809.pdf", O_RDWR|O_LARGEFILE|O_CLOEXEC) = 335
9596  openat(AT_FDCWD, "/home/capstone/project/test_files/000587.pdf", O_RDWR|O_LARGEFILE|O_CLOEXEC) = 335
9596  openat(AT_FDCWD, "/home/capstone/project/test_files/000670.txt", O_RDWR|O_LARGEFILE|O_CLOEXEC) = 335
9596  openat(AT_FDCWD, "/home/capstone/project/test_files/000519.gif", O_RDWR|O_LARGEFILE|O_CLOEXEC) = 335
9596  openat(AT_FDCWD, "/home/capstone/project/test_files/000707.doc", O_RDWR|O_LARGEFILE|O_CLOEXEC) = 335
9596  openat(AT_FDCWD, "/home/capstone/project/test_files/000923.xml", O_RDWR|O_LARGEFILE|O_CLOEXEC) = 335
9591  rename("/home/capstone/project/test_files/000513.jpg", "/home/capstone/project/test_files/000513.jpg.dkrpx75") = 0
9589  rename("/home/capstone/project/test_files/000556.txt", "/home/capstone/project/test_files/000556.txt.dkrpx75" <unfinished ...>
9596  openat(AT_FDCWD, "/home/capstone/project/test_files/000207.html", O_RDWR|O_LARGEFILE|O_CLOEXEC) = 335
9589  openat(AT_FDCWD, "/home/capstone/project/test_files/000556.txt.dkrpx75", O_RDWR|O_LARGEFILE|O_CLOEXEC <unfinished ...>
9587  openat(AT_FDCWD, "/home/capstone/project/test_files/000283.doc", O_RDWR|O_LARGEFILE|O_CLOEXEC <unfinished ...>
9588  openat(AT_FDCWD, "/home/capstone/project/test_files/000179.html", O_RDWR|O_LARGEFILE|O_CLOEXEC <unfinished ...>
9591  openat(AT_FDCWD, "/home/capstone/project/test_files/000513.jpg.dkrpx75", O_RDWR|O_LARGEFILE|O_CLOEXEC <unfinished ...>
9596  openat(AT_FDCWD, "/home/capstone/project/test_files/000844.txt", O_RDWR|O_LARGEFILE|O_CLOEXEC) = 335
9587  openat(AT_FDCWD, "/home/capstone/project/test_files/000115.wp", O_RDWR|O_LARGEFILE|O_CLOEXEC <unfinished ...>
9596  openat(AT_FDCWD, "/home/capstone/project/test_files/000894.html", O_RDWR|O_LARGEFILE|O_CLOEXEC) = 43
9596  openat(AT_FDCWD, "/home/capstone/project/test_files/000461.html", O_RDWR|O_LARGEFILE|O_CLOEXEC <unfinished ...>
9588  openat(AT_FDCWD, "/home/capstone/project/test_files/000637.html", O_RDWR|O_LARGEFILE|O_CLOEXEC <unfinished ...>
9596  openat(AT_FDCWD, "/home/capstone/project/test_files/000381.pdf", O_RDWR|O_LARGEFILE|O_CLOEXEC) = 43
9587  openat(AT_FDCWD, "/home/capstone/project/test_files/000917.html", O_RDWR|O_LARGEFILE|O_CLOEXEC <unfinished ...>
9596  openat(AT_FDCWD, "/home/capstone/project/test_files/000489.txt", O_RDWR|O_LARGEFILE|O_CLOEXEC) = 372
9588  openat(AT_FDCWD, "/home/capstone/project/test_files/000589.pdf", O_RDWR|O_LARGEFILE|O_CLOEXEC <unfinished ...>
9596  openat(AT_FDCWD, "/home/capstone/project/test_files/000545.gif", O_RDWR|O_LARGEFILE|O_CLOEXEC) = 372
9587  openat(AT_FDCWD, "/home/capstone/project/test_files/000760.pdf", O_RDWR|O_LARGEFILE|O_CLOEXEC <unfinished ...>
9596  openat(AT_FDCWD, "/home/capstone/project/test_files/000285.doc", O_RDWR|O_LARGEFILE|O_CLOEXEC) = 372
9596  openat(AT_FDCWD, "/home/capstone/project/test_files/000748.pdf", O_RDWR|O_LARGEFILE|O_CLOEXEC <unfinished ...>
9588  openat(AT_FDCWD, "/home/capstone/project/test_files/000837.txt", O_RDWR|O_LARGEFILE|O_CLOEXEC <unfinished ...>
9587  openat(AT_FDCWD, "/home/capstone/project/test_files/000524.jpg", O_RDWR|O_LARGEFILE|O_CLOEXEC) = 376
9589  openat(AT_FDCWD, "/home/capstone/project/test_files/checkpoints-000556.txt.dkrpx75", O_RDWR|O_CREAT|O_TRUNC|O_LARGEFILE|O_CLOEXEC, 0666 <unfinished ...>
9596  openat(AT_FDCWD, "/home/capstone/project/test_files/000810.pdf", O_RDWR|O_LARGEFILE|O_CLOEXEC) = 377
9591  openat(AT_FDCWD, "/home/capstone/project/test_files/checkpoints-000513.jpg.dkrpx75", O_RDWR|O_CREAT|O_TRUNC|O_LARGEFILE|O_CLOEXEC, 0666 <unfinished ...>
9596  openat(AT_FDCWD, "/home/capstone/project/test_files/000865.gz", O_RDWR|O_LARGEFILE|O_CLOEXEC <unfinished ...>
9587  openat(AT_FDCWD, "/home/capstone/project/test_files/000420.html", O_RDWR|O_LARGEFILE|O_CLOEXEC <unfinished ...>
9588  openat(AT_FDCWD, "/home/capstone/project/test_files/000520.gif", O_RDWR|O_LARGEFILE|O_CLOEXEC <unfinished ...>
9596  openat(AT_FDCWD, "/home/capstone/project/test_files/000773.ps", O_RDWR|O_LARGEFILE|O_CLOEXEC) = 378
9596  openat(AT_FDCWD, "/home/capstone/project/test_files/000109.jpg", O_RDWR|O_LARGEFILE|O_CLOEXEC) = 378
9596  openat(AT_FDCWD, "/home/capstone/project/test_files/000675.doc", O_RDWR|O_LARGEFILE|O_CLOEXEC) = 378
9596  openat(AT_FDCWD, "/home/capstone/project/test_files/000692.html", O_RDWR|O_LARGEFILE|O_CLOEXEC) = 378
9596  openat(AT_FDCWD, "/home/capstone/project/test_files/000082.txt", O_RDWR|O_LARGEFILE|O_CLOEXEC) = 378
9596  openat(AT_FDCWD, "/home/capstone/project/test_files/000431.html", O_RDWR|O_LARGEFILE|O_CLOEXEC) = 378
9596  openat(AT_FDCWD, "/home/capstone/project/test_files/000324.pdf", O_RDWR|O_LARGEFILE|O_CLOEXEC <unfinished ...>
9587  openat(AT_FDCWD, "/home/capstone/project/test_files/000578.pdf", O_RDWR|O_LARGEFILE|O_CLOEXEC <unfinished ...>
9596  openat(AT_FDCWD, "/home/capstone/project/test_files/000866.txt", O_RDWR|O_LARGEFILE|O_CLOEXEC) = 378
9588  openat(AT_FDCWD, "/home/capstone/project/test_files/000338.pdf", O_RDWR|O_LARGEFILE|O_CLOEXEC <unfinished ...>
9596  openat(AT_FDCWD, "/home/capstone/project/test_files/000389.dbase3", O_RDWR|O_LARGEFILE|O_CLOEXEC) = 382
9596  openat(AT_FDCWD, "/home/capstone/project/test_files/000534.gif", O_RDWR|O_LARGEFILE|O_CLOEXEC <unfinished ...>
9588  openat(AT_FDCWD, "/home/capstone/project/test_files/000364.pdf", O_RDWR|O_LARGEFILE|O_CLOEXEC <unfinished ...>
9596  openat(AT_FDCWD, "/home/capstone/project/test_files/000793.html", O_RDWR|O_LARGEFILE|O_CLOEXEC) = 382
9587  openat(AT_FDCWD, "/home/capstone/project/test_files/000261.doc", O_RDWR|O_LARGEFILE|O_CLOEXEC) = 384
9596  openat(AT_FDCWD, "/home/capstone/project/test_files/000697.log", O_RDWR|O_LARGEFILE|O_CLOEXEC) = 382
9596  openat(AT_FDCWD, "/home/capstone/project/test_files/000322.ppt", O_RDWR|O_LARGEFILE|O_CLOEXEC) = 382
9596  openat(AT_FDCWD, "/home/capstone/project/test_files/000494.txt", O_RDWR|O_LARGEFILE|O_CLOEXEC) = 382
9587  openat(AT_FDCWD, "/home/capstone/project/test_files/000551.jpg", O_RDWR|O_LARGEFILE|O_CLOEXEC <unfinished ...>
9588  openat(AT_FDCWD, "/home/capstone/project/test_files/000871.jpg", O_RDWR|O_LARGEFILE|O_CLOEXEC <unfinished ...>
9596  openat(AT_FDCWD, "/home/capstone/project/test_files/000861.txt", O_RDWR|O_LARGEFILE|O_CLOEXEC) = 385
9596  openat(AT_FDCWD, "/home/capstone/project/test_files/000110.jpg", O_RDWR|O_LARGEFILE|O_CLOEXEC) = 385
9588  openat(AT_FDCWD, "/home/capstone/project/test_files/000199.html", O_RDWR|O_LARGEFILE|O_CLOEXEC <unfinished ...>
9587  openat(AT_FDCWD, "/home/capstone/project/test_files/000596.pdf", O_RDWR|O_LARGEFILE|O_CLOEXEC) = 387
9596  openat(AT_FDCWD, "/home/capstone/project/test_files/000294.ppt", O_RDWR|O_LARGEFILE|O_CLOEXEC) = 385
9596  openat(AT_FDCWD, "/home/capstone/project/test_files/000849.txt", O_RDWR|O_LARGEFILE|O_CLOEXEC) = 385
9587  openat(AT_FDCWD, "/home/capstone/project/test_files/000835.txt", O_RDWR|O_LARGEFILE|O_CLOEXEC <unfinished ...>
9596  openat(AT_FDCWD, "/home/capstone/project/test_files/000153.pdf", O_RDWR|O_LARGEFILE|O_CLOEXEC) = 389
9596  openat(AT_FDCWD, "/home/capstone/project/test_files/000014.html", O_RDWR|O_LARGEFILE|O_CLOEXEC <unfinished ...>
9596  openat(AT_FDCWD, "/home/capstone/project/test_files/000382.xls", O_RDWR|O_LARGEFILE|O_CLOEXEC) = 389
9587  openat(AT_FDCWD, "/home/capstone/project/test_files/000017.swf", O_RDWR|O_LARGEFILE|O_CLOEXEC <unfinished ...>
9596  openat(AT_FDCWD, "/home/capstone/project/test_files/000496.xml", O_RDWR|O_LARGEFILE|O_CLOEXEC) = 389
9588  openat(AT_FDCWD, "/home/capstone/project/test_files/000244.jpg", O_RDWR|O_LARGEFILE|O_CLOEXEC <unfinished ...>
9596  openat(AT_FDCWD, "/home/capstone/project/test_files/000078.html", O_RDWR|O_LARGEFILE|O_CLOEXEC <unfinished ...>
9596  openat(AT_FDCWD, "/home/capstone/project/test_files/000631.pdf", O_RDWR|O_LARGEFILE|O_CLOEXEC <unfinished ...>
9596  openat(AT_FDCWD, "/home/capstone/project/test_files/000768.ps", O_RDWR|O_LARGEFILE|O_CLOEXEC) = 391
9588  openat(AT_FDCWD, "/home/capstone/project/test_files/000742.pdf", O_RDWR|O_LARGEFILE|O_CLOEXEC <unfinished ...>
9587  openat(AT_FDCWD, "/home/capstone/project/test_files/000725.ppt", O_RDWR|O_LARGEFILE|O_CLOEXEC <unfinished ...>
9596  openat(AT_FDCWD, "/home/capstone/project/test_files/000782.xls", O_RDWR|O_LARGEFILE|O_CLOEXEC <unfinished ...>
9596  openat(AT_FDCWD, "/home/capstone/project/test_files/000827.txt", O_RDWR|O_LARGEFILE|O_CLOEXEC) = 393
9596  openat(AT_FDCWD, "/home/capstone/project/test_files/000354.pdf", O_RDWR|O_LARGEFILE|O_CLOEXEC) = 393
9596  openat(AT_FDCWD, "/home/capstone/project/test_files/000040.xls", O_RDWR|O_LARGEFILE|O_CLOEXEC) = 393
9587  openat(AT_FDCWD, "/home/capstone/project/test_files/000922.java", O_RDWR|O_LARGEFILE|O_CLOEXEC <unfinished ...>
9592  unlink("/home/capstone/project/test_files/checkpoints-000131.doc.dkrpx75") = 0
9588  openat(AT_FDCWD, "/home/capstone/project/test_files/000191.html", O_RDWR|O_LARGEFILE|O_CLOEXEC <unfinished ...>
9596  openat(AT_FDCWD, "/home/capstone/project/test_files/000209.html", O_RDWR|O_LARGEFILE|O_CLOEXEC <unfinished ...>
9589  rename("/home/capstone/project/test_files/000188.html", "/home/capstone/project/test_files/000188.html.dkrpx75" <unfinished ...>
9596  openat(AT_FDCWD, "/home/capstone/project/test_files/000227.txt", O_RDWR|O_LARGEFILE|O_CLOEXEC) = 361
9587  openat(AT_FDCWD, "/home/capstone/project/test_files/000663.pdf", O_RDWR|O_LARGEFILE|O_CLOEXEC <unfinished ...>
9589  openat(AT_FDCWD, "/home/capstone/project/test_files/000188.html.dkrpx75", O_RDWR|O_LARGEFILE|O_CLOEXEC <unfinished ...>
9591  rename("/home/capstone/project/test_files/000366.pdf", "/home/capstone/project/test_files/000366.pdf.dkrpx75" <unfinished ...>
9596  openat(AT_FDCWD, "/home/capstone/project/test_files/000298.ppt", O_RDWR|O_LARGEFILE|O_CLOEXEC <unfinished ...>
9588  openat(AT_FDCWD, "/home/capstone/project/test_files/000998.ppt", O_RDWR|O_LARGEFILE|O_CLOEXEC <unfinished ...>
9591  openat(AT_FDCWD, "/home/capstone/project/test_files/000366.pdf.dkrpx75", O_RDWR|O_LARGEFILE|O_CLOEXEC <unfinished ...>
9587  openat(AT_FDCWD, "/home/capstone/project/test_files/000162.pdf", O_RDWR|O_LARGEFILE|O_CLOEXEC <unfinished ...>
9596  openat(AT_FDCWD, "/home/capstone/project/test_files/000728.ppt", O_RDWR|O_LARGEFILE|O_CLOEXEC) = 361
9596  openat(AT_FDCWD, "/home/capstone/project/test_files/000598.html", O_RDWR|O_LARGEFILE|O_CLOEXEC) = 10
9596  openat(AT_FDCWD, "/home/capstone/project/test_files/000013.pdf", O_RDWR|O_LARGEFILE|O_CLOEXEC) = 10
9596  openat(AT_FDCWD, "/home/capstone/project/test_files/000361.pdf", O_RDWR|O_LARGEFILE|O_CLOEXEC) = 10
9596  openat(AT_FDCWD, "/home/capstone/project/test_files/000015.pdf", O_RDWR|O_LARGEFILE|O_CLOEXEC) = 10
9596  openat(AT_FDCWD, "/home/capstone/project/test_files/000816.pdf", O_RDWR|O_LARGEFILE|O_CLOEXEC) = 10
9596  openat(AT_FDCWD, "/home/capstone/project/test_files/000055.xls", O_RDWR|O_LARGEFILE|O_CLOEXEC) = 10
9596  openat(AT_FDCWD, "/home/capstone/project/test_files/000303.ppt", O_RDWR|O_LARGEFILE|O_CLOEXEC) = 10
9587  openat(AT_FDCWD, "/home/capstone/project/test_files/000653.txt", O_RDWR|O_LARGEFILE|O_CLOEXEC <unfinished ...>
9596  openat(AT_FDCWD, "/home/capstone/project/test_files/000582.pdf", O_RDWR|O_LARGEFILE|O_CLOEXEC <unfinished ...>
9588  openat(AT_FDCWD, "/home/capstone/project/test_files/000905.jpg", O_RDWR|O_LARGEFILE|O_CLOEXEC <unfinished ...>
9587  openat(AT_FDCWD, "/home/capstone/project/test_files/000681.jpg", O_RDWR|O_LARGEFILE|O_CLOEXEC <unfinished ...>
9596  openat(AT_FDCWD, "/home/capstone/project/test_files/000873.jpg", O_RDWR|O_LARGEFILE|O_CLOEXEC) = 10
9596  openat(AT_FDCWD, "/home/capstone/project/test_files/000928.txt", O_RDWR|O_LARGEFILE|O_CLOEXEC) = 10
9596  openat(AT_FDCWD, "/home/capstone/project/test_files/000181.ppt", O_RDWR|O_LARGEFILE|O_CLOEXEC) = 10
9588  openat(AT_FDCWD, "/home/capstone/project/test_files/000306.ppt", O_RDWR|O_LARGEFILE|O_CLOEXEC) = 401
9587  openat(AT_FDCWD, "/home/capstone/project/test_files/000498.txt", O_RDWR|O_LARGEFILE|O_CLOEXEC <unfinished ...>
9596  openat(AT_FDCWD, "/home/capstone/project/test_files/000738.pdf", O_RDWR|O_LARGEFILE|O_CLOEXEC) = 10
9596  openat(AT_FDCWD, "/home/capstone/project/test_files/000202.html", O_RDWR|O_LARGEFILE|O_CLOEXEC) = 10
9596  openat(AT_FDCWD, "/home/capstone/project/test_files/000543.gif", O_RDWR|O_LARGEFILE|O_CLOEXEC) = 10
9589  openat(AT_FDCWD, "/home/capstone/project/test_files/checkpoints-000188.html.dkrpx75", O_RDWR|O_CREAT|O_TRUNC|O_LARGEFILE|O_CLOEXEC, 0666 <unfinished ...>
9596  openat(AT_FDCWD, "/home/capstone/project/test_files/000264.doc", O_RDWR|O_LARGEFILE|O_CLOEXEC <unfinished ...>
9588  openat(AT_FDCWD, "/home/capstone/project/test_files/000531.jpg", O_RDWR|O_LARGEFILE|O_CLOEXEC <unfinished ...>
9596  openat(AT_FDCWD, "/home/capstone/project/test_files/000278.doc", O_RDWR|O_LARGEFILE|O_CLOEXEC) = 403
9596  openat(AT_FDCWD, "/home/capstone/project/test_files/000527.gif", O_RDWR|O_LARGEFILE|O_CLOEXEC) = 403
9588  openat(AT_FDCWD, "/home/capstone/project/test_files/000390.xls", O_RDWR|O_LARGEFILE|O_CLOEXEC <unfinished ...>
9587  openat(AT_FDCWD, "/home/capstone/project/test_files/000705.doc", O_RDWR|O_LARGEFILE|O_CLOEXEC <unfinished ...>
9596  openat(AT_FDCWD, "/home/capstone/project/test_files/000723.ppt", O_RDWR|O_LARGEFILE|O_CLOEXEC) = 405
9596  openat(AT_FDCWD, "/home/capstone/project/test_files/000814.html", O_RDWR|O_LARGEFILE|O_CLOEXEC) = 405
9596  openat(AT_FDCWD, "/home/capstone/project/test_files/000783.html", O_RDWR|O_LARGEFILE|O_CLOEXEC) = 405
9596  openat(AT_FDCWD, "/home/capstone/project/test_files/000858.txt", O_RDWR|O_LARGEFILE|O_CLOEXEC) = 405
9596  openat(AT_FDCWD, "/home/capstone/project/test_files/000311.ppt", O_RDWR|O_LARGEFILE|O_CLOEXEC) = 405
9596  openat(AT_FDCWD, "/home/capstone/project/test_files/000904.pdf", O_RDWR|O_LARGEFILE|O_CLOEXEC) = 405
9587  openat(AT_FDCWD, "/home/capstone/project/test_files/000658.txt", O_RDWR|O_LARGEFILE|O_CLOEXEC <unfinished ...>
9596  openat(AT_FDCWD, "/home/capstone/project/test_files/000385.xls", O_RDWR|O_LARGEFILE|O_CLOEXEC) = 405
9588  openat(AT_FDCWD, "/home/capstone/project/test_files/000296.ppt", O_RDWR|O_LARGEFILE|O_CLOEXEC <unfinished ...>
9596  openat(AT_FDCWD, "/home/capstone/project/test_files/000983.ppt", O_RDWR|O_LARGEFILE|O_CLOEXEC) = 407
9596  openat(AT_FDCWD, "/home/capstone/project/test_files/000694.html", O_RDWR|O_LARGEFILE|O_CLOEXEC) = 407
9596  openat(AT_FDCWD, "/home/capstone/project/test_files/000474.txt", O_RDWR|O_LARGEFILE|O_CLOEXEC) = 407
9596  openat(AT_FDCWD, "/home/capstone/project/test_files/000152.pdf", O_RDWR|O_LARGEFILE|O_CLOEXEC) = 407
9596  openat(AT_FDCWD, "/home/capstone/project/test_files/000315.ppt", O_RDWR|O_LARGEFILE|O_CLOEXEC) = 407
9596  openat(AT_FDCWD, "/home/capstone/project/test_files/000744.pdf", O_RDWR|O_LARGEFILE|O_CLOEXEC) = 407
9596  openat(AT_FDCWD, "/home/capstone/project/test_files/000920.txt", O_RDWR|O_LARGEFILE|O_CLOEXEC) = 407
9587  openat(AT_FDCWD, "/home/capstone/project/test_files/000737.pdf", O_RDWR|O_LARGEFILE|O_CLOEXEC <unfinished ...>
9596  openat(AT_FDCWD, "/home/capstone/project/test_files/000540.jpg", O_RDWR|O_LARGEFILE|O_CLOEXEC) = 407
9587  openat(AT_FDCWD, "/home/capstone/project/test_files/000958.doc", O_RDWR|O_LARGEFILE|O_CLOEXEC <unfinished ...>
9596  openat(AT_FDCWD, "/home/capstone/project/test_files/000291.ppt", O_RDWR|O_LARGEFILE|O_CLOEXEC) = 407
9596  openat(AT_FDCWD, "/home/capstone/project/test_files/000674.pdf", O_RDWR|O_LARGEFILE|O_CLOEXEC) = 410
9596  openat(AT_FDCWD, "/home/capstone/project/test_files/000299.ppt", O_RDWR|O_LARGEFILE|O_CLOEXEC <unfinished ...>
9588  openat(AT_FDCWD, "/home/capstone/project/test_files/000794.html", O_RDWR|O_LARGEFILE|O_CLOEXEC <unfinished ...>
9587  openat(AT_FDCWD, "/home/capstone/project/test_files/000763.pdf", O_RDWR|O_LARGEFILE|O_CLOEXEC <unfinished ...>
9596  openat(AT_FDCWD, "/home/capstone/project/test_files/000979.doc", O_RDWR|O_LARGEFILE|O_CLOEXEC) = 410
9596  openat(AT_FDCWD, "/home/capstone/project/test_files/000672.pdf", O_RDWR|O_LARGEFILE|O_CLOEXEC) = 410
9588  openat(AT_FDCWD, "/home/capstone/project/test_files/000924.txt", O_RDWR|O_LARGEFILE|O_CLOEXEC <unfinished ...>
9596  openat(AT_FDCWD, "/home/capstone/project/test_files/000993.ppt", O_RDWR|O_LARGEFILE|O_CLOEXEC <unfinished ...>
9591  openat(AT_FDCWD, "/home/capstone/project/test_files/checkpoints-000366.pdf.dkrpx75", O_RDWR|O_CREAT|O_TRUNC|O_LARGEFILE|O_CLOEXEC, 0666 <unfinished ...>
9596  openat(AT_FDCWD, "/home/capstone/project/test_files/000712.ppt", O_RDWR|O_LARGEFILE|O_CLOEXEC) = 413
9596  openat(AT_FDCWD, "/home/capstone/project/test_files/000586.pdf", O_RDWR|O_LARGEFILE|O_CLOEXEC) = 413
9596  openat(AT_FDCWD, "/home/capstone/project/test_files/000870.jpg", O_RDWR|O_LARGEFILE|O_CLOEXEC) = 413
9596  openat(AT_FDCWD, "/home/capstone/project/test_files/000665.txt", O_RDWR|O_LARGEFILE|O_CLOEXEC) = 413
9596  openat(AT_FDCWD, "/home/capstone/project/test_files/000376.dbase3", O_RDWR|O_LARGEFILE|O_CLOEXEC) = 413
9588  openat(AT_FDCWD, "/home/capstone/project/test_files/000938.txt", O_RDWR|O_LARGEFILE|O_CLOEXEC <unfinished ...>
9596  openat(AT_FDCWD, "/home/capstone/project/test_files/000550.jpg", O_RDWR|O_LARGEFILE|O_CLOEXEC <unfinished ...>
9589  rename("/home/capstone/project/test_files/000590.pdf", "/home/capstone/project/test_files/000590.pdf.dkrpx75" <unfinished ...>
9587  openat(AT_FDCWD, "/home/capstone/project/test_files/000304.ppt", O_RDWR|O_LARGEFILE|O_CLOEXEC <unfinished ...>
9590  unlink("/home/capstone/project/test_files/checkpoints-000513.jpg.dkrpx75" <unfinished ...>
9589  openat(AT_FDCWD, "/home/capstone/project/test_files/000590.pdf.dkrpx75", O_RDWR|O_LARGEFILE|O_CLOEXEC <unfinished ...>
9596  openat(AT_FDCWD, "/home/capstone/project/test_files/000775.xls", O_RDWR|O_LARGEFILE|O_CLOEXEC) = 415
9588  openat(AT_FDCWD, "/home/capstone/project/test_files/000032.xls", O_RDWR|O_LARGEFILE|O_CLOEXEC <unfinished ...>
9596  openat(AT_FDCWD, "/home/capstone/project/test_files/000659.txt", O_RDWR|O_LARGEFILE|O_CLOEXEC <unfinished ...>
9596  openat(AT_FDCWD, "/home/capstone/project/test_files/000336.pdf", O_RDWR|O_LARGEFILE|O_CLOEXEC) = 19
9596  openat(AT_FDCWD, "/home/capstone/project/test_files/000830.html", O_RDWR|O_LARGEFILE|O_CLOEXEC) = 19
9596  openat(AT_FDCWD, "/home/capstone/project/test_files/000564.csv", O_RDWR|O_LARGEFILE|O_CLOEXEC <unfinished ...>
9588  openat(AT_FDCWD, "/home/capstone/project/test_files/000715.ppt", O_RDWR|O_LARGEFILE|O_CLOEXEC <unfinished ...>
9596  openat(AT_FDCWD, "/home/capstone/project/test_files/000404.jpg", O_RDWR|O_LARGEFILE|O_CLOEXEC) = 19
9596  openat(AT_FDCWD, "/home/capstone/project/test_files/000954.pdf", O_RDWR|O_LARGEFILE|O_CLOEXEC) = 19
9596  openat(AT_FDCWD, "/home/capstone/project/test_files/000210.html", O_RDWR|O_LARGEFILE|O_CLOEXEC) = 19
9596  openat(AT_FDCWD, "/home/capstone/project/test_files/000831.txt", O_RDWR|O_LARGEFILE|O_CLOEXEC) = 19
9587  openat(AT_FDCWD, "/home/capstone/project/test_files/000343.pdf", O_RDWR|O_LARGEFILE|O_CLOEXEC <unfinished ...>
9596  openat(AT_FDCWD, "/home/capstone/project/test_files/000604.html", O_RDWR|O_LARGEFILE|O_CLOEXEC) = 19
9588  openat(AT_FDCWD, "/home/capstone/project/test_files/000935.txt", O_RDWR|O_LARGEFILE|O_CLOEXEC <unfinished ...>
9596  openat(AT_FDCWD, "/home/capstone/project/test_files/000523.png", O_RDWR|O_LARGEFILE|O_CLOEXEC <unfinished ...>
9596  openat(AT_FDCWD, "/home/capstone/project/test_files/000149.pdf", O_RDWR|O_LARGEFILE|O_CLOEXEC <unfinished ...>
9596  openat(AT_FDCWD, "/home/capstone/project/test_files/000684.jpg", O_RDWR|O_LARGEFILE|O_CLOEXEC) = 419
9588  openat(AT_FDCWD, "/home/capstone/project/test_files/000547.pdf", O_RDWR|O_LARGEFILE|O_CLOEXEC <unfinished ...>
9587  openat(AT_FDCWD, "/home/capstone/project/test_files/000009.pdf", O_RDWR|O_LARGEFILE|O_CLOEXEC <unfinished ...>
9596  openat(AT_FDCWD, "/home/capstone/project/test_files/000201.html", O_RDWR|O_LARGEFILE|O_CLOEXEC) = 421
9596  openat(AT_FDCWD, "/home/capstone/project/test_files/000262.pdf", O_RDWR|O_LARGEFILE|O_CLOEXEC) = 421
9588  openat(AT_FDCWD, "/home/capstone/project/test_files/000695.doc", O_RDWR|O_LARGEFILE|O_CLOEXEC <unfinished ...>
9596  openat(AT_FDCWD, "/home/capstone/project/test_files/000624.txt", O_RDWR|O_LARGEFILE|O_CLOEXEC) = 421
9587  openat(AT_FDCWD, "/home/capstone/project/test_files/000662.txt", O_RDWR|O_LARGEFILE|O_CLOEXEC <unfinished ...>
9596  openat(AT_FDCWD, "/home/capstone/project/test_files/000907.html", O_RDWR|O_LARGEFILE|O_CLOEXEC) = 421
9596  openat(AT_FDCWD, "/home/capstone/project/test_files/000688.gif", O_RDWR|O_LARGEFILE|O_CLOEXEC) = 421
9589  openat(AT_FDCWD, "/home/capstone/project/test_files/checkpoints-000590.pdf.dkrpx75", O_RDWR|O_CREAT|O_TRUNC|O_LARGEFILE|O_CLOEXEC, 0666 <unfinished ...>
9588  openat(AT_FDCWD, "/home/capstone/project/test_files/000554.html", O_RDWR|O_LARGEFILE|O_CLOEXEC <unfinished ...>
9591  rename("/home/capstone/project/test_files/000890.jpg", "/home/capstone/project/test_files/000890.jpg.dkrpx75" <unfinished ...>
9596  openat(AT_FDCWD, "/home/capstone/project/test_files/000196.pdf", O_RDWR|O_LARGEFILE|O_CLOEXEC <unfinished ...>
9587  openat(AT_FDCWD, "/home/capstone/project/test_files/000656.txt", O_RDWR|O_LARGEFILE|O_CLOEXEC <unfinished ...>
9591  openat(AT_FDCWD, "/home/capstone/project/test_files/000890.jpg.dkrpx75", O_RDWR|O_LARGEFILE|O_CLOEXEC <unfinished ...>
9596  openat(AT_FDCWD, "/home/capstone/project/test_files/000790.doc", O_RDWR|O_LARGEFILE|O_CLOEXEC <unfinished ...>
9596  openat(AT_FDCWD, "/home/capstone/project/test_files/000396.xls", O_RDWR|O_LARGEFILE|O_CLOEXEC <unfinished ...>
9588  openat(AT_FDCWD, "/home/capstone/project/test_files/000233.gif", O_RDWR|O_LARGEFILE|O_CLOEXEC <unfinished ...>
9587  openat(AT_FDCWD, "/home/capstone/project/test_files/000160.ppt", O_RDWR|O_LARGEFILE|O_CLOEXEC <unfinished ...>
9596  openat(AT_FDCWD, "/home/capstone/project/test_files/000194.html", O_RDWR|O_LARGEFILE|O_CLOEXEC <unfinished ...>
9596  openat(AT_FDCWD, "/home/capstone/project/test_files/000537.gif", O_RDWR|O_LARGEFILE|O_CLOEXEC <unfinished ...>
9592  unlink("/home/capstone/project/test_files/checkpoints-000372.pdf.dkrpx75") = 0
9596  openat(AT_FDCWD, "/home/capstone/project/test_files/000630.pdf", O_RDWR|O_LARGEFILE|O_CLOEXEC) = 362
9596  openat(AT_FDCWD, "/home/capstone/project/test_files/000312.ppt", O_RDWR|O_LARGEFILE|O_CLOEXEC <unfinished ...>
9588  openat(AT_FDCWD, "/home/capstone/project/test_files/000493.xml", O_RDWR|O_LARGEFILE|O_CLOEXEC <unfinished ...>
9596  openat(AT_FDCWD, "/home/capstone/project/test_files/000417.jpg", O_RDWR|O_LARGEFILE|O_CLOEXEC <unfinished ...>
9596  openat(AT_FDCWD, "/home/capstone/project/test_files/000168.pdf", O_RDWR|O_LARGEFILE|O_CLOEXEC) = 427
9587  openat(AT_FDCWD, "/home/capstone/project/test_files/000829.txt", O_RDWR|O_LARGEFILE|O_CLOEXEC <unfinished ...>
9596  openat(AT_FDCWD, "/home/capstone/project/test_files/000252.pdf", O_RDWR|O_LARGEFILE|O_CLOEXEC) = 427
9588  openat(AT_FDCWD, "/home/capstone/project/test_files/000953.doc", O_RDWR|O_LARGEFILE|O_CLOEXEC <unfinished ...>
9596  openat(AT_FDCWD, "/home/capstone/project/test_files/000502.txt", O_RDWR|O_LARGEFILE|O_CLOEXEC) = 427
9596  openat(AT_FDCWD, "/home/capstone/project/test_files/000123.html", O_RDWR|O_LARGEFILE|O_CLOEXEC) = 427
9588  openat(AT_FDCWD, "/home/capstone/project/test_files/000317.ppt", O_RDWR|O_LARGEFILE|O_CLOEXEC <unfinished ...>
9587  openat(AT_FDCWD, "/home/capstone/project/test_files/000368.pdf", O_RDWR|O_LARGEFILE|O_CLOEXEC <unfinished ...>
9596  openat(AT_FDCWD, "/home/capstone/project/test_files/000471.txt", O_RDWR|O_LARGEFILE|O_CLOEXEC <unfinished ...>
9596  openat(AT_FDCWD, "/home/capstone/project/test_files/000776.xls", O_RDWR|O_LARGEFILE|O_CLOEXEC <unfinished ...>
9588  openat(AT_FDCWD, "/home/capstone/project/test_files/000413.html", O_RDWR|O_LARGEFILE|O_CLOEXEC <unfinished ...>
9596  openat(AT_FDCWD, "/home/capstone/project/test_files/000028.pdf", O_RDWR|O_LARGEFILE|O_CLOEXEC <unfinished ...>
9587  openat(AT_FDCWD, "/home/capstone/project/test_files/000247.jpg", O_RDWR|O_LARGEFILE|O_CLOEXEC <unfinished ...>
9592  unlink("/home/capstone/project/test_files/checkpoints-000556.txt.dkrpx75") = 0
9589  rename("/home/capstone/project/test_files/000507.jpg", "/home/capstone/project/test_files/000507.jpg.dkrpx75" <unfinished ...>
9596  openat(AT_FDCWD, "/home/capstone/project/test_files/000270.pdf", O_RDWR|O_LARGEFILE|O_CLOEXEC) = 372
9596  openat(AT_FDCWD, "/home/capstone/project/test_files/000401.xls", O_RDWR|O_LARGEFILE|O_CLOEXEC) = 372
9596  openat(AT_FDCWD, "/home/capstone/project/test_files/000351.pdf", O_RDWR|O_LARGEFILE|O_CLOEXEC) = 372
9596  openat(AT_FDCWD, "/home/capstone/project/test_files/000438.html", O_RDWR|O_LARGEFILE|O_CLOEXEC) = 372
9588  openat(AT_FDCWD, "/home/capstone/project/test_files/000751.pdf", O_RDWR|O_LARGEFILE|O_CLOEXEC <unfinished ...>
9596  openat(AT_FDCWD, "/home/capstone/project/test_files/000464.txt", O_RDWR|O_LARGEFILE|O_CLOEXEC <unfinished ...>
9589  openat(AT_FDCWD, "/home/capstone/project/test_files/000507.jpg.dkrpx75", O_RDWR|O_LARGEFILE|O_CLOEXEC <unfinished ...>
9596  openat(AT_FDCWD, "/home/capstone/project/test_files/000077.html", O_RDWR|O_LARGEFILE|O_CLOEXEC) = 427
9596  openat(AT_FDCWD, "/home/capstone/project/test_files/000323.ppt", O_RDWR|O_LARGEFILE|O_CLOEXEC) = 427
9587  openat(AT_FDCWD, "/home/capstone/project/test_files/000326.ppt", O_RDWR|O_LARGEFILE|O_CLOEXEC <unfinished ...>
9588  openat(AT_FDCWD, "/home/capstone/project/test_files/000834.pdf", O_RDWR|O_LARGEFILE|O_CLOEXEC <unfinished ...>
9596  openat(AT_FDCWD, "/home/capstone/project/test_files/000764.csv", O_RDWR|O_LARGEFILE|O_CLOEXEC <unfinished ...>
9588  openat(AT_FDCWD, "/home/capstone/project/test_files/000310.ppt", O_RDWR|O_LARGEFILE|O_CLOEXEC <unfinished ...>
9596  openat(AT_FDCWD, "/home/capstone/project/test_files/000462.txt", O_RDWR|O_LARGEFILE|O_CLOEXEC) = 52
9596  openat(AT_FDCWD, "/home/capstone/project/test_files/000770.pdf", O_RDWR|O_LARGEFILE|O_CLOEXEC) = 52
9596  openat(AT_FDCWD, "/home/capstone/project/test_files/000826.pdf", O_RDWR|O_LARGEFILE|O_CLOEXEC) = 52
9587  openat(AT_FDCWD, "/home/capstone/project/test_files/000099.ps", O_RDWR|O_LARGEFILE|O_CLOEXEC <unfinished ...>
9591  openat(AT_FDCWD, "/home/capstone/project/test_files/checkpoints-000890.jpg.dkrpx75", O_RDWR|O_CREAT|O_TRUNC|O_LARGEFILE|O_CLOEXEC, 0666 <unfinished ...>
9596  openat(AT_FDCWD, "/home/capstone/project/test_files/000719.ppt", O_RDWR|O_LARGEFILE|O_CLOEXEC <unfinished ...>
9588  openat(AT_FDCWD, "/home/capstone/project/test_files/000936.txt", O_RDWR|O_LARGEFILE|O_CLOEXEC <unfinished ...>
9592  unlink("/home/capstone/project/test_files/checkpoints-000366.pdf.dkrpx75" <unfinished ...>
9596  openat(AT_FDCWD, "/home/capstone/project/test_files/000774.ps", O_RDWR|O_LARGEFILE|O_CLOEXEC <unfinished ...>
9587  openat(AT_FDCWD, "/home/capstone/project/test_files/000753.pdf", O_RDWR|O_LARGEFILE|O_CLOEXEC <unfinished ...>
9588  openat(AT_FDCWD, "/home/capstone/project/test_files/000021.pdf", O_RDWR|O_LARGEFILE|O_CLOEXEC <unfinished ...>
9590  unlink("/home/capstone/project/test_files/checkpoints-000188.html.dkrpx75" <unfinished ...>
9596  openat(AT_FDCWD, "/home/capstone/project/test_files/000946.doc", O_RDWR|O_LARGEFILE|O_CLOEXEC <unfinished ...>
9596  openat(AT_FDCWD, "/home/capstone/project/test_files/000635.html", O_RDWR|O_LARGEFILE|O_CLOEXEC <unfinished ...>
9587  openat(AT_FDCWD, "/home/capstone/project/test_files/000840.pdf", O_RDWR|O_LARGEFILE|O_CLOEXEC <unfinished ...>
9588  openat(AT_FDCWD, "/home/capstone/project/test_files/000918.html", O_RDWR|O_LARGEFILE|O_CLOEXEC <unfinished ...>
9596  openat(AT_FDCWD, "/home/capstone/project/test_files/000120.doc", O_RDWR|O_LARGEFILE|O_CLOEXEC) = 442
9587  openat(AT_FDCWD, "/home/capstone/project/test_files/000558.ppt", O_RDWR|O_LARGEFILE|O_CLOEXEC <unfinished ...>
9596  openat(AT_FDCWD, "/home/capstone/project/test_files/000257.rtf", O_RDWR|O_LARGEFILE|O_CLOEXEC <unfinished ...>
9592  unlink("/home/capstone/project/test_files/checkpoints-000590.pdf.dkrpx75") = 0
9588  openat(AT_FDCWD, "/home/capstone/project/test_files/000348.pdf", O_RDWR|O_LARGEFILE|O_CLOEXEC <unfinished ...>
9596  openat(AT_FDCWD, "/home/capstone/project/test_files/000147.pdf", O_RDWR|O_LARGEFILE|O_CLOEXEC) = 425
9587  openat(AT_FDCWD, "/home/capstone/project/test_files/000080.html", O_RDWR|O_LARGEFILE|O_CLOEXEC) = 444
9596  openat(AT_FDCWD, "/home/capstone/project/test_files/000836.txt", O_RDWR|O_LARGEFILE|O_CLOEXEC <unfinished ...>
9591  rename("/home/capstone/project/test_files/000549.jpg", "/home/capstone/project/test_files/000549.jpg.dkrpx75" <unfinished ...>
9589  openat(AT_FDCWD, "/home/capstone/project/test_files/checkpoints-000507.jpg.dkrpx75", O_RDWR|O_CREAT|O_TRUNC|O_LARGEFILE|O_CLOEXEC, 0666 <unfinished ...>
9587  openat(AT_FDCWD, "/home/capstone/project/test_files/000406.xls", O_RDWR|O_LARGEFILE|O_CLOEXEC <unfinished ...>
9596  openat(AT_FDCWD, "/home/capstone/project/test_files/000538.gif", O_RDWR|O_LARGEFILE|O_CLOEXEC) = 446
9588  openat(AT_FDCWD, "/home/capstone/project/test_files/000945.pdf", O_RDWR|O_LARGEFILE|O_CLOEXEC) = 447
9591  openat(AT_FDCWD, "/home/capstone/project/test_files/000549.jpg.dkrpx75", O_RDWR|O_LARGEFILE|O_CLOEXEC <unfinished ...>
9596  openat(AT_FDCWD, "/home/capstone/project/test_files/000154.doc", O_RDWR|O_LARGEFILE|O_CLOEXEC) = 446
9596  openat(AT_FDCWD, "/home/capstone/project/test_files/000484.txt", O_RDWR|O_LARGEFILE|O_CLOEXEC) = 446
9588  openat(AT_FDCWD, "/home/capstone/project/test_files/000137.pdf", O_RDWR|O_LARGEFILE|O_CLOEXEC <unfinished ...>
9587  openat(AT_FDCWD, "/home/capstone/project/test_files/000060.html", O_RDWR|O_LARGEFILE|O_CLOEXEC) = 53
9596  openat(AT_FDCWD, "/home/capstone/project/test_files/000340.pdf", O_RDWR|O_LARGEFILE|O_CLOEXEC) = 446
9596  openat(AT_FDCWD, "/home/capstone/project/test_files/000185.html", O_RDWR|O_LARGEFILE|O_CLOEXEC) = 446
9596  openat(AT_FDCWD, "/home/capstone/project/test_files/000001.doc", O_RDWR|O_LARGEFILE|O_CLOEXEC) = 446
9596  openat(AT_FDCWD, "/home/capstone/project/test_files/000563.gif", O_RDWR|O_LARGEFILE|O_CLOEXEC) = 446
9587  openat(AT_FDCWD, "/home/capstone/project/test_files/000248.doc", O_RDWR|O_LARGEFILE|O_CLOEXEC <unfinished ...>
9596  openat(AT_FDCWD, "/home/capstone/project/test_files/000780.xls", O_RDWR|O_LARGEFILE|O_CLOEXEC <unfinished ...>
9596  openat(AT_FDCWD, "/home/capstone/project/test_files/000316.pdf", O_RDWR|O_LARGEFILE|O_CLOEXEC <unfinished ...>
9596  openat(AT_FDCWD, "/home/capstone/project/test_files/000067.xml", O_RDWR|O_LARGEFILE|O_CLOEXEC) = 446
9596  openat(AT_FDCWD, "/home/capstone/project/test_files/000126.doc", O_RDWR|O_LARGEFILE|O_CLOEXEC <unfinished ...>
9588  openat(AT_FDCWD, "/home/capstone/project/test_files/000495.unk", O_RDWR|O_LARGEFILE|O_CLOEXEC <unfinished ...>
9587  openat(AT_FDCWD, "/home/capstone/project/test_files/000439.html", O_RDWR|O_LARGEFILE|O_CLOEXEC <unfinished ...>
9596  openat(AT_FDCWD, "/home/capstone/project/test_files/000135.pdf", O_RDWR|O_LARGEFILE|O_CLOEXEC) = 446
9596  openat(AT_FDCWD, "/home/capstone/project/test_files/000293.ppt", O_RDWR|O_LARGEFILE|O_CLOEXEC) = 446
9596  openat(AT_FDCWD, "/home/capstone/project/test_files/000263.pdf", O_RDWR|O_LARGEFILE|O_CLOEXEC) = 446
9596  openat(AT_FDCWD, "/home/capstone/project/test_files/000402.xls", O_RDWR|O_LARGEFILE|O_CLOEXEC) = 446
9596  openat(AT_FDCWD, "/home/capstone/project/test_files/000287.doc", O_RDWR|O_LARGEFILE|O_CLOEXEC) = 446
9596  openat(AT_FDCWD, "/home/capstone/project/test_files/000102.txt", O_RDWR|O_LARGEFILE|O_CLOEXEC) = 446
9596  openat(AT_FDCWD, "/home/capstone/project/test_files/000205.html", O_RDWR|O_LARGEFILE|O_CLOEXEC) = 446
9596  openat(AT_FDCWD, "/home/capstone/project/test_files/000824.html", O_RDWR|O_LARGEFILE|O_CLOEXEC) = 446
9596  openat(AT_FDCWD, "/home/capstone/project/test_files/000042.xls", O_RDWR|O_LARGEFILE|O_CLOEXEC) = 446
9589  rename("/home/capstone/project/test_files/000050.xls", "/home/capstone/project/test_files/000050.xls.dkrpx75" <unfinished ...>
9596  openat(AT_FDCWD, "/home/capstone/project/test_files/000430.html", O_RDWR|O_LARGEFILE|O_CLOEXEC <unfinished ...>
9587  openat(AT_FDCWD, "/home/capstone/project/test_files/000841.txt", O_RDWR|O_LARGEFILE|O_CLOEXEC <unfinished ...>
9589  openat(AT_FDCWD, "/home/capstone/project/test_files/000050.xls.dkrpx75", O_RDWR|O_LARGEFILE|O_CLOEXEC <unfinished ...>
9588  openat(AT_FDCWD, "/home/capstone/project/test_files/000256.doc", O_RDWR|O_LARGEFILE|O_CLOEXEC <unfinished ...>
9596  openat(AT_FDCWD, "/home/capstone/project/test_files/000739.pdf", O_RDWR|O_LARGEFILE|O_CLOEXEC) = 454
9591  openat(AT_FDCWD, "/home/capstone/project/test_files/checkpoints-000549.jpg.dkrpx75", O_RDWR|O_CREAT|O_TRUNC|O_LARGEFILE|O_CLOEXEC, 0666 <unfinished ...>
9596  openat(AT_FDCWD, "/home/capstone/project/test_files/000932.txt", O_RDWR|O_LARGEFILE|O_CLOEXEC) = 54
9587  openat(AT_FDCWD, "/home/capstone/project/test_files/000750.pdf", O_RDWR|O_LARGEFILE|O_CLOEXEC <unfinished ...>
9588  openat(AT_FDCWD, "/home/capstone/project/test_files/000463.txt", O_RDWR|O_LARGEFILE|O_CLOEXEC <unfinished ...>
9596  openat(AT_FDCWD, "/home/capstone/project/test_files/000054.xls", O_RDWR|O_LARGEFILE|O_CLOEXEC) = 54
9596  openat(AT_FDCWD, "/home/capstone/project/test_files/000988.ppt", O_RDWR|O_LARGEFILE|O_CLOEXEC <unfinished ...>
9588  openat(AT_FDCWD, "/home/capstone/project/test_files/000597.html", O_RDWR|O_LARGEFILE|O_CLOEXEC <unfinished ...>
9587  openat(AT_FDCWD, "/home/capstone/project/test_files/000386.xls", O_RDWR|O_LARGEFILE|O_CLOEXEC <unfinished ...>
9596  openat(AT_FDCWD, "/home/capstone/project/test_files/000985.ppt", O_RDWR|O_LARGEFILE|O_CLOEXEC) = 459
9596  openat(AT_FDCWD, "/home/capstone/project/test_files/000636.html", O_RDWR|O_LARGEFILE|O_CLOEXEC) = 459
9589  openat(AT_FDCWD, "/home/capstone/project/test_files/checkpoints-000050.xls.dkrpx75", O_RDWR|O_CREAT|O_TRUNC|O_LARGEFILE|O_CLOEXEC, 0666 <unfinished ...>
9588  openat(AT_FDCWD, "/home/capstone/project/test_files/000119.doc", O_RDWR|O_LARGEFILE|O_CLOEXEC <unfinished ...>
9587  openat(AT_FDCWD, "/home/capstone/project/test_files/000972.gif", O_RDWR|O_LARGEFILE|O_CLOEXEC <unfinished ...>
9596  openat(AT_FDCWD, "/home/capstone/project/test_files/000333.pdf", O_RDWR|O_LARGEFILE|O_CLOEXEC) = 459
9596  openat(AT_FDCWD, "/home/capstone/project/test_files/000281.doc", O_RDWR|O_LARGEFILE|O_CLOEXEC) = 459
9596  openat(AT_FDCWD, "/home/capstone/project/test_files/000867.jpg", O_RDWR|O_LARGEFILE|O_CLOEXEC) = 459
9596  openat(AT_FDCWD, "/home/capstone/project/test_files/000220.txt", O_RDWR|O_LARGEFILE|O_CLOEXEC <unfinished ...>
9588  openat(AT_FDCWD, "/home/capstone/project/test_files/000942.txt", O_RDWR|O_LARGEFILE|O_CLOEXEC <unfinished ...>
9592  unlink("/home/capstone/project/test_files/checkpoints-000507.jpg.dkrpx75") = 0
9596  openat(AT_FDCWD, "/home/capstone/project/test_files/000107.jpg", O_RDWR|O_LARGEFILE|O_CLOEXEC) = 445
9587  openat(AT_FDCWD, "/home/capstone/project/test_files/000784.html", O_RDWR|O_LARGEFILE|O_CLOEXEC <unfinished ...>
9596  openat(AT_FDCWD, "/home/capstone/project/test_files/000229.txt", O_RDWR|O_LARGEFILE|O_CLOEXEC <unfinished ...>
9590  unlink("/home/capstone/project/test_files/checkpoints-000890.jpg.dkrpx75" <unfinished ...>
9587  openat(AT_FDCWD, "/home/capstone/project/test_files/000539.jpg", O_RDWR|O_LARGEFILE|O_CLOEXEC <unfinished ...>
9596  openat(AT_FDCWD, "/home/capstone/project/test_files/000284.txt", O_RDWR|O_LARGEFILE|O_CLOEXEC <unfinished ...>
9596  openat(AT_FDCWD, "/home/capstone/project/test_files/000619.txt", O_RDWR|O_LARGEFILE|O_CLOEXEC <unfinished ...>
9596  openat(AT_FDCWD, "/home/capstone/project/test_files/000898.html", O_RDWR|O_LARGEFILE|O_CLOEXEC) = 52
9591  rename("/home/capstone/project/test_files/000927.txt", "/home/capstone/project/test_files/000927.txt.dkrpx75" <unfinished ...>
9587  openat(AT_FDCWD, "/home/capstone/project/test_files/000253.doc", O_RDWR|O_LARGEFILE|O_CLOEXEC <unfinished ...>
9596  openat(AT_FDCWD, "/home/capstone/project/test_files/000678.doc", O_RDWR|O_LARGEFILE|O_CLOEXEC) = 52
9596  openat(AT_FDCWD, "/home/capstone/project/test_files/000605.pdf", O_RDWR|O_LARGEFILE|O_CLOEXEC) = 52
9596  openat(AT_FDCWD, "/home/capstone/project/test_files/000016.pdf", O_RDWR|O_LARGEFILE|O_CLOEXEC) = 52
9591  openat(AT_FDCWD, "/home/capstone/project/test_files/000927.txt.dkrpx75", O_RDWR|O_LARGEFILE|O_CLOEXEC <unfinished ...>
9596  openat(AT_FDCWD, "/home/capstone/project/test_files/000328.ppt", O_RDWR|O_LARGEFILE|O_CLOEXEC) = 52
9588  openat(AT_FDCWD, "/home/capstone/project/test_files/000889.jpg", O_RDWR|O_LARGEFILE|O_CLOEXEC) = 466
9596  openat(AT_FDCWD, "/home/capstone/project/test_files/000297.ppt", O_RDWR|O_LARGEFILE|O_CLOEXEC) = 52
9587  openat(AT_FDCWD, "/home/capstone/project/test_files/000127.doc", O_RDWR|O_LARGEFILE|O_CLOEXEC <unfinished ...>
9596  openat(AT_FDCWD, "/home/capstone/project/test_files/000801.doc", O_RDWR|O_LARGEFILE|O_CLOEXEC <unfinished ...>
9588  openat(AT_FDCWD, "/home/capstone/project/test_files/000378.xls", O_RDWR|O_LARGEFILE|O_CLOEXEC <unfinished ...>
9587  openat(AT_FDCWD, "/home/capstone/project/test_files/000765.log", O_RDWR|O_LARGEFILE|O_CLOEXEC <unfinished ...>
9596  openat(AT_FDCWD, "/home/capstone/project/test_files/000501.txt", O_RDWR|O_LARGEFILE|O_CLOEXEC) = 467
9596  openat(AT_FDCWD, "/home/capstone/project/test_files/000282.pdf", O_RDWR|O_LARGEFILE|O_CLOEXEC) = 467
9596  openat(AT_FDCWD, "/home/capstone/project/test_files/000570.pdf", O_RDWR|O_LARGEFILE|O_CLOEXEC) = 467
9596  openat(AT_FDCWD, "/home/capstone/project/test_files/000593.pdf", O_RDWR|O_LARGEFILE|O_CLOEXEC) = 467
9596  openat(AT_FDCWD, "/home/capstone/project/test_files/000971.doc", O_RDWR|O_LARGEFILE|O_CLOEXEC) = 467
9596  openat(AT_FDCWD, "/home/capstone/project/test_files/000553.html", O_RDWR|O_LARGEFILE|O_CLOEXEC) = 467
9596  openat(AT_FDCWD, "/home/capstone/project/test_files/000973.doc", O_RDWR|O_LARGEFILE|O_CLOEXEC) = 467
9596  openat(AT_FDCWD, "/home/capstone/project/test_files/000112.wp", O_RDWR|O_LARGEFILE|O_CLOEXEC) = 467
9596  openat(AT_FDCWD, "/home/capstone/project/test_files/000148.doc", O_RDWR|O_LARGEFILE|O_CLOEXEC) = 467
9588  openat(AT_FDCWD, "/home/capstone/project/test_files/000258.rtf", O_RDWR|O_LARGEFILE|O_CLOEXEC <unfinished ...>
9596  openat(AT_FDCWD, "/home/capstone/project/test_files/000245.jpg", O_RDWR|O_LARGEFILE|O_CLOEXEC) = 467
9596  openat(AT_FDCWD, "/home/capstone/project/test_files/000571.pdf", O_RDWR|O_LARGEFILE|O_CLOEXEC <unfinished ...>
9587  openat(AT_FDCWD, "/home/capstone/project/test_files/000337.pdf", O_RDWR|O_LARGEFILE|O_CLOEXEC <unfinished ...>
9589  rename("/home/capstone/project/test_files/000937.txt", "/home/capstone/project/test_files/000937.txt.dkrpx75" <unfinished ...>
9596  openat(AT_FDCWD, "/home/capstone/project/test_files/000607.html", O_RDWR|O_LARGEFILE|O_CLOEXEC) = 467
9589  openat(AT_FDCWD, "/home/capstone/project/test_files/000937.txt.dkrpx75", O_RDWR|O_LARGEFILE|O_CLOEXEC <unfinished ...>
9588  openat(AT_FDCWD, "/home/capstone/project/test_files/000989.ppt", O_RDWR|O_LARGEFILE|O_CLOEXEC) = 472
9596  openat(AT_FDCWD, "/home/capstone/project/test_files/000968.jpg", O_RDWR|O_LARGEFILE|O_CLOEXEC <unfinished ...>
9588  openat(AT_FDCWD, "/home/capstone/project/test_files/000856.txt", O_RDWR|O_LARGEFILE|O_CLOEXEC <unfinished ...>
9587  openat(AT_FDCWD, "/home/capstone/project/test_files/000236.pdf", O_RDWR|O_LARGEFILE|O_CLOEXEC) = 467
9591  openat(AT_FDCWD, "/home/capstone/project/test_files/checkpoints-000927.txt.dkrpx75", O_RDWR|O_CREAT|O_TRUNC|O_LARGEFILE|O_CLOEXEC, 0666 <unfinished ...>
9596  openat(AT_FDCWD, "/home/capstone/project/test_files/000505.jpg", O_RDWR|O_LARGEFILE|O_CLOEXEC) = 57
9587  openat(AT_FDCWD, "/home/capstone/project/test_files/000652.txt", O_RDWR|O_LARGEFILE|O_CLOEXEC <unfinished ...>
9588  openat(AT_FDCWD, "/home/capstone/project/test_files/000982.ppt", O_RDWR|O_LARGEFILE|O_CLOEXEC <unfinished ...>
9596  openat(AT_FDCWD, "/home/capstone/project/test_files/000240.jpg", O_RDWR|O_LARGEFILE|O_CLOEXEC <unfinished ...>
9592  unlink("/home/capstone/project/test_files/checkpoints-000549.jpg.dkrpx75") = 0
9596  openat(AT_FDCWD, "/home/capstone/project/test_files/000158.doc", O_RDWR|O_LARGEFILE|O_CLOEXEC) = 454
9596  openat(AT_FDCWD, "/home/capstone/project/test_files/000075.html", O_RDWR|O_LARGEFILE|O_CLOEXEC) = 454
9588  openat(AT_FDCWD, "/home/capstone/project/test_files/000426.html", O_RDWR|O_LARGEFILE|O_CLOEXEC <unfinished ...>
9587  openat(AT_FDCWD, "/home/capstone/project/test_files/000452.html", O_RDWR|O_LARGEFILE|O_CLOEXEC) = 476
9596  openat(AT_FDCWD, "/home/capstone/project/test_files/000864.txt", O_RDWR|O_LARGEFILE|O_CLOEXEC) = 454
9596  openat(AT_FDCWD, "/home/capstone/project/test_files/000575.csv", O_RDWR|O_LARGEFILE|O_CLOEXEC) = 454
9596  openat(AT_FDCWD, "/home/capstone/project/test_files/000734.ps", O_RDWR|O_LARGEFILE|O_CLOEXEC) = 454
9596  openat(AT_FDCWD, "/home/capstone/project/test_files/000330.ppt", O_RDWR|O_LARGEFILE|O_CLOEXEC) = 454
9596  openat(AT_FDCWD, "/home/capstone/project/test_files/000350.pdf", O_RDWR|O_LARGEFILE|O_CLOEXEC) = 454
9596  openat(AT_FDCWD, "/home/capstone/project/test_files/000486.txt", O_RDWR|O_LARGEFILE|O_CLOEXEC) = 454
9596  openat(AT_FDCWD, "/home/capstone/project/test_files/000731.ps", O_RDWR|O_LARGEFILE|O_CLOEXEC) = 454
9596  openat(AT_FDCWD, "/home/capstone/project/test_files/000405.xls", O_RDWR|O_LARGEFILE|O_CLOEXEC) = 454
9596  openat(AT_FDCWD, "/home/capstone/project/test_files/000622.txt", O_RDWR|O_LARGEFILE|O_CLOEXEC) = 454
9596  openat(AT_FDCWD, "/home/capstone/project/test_files/000706.doc", O_RDWR|O_LARGEFILE|O_CLOEXEC) = 454
9596  openat(AT_FDCWD, "/home/capstone/project/test_files/000997.ppt", O_RDWR|O_LARGEFILE|O_CLOEXEC) = 454
9587  openat(AT_FDCWD, "/home/capstone/project/test_files/000654.txt", O_RDWR|O_LARGEFILE|O_CLOEXEC <unfinished ...>
9596  openat(AT_FDCWD, "/home/capstone/project/test_files/000682.jpg", O_RDWR|O_LARGEFILE|O_CLOEXEC <unfinished ...>
9588  openat(AT_FDCWD, "/home/capstone/project/test_files/000895.html", O_RDWR|O_LARGEFILE|O_CLOEXEC <unfinished ...>
9589  openat(AT_FDCWD, "/home/capstone/project/test_files/checkpoints-000937.txt.dkrpx75", O_RDWR|O_CREAT|O_TRUNC|O_LARGEFILE|O_CLOEXEC, 0666 <unfinished ...>
9596  openat(AT_FDCWD, "/home/capstone/project/test_files/000429.html", O_RDWR|O_LARGEFILE|O_CLOEXEC <unfinished ...>
9587  openat(AT_FDCWD, "/home/capstone/project/test_files/000536.jpg", O_RDWR|O_LARGEFILE|O_CLOEXEC <unfinished ...>
9596  openat(AT_FDCWD, "/home/capstone/project/test_files/000038.xls", O_RDWR|O_LARGEFILE|O_CLOEXEC) = 480
9596  openat(AT_FDCWD, "/home/capstone/project/test_files/000912.jpg", O_RDWR|O_LARGEFILE|O_CLOEXEC) = 480
9596  openat(AT_FDCWD, "/home/capstone/project/test_files/000250.doc", O_RDWR|O_LARGEFILE|O_CLOEXEC) = 480
9596  openat(AT_FDCWD, "/home/capstone/project/test_files/000791.html", O_RDWR|O_LARGEFILE|O_CLOEXEC) = 480
9596  openat(AT_FDCWD, "/home/capstone/project/test_files/000327.ppt", O_RDWR|O_LARGEFILE|O_CLOEXEC) = 480
9596  openat(AT_FDCWD, "/home/capstone/project/test_files/000056.html", O_RDWR|O_LARGEFILE|O_CLOEXEC <unfinished ...>
9587  openat(AT_FDCWD, "/home/capstone/project/test_files/000919.html", O_RDWR|O_LARGEFILE|O_CLOEXEC <unfinished ...>
9588  openat(AT_FDCWD, "/home/capstone/project/test_files/000560.ppt", O_RDWR|O_LARGEFILE|O_CLOEXEC <unfinished ...>
9596  openat(AT_FDCWD, "/home/capstone/project/test_files/000965.doc", O_RDWR|O_LARGEFILE|O_CLOEXEC) = 480
9596  openat(AT_FDCWD, "/home/capstone/project/test_files/000610.pdf", O_RDWR|O_LARGEFILE|O_CLOEXEC) = 480
9587  openat(AT_FDCWD, "/home/capstone/project/test_files/000331.pdf", O_RDWR|O_LARGEFILE|O_CLOEXEC <unfinished ...>
9596  openat(AT_FDCWD, "/home/capstone/project/test_files/000394.xls", O_RDWR|O_LARGEFILE|O_CLOEXEC) = 480
9596  openat(AT_FDCWD, "/home/capstone/project/test_files/000450.html", O_RDWR|O_LARGEFILE|O_CLOEXEC) = 480
9596  openat(AT_FDCWD, "/home/capstone/project/test_files/000279.doc", O_RDWR|O_LARGEFILE|O_CLOEXEC) = 480
9596  openat(AT_FDCWD, "/home/capstone/project/test_files/000459.html", O_RDWR|O_LARGEFILE|O_CLOEXEC) = 480
9596  openat(AT_FDCWD, "/home/capstone/project/test_files/000100.doc", O_RDWR|O_LARGEFILE|O_CLOEXEC) = 480
9588  openat(AT_FDCWD, "/home/capstone/project/test_files/000085.txt", O_RDWR|O_LARGEFILE|O_CLOEXEC <unfinished ...>
9596  openat(AT_FDCWD, "/home/capstone/project/test_files/000948.doc", O_RDWR|O_LARGEFILE|O_CLOEXEC) = 480
9596  openat(AT_FDCWD, "/home/capstone/project/test_files/000271.doc", O_RDWR|O_LARGEFILE|O_CLOEXEC) = 480
9596  openat(AT_FDCWD, "/home/capstone/project/test_files/000136.html", O_RDWR|O_LARGEFILE|O_CLOEXEC) = 480
9596  openat(AT_FDCWD, "/home/capstone/project/test_files/000821.html", O_RDWR|O_LARGEFILE|O_CLOEXEC) = 480
9596  openat(AT_FDCWD, "/home/capstone/project/test_files/000408.xls", O_RDWR|O_LARGEFILE|O_CLOEXEC) = 480
9596  openat(AT_FDCWD, "/home/capstone/project/test_files/000566.pdf", O_RDWR|O_LARGEFILE|O_CLOEXEC) = 480
9596  openat(AT_FDCWD, "/home/capstone/project/test_files/000235.jpg", O_RDWR|O_LARGEFILE|O_CLOEXEC) = 480
9596  openat(AT_FDCWD, "/home/capstone/project/test_files/000906.jpg", O_RDWR|O_LARGEFILE|O_CLOEXEC) = 480
9596  openat(AT_FDCWD, "/home/capstone/project/test_files/000903.jpg", O_RDWR|O_LARGEFILE|O_CLOEXEC) = 480
9596  openat(AT_FDCWD, "/home/capstone/project/test_files/000024.pdf", O_RDWR|O_LARGEFILE|O_CLOEXEC) = 480
9596  openat(AT_FDCWD, "/home/capstone/project/test_files/000713.ppt", O_RDWR|O_LARGEFILE|O_CLOEXEC) = 480
9596  openat(AT_FDCWD, "/home/capstone/project/test_files/000064.html", O_RDWR|O_LARGEFILE|O_CLOEXEC) = 480
9596  openat(AT_FDCWD, "/home/capstone/project/test_files/000757.pdf", O_RDWR|O_LARGEFILE|O_CLOEXEC) = 480
9587  openat(AT_FDCWD, "/home/capstone/project/test_files/000273.doc", O_RDWR|O_LARGEFILE|O_CLOEXEC <unfinished ...>
9596  openat(AT_FDCWD, "/home/capstone/project/test_files/000925.txt", O_RDWR|O_LARGEFILE|O_CLOEXEC <unfinished ...>
9591  rename("/home/capstone/project/test_files/000664.txt", "/home/capstone/project/test_files/000664.txt.dkrpx75" <unfinished ...>
9588  openat(AT_FDCWD, "/home/capstone/project/test_files/000238.jpg", O_RDWR|O_LARGEFILE|O_CLOEXEC <unfinished ...>
9596  openat(AT_FDCWD, "/home/capstone/project/test_files/000632.pdf", O_RDWR|O_LARGEFILE|O_CLOEXEC) = 486
9587  openat(AT_FDCWD, "/home/capstone/project/test_files/000346.pdf", O_RDWR|O_LARGEFILE|O_CLOEXEC <unfinished ...>
9596  openat(AT_FDCWD, "/home/capstone/project/test_files/000569.pdf", O_RDWR|O_LARGEFILE|O_CLOEXEC) = 486
9596  openat(AT_FDCWD, "/home/capstone/project/test_files/000555.html", O_RDWR|O_LARGEFILE|O_CLOEXEC) = 486
9596  openat(AT_FDCWD, "/home/capstone/project/test_files/000111.doc", O_RDWR|O_LARGEFILE|O_CLOEXEC) = 486
9596  openat(AT_FDCWD, "/home/capstone/project/test_files/000146.pdf", O_RDWR|O_LARGEFILE|O_CLOEXEC) = 486
9596  openat(AT_FDCWD, "/home/capstone/project/test_files/000302.ppt", O_RDWR|O_LARGEFILE|O_CLOEXEC) = 486
9596  openat(AT_FDCWD, "/home/capstone/project/test_files/000611.html", O_RDWR|O_LARGEFILE|O_CLOEXEC) = 486
9591  openat(AT_FDCWD, "/home/capstone/project/test_files/000664.txt.dkrpx75", O_RDWR|O_LARGEFILE|O_CLOEXEC <unfinished ...>
9596  openat(AT_FDCWD, "/home/capstone/project/test_files/000500.txt", O_RDWR|O_LARGEFILE|O_CLOEXEC) = 486
9587  openat(AT_FDCWD, "/home/capstone/project/test_files/000668.txt", O_RDWR|O_LARGEFILE|O_CLOEXEC) = 490
9596  openat(AT_FDCWD, "/home/capstone/project/test_files/000344.pdf", O_RDWR|O_LARGEFILE|O_CLOEXEC <unfinished ...>
9589  rename("/home/capstone/project/test_files/000485.txt", "/home/capstone/project/test_files/000485.txt.dkrpx75" <unfinished ...>
9588  openat(AT_FDCWD, "/home/capstone/project/test_files/000349.pdf", O_RDWR|O_LARGEFILE|O_CLOEXEC <unfinished ...>
9596  openat(AT_FDCWD, "/home/capstone/project/test_files/000128.doc", O_RDWR|O_LARGEFILE|O_CLOEXEC <unfinished ...>
9589  openat(AT_FDCWD, "/home/capstone/project/test_files/000485.txt.dkrpx75", O_RDWR|O_LARGEFILE|O_CLOEXEC <unfinished ...>
9587  openat(AT_FDCWD, "/home/capstone/project/test_files/000886.pdf", O_RDWR|O_LARGEFILE|O_CLOEXEC <unfinished ...>
9596  openat(AT_FDCWD, "/home/capstone/project/test_files/000448.html", O_RDWR|O_LARGEFILE|O_CLOEXEC) = 486
9596  openat(AT_FDCWD, "/home/capstone/project/test_files/000639.html", O_RDWR|O_LARGEFILE|O_CLOEXEC) = 492
9588  openat(AT_FDCWD, "/home/capstone/project/test_files/000999.ppt", O_RDWR|O_LARGEFILE|O_CLOEXEC <unfinished ...>
9596  openat(AT_FDCWD, "/home/capstone/project/test_files/000008.ppt", O_RDWR|O_LARGEFILE|O_CLOEXEC) = 59
9596  openat(AT_FDCWD, "/home/capstone/project/test_files/000086.txt", O_RDWR|O_LARGEFILE|O_CLOEXEC) = 59
9596  openat(AT_FDCWD, "/home/capstone/project/test_files/000041.xls", O_RDWR|O_LARGEFILE|O_CLOEXEC) = 59
9596  openat(AT_FDCWD, "/home/capstone/project/test_files/000785.html", O_RDWR|O_LARGEFILE|O_CLOEXEC) = 59
9587  openat(AT_FDCWD, "/home/capstone/project/test_files/000309.ppt", O_RDWR|O_LARGEFILE|O_CLOEXEC <unfinished ...>
9596  openat(AT_FDCWD, "/home/capstone/project/test_files/000020.pdf", O_RDWR|O_LARGEFILE|O_CLOEXEC) = 59
9596  openat(AT_FDCWD, "/home/capstone/project/test_files/000011.pdf", O_RDWR|O_LARGEFILE|O_CLOEXEC) = 59
9596  openat(AT_FDCWD, "/home/capstone/project/test_files/000910.jpg", O_RDWR|O_LARGEFILE|O_CLOEXEC) = 59
9596  openat(AT_FDCWD, "/home/capstone/project/test_files/000230.txt", O_RDWR|O_LARGEFILE|O_CLOEXEC) = 59
9596  openat(AT_FDCWD, "/home/capstone/project/test_files/000930.txt", O_RDWR|O_LARGEFILE|O_CLOEXEC) = 59
9596  openat(AT_FDCWD, "/home/capstone/project/test_files/000260.doc", O_RDWR|O_LARGEFILE|O_CLOEXEC) = 59
9596  openat(AT_FDCWD, "/home/capstone/project/test_files/000006.doc", O_RDWR|O_LARGEFILE|O_CLOEXEC) = 59
9596  openat(AT_FDCWD, "/home/capstone/project/test_files/000470.txt", O_RDWR|O_LARGEFILE|O_CLOEXEC) = 59
9596  openat(AT_FDCWD, "/home/capstone/project/test_files/000882.pdf", O_RDWR|O_LARGEFILE|O_CLOEXEC) = 59
9596  openat(AT_FDCWD, "/home/capstone/project/test_files/000048.xls", O_RDWR|O_LARGEFILE|O_CLOEXEC) = 59
9588  openat(AT_FDCWD, "/home/capstone/project/test_files/000208.pdf", O_RDWR|O_LARGEFILE|O_CLOEXEC) = 495
9596  openat(AT_FDCWD, "/home/capstone/project/test_files/000606.pdf", O_RDWR|O_LARGEFILE|O_CLOEXEC) = 59
9596  openat(AT_FDCWD, "/home/capstone/project/test_files/000211.html", O_RDWR|O_LARGEFILE|O_CLOEXEC) = 59
9596  openat(AT_FDCWD, "/home/capstone/project/test_files/000157.pdf", O_RDWR|O_LARGEFILE|O_CLOEXEC) = 59
9596  openat(AT_FDCWD, "/home/capstone/project/test_files/000347.pdf", O_RDWR|O_LARGEFILE|O_CLOEXEC) = 59
9596  openat(AT_FDCWD, "/home/capstone/project/test_files/000116.doc", O_RDWR|O_LARGEFILE|O_CLOEXEC) = 59
9596  openat(AT_FDCWD, "/home/capstone/project/test_files/000896.jpg", O_RDWR|O_LARGEFILE|O_CLOEXEC) = 59
9587  openat(AT_FDCWD, "/home/capstone/project/test_files/000070.html", O_RDWR|O_LARGEFILE|O_CLOEXEC <unfinished ...>
9596  openat(AT_FDCWD, "/home/capstone/project/test_files/000037.xls", O_RDWR|O_LARGEFILE|O_CLOEXEC) = 496
9588  openat(AT_FDCWD, "/home/capstone/project/test_files/000568.pdf", O_RDWR|O_LARGEFILE|O_CLOEXEC <unfinished ...>
9596  openat(AT_FDCWD, "/home/capstone/project/test_files/000515.jpg", O_RDWR|O_LARGEFILE|O_CLOEXEC) = 496
9596  openat(AT_FDCWD, "/home/capstone/project/test_files/000497.xml", O_RDWR|O_LARGEFILE|O_CLOEXEC) = 496
9587  openat(AT_FDCWD, "/home/capstone/project/test_files/000363.pdf", O_RDWR|O_LARGEFILE|O_CLOEXEC <unfinished ...>
9596  openat(AT_FDCWD, "/home/capstone/project/test_files/000143.pdf", O_RDWR|O_LARGEFILE|O_CLOEXEC) = 496
9596  openat(AT_FDCWD, "/home/capstone/project/test_files/000187.pdf", O_RDWR|O_LARGEFILE|O_CLOEXEC <unfinished ...>
9588  openat(AT_FDCWD, "/home/capstone/project/test_files/000645.txt", O_RDWR|O_LARGEFILE|O_CLOEXEC) = 499
9589  openat(AT_FDCWD, "/home/capstone/project/test_files/checkpoints-000485.txt.dkrpx75", O_RDWR|O_CREAT|O_TRUNC|O_LARGEFILE|O_CLOEXEC, 0666 <unfinished ...>
9596  openat(AT_FDCWD, "/home/capstone/project/test_files/000847.txt", O_RDWR|O_LARGEFILE|O_CLOEXEC <unfinished ...>
9587  openat(AT_FDCWD, "/home/capstone/project/test_files/000218.txt", O_RDWR|O_LARGEFILE|O_CLOEXEC <unfinished ...>
9596  openat(AT_FDCWD, "/home/capstone/project/test_files/000081.txt", O_RDWR|O_LARGEFILE|O_CLOEXEC) = 496
9596  openat(AT_FDCWD, "/home/capstone/project/test_files/000846.txt", O_RDWR|O_LARGEFILE|O_CLOEXEC) = 496
9596  openat(AT_FDCWD, "/home/capstone/project/test_files/000466.unk", O_RDWR|O_LARGEFILE|O_CLOEXEC) = 496
9596  openat(AT_FDCWD, "/home/capstone/project/test_files/000963.doc", O_RDWR|O_LARGEFILE|O_CLOEXEC) = 496
9596  openat(AT_FDCWD, "/home/capstone/project/test_files/000145.pdf", O_RDWR|O_LARGEFILE|O_CLOEXEC) = 496
9596  openat(AT_FDCWD, "/home/capstone/project/test_files/000151.doc", O_RDWR|O_LARGEFILE|O_CLOEXEC) = 496
9588  openat(AT_FDCWD, "/home/capstone/project/test_files/000767.ps", O_RDWR|O_LARGEFILE|O_CLOEXEC <unfinished ...>
9596  openat(AT_FDCWD, "/home/capstone/project/test_files/000274.doc", O_RDWR|O_LARGEFILE|O_CLOEXEC) = 496
9596  openat(AT_FDCWD, "/home/capstone/project/test_files/000647.txt", O_RDWR|O_LARGEFILE|O_CLOEXEC) = 496
9591  openat(AT_FDCWD, "/home/capstone/project/test_files/checkpoints-000664.txt.dkrpx75", O_RDWR|O_CREAT|O_TRUNC|O_LARGEFILE|O_CLOEXEC, 0666 <unfinished ...>
9596  openat(AT_FDCWD, "/home/capstone/project/test_files/000772.ps", O_RDWR|O_LARGEFILE|O_CLOEXEC) = 496
9596  openat(AT_FDCWD, "/home/capstone/project/test_files/000884.jpg", O_RDWR|O_LARGEFILE|O_CLOEXEC) = 496
9596  openat(AT_FDCWD, "/home/capstone/project/test_files/000761.pdf", O_RDWR|O_LARGEFILE|O_CLOEXEC) = 496
9596  openat(AT_FDCWD, "/home/capstone/project/test_files/000868.jpg", O_RDWR|O_LARGEFILE|O_CLOEXEC) = 496
9596  openat(AT_FDCWD, "/home/capstone/project/test_files/000591.pdf", O_RDWR|O_LARGEFILE|O_CLOEXEC) = 496
9596  openat(AT_FDCWD, "/home/capstone/project/test_files/000503.txt", O_RDWR|O_LARGEFILE|O_CLOEXEC) = 496
9588  openat(AT_FDCWD, "/home/capstone/project/test_files/000860.txt", O_RDWR|O_LARGEFILE|O_CLOEXEC <unfinished ...>
9587  openat(AT_FDCWD, "/home/capstone/project/test_files/000047.xls", O_RDWR|O_LARGEFILE|O_CLOEXEC <unfinished ...>
9596  openat(AT_FDCWD, "/home/capstone/project/test_files/000562.pdf", O_RDWR|O_LARGEFILE|O_CLOEXEC) = 505
9596  openat(AT_FDCWD, "/home/capstone/project/test_files/000614.jpg", O_RDWR|O_LARGEFILE|O_CLOEXEC) = 505
9596  openat(AT_FDCWD, "/home/capstone/project/test_files/000921.txt", O_RDWR|O_LARGEFILE|O_CLOEXEC) = 505
9588  openat(AT_FDCWD, "/home/capstone/project/test_files/000458.html", O_RDWR|O_LARGEFILE|O_CLOEXEC <unfinished ...>
9587  openat(AT_FDCWD, "/home/capstone/project/test_files/000002.doc", O_RDWR|O_LARGEFILE|O_CLOEXEC <unfinished ...>
9588  openat(AT_FDCWD, "/home/capstone/project/test_files/000237.jpg", O_RDWR|O_LARGEFILE|O_CLOEXEC) = 506
9590  unlink("/home/capstone/project/test_files/checkpoints-000927.txt.dkrpx75" <unfinished ...>
9588  openat(AT_FDCWD, "/home/capstone/project/test_files/000395.xls", O_RDWR|O_LARGEFILE|O_CLOEXEC <unfinished ...>
9591  rename("/home/capstone/project/test_files/000908.jpg", "/home/capstone/project/test_files/000908.jpg.dkrpx75") = 0
9591  openat(AT_FDCWD, "/home/capstone/project/test_files/000908.jpg.dkrpx75", O_RDWR|O_LARGEFILE|O_CLOEXEC <unfinished ...>
9588  openat(AT_FDCWD, "/home/capstone/project/test_files/000951.html", O_RDWR|O_LARGEFILE|O_CLOEXEC <unfinished ...>
9588  openat(AT_FDCWD, "/home/capstone/project/test_files/000203.html", O_RDWR|O_LARGEFILE|O_CLOEXEC) = 50
9588  openat(AT_FDCWD, "/home/capstone/project/test_files/000726.html", O_RDWR|O_LARGEFILE|O_CLOEXEC) = 510
9587  openat(AT_FDCWD, "/home/capstone/project/test_files/000249.doc", O_RDWR|O_LARGEFILE|O_CLOEXEC <unfinished ...>
9588  openat(AT_FDCWD, "/home/capstone/project/test_files/000621.txt", O_RDWR|O_LARGEFILE|O_CLOEXEC <unfinished ...>
9591  openat(AT_FDCWD, "/home/capstone/project/test_files/checkpoints-000908.jpg.dkrpx75", O_RDWR|O_CREAT|O_TRUNC|O_LARGEFILE|O_CLOEXEC, 0666 <unfinished ...>
9589  rename("/home/capstone/project/test_files/000752.pdf", "/home/capstone/project/test_files/000752.pdf.dkrpx75" <unfinished ...>
9589  openat(AT_FDCWD, "/home/capstone/project/test_files/000752.pdf.dkrpx75", O_RDWR|O_LARGEFILE|O_CLOEXEC <unfinished ...>
9587  openat(AT_FDCWD, "/home/capstone/project/test_files/000618.pdf", O_RDWR|O_LARGEFILE|O_CLOEXEC <unfinished ...>
9588  openat(AT_FDCWD, "/home/capstone/project/test_files/000150.pdf", O_RDWR|O_LARGEFILE|O_CLOEXEC <unfinished ...>
9592  unlink("/home/capstone/project/test_files/checkpoints-000937.txt.dkrpx75") = 0
9588  openat(AT_FDCWD, "/home/capstone/project/test_files/000026.pdf", O_RDWR|O_LARGEFILE|O_CLOEXEC) = 61
9591  rename("/home/capstone/project/test_files/000819.html", "/home/capstone/project/test_files/000819.html.dkrpx75") = 0
9591  openat(AT_FDCWD, "/home/capstone/project/test_files/000819.html.dkrpx75", O_RDWR|O_LARGEFILE|O_CLOEXEC) = 516
9588  openat(AT_FDCWD, "/home/capstone/project/test_files/000727.ppt", O_RDWR|O_LARGEFILE|O_CLOEXEC <unfinished ...>
9588  openat(AT_FDCWD, "/home/capstone/project/test_files/000966.doc", O_RDWR|O_LARGEFILE|O_CLOEXEC) = 517
9588  openat(AT_FDCWD, "/home/capstone/project/test_files/000475.txt", O_RDWR|O_LARGEFILE|O_CLOEXEC) = 518
9587  openat(AT_FDCWD, "/home/capstone/project/test_files/000521.jpg", O_RDWR|O_LARGEFILE|O_CLOEXEC <unfinished ...>
9588  openat(AT_FDCWD, "/home/capstone/project/test_files/000234.jpg", O_RDWR|O_LARGEFILE|O_CLOEXEC <unfinished ...>
9591  openat(AT_FDCWD, "/home/capstone/project/test_files/checkpoints-000819.html.dkrpx75", O_RDWR|O_CREAT|O_TRUNC|O_LARGEFILE|O_CLOEXEC, 0666) = 519
9588  openat(AT_FDCWD, "/home/capstone/project/test_files/000643.txt", O_RDWR|O_LARGEFILE|O_CLOEXEC) = 522
9587  openat(AT_FDCWD, "/home/capstone/project/test_files/000423.html", O_RDWR|O_LARGEFILE|O_CLOEXEC <unfinished ...>
9588  openat(AT_FDCWD, "/home/capstone/project/test_files/000823.html", O_RDWR|O_LARGEFILE|O_CLOEXEC) = 524
9588  openat(AT_FDCWD, "/home/capstone/project/test_files/000473.txt", O_RDWR|O_LARGEFILE|O_CLOEXEC) = 525
9587  openat(AT_FDCWD, "/home/capstone/project/test_files/000506.jpg", O_RDWR|O_LARGEFILE|O_CLOEXEC <unfinished ...>
9588  openat(AT_FDCWD, "/home/capstone/project/test_files/000290.ppt", O_RDWR|O_LARGEFILE|O_CLOEXEC) = 526
9591  rename("/home/capstone/project/test_files/000090.txt", "/home/capstone/project/test_files/000090.txt.dkrpx75" <unfinished ...>
9588  openat(AT_FDCWD, "/home/capstone/project/test_files/000929.txt", O_RDWR|O_LARGEFILE|O_CLOEXEC <unfinished ...>
9591  openat(AT_FDCWD, "/home/capstone/project/test_files/000090.txt.dkrpx75", O_RDWR|O_LARGEFILE|O_CLOEXEC) = 528
9588  openat(AT_FDCWD, "/home/capstone/project/test_files/000397.jpg", O_RDWR|O_LARGEFILE|O_CLOEXEC) = 64
9588  openat(AT_FDCWD, "/home/capstone/project/test_files/000546.jpg", O_RDWR|O_LARGEFILE|O_CLOEXEC) = 530
9588  openat(AT_FDCWD, "/home/capstone/project/test_files/000512.jpg", O_RDWR|O_LARGEFILE|O_CLOEXEC) = 531
9591  openat(AT_FDCWD, "/home/capstone/project/test_files/checkpoints-000090.txt.dkrpx75", O_RDWR|O_CREAT|O_TRUNC|O_LARGEFILE|O_CLOEXEC, 0666) = 532
9588  openat(AT_FDCWD, "/home/capstone/project/test_files/000888.jpg", O_RDWR|O_LARGEFILE|O_CLOEXEC) = 533
9588  openat(AT_FDCWD, "/home/capstone/project/test_files/000412.html", O_RDWR|O_LARGEFILE|O_CLOEXEC) = 534
9588  openat(AT_FDCWD, "/home/capstone/project/test_files/000380.pdf", O_RDWR|O_LARGEFILE|O_CLOEXEC) = 535
9587  openat(AT_FDCWD, "/home/capstone/project/test_files/000045.xls", O_RDWR|O_LARGEFILE|O_CLOEXEC <unfinished ...>
9588  openat(AT_FDCWD, "/home/capstone/project/test_files/000762.pdf", O_RDWR|O_LARGEFILE|O_CLOEXEC) = 536
9588  openat(AT_FDCWD, "/home/capstone/project/test_files/000957.doc", O_RDWR|O_LARGEFILE|O_CLOEXEC) = 538
9588  openat(AT_FDCWD, "/home/capstone/project/test_files/000093.txt", O_RDWR|O_LARGEFILE|O_CLOEXEC) = 539
9591  rename("/home/capstone/project/test_files/000345.pdf", "/home/capstone/project/test_files/000345.pdf.dkrpx75" <unfinished ...>
9588  openat(AT_FDCWD, "/home/capstone/project/test_files/000698.log", O_RDWR|O_LARGEFILE|O_CLOEXEC) = 540
9591  openat(AT_FDCWD, "/home/capstone/project/test_files/000345.pdf.dkrpx75", O_RDWR|O_LARGEFILE|O_CLOEXEC) = 541
9588  openat(AT_FDCWD, "/home/capstone/project/test_files/000432.jpg", O_RDWR|O_LARGEFILE|O_CLOEXEC) = 542
9588  openat(AT_FDCWD, "/home/capstone/project/test_files/000676.pdf", O_RDWR|O_LARGEFILE|O_CLOEXEC) = 39
9590  unlink("/home/capstone/project/test_files/checkpoints-000485.txt.dkrpx75" <unfinished ...>
9588  openat(AT_FDCWD, "/home/capstone/project/test_files/000733.ps", O_RDWR|O_LARGEFILE|O_CLOEXEC) = 543
9587  openat(AT_FDCWD, "/home/capstone/project/test_files/000182.html", O_RDWR|O_LARGEFILE|O_CLOEXEC <unfinished ...>
9588  openat(AT_FDCWD, "/home/capstone/project/test_files/000094.txt", O_RDWR|O_LARGEFILE|O_CLOEXEC <unfinished ...>
9591  openat(AT_FDCWD, "/home/capstone/project/test_files/checkpoints-000345.pdf.dkrpx75", O_RDWR|O_CREAT|O_TRUNC|O_LARGEFILE|O_CLOEXEC, 0666 <unfinished ...>
9588  openat(AT_FDCWD, "/home/capstone/project/test_files/000839.pdf", O_RDWR|O_LARGEFILE|O_CLOEXEC <unfinished ...>
9587  openat(AT_FDCWD, "/home/capstone/project/test_files/000087.txt", O_RDWR|O_LARGEFILE|O_CLOEXEC <unfinished ...>
9589  openat(AT_FDCWD, "/home/capstone/project/test_files/checkpoints-000752.pdf.dkrpx75", O_RDWR|O_CREAT|O_TRUNC|O_LARGEFILE|O_CLOEXEC, 0666 <unfinished ...>
9588  openat(AT_FDCWD, "/home/capstone/project/test_files/000232.jpg", O_RDWR|O_LARGEFILE|O_CLOEXEC <unfinished ...>
9588  openat(AT_FDCWD, "/home/capstone/project/test_files/000049.xls", O_RDWR|O_LARGEFILE|O_CLOEXEC) = 550
9588  openat(AT_FDCWD, "/home/capstone/project/test_files/000095.txt", O_RDWR|O_LARGEFILE|O_CLOEXEC <unfinished ...>
9587  openat(AT_FDCWD, "/home/capstone/project/test_files/000342.pdf", O_RDWR|O_LARGEFILE|O_CLOEXEC <unfinished ...>
9588  openat(AT_FDCWD, "/home/capstone/project/test_files/000992.ppt", O_RDWR|O_LARGEFILE|O_CLOEXEC) = 552
9588  openat(AT_FDCWD, "/home/capstone/project/test_files/000806.doc", O_RDWR|O_LARGEFILE|O_CLOEXEC <unfinished ...>
9591  rename("/home/capstone/project/test_files/000843.pdf", "/home/capstone/project/test_files/000843.pdf.dkrpx75" <unfinished ...>
9588  openat(AT_FDCWD, "/home/capstone/project/test_files/000027.csv", O_RDWR|O_LARGEFILE|O_CLOEXEC <unfinished ...>
9591  openat(AT_FDCWD, "/home/capstone/project/test_files/000843.pdf.dkrpx75", O_RDWR|O_LARGEFILE|O_CLOEXEC <unfinished ...>
9588  openat(AT_FDCWD, "/home/capstone/project/test_files/000307.ppt", O_RDWR|O_LARGEFILE|O_CLOEXEC <unfinished ...>
9588  openat(AT_FDCWD, "/home/capstone/project/test_files/000887.pdf", O_RDWR|O_LARGEFILE|O_CLOEXEC) = 557
9588  openat(AT_FDCWD, "/home/capstone/project/test_files/000717.ppt", O_RDWR|O_LARGEFILE|O_CLOEXEC) = 558
9588  openat(AT_FDCWD, "/home/capstone/project/test_files/000434.html", O_RDWR|O_LARGEFILE|O_CLOEXEC) = 559
9588  openat(AT_FDCWD, "/home/capstone/project/test_files/000072.html", O_RDWR|O_LARGEFILE|O_CLOEXEC) = 560
9591  openat(AT_FDCWD, "/home/capstone/project/test_files/checkpoints-000843.pdf.dkrpx75", O_RDWR|O_CREAT|O_TRUNC|O_LARGEFILE|O_CLOEXEC, 0666) = 561
9588  openat(AT_FDCWD, "/home/capstone/project/test_files/000759.doc", O_RDWR|O_LARGEFILE|O_CLOEXEC) = 562
9588  openat(AT_FDCWD, "/home/capstone/project/test_files/000000.swf", O_RDWR|O_LARGEFILE|O_CLOEXEC) = 563
9588  openat(AT_FDCWD, "/home/capstone/project/test_files/000226.txt", O_RDWR|O_LARGEFILE|O_CLOEXEC) = 564
9588  openat(AT_FDCWD, "/home/capstone/project/test_files/000978.xml", O_RDWR|O_LARGEFILE|O_CLOEXEC <unfinished ...>
9587  openat(AT_FDCWD, "/home/capstone/project/test_files/000696.doc", O_RDWR|O_LARGEFILE|O_CLOEXEC <unfinished ...>
9588  openat(AT_FDCWD, "/home/capstone/project/test_files/000854.pdf", O_RDWR|O_LARGEFILE|O_CLOEXEC <unfinished ...>
9591  rename("/home/capstone/project/test_files/000265.doc", "/home/capstone/project/test_files/000265.doc.dkrpx75" <unfinished ...>
9591  openat(AT_FDCWD, "/home/capstone/project/test_files/000265.doc.dkrpx75", O_RDWR|O_LARGEFILE|O_CLOEXEC) = 568
9588  openat(AT_FDCWD, "/home/capstone/project/test_files/000451.html", O_RDWR|O_LARGEFILE|O_CLOEXEC <unfinished ...>
9587  openat(AT_FDCWD, "/home/capstone/project/test_files/000184.html", O_RDWR|O_LARGEFILE|O_CLOEXEC <unfinished ...>
9588  openat(AT_FDCWD, "/home/capstone/project/test_files/000384.xls", O_RDWR|O_LARGEFILE|O_CLOEXEC <unfinished ...>
9588  openat(AT_FDCWD, "/home/capstone/project/test_files/000213.html", O_RDWR|O_LARGEFILE|O_CLOEXEC) = 571
9589  rename("/home/capstone/project/test_files/000033.xls", "/home/capstone/project/test_files/000033.xls.dkrpx75" <unfinished ...>
9588  openat(AT_FDCWD, "/home/capstone/project/test_files/000934.txt", O_RDWR|O_LARGEFILE|O_CLOEXEC) = 572
9587  openat(AT_FDCWD, "/home/capstone/project/test_files/000424.html", O_RDWR|O_LARGEFILE|O_CLOEXEC <unfinished ...>
9588  openat(AT_FDCWD, "/home/capstone/project/test_files/000314.pdf", O_RDWR|O_LARGEFILE|O_CLOEXEC) = 573
9588  openat(AT_FDCWD, "/home/capstone/project/test_files/000877.html", O_RDWR|O_LARGEFILE|O_CLOEXEC) = 574
9588  openat(AT_FDCWD, "/home/capstone/project/test_files/000393.xls", O_RDWR|O_LARGEFILE|O_CLOEXEC) = 576
9589  openat(AT_FDCWD, "/home/capstone/project/test_files/000033.xls.dkrpx75", O_RDWR|O_LARGEFILE|O_CLOEXEC <unfinished ...>
9588  openat(AT_FDCWD, "/home/capstone/project/test_files/000352.pdf", O_RDWR|O_LARGEFILE|O_CLOEXEC) = 577
9588  openat(AT_FDCWD, "/home/capstone/project/test_files/000455.html", O_RDWR|O_LARGEFILE|O_CLOEXEC) = 578
9588  openat(AT_FDCWD, "/home/capstone/project/test_files/000902.jpg", O_RDWR|O_LARGEFILE|O_CLOEXEC <unfinished ...>
9588  openat(AT_FDCWD, "/home/capstone/project/test_files/000104.txt", O_RDWR|O_LARGEFILE|O_CLOEXEC) = 581
9588  openat(AT_FDCWD, "/home/capstone/project/test_files/000511.gif", O_RDWR|O_LARGEFILE|O_CLOEXEC) = 582
9588  openat(AT_FDCWD, "/home/capstone/project/test_files/000949.doc", O_RDWR|O_LARGEFILE|O_CLOEXEC) = 583
9588  openat(AT_FDCWD, "/home/capstone/project/test_files/000419.jpg", O_RDWR|O_LARGEFILE|O_CLOEXEC) = 584
9588  openat(AT_FDCWD, "/home/capstone/project/test_files/000796.doc", O_RDWR|O_LARGEFILE|O_CLOEXEC) = 37
9592  unlink("/home/capstone/project/test_files/checkpoints-000664.txt.dkrpx75" <unfinished ...>
9587  openat(AT_FDCWD, "/home/capstone/project/test_files/000805.html", O_RDWR|O_LARGEFILE|O_CLOEXEC <unfinished ...>
9588  openat(AT_FDCWD, "/home/capstone/project/test_files/000101.doc", O_RDWR|O_LARGEFILE|O_CLOEXEC <unfinished ...>
9588  openat(AT_FDCWD, "/home/capstone/project/test_files/000482.ps", O_RDWR|O_LARGEFILE|O_CLOEXEC) = 587
9587  openat(AT_FDCWD, "/home/capstone/project/test_files/000139.doc", O_RDWR|O_LARGEFILE|O_CLOEXEC <unfinished ...>
9588  openat(AT_FDCWD, "/home/capstone/project/test_files/000476.jpg", O_RDWR|O_LARGEFILE|O_CLOEXEC) = 503
9588  openat(AT_FDCWD, "/home/capstone/project/test_files/000851.txt", O_RDWR|O_LARGEFILE|O_CLOEXEC) = 588
9588  openat(AT_FDCWD, "/home/capstone/project/test_files/000666.txt", O_RDWR|O_LARGEFILE|O_CLOEXEC <unfinished ...>
9591  openat(AT_FDCWD, "/home/capstone/project/test_files/checkpoints-000265.doc.dkrpx75", O_RDWR|O_CREAT|O_TRUNC|O_LARGEFILE|O_CLOEXEC, 0666 <unfinished ...>
9588  openat(AT_FDCWD, "/home/capstone/project/test_files/000580.pdf", O_RDWR|O_LARGEFILE|O_CLOEXEC <unfinished ...>
9588  openat(AT_FDCWD, "/home/capstone/project/test_files/000222.txt", O_RDWR|O_LARGEFILE|O_CLOEXEC) = 593
9588  openat(AT_FDCWD, "/home/capstone/project/test_files/000477.txt", O_RDWR|O_LARGEFILE|O_CLOEXEC) = 594
9588  openat(AT_FDCWD, "/home/capstone/project/test_files/000059.html", O_RDWR|O_LARGEFILE|O_CLOEXEC) = 595
9588  openat(AT_FDCWD, "/home/capstone/project/test_files/000609.html", O_RDWR|O_LARGEFILE|O_CLOEXEC) = 596
9588  openat(AT_FDCWD, "/home/capstone/project/test_files/000848.txt", O_RDWR|O_LARGEFILE|O_CLOEXEC) = 597
9588  openat(AT_FDCWD, "/home/capstone/project/test_files/000305.ppt", O_RDWR|O_LARGEFILE|O_CLOEXEC <unfinished ...>
9587  openat(AT_FDCWD, "/home/capstone/project/test_files/000425.html", O_RDWR|O_LARGEFILE|O_CLOEXEC <unfinished ...>
9588  openat(AT_FDCWD, "/home/capstone/project/test_files/000076.html", O_RDWR|O_LARGEFILE|O_CLOEXEC) = 599
9588  openat(AT_FDCWD, "/home/capstone/project/test_files/000542.gif", O_RDWR|O_LARGEFILE|O_CLOEXEC) = 600
9588  openat(AT_FDCWD, "/home/capstone/project/test_files/000803.rtf", O_RDWR|O_LARGEFILE|O_CLOEXEC) = 601
9588  openat(AT_FDCWD, "/home/capstone/project/test_files/000987.ppt", O_RDWR|O_LARGEFILE|O_CLOEXEC) = 603
9588  openat(AT_FDCWD, "/home/capstone/project/test_files/000956.pdf", O_RDWR|O_LARGEFILE|O_CLOEXEC) = 604
9588  openat(AT_FDCWD, "/home/capstone/project/test_files/000457.html", O_RDWR|O_LARGEFILE|O_CLOEXEC) = 605
9589  openat(AT_FDCWD, "/home/capstone/project/test_files/checkpoints-000033.xls.dkrpx75", O_RDWR|O_CREAT|O_TRUNC|O_LARGEFILE|O_CLOEXEC, 0666 <unfinished ...>
9588  openat(AT_FDCWD, "/home/capstone/project/test_files/000940.txt", O_RDWR|O_LARGEFILE|O_CLOEXEC) = 607
9588  openat(AT_FDCWD, "/home/capstone/project/test_files/000319.ppt", O_RDWR|O_LARGEFILE|O_CLOEXEC) = 608
9588  openat(AT_FDCWD, "/home/capstone/project/test_files/000628.pdf", O_RDWR|O_LARGEFILE|O_CLOEXEC) = 609
9588  openat(AT_FDCWD, "/home/capstone/project/test_files/000608.html", O_RDWR|O_LARGEFILE|O_CLOEXEC) = 610
9588  openat(AT_FDCWD, "/home/capstone/project/test_files/000994.ppt", O_RDWR|O_LARGEFILE|O_CLOEXEC) = 611
9588  openat(AT_FDCWD, "/home/capstone/project/test_files/000933.txt", O_RDWR|O_LARGEFILE|O_CLOEXEC) = 612
9588  openat(AT_FDCWD, "/home/capstone/project/test_files/000096.txt", O_RDWR|O_LARGEFILE|O_CLOEXEC) = 613
9588  openat(AT_FDCWD, "/home/capstone/project/test_files/000289.ppt", O_RDWR|O_LARGEFILE|O_CLOEXEC) = 614
9588  openat(AT_FDCWD, "/home/capstone/project/test_files/000516.jpg", O_RDWR|O_LARGEFILE|O_CLOEXEC) = 615
9588  openat(AT_FDCWD, "/home/capstone/project/test_files/000118.doc", O_RDWR|O_LARGEFILE|O_CLOEXEC) = 616
9587  openat(AT_FDCWD, "/home/capstone/project/test_files/000863.txt", O_RDWR|O_LARGEFILE|O_CLOEXEC <unfinished ...>
9588  openat(AT_FDCWD, "/home/capstone/project/test_files/000721.csv", O_RDWR|O_LARGEFILE|O_CLOEXEC <unfinished ...>
9588  openat(AT_FDCWD, "/home/capstone/project/test_files/000365.pdf", O_RDWR|O_LARGEFILE|O_CLOEXEC) = 619
9588  openat(AT_FDCWD, "/home/capstone/project/test_files/000117.rtf", O_RDWR|O_LARGEFILE|O_CLOEXEC <unfinished ...>
9587  openat(AT_FDCWD, "/home/capstone/project/test_files/000687.doc", O_RDWR|O_LARGEFILE|O_CLOEXEC <unfinished ...>
9588  openat(AT_FDCWD, "/home/capstone/project/test_files/000557.ppt", O_RDWR|O_LARGEFILE|O_CLOEXEC) = 621
9588  openat(AT_FDCWD, "/home/capstone/project/test_files/000703.xml", O_RDWR|O_LARGEFILE|O_CLOEXEC) = 622
9588  openat(AT_FDCWD, "/home/capstone/project/test_files/000583.pdf", O_RDWR|O_LARGEFILE|O_CLOEXEC) = 624
9588  openat(AT_FDCWD, "/home/capstone/project/test_files/000642.txt", O_RDWR|O_LARGEFILE|O_CLOEXEC) = 625
9588  openat(AT_FDCWD, "/home/capstone/project/test_files/000409.html", O_RDWR|O_LARGEFILE|O_CLOEXEC) = 626
9588  openat(AT_FDCWD, "/home/capstone/project/test_files/000984.ppt", O_RDWR|O_LARGEFILE|O_CLOEXEC) = 627
9588  openat(AT_FDCWD, "/home/capstone/project/test_files/000625.txt", O_RDWR|O_LARGEFILE|O_CLOEXEC) = 628
9588  openat(AT_FDCWD, "/home/capstone/project/test_files/000833.txt", O_RDWR|O_LARGEFILE|O_CLOEXEC) = 629
9588  openat(AT_FDCWD, "/home/capstone/project/test_files/000318.ppt", O_RDWR|O_LARGEFILE|O_CLOEXEC) = 630
9590  unlink("/home/capstone/project/test_files/checkpoints-000908.jpg.dkrpx75" <unfinished ...>
9587  openat(AT_FDCWD, "/home/capstone/project/test_files/000193.html", O_RDWR|O_LARGEFILE|O_CLOEXEC <unfinished ...>
9588  openat(AT_FDCWD, "/home/capstone/project/test_files/000756.csv", O_RDWR|O_LARGEFILE|O_CLOEXEC) = 631
9588  openat(AT_FDCWD, "/home/capstone/project/test_files/000584.pdf", O_RDWR|O_LARGEFILE|O_CLOEXEC <unfinished ...>
9588  openat(AT_FDCWD, "/home/capstone/project/test_files/000710.ppt", O_RDWR|O_LARGEFILE|O_CLOEXEC) = 513
9588  openat(AT_FDCWD, "/home/capstone/project/test_files/000212.html", O_RDWR|O_LARGEFILE|O_CLOEXEC) = 634
9588  openat(AT_FDCWD, "/home/capstone/project/test_files/000449.html", O_RDWR|O_LARGEFILE|O_CLOEXEC) = 635
9588  openat(AT_FDCWD, "/home/capstone/project/test_files/000875.html", O_RDWR|O_LARGEFILE|O_CLOEXEC) = 636
9588  openat(AT_FDCWD, "/home/capstone/project/test_files/000241.gif", O_RDWR|O_LARGEFILE|O_CLOEXEC) = 637
9588  openat(AT_FDCWD, "/home/capstone/project/test_files/000428.html", O_RDWR|O_LARGEFILE|O_CLOEXEC) = 638
9587  openat(AT_FDCWD, "/home/capstone/project/test_files/000216.html", O_RDWR|O_LARGEFILE|O_CLOEXEC <unfinished ...>
9588  openat(AT_FDCWD, "/home/capstone/project/test_files/000488.unk", O_RDWR|O_LARGEFILE|O_CLOEXEC) = 639
9588  openat(AT_FDCWD, "/home/capstone/project/test_files/000433.html", O_RDWR|O_LARGEFILE|O_CLOEXEC) = 641
9589  rename("/home/capstone/project/test_files/000012.pdf", "/home/capstone/project/test_files/000012.pdf.dkrpx75" <unfinished ...>
9588  openat(AT_FDCWD, "/home/capstone/project/test_files/000332.pdf", O_RDWR|O_LARGEFILE|O_CLOEXEC <unfinished ...>
9589  openat(AT_FDCWD, "/home/capstone/project/test_files/000012.pdf.dkrpx75", O_RDWR|O_LARGEFILE|O_CLOEXEC <unfinished ...>
9591  rename("/home/capstone/project/test_files/000585.pdf", "/home/capstone/project/test_files/000585.pdf.dkrpx75" <unfinished ...>
9588  openat(AT_FDCWD, "/home/capstone/project/test_files/000969.jpg", O_RDWR|O_LARGEFILE|O_CLOEXEC <unfinished ...>
9588  openat(AT_FDCWD, "/home/capstone/project/test_files/000743.log", O_RDWR|O_LARGEFILE|O_CLOEXEC) = 644
9588  openat(AT_FDCWD, "/home/capstone/project/test_files/000901.pdf", O_RDWR|O_LARGEFILE|O_CLOEXEC) = 645
9587  openat(AT_FDCWD, "/home/capstone/project/test_files/000529.gif", O_RDWR|O_LARGEFILE|O_CLOEXEC <unfinished ...>
9588  openat(AT_FDCWD, "/home/capstone/project/test_files/000334.pdf", O_RDWR|O_LARGEFILE|O_CLOEXEC <unfinished ...>
9591  openat(AT_FDCWD, "/home/capstone/project/test_files/000585.pdf.dkrpx75", O_RDWR|O_LARGEFILE|O_CLOEXEC <unfinished ...>
9588  openat(AT_FDCWD, "/home/capstone/project/test_files/000353.pdf", O_RDWR|O_LARGEFILE|O_CLOEXEC) = 649
9588  openat(AT_FDCWD, "/home/capstone/project/test_files/000034.xls", O_RDWR|O_LARGEFILE|O_CLOEXEC <unfinished ...>
9588  openat(AT_FDCWD, "/home/capstone/project/test_files/000206.html", O_RDWR|O_LARGEFILE|O_CLOEXEC) = 651
9588  openat(AT_FDCWD, "/home/capstone/project/test_files/000701.doc", O_RDWR|O_LARGEFILE|O_CLOEXEC) = 9
9587  openat(AT_FDCWD, "/home/capstone/project/test_files/000592.pdf", O_RDWR|O_LARGEFILE|O_CLOEXEC <unfinished ...>
9588  openat(AT_FDCWD, "/home/capstone/project/test_files/000069.html", O_RDWR|O_LARGEFILE|O_CLOEXEC) = 653
9587  openat(AT_FDCWD, "/home/capstone/project/test_files/000995.ppt", O_RDWR|O_LARGEFILE|O_CLOEXEC <unfinished ...>
9587  openat(AT_FDCWD, "/home/capstone/project/test_files/000714.ppt", O_RDWR|O_LARGEFILE|O_CLOEXEC <unfinished ...>
9588  openat(AT_FDCWD, "/home/capstone/project/test_files/000699.log", O_RDWR|O_LARGEFILE|O_CLOEXEC <unfinished ...>
9589  rename("/home/capstone/project/test_files/000468.txt", "/home/capstone/project/test_files/000468.txt.dkrpx75" <unfinished ...>
9591  openat(AT_FDCWD, "/home/capstone/project/test_files/checkpoints-000585.pdf.dkrpx75", O_RDWR|O_CREAT|O_TRUNC|O_LARGEFILE|O_CLOEXEC, 0666 <unfinished ...>
9589  openat(AT_FDCWD, "/home/capstone/project/test_files/000468.txt.dkrpx75", O_RDWR|O_LARGEFILE|O_CLOEXEC <unfinished ...>
9588  openat(AT_FDCWD, "/home/capstone/project/test_files/000410.html", O_RDWR|O_LARGEFILE|O_CLOEXEC <unfinished ...>
9587  openat(AT_FDCWD, "/home/capstone/project/test_files/000809.pdf", O_RDWR|O_LARGEFILE|O_CLOEXEC <unfinished ...>
9587  openat(AT_FDCWD, "/home/capstone/project/test_files/000587.pdf", O_RDWR|O_LARGEFILE|O_CLOEXEC <unfinished ...>
9588  openat(AT_FDCWD, "/home/capstone/project/test_files/000670.txt", O_RDWR|O_LARGEFILE|O_CLOEXEC <unfinished ...>
9587  openat(AT_FDCWD, "/home/capstone/project/test_files/000519.gif", O_RDWR|O_LARGEFILE|O_CLOEXEC <unfinished ...>
9590  unlink("/home/capstone/project/test_files/checkpoints-000345.pdf.dkrpx75" <unfinished ...>
9588  openat(AT_FDCWD, "/home/capstone/project/test_files/000707.doc", O_RDWR|O_LARGEFILE|O_CLOEXEC <unfinished ...>
9587  openat(AT_FDCWD, "/home/capstone/project/test_files/000923.xml", O_RDWR|O_LARGEFILE|O_CLOEXEC <unfinished ...>
9588  openat(AT_FDCWD, "/home/capstone/project/test_files/000207.html", O_RDWR|O_LARGEFILE|O_CLOEXEC <unfinished ...>
9587  openat(AT_FDCWD, "/home/capstone/project/test_files/000844.txt", O_RDWR|O_LARGEFILE|O_CLOEXEC <unfinished ...>
9588  openat(AT_FDCWD, "/home/capstone/project/test_files/000894.html", O_RDWR|O_LARGEFILE|O_CLOEXEC <unfinished ...>
9589  openat(AT_FDCWD, "/home/capstone/project/test_files/checkpoints-000468.txt.dkrpx75", O_RDWR|O_CREAT|O_TRUNC|O_LARGEFILE|O_CLOEXEC, 0666 <unfinished ...>
9587  openat(AT_FDCWD, "/home/capstone/project/test_files/000461.html", O_RDWR|O_LARGEFILE|O_CLOEXEC <unfinished ...>
9592  unlink("/home/capstone/project/test_files/checkpoints-000843.pdf.dkrpx75" <unfinished ...>
9591  rename("/home/capstone/project/test_files/000595.pdf", "/home/capstone/project/test_files/000595.pdf.dkrpx75" <unfinished ...>
9588  openat(AT_FDCWD, "/home/capstone/project/test_files/000381.pdf", O_RDWR|O_LARGEFILE|O_CLOEXEC <unfinished ...>
9587  openat(AT_FDCWD, "/home/capstone/project/test_files/000489.txt", O_RDWR|O_LARGEFILE|O_CLOEXEC) = 700
9591  openat(AT_FDCWD, "/home/capstone/project/test_files/000595.pdf.dkrpx75", O_RDWR|O_LARGEFILE|O_CLOEXEC) = 701
9587  openat(AT_FDCWD, "/home/capstone/project/test_files/000545.gif", O_RDWR|O_LARGEFILE|O_CLOEXEC <unfinished ...>
9588  openat(AT_FDCWD, "/home/capstone/project/test_files/000285.doc", O_RDWR|O_LARGEFILE|O_CLOEXEC <unfinished ...>
9587  openat(AT_FDCWD, "/home/capstone/project/test_files/000748.pdf", O_RDWR|O_LARGEFILE|O_CLOEXEC <unfinished ...>
9590  unlink("/home/capstone/project/test_files/checkpoints-000752.pdf.dkrpx75" <unfinished ...>
9588  openat(AT_FDCWD, "/home/capstone/project/test_files/000810.pdf", O_RDWR|O_LARGEFILE|O_CLOEXEC <unfinished ...>
9587  openat(AT_FDCWD, "/home/capstone/project/test_files/000865.gz", O_RDWR|O_LARGEFILE|O_CLOEXEC <unfinished ...>
9588  openat(AT_FDCWD, "/home/capstone/project/test_files/000773.ps", O_RDWR|O_LARGEFILE|O_CLOEXEC <unfinished ...>
9587  openat(AT_FDCWD, "/home/capstone/project/test_files/000109.jpg", O_RDWR|O_LARGEFILE|O_CLOEXEC <unfinished ...>
9591  openat(AT_FDCWD, "/home/capstone/project/test_files/checkpoints-000595.pdf.dkrpx75", O_RDWR|O_CREAT|O_TRUNC|O_LARGEFILE|O_CLOEXEC, 0666 <unfinished ...>
9588  openat(AT_FDCWD, "/home/capstone/project/test_files/000675.doc", O_RDWR|O_LARGEFILE|O_CLOEXEC <unfinished ...>
9587  openat(AT_FDCWD, "/home/capstone/project/test_files/000692.html", O_RDWR|O_LARGEFILE|O_CLOEXEC <unfinished ...>
9592  unlink("/home/capstone/project/test_files/checkpoints-000265.doc.dkrpx75" <unfinished ...>
9588  openat(AT_FDCWD, "/home/capstone/project/test_files/000431.html", O_RDWR|O_LARGEFILE|O_CLOEXEC <unfinished ...>
9587  openat(AT_FDCWD, "/home/capstone/project/test_files/000082.txt", O_RDWR|O_LARGEFILE|O_CLOEXEC <unfinished ...>
9589  rename("/home/capstone/project/test_files/000483.txt", "/home/capstone/project/test_files/000483.txt.dkrpx75" <unfinished ...>
9588  openat(AT_FDCWD, "/home/capstone/project/test_files/000866.txt", O_RDWR|O_LARGEFILE|O_CLOEXEC <unfinished ...>
9587  openat(AT_FDCWD, "/home/capstone/project/test_files/000324.pdf", O_RDWR|O_LARGEFILE|O_CLOEXEC <unfinished ...>
9588  openat(AT_FDCWD, "/home/capstone/project/test_files/000389.dbase3", O_RDWR|O_LARGEFILE|O_CLOEXEC) = 713
9588  openat(AT_FDCWD, "/home/capstone/project/test_files/000534.gif", O_RDWR|O_LARGEFILE|O_CLOEXEC) = 714
9589  openat(AT_FDCWD, "/home/capstone/project/test_files/000483.txt.dkrpx75", O_RDWR|O_LARGEFILE|O_CLOEXEC <unfinished ...>
9587  openat(AT_FDCWD, "/home/capstone/project/test_files/000793.html", O_RDWR|O_LARGEFILE|O_CLOEXEC <unfinished ...>
9588  openat(AT_FDCWD, "/home/capstone/project/test_files/000697.log", O_RDWR|O_LARGEFILE|O_CLOEXEC <unfinished ...>
9587  openat(AT_FDCWD, "/home/capstone/project/test_files/000322.ppt", O_RDWR|O_LARGEFILE|O_CLOEXEC <unfinished ...>
9588  openat(AT_FDCWD, "/home/capstone/project/test_files/000494.txt", O_RDWR|O_LARGEFILE|O_CLOEXEC <unfinished ...>
9591  rename("/home/capstone/project/test_files/000422.html", "/home/capstone/project/test_files/000422.html.dkrpx75" <unfinished ...>
9591  openat(AT_FDCWD, "/home/capstone/project/test_files/000422.html.dkrpx75", O_RDWR|O_LARGEFILE|O_CLOEXEC <unfinished ...>
9587  openat(AT_FDCWD, "/home/capstone/project/test_files/000861.txt", O_RDWR|O_LARGEFILE|O_CLOEXEC <unfinished ...>
9588  openat(AT_FDCWD, "/home/capstone/project/test_files/000110.jpg", O_RDWR|O_LARGEFILE|O_CLOEXEC <unfinished ...>
9587  openat(AT_FDCWD, "/home/capstone/project/test_files/000294.ppt", O_RDWR|O_LARGEFILE|O_CLOEXEC <unfinished ...>
9588  openat(AT_FDCWD, "/home/capstone/project/test_files/000849.txt", O_RDWR|O_LARGEFILE|O_CLOEXEC) = 722
9588  openat(AT_FDCWD, "/home/capstone/project/test_files/000153.pdf", O_RDWR|O_LARGEFILE|O_CLOEXEC <unfinished ...>
9587  openat(AT_FDCWD, "/home/capstone/project/test_files/000014.html", O_RDWR|O_LARGEFILE|O_CLOEXEC) = 724
9587  openat(AT_FDCWD, "/home/capstone/project/test_files/000015.pdf", O_RDWR|O_LARGEFILE|O_CLOEXEC) = 743
9587  openat(AT_FDCWD, "/home/capstone/project/test_files/000816.pdf", O_RDWR|O_LARGEFILE|O_CLOEXEC) = 744
9587  openat(AT_FDCWD, "/home/capstone/project/test_files/000055.xls", O_RDWR|O_LARGEFILE|O_CLOEXEC) = 745
9591  rename("/home/capstone/project/test_files/000362.pdf", "/home/capstone/project/test_files/000362.pdf.dkrpx75") = 0
9591  openat(AT_FDCWD, "/home/capstone/project/test_files/000362.pdf.dkrpx75", O_RDWR|O_LARGEFILE|O_CLOEXEC) = 746
9587  openat(AT_FDCWD, "/home/capstone/project/test_files/000303.ppt", O_RDWR|O_LARGEFILE|O_CLOEXEC <unfinished ...>
9587  openat(AT_FDCWD, "/home/capstone/project/test_files/000582.pdf", O_RDWR|O_LARGEFILE|O_CLOEXEC) = 747
9587  openat(AT_FDCWD, "/home/capstone/project/test_files/000873.jpg", O_RDWR|O_LARGEFILE|O_CLOEXEC <unfinished ...>
9588  openat(AT_FDCWD, "/home/capstone/project/test_files/000928.txt", O_RDWR|O_LARGEFILE|O_CLOEXEC <unfinished ...>
9587  openat(AT_FDCWD, "/home/capstone/project/test_files/000181.ppt", O_RDWR|O_LARGEFILE|O_CLOEXEC) = 750
9591  openat(AT_FDCWD, "/home/capstone/project/test_files/checkpoints-000362.pdf.dkrpx75", O_RDWR|O_CREAT|O_TRUNC|O_LARGEFILE|O_CLOEXEC, 0666) = 751
9587  openat(AT_FDCWD, "/home/capstone/project/test_files/000738.pdf", O_RDWR|O_LARGEFILE|O_CLOEXEC) = 752
9587  openat(AT_FDCWD, "/home/capstone/project/test_files/000202.html", O_RDWR|O_LARGEFILE|O_CLOEXEC) = 753
9587  openat(AT_FDCWD, "/home/capstone/project/test_files/000543.gif", O_RDWR|O_LARGEFILE|O_CLOEXEC) = 754
9587  openat(AT_FDCWD, "/home/capstone/project/test_files/000264.doc", O_RDWR|O_LARGEFILE|O_CLOEXEC <unfinished ...>
9587  openat(AT_FDCWD, "/home/capstone/project/test_files/000278.doc", O_RDWR|O_LARGEFILE|O_CLOEXEC <unfinished ...>
9591  rename("/home/capstone/project/test_files/000129.html", "/home/capstone/project/test_files/000129.html.dkrpx75" <unfinished ...>
9591  openat(AT_FDCWD, "/home/capstone/project/test_files/000129.html.dkrpx75", O_RDWR|O_LARGEFILE|O_CLOEXEC) = 757
9587  openat(AT_FDCWD, "/home/capstone/project/test_files/000527.gif", O_RDWR|O_LARGEFILE|O_CLOEXEC <unfinished ...>
9587  openat(AT_FDCWD, "/home/capstone/project/test_files/000723.ppt", O_RDWR|O_LARGEFILE|O_CLOEXEC) = 758
9587  openat(AT_FDCWD, "/home/capstone/project/test_files/000814.html", O_RDWR|O_LARGEFILE|O_CLOEXEC <unfinished ...>
9588  openat(AT_FDCWD, "/home/capstone/project/test_files/000783.html", O_RDWR|O_LARGEFILE|O_CLOEXEC <unfinished ...>
9589  openat(AT_FDCWD, "/home/capstone/project/test_files/checkpoints-000483.txt.dkrpx75", O_RDWR|O_CREAT|O_TRUNC|O_LARGEFILE|O_CLOEXEC, 0666 <unfinished ...>
9587  openat(AT_FDCWD, "/home/capstone/project/test_files/000858.txt", O_RDWR|O_LARGEFILE|O_CLOEXEC <unfinished ...>
9591  openat(AT_FDCWD, "/home/capstone/project/test_files/checkpoints-000129.html.dkrpx75", O_RDWR|O_CREAT|O_TRUNC|O_LARGEFILE|O_CLOEXEC, 0666) = 763
9587  openat(AT_FDCWD, "/home/capstone/project/test_files/000311.ppt", O_RDWR|O_LARGEFILE|O_CLOEXEC) = 764
9587  openat(AT_FDCWD, "/home/capstone/project/test_files/000904.pdf", O_RDWR|O_LARGEFILE|O_CLOEXEC) = 765
9587  openat(AT_FDCWD, "/home/capstone/project/test_files/000385.xls", O_RDWR|O_LARGEFILE|O_CLOEXEC) = 766
9588  openat(AT_FDCWD, "/home/capstone/project/test_files/000694.html", O_RDWR|O_LARGEFILE|O_CLOEXEC <unfinished ...>
9587  openat(AT_FDCWD, "/home/capstone/project/test_files/000983.ppt", O_RDWR|O_LARGEFILE|O_CLOEXEC <unfinished ...>
9587  openat(AT_FDCWD, "/home/capstone/project/test_files/000474.txt", O_RDWR|O_LARGEFILE|O_CLOEXEC) = 769
9591  rename("/home/capstone/project/test_files/000872.jpg", "/home/capstone/project/test_files/000872.jpg.dkrpx75") = 0
9591  openat(AT_FDCWD, "/home/capstone/project/test_files/000872.jpg.dkrpx75", O_RDWR|O_LARGEFILE|O_CLOEXEC) = 770
9587  openat(AT_FDCWD, "/home/capstone/project/test_files/000152.pdf", O_RDWR|O_LARGEFILE|O_CLOEXEC) = 76
9587  openat(AT_FDCWD, "/home/capstone/project/test_files/000315.ppt", O_RDWR|O_LARGEFILE|O_CLOEXEC) = 771
9587  openat(AT_FDCWD, "/home/capstone/project/test_files/000744.pdf", O_RDWR|O_LARGEFILE|O_CLOEXEC) = 772
9591  openat(AT_FDCWD, "/home/capstone/project/test_files/checkpoints-000872.jpg.dkrpx75", O_RDWR|O_CREAT|O_TRUNC|O_LARGEFILE|O_CLOEXEC, 0666) = 773
9587  openat(AT_FDCWD, "/home/capstone/project/test_files/000920.txt", O_RDWR|O_LARGEFILE|O_CLOEXEC) = 774
9588  openat(AT_FDCWD, "/home/capstone/project/test_files/000540.jpg", O_RDWR|O_LARGEFILE|O_CLOEXEC <unfinished ...>
9587  openat(AT_FDCWD, "/home/capstone/project/test_files/000291.ppt", O_RDWR|O_LARGEFILE|O_CLOEXEC) = 775
9587  openat(AT_FDCWD, "/home/capstone/project/test_files/000674.pdf", O_RDWR|O_LARGEFILE|O_CLOEXEC) = 777
9587  openat(AT_FDCWD, "/home/capstone/project/test_files/000299.ppt", O_RDWR|O_LARGEFILE|O_CLOEXEC <unfinished ...>
9588  openat(AT_FDCWD, "/home/capstone/project/test_files/000979.doc", O_RDWR|O_LARGEFILE|O_CLOEXEC <unfinished ...>
9587  openat(AT_FDCWD, "/home/capstone/project/test_files/000672.pdf", O_RDWR|O_LARGEFILE|O_CLOEXEC <unfinished ...>
9591  rename("/home/capstone/project/test_files/000961.doc", "/home/capstone/project/test_files/000961.doc.dkrpx75") = 0
9591  openat(AT_FDCWD, "/home/capstone/project/test_files/000961.doc.dkrpx75", O_RDWR|O_LARGEFILE|O_CLOEXEC) = 781
9588  openat(AT_FDCWD, "/home/capstone/project/test_files/000993.ppt", O_RDWR|O_LARGEFILE|O_CLOEXEC <unfinished ...>
9587  openat(AT_FDCWD, "/home/capstone/project/test_files/000712.ppt", O_RDWR|O_LARGEFILE|O_CLOEXEC <unfinished ...>
9591  openat(AT_FDCWD, "/home/capstone/project/test_files/checkpoints-000961.doc.dkrpx75", O_RDWR|O_CREAT|O_TRUNC|O_LARGEFILE|O_CLOEXEC, 0666 <unfinished ...>
9589  rename("/home/capstone/project/test_files/000469.jpg", "/home/capstone/project/test_files/000469.jpg.dkrpx75" <unfinished ...>
9589  openat(AT_FDCWD, "/home/capstone/project/test_files/000469.jpg.dkrpx75", O_RDWR|O_LARGEFILE|O_CLOEXEC <unfinished ...>
9591  rename("/home/capstone/project/test_files/000913.doc", "/home/capstone/project/test_files/000913.doc.dkrpx75") = 0
9591  openat(AT_FDCWD, "/home/capstone/project/test_files/000913.doc.dkrpx75", O_RDWR|O_LARGEFILE|O_CLOEXEC) = 784
9591  openat(AT_FDCWD, "/home/capstone/project/test_files/checkpoints-000913.doc.dkrpx75", O_RDWR|O_CREAT|O_TRUNC|O_LARGEFILE|O_CLOEXEC, 0666 <unfinished ...>
9588  openat(AT_FDCWD, "/home/capstone/project/test_files/000870.jpg", O_RDWR|O_LARGEFILE|O_CLOEXEC <unfinished ...>
9587  openat(AT_FDCWD, "/home/capstone/project/test_files/000586.pdf", O_RDWR|O_LARGEFILE|O_CLOEXEC) = 79
9587  openat(AT_FDCWD, "/home/capstone/project/test_files/000665.txt", O_RDWR|O_LARGEFILE|O_CLOEXEC <unfinished ...>
9591  rename("/home/capstone/project/test_files/000943.pdf", "/home/capstone/project/test_files/000943.pdf.dkrpx75") = 0
9591  openat(AT_FDCWD, "/home/capstone/project/test_files/000943.pdf.dkrpx75", O_RDWR|O_LARGEFILE|O_CLOEXEC) = 788
9588  openat(AT_FDCWD, "/home/capstone/project/test_files/000376.dbase3", O_RDWR|O_LARGEFILE|O_CLOEXEC <unfinished ...>
9587  openat(AT_FDCWD, "/home/capstone/project/test_files/000550.jpg", O_RDWR|O_LARGEFILE|O_CLOEXEC <unfinished ...>
9590  unlink("/home/capstone/project/test_files/checkpoints-000050.xls.dkrpx75") = 0
9591  openat(AT_FDCWD, "/home/capstone/project/test_files/checkpoints-000943.pdf.dkrpx75", O_RDWR|O_CREAT|O_TRUNC|O_LARGEFILE|O_CLOEXEC, 0666 <unfinished ...>
9587  openat(AT_FDCWD, "/home/capstone/project/test_files/000775.xls", O_RDWR|O_LARGEFILE|O_CLOEXEC <unfinished ...>
9588  openat(AT_FDCWD, "/home/capstone/project/test_files/000659.txt", O_RDWR|O_LARGEFILE|O_CLOEXEC <unfinished ...>
9588  openat(AT_FDCWD, "/home/capstone/project/test_files/000830.html", O_RDWR|O_LARGEFILE|O_CLOEXEC <unfinished ...>
9587  openat(AT_FDCWD, "/home/capstone/project/test_files/000336.pdf", O_RDWR|O_LARGEFILE|O_CLOEXEC <unfinished ...>
9592  unlink("/home/capstone/project/test_files/checkpoints-000033.xls.dkrpx75") = 0
9591  rename("/home/capstone/project/test_files/000926.txt", "/home/capstone/project/test_files/000926.txt.dkrpx75") = 0
9591  openat(AT_FDCWD, "/home/capstone/project/test_files/000926.txt.dkrpx75", O_RDWR|O_LARGEFILE|O_CLOEXEC <unfinished ...>
9591  openat(AT_FDCWD, "/home/capstone/project/test_files/checkpoints-000926.txt.dkrpx75", O_RDWR|O_CREAT|O_TRUNC|O_LARGEFILE|O_CLOEXEC, 0666) = 85
9588  openat(AT_FDCWD, "/home/capstone/project/test_files/000404.jpg", O_RDWR|O_LARGEFILE|O_CLOEXEC <unfinished ...>
9587  openat(AT_FDCWD, "/home/capstone/project/test_files/000564.csv", O_RDWR|O_LARGEFILE|O_CLOEXEC <unfinished ...>
9589  openat(AT_FDCWD, "/home/capstone/project/test_files/checkpoints-000469.jpg.dkrpx75", O_RDWR|O_CREAT|O_TRUNC|O_LARGEFILE|O_CLOEXEC, 0666 <unfinished ...>
9590  unlink("/home/capstone/project/test_files/checkpoints-000012.pdf.dkrpx75" <unfinished ...>
9592  unlink("/home/capstone/project/test_files/checkpoints-000585.pdf.dkrpx75" <unfinished ...>
9587  openat(AT_FDCWD, "/home/capstone/project/test_files/000954.pdf", O_RDWR|O_LARGEFILE|O_CLOEXEC <unfinished ...>
9588  openat(AT_FDCWD, "/home/capstone/project/test_files/000210.html", O_RDWR|O_LARGEFILE|O_CLOEXEC <unfinished ...>
9591  rename("/home/capstone/project/test_files/000677.doc", "/home/capstone/project/test_files/000677.doc.dkrpx75") = 0
9591  openat(AT_FDCWD, "/home/capstone/project/test_files/000677.doc.dkrpx75", O_RDWR|O_LARGEFILE|O_CLOEXEC) = 797
9588  openat(AT_FDCWD, "/home/capstone/project/test_files/000831.txt", O_RDWR|O_LARGEFILE|O_CLOEXEC <unfinished ...>
9591  openat(AT_FDCWD, "/home/capstone/project/test_files/checkpoints-000677.doc.dkrpx75", O_RDWR|O_CREAT|O_TRUNC|O_LARGEFILE|O_CLOEXEC, 0666) = 84
9587  openat(AT_FDCWD, "/home/capstone/project/test_files/000604.html", O_RDWR|O_LARGEFILE|O_CLOEXEC) = 799
9588  openat(AT_FDCWD, "/home/capstone/project/test_files/000523.png", O_RDWR|O_LARGEFILE|O_CLOEXEC <unfinished ...>
9587  openat(AT_FDCWD, "/home/capstone/project/test_files/000149.pdf", O_RDWR|O_LARGEFILE|O_CLOEXEC <unfinished ...>
9591  rename("/home/capstone/project/test_files/000171.xls", "/home/capstone/project/test_files/000171.xls.dkrpx75") = 0
9588  openat(AT_FDCWD, "/home/capstone/project/test_files/000201.html", O_RDWR|O_LARGEFILE|O_CLOEXEC <unfinished ...>
9587  openat(AT_FDCWD, "/home/capstone/project/test_files/000684.jpg", O_RDWR|O_LARGEFILE|O_CLOEXEC <unfinished ...>
9591  openat(AT_FDCWD, "/home/capstone/project/test_files/000171.xls.dkrpx75", O_RDWR|O_LARGEFILE|O_CLOEXEC <unfinished ...>
9587  openat(AT_FDCWD, "/home/capstone/project/test_files/000262.pdf", O_RDWR|O_LARGEFILE|O_CLOEXEC <unfinished ...>
9591  openat(AT_FDCWD, "/home/capstone/project/test_files/checkpoints-000171.xls.dkrpx75", O_RDWR|O_CREAT|O_TRUNC|O_LARGEFILE|O_CLOEXEC, 0666 <unfinished ...>
9589  rename("/home/capstone/project/test_files/000492.txt", "/home/capstone/project/test_files/000492.txt.dkrpx75" <unfinished ...>
9588  openat(AT_FDCWD, "/home/capstone/project/test_files/000624.txt", O_RDWR|O_LARGEFILE|O_CLOEXEC <unfinished ...>
9589  openat(AT_FDCWD, "/home/capstone/project/test_files/000492.txt.dkrpx75", O_RDWR|O_LARGEFILE|O_CLOEXEC <unfinished ...>
9588  openat(AT_FDCWD, "/home/capstone/project/test_files/000907.html", O_RDWR|O_LARGEFILE|O_CLOEXEC <unfinished ...>
9590  unlink("/home/capstone/project/test_files/checkpoints-000468.txt.dkrpx75") = 0
9591  rename("/home/capstone/project/test_files/000745.pdf", "/home/capstone/project/test_files/000745.pdf.dkrpx75") = 0
9591  openat(AT_FDCWD, "/home/capstone/project/test_files/000745.pdf.dkrpx75", O_RDWR|O_LARGEFILE|O_CLOEXEC) = 13
9588  openat(AT_FDCWD, "/home/capstone/project/test_files/000688.gif", O_RDWR|O_LARGEFILE|O_CLOEXEC <unfinished ...>
9587  openat(AT_FDCWD, "/home/capstone/project/test_files/000196.pdf", O_RDWR|O_LARGEFILE|O_CLOEXEC) = 699
9591  openat(AT_FDCWD, "/home/capstone/project/test_files/checkpoints-000745.pdf.dkrpx75", O_RDWR|O_CREAT|O_TRUNC|O_LARGEFILE|O_CLOEXEC, 0666) = 809
9592  unlink("/home/capstone/project/test_files/checkpoints-000422.html.dkrpx75") = 0
9591  rename("/home/capstone/project/test_files/000134.ppt", "/home/capstone/project/test_files/000134.ppt.dkrpx75") = 0
9591  openat(AT_FDCWD, "/home/capstone/project/test_files/000134.ppt.dkrpx75", O_RDWR|O_LARGEFILE|O_CLOEXEC) = 726
9591  openat(AT_FDCWD, "/home/capstone/project/test_files/checkpoints-000134.ppt.dkrpx75", O_RDWR|O_CREAT|O_TRUNC|O_LARGEFILE|O_CLOEXEC, 0666) = 88
9588  openat(AT_FDCWD, "/home/capstone/project/test_files/000396.xls", O_RDWR|O_LARGEFILE|O_CLOEXEC <unfinished ...>
9587  openat(AT_FDCWD, "/home/capstone/project/test_files/000790.doc", O_RDWR|O_LARGEFILE|O_CLOEXEC <unfinished ...>
9591  rename("/home/capstone/project/test_files/000414.html", "/home/capstone/project/test_files/000414.html.dkrpx75" <unfinished ...>
9591  openat(AT_FDCWD, "/home/capstone/project/test_files/000414.html.dkrpx75", O_RDWR|O_LARGEFILE|O_CLOEXEC <unfinished ...>
9587  openat(AT_FDCWD, "/home/capstone/project/test_files/000194.html", O_RDWR|O_LARGEFILE|O_CLOEXEC <unfinished ...>
9591  openat(AT_FDCWD, "/home/capstone/project/test_files/checkpoints-000414.html.dkrpx75", O_RDWR|O_CREAT|O_TRUNC|O_LARGEFILE|O_CLOEXEC, 0666) = 89
9587  openat(AT_FDCWD, "/home/capstone/project/test_files/000537.gif", O_RDWR|O_LARGEFILE|O_CLOEXEC <unfinished ...>
9591  rename("/home/capstone/project/test_files/000603.jpg", "/home/capstone/project/test_files/000603.jpg.dkrpx75") = 0
9591  openat(AT_FDCWD, "/home/capstone/project/test_files/000603.jpg.dkrpx75", O_RDWR|O_LARGEFILE|O_CLOEXEC) = 815
9591  openat(AT_FDCWD, "/home/capstone/project/test_files/checkpoints-000603.jpg.dkrpx75", O_RDWR|O_CREAT|O_TRUNC|O_LARGEFILE|O_CLOEXEC, 0666) = 91
9588  openat(AT_FDCWD, "/home/capstone/project/test_files/000630.pdf", O_RDWR|O_LARGEFILE|O_CLOEXEC <unfinished ...>
9587  openat(AT_FDCWD, "/home/capstone/project/test_files/000312.ppt", O_RDWR|O_LARGEFILE|O_CLOEXEC <unfinished ...>
9591  rename("/home/capstone/project/test_files/000267.doc", "/home/capstone/project/test_files/000267.doc.dkrpx75" <unfinished ...>
9591  openat(AT_FDCWD, "/home/capstone/project/test_files/000267.doc.dkrpx75", O_RDWR|O_LARGEFILE|O_CLOEXEC) = 818
9588  openat(AT_FDCWD, "/home/capstone/project/test_files/000417.jpg", O_RDWR|O_LARGEFILE|O_CLOEXEC <unfinished ...>
9589  openat(AT_FDCWD, "/home/capstone/project/test_files/checkpoints-000492.txt.dkrpx75", O_RDWR|O_CREAT|O_TRUNC|O_LARGEFILE|O_CLOEXEC, 0666 <unfinished ...>
9587  openat(AT_FDCWD, "/home/capstone/project/test_files/000168.pdf", O_RDWR|O_LARGEFILE|O_CLOEXEC) = 819
9591  openat(AT_FDCWD, "/home/capstone/project/test_files/checkpoints-000267.doc.dkrpx75", O_RDWR|O_CREAT|O_TRUNC|O_LARGEFILE|O_CLOEXEC, 0666 <unfinished ...>
9588  openat(AT_FDCWD, "/home/capstone/project/test_files/000252.pdf", O_RDWR|O_LARGEFILE|O_CLOEXEC <unfinished ...>
9587  openat(AT_FDCWD, "/home/capstone/project/test_files/000502.txt", O_RDWR|O_LARGEFILE|O_CLOEXEC <unfinished ...>
9591  rename("/home/capstone/project/test_files/000657.txt", "/home/capstone/project/test_files/000657.txt.dkrpx75") = 0
9591  openat(AT_FDCWD, "/home/capstone/project/test_files/000657.txt.dkrpx75", O_RDWR|O_LARGEFILE|O_CLOEXEC) = 822
9591  openat(AT_FDCWD, "/home/capstone/project/test_files/checkpoints-000657.txt.dkrpx75", O_RDWR|O_CREAT|O_TRUNC|O_LARGEFILE|O_CLOEXEC, 0666) = 93
9591  rename("/home/capstone/project/test_files/000899.pdf", "/home/capstone/project/test_files/000899.pdf.dkrpx75" <unfinished ...>
9591  openat(AT_FDCWD, "/home/capstone/project/test_files/000899.pdf.dkrpx75", O_RDWR|O_LARGEFILE|O_CLOEXEC) = 825
9591  openat(AT_FDCWD, "/home/capstone/project/test_files/checkpoints-000899.pdf.dkrpx75", O_RDWR|O_CREAT|O_TRUNC|O_LARGEFILE|O_CLOEXEC, 0666) = 58
9591  rename("/home/capstone/project/test_files/000399.xls", "/home/capstone/project/test_files/000399.xls.dkrpx75") = 0
9591  openat(AT_FDCWD, "/home/capstone/project/test_files/000399.xls.dkrpx75", O_RDWR|O_LARGEFILE|O_CLOEXEC) = 826
9591  openat(AT_FDCWD, "/home/capstone/project/test_files/checkpoints-000399.xls.dkrpx75", O_RDWR|O_CREAT|O_TRUNC|O_LARGEFILE|O_CLOEXEC, 0666) = 95
9588  openat(AT_FDCWD, "/home/capstone/project/test_files/000471.txt", O_RDWR|O_LARGEFILE|O_CLOEXEC <unfinished ...>
9587  openat(AT_FDCWD, "/home/capstone/project/test_files/000123.html", O_RDWR|O_LARGEFILE|O_CLOEXEC <unfinished ...>
9591  rename("/home/capstone/project/test_files/000063.html", "/home/capstone/project/test_files/000063.html.dkrpx75") = 0
9591  openat(AT_FDCWD, "/home/capstone/project/test_files/000063.html.dkrpx75", O_RDWR|O_LARGEFILE|O_CLOEXEC) = 829
9591  openat(AT_FDCWD, "/home/capstone/project/test_files/checkpoints-000063.html.dkrpx75", O_RDWR|O_CREAT|O_TRUNC|O_LARGEFILE|O_CLOEXEC, 0666) = 96
9587  openat(AT_FDCWD, "/home/capstone/project/test_files/000776.xls", O_RDWR|O_LARGEFILE|O_CLOEXEC <unfinished ...>
9588  openat(AT_FDCWD, "/home/capstone/project/test_files/000028.pdf", O_RDWR|O_LARGEFILE|O_CLOEXEC <unfinished ...>
9588  openat(AT_FDCWD, "/home/capstone/project/test_files/000401.xls", O_RDWR|O_LARGEFILE|O_CLOEXEC <unfinished ...>
9587  openat(AT_FDCWD, "/home/capstone/project/test_files/000270.pdf", O_RDWR|O_LARGEFILE|O_CLOEXEC <unfinished ...>
9591  rename("/home/capstone/project/test_files/000052.xls", "/home/capstone/project/test_files/000052.xls.dkrpx75" <unfinished ...>
9591  openat(AT_FDCWD, "/home/capstone/project/test_files/000052.xls.dkrpx75", O_RDWR|O_LARGEFILE|O_CLOEXEC) = 834
9588  openat(AT_FDCWD, "/home/capstone/project/test_files/000351.pdf", O_RDWR|O_LARGEFILE|O_CLOEXEC <unfinished ...>
9587  openat(AT_FDCWD, "/home/capstone/project/test_files/000438.html", O_RDWR|O_LARGEFILE|O_CLOEXEC <unfinished ...>
9591  openat(AT_FDCWD, "/home/capstone/project/test_files/checkpoints-000052.xls.dkrpx75", O_RDWR|O_CREAT|O_TRUNC|O_LARGEFILE|O_CLOEXEC, 0666) = 836
9588  openat(AT_FDCWD, "/home/capstone/project/test_files/000464.txt", O_RDWR|O_LARGEFILE|O_CLOEXEC <unfinished ...>
9587  openat(AT_FDCWD, "/home/capstone/project/test_files/000077.html", O_RDWR|O_LARGEFILE|O_CLOEXEC <unfinished ...>
9591  rename("/home/capstone/project/test_files/000190.html", "/home/capstone/project/test_files/000190.html.dkrpx75") = 0
9591  openat(AT_FDCWD, "/home/capstone/project/test_files/000190.html.dkrpx75", O_RDWR|O_LARGEFILE|O_CLOEXEC) = 838
9591  openat(AT_FDCWD, "/home/capstone/project/test_files/checkpoints-000190.html.dkrpx75", O_RDWR|O_CREAT|O_TRUNC|O_LARGEFILE|O_CLOEXEC, 0666) = 839
9588  openat(AT_FDCWD, "/home/capstone/project/test_files/000323.ppt", O_RDWR|O_LARGEFILE|O_CLOEXEC <unfinished ...>
9587  openat(AT_FDCWD, "/home/capstone/project/test_files/000764.csv", O_RDWR|O_LARGEFILE|O_CLOEXEC <unfinished ...>
9589  rename("/home/capstone/project/test_files/000518.ppt", "/home/capstone/project/test_files/000518.ppt.dkrpx75" <unfinished ...>
9589  openat(AT_FDCWD, "/home/capstone/project/test_files/000518.ppt.dkrpx75", O_RDWR|O_LARGEFILE|O_CLOEXEC <unfinished ...>
9588  openat(AT_FDCWD, "/home/capstone/project/test_files/000462.txt", O_RDWR|O_LARGEFILE|O_CLOEXEC <unfinished ...>
9587  openat(AT_FDCWD, "/home/capstone/project/test_files/000770.pdf", O_RDWR|O_LARGEFILE|O_CLOEXEC <unfinished ...>
9588  openat(AT_FDCWD, "/home/capstone/project/test_files/000826.pdf", O_RDWR|O_LARGEFILE|O_CLOEXEC <unfinished ...>
9587  openat(AT_FDCWD, "/home/capstone/project/test_files/000719.ppt", O_RDWR|O_LARGEFILE|O_CLOEXEC <unfinished ...>
9591  rename("/home/capstone/project/test_files/000339.pdf", "/home/capstone/project/test_files/000339.pdf.dkrpx75") = 0
9591  openat(AT_FDCWD, "/home/capstone/project/test_files/000339.pdf.dkrpx75", O_RDWR|O_LARGEFILE|O_CLOEXEC) = 846
9591  openat(AT_FDCWD, "/home/capstone/project/test_files/checkpoints-000339.pdf.dkrpx75", O_RDWR|O_CREAT|O_TRUNC|O_LARGEFILE|O_CLOEXEC, 0666) = 100
9587  openat(AT_FDCWD, "/home/capstone/project/test_files/000774.ps", O_RDWR|O_LARGEFILE|O_CLOEXEC <unfinished ...>
9588  openat(AT_FDCWD, "/home/capstone/project/test_files/000946.doc", O_RDWR|O_LARGEFILE|O_CLOEXEC <unfinished ...>
9588  openat(AT_FDCWD, "/home/capstone/project/test_files/000120.doc", O_RDWR|O_LARGEFILE|O_CLOEXEC <unfinished ...>
9587  openat(AT_FDCWD, "/home/capstone/project/test_files/000635.html", O_RDWR|O_LARGEFILE|O_CLOEXEC <unfinished ...>
9589  openat(AT_FDCWD, "/home/capstone/project/test_files/000862.txt.dkrpx75", O_RDWR|O_LARGEFILE|O_CLOEXEC <unfinished ...>
9588  openat(AT_FDCWD, "/home/capstone/project/test_files/000220.txt", O_RDWR|O_LARGEFILE|O_CLOEXEC <unfinished ...>
9587  openat(AT_FDCWD, "/home/capstone/project/test_files/000867.jpg", O_RDWR|O_LARGEFILE|O_CLOEXEC <unfinished ...>
9591  rename("/home/capstone/project/test_files/000813.pdf", "/home/capstone/project/test_files/000813.pdf.dkrpx75" <unfinished ...>
9588  openat(AT_FDCWD, "/home/capstone/project/test_files/000229.txt", O_RDWR|O_LARGEFILE|O_CLOEXEC <unfinished ...>
9587  openat(AT_FDCWD, "/home/capstone/project/test_files/000107.jpg", O_RDWR|O_LARGEFILE|O_CLOEXEC <unfinished ...>
9591  openat(AT_FDCWD, "/home/capstone/project/test_files/000813.pdf.dkrpx75", O_RDWR|O_LARGEFILE|O_CLOEXEC <unfinished ...>
9588  openat(AT_FDCWD, "/home/capstone/project/test_files/000284.txt", O_RDWR|O_LARGEFILE|O_CLOEXEC <unfinished ...>
9587  openat(AT_FDCWD, "/home/capstone/project/test_files/000619.txt", O_RDWR|O_LARGEFILE|O_CLOEXEC <unfinished ...>
9588  openat(AT_FDCWD, "/home/capstone/project/test_files/000898.html", O_RDWR|O_LARGEFILE|O_CLOEXEC <unfinished ...>
9587  openat(AT_FDCWD, "/home/capstone/project/test_files/000678.doc", O_RDWR|O_LARGEFILE|O_CLOEXEC <unfinished ...>
9588  openat(AT_FDCWD, "/home/capstone/project/test_files/000605.pdf", O_RDWR|O_LARGEFILE|O_CLOEXEC <unfinished ...>
9587  openat(AT_FDCWD, "/home/capstone/project/test_files/000016.pdf", O_RDWR|O_LARGEFILE|O_CLOEXEC <unfinished ...>
9588  openat(AT_FDCWD, "/home/capstone/project/test_files/000328.ppt", O_RDWR|O_LARGEFILE|O_CLOEXEC <unfinished ...>
9589  openat(AT_FDCWD, "/home/capstone/project/test_files/checkpoints-000862.txt.dkrpx75", O_RDWR|O_CREAT|O_TRUNC|O_LARGEFILE|O_CLOEXEC, 0666 <unfinished ...>
9587  openat(AT_FDCWD, "/home/capstone/project/test_files/000297.ppt", O_RDWR|O_LARGEFILE|O_CLOEXEC <unfinished ...>
9588  openat(AT_FDCWD, "/home/capstone/project/test_files/000801.doc", O_RDWR|O_LARGEFILE|O_CLOEXEC) = 901
9587  openat(AT_FDCWD, "/home/capstone/project/test_files/000501.txt", O_RDWR|O_LARGEFILE|O_CLOEXEC <unfinished ...>
9588  openat(AT_FDCWD, "/home/capstone/project/test_files/000282.pdf", O_RDWR|O_LARGEFILE|O_CLOEXEC) = 903
9591  openat(AT_FDCWD, "/home/capstone/project/test_files/checkpoints-000813.pdf.dkrpx75", O_RDWR|O_CREAT|O_TRUNC|O_LARGEFILE|O_CLOEXEC, 0666 <unfinished ...>
9588  openat(AT_FDCWD, "/home/capstone/project/test_files/000570.pdf", O_RDWR|O_LARGEFILE|O_CLOEXEC) = 905
9587  openat(AT_FDCWD, "/home/capstone/project/test_files/000593.pdf", O_RDWR|O_LARGEFILE|O_CLOEXEC) = 906
9588  openat(AT_FDCWD, "/home/capstone/project/test_files/000971.doc", O_RDWR|O_LARGEFILE|O_CLOEXEC <unfinished ...>
9587  openat(AT_FDCWD, "/home/capstone/project/test_files/000553.html", O_RDWR|O_LARGEFILE|O_CLOEXEC <unfinished ...>
9588  openat(AT_FDCWD, "/home/capstone/project/test_files/000973.doc", O_RDWR|O_LARGEFILE|O_CLOEXEC <unfinished ...>
9589  rename("/home/capstone/project/test_files/000800.html", "/home/capstone/project/test_files/000800.html.dkrpx75") = 0
9589  openat(AT_FDCWD, "/home/capstone/project/test_files/000800.html.dkrpx75", O_RDWR|O_LARGEFILE|O_CLOEXEC) = 910
9588  openat(AT_FDCWD, "/home/capstone/project/test_files/000112.wp", O_RDWR|O_LARGEFILE|O_CLOEXEC <unfinished ...>
9587  openat(AT_FDCWD, "/home/capstone/project/test_files/000148.doc", O_RDWR|O_LARGEFILE|O_CLOEXEC <unfinished ...>
9588  openat(AT_FDCWD, "/home/capstone/project/test_files/000245.jpg", O_RDWR|O_LARGEFILE|O_CLOEXEC <unfinished ...>
9587  openat(AT_FDCWD, "/home/capstone/project/test_files/000571.pdf", O_RDWR|O_LARGEFILE|O_CLOEXEC <unfinished ...>
9588  openat(AT_FDCWD, "/home/capstone/project/test_files/000607.html", O_RDWR|O_LARGEFILE|O_CLOEXEC <unfinished ...>
9587  openat(AT_FDCWD, "/home/capstone/project/test_files/000968.jpg", O_RDWR|O_LARGEFILE|O_CLOEXEC <unfinished ...>
9588  openat(AT_FDCWD, "/home/capstone/project/test_files/000505.jpg", O_RDWR|O_LARGEFILE|O_CLOEXEC <unfinished ...>
9587  openat(AT_FDCWD, "/home/capstone/project/test_files/000240.jpg", O_RDWR|O_LARGEFILE|O_CLOEXEC <unfinished ...>
9588  openat(AT_FDCWD, "/home/capstone/project/test_files/000158.doc", O_RDWR|O_LARGEFILE|O_CLOEXEC <unfinished ...>
9587  openat(AT_FDCWD, "/home/capstone/project/test_files/000075.html", O_RDWR|O_LARGEFILE|O_CLOEXEC <unfinished ...>
9589  openat(AT_FDCWD, "/home/capstone/project/test_files/checkpoints-000800.html.dkrpx75", O_RDWR|O_CREAT|O_TRUNC|O_LARGEFILE|O_CLOEXEC, 0666) = 920
9588  openat(AT_FDCWD, "/home/capstone/project/test_files/000864.txt", O_RDWR|O_LARGEFILE|O_CLOEXEC <unfinished ...>
9587  openat(AT_FDCWD, "/home/capstone/project/test_files/000575.csv", O_RDWR|O_LARGEFILE|O_CLOEXEC <unfinished ...>
9591  rename("/home/capstone/project/test_files/000693.doc", "/home/capstone/project/test_files/000693.doc.dkrpx75" <unfinished ...>
9588  openat(AT_FDCWD, "/home/capstone/project/test_files/000734.ps", O_RDWR|O_LARGEFILE|O_CLOEXEC <unfinished ...>
9587  openat(AT_FDCWD, "/home/capstone/project/test_files/000330.ppt", O_RDWR|O_LARGEFILE|O_CLOEXEC <unfinished ...>
9591  openat(AT_FDCWD, "/home/capstone/project/test_files/000693.doc.dkrpx75", O_RDWR|O_LARGEFILE|O_CLOEXEC <unfinished ...>
9590  unlink("/home/capstone/project/test_files/checkpoints-000595.pdf.dkrpx75" <unfinished ...>
9588  openat(AT_FDCWD, "/home/capstone/project/test_files/000486.txt", O_RDWR|O_LARGEFILE|O_CLOEXEC <unfinished ...>
9587  openat(AT_FDCWD, "/home/capstone/project/test_files/000350.pdf", O_RDWR|O_LARGEFILE|O_CLOEXEC <unfinished ...>
9588  openat(AT_FDCWD, "/home/capstone/project/test_files/000731.ps", O_RDWR|O_LARGEFILE|O_CLOEXEC <unfinished ...>
9587  openat(AT_FDCWD, "/home/capstone/project/test_files/000405.xls", O_RDWR|O_LARGEFILE|O_CLOEXEC <unfinished ...>
9588  openat(AT_FDCWD, "/home/capstone/project/test_files/000622.txt", O_RDWR|O_LARGEFILE|O_CLOEXEC <unfinished ...>
9587  openat(AT_FDCWD, "/home/capstone/project/test_files/000706.doc", O_RDWR|O_LARGEFILE|O_CLOEXEC <unfinished ...>
9589  rename("/home/capstone/project/test_files/000246.jpg", "/home/capstone/project/test_files/000246.jpg.dkrpx75" <unfinished ...>
9588  openat(AT_FDCWD, "/home/capstone/project/test_files/000997.ppt", O_RDWR|O_LARGEFILE|O_CLOEXEC <unfinished ...>
9587  openat(AT_FDCWD, "/home/capstone/project/test_files/000682.jpg", O_RDWR|O_LARGEFILE|O_CLOEXEC <unfinished ...>
9589  openat(AT_FDCWD, "/home/capstone/project/test_files/000246.jpg.dkrpx75", O_RDWR|O_LARGEFILE|O_CLOEXEC <unfinished ...>
9588  openat(AT_FDCWD, "/home/capstone/project/test_files/000429.html", O_RDWR|O_LARGEFILE|O_CLOEXEC <unfinished ...>
9587  openat(AT_FDCWD, "/home/capstone/project/test_files/000965.doc", O_RDWR|O_LARGEFILE|O_CLOEXEC) = 939
9590  unlink("/home/capstone/project/test_files/checkpoints-000129.html.dkrpx75") = 0
9587  openat(AT_FDCWD, "/home/capstone/project/test_files/000610.pdf", O_RDWR|O_LARGEFILE|O_CLOEXEC <unfinished ...>
9588  openat(AT_FDCWD, "/home/capstone/project/test_files/000394.xls", O_RDWR|O_LARGEFILE|O_CLOEXEC <unfinished ...>
9587  openat(AT_FDCWD, "/home/capstone/project/test_files/000450.html", O_RDWR|O_LARGEFILE|O_CLOEXEC <unfinished ...>
9588  openat(AT_FDCWD, "/home/capstone/project/test_files/000279.doc", O_RDWR|O_LARGEFILE|O_CLOEXEC <unfinished ...>
9587  openat(AT_FDCWD, "/home/capstone/project/test_files/000459.html", O_RDWR|O_LARGEFILE|O_CLOEXEC <unfinished ...>
9591  rename("/home/capstone/project/test_files/000089.txt", "/home/capstone/project/test_files/000089.txt.dkrpx75" <unfinished ...>
9591  openat(AT_FDCWD, "/home/capstone/project/test_files/000089.txt.dkrpx75", O_RDWR|O_LARGEFILE|O_CLOEXEC <unfinished ...>
9588  openat(AT_FDCWD, "/home/capstone/project/test_files/000100.doc", O_RDWR|O_LARGEFILE|O_CLOEXEC <unfinished ...>
9592  unlink("/home/capstone/project/test_files/checkpoints-000872.jpg.dkrpx75") = 0
9589  openat(AT_FDCWD, "/home/capstone/project/test_files/checkpoints-000246.jpg.dkrpx75", O_RDWR|O_CREAT|O_TRUNC|O_LARGEFILE|O_CLOEXEC, 0666 <unfinished ...>
9587  openat(AT_FDCWD, "/home/capstone/project/test_files/000948.doc", O_RDWR|O_LARGEFILE|O_CLOEXEC <unfinished ...>
9588  openat(AT_FDCWD, "/home/capstone/project/test_files/000136.html", O_RDWR|O_LARGEFILE|O_CLOEXEC <unfinished ...>
9587  openat(AT_FDCWD, "/home/capstone/project/test_files/000271.doc", O_RDWR|O_LARGEFILE|O_CLOEXEC <unfinished ...>
9587  openat(AT_FDCWD, "/home/capstone/project/test_files/000821.html", O_RDWR|O_LARGEFILE|O_CLOEXEC <unfinished ...>
9590  unlink("/home/capstone/project/test_files/checkpoints-000483.txt.dkrpx75" <unfinished ...>
9588  openat(AT_FDCWD, "/home/capstone/project/test_files/000408.xls", O_RDWR|O_LARGEFILE|O_CLOEXEC <unfinished ...>
9591  openat(AT_FDCWD, "/home/capstone/project/test_files/checkpoints-000089.txt.dkrpx75", O_RDWR|O_CREAT|O_TRUNC|O_LARGEFILE|O_CLOEXEC, 0666) = 761
9587  openat(AT_FDCWD, "/home/capstone/project/test_files/000566.pdf", O_RDWR|O_LARGEFILE|O_CLOEXEC) = 949
9587  openat(AT_FDCWD, "/home/capstone/project/test_files/000235.jpg", O_RDWR|O_LARGEFILE|O_CLOEXEC <unfinished ...>
9588  openat(AT_FDCWD, "/home/capstone/project/test_files/000906.jpg", O_RDWR|O_LARGEFILE|O_CLOEXEC <unfinished ...>
9588  openat(AT_FDCWD, "/home/capstone/project/test_files/000024.pdf", O_RDWR|O_LARGEFILE|O_CLOEXEC <unfinished ...>
9587  openat(AT_FDCWD, "/home/capstone/project/test_files/000903.jpg", O_RDWR|O_LARGEFILE|O_CLOEXEC <unfinished ...>
9589  rename("/home/capstone/project/test_files/000074.html", "/home/capstone/project/test_files/000074.html.dkrpx75" <unfinished ...>
9589  openat(AT_FDCWD, "/home/capstone/project/test_files/000074.html.dkrpx75", O_RDWR|O_LARGEFILE|O_CLOEXEC <unfinished ...>
9587  openat(AT_FDCWD, "/home/capstone/project/test_files/000713.ppt", O_RDWR|O_LARGEFILE|O_CLOEXEC <unfinished ...>
9588  openat(AT_FDCWD, "/home/capstone/project/test_files/000064.html", O_RDWR|O_LARGEFILE|O_CLOEXEC <unfinished ...>
9587  openat(AT_FDCWD, "/home/capstone/project/test_files/000757.pdf", O_RDWR|O_LARGEFILE|O_CLOEXEC <unfinished ...>
9588  openat(AT_FDCWD, "/home/capstone/project/test_files/000925.txt", O_RDWR|O_LARGEFILE|O_CLOEXEC <unfinished ...>
9591  rename("/home/capstone/project/test_files/000535.jpg", "/home/capstone/project/test_files/000535.jpg.dkrpx75" <unfinished ...>
9587  openat(AT_FDCWD, "/home/capstone/project/test_files/000632.pdf", O_RDWR|O_LARGEFILE|O_CLOEXEC <unfinished ...>
9591  openat(AT_FDCWD, "/home/capstone/project/test_files/000535.jpg.dkrpx75", O_RDWR|O_LARGEFILE|O_CLOEXEC <unfinished ...>
9587  openat(AT_FDCWD, "/home/capstone/project/test_files/000569.pdf", O_RDWR|O_LARGEFILE|O_CLOEXEC <unfinished ...>
9588  openat(AT_FDCWD, "/home/capstone/project/test_files/000555.html", O_RDWR|O_LARGEFILE|O_CLOEXEC <unfinished ...>
9587  openat(AT_FDCWD, "/home/capstone/project/test_files/000111.doc", O_RDWR|O_LARGEFILE|O_CLOEXEC) = 962
9587  openat(AT_FDCWD, "/home/capstone/project/test_files/000146.pdf", O_RDWR|O_LARGEFILE|O_CLOEXEC <unfinished ...>
9588  openat(AT_FDCWD, "/home/capstone/project/test_files/000302.ppt", O_RDWR|O_LARGEFILE|O_CLOEXEC <unfinished ...>
9587  openat(AT_FDCWD, "/home/capstone/project/test_files/000611.html", O_RDWR|O_LARGEFILE|O_CLOEXEC) = 965
9591  openat(AT_FDCWD, "/home/capstone/project/test_files/checkpoints-000535.jpg.dkrpx75", O_RDWR|O_CREAT|O_TRUNC|O_LARGEFILE|O_CLOEXEC, 0666 <unfinished ...>
9587  openat(AT_FDCWD, "/home/capstone/project/test_files/000500.txt", O_RDWR|O_LARGEFILE|O_CLOEXEC <unfinished ...>
9588  openat(AT_FDCWD, "/home/capstone/project/test_files/000344.pdf", O_RDWR|O_LARGEFILE|O_CLOEXEC <unfinished ...>
9592  unlink("/home/capstone/project/test_files/checkpoints-000766.ps.dkrpx75" <unfinished ...>
9587  openat(AT_FDCWD, "/home/capstone/project/test_files/000128.doc", O_RDWR|O_LARGEFILE|O_CLOEXEC <unfinished ...>
9588  openat(AT_FDCWD, "/home/capstone/project/test_files/000639.html", O_RDWR|O_LARGEFILE|O_CLOEXEC <unfinished ...>
9587  openat(AT_FDCWD, "/home/capstone/project/test_files/000448.html", O_RDWR|O_LARGEFILE|O_CLOEXEC <unfinished ...>
9587  openat(AT_FDCWD, "/home/capstone/project/test_files/000008.ppt", O_RDWR|O_LARGEFILE|O_CLOEXEC <unfinished ...>
9591  rename("/home/capstone/project/test_files/000781.xls", "/home/capstone/project/test_files/000781.xls.dkrpx75" <unfinished ...>
9587  openat(AT_FDCWD, "/home/capstone/project/test_files/000086.txt", O_RDWR|O_LARGEFILE|O_CLOEXEC <unfinished ...>
9589  openat(AT_FDCWD, "/home/capstone/project/test_files/checkpoints-000074.html.dkrpx75", O_RDWR|O_CREAT|O_TRUNC|O_LARGEFILE|O_CLOEXEC, 0666 <unfinished ...>
9591  openat(AT_FDCWD, "/home/capstone/project/test_files/000781.xls.dkrpx75", O_RDWR|O_LARGEFILE|O_CLOEXEC <unfinished ...>
9587  openat(AT_FDCWD, "/home/capstone/project/test_files/000041.xls", O_RDWR|O_LARGEFILE|O_CLOEXEC <unfinished ...>
9588  openat(AT_FDCWD, "/home/capstone/project/test_files/000785.html", O_RDWR|O_LARGEFILE|O_CLOEXEC <unfinished ...>
9587  openat(AT_FDCWD, "/home/capstone/project/test_files/000020.pdf", O_RDWR|O_LARGEFILE|O_CLOEXEC <unfinished ...>
9587  openat(AT_FDCWD, "/home/capstone/project/test_files/000011.pdf", O_RDWR|O_LARGEFILE|O_CLOEXEC <unfinished ...>
9588  openat(AT_FDCWD, "/home/capstone/project/test_files/000910.jpg", O_RDWR|O_LARGEFILE|O_CLOEXEC <unfinished ...>
9587  openat(AT_FDCWD, "/home/capstone/project/test_files/000230.txt", O_RDWR|O_LARGEFILE|O_CLOEXEC <unfinished ...>
9592  unlink("/home/capstone/project/test_files/checkpoints-000913.doc.dkrpx75") = 0
9587  openat(AT_FDCWD, "/home/capstone/project/test_files/000930.txt", O_RDWR|O_LARGEFILE|O_CLOEXEC <unfinished ...>
9591  openat(AT_FDCWD, "/home/capstone/project/test_files/checkpoints-000781.xls.dkrpx75", O_RDWR|O_CREAT|O_TRUNC|O_LARGEFILE|O_CLOEXEC, 0666 <unfinished ...>
9588  openat(AT_FDCWD, "/home/capstone/project/test_files/000031.xls", O_RDWR|O_LARGEFILE|O_CLOEXEC <unfinished ...>
9587  openat(AT_FDCWD, "/home/capstone/project/test_files/000798.html", O_RDWR|O_LARGEFILE|O_CLOEXEC <unfinished ...>
9590  unlink("/home/capstone/project/test_files/checkpoints-000961.doc.dkrpx75" <unfinished ...>
9587  openat(AT_FDCWD, "/home/capstone/project/test_files/000183.html", O_RDWR|O_LARGEFILE|O_CLOEXEC) = 783
9587  openat(AT_FDCWD, "/home/capstone/project/test_files/000260.doc", O_RDWR|O_LARGEFILE|O_CLOEXEC) = 983
9587  openat(AT_FDCWD, "/home/capstone/project/test_files/000006.doc", O_RDWR|O_LARGEFILE|O_CLOEXEC <unfinished ...>
9588  openat(AT_FDCWD, "/home/capstone/project/test_files/000470.txt", O_RDWR|O_LARGEFILE|O_CLOEXEC <unfinished ...>
9587  openat(AT_FDCWD, "/home/capstone/project/test_files/000882.pdf", O_RDWR|O_LARGEFILE|O_CLOEXEC) = 986
9588  openat(AT_FDCWD, "/home/capstone/project/test_files/000606.pdf", O_RDWR|O_LARGEFILE|O_CLOEXEC <unfinished ...>
9587  openat(AT_FDCWD, "/home/capstone/project/test_files/000048.xls", O_RDWR|O_LARGEFILE|O_CLOEXEC <unfinished ...>
9587  openat(AT_FDCWD, "/home/capstone/project/test_files/000211.html", O_RDWR|O_LARGEFILE|O_CLOEXEC <unfinished ...>
9591  rename("/home/capstone/project/test_files/000436.html", "/home/capstone/project/test_files/000436.html.dkrpx75" <unfinished ...>
9591  openat(AT_FDCWD, "/home/capstone/project/test_files/000436.html.dkrpx75", O_RDWR|O_LARGEFILE|O_CLOEXEC <unfinished ...>
9587  openat(AT_FDCWD, "/home/capstone/project/test_files/000157.pdf", O_RDWR|O_LARGEFILE|O_CLOEXEC <unfinished ...>
9588  openat(AT_FDCWD, "/home/capstone/project/test_files/000347.pdf", O_RDWR|O_LARGEFILE|O_CLOEXEC <unfinished ...>
9592  unlink("/home/capstone/project/test_files/checkpoints-000943.pdf.dkrpx75" <unfinished ...>
9590  unlink("/home/capstone/project/test_files/checkpoints-000926.txt.dkrpx75" <unfinished ...>
9589  rename("/home/capstone/project/test_files/000173.html", "/home/capstone/project/test_files/000173.html.dkrpx75" <unfinished ...>
9589  openat(AT_FDCWD, "/home/capstone/project/test_files/000173.html.dkrpx75", O_RDWR|O_LARGEFILE|O_CLOEXEC <unfinished ...>
9587  openat(AT_FDCWD, "/home/capstone/project/test_files/000116.doc", O_RDWR|O_LARGEFILE|O_CLOEXEC <unfinished ...>
9587  openat(AT_FDCWD, "/home/capstone/project/test_files/000896.jpg", O_RDWR|O_LARGEFILE|O_CLOEXEC <unfinished ...>
9588  openat(AT_FDCWD, "/home/capstone/project/test_files/000037.xls", O_RDWR|O_LARGEFILE|O_CLOEXEC <unfinished ...>
9587  openat(AT_FDCWD, "/home/capstone/project/test_files/000515.jpg", O_RDWR|O_LARGEFILE|O_CLOEXEC) = 993
9588  openat(AT_FDCWD, "/home/capstone/project/test_files/000497.xml", O_RDWR|O_LARGEFILE|O_CLOEXEC <unfinished ...>
9591  openat(AT_FDCWD, "/home/capstone/project/test_files/checkpoints-000436.html.dkrpx75", O_RDWR|O_CREAT|O_TRUNC|O_LARGEFILE|O_CLOEXEC, 0666) = 994
9587  openat(AT_FDCWD, "/home/capstone/project/test_files/000143.pdf", O_RDWR|O_LARGEFILE|O_CLOEXEC <unfinished ...>
9588  openat(AT_FDCWD, "/home/capstone/project/test_files/000187.pdf", O_RDWR|O_LARGEFILE|O_CLOEXEC) = 997
9587  openat(AT_FDCWD, "/home/capstone/project/test_files/000847.txt", O_RDWR|O_LARGEFILE|O_CLOEXEC) = 998
9587  openat(AT_FDCWD, "/home/capstone/project/test_files/000081.txt", O_RDWR|O_LARGEFILE|O_CLOEXEC) = 999
9588  openat(AT_FDCWD, "/home/capstone/project/test_files/000846.txt", O_RDWR|O_LARGEFILE|O_CLOEXEC <unfinished ...>
9587  openat(AT_FDCWD, "/home/capstone/project/test_files/000466.unk", O_RDWR|O_LARGEFILE|O_CLOEXEC <unfinished ...>
9587  openat(AT_FDCWD, "/home/capstone/project/test_files/000963.doc", O_RDWR|O_LARGEFILE|O_CLOEXEC <unfinished ...>
9589  openat(AT_FDCWD, "/home/capstone/project/test_files/checkpoints-000173.html.dkrpx75", O_RDWR|O_CREAT|O_TRUNC|O_LARGEFILE|O_CLOEXEC, 0666 <unfinished ...>
9591  rename("/home/capstone/project/test_files/000164.pdf", "/home/capstone/project/test_files/000164.pdf.dkrpx75" <unfinished ...>
9588  openat(AT_FDCWD, "/home/capstone/project/test_files/000145.pdf", O_RDWR|O_LARGEFILE|O_CLOEXEC <unfinished ...>
9591  openat(AT_FDCWD, "/home/capstone/project/test_files/000164.pdf.dkrpx75", O_RDWR|O_LARGEFILE|O_CLOEXEC <unfinished ...>
9587  openat(AT_FDCWD, "/home/capstone/project/test_files/000151.doc", O_RDWR|O_LARGEFILE|O_CLOEXEC <unfinished ...>
9592  unlink("/home/capstone/project/test_files/checkpoints-000469.jpg.dkrpx75") = 0
9587  openat(AT_FDCWD, "/home/capstone/project/test_files/000274.doc", O_RDWR|O_LARGEFILE|O_CLOEXEC) = 796
9588  openat(AT_FDCWD, "/home/capstone/project/test_files/000647.txt", O_RDWR|O_LARGEFILE|O_CLOEXEC <unfinished ...>
9587  openat(AT_FDCWD, "/home/capstone/project/test_files/000772.ps", O_RDWR|O_LARGEFILE|O_CLOEXEC) = 1006
9587  openat(AT_FDCWD, "/home/capstone/project/test_files/000884.jpg", O_RDWR|O_LARGEFILE|O_CLOEXEC <unfinished ...>
9591  openat(AT_FDCWD, "/home/capstone/project/test_files/checkpoints-000164.pdf.dkrpx75", O_RDWR|O_CREAT|O_TRUNC|O_LARGEFILE|O_CLOEXEC, 0666 <unfinished ...>
9587  openat(AT_FDCWD, "/home/capstone/project/test_files/000761.pdf", O_RDWR|O_LARGEFILE|O_CLOEXEC) = 1010
9587  openat(AT_FDCWD, "/home/capstone/project/test_files/000868.jpg", O_RDWR|O_LARGEFILE|O_CLOEXEC <unfinished ...>
9587  openat(AT_FDCWD, "/home/capstone/project/test_files/000591.pdf", O_RDWR|O_LARGEFILE|O_CLOEXEC <unfinished ...>
9588  openat(AT_FDCWD, "/home/capstone/project/test_files/000503.txt", O_RDWR|O_LARGEFILE|O_CLOEXEC <unfinished ...>
9587  openat(AT_FDCWD, "/home/capstone/project/test_files/000562.pdf", O_RDWR|O_LARGEFILE|O_CLOEXEC <unfinished ...>
9587  openat(AT_FDCWD, "/home/capstone/project/test_files/000614.jpg", O_RDWR|O_LARGEFILE|O_CLOEXEC <unfinished ...>
9591  rename("/home/capstone/project/test_files/000711.ppt", "/home/capstone/project/test_files/000711.ppt.dkrpx75") = 0
9591  openat(AT_FDCWD, "/home/capstone/project/test_files/000711.ppt.dkrpx75", O_RDWR|O_LARGEFILE|O_CLOEXEC <unfinished ...>
9588  openat(AT_FDCWD, "/home/capstone/project/test_files/000921.txt", O_RDWR|O_LARGEFILE|O_CLOEXEC <unfinished ...>
9591  openat(AT_FDCWD, "/home/capstone/project/test_files/000594.pdf.dkrpx75", O_RDWR|O_LARGEFILE|O_CLOEXEC) = 1018
9589  openat(AT_FDCWD, "/home/capstone/project/test_files/checkpoints-000003.doc.dkrpx75", O_RDWR|O_CREAT|O_TRUNC|O_LARGEFILE|O_CLOEXEC, 0666 <unfinished ...>
9590  unlink("/home/capstone/project/test_files/checkpoints-000677.doc.dkrpx75" <unfinished ...>
9591  openat(AT_FDCWD, "/home/capstone/project/test_files/checkpoints-000594.pdf.dkrpx75", O_RDWR|O_CREAT|O_TRUNC|O_LARGEFILE|O_CLOEXEC, 0666) = 84
9592  unlink("/home/capstone/project/test_files/checkpoints-000414.html.dkrpx75") = 0
9591  rename("/home/capstone/project/test_files/000730.ps", "/home/capstone/project/test_files/000730.ps.dkrpx75" <unfinished ...>
9591  openat(AT_FDCWD, "/home/capstone/project/test_files/000730.ps.dkrpx75", O_RDWR|O_LARGEFILE|O_CLOEXEC <unfinished ...>
9591  openat(AT_FDCWD, "/home/capstone/project/test_files/checkpoints-000730.ps.dkrpx75", O_RDWR|O_CREAT|O_TRUNC|O_LARGEFILE|O_CLOEXEC, 0666) = 121
9591  rename("/home/capstone/project/test_files/000812.html", "/home/capstone/project/test_files/000812.html.dkrpx75") = 0
9591  openat(AT_FDCWD, "/home/capstone/project/test_files/000812.html.dkrpx75", O_RDWR|O_LARGEFILE|O_CLOEXEC) = 1019
9591  openat(AT_FDCWD, "/home/capstone/project/test_files/checkpoints-000812.html.dkrpx75", O_RDWR|O_CREAT|O_TRUNC|O_LARGEFILE|O_CLOEXEC, 0666) = 122
9591  rename("/home/capstone/project/test_files/000030.xls", "/home/capstone/project/test_files/000030.xls.dkrpx75") = 0
9591  openat(AT_FDCWD, "/home/capstone/project/test_files/000030.xls.dkrpx75", O_RDWR|O_LARGEFILE|O_CLOEXEC <unfinished ...>
9589  rename("/home/capstone/project/test_files/000292.ppt", "/home/capstone/project/test_files/000292.ppt.dkrpx75" <unfinished ...>
9589  openat(AT_FDCWD, "/home/capstone/project/test_files/000292.ppt.dkrpx75", O_RDWR|O_LARGEFILE|O_CLOEXEC <unfinished ...>
9591  openat(AT_FDCWD, "/home/capstone/project/test_files/checkpoints-000030.xls.dkrpx75", O_RDWR|O_CREAT|O_TRUNC|O_LARGEFILE|O_CLOEXEC, 0666 <unfinished ...>
9591  rename("/home/capstone/project/test_files/000358.pdf", "/home/capstone/project/test_files/000358.pdf.dkrpx75") = 0
9591  openat(AT_FDCWD, "/home/capstone/project/test_files/000358.pdf.dkrpx75", O_RDWR|O_LARGEFILE|O_CLOEXEC) = 117
9591  openat(AT_FDCWD, "/home/capstone/project/test_files/checkpoints-000358.pdf.dkrpx75", O_RDWR|O_CREAT|O_TRUNC|O_LARGEFILE|O_CLOEXEC, 0666) = 69
9591  rename("/home/capstone/project/test_files/000747.pdf", "/home/capstone/project/test_files/000747.pdf.dkrpx75") = 0
9591  openat(AT_FDCWD, "/home/capstone/project/test_files/000747.pdf.dkrpx75", O_RDWR|O_LARGEFILE|O_CLOEXEC) = 1022
9591  openat(AT_FDCWD, "/home/capstone/project/test_files/checkpoints-000747.pdf.dkrpx75", O_RDWR|O_CREAT|O_TRUNC|O_LARGEFILE|O_CLOEXEC, 0666) = 125
9591  rename("/home/capstone/project/test_files/000850.txt", "/home/capstone/project/test_files/000850.txt.dkrpx75") = 0
9591  openat(AT_FDCWD, "/home/capstone/project/test_files/000850.txt.dkrpx75", O_RDWR|O_LARGEFILE|O_CLOEXEC) = 1023
9591  openat(AT_FDCWD, "/home/capstone/project/test_files/checkpoints-000850.txt.dkrpx75", O_RDWR|O_CREAT|O_TRUNC|O_LARGEFILE|O_CLOEXEC, 0666) = 128
9591  rename("/home/capstone/project/test_files/000221.txt", "/home/capstone/project/test_files/000221.txt.dkrpx75") = 0
9591  openat(AT_FDCWD, "/home/capstone/project/test_files/000221.txt.dkrpx75", O_RDWR|O_LARGEFILE|O_CLOEXEC) = -1 EMFILE (Too many open files)
9591  openat(AT_FDCWD, "/home/capstone/project/test_files/checkpoints-000221.txt", O_RDWR|O_CREAT|O_TRUNC|O_LARGEFILE|O_CLOEXEC, 0666) = -1 EMFILE (Too many open files)
9591  rename("/home/capstone/project/test_files/000079.html", "/home/capstone/project/test_files/000079.html.dkrpx75") = 0
9591  openat(AT_FDCWD, "/home/capstone/project/test_files/000079.html.dkrpx75", O_RDWR|O_LARGEFILE|O_CLOEXEC) = -1 EMFILE (Too many open files)
9591  openat(AT_FDCWD, "/home/capstone/project/test_files/checkpoints-000079.html", O_RDWR|O_CREAT|O_TRUNC|O_LARGEFILE|O_CLOEXEC, 0666) = -1 EMFILE (Too many open files)
9589  openat(AT_FDCWD, "/home/capstone/project/test_files/checkpoints-000292.ppt.dkrpx75", O_RDWR|O_CREAT|O_TRUNC|O_LARGEFILE|O_CLOEXEC, 0666) = -1 EMFILE (Too many open files)
9591  rename("/home/capstone/project/test_files/000689.csv", "/home/capstone/project/test_files/000689.csv.dkrpx75" <unfinished ...>
9591  openat(AT_FDCWD, "/home/capstone/project/test_files/000689.csv.dkrpx75", O_RDWR|O_LARGEFILE|O_CLOEXEC) = -1 EMFILE (Too many open files)
9591  openat(AT_FDCWD, "/home/capstone/project/test_files/checkpoints-000689.csv", O_RDWR|O_CREAT|O_TRUNC|O_LARGEFILE|O_CLOEXEC, 0666) = -1 EMFILE (Too many open files)
9590  unlink("/home/capstone/project/test_files/checkpoints-000603.jpg.dkrpx75" <unfinished ...>
9591  rename("/home/capstone/project/test_files/000018.pdf", "/home/capstone/project/test_files/000018.pdf.dkrpx75") = 0
9591  openat(AT_FDCWD, "/home/capstone/project/test_files/000018.pdf.dkrpx75", O_RDWR|O_LARGEFILE|O_CLOEXEC) = 91
9591  openat(AT_FDCWD, "/home/capstone/project/test_files/checkpoints-000018.pdf.dkrpx75", O_RDWR|O_CREAT|O_TRUNC|O_LARGEFILE|O_CLOEXEC, 0666) = 130
9591  rename("/home/capstone/project/test_files/000066.html", "/home/capstone/project/test_files/000066.html.dkrpx75") = 0
9591  openat(AT_FDCWD, "/home/capstone/project/test_files/000066.html.dkrpx75", O_RDWR|O_LARGEFILE|O_CLOEXEC) = -1 EMFILE (Too many open files)
9589  rename("/home/capstone/project/test_files/000641.txt", "/home/capstone/project/test_files/000641.txt.dkrpx75" <unfinished ...>
9592  unlink("/home/capstone/project/test_files/checkpoints-000267.doc.dkrpx75" <unfinished ...>
9589  openat(AT_FDCWD, "/home/capstone/project/test_files/000641.txt.dkrpx75", O_RDWR|O_LARGEFILE|O_CLOEXEC <unfinished ...>
9591  openat(AT_FDCWD, "/home/capstone/project/test_files/checkpoints-000066.html", O_RDWR|O_CREAT|O_TRUNC|O_LARGEFILE|O_CLOEXEC, 0666) = 134
9591  rename("/home/capstone/project/test_files/000198.html", "/home/capstone/project/test_files/000198.html.dkrpx75" <unfinished ...>
9591  openat(AT_FDCWD, "/home/capstone/project/test_files/000198.html.dkrpx75", O_RDWR|O_LARGEFILE|O_CLOEXEC <unfinished ...>
9590  unlink("/home/capstone/project/test_files/checkpoints-000657.txt.dkrpx75") = 0
9591  openat(AT_FDCWD, "/home/capstone/project/test_files/checkpoints-000198.html", O_RDWR|O_CREAT|O_TRUNC|O_LARGEFILE|O_CLOEXEC, 0666) = 93
9589  openat(AT_FDCWD, "/home/capstone/project/test_files/checkpoints-000641.txt.dkrpx75", O_RDWR|O_CREAT|O_TRUNC|O_LARGEFILE|O_CLOEXEC, 0666 <unfinished ...>
9591  rename("/home/capstone/project/test_files/000359.pdf", "/home/capstone/project/test_files/000359.pdf.dkrpx75" <unfinished ...>
9591  openat(AT_FDCWD, "/home/capstone/project/test_files/000359.pdf.dkrpx75", O_RDWR|O_LARGEFILE|O_CLOEXEC <unfinished ...>
9589  rename("/home/capstone/project/test_files/000388.xls", "/home/capstone/project/test_files/000388.xls.dkrpx75" <unfinished ...>
9589  openat(AT_FDCWD, "/home/capstone/project/test_files/000388.xls.dkrpx75", O_RDWR|O_LARGEFILE|O_CLOEXEC <unfinished ...>
9592  unlink("/home/capstone/project/test_files/checkpoints-000899.pdf.dkrpx75") = 0
9590  unlink("/home/capstone/project/test_files/checkpoints-000399.xls.dkrpx75") = 0
9591  openat(AT_FDCWD, "/home/capstone/project/test_files/checkpoints-000280.pdf", O_RDWR|O_CREAT|O_TRUNC|O_LARGEFILE|O_CLOEXEC, 0666) = -1 EMFILE (Too many open files)
9589  rename("/home/capstone/project/test_files/000053.xls", "/home/capstone/project/test_files/000053.xls.dkrpx75" <unfinished ...>
9589  openat(AT_FDCWD, "/home/capstone/project/test_files/000053.xls.dkrpx75", O_RDWR|O_LARGEFILE|O_CLOEXEC) = -1 EMFILE (Too many open files)
9591  rename("/home/capstone/project/test_files/000601.html", "/home/capstone/project/test_files/000601.html.dkrpx75") = 0
9591  openat(AT_FDCWD, "/home/capstone/project/test_files/000601.html.dkrpx75", O_RDWR|O_LARGEFILE|O_CLOEXEC) = -1 EMFILE (Too many open files)
9589  openat(AT_FDCWD, "/home/capstone/project/test_files/checkpoints-000053.xls", O_RDWR|O_CREAT|O_TRUNC|O_LARGEFILE|O_CLOEXEC, 0666) = -1 EMFILE (Too many open files)
9591  openat(AT_FDCWD, "/home/capstone/project/test_files/checkpoints-000601.html", O_RDWR|O_CREAT|O_TRUNC|O_LARGEFILE|O_CLOEXEC, 0666 <unfinished ...>
9589  rename("/home/capstone/project/test_files/000300.ppt", "/home/capstone/project/test_files/000300.ppt.dkrpx75" <unfinished ...>
9589  openat(AT_FDCWD, "/home/capstone/project/test_files/000300.ppt.dkrpx75", O_RDWR|O_LARGEFILE|O_CLOEXEC <unfinished ...>
9591  rename("/home/capstone/project/test_files/000480.txt", "/home/capstone/project/test_files/000480.txt.dkrpx75" <unfinished ...>
9591  openat(AT_FDCWD, "/home/capstone/project/test_files/000480.txt.dkrpx75", O_RDWR|O_LARGEFILE|O_CLOEXEC) = -1 EMFILE (Too many open files)
9589  openat(AT_FDCWD, "/home/capstone/project/test_files/checkpoints-000300.ppt", O_RDWR|O_CREAT|O_TRUNC|O_LARGEFILE|O_CLOEXEC, 0666) = -1 EMFILE (Too many open files)
9591  openat(AT_FDCWD, "/home/capstone/project/test_files/checkpoints-000480.txt", O_RDWR|O_CREAT|O_TRUNC|O_LARGEFILE|O_CLOEXEC, 0666) = -1 EMFILE (Too many open files)
9591  rename("/home/capstone/project/test_files/000808.html", "/home/capstone/project/test_files/000808.html.dkrpx75") = 0
9589  rename("/home/capstone/project/test_files/ziUrAJ8W", "/home/capstone/project/test_files/ziUrAJ8W.dkrpx75" <unfinished ...>
9589  openat(AT_FDCWD, "/home/capstone/project/test_files/ziUrAJ8W.dkrpx75", O_RDWR|O_LARGEFILE|O_CLOEXEC) = -1 EMFILE (Too many open files)
9591  openat(AT_FDCWD, "/home/capstone/project/test_files/000808.html.dkrpx75", O_RDWR|O_LARGEFILE|O_CLOEXEC) = -1 EMFILE (Too many open files)
9592  unlink("/home/capstone/project/test_files/checkpoints-000134.ppt.dkrpx75") = 0
9589  openat(AT_FDCWD, "/home/capstone/project/test_files/checkpoints-ziUrAJ8W", O_RDWR|O_CREAT|O_TRUNC|O_LARGEFILE|O_CLOEXEC, 0666) = 88
9591  openat(AT_FDCWD, "/home/capstone/project/test_files/checkpoints-000808.html", O_RDWR|O_CREAT|O_TRUNC|O_LARGEFILE|O_CLOEXEC, 0666 <unfinished ...>
9591  rename("/home/capstone/project/test_files/000487.txt", "/home/capstone/project/test_files/000487.txt.dkrpx75" <unfinished ...>
9589  rename("/home/capstone/project/test_files/000175.ppt", "/home/capstone/project/test_files/000175.ppt.dkrpx75" <unfinished ...>
9591  openat(AT_FDCWD, "/home/capstone/project/test_files/000487.txt.dkrpx75", O_RDWR|O_LARGEFILE|O_CLOEXEC <unfinished ...>
9589  openat(AT_FDCWD, "/home/capstone/project/test_files/000175.ppt.dkrpx75", O_RDWR|O_LARGEFILE|O_CLOEXEC <unfinished ...>
9589  openat(AT_FDCWD, "/home/capstone/project/test_files/checkpoints-000175.ppt", O_RDWR|O_CREAT|O_TRUNC|O_LARGEFILE|O_CLOEXEC, 0666 <unfinished ...>
9591  openat(AT_FDCWD, "/home/capstone/project/test_files/checkpoints-000487.txt", O_RDWR|O_CREAT|O_TRUNC|O_LARGEFILE|O_CLOEXEC, 0666 <unfinished ...>
9590  unlink("/home/capstone/project/test_files/checkpoints-000478.txt.dkrpx75") = 0
9589  rename("/home/capstone/project/test_files/000170.xls", "/home/capstone/project/test_files/000170.xls.dkrpx75" <unfinished ...>
9589  openat(AT_FDCWD, "/home/capstone/project/test_files/000170.xls.dkrpx75", O_RDWR|O_LARGEFILE|O_CLOEXEC <unfinished ...>
9591  rename("/home/capstone/project/test_files/000616.html", "/home/capstone/project/test_files/000616.html.dkrpx75" <unfinished ...>
9592  unlink("/home/capstone/project/test_files/checkpoints-000479.txt.dkrpx75" <unfinished ...>
9591  openat(AT_FDCWD, "/home/capstone/project/test_files/000616.html.dkrpx75", O_RDWR|O_LARGEFILE|O_CLOEXEC <unfinished ...>
9589  openat(AT_FDCWD, "/home/capstone/project/test_files/checkpoints-000170.xls.dkrpx75", O_RDWR|O_CREAT|O_TRUNC|O_LARGEFILE|O_CLOEXEC, 0666) = 22
9591  openat(AT_FDCWD, "/home/capstone/project/test_files/checkpoints-000616.html.dkrpx75", O_RDWR|O_CREAT|O_TRUNC|O_LARGEFILE|O_CLOEXEC, 0666 <unfinished ...>
9590  unlink("/home/capstone/project/test_files/checkpoints-000862.txt.dkrpx75" <unfinished ...>
9589  rename("/home/capstone/project/test_files/000481.txt", "/home/capstone/project/test_files/000481.txt.dkrpx75" <unfinished ...>
9589  openat(AT_FDCWD, "/home/capstone/project/test_files/000481.txt.dkrpx75", O_RDWR|O_LARGEFILE|O_CLOEXEC <unfinished ...>
9591  rename("/home/capstone/project/test_files/000634.html", "/home/capstone/project/test_files/000634.html.dkrpx75") = 0
9591  openat(AT_FDCWD, "/home/capstone/project/test_files/000634.html.dkrpx75", O_RDWR|O_LARGEFILE|O_CLOEXEC) = 161
9589  openat(AT_FDCWD, "/home/capstone/project/test_files/checkpoints-000481.txt.dkrpx75", O_RDWR|O_CREAT|O_TRUNC|O_LARGEFILE|O_CLOEXEC, 0666) = 163
9591  openat(AT_FDCWD, "/home/capstone/project/test_files/checkpoints-000634.html.dkrpx75", O_RDWR|O_CREAT|O_TRUNC|O_LARGEFILE|O_CLOEXEC, 0666 <unfinished ...>
9589  rename("/home/capstone/project/test_files/000228.txt", "/home/capstone/project/test_files/000228.txt.dkrpx75" <unfinished ...>
9589  openat(AT_FDCWD, "/home/capstone/project/test_files/000228.txt.dkrpx75", O_RDWR|O_LARGEFILE|O_CLOEXEC <unfinished ...>
9592  unlink("/home/capstone/project/test_files/checkpoints-000813.pdf.dkrpx75" <unfinished ...>
9591  rename("/home/capstone/project/test_files/000577.pdf", "/home/capstone/project/test_files/000577.pdf.dkrpx75") = 0
9591  openat(AT_FDCWD, "/home/capstone/project/test_files/000577.pdf.dkrpx75", O_RDWR|O_LARGEFILE|O_CLOEXEC) = 904
9589  openat(AT_FDCWD, "/home/capstone/project/test_files/checkpoints-000228.txt", O_RDWR|O_CREAT|O_TRUNC|O_LARGEFILE|O_CLOEXEC, 0666) = 162
9590  unlink("/home/capstone/project/test_files/checkpoints-000800.html.dkrpx75") = 0
9591  openat(AT_FDCWD, "/home/capstone/project/test_files/checkpoints-000577.pdf.dkrpx75", O_RDWR|O_CREAT|O_TRUNC|O_LARGEFILE|O_CLOEXEC, 0666 <unfinished ...>
9589  rename("/home/capstone/project/test_files/000097.ps", "/home/capstone/project/test_files/000097.ps.dkrpx75") = 0
9589  openat(AT_FDCWD, "/home/capstone/project/test_files/000097.ps.dkrpx75", O_RDWR|O_LARGEFILE|O_CLOEXEC) = -1 EMFILE (Too many open files)
9591  rename("/home/capstone/project/test_files/000444.pdf", "/home/capstone/project/test_files/000444.pdf.dkrpx75") = 0
9589  openat(AT_FDCWD, "/home/capstone/project/test_files/checkpoints-000097.ps", O_RDWR|O_CREAT|O_TRUNC|O_LARGEFILE|O_CLOEXEC, 0666 <unfinished ...>
9591  openat(AT_FDCWD, "/home/capstone/project/test_files/000444.pdf.dkrpx75", O_RDWR|O_LARGEFILE|O_CLOEXEC <unfinished ...>
9591  openat(AT_FDCWD, "/home/capstone/project/test_files/checkpoints-000444.pdf", O_RDWR|O_CREAT|O_TRUNC|O_LARGEFILE|O_CLOEXEC, 0666 <unfinished ...>
9592  unlink("/home/capstone/project/test_files/checkpoints-000693.doc.dkrpx75" <unfinished ...>
9589  openat(AT_FDCWD, "/home/capstone/project/test_files/checkpoints-000177.pdf", O_RDWR|O_CREAT|O_TRUNC|O_LARGEFILE|O_CLOEXEC, 0666) = -1 EMFILE (Too many open files)
9591  openat(AT_FDCWD, "/home/capstone/project/test_files/checkpoints-000044.xls", O_RDWR|O_CREAT|O_TRUNC|O_LARGEFILE|O_CLOEXEC, 0666 <unfinished ...>
9590  unlink("/home/capstone/project/test_files/checkpoints-000535.jpg.dkrpx75") = 0
9591  rename("/home/capstone/project/test_files/000197.html", "/home/capstone/project/test_files/000197.html.dkrpx75" <unfinished ...>
9589  rename("/home/capstone/project/test_files/000660.txt", "/home/capstone/project/test_files/000660.txt.dkrpx75" <unfinished ...>
9589  openat(AT_FDCWD, "/home/capstone/project/test_files/000660.txt.dkrpx75", O_RDWR|O_LARGEFILE|O_CLOEXEC <unfinished ...>
9591  openat(AT_FDCWD, "/home/capstone/project/test_files/000197.html.dkrpx75", O_RDWR|O_LARGEFILE|O_CLOEXEC <unfinished ...>
9591  openat(AT_FDCWD, "/home/capstone/project/test_files/checkpoints-000197.html", O_RDWR|O_CREAT|O_TRUNC|O_LARGEFILE|O_CLOEXEC, 0666 <unfinished ...>
9589  openat(AT_FDCWD, "/home/capstone/project/test_files/checkpoints-000660.txt.dkrpx75", O_RDWR|O_CREAT|O_TRUNC|O_LARGEFILE|O_CLOEXEC, 0666 <unfinished ...>
9592  unlink("/home/capstone/project/test_files/checkpoints-000781.xls.dkrpx75") = 0
9591  rename("/home/capstone/project/test_files/000360.pdf", "/home/capstone/project/test_files/000360.pdf.dkrpx75") = 0
9589  rename("/home/capstone/project/test_files/000931.txt", "/home/capstone/project/test_files/000931.txt.dkrpx75") = 0
9591  openat(AT_FDCWD, "/home/capstone/project/test_files/000360.pdf.dkrpx75", O_RDWR|O_LARGEFILE|O_CLOEXEC) = 980
9589  openat(AT_FDCWD, "/home/capstone/project/test_files/000931.txt.dkrpx75", O_RDWR|O_LARGEFILE|O_CLOEXEC) = 175
9590  unlink("/home/capstone/project/test_files/checkpoints-000518.ppt.dkrpx75") = 0
9589  openat(AT_FDCWD, "/home/capstone/project/test_files/checkpoints-000931.txt.dkrpx75", O_RDWR|O_CREAT|O_TRUNC|O_LARGEFILE|O_CLOEXEC, 0666 <unfinished ...>
9591  openat(AT_FDCWD, "/home/capstone/project/test_files/checkpoints-000360.pdf.dkrpx75", O_RDWR|O_CREAT|O_TRUNC|O_LARGEFILE|O_CLOEXEC, 0666 <unfinished ...>
9592  unlink("/home/capstone/project/test_files/checkpoints-000074.html.dkrpx75") = 0
9589  rename("/home/capstone/project/test_files/000661.txt", "/home/capstone/project/test_files/000661.txt.dkrpx75") = 0
9589  openat(AT_FDCWD, "/home/capstone/project/test_files/000661.txt.dkrpx75", O_RDWR|O_LARGEFILE|O_CLOEXEC) = 974
9591  rename("/home/capstone/project/test_files/000341.pdf", "/home/capstone/project/test_files/000341.pdf.dkrpx75") = 0
9591  openat(AT_FDCWD, "/home/capstone/project/test_files/000341.pdf.dkrpx75", O_RDWR|O_LARGEFILE|O_CLOEXEC) = 174
9589  openat(AT_FDCWD, "/home/capstone/project/test_files/checkpoints-000661.txt.dkrpx75", O_RDWR|O_CREAT|O_TRUNC|O_LARGEFILE|O_CLOEXEC, 0666) = 178
9591  openat(AT_FDCWD, "/home/capstone/project/test_files/checkpoints-000341.pdf.dkrpx75", O_RDWR|O_CREAT|O_TRUNC|O_LARGEFILE|O_CLOEXEC, 0666) = -1 EMFILE (Too many open files)
9590  unlink("/home/capstone/project/test_files/checkpoints-000436.html.dkrpx75" <unfinished ...>
9589  rename("/home/capstone/project/test_files/000669.txt", "/home/capstone/project/test_files/000669.txt.dkrpx75" <unfinished ...>
9589  openat(AT_FDCWD, "/home/capstone/project/test_files/000669.txt.dkrpx75", O_RDWR|O_LARGEFILE|O_CLOEXEC <unfinished ...>
9591  rename("/home/capstone/project/test_files/000990.ppt", "/home/capstone/project/test_files/000990.ppt.dkrpx75") = 0
9591  openat(AT_FDCWD, "/home/capstone/project/test_files/000990.ppt.dkrpx75", O_RDWR|O_LARGEFILE|O_CLOEXEC <unfinished ...>
9589  openat(AT_FDCWD, "/home/capstone/project/test_files/checkpoints-000669.txt.dkrpx75", O_RDWR|O_CREAT|O_TRUNC|O_LARGEFILE|O_CLOEXEC, 0666) = 176
9591  openat(AT_FDCWD, "/home/capstone/project/test_files/checkpoints-000990.ppt.dkrpx75", O_RDWR|O_CREAT|O_TRUNC|O_LARGEFILE|O_CLOEXEC, 0666 <unfinished ...>
9592  unlink("/home/capstone/project/test_files/checkpoints-000173.html.dkrpx75") = 0
9589  rename("/home/capstone/project/test_files/000025.pdf", "/home/capstone/project/test_files/000025.pdf.dkrpx75" <unfinished ...>
9589  openat(AT_FDCWD, "/home/capstone/project/test_files/000025.pdf.dkrpx75", O_RDWR|O_LARGEFILE|O_CLOEXEC) = 1003
9591  rename("/home/capstone/project/test_files/000795.doc", "/home/capstone/project/test_files/000795.doc.dkrpx75") = 0
9591  openat(AT_FDCWD, "/home/capstone/project/test_files/000795.doc.dkrpx75", O_RDWR|O_LARGEFILE|O_CLOEXEC) = 182
9589  openat(AT_FDCWD, "/home/capstone/project/test_files/checkpoints-000025.pdf.dkrpx75", O_RDWR|O_CREAT|O_TRUNC|O_LARGEFILE|O_CLOEXEC, 0666) = 181
9591  openat(AT_FDCWD, "/home/capstone/project/test_files/checkpoints-000795.doc.dkrpx75", O_RDWR|O_CREAT|O_TRUNC|O_LARGEFILE|O_CLOEXEC, 0666) = -1 EMFILE (Too many open files)
9591  rename("/home/capstone/project/test_files/000142.pdf", "/home/capstone/project/test_files/000142.pdf.dkrpx75") = 0
9591  openat(AT_FDCWD, "/home/capstone/project/test_files/000142.pdf.dkrpx75", O_RDWR|O_LARGEFILE|O_CLOEXEC <unfinished ...>
9589  rename("/home/capstone/project/test_files/000799.doc", "/home/capstone/project/test_files/000799.doc.dkrpx75") = 0
9589  openat(AT_FDCWD, "/home/capstone/project/test_files/000799.doc.dkrpx75", O_RDWR|O_LARGEFILE|O_CLOEXEC) = -1 EMFILE (Too many open files)
9591  openat(AT_FDCWD, "/home/capstone/project/test_files/checkpoints-000142.pdf", O_RDWR|O_CREAT|O_TRUNC|O_LARGEFILE|O_CLOEXEC, 0666) = -1 EMFILE (Too many open files)
9589  openat(AT_FDCWD, "/home/capstone/project/test_files/checkpoints-000799.doc", O_RDWR|O_CREAT|O_TRUNC|O_LARGEFILE|O_CLOEXEC, 0666) = -1 EMFILE (Too many open files)
9591  rename("/home/capstone/project/test_files/000991.ppt", "/home/capstone/project/test_files/000991.ppt.dkrpx75") = 0
9591  openat(AT_FDCWD, "/home/capstone/project/test_files/000991.ppt.dkrpx75", O_RDWR|O_LARGEFILE|O_CLOEXEC) = -1 EMFILE (Too many open files)
9589  rename("/home/capstone/project/test_files/000548.gif", "/home/capstone/project/test_files/000548.gif.dkrpx75") = 0
9591  openat(AT_FDCWD, "/home/capstone/project/test_files/checkpoints-000991.ppt", O_RDWR|O_CREAT|O_TRUNC|O_LARGEFILE|O_CLOEXEC, 0666) = -1 EMFILE (Too many open files)
9589  openat(AT_FDCWD, "/home/capstone/project/test_files/000548.gif.dkrpx75", O_RDWR|O_LARGEFILE|O_CLOEXEC <unfinished ...>
9589  openat(AT_FDCWD, "/home/capstone/project/test_files/checkpoints-000548.gif", O_RDWR|O_CREAT|O_TRUNC|O_LARGEFILE|O_CLOEXEC, 0666) = -1 EMFILE (Too many open files)
9591  rename("/home/capstone/project/test_files/000301.ppt", "/home/capstone/project/test_files/000301.ppt.dkrpx75") = 0
9591  openat(AT_FDCWD, "/home/capstone/project/test_files/000301.ppt.dkrpx75", O_RDWR|O_LARGEFILE|O_CLOEXEC) = -1 EMFILE (Too many open files)
9589  rename("/home/capstone/project/test_files/000541.jpg", "/home/capstone/project/test_files/000541.jpg.dkrpx75") = 0
9591  openat(AT_FDCWD, "/home/capstone/project/test_files/checkpoints-000301.ppt", O_RDWR|O_CREAT|O_TRUNC|O_LARGEFILE|O_CLOEXEC, 0666) = -1 EMFILE (Too many open files)
9589  openat(AT_FDCWD, "/home/capstone/project/test_files/000541.jpg.dkrpx75", O_RDWR|O_LARGEFILE|O_CLOEXEC) = -1 EMFILE (Too many open files)
9589  openat(AT_FDCWD, "/home/capstone/project/test_files/checkpoints-000541.jpg", O_RDWR|O_CREAT|O_TRUNC|O_LARGEFILE|O_CLOEXEC, 0666) = -1 EMFILE (Too many open files)
9591  rename("/home/capstone/project/test_files/000883.jpg", "/home/capstone/project/test_files/000883.jpg.dkrpx75") = 0
9591  openat(AT_FDCWD, "/home/capstone/project/test_files/000883.jpg.dkrpx75", O_RDWR|O_LARGEFILE|O_CLOEXEC) = -1 EMFILE (Too many open files)
9591  openat(AT_FDCWD, "/home/capstone/project/test_files/checkpoints-000883.jpg", O_RDWR|O_CREAT|O_TRUNC|O_LARGEFILE|O_CLOEXEC, 0666 <unfinished ...>
9589  rename("/home/capstone/project/test_files/000561.gif", "/home/capstone/project/test_files/000561.gif.dkrpx75" <unfinished ...>
9589  openat(AT_FDCWD, "/home/capstone/project/test_files/000561.gif.dkrpx75", O_RDWR|O_LARGEFILE|O_CLOEXEC <unfinished ...>
9589  openat(AT_FDCWD, "/home/capstone/project/test_files/checkpoints-000561.gif", O_RDWR|O_CREAT|O_TRUNC|O_LARGEFILE|O_CLOEXEC, 0666) = -1 EMFILE (Too many open files)
9591  rename("/home/capstone/project/test_files/000528.jpg", "/home/capstone/project/test_files/000528.jpg.dkrpx75" <unfinished ...>
9591  openat(AT_FDCWD, "/home/capstone/project/test_files/000528.jpg.dkrpx75", O_RDWR|O_LARGEFILE|O_CLOEXEC) = -1 EMFILE (Too many open files)
9589  rename("/home/capstone/project/test_files/000820.html", "/home/capstone/project/test_files/000820.html.dkrpx75") = 0
9589  openat(AT_FDCWD, "/home/capstone/project/test_files/000820.html.dkrpx75", O_RDWR|O_LARGEFILE|O_CLOEXEC) = -1 EMFILE (Too many open files)
9591  openat(AT_FDCWD, "/home/capstone/project/test_files/checkpoints-000528.jpg", O_RDWR|O_CREAT|O_TRUNC|O_LARGEFILE|O_CLOEXEC, 0666 <unfinished ...>
9589  openat(AT_FDCWD, "/home/capstone/project/test_files/checkpoints-000820.html", O_RDWR|O_CREAT|O_TRUNC|O_LARGEFILE|O_CLOEXEC, 0666) = -1 EMFILE (Too many open files)
9591  rename("/home/capstone/project/test_files/000062.html", "/home/capstone/project/test_files/000062.html.dkrpx75") = 0
9591  openat(AT_FDCWD, "/home/capstone/project/test_files/000062.html.dkrpx75", O_RDWR|O_LARGEFILE|O_CLOEXEC) = -1 EMFILE (Too many open files)
9589  rename("/home/capstone/project/test_files/000640.html", "/home/capstone/project/test_files/000640.html.dkrpx75" <unfinished ...>
9589  openat(AT_FDCWD, "/home/capstone/project/test_files/000640.html.dkrpx75", O_RDWR|O_LARGEFILE|O_CLOEXEC) = -1 EMFILE (Too many open files)
9591  openat(AT_FDCWD, "/home/capstone/project/test_files/checkpoints-000062.html", O_RDWR|O_CREAT|O_TRUNC|O_LARGEFILE|O_CLOEXEC, 0666 <unfinished ...>
9592  unlink("/home/capstone/project/test_files/checkpoints-000711.ppt.dkrpx75" <unfinished ...>
9590  unlink("/home/capstone/project/test_files/checkpoints-000164.pdf.dkrpx75" <unfinished ...>
9589  openat(AT_FDCWD, "/home/capstone/project/test_files/checkpoints-000640.html", O_RDWR|O_CREAT|O_TRUNC|O_LARGEFILE|O_CLOEXEC, 0666 <unfinished ...>
9591  rename("/home/capstone/project/test_files/000277.doc", "/home/capstone/project/test_files/000277.doc.dkrpx75") = 0
9591  openat(AT_FDCWD, "/home/capstone/project/test_files/000277.doc.dkrpx75", O_RDWR|O_LARGEFILE|O_CLOEXEC) = 1009
9591  openat(AT_FDCWD, "/home/capstone/project/test_files/checkpoints-000277.doc.dkrpx75", O_RDWR|O_CREAT|O_TRUNC|O_LARGEFILE|O_CLOEXEC, 0666) = 194
9589  rename("/home/capstone/project/test_files/000083.unk", "/home/capstone/project/test_files/000083.unk.dkrpx75" <unfinished ...>
9589  openat(AT_FDCWD, "/home/capstone/project/test_files/000083.unk.dkrpx75", O_RDWR|O_LARGEFILE|O_CLOEXEC) = -1 EMFILE (Too many open files)
9589  openat(AT_FDCWD, "/home/capstone/project/test_files/checkpoints-000083.unk", O_RDWR|O_CREAT|O_TRUNC|O_LARGEFILE|O_CLOEXEC, 0666) = -1 EMFILE (Too many open files)
9591  rename("/home/capstone/project/test_files/000321.ppt", "/home/capstone/project/test_files/000321.ppt.dkrpx75") = 0
9591  openat(AT_FDCWD, "/home/capstone/project/test_files/000321.ppt.dkrpx75", O_RDWR|O_LARGEFILE|O_CLOEXEC) = -1 EMFILE (Too many open files)
9591  openat(AT_FDCWD, "/home/capstone/project/test_files/checkpoints-000321.ppt", O_RDWR|O_CREAT|O_TRUNC|O_LARGEFILE|O_CLOEXEC, 0666 <unfinished ...>
9589  rename("/home/capstone/project/test_files/000880.jpg", "/home/capstone/project/test_files/000880.jpg.dkrpx75" <unfinished ...>
9589  openat(AT_FDCWD, "/home/capstone/project/test_files/000880.jpg.dkrpx75", O_RDWR|O_LARGEFILE|O_CLOEXEC) = -1 EMFILE (Too many open files)
9589  openat(AT_FDCWD, "/home/capstone/project/test_files/checkpoints-000880.jpg", O_RDWR|O_CREAT|O_TRUNC|O_LARGEFILE|O_CLOEXEC, 0666) = -1 EMFILE (Too many open files)
9591  rename("/home/capstone/project/test_files/000811.pdf", "/home/capstone/project/test_files/000811.pdf.dkrpx75" <unfinished ...>
9591  openat(AT_FDCWD, "/home/capstone/project/test_files/000811.pdf.dkrpx75", O_RDWR|O_LARGEFILE|O_CLOEXEC <unfinished ...>
9592  unlink("/home/capstone/project/test_files/checkpoints-000239.jpg.dkrpx75" <unfinished ...>
9589  rename("/home/capstone/project/test_files/000525.gif", "/home/capstone/project/test_files/000525.gif.dkrpx75" <unfinished ...>
9589  openat(AT_FDCWD, "/home/capstone/project/test_files/000525.gif.dkrpx75", O_RDWR|O_LARGEFILE|O_CLOEXEC <unfinished ...>
9590  unlink("/home/capstone/project/test_files/checkpoints-000416.html.dkrpx75" <unfinished ...>
9591  openat(AT_FDCWD, "/home/capstone/project/test_files/checkpoints-000811.pdf", O_RDWR|O_CREAT|O_TRUNC|O_LARGEFILE|O_CLOEXEC, 0666) = 191
9589  openat(AT_FDCWD, "/home/capstone/project/test_files/checkpoints-000525.gif.dkrpx75", O_RDWR|O_CREAT|O_TRUNC|O_LARGEFILE|O_CLOEXEC, 0666) = 120
9591  rename("/home/capstone/project/test_files/000626.txt", "/home/capstone/project/test_files/000626.txt.dkrpx75") = 0
9591  openat(AT_FDCWD, "/home/capstone/project/test_files/000626.txt.dkrpx75", O_RDWR|O_LARGEFILE|O_CLOEXEC) = -1 EMFILE (Too many open files)
9591  openat(AT_FDCWD, "/home/capstone/project/test_files/checkpoints-000626.txt", O_RDWR|O_CREAT|O_TRUNC|O_LARGEFILE|O_CLOEXEC, 0666) = -1 EMFILE (Too many open files)
9589  rename("/home/capstone/project/test_files/000108.jpg", "/home/capstone/project/test_files/000108.jpg.dkrpx75") = 0
9589  openat(AT_FDCWD, "/home/capstone/project/test_files/000108.jpg.dkrpx75", O_RDWR|O_LARGEFILE|O_CLOEXEC <unfinished ...>
9589  openat(AT_FDCWD, "/home/capstone/project/test_files/checkpoints-000108.jpg", O_RDWR|O_CREAT|O_TRUNC|O_LARGEFILE|O_CLOEXEC, 0666 <unfinished ...>
9591  rename("/home/capstone/project/test_files/000398.xls", "/home/capstone/project/test_files/000398.xls.dkrpx75") = 0
9591  openat(AT_FDCWD, "/home/capstone/project/test_files/000398.xls.dkrpx75", O_RDWR|O_LARGEFILE|O_CLOEXEC) = -1 EMFILE (Too many open files)
9591  openat(AT_FDCWD, "/home/capstone/project/test_files/checkpoints-000398.xls", O_RDWR|O_CREAT|O_TRUNC|O_LARGEFILE|O_CLOEXEC, 0666) = -1 EMFILE (Too many open files)
9592  unlink("/home/capstone/project/test_files/checkpoints-000594.pdf.dkrpx75" <unfinished ...>
9589  rename("/home/capstone/project/test_files/000121.doc", "/home/capstone/project/test_files/000121.doc.dkrpx75" <unfinished ...>
9589  openat(AT_FDCWD, "/home/capstone/project/test_files/000121.doc.dkrpx75", O_RDWR|O_LARGEFILE|O_CLOEXEC) = -1 EMFILE (Too many open files)
9589  openat(AT_FDCWD, "/home/capstone/project/test_files/checkpoints-000121.doc", O_RDWR|O_CREAT|O_TRUNC|O_LARGEFILE|O_CLOEXEC, 0666) = -1 EMFILE (Too many open files)
9591  rename("/home/capstone/project/test_files/000057.html", "/home/capstone/project/test_files/000057.html.dkrpx75") = 0
9591  openat(AT_FDCWD, "/home/capstone/project/test_files/000057.html.dkrpx75", O_RDWR|O_LARGEFILE|O_CLOEXEC <unfinished ...>
9589  rename("/home/capstone/project/test_files/000581.pdf", "/home/capstone/project/test_files/000581.pdf.dkrpx75") = 0
9589  openat(AT_FDCWD, "/home/capstone/project/test_files/checkpoints-000581.pdf.dkrpx75", O_RDWR|O_CREAT|O_TRUNC|O_LARGEFILE|O_CLOEXEC, 0666) = -1 EMFILE (Too many open files)
9590  unlink("/home/capstone/project/test_files/checkpoints-000730.ps.dkrpx75" <unfinished ...>
9591  rename("/home/capstone/project/test_files/000623.html", "/home/capstone/project/test_files/000623.html.dkrpx75" <unfinished ...>
9591  openat(AT_FDCWD, "/home/capstone/project/test_files/000623.html.dkrpx75", O_RDWR|O_LARGEFILE|O_CLOEXEC) = 121
9589  rename("/home/capstone/project/test_files/000167.ppt", "/home/capstone/project/test_files/000167.ppt.dkrpx75") = 0
9589  openat(AT_FDCWD, "/home/capstone/project/test_files/000167.ppt.dkrpx75", O_RDWR|O_LARGEFILE|O_CLOEXEC) = 29
9591  openat(AT_FDCWD, "/home/capstone/project/test_files/checkpoints-000623.html.dkrpx75", O_RDWR|O_CREAT|O_TRUNC|O_LARGEFILE|O_CLOEXEC, 0666) = 208
9589  openat(AT_FDCWD, "/home/capstone/project/test_files/checkpoints-000167.ppt.dkrpx75", O_RDWR|O_CREAT|O_TRUNC|O_LARGEFILE|O_CLOEXEC, 0666) = -1 EMFILE (Too many open files)
9591  rename("/home/capstone/project/test_files/000392.xls", "/home/capstone/project/test_files/000392.xls.dkrpx75") = 0
9591  openat(AT_FDCWD, "/home/capstone/project/test_files/000392.xls.dkrpx75", O_RDWR|O_LARGEFILE|O_CLOEXEC) = -1 EMFILE (Too many open files)
9591  openat(AT_FDCWD, "/home/capstone/project/test_files/checkpoints-000392.xls", O_RDWR|O_CREAT|O_TRUNC|O_LARGEFILE|O_CLOEXEC, 0666 <unfinished ...>
9589  rename("/home/capstone/project/test_files/000065.html", "/home/capstone/project/test_files/000065.html.dkrpx75") = 0
9589  openat(AT_FDCWD, "/home/capstone/project/test_files/000065.html.dkrpx75", O_RDWR|O_LARGEFILE|O_CLOEXEC) = -1 EMFILE (Too many open files)
9589  openat(AT_FDCWD, "/home/capstone/project/test_files/checkpoints-000065.html", O_RDWR|O_CREAT|O_TRUNC|O_LARGEFILE|O_CLOEXEC, 0666) = -1 EMFILE (Too many open files)
9591  rename("/home/capstone/project/test_files/000876.jpg", "/home/capstone/project/test_files/000876.jpg.dkrpx75" <unfinished ...>
9591  openat(AT_FDCWD, "/home/capstone/project/test_files/000876.jpg.dkrpx75", O_RDWR|O_LARGEFILE|O_CLOEXEC <unfinished ...>
9589  rename("/home/capstone/project/test_files/000916.html", "/home/capstone/project/test_files/000916.html.dkrpx75") = 0
9592  unlink("/home/capstone/project/test_files/checkpoints-000003.doc.dkrpx75" <unfinished ...>
9589  openat(AT_FDCWD, "/home/capstone/project/test_files/000916.html.dkrpx75", O_RDWR|O_LARGEFILE|O_CLOEXEC <unfinished ...>
9591  openat(AT_FDCWD, "/home/capstone/project/test_files/checkpoints-000876.jpg", O_RDWR|O_CREAT|O_TRUNC|O_LARGEFILE|O_CLOEXEC, 0666 <unfinished ...>
9589  openat(AT_FDCWD, "/home/capstone/project/test_files/checkpoints-000916.html", O_RDWR|O_CREAT|O_TRUNC|O_LARGEFILE|O_CLOEXEC, 0666) = 119
9590  unlink("/home/capstone/project/test_files/checkpoints-000812.html.dkrpx75" <unfinished ...>
9591  rename("/home/capstone/project/test_files/000377.xls", "/home/capstone/project/test_files/000377.xls.dkrpx75") = 0
9591  openat(AT_FDCWD, "/home/capstone/project/test_files/000377.xls.dkrpx75", O_RDWR|O_LARGEFILE|O_CLOEXEC) = 122
9591  openat(AT_FDCWD, "/home/capstone/project/test_files/checkpoints-000377.xls.dkrpx75", O_RDWR|O_CREAT|O_TRUNC|O_LARGEFILE|O_CLOEXEC, 0666) = 183
9589  rename("/home/capstone/project/test_files/000857.txt", "/home/capstone/project/test_files/000857.txt.dkrpx75") = 0
9589  openat(AT_FDCWD, "/home/capstone/project/test_files/000857.txt.dkrpx75", O_RDWR|O_LARGEFILE|O_CLOEXEC) = -1 EMFILE (Too many open files)
9589  openat(AT_FDCWD, "/home/capstone/project/test_files/checkpoints-000857.txt", O_RDWR|O_CREAT|O_TRUNC|O_LARGEFILE|O_CLOEXEC, 0666) = -1 EMFILE (Too many open files)
9589  rename("/home/capstone/project/test_files/000842.txt", "/home/capstone/project/test_files/000842.txt.dkrpx75") = 0
9589  openat(AT_FDCWD, "/home/capstone/project/test_files/000842.txt.dkrpx75", O_RDWR|O_LARGEFILE|O_CLOEXEC) = -1 EMFILE (Too many open files)
9589  openat(AT_FDCWD, "/home/capstone/project/test_files/checkpoints-000842.txt", O_RDWR|O_CREAT|O_TRUNC|O_LARGEFILE|O_CLOEXEC, 0666) = -1 EMFILE (Too many open files)
9589  rename("/home/capstone/project/test_files/000544.jpg", "/home/capstone/project/test_files/000544.jpg.dkrpx75") = 0
9589  openat(AT_FDCWD, "/home/capstone/project/test_files/000544.jpg.dkrpx75", O_RDWR|O_LARGEFILE|O_CLOEXEC) = -1 EMFILE (Too many open files)
9589  openat(AT_FDCWD, "/home/capstone/project/test_files/checkpoints-000544.jpg", O_RDWR|O_CREAT|O_TRUNC|O_LARGEFILE|O_CLOEXEC, 0666) = -1 EMFILE (Too many open files)
9589  rename("/home/capstone/project/test_files/000225.f", "/home/capstone/project/test_files/000225.f.dkrpx75") = 0
9589  openat(AT_FDCWD, "/home/capstone/project/test_files/000225.f.dkrpx75", O_RDWR|O_LARGEFILE|O_CLOEXEC) = -1 EMFILE (Too many open files)
9589  openat(AT_FDCWD, "/home/capstone/project/test_files/checkpoints-000225.f", O_RDWR|O_CREAT|O_TRUNC|O_LARGEFILE|O_CLOEXEC, 0666) = -1 EMFILE (Too many open files)
9591  rename("/home/capstone/project/test_files/000815.html", "/home/capstone/project/test_files/000815.html.dkrpx75" <unfinished ...>
9591  openat(AT_FDCWD, "/home/capstone/project/test_files/000815.html.dkrpx75", O_RDWR|O_LARGEFILE|O_CLOEXEC <unfinished ...>
9589  rename("/home/capstone/project/test_files/000407.xls", "/home/capstone/project/test_files/000407.xls.dkrpx75") = 0
9589  openat(AT_FDCWD, "/home/capstone/project/test_files/000407.xls.dkrpx75", O_RDWR|O_LARGEFILE|O_CLOEXEC) = -1 EMFILE (Too many open files)
9589  openat(AT_FDCWD, "/home/capstone/project/test_files/checkpoints-000407.xls", O_RDWR|O_CREAT|O_TRUNC|O_LARGEFILE|O_CLOEXEC, 0666) = -1 EMFILE (Too many open files)
9589  rename("/home/capstone/project/test_files/000960.doc", "/home/capstone/project/test_files/000960.doc.dkrpx75") = 0
9589  openat(AT_FDCWD, "/home/capstone/project/test_files/000960.doc.dkrpx75", O_RDWR|O_LARGEFILE|O_CLOEXEC) = -1 EMFILE (Too many open files)
9590  unlink("/home/capstone/project/test_files/checkpoints-000747.pdf.dkrpx75") = 0
9589  openat(AT_FDCWD, "/home/capstone/project/test_files/checkpoints-000960.doc", O_RDWR|O_CREAT|O_TRUNC|O_LARGEFILE|O_CLOEXEC, 0666 <unfinished ...>
9592  unlink("/home/capstone/project/test_files/checkpoints-000358.pdf.dkrpx75" <unfinished ...>
9589  rename("/home/capstone/project/test_files/000371.pdf", "/home/capstone/project/test_files/000371.pdf.dkrpx75") = 0
9589  openat(AT_FDCWD, "/home/capstone/project/test_files/000371.pdf.dkrpx75", O_RDWR|O_LARGEFILE|O_CLOEXEC) = 69
9589  openat(AT_FDCWD, "/home/capstone/project/test_files/checkpoints-000371.pdf.dkrpx75", O_RDWR|O_CREAT|O_TRUNC|O_LARGEFILE|O_CLOEXEC, 0666) = 125
9589  rename("/home/capstone/project/test_files/000514.jpg", "/home/capstone/project/test_files/000514.jpg.dkrpx75") = 0
9589  openat(AT_FDCWD, "/home/capstone/project/test_files/000514.jpg.dkrpx75", O_RDWR|O_LARGEFILE|O_CLOEXEC) = 221
9589  openat(AT_FDCWD, "/home/capstone/project/test_files/checkpoints-000514.jpg.dkrpx75", O_RDWR|O_CREAT|O_TRUNC|O_LARGEFILE|O_CLOEXEC, 0666) = 223
9589  rename("/home/capstone/project/test_files/000644.txt", "/home/capstone/project/test_files/000644.txt.dkrpx75") = 0
9589  openat(AT_FDCWD, "/home/capstone/project/test_files/000644.txt.dkrpx75", O_RDWR|O_LARGEFILE|O_CLOEXEC) = -1 EMFILE (Too many open files)
9589  openat(AT_FDCWD, "/home/capstone/project/test_files/checkpoints-000644.txt", O_RDWR|O_CREAT|O_TRUNC|O_LARGEFILE|O_CLOEXEC, 0666) = -1 EMFILE (Too many open files)
9591  rename("/home/capstone/project/test_files/000215.html", "/home/capstone/project/test_files/000215.html.dkrpx75") = 0
9591  openat(AT_FDCWD, "/home/capstone/project/test_files/000215.html.dkrpx75", O_RDWR|O_LARGEFILE|O_CLOEXEC) = -1 EMFILE (Too many open files)
9589  rename("/home/capstone/project/test_files/000787.html", "/home/capstone/project/test_files/000787.html.dkrpx75") = 0
9589  openat(AT_FDCWD, "/home/capstone/project/test_files/000787.html.dkrpx75", O_RDWR|O_LARGEFILE|O_CLOEXEC) = -1 EMFILE (Too many open files)
9589  openat(AT_FDCWD, "/home/capstone/project/test_files/checkpoints-000787.html", O_RDWR|O_CREAT|O_TRUNC|O_LARGEFILE|O_CLOEXEC, 0666) = -1 EMFILE (Too many open files)
9589  rename("/home/capstone/project/test_files/000465.unk", "/home/capstone/project/test_files/000465.unk.dkrpx75") = 0
9589  openat(AT_FDCWD, "/home/capstone/project/test_files/000465.unk.dkrpx75", O_RDWR|O_LARGEFILE|O_CLOEXEC) = -1 EMFILE (Too many open files)
9590  unlink("/home/capstone/project/test_files/checkpoints-000018.pdf.dkrpx75") = 0
9589  openat(AT_FDCWD, "/home/capstone/project/test_files/checkpoints-000465.unk", O_RDWR|O_CREAT|O_TRUNC|O_LARGEFILE|O_CLOEXEC, 0666 <unfinished ...>
9589  rename("/home/capstone/project/test_files/000200.html", "/home/capstone/project/test_files/000200.html.dkrpx75") = 0
9589  openat(AT_FDCWD, "/home/capstone/project/test_files/000200.html.dkrpx75", O_RDWR|O_LARGEFILE|O_CLOEXEC) = -1 EMFILE (Too many open files)
9589  openat(AT_FDCWD, "/home/capstone/project/test_files/checkpoints-000200.html", O_RDWR|O_CREAT|O_TRUNC|O_LARGEFILE|O_CLOEXEC, 0666) = -1 EMFILE (Too many open files)
9589  rename("/home/capstone/project/test_files/000959.xls", "/home/capstone/project/test_files/000959.xls.dkrpx75") = 0
9589  openat(AT_FDCWD, "/home/capstone/project/test_files/000959.xls.dkrpx75", O_RDWR|O_LARGEFILE|O_CLOEXEC) = -1 EMFILE (Too many open files)
9589  openat(AT_FDCWD, "/home/capstone/project/test_files/checkpoints-000959.xls", O_RDWR|O_CREAT|O_TRUNC|O_LARGEFILE|O_CLOEXEC, 0666) = -1 EMFILE (Too many open files)
9589  rename("/home/capstone/project/test_files/000391.xls", "/home/capstone/project/test_files/000391.xls.dkrpx75" <unfinished ...>
9589  openat(AT_FDCWD, "/home/capstone/project/test_files/000391.xls.dkrpx75", O_RDWR|O_LARGEFILE|O_CLOEXEC) = -1 EMFILE (Too many open files)
9591  openat(AT_FDCWD, "/home/capstone/project/test_files/checkpoints-000215.html", O_RDWR|O_CREAT|O_TRUNC|O_LARGEFILE|O_CLOEXEC, 0666 <unfinished ...>
9589  openat(AT_FDCWD, "/home/capstone/project/test_files/checkpoints-000391.xls", O_RDWR|O_CREAT|O_TRUNC|O_LARGEFILE|O_CLOEXEC, 0666) = -1 EMFILE (Too many open files)
9589  rename("/home/capstone/project/test_files/000035.xls", "/home/capstone/project/test_files/000035.xls.dkrpx75") = 0
9589  openat(AT_FDCWD, "/home/capstone/project/test_files/000035.xls.dkrpx75", O_RDWR|O_LARGEFILE|O_CLOEXEC) = -1 EMFILE (Too many open files)
9589  openat(AT_FDCWD, "/home/capstone/project/test_files/checkpoints-000035.xls", O_RDWR|O_CREAT|O_TRUNC|O_LARGEFILE|O_CLOEXEC, 0666) = -1 EMFILE (Too many open files)
9589  rename("/home/capstone/project/test_files/000036.xls", "/home/capstone/project/test_files/000036.xls.dkrpx75") = 0
9589  openat(AT_FDCWD, "/home/capstone/project/test_files/000036.xls.dkrpx75", O_RDWR|O_LARGEFILE|O_CLOEXEC) = -1 EMFILE (Too many open files)
9589  openat(AT_FDCWD, "/home/capstone/project/test_files/checkpoints-000036.xls", O_RDWR|O_CREAT|O_TRUNC|O_LARGEFILE|O_CLOEXEC, 0666) = -1 EMFILE (Too many open files)
9589  rename("/home/capstone/project/test_files/000383.xls", "/home/capstone/project/test_files/000383.xls.dkrpx75") = 0
9589  openat(AT_FDCWD, "/home/capstone/project/test_files/000383.xls.dkrpx75", O_RDWR|O_LARGEFILE|O_CLOEXEC) = -1 EMFILE (Too many open files)
9589  openat(AT_FDCWD, "/home/capstone/project/test_files/checkpoints-000383.xls", O_RDWR|O_CREAT|O_TRUNC|O_LARGEFILE|O_CLOEXEC, 0666) = -1 EMFILE (Too many open files)
9589  rename("/home/capstone/project/test_files/000166.pdf", "/home/capstone/project/test_files/000166.pdf.dkrpx75" <unfinished ...>
9589  openat(AT_FDCWD, "/home/capstone/project/test_files/000166.pdf.dkrpx75", O_RDWR|O_LARGEFILE|O_CLOEXEC) = -1 EMFILE (Too many open files)
9589  openat(AT_FDCWD, "/home/capstone/project/test_files/checkpoints-000166.pdf", O_RDWR|O_CREAT|O_TRUNC|O_LARGEFILE|O_CLOEXEC, 0666) = -1 EMFILE (Too many open files)
9591  rename("/home/capstone/project/test_files/000400.jpg", "/home/capstone/project/test_files/000400.jpg.dkrpx75") = 0
9591  openat(AT_FDCWD, "/home/capstone/project/test_files/000400.jpg.dkrpx75", O_RDWR|O_LARGEFILE|O_CLOEXEC <unfinished ...>
9589  rename("/home/capstone/project/test_files/000453.html", "/home/capstone/project/test_files/000453.html.dkrpx75") = 0
9589  openat(AT_FDCWD, "/home/capstone/project/test_files/000453.html.dkrpx75", O_RDWR|O_LARGEFILE|O_CLOEXEC <unfinished ...>
9589  openat(AT_FDCWD, "/home/capstone/project/test_files/checkpoints-000453.html", O_RDWR|O_CREAT|O_TRUNC|O_LARGEFILE|O_CLOEXEC, 0666) = -1 EMFILE (Too many open files)
9589  rename("/home/capstone/project/test_files/000950.doc", "/home/capstone/project/test_files/000950.doc.dkrpx75") = 0
9589  openat(AT_FDCWD, "/home/capstone/project/test_files/000950.doc.dkrpx75", O_RDWR|O_LARGEFILE|O_CLOEXEC) = -1 EMFILE (Too many open files)
9589  openat(AT_FDCWD, "/home/capstone/project/test_files/checkpoints-000950.doc", O_RDWR|O_CREAT|O_TRUNC|O_LARGEFILE|O_CLOEXEC, 0666) = -1 EMFILE (Too many open files)
9589  rename("/home/capstone/project/test_files/000124.doc", "/home/capstone/project/test_files/000124.doc.dkrpx75") = 0
9589  openat(AT_FDCWD, "/home/capstone/project/test_files/000124.doc.dkrpx75", O_RDWR|O_LARGEFILE|O_CLOEXEC) = -1 EMFILE (Too many open files)
9589  openat(AT_FDCWD, "/home/capstone/project/test_files/checkpoints-000124.doc", O_RDWR|O_CREAT|O_TRUNC|O_LARGEFILE|O_CLOEXEC, 0666) = -1 EMFILE (Too many open files)
9589  rename("/home/capstone/project/test_files/000375.xls", "/home/capstone/project/test_files/000375.xls.dkrpx75" <unfinished ...>
9589  openat(AT_FDCWD, "/home/capstone/project/test_files/000375.xls.dkrpx75", O_RDWR|O_LARGEFILE|O_CLOEXEC) = -1 EMFILE (Too many open files)
9589  openat(AT_FDCWD, "/home/capstone/project/test_files/checkpoints-000375.xls", O_RDWR|O_CREAT|O_TRUNC|O_LARGEFILE|O_CLOEXEC, 0666) = -1 EMFILE (Too many open files)
9589  rename("/home/capstone/project/test_files/000403.xls", "/home/capstone/project/test_files/000403.xls.dkrpx75" <unfinished ...>
9589  openat(AT_FDCWD, "/home/capstone/project/test_files/000403.xls.dkrpx75", O_RDWR|O_LARGEFILE|O_CLOEXEC) = -1 EMFILE (Too many open files)
9589  openat(AT_FDCWD, "/home/capstone/project/test_files/checkpoints-000403.xls", O_RDWR|O_CREAT|O_TRUNC|O_LARGEFILE|O_CLOEXEC, 0666) = -1 EMFILE (Too many open files)
9589  rename("/home/capstone/project/test_files/000103.txt", "/home/capstone/project/test_files/000103.txt.dkrpx75") = 0
9589  openat(AT_FDCWD, "/home/capstone/project/test_files/000103.txt.dkrpx75", O_RDWR|O_LARGEFILE|O_CLOEXEC) = -1 EMFILE (Too many open files)
9589  openat(AT_FDCWD, "/home/capstone/project/test_files/checkpoints-000103.txt", O_RDWR|O_CREAT|O_TRUNC|O_LARGEFILE|O_CLOEXEC, 0666) = -1 EMFILE (Too many open files)
9589  rename("/home/capstone/project/test_files/000010.pdf", "/home/capstone/project/test_files/000010.pdf.dkrpx75") = 0
9589  openat(AT_FDCWD, "/home/capstone/project/test_files/000010.pdf.dkrpx75", O_RDWR|O_LARGEFILE|O_CLOEXEC) = -1 EMFILE (Too many open files)
9589  openat(AT_FDCWD, "/home/capstone/project/test_files/checkpoints-000010.pdf", O_RDWR|O_CREAT|O_TRUNC|O_LARGEFILE|O_CLOEXEC, 0666) = -1 EMFILE (Too many open files)
9591  openat(AT_FDCWD, "/home/capstone/project/test_files/checkpoints-000400.jpg", O_RDWR|O_CREAT|O_TRUNC|O_LARGEFILE|O_CLOEXEC, 0666 <unfinished ...>
9589  rename("/home/capstone/project/test_files/000792.html", "/home/capstone/project/test_files/000792.html.dkrpx75") = 0
9589  openat(AT_FDCWD, "/home/capstone/project/test_files/checkpoints-000276.doc", O_RDWR|O_CREAT|O_TRUNC|O_LARGEFILE|O_CLOEXEC, 0666 <unfinished ...>
9589  rename("/home/capstone/project/test_files/000061.html", "/home/capstone/project/test_files/000061.html.dkrpx75") = 0
9589  openat(AT_FDCWD, "/home/capstone/project/test_files/000061.html.dkrpx75", O_RDWR|O_LARGEFILE|O_CLOEXEC) = -1 EMFILE (Too many open files)
9589  openat(AT_FDCWD, "/home/capstone/project/test_files/checkpoints-000061.html", O_RDWR|O_CREAT|O_TRUNC|O_LARGEFILE|O_CLOEXEC, 0666) = -1 EMFILE (Too many open files)
9589  rename("/home/capstone/project/test_files/000447.html", "/home/capstone/project/test_files/000447.html.dkrpx75") = 0
9589  openat(AT_FDCWD, "/home/capstone/project/test_files/000447.html.dkrpx75", O_RDWR|O_LARGEFILE|O_CLOEXEC) = -1 EMFILE (Too many open files)
9589  openat(AT_FDCWD, "/home/capstone/project/test_files/checkpoints-000447.html", O_RDWR|O_CREAT|O_TRUNC|O_LARGEFILE|O_CLOEXEC, 0666) = -1 EMFILE (Too many open files)
9589  rename("/home/capstone/project/test_files/000859.pdf", "/home/capstone/project/test_files/000859.pdf.dkrpx75") = 0
9589  openat(AT_FDCWD, "/home/capstone/project/test_files/000859.pdf.dkrpx75", O_RDWR|O_LARGEFILE|O_CLOEXEC) = -1 EMFILE (Too many open files)
9589  openat(AT_FDCWD, "/home/capstone/project/test_files/checkpoints-000859.pdf", O_RDWR|O_CREAT|O_TRUNC|O_LARGEFILE|O_CLOEXEC, 0666) = -1 EMFILE (Too many open files)
9589  rename("/home/capstone/project/test_files/000944.doc", "/home/capstone/project/test_files/000944.doc.dkrpx75" <unfinished ...>
9591  rename("/home/capstone/project/test_files/000161.pdf", "/home/capstone/project/test_files/000161.pdf.dkrpx75" <unfinished ...>
9589  openat(AT_FDCWD, "/home/capstone/project/test_files/000944.doc.dkrpx75", O_RDWR|O_LARGEFILE|O_CLOEXEC <unfinished ...>
9591  openat(AT_FDCWD, "/home/capstone/project/test_files/000161.pdf.dkrpx75", O_RDWR|O_LARGEFILE|O_CLOEXEC <unfinished ...>
9589  openat(AT_FDCWD, "/home/capstone/project/test_files/checkpoints-000944.doc", O_RDWR|O_CREAT|O_TRUNC|O_LARGEFILE|O_CLOEXEC, 0666) = -1 EMFILE (Too many open files)
9589  rename("/home/capstone/project/test_files/000952.doc", "/home/capstone/project/test_files/000952.doc.dkrpx75") = 0
9589  openat(AT_FDCWD, "/home/capstone/project/test_files/000952.doc.dkrpx75", O_RDWR|O_LARGEFILE|O_CLOEXEC) = -1 EMFILE (Too many open files)
9589  openat(AT_FDCWD, "/home/capstone/project/test_files/checkpoints-000952.doc", O_RDWR|O_CREAT|O_TRUNC|O_LARGEFILE|O_CLOEXEC, 0666) = -1 EMFILE (Too many open files)
9590  unlink("/home/capstone/project/test_files/checkpoints-000030.xls.dkrpx75" <unfinished ...>
9589  rename("/home/capstone/project/test_files/000900.jpg", "/home/capstone/project/test_files/000900.jpg.dkrpx75" <unfinished ...>
9591  openat(AT_FDCWD, "/home/capstone/project/test_files/checkpoints-000161.pdf", O_RDWR|O_CREAT|O_TRUNC|O_LARGEFILE|O_CLOEXEC, 0666 <unfinished ...>
9589  openat(AT_FDCWD, "/home/capstone/project/test_files/000900.jpg.dkrpx75", O_RDWR|O_LARGEFILE|O_CLOEXEC) = -1 EMFILE (Too many open files)
9589  openat(AT_FDCWD, "/home/capstone/project/test_files/checkpoints-000900.jpg", O_RDWR|O_CREAT|O_TRUNC|O_LARGEFILE|O_CLOEXEC, 0666) = -1 EMFILE (Too many open files)
9589  rename("/home/capstone/project/test_files/000275.doc", "/home/capstone/project/test_files/000275.doc.dkrpx75") = 0
9589  openat(AT_FDCWD, "/home/capstone/project/test_files/000275.doc.dkrpx75", O_RDWR|O_LARGEFILE|O_CLOEXEC) = -1 EMFILE (Too many open files)
9589  openat(AT_FDCWD, "/home/capstone/project/test_files/checkpoints-000275.doc", O_RDWR|O_CREAT|O_TRUNC|O_LARGEFILE|O_CLOEXEC, 0666) = -1 EMFILE (Too many open files)
9589  rename("/home/capstone/project/test_files/000741.log", "/home/capstone/project/test_files/000741.log.dkrpx75") = 0
9589  openat(AT_FDCWD, "/home/capstone/project/test_files/000741.log.dkrpx75", O_RDWR|O_LARGEFILE|O_CLOEXEC) = -1 EMFILE (Too many open files)
9589  openat(AT_FDCWD, "/home/capstone/project/test_files/checkpoints-000741.log", O_RDWR|O_CREAT|O_TRUNC|O_LARGEFILE|O_CLOEXEC, 0666) = -1 EMFILE (Too many open files)
9589  rename("/home/capstone/project/test_files/000650.txt", "/home/capstone/project/test_files/000650.txt.dkrpx75" <unfinished ...>
9589  openat(AT_FDCWD, "/home/capstone/project/test_files/000650.txt.dkrpx75", O_RDWR|O_LARGEFILE|O_CLOEXEC) = -1 EMFILE (Too many open files)
9591  rename("/home/capstone/project/test_files/000295.ppt", "/home/capstone/project/test_files/000295.ppt.dkrpx75" <unfinished ...>
9591  openat(AT_FDCWD, "/home/capstone/project/test_files/000295.ppt.dkrpx75", O_RDWR|O_LARGEFILE|O_CLOEXEC) = -1 EMFILE (Too many open files)
9592  unlink("/home/capstone/project/test_files/checkpoints-000388.xls" <unfinished ...>
9589  openat(AT_FDCWD, "/home/capstone/project/test_files/checkpoints-000650.txt", O_RDWR|O_CREAT|O_TRUNC|O_LARGEFILE|O_CLOEXEC, 0666) = 95
9590  unlink("/home/capstone/project/test_files/checkpoints-000192.html" <unfinished ...>
9589  rename("/home/capstone/project/test_files/000655.txt", "/home/capstone/project/test_files/000655.txt.dkrpx75" <unfinished ...>
9589  openat(AT_FDCWD, "/home/capstone/project/test_files/000655.txt.dkrpx75", O_RDWR|O_LARGEFILE|O_CLOEXEC <unfinished ...>
9589  openat(AT_FDCWD, "/home/capstone/project/test_files/checkpoints-000655.txt.dkrpx75", O_RDWR|O_CREAT|O_TRUNC|O_LARGEFILE|O_CLOEXEC, 0666) = 280
9591  openat(AT_FDCWD, "/home/capstone/project/test_files/checkpoints-000295.ppt", O_RDWR|O_CREAT|O_TRUNC|O_LARGEFILE|O_CLOEXEC, 0666 <unfinished ...>
9589  rename("/home/capstone/project/test_files/000144.doc", "/home/capstone/project/test_files/000144.doc.dkrpx75") = 0
9589  openat(AT_FDCWD, "/home/capstone/project/test_files/000144.doc.dkrpx75", O_RDWR|O_LARGEFILE|O_CLOEXEC) = -1 EMFILE (Too many open files)
9589  openat(AT_FDCWD, "/home/capstone/project/test_files/checkpoints-000144.doc", O_RDWR|O_CREAT|O_TRUNC|O_LARGEFILE|O_CLOEXEC, 0666) = -1 EMFILE (Too many open files)
9589  rename("/home/capstone/project/test_files/000967.doc", "/home/capstone/project/test_files/000967.doc.dkrpx75" <unfinished ...>
9589  openat(AT_FDCWD, "/home/capstone/project/test_files/000967.doc.dkrpx75", O_RDWR|O_LARGEFILE|O_CLOEXEC) = -1 EMFILE (Too many open files)
9589  openat(AT_FDCWD, "/home/capstone/project/test_files/checkpoints-000967.doc", O_RDWR|O_CREAT|O_TRUNC|O_LARGEFILE|O_CLOEXEC, 0666) = -1 EMFILE (Too many open files)
9589  rename("/home/capstone/project/test_files/000532.jpg", "/home/capstone/project/test_files/000532.jpg.dkrpx75") = 0
9589  openat(AT_FDCWD, "/home/capstone/project/test_files/000532.jpg.dkrpx75", O_RDWR|O_LARGEFILE|O_CLOEXEC) = -1 EMFILE (Too many open files)
9589  openat(AT_FDCWD, "/home/capstone/project/test_files/checkpoints-000532.jpg", O_RDWR|O_CREAT|O_TRUNC|O_LARGEFILE|O_CLOEXEC, 0666) = -1 EMFILE (Too many open files)
9592  unlink("/home/capstone/project/test_files/checkpoints-000359.pdf" <unfinished ...>
9590  unlink("/home/capstone/project/test_files/checkpoints-000266.pdf") = 0
9589  rename("/home/capstone/project/test_files/000088.txt", "/home/capstone/project/test_files/000088.txt.dkrpx75") = 0
9589  openat(AT_FDCWD, "/home/capstone/project/test_files/000088.txt.dkrpx75", O_RDWR|O_LARGEFILE|O_CLOEXEC <unfinished ...>
9589  openat(AT_FDCWD, "/home/capstone/project/test_files/checkpoints-000088.txt.dkrpx75", O_RDWR|O_CREAT|O_TRUNC|O_LARGEFILE|O_CLOEXEC, 0666 <unfinished ...>
9591  rename("/home/capstone/project/test_files/000646.txt", "/home/capstone/project/test_files/000646.txt.dkrpx75" <unfinished ...>
9591  openat(AT_FDCWD, "/home/capstone/project/test_files/000646.txt.dkrpx75", O_RDWR|O_LARGEFILE|O_CLOEXEC) = 284
9589  rename("/home/capstone/project/test_files/000885.pdf", "/home/capstone/project/test_files/000885.pdf.dkrpx75" <unfinished ...>
9589  openat(AT_FDCWD, "/home/capstone/project/test_files/000885.pdf.dkrpx75", O_RDWR|O_LARGEFILE|O_CLOEXEC) = 283
9589  openat(AT_FDCWD, "/home/capstone/project/test_files/checkpoints-000885.pdf.dkrpx75", O_RDWR|O_CREAT|O_TRUNC|O_LARGEFILE|O_CLOEXEC, 0666) = 285
9589  rename("/home/capstone/project/test_files/000975.xml", "/home/capstone/project/test_files/000975.xml.dkrpx75") = 0
9589  openat(AT_FDCWD, "/home/capstone/project/test_files/000975.xml.dkrpx75", O_RDWR|O_LARGEFILE|O_CLOEXEC) = -1 EMFILE (Too many open files)
9589  openat(AT_FDCWD, "/home/capstone/project/test_files/checkpoints-000975.xml", O_RDWR|O_CREAT|O_TRUNC|O_LARGEFILE|O_CLOEXEC, 0666) = -1 EMFILE (Too many open files)
9589  rename("/home/capstone/project/test_files/000046.xls", "/home/capstone/project/test_files/000046.xls.dkrpx75") = 0
9589  openat(AT_FDCWD, "/home/capstone/project/test_files/000046.xls.dkrpx75", O_RDWR|O_LARGEFILE|O_CLOEXEC) = -1 EMFILE (Too many open files)
9589  openat(AT_FDCWD, "/home/capstone/project/test_files/checkpoints-000046.xls", O_RDWR|O_CREAT|O_TRUNC|O_LARGEFILE|O_CLOEXEC, 0666) = -1 EMFILE (Too many open files)
9591  openat(AT_FDCWD, "/home/capstone/project/test_files/checkpoints-000646.txt.dkrpx75", O_RDWR|O_CREAT|O_TRUNC|O_LARGEFILE|O_CLOEXEC, 0666 <unfinished ...>
9589  rename("/home/capstone/project/test_files/000243.jpg", "/home/capstone/project/test_files/000243.jpg.dkrpx75" <unfinished ...>
9589  openat(AT_FDCWD, "/home/capstone/project/test_files/000243.jpg.dkrpx75", O_RDWR|O_LARGEFILE|O_CLOEXEC) = -1 EMFILE (Too many open files)
9589  openat(AT_FDCWD, "/home/capstone/project/test_files/checkpoints-000243.jpg", O_RDWR|O_CREAT|O_TRUNC|O_LARGEFILE|O_CLOEXEC, 0666) = -1 EMFILE (Too many open files)
9589  rename("/home/capstone/project/test_files/000068.html", "/home/capstone/project/test_files/000068.html.dkrpx75" <unfinished ...>
9589  openat(AT_FDCWD, "/home/capstone/project/test_files/000068.html.dkrpx75", O_RDWR|O_LARGEFILE|O_CLOEXEC <unfinished ...>
9589  openat(AT_FDCWD, "/home/capstone/project/test_files/checkpoints-000068.html", O_RDWR|O_CREAT|O_TRUNC|O_LARGEFILE|O_CLOEXEC, 0666) = -1 EMFILE (Too many open files)
9591  rename("/home/capstone/project/test_files/000387.txt", "/home/capstone/project/test_files/000387.txt.dkrpx75" <unfinished ...>
9591  openat(AT_FDCWD, "/home/capstone/project/test_files/000387.txt.dkrpx75", O_RDWR|O_LARGEFILE|O_CLOEXEC <unfinished ...>
9589  rename("/home/capstone/project/test_files/000195.html", "/home/capstone/project/test_files/000195.html.dkrpx75" <unfinished ...>
9589  openat(AT_FDCWD, "/home/capstone/project/test_files/000195.html.dkrpx75", O_RDWR|O_LARGEFILE|O_CLOEXEC) = -1 EMFILE (Too many open files)
9590  unlink("/home/capstone/project/test_files/checkpoints-000789.html.dkrpx75" <unfinished ...>
9592  unlink("/home/capstone/project/test_files/checkpoints-000508.jpg.dkrpx75" <unfinished ...>
9589  openat(AT_FDCWD, "/home/capstone/project/test_files/checkpoints-000195.html", O_RDWR|O_CREAT|O_TRUNC|O_LARGEFILE|O_CLOEXEC, 0666 <unfinished ...>
9589  rename("/home/capstone/project/test_files/000217.html", "/home/capstone/project/test_files/000217.html.dkrpx75") = 0
9589  openat(AT_FDCWD, "/home/capstone/project/test_files/000217.html.dkrpx75", O_RDWR|O_LARGEFILE|O_CLOEXEC) = 90
9589  openat(AT_FDCWD, "/home/capstone/project/test_files/checkpoints-000217.html.dkrpx75", O_RDWR|O_CREAT|O_TRUNC|O_LARGEFILE|O_CLOEXEC, 0666) = 294
9589  rename("/home/capstone/project/test_files/000996.ps", "/home/capstone/project/test_files/000996.ps.dkrpx75") = 0
9589  openat(AT_FDCWD, "/home/capstone/project/test_files/000996.ps.dkrpx75", O_RDWR|O_LARGEFILE|O_CLOEXEC) = -1 EMFILE (Too many open files)
9589  openat(AT_FDCWD, "/home/capstone/project/test_files/checkpoints-000996.ps", O_RDWR|O_CREAT|O_TRUNC|O_LARGEFILE|O_CLOEXEC, 0666) = -1 EMFILE (Too many open files)
9589  rename("/home/capstone/project/test_files/000058.html", "/home/capstone/project/test_files/000058.html.dkrpx75") = 0
9589  openat(AT_FDCWD, "/home/capstone/project/test_files/000058.html.dkrpx75", O_RDWR|O_LARGEFILE|O_CLOEXEC) = -1 EMFILE (Too many open files)
9589  openat(AT_FDCWD, "/home/capstone/project/test_files/checkpoints-000058.html", O_RDWR|O_CREAT|O_TRUNC|O_LARGEFILE|O_CLOEXEC, 0666) = -1 EMFILE (Too many open files)
9591  openat(AT_FDCWD, "/home/capstone/project/test_files/checkpoints-000387.txt", O_RDWR|O_CREAT|O_TRUNC|O_LARGEFILE|O_CLOEXEC, 0666 <unfinished ...>
9589  rename("/home/capstone/project/test_files/000133.ppt", "/home/capstone/project/test_files/000133.ppt.dkrpx75") = 0
9589  openat(AT_FDCWD, "/home/capstone/project/test_files/000133.ppt.dkrpx75", O_RDWR|O_LARGEFILE|O_CLOEXEC) = -1 EMFILE (Too many open files)
9589  openat(AT_FDCWD, "/home/capstone/project/test_files/checkpoints-000133.ppt", O_RDWR|O_CREAT|O_TRUNC|O_LARGEFILE|O_CLOEXEC, 0666) = -1 EMFILE (Too many open files)
9590  unlink("/home/capstone/project/test_files/checkpoints-000456.html.dkrpx75") = 0
9589  rename("/home/capstone/project/test_files/000691.doc", "/home/capstone/project/test_files/000691.doc.dkrpx75") = 0
9589  openat(AT_FDCWD, "/home/capstone/project/test_files/000691.doc.dkrpx75", O_RDWR|O_LARGEFILE|O_CLOEXEC) = 143
9589  openat(AT_FDCWD, "/home/capstone/project/test_files/checkpoints-000691.doc.dkrpx75", O_RDWR|O_CREAT|O_TRUNC|O_LARGEFILE|O_CLOEXEC, 0666) = 297
9589  rename("/home/capstone/project/test_files/000445.html", "/home/capstone/project/test_files/000445.html.dkrpx75") = 0
9589  openat(AT_FDCWD, "/home/capstone/project/test_files/000445.html.dkrpx75", O_RDWR|O_LARGEFILE|O_CLOEXEC) = -1 EMFILE (Too many open files)
9589  openat(AT_FDCWD, "/home/capstone/project/test_files/checkpoints-000445.html", O_RDWR|O_CREAT|O_TRUNC|O_LARGEFILE|O_CLOEXEC, 0666) = -1 EMFILE (Too many open files)
9589  rename("/home/capstone/project/test_files/000817.pdf", "/home/capstone/project/test_files/000817.pdf.dkrpx75") = 0
9589  openat(AT_FDCWD, "/home/capstone/project/test_files/000817.pdf.dkrpx75", O_RDWR|O_LARGEFILE|O_CLOEXEC) = -1 EMFILE (Too many open files)
9589  openat(AT_FDCWD, "/home/capstone/project/test_files/checkpoints-000817.pdf", O_RDWR|O_CREAT|O_TRUNC|O_LARGEFILE|O_CLOEXEC, 0666) = -1 EMFILE (Too many open files)
9591  rename("/home/capstone/project/test_files/000335.xml", "/home/capstone/project/test_files/000335.xml.dkrpx75" <unfinished ...>
9592  unlink("/home/capstone/project/test_files/checkpoints-000852.txt.dkrpx75" <unfinished ...>
9591  openat(AT_FDCWD, "/home/capstone/project/test_files/000335.xml.dkrpx75", O_RDWR|O_LARGEFILE|O_CLOEXEC <unfinished ...>
9589  rename("/home/capstone/project/test_files/000732.ppt", "/home/capstone/project/test_files/000732.ppt.dkrpx75" <unfinished ...>
9589  openat(AT_FDCWD, "/home/capstone/project/test_files/000732.ppt.dkrpx75", O_RDWR|O_LARGEFILE|O_CLOEXEC) = 144
9589  openat(AT_FDCWD, "/home/capstone/project/test_files/checkpoints-000732.ppt.dkrpx75", O_RDWR|O_CREAT|O_TRUNC|O_LARGEFILE|O_CLOEXEC, 0666 <unfinished ...>
9589  rename("/home/capstone/project/test_files/000777.xls", "/home/capstone/project/test_files/000777.xls.dkrpx75" <unfinished ...>
9589  openat(AT_FDCWD, "/home/capstone/project/test_files/000777.xls.dkrpx75", O_RDWR|O_LARGEFILE|O_CLOEXEC) = -1 EMFILE (Too many open files)
9589  openat(AT_FDCWD, "/home/capstone/project/test_files/checkpoints-000777.xls", O_RDWR|O_CREAT|O_TRUNC|O_LARGEFILE|O_CLOEXEC, 0666) = -1 EMFILE (Too many open files)
9591  openat(AT_FDCWD, "/home/capstone/project/test_files/checkpoints-000335.xml", O_RDWR|O_CREAT|O_TRUNC|O_LARGEFILE|O_CLOEXEC, 0666 <unfinished ...>
9589  openat(AT_FDCWD, "/home/capstone/project/test_files/checkpoints-000740.html", O_RDWR|O_CREAT|O_TRUNC|O_LARGEFILE|O_CLOEXEC, 0666 <unfinished ...>
9589  rename("/home/capstone/project/test_files/000700.xml", "/home/capstone/project/test_files/000700.xml.dkrpx75") = 0
9589  openat(AT_FDCWD, "/home/capstone/project/test_files/000700.xml.dkrpx75", O_RDWR|O_LARGEFILE|O_CLOEXEC) = -1 EMFILE (Too many open files)
9589  openat(AT_FDCWD, "/home/capstone/project/test_files/checkpoints-000700.xml", O_RDWR|O_CREAT|O_TRUNC|O_LARGEFILE|O_CLOEXEC, 0666) = -1 EMFILE (Too many open files)
9591  rename("/home/capstone/project/test_files/000853.pdf", "/home/capstone/project/test_files/000853.pdf.dkrpx75" <unfinished ...>
9589  rename("/home/capstone/project/test_files/000828.txt", "/home/capstone/project/test_files/000828.txt.dkrpx75" <unfinished ...>
9591  openat(AT_FDCWD, "/home/capstone/project/test_files/000853.pdf.dkrpx75", O_RDWR|O_LARGEFILE|O_CLOEXEC <unfinished ...>
9589  openat(AT_FDCWD, "/home/capstone/project/test_files/000828.txt.dkrpx75", O_RDWR|O_LARGEFILE|O_CLOEXEC <unfinished ...>
9589  openat(AT_FDCWD, "/home/capstone/project/test_files/checkpoints-000828.txt", O_RDWR|O_CREAT|O_TRUNC|O_LARGEFILE|O_CLOEXEC, 0666) = -1 EMFILE (Too many open files)
9589  rename("/home/capstone/project/test_files/000313.ppt", "/home/capstone/project/test_files/000313.ppt.dkrpx75") = 0
9589  openat(AT_FDCWD, "/home/capstone/project/test_files/000313.ppt.dkrpx75", O_RDWR|O_LARGEFILE|O_CLOEXEC) = -1 EMFILE (Too many open files)
9589  openat(AT_FDCWD, "/home/capstone/project/test_files/checkpoints-000313.ppt", O_RDWR|O_CREAT|O_TRUNC|O_LARGEFILE|O_CLOEXEC, 0666) = -1 EMFILE (Too many open files)
9591  openat(AT_FDCWD, "/home/capstone/project/test_files/checkpoints-000853.pdf", O_RDWR|O_CREAT|O_TRUNC|O_LARGEFILE|O_CLOEXEC, 0666 <unfinished ...>
9589  rename("/home/capstone/project/test_files/000214.html", "/home/capstone/project/test_files/000214.html.dkrpx75") = 0
9589  openat(AT_FDCWD, "/home/capstone/project/test_files/000214.html.dkrpx75", O_RDWR|O_LARGEFILE|O_CLOEXEC) = -1 EMFILE (Too many open files)
9589  openat(AT_FDCWD, "/home/capstone/project/test_files/checkpoints-000214.html", O_RDWR|O_CREAT|O_TRUNC|O_LARGEFILE|O_CLOEXEC, 0666) = -1 EMFILE (Too many open files)
9589  rename("/home/capstone/project/test_files/000005.doc", "/home/capstone/project/test_files/000005.doc.dkrpx75") = 0
9589  openat(AT_FDCWD, "/home/capstone/project/test_files/000005.doc.dkrpx75", O_RDWR|O_LARGEFILE|O_CLOEXEC) = -1 EMFILE (Too many open files)
9589  openat(AT_FDCWD, "/home/capstone/project/test_files/checkpoints-000005.doc", O_RDWR|O_CREAT|O_TRUNC|O_LARGEFILE|O_CLOEXEC, 0666) = -1 EMFILE (Too many open files)
9589  rename("/home/capstone/project/test_files/000620.txt", "/home/capstone/project/test_files/000620.txt.dkrpx75") = 0
9589  openat(AT_FDCWD, "/home/capstone/project/test_files/000620.txt.dkrpx75", O_RDWR|O_LARGEFILE|O_CLOEXEC) = -1 EMFILE (Too many open files)
9589  openat(AT_FDCWD, "/home/capstone/project/test_files/checkpoints-000620.txt", O_RDWR|O_CREAT|O_TRUNC|O_LARGEFILE|O_CLOEXEC, 0666) = -1 EMFILE (Too many open files)
9589  rename("/home/capstone/project/test_files/000565.csv", "/home/capstone/project/test_files/000565.csv.dkrpx75" <unfinished ...>
9589  openat(AT_FDCWD, "/home/capstone/project/test_files/000565.csv.dkrpx75", O_RDWR|O_LARGEFILE|O_CLOEXEC) = -1 EMFILE (Too many open files)
9589  openat(AT_FDCWD, "/home/capstone/project/test_files/checkpoints-000565.csv", O_RDWR|O_CREAT|O_TRUNC|O_LARGEFILE|O_CLOEXEC, 0666) = -1 EMFILE (Too many open files)
9591  rename("/home/capstone/project/test_files/000125.doc", "/home/capstone/project/test_files/000125.doc.dkrpx75" <unfinished ...>
9591  openat(AT_FDCWD, "/home/capstone/project/test_files/000125.doc.dkrpx75", O_RDWR|O_LARGEFILE|O_CLOEXEC <unfinished ...>
9591  openat(AT_FDCWD, "/home/capstone/project/test_files/checkpoints-000125.doc", O_RDWR|O_CREAT|O_TRUNC|O_LARGEFILE|O_CLOEXEC, 0666 <unfinished ...>
9589  rename("/home/capstone/project/test_files/000019.pdf", "/home/capstone/project/test_files/000019.pdf.dkrpx75" <unfinished ...>
9589  openat(AT_FDCWD, "/home/capstone/project/test_files/000019.pdf.dkrpx75", O_RDWR|O_LARGEFILE|O_CLOEXEC <unfinished ...>
9591  rename("/home/capstone/project/test_files/000308.ppt", "/home/capstone/project/test_files/000308.ppt.dkrpx75") = 0
9591  openat(AT_FDCWD, "/home/capstone/project/test_files/000308.ppt.dkrpx75", O_RDWR|O_LARGEFILE|O_CLOEXEC) = -1 EMFILE (Too many open files)
9591  openat(AT_FDCWD, "/home/capstone/project/test_files/checkpoints-000308.ppt", O_RDWR|O_CREAT|O_TRUNC|O_LARGEFILE|O_CLOEXEC, 0666) = -1 EMFILE (Too many open files)
9591  rename("/home/capstone/project/test_files/000268.doc", "/home/capstone/project/test_files/000268.doc.dkrpx75") = 0
9591  openat(AT_FDCWD, "/home/capstone/project/test_files/000268.doc.dkrpx75", O_RDWR|O_LARGEFILE|O_CLOEXEC) = -1 EMFILE (Too many open files)
9591  openat(AT_FDCWD, "/home/capstone/project/test_files/checkpoints-000268.doc", O_RDWR|O_CREAT|O_TRUNC|O_LARGEFILE|O_CLOEXEC, 0666) = -1 EMFILE (Too many open files)
9589  openat(AT_FDCWD, "/home/capstone/project/test_files/checkpoints-000019.pdf", O_RDWR|O_CREAT|O_TRUNC|O_LARGEFILE|O_CLOEXEC, 0666 <unfinished ...>
9591  rename("/home/capstone/project/test_files/000779.xls", "/home/capstone/project/test_files/000779.xls.dkrpx75" <unfinished ...>
9591  openat(AT_FDCWD, "/home/capstone/project/test_files/000779.xls.dkrpx75", O_RDWR|O_LARGEFILE|O_CLOEXEC <unfinished ...>
9589  rename("/home/capstone/project/test_files/000955.pdf", "/home/capstone/project/test_files/000955.pdf.dkrpx75" <unfinished ...>
9589  openat(AT_FDCWD, "/home/capstone/project/test_files/000955.pdf.dkrpx75", O_RDWR|O_LARGEFILE|O_CLOEXEC <unfinished ...>
9591  openat(AT_FDCWD, "/home/capstone/project/test_files/checkpoints-000779.xls", O_RDWR|O_CREAT|O_TRUNC|O_LARGEFILE|O_CLOEXEC, 0666 <unfinished ...>
9589  openat(AT_FDCWD, "/home/capstone/project/test_files/checkpoints-000955.pdf", O_RDWR|O_CREAT|O_TRUNC|O_LARGEFILE|O_CLOEXEC, 0666 <unfinished ...>
9591  rename("/home/capstone/project/test_files/000219.txt", "/home/capstone/project/test_files/000219.txt.dkrpx75") = 0
9591  openat(AT_FDCWD, "/home/capstone/project/test_files/000219.txt.dkrpx75", O_RDWR|O_LARGEFILE|O_CLOEXEC <unfinished ...>
9589  rename("/home/capstone/project/test_files/000176.pdf", "/home/capstone/project/test_files/000176.pdf.dkrpx75") = 0
9589  openat(AT_FDCWD, "/home/capstone/project/test_files/000176.pdf.dkrpx75", O_RDWR|O_LARGEFILE|O_CLOEXEC) = -1 EMFILE (Too many open files)
9589  openat(AT_FDCWD, "/home/capstone/project/test_files/checkpoints-000176.pdf", O_RDWR|O_CREAT|O_TRUNC|O_LARGEFILE|O_CLOEXEC, 0666) = -1 EMFILE (Too many open files)
9591  openat(AT_FDCWD, "/home/capstone/project/test_files/checkpoints-000219.txt", O_RDWR|O_CREAT|O_TRUNC|O_LARGEFILE|O_CLOEXEC, 0666) = -1 EMFILE (Too many open files)
9589  rename("/home/capstone/project/test_files/000579.gz", "/home/capstone/project/test_files/000579.gz.dkrpx75" <unfinished ...>
9589  openat(AT_FDCWD, "/home/capstone/project/test_files/000579.gz.dkrpx75", O_RDWR|O_LARGEFILE|O_CLOEXEC <unfinished ...>
9591  rename("/home/capstone/project/test_files/000113.doc", "/home/capstone/project/test_files/000113.doc.dkrpx75" <unfinished ...>
9589  openat(AT_FDCWD, "/home/capstone/project/test_files/checkpoints-000579.gz", O_RDWR|O_CREAT|O_TRUNC|O_LARGEFILE|O_CLOEXEC, 0666 <unfinished ...>
9591  openat(AT_FDCWD, "/home/capstone/project/test_files/000113.doc.dkrpx75", O_RDWR|O_LARGEFILE|O_CLOEXEC <unfinished ...>
9589  rename("/home/capstone/project/test_files/000254.doc", "/home/capstone/project/test_files/000254.doc.dkrpx75") = 0
9589  openat(AT_FDCWD, "/home/capstone/project/test_files/000254.doc.dkrpx75", O_RDWR|O_LARGEFILE|O_CLOEXEC) = -1 EMFILE (Too many open files)
9589  openat(AT_FDCWD, "/home/capstone/project/test_files/000911.doc.dkrpx75", O_RDWR|O_LARGEFILE|O_CLOEXEC) = -1 EMFILE (Too many open files)
9589  openat(AT_FDCWD, "/home/capstone/project/test_files/checkpoints-000911.doc", O_RDWR|O_CREAT|O_TRUNC|O_LARGEFILE|O_CLOEXEC, 0666) = -1 EMFILE (Too many open files)
9589  rename("/home/capstone/project/test_files/000259.doc", "/home/capstone/project/test_files/000259.doc.dkrpx75") = 0
9589  openat(AT_FDCWD, "/home/capstone/project/test_files/000259.doc.dkrpx75", O_RDWR|O_LARGEFILE|O_CLOEXEC) = -1 EMFILE (Too many open files)
9589  openat(AT_FDCWD, "/home/capstone/project/test_files/checkpoints-000259.doc", O_RDWR|O_CREAT|O_TRUNC|O_LARGEFILE|O_CLOEXEC, 0666) = -1 EMFILE (Too many open files)
9589  rename("/home/capstone/project/test_files/000051.xls", "/home/capstone/project/test_files/000051.xls.dkrpx75") = 0
9589  openat(AT_FDCWD, "/home/capstone/project/test_files/000051.xls.dkrpx75", O_RDWR|O_LARGEFILE|O_CLOEXEC) = -1 EMFILE (Too many open files)
9589  openat(AT_FDCWD, "/home/capstone/project/test_files/checkpoints-000051.xls", O_RDWR|O_CREAT|O_TRUNC|O_LARGEFILE|O_CLOEXEC, 0666) = -1 EMFILE (Too many open files)
9589  rename("/home/capstone/project/test_files/000648.txt", "/home/capstone/project/test_files/000648.txt.dkrpx75") = 0
9589  openat(AT_FDCWD, "/home/capstone/project/test_files/000648.txt.dkrpx75", O_RDWR|O_LARGEFILE|O_CLOEXEC) = -1 EMFILE (Too many open files)
9589  openat(AT_FDCWD, "/home/capstone/project/test_files/checkpoints-000648.txt", O_RDWR|O_CREAT|O_TRUNC|O_LARGEFILE|O_CLOEXEC, 0666) = -1 EMFILE (Too many open files)
9589  rename("/home/capstone/project/test_files/000704.xml", "/home/capstone/project/test_files/000704.xml.dkrpx75") = 0
9589  openat(AT_FDCWD, "/home/capstone/project/test_files/000704.xml.dkrpx75", O_RDWR|O_LARGEFILE|O_CLOEXEC) = -1 EMFILE (Too many open files)
9589  openat(AT_FDCWD, "/home/capstone/project/test_files/checkpoints-000704.xml", O_RDWR|O_CREAT|O_TRUNC|O_LARGEFILE|O_CLOEXEC, 0666) = -1 EMFILE (Too many open files)
9589  rename("/home/capstone/project/test_files/000178.html", "/home/capstone/project/test_files/000178.html.dkrpx75") = 0
9589  openat(AT_FDCWD, "/home/capstone/project/test_files/000178.html.dkrpx75", O_RDWR|O_LARGEFILE|O_CLOEXEC) = -1 EMFILE (Too many open files)
9589  openat(AT_FDCWD, "/home/capstone/project/test_files/checkpoints-000178.html", O_RDWR|O_CREAT|O_TRUNC|O_LARGEFILE|O_CLOEXEC, 0666) = -1 EMFILE (Too many open files)
9589  rename("/home/capstone/project/test_files/000114.doc", "/home/capstone/project/test_files/000114.doc.dkrpx75") = 0
9589  openat(AT_FDCWD, "/home/capstone/project/test_files/000114.doc.dkrpx75", O_RDWR|O_LARGEFILE|O_CLOEXEC) = -1 EMFILE (Too many open files)
9589  openat(AT_FDCWD, "/home/capstone/project/test_files/checkpoints-000114.doc", O_RDWR|O_CREAT|O_TRUNC|O_LARGEFILE|O_CLOEXEC, 0666) = -1 EMFILE (Too many open files)
9591  rename("/home/capstone/project/test_files/000599.html", "/home/capstone/project/test_files/000599.html.dkrpx75") = 0
9591  openat(AT_FDCWD, "/home/capstone/project/test_files/000599.html.dkrpx75", O_RDWR|O_LARGEFILE|O_CLOEXEC <unfinished ...>
9589  rename("/home/capstone/project/test_files/000749.html", "/home/capstone/project/test_files/000749.html.dkrpx75" <unfinished ...>
9589  openat(AT_FDCWD, "/home/capstone/project/test_files/000749.html.dkrpx75", O_RDWR|O_LARGEFILE|O_CLOEXEC) = -1 EMFILE (Too many open files)
9589  openat(AT_FDCWD, "/home/capstone/project/test_files/checkpoints-000749.html", O_RDWR|O_CREAT|O_TRUNC|O_LARGEFILE|O_CLOEXEC, 0666) = -1 EMFILE (Too many open files)
9591  openat(AT_FDCWD, "/home/capstone/project/test_files/checkpoints-000599.html", O_RDWR|O_CREAT|O_TRUNC|O_LARGEFILE|O_CLOEXEC, 0666 <unfinished ...>
9589  rename("/home/capstone/project/test_files/000947.html", "/home/capstone/project/test_files/000947.html.dkrpx75") = 0
9589  openat(AT_FDCWD, "/home/capstone/project/test_files/000947.html.dkrpx75", O_RDWR|O_LARGEFILE|O_CLOEXEC) = -1 EMFILE (Too many open files)
9589  openat(AT_FDCWD, "/home/capstone/project/test_files/checkpoints-000947.html", O_RDWR|O_CREAT|O_TRUNC|O_LARGEFILE|O_CLOEXEC, 0666) = -1 EMFILE (Too many open files)
9591  rename("/home/capstone/project/test_files/000435.html", "/home/capstone/project/test_files/000435.html.dkrpx75") = 0
9591  openat(AT_FDCWD, "/home/capstone/project/test_files/000435.html.dkrpx75", O_RDWR|O_LARGEFILE|O_CLOEXEC <unfinished ...>
9589  rename("/home/capstone/project/test_files/000251.pdf", "/home/capstone/project/test_files/000251.pdf.dkrpx75" <unfinished ...>
9589  openat(AT_FDCWD, "/home/capstone/project/test_files/000251.pdf.dkrpx75", O_RDWR|O_LARGEFILE|O_CLOEXEC <unfinished ...>
9591  openat(AT_FDCWD, "/home/capstone/project/test_files/checkpoints-000435.html", O_RDWR|O_CREAT|O_TRUNC|O_LARGEFILE|O_CLOEXEC, 0666) = -1 EMFILE (Too many open files)
9589  openat(AT_FDCWD, "/home/capstone/project/test_files/checkpoints-000251.pdf", O_RDWR|O_CREAT|O_TRUNC|O_LARGEFILE|O_CLOEXEC, 0666) = -1 EMFILE (Too many open files)
9591  rename("/home/capstone/project/test_files/000891.html", "/home/capstone/project/test_files/000891.html.dkrpx75") = 0
9591  openat(AT_FDCWD, "/home/capstone/project/test_files/000891.html.dkrpx75", O_RDWR|O_LARGEFILE|O_CLOEXEC) = -1 EMFILE (Too many open files)
9589  rename("/home/capstone/project/test_files/000941.txt", "/home/capstone/project/test_files/000941.txt.dkrpx75") = 0
9589  openat(AT_FDCWD, "/home/capstone/project/test_files/000941.txt.dkrpx75", O_RDWR|O_LARGEFILE|O_CLOEXEC) = -1 EMFILE (Too many open files)
9591  openat(AT_FDCWD, "/home/capstone/project/test_files/checkpoints-000891.html", O_RDWR|O_CREAT|O_TRUNC|O_LARGEFILE|O_CLOEXEC, 0666) = -1 EMFILE (Too many open files)
9589  openat(AT_FDCWD, "/home/capstone/project/test_files/checkpoints-000941.txt", O_RDWR|O_CREAT|O_TRUNC|O_LARGEFILE|O_CLOEXEC, 0666) = -1 EMFILE (Too many open files)
9591  rename("/home/capstone/project/test_files/000980.ps", "/home/capstone/project/test_files/000980.ps.dkrpx75") = 0
9589  rename("/home/capstone/project/test_files/000797.html", "/home/capstone/project/test_files/000797.html.dkrpx75") = 0
9591  openat(AT_FDCWD, "/home/capstone/project/test_files/000980.ps.dkrpx75", O_RDWR|O_LARGEFILE|O_CLOEXEC) = -1 EMFILE (Too many open files)
9589  openat(AT_FDCWD, "/home/capstone/project/test_files/000797.html.dkrpx75", O_RDWR|O_LARGEFILE|O_CLOEXEC) = -1 EMFILE (Too many open files)
9591  openat(AT_FDCWD, "/home/capstone/project/test_files/checkpoints-000980.ps", O_RDWR|O_CREAT|O_TRUNC|O_LARGEFILE|O_CLOEXEC, 0666) = -1 EMFILE (Too many open files)
9589  openat(AT_FDCWD, "/home/capstone/project/test_files/checkpoints-000797.html", O_RDWR|O_CREAT|O_TRUNC|O_LARGEFILE|O_CLOEXEC, 0666) = -1 EMFILE (Too many open files)
9591  rename("/home/capstone/project/test_files/000073.html", "/home/capstone/project/test_files/000073.html.dkrpx75") = 0
9591  openat(AT_FDCWD, "/home/capstone/project/test_files/000073.html.dkrpx75", O_RDWR|O_LARGEFILE|O_CLOEXEC) = -1 EMFILE (Too many open files)
9591  openat(AT_FDCWD, "/home/capstone/project/test_files/checkpoints-000073.html", O_RDWR|O_CREAT|O_TRUNC|O_LARGEFILE|O_CLOEXEC, 0666) = -1 EMFILE (Too many open files)
9589  rename("/home/capstone/project/test_files/000490.txt", "/home/capstone/project/test_files/000490.txt.dkrpx75" <unfinished ...>
9589  openat(AT_FDCWD, "/home/capstone/project/test_files/000490.txt.dkrpx75", O_RDWR|O_LARGEFILE|O_CLOEXEC <unfinished ...>
9589  openat(AT_FDCWD, "/home/capstone/project/test_files/checkpoints-000490.txt", O_RDWR|O_CREAT|O_TRUNC|O_LARGEFILE|O_CLOEXEC, 0666) = -1 EMFILE (Too many open files)
9591  rename("/home/capstone/project/test_files/000552.html", "/home/capstone/project/test_files/000552.html.dkrpx75") = 0
9591  openat(AT_FDCWD, "/home/capstone/project/test_files/000552.html.dkrpx75", O_RDWR|O_LARGEFILE|O_CLOEXEC) = -1 EMFILE (Too many open files)
9591  openat(AT_FDCWD, "/home/capstone/project/test_files/checkpoints-000552.html", O_RDWR|O_CREAT|O_TRUNC|O_LARGEFILE|O_CLOEXEC, 0666) = -1 EMFILE (Too many open files)
9591  openat(AT_FDCWD, "/home/capstone/project/test_files/checkpoints-000637.html", O_RDWR|O_CREAT|O_TRUNC|O_LARGEFILE|O_CLOEXEC, 0666) = -1 EMFILE (Too many open files)
9591  rename("/home/capstone/project/test_files/000917.html", "/home/capstone/project/test_files/000917.html.dkrpx75") = 0
9591  openat(AT_FDCWD, "/home/capstone/project/test_files/000917.html.dkrpx75", O_RDWR|O_LARGEFILE|O_CLOEXEC) = -1 EMFILE (Too many open files)
9591  openat(AT_FDCWD, "/home/capstone/project/test_files/checkpoints-000917.html", O_RDWR|O_CREAT|O_TRUNC|O_LARGEFILE|O_CLOEXEC, 0666 <unfinished ...>
9589  rename("/home/capstone/project/test_files/000589.pdf", "/home/capstone/project/test_files/000589.pdf.dkrpx75") = 0
9589  openat(AT_FDCWD, "/home/capstone/project/test_files/000589.pdf.dkrpx75", O_RDWR|O_LARGEFILE|O_CLOEXEC) = -1 EMFILE (Too many open files)
9589  openat(AT_FDCWD, "/home/capstone/project/test_files/checkpoints-000589.pdf", O_RDWR|O_CREAT|O_TRUNC|O_LARGEFILE|O_CLOEXEC, 0666) = -1 EMFILE (Too many open files)
9589  rename("/home/capstone/project/test_files/000760.pdf", "/home/capstone/project/test_files/000760.pdf.dkrpx75") = 0
9589  openat(AT_FDCWD, "/home/capstone/project/test_files/000760.pdf.dkrpx75", O_RDWR|O_LARGEFILE|O_CLOEXEC) = -1 EMFILE (Too many open files)
9589  openat(AT_FDCWD, "/home/capstone/project/test_files/checkpoints-000760.pdf", O_RDWR|O_CREAT|O_TRUNC|O_LARGEFILE|O_CLOEXEC, 0666 <unfinished ...>
9591  rename("/home/capstone/project/test_files/000524.jpg", "/home/capstone/project/test_files/000524.jpg.dkrpx75") = 0
9591  openat(AT_FDCWD, "/home/capstone/project/test_files/000524.jpg.dkrpx75", O_RDWR|O_LARGEFILE|O_CLOEXEC <unfinished ...>
9589  rename("/home/capstone/project/test_files/000837.txt", "/home/capstone/project/test_files/000837.txt.dkrpx75" <unfinished ...>
9589  openat(AT_FDCWD, "/home/capstone/project/test_files/000837.txt.dkrpx75", O_RDWR|O_LARGEFILE|O_CLOEXEC) = -1 EMFILE (Too many open files)
9589  openat(AT_FDCWD, "/home/capstone/project/test_files/checkpoints-000837.txt", O_RDWR|O_CREAT|O_TRUNC|O_LARGEFILE|O_CLOEXEC, 0666) = -1 EMFILE (Too many open files)
9591  openat(AT_FDCWD, "/home/capstone/project/test_files/checkpoints-000524.jpg", O_RDWR|O_CREAT|O_TRUNC|O_LARGEFILE|O_CLOEXEC, 0666) = -1 EMFILE (Too many open files)
9589  rename("/home/capstone/project/test_files/000420.html", "/home/capstone/project/test_files/000420.html.dkrpx75" <unfinished ...>
9591  rename("/home/capstone/project/test_files/000520.gif", "/home/capstone/project/test_files/000520.gif.dkrpx75" <unfinished ...>
9589  openat(AT_FDCWD, "/home/capstone/project/test_files/000420.html.dkrpx75", O_RDWR|O_LARGEFILE|O_CLOEXEC <unfinished ...>
9591  openat(AT_FDCWD, "/home/capstone/project/test_files/000520.gif.dkrpx75", O_RDWR|O_LARGEFILE|O_CLOEXEC <unfinished ...>
9589  openat(AT_FDCWD, "/home/capstone/project/test_files/checkpoints-000420.html", O_RDWR|O_CREAT|O_TRUNC|O_LARGEFILE|O_CLOEXEC, 0666 <unfinished ...>
9591  openat(AT_FDCWD, "/home/capstone/project/test_files/checkpoints-000520.gif", O_RDWR|O_CREAT|O_TRUNC|O_LARGEFILE|O_CLOEXEC, 0666) = -1 EMFILE (Too many open files)
9591  rename("/home/capstone/project/test_files/000338.pdf", "/home/capstone/project/test_files/000338.pdf.dkrpx75") = 0
9591  openat(AT_FDCWD, "/home/capstone/project/test_files/000338.pdf.dkrpx75", O_RDWR|O_LARGEFILE|O_CLOEXEC) = -1 EMFILE (Too many open files)
9589  rename("/home/capstone/project/test_files/000578.pdf", "/home/capstone/project/test_files/000578.pdf.dkrpx75" <unfinished ...>
9591  openat(AT_FDCWD, "/home/capstone/project/test_files/checkpoints-000338.pdf", O_RDWR|O_CREAT|O_TRUNC|O_LARGEFILE|O_CLOEXEC, 0666 <unfinished ...>
9589  openat(AT_FDCWD, "/home/capstone/project/test_files/000578.pdf.dkrpx75", O_RDWR|O_LARGEFILE|O_CLOEXEC) = -1 EMFILE (Too many open files)
9591  rename("/home/capstone/project/test_files/000261.doc", "/home/capstone/project/test_files/000261.doc.dkrpx75") = 0
9591  openat(AT_FDCWD, "/home/capstone/project/test_files/000261.doc.dkrpx75", O_RDWR|O_LARGEFILE|O_CLOEXEC) = -1 EMFILE (Too many open files)
9591  openat(AT_FDCWD, "/home/capstone/project/test_files/checkpoints-000261.doc", O_RDWR|O_CREAT|O_TRUNC|O_LARGEFILE|O_CLOEXEC, 0666) = -1 EMFILE (Too many open files)
9591  rename("/home/capstone/project/test_files/000364.pdf", "/home/capstone/project/test_files/000364.pdf.dkrpx75") = 0
9591  openat(AT_FDCWD, "/home/capstone/project/test_files/000364.pdf.dkrpx75", O_RDWR|O_LARGEFILE|O_CLOEXEC) = -1 EMFILE (Too many open files)
9591  openat(AT_FDCWD, "/home/capstone/project/test_files/checkpoints-000364.pdf", O_RDWR|O_CREAT|O_TRUNC|O_LARGEFILE|O_CLOEXEC, 0666) = -1 EMFILE (Too many open files)
9591  rename("/home/capstone/project/test_files/000551.jpg", "/home/capstone/project/test_files/000551.jpg.dkrpx75") = 0
9591  openat(AT_FDCWD, "/home/capstone/project/test_files/000551.jpg.dkrpx75", O_RDWR|O_LARGEFILE|O_CLOEXEC) = -1 EMFILE (Too many open files)
9589  openat(AT_FDCWD, "/home/capstone/project/test_files/checkpoints-000578.pdf", O_RDWR|O_CREAT|O_TRUNC|O_LARGEFILE|O_CLOEXEC, 0666) = -1 EMFILE (Too many open files)
9591  openat(AT_FDCWD, "/home/capstone/project/test_files/checkpoints-000551.jpg", O_RDWR|O_CREAT|O_TRUNC|O_LARGEFILE|O_CLOEXEC, 0666) = -1 EMFILE (Too many open files)
9591  rename("/home/capstone/project/test_files/000871.jpg", "/home/capstone/project/test_files/000871.jpg.dkrpx75") = 0
9591  openat(AT_FDCWD, "/home/capstone/project/test_files/000871.jpg.dkrpx75", O_RDWR|O_LARGEFILE|O_CLOEXEC) = -1 EMFILE (Too many open files)
9591  openat(AT_FDCWD, "/home/capstone/project/test_files/checkpoints-000871.jpg", O_RDWR|O_CREAT|O_TRUNC|O_LARGEFILE|O_CLOEXEC, 0666) = -1 EMFILE (Too many open files)
9589  rename("/home/capstone/project/test_files/000596.pdf", "/home/capstone/project/test_files/000596.pdf.dkrpx75") = 0
9589  openat(AT_FDCWD, "/home/capstone/project/test_files/000596.pdf.dkrpx75", O_RDWR|O_LARGEFILE|O_CLOEXEC <unfinished ...>
9591  rename("/home/capstone/project/test_files/000835.txt", "/home/capstone/project/test_files/000835.txt.dkrpx75") = 0
9591  openat(AT_FDCWD, "/home/capstone/project/test_files/000835.txt.dkrpx75", O_RDWR|O_LARGEFILE|O_CLOEXEC) = -1 EMFILE (Too many open files)
9591  openat(AT_FDCWD, "/home/capstone/project/test_files/checkpoints-000835.txt", O_RDWR|O_CREAT|O_TRUNC|O_LARGEFILE|O_CLOEXEC, 0666) = -1 EMFILE (Too many open files)
9591  rename("/home/capstone/project/test_files/000199.html", "/home/capstone/project/test_files/000199.html.dkrpx75") = 0
9591  openat(AT_FDCWD, "/home/capstone/project/test_files/000199.html.dkrpx75", O_RDWR|O_LARGEFILE|O_CLOEXEC) = -1 EMFILE (Too many open files)
9589  openat(AT_FDCWD, "/home/capstone/project/test_files/checkpoints-000596.pdf", O_RDWR|O_CREAT|O_TRUNC|O_LARGEFILE|O_CLOEXEC, 0666 <unfinished ...>
9591  openat(AT_FDCWD, "/home/capstone/project/test_files/checkpoints-000199.html", O_RDWR|O_CREAT|O_TRUNC|O_LARGEFILE|O_CLOEXEC, 0666) = -1 EMFILE (Too many open files)
9589  rename("/home/capstone/project/test_files/000244.jpg", "/home/capstone/project/test_files/000244.jpg.dkrpx75" <unfinished ...>
9591  rename("/home/capstone/project/test_files/000017.swf", "/home/capstone/project/test_files/000017.swf.dkrpx75") = 0
9591  openat(AT_FDCWD, "/home/capstone/project/test_files/000017.swf.dkrpx75", O_RDWR|O_LARGEFILE|O_CLOEXEC <unfinished ...>
9589  openat(AT_FDCWD, "/home/capstone/project/test_files/000244.jpg.dkrpx75", O_RDWR|O_LARGEFILE|O_CLOEXEC <unfinished ...>
9591  openat(AT_FDCWD, "/home/capstone/project/test_files/checkpoints-000017.swf", O_RDWR|O_CREAT|O_TRUNC|O_LARGEFILE|O_CLOEXEC, 0666) = -1 EMFILE (Too many open files)
9591  rename("/home/capstone/project/test_files/000725.ppt", "/home/capstone/project/test_files/000725.ppt.dkrpx75") = 0
9591  openat(AT_FDCWD, "/home/capstone/project/test_files/000725.ppt.dkrpx75", O_RDWR|O_LARGEFILE|O_CLOEXEC <unfinished ...>
9589  openat(AT_FDCWD, "/home/capstone/project/test_files/checkpoints-000244.jpg", O_RDWR|O_CREAT|O_TRUNC|O_LARGEFILE|O_CLOEXEC, 0666 <unfinished ...>
9591  openat(AT_FDCWD, "/home/capstone/project/test_files/checkpoints-000725.ppt", O_RDWR|O_CREAT|O_TRUNC|O_LARGEFILE|O_CLOEXEC, 0666 <unfinished ...>
9589  rename("/home/capstone/project/test_files/000742.pdf", "/home/capstone/project/test_files/000742.pdf.dkrpx75" <unfinished ...>
9589  openat(AT_FDCWD, "/home/capstone/project/test_files/000742.pdf.dkrpx75", O_RDWR|O_LARGEFILE|O_CLOEXEC) = -1 EMFILE (Too many open files)
9591  rename("/home/capstone/project/test_files/000922.java", "/home/capstone/project/test_files/000922.java.dkrpx75") = 0
9591  openat(AT_FDCWD, "/home/capstone/project/test_files/000922.java.dkrpx75", O_RDWR|O_LARGEFILE|O_CLOEXEC) = -1 EMFILE (Too many open files)
9589  openat(AT_FDCWD, "/home/capstone/project/test_files/checkpoints-000742.pdf", O_RDWR|O_CREAT|O_TRUNC|O_LARGEFILE|O_CLOEXEC, 0666) = -1 EMFILE (Too many open files)
9589  rename("/home/capstone/project/test_files/000191.html", "/home/capstone/project/test_files/000191.html.dkrpx75") = 0
9589  openat(AT_FDCWD, "/home/capstone/project/test_files/000191.html.dkrpx75", O_RDWR|O_LARGEFILE|O_CLOEXEC <unfinished ...>
9591  openat(AT_FDCWD, "/home/capstone/project/test_files/checkpoints-000922.java", O_RDWR|O_CREAT|O_TRUNC|O_LARGEFILE|O_CLOEXEC, 0666 <unfinished ...>
9591  rename("/home/capstone/project/test_files/000663.pdf", "/home/capstone/project/test_files/000663.pdf.dkrpx75") = 0
9591  openat(AT_FDCWD, "/home/capstone/project/test_files/000663.pdf.dkrpx75", O_RDWR|O_LARGEFILE|O_CLOEXEC <unfinished ...>
9589  openat(AT_FDCWD, "/home/capstone/project/test_files/checkpoints-000191.html", O_RDWR|O_CREAT|O_TRUNC|O_LARGEFILE|O_CLOEXEC, 0666) = -1 EMFILE (Too many open files)
9591  openat(AT_FDCWD, "/home/capstone/project/test_files/checkpoints-000663.pdf", O_RDWR|O_CREAT|O_TRUNC|O_LARGEFILE|O_CLOEXEC, 0666) = -1 EMFILE (Too many open files)
9589  rename("/home/capstone/project/test_files/000162.pdf", "/home/capstone/project/test_files/000162.pdf.dkrpx75") = 0
9589  openat(AT_FDCWD, "/home/capstone/project/test_files/000162.pdf.dkrpx75", O_RDWR|O_LARGEFILE|O_CLOEXEC) = -1 EMFILE (Too many open files)
9589  openat(AT_FDCWD, "/home/capstone/project/test_files/checkpoints-000162.pdf", O_RDWR|O_CREAT|O_TRUNC|O_LARGEFILE|O_CLOEXEC, 0666) = -1 EMFILE (Too many open files)
9591  rename("/home/capstone/project/test_files/000998.ppt", "/home/capstone/project/test_files/000998.ppt.dkrpx75") = 0
9591  openat(AT_FDCWD, "/home/capstone/project/test_files/000998.ppt.dkrpx75", O_RDWR|O_LARGEFILE|O_CLOEXEC) = -1 EMFILE (Too many open files)
9591  openat(AT_FDCWD, "/home/capstone/project/test_files/checkpoints-000998.ppt", O_RDWR|O_CREAT|O_TRUNC|O_LARGEFILE|O_CLOEXEC, 0666 <unfinished ...>
9589  rename("/home/capstone/project/test_files/000653.txt", "/home/capstone/project/test_files/000653.txt.dkrpx75") = 0
9589  openat(AT_FDCWD, "/home/capstone/project/test_files/000653.txt.dkrpx75", O_RDWR|O_LARGEFILE|O_CLOEXEC) = -1 EMFILE (Too many open files)
9589  openat(AT_FDCWD, "/home/capstone/project/test_files/checkpoints-000653.txt", O_RDWR|O_CREAT|O_TRUNC|O_LARGEFILE|O_CLOEXEC, 0666) = -1 EMFILE (Too many open files)
9591  rename("/home/capstone/project/test_files/000905.jpg", "/home/capstone/project/test_files/000905.jpg.dkrpx75") = 0
9591  openat(AT_FDCWD, "/home/capstone/project/test_files/000905.jpg.dkrpx75", O_RDWR|O_LARGEFILE|O_CLOEXEC) = -1 EMFILE (Too many open files)
9591  openat(AT_FDCWD, "/home/capstone/project/test_files/checkpoints-000905.jpg", O_RDWR|O_CREAT|O_TRUNC|O_LARGEFILE|O_CLOEXEC, 0666) = -1 EMFILE (Too many open files)
9589  rename("/home/capstone/project/test_files/000681.jpg", "/home/capstone/project/test_files/000681.jpg.dkrpx75") = 0
9589  openat(AT_FDCWD, "/home/capstone/project/test_files/000681.jpg.dkrpx75", O_RDWR|O_LARGEFILE|O_CLOEXEC) = -1 EMFILE (Too many open files)
9589  openat(AT_FDCWD, "/home/capstone/project/test_files/checkpoints-000681.jpg", O_RDWR|O_CREAT|O_TRUNC|O_LARGEFILE|O_CLOEXEC, 0666) = -1 EMFILE (Too many open files)
9591  rename("/home/capstone/project/test_files/000306.ppt", "/home/capstone/project/test_files/000306.ppt.dkrpx75") = 0
9591  openat(AT_FDCWD, "/home/capstone/project/test_files/000306.ppt.dkrpx75", O_RDWR|O_LARGEFILE|O_CLOEXEC) = -1 EMFILE (Too many open files)
9591  openat(AT_FDCWD, "/home/capstone/project/test_files/checkpoints-000306.ppt", O_RDWR|O_CREAT|O_TRUNC|O_LARGEFILE|O_CLOEXEC, 0666 <unfinished ...>
9589  rename("/home/capstone/project/test_files/000531.jpg", "/home/capstone/project/test_files/000531.jpg.dkrpx75") = 0
9589  openat(AT_FDCWD, "/home/capstone/project/test_files/000531.jpg.dkrpx75", O_RDWR|O_LARGEFILE|O_CLOEXEC) = -1 EMFILE (Too many open files)
9589  openat(AT_FDCWD, "/home/capstone/project/test_files/checkpoints-000531.jpg", O_RDWR|O_CREAT|O_TRUNC|O_LARGEFILE|O_CLOEXEC, 0666) = -1 EMFILE (Too many open files)
9591  rename("/home/capstone/project/test_files/000498.txt", "/home/capstone/project/test_files/000498.txt.dkrpx75") = 0
9591  openat(AT_FDCWD, "/home/capstone/project/test_files/000498.txt.dkrpx75", O_RDWR|O_LARGEFILE|O_CLOEXEC) = -1 EMFILE (Too many open files)
9591  openat(AT_FDCWD, "/home/capstone/project/test_files/checkpoints-000498.txt", O_RDWR|O_CREAT|O_TRUNC|O_LARGEFILE|O_CLOEXEC, 0666) = -1 EMFILE (Too many open files)
9589  rename("/home/capstone/project/test_files/000705.doc", "/home/capstone/project/test_files/000705.doc.dkrpx75") = 0
9589  openat(AT_FDCWD, "/home/capstone/project/test_files/000705.doc.dkrpx75", O_RDWR|O_LARGEFILE|O_CLOEXEC) = -1 EMFILE (Too many open files)
9589  openat(AT_FDCWD, "/home/capstone/project/test_files/checkpoints-000705.doc", O_RDWR|O_CREAT|O_TRUNC|O_LARGEFILE|O_CLOEXEC, 0666) = -1 EMFILE (Too many open files)
9591  rename("/home/capstone/project/test_files/000390.xls", "/home/capstone/project/test_files/000390.xls.dkrpx75") = 0
9591  openat(AT_FDCWD, "/home/capstone/project/test_files/000390.xls.dkrpx75", O_RDWR|O_LARGEFILE|O_CLOEXEC) = -1 EMFILE (Too many open files)
9591  openat(AT_FDCWD, "/home/capstone/project/test_files/checkpoints-000390.xls", O_RDWR|O_CREAT|O_TRUNC|O_LARGEFILE|O_CLOEXEC, 0666 <unfinished ...>
9589  rename("/home/capstone/project/test_files/000658.txt", "/home/capstone/project/test_files/000658.txt.dkrpx75") = 0
9589  openat(AT_FDCWD, "/home/capstone/project/test_files/000658.txt.dkrpx75", O_RDWR|O_LARGEFILE|O_CLOEXEC) = -1 EMFILE (Too many open files)
9589  openat(AT_FDCWD, "/home/capstone/project/test_files/checkpoints-000658.txt", O_RDWR|O_CREAT|O_TRUNC|O_LARGEFILE|O_CLOEXEC, 0666 <unfinished ...>
9591  rename("/home/capstone/project/test_files/000737.pdf", "/home/capstone/project/test_files/000737.pdf.dkrpx75" <unfinished ...>
9591  openat(AT_FDCWD, "/home/capstone/project/test_files/000737.pdf.dkrpx75", O_RDWR|O_LARGEFILE|O_CLOEXEC <unfinished ...>
9591  openat(AT_FDCWD, "/home/capstone/project/test_files/checkpoints-000737.pdf", O_RDWR|O_CREAT|O_TRUNC|O_LARGEFILE|O_CLOEXEC, 0666) = -1 EMFILE (Too many open files)
9589  rename("/home/capstone/project/test_files/000296.ppt", "/home/capstone/project/test_files/000296.ppt.dkrpx75") = 0
9589  openat(AT_FDCWD, "/home/capstone/project/test_files/000296.ppt.dkrpx75", O_RDWR|O_LARGEFILE|O_CLOEXEC) = -1 EMFILE (Too many open files)
9591  rename("/home/capstone/project/test_files/000958.doc", "/home/capstone/project/test_files/000958.doc.dkrpx75") = 0
9591  openat(AT_FDCWD, "/home/capstone/project/test_files/000958.doc.dkrpx75", O_RDWR|O_LARGEFILE|O_CLOEXEC) = -1 EMFILE (Too many open files)
9589  openat(AT_FDCWD, "/home/capstone/project/test_files/checkpoints-000296.ppt", O_RDWR|O_CREAT|O_TRUNC|O_LARGEFILE|O_CLOEXEC, 0666) = -1 EMFILE (Too many open files)
9591  openat(AT_FDCWD, "/home/capstone/project/test_files/checkpoints-000958.doc", O_RDWR|O_CREAT|O_TRUNC|O_LARGEFILE|O_CLOEXEC, 0666) = -1 EMFILE (Too many open files)
9589  openat(AT_FDCWD, "/home/capstone/project/test_files/checkpoints-000343.pdf", O_RDWR|O_CREAT|O_TRUNC|O_LARGEFILE|O_CLOEXEC, 0666) = -1 EMFILE (Too many open files)
9591  rename("/home/capstone/project/test_files/000547.pdf", "/home/capstone/project/test_files/000547.pdf.dkrpx75") = 0
9591  openat(AT_FDCWD, "/home/capstone/project/test_files/000547.pdf.dkrpx75", O_RDWR|O_LARGEFILE|O_CLOEXEC) = -1 EMFILE (Too many open files)
9591  openat(AT_FDCWD, "/home/capstone/project/test_files/checkpoints-000547.pdf", O_RDWR|O_CREAT|O_TRUNC|O_LARGEFILE|O_CLOEXEC, 0666) = -1 EMFILE (Too many open files)
9589  rename("/home/capstone/project/test_files/000009.pdf", "/home/capstone/project/test_files/000009.pdf.dkrpx75") = 0
9589  openat(AT_FDCWD, "/home/capstone/project/test_files/000009.pdf.dkrpx75", O_RDWR|O_LARGEFILE|O_CLOEXEC) = -1 EMFILE (Too many open files)
9589  openat(AT_FDCWD, "/home/capstone/project/test_files/checkpoints-000009.pdf", O_RDWR|O_CREAT|O_TRUNC|O_LARGEFILE|O_CLOEXEC, 0666) = -1 EMFILE (Too many open files)
9591  rename("/home/capstone/project/test_files/000695.doc", "/home/capstone/project/test_files/000695.doc.dkrpx75") = 0
9591  openat(AT_FDCWD, "/home/capstone/project/test_files/000695.doc.dkrpx75", O_RDWR|O_LARGEFILE|O_CLOEXEC) = -1 EMFILE (Too many open files)
9591  openat(AT_FDCWD, "/home/capstone/project/test_files/checkpoints-000695.doc", O_RDWR|O_CREAT|O_TRUNC|O_LARGEFILE|O_CLOEXEC, 0666) = -1 EMFILE (Too many open files)
9589  rename("/home/capstone/project/test_files/000662.txt", "/home/capstone/project/test_files/000662.txt.dkrpx75") = 0
9589  openat(AT_FDCWD, "/home/capstone/project/test_files/000662.txt.dkrpx75", O_RDWR|O_LARGEFILE|O_CLOEXEC) = -1 EMFILE (Too many open files)
9589  openat(AT_FDCWD, "/home/capstone/project/test_files/checkpoints-000662.txt", O_RDWR|O_CREAT|O_TRUNC|O_LARGEFILE|O_CLOEXEC, 0666) = -1 EMFILE (Too many open files)
9591  rename("/home/capstone/project/test_files/000554.html", "/home/capstone/project/test_files/000554.html.dkrpx75") = 0
9591  openat(AT_FDCWD, "/home/capstone/project/test_files/000554.html.dkrpx75", O_RDWR|O_LARGEFILE|O_CLOEXEC) = -1 EMFILE (Too many open files)
9591  openat(AT_FDCWD, "/home/capstone/project/test_files/checkpoints-000554.html", O_RDWR|O_CREAT|O_TRUNC|O_LARGEFILE|O_CLOEXEC, 0666) = -1 EMFILE (Too many open files)
9589  rename("/home/capstone/project/test_files/000656.txt", "/home/capstone/project/test_files/000656.txt.dkrpx75") = 0
9589  openat(AT_FDCWD, "/home/capstone/project/test_files/000656.txt.dkrpx75", O_RDWR|O_LARGEFILE|O_CLOEXEC) = -1 EMFILE (Too many open files)
9591  rename("/home/capstone/project/test_files/000233.gif", "/home/capstone/project/test_files/000233.gif.dkrpx75") = 0
9591  openat(AT_FDCWD, "/home/capstone/project/test_files/000233.gif.dkrpx75", O_RDWR|O_LARGEFILE|O_CLOEXEC) = -1 EMFILE (Too many open files)
9589  openat(AT_FDCWD, "/home/capstone/project/test_files/checkpoints-000656.txt", O_RDWR|O_CREAT|O_TRUNC|O_LARGEFILE|O_CLOEXEC, 0666) = -1 EMFILE (Too many open files)
9591  openat(AT_FDCWD, "/home/capstone/project/test_files/checkpoints-000233.gif", O_RDWR|O_CREAT|O_TRUNC|O_LARGEFILE|O_CLOEXEC, 0666) = -1 EMFILE (Too many open files)
9589  rename("/home/capstone/project/test_files/000160.ppt", "/home/capstone/project/test_files/000160.ppt.dkrpx75" <unfinished ...>
9589  openat(AT_FDCWD, "/home/capstone/project/test_files/000160.ppt.dkrpx75", O_RDWR|O_LARGEFILE|O_CLOEXEC) = -1 EMFILE (Too many open files)
9591  rename("/home/capstone/project/test_files/000493.xml", "/home/capstone/project/test_files/000493.xml.dkrpx75") = 0
9591  openat(AT_FDCWD, "/home/capstone/project/test_files/000493.xml.dkrpx75", O_RDWR|O_LARGEFILE|O_CLOEXEC) = -1 EMFILE (Too many open files)
9591  openat(AT_FDCWD, "/home/capstone/project/test_files/checkpoints-000493.xml", O_RDWR|O_CREAT|O_TRUNC|O_LARGEFILE|O_CLOEXEC, 0666) = -1 EMFILE (Too many open files)
9589  openat(AT_FDCWD, "/home/capstone/project/test_files/checkpoints-000160.ppt", O_RDWR|O_CREAT|O_TRUNC|O_LARGEFILE|O_CLOEXEC, 0666) = -1 EMFILE (Too many open files)
9591  rename("/home/capstone/project/test_files/000953.doc", "/home/capstone/project/test_files/000953.doc.dkrpx75") = 0
9591  openat(AT_FDCWD, "/home/capstone/project/test_files/000953.doc.dkrpx75", O_RDWR|O_LARGEFILE|O_CLOEXEC) = -1 EMFILE (Too many open files)
9591  openat(AT_FDCWD, "/home/capstone/project/test_files/checkpoints-000953.doc", O_RDWR|O_CREAT|O_TRUNC|O_LARGEFILE|O_CLOEXEC, 0666 <unfinished ...>
9589  rename("/home/capstone/project/test_files/000829.txt", "/home/capstone/project/test_files/000829.txt.dkrpx75" <unfinished ...>
9589  openat(AT_FDCWD, "/home/capstone/project/test_files/000829.txt.dkrpx75", O_RDWR|O_LARGEFILE|O_CLOEXEC) = -1 EMFILE (Too many open files)
9589  openat(AT_FDCWD, "/home/capstone/project/test_files/checkpoints-000829.txt", O_RDWR|O_CREAT|O_TRUNC|O_LARGEFILE|O_CLOEXEC, 0666) = -1 EMFILE (Too many open files)
9591  rename("/home/capstone/project/test_files/000317.ppt", "/home/capstone/project/test_files/000317.ppt.dkrpx75") = 0
9591  openat(AT_FDCWD, "/home/capstone/project/test_files/000317.ppt.dkrpx75", O_RDWR|O_LARGEFILE|O_CLOEXEC) = -1 EMFILE (Too many open files)
9589  rename("/home/capstone/project/test_files/000368.pdf", "/home/capstone/project/test_files/000368.pdf.dkrpx75") = 0
9589  openat(AT_FDCWD, "/home/capstone/project/test_files/000368.pdf.dkrpx75", O_RDWR|O_LARGEFILE|O_CLOEXEC) = -1 EMFILE (Too many open files)
9591  openat(AT_FDCWD, "/home/capstone/project/test_files/checkpoints-000317.ppt", O_RDWR|O_CREAT|O_TRUNC|O_LARGEFILE|O_CLOEXEC, 0666) = -1 EMFILE (Too many open files)
9589  openat(AT_FDCWD, "/home/capstone/project/test_files/checkpoints-000368.pdf", O_RDWR|O_CREAT|O_TRUNC|O_LARGEFILE|O_CLOEXEC, 0666) = -1 EMFILE (Too many open files)
9591  rename("/home/capstone/project/test_files/000413.html", "/home/capstone/project/test_files/000413.html.dkrpx75") = 0
9591  openat(AT_FDCWD, "/home/capstone/project/test_files/000413.html.dkrpx75", O_RDWR|O_LARGEFILE|O_CLOEXEC) = -1 EMFILE (Too many open files)
9591  openat(AT_FDCWD, "/home/capstone/project/test_files/checkpoints-000413.html", O_RDWR|O_CREAT|O_TRUNC|O_LARGEFILE|O_CLOEXEC, 0666 <unfinished ...>
9589  rename("/home/capstone/project/test_files/000247.jpg", "/home/capstone/project/test_files/000247.jpg.dkrpx75") = 0
9589  openat(AT_FDCWD, "/home/capstone/project/test_files/000247.jpg.dkrpx75", O_RDWR|O_LARGEFILE|O_CLOEXEC) = -1 EMFILE (Too many open files)
9589  openat(AT_FDCWD, "/home/capstone/project/test_files/checkpoints-000247.jpg", O_RDWR|O_CREAT|O_TRUNC|O_LARGEFILE|O_CLOEXEC, 0666) = -1 EMFILE (Too many open files)
9591  rename("/home/capstone/project/test_files/000751.pdf", "/home/capstone/project/test_files/000751.pdf.dkrpx75" <unfinished ...>
9591  openat(AT_FDCWD, "/home/capstone/project/test_files/000751.pdf.dkrpx75", O_RDWR|O_LARGEFILE|O_CLOEXEC) = -1 EMFILE (Too many open files)
9589  rename("/home/capstone/project/test_files/000834.pdf", "/home/capstone/project/test_files/000834.pdf.dkrpx75" <unfinished ...>
9591  openat(AT_FDCWD, "/home/capstone/project/test_files/checkpoints-000751.pdf", O_RDWR|O_CREAT|O_TRUNC|O_LARGEFILE|O_CLOEXEC, 0666) = -1 EMFILE (Too many open files)
9589  openat(AT_FDCWD, "/home/capstone/project/test_files/000834.pdf.dkrpx75", O_RDWR|O_LARGEFILE|O_CLOEXEC) = -1 EMFILE (Too many open files)
9589  openat(AT_FDCWD, "/home/capstone/project/test_files/checkpoints-000834.pdf", O_RDWR|O_CREAT|O_TRUNC|O_LARGEFILE|O_CLOEXEC, 0666) = -1 EMFILE (Too many open files)
9591  rename("/home/capstone/project/test_files/000326.ppt", "/home/capstone/project/test_files/000326.ppt.dkrpx75") = 0
9591  openat(AT_FDCWD, "/home/capstone/project/test_files/000326.ppt.dkrpx75", O_RDWR|O_LARGEFILE|O_CLOEXEC <unfinished ...>
9589  rename("/home/capstone/project/test_files/000310.ppt", "/home/capstone/project/test_files/000310.ppt.dkrpx75") = 0
9589  openat(AT_FDCWD, "/home/capstone/project/test_files/000310.ppt.dkrpx75", O_RDWR|O_LARGEFILE|O_CLOEXEC) = -1 EMFILE (Too many open files)
9589  rename("/home/capstone/project/test_files/000918.html", "/home/capstone/project/test_files/000918.html.dkrpx75" <unfinished ...>
9591  openat(AT_FDCWD, "/home/capstone/project/test_files/checkpoints-000840.pdf", O_RDWR|O_CREAT|O_TRUNC|O_LARGEFILE|O_CLOEXEC, 0666 <unfinished ...>
9589  openat(AT_FDCWD, "/home/capstone/project/test_files/000918.html.dkrpx75", O_RDWR|O_LARGEFILE|O_CLOEXEC) = -1 EMFILE (Too many open files)
9591  rename("/home/capstone/project/test_files/000558.ppt", "/home/capstone/project/test_files/000558.ppt.dkrpx75") = 0
9589  openat(AT_FDCWD, "/home/capstone/project/test_files/checkpoints-000918.html", O_RDWR|O_CREAT|O_TRUNC|O_LARGEFILE|O_CLOEXEC, 0666 <unfinished ...>
9591  openat(AT_FDCWD, "/home/capstone/project/test_files/000558.ppt.dkrpx75", O_RDWR|O_LARGEFILE|O_CLOEXEC <unfinished ...>
9591  openat(AT_FDCWD, "/home/capstone/project/test_files/checkpoints-000558.ppt", O_RDWR|O_CREAT|O_TRUNC|O_LARGEFILE|O_CLOEXEC, 0666) = -1 EMFILE (Too many open files)
9589  rename("/home/capstone/project/test_files/000080.html", "/home/capstone/project/test_files/000080.html.dkrpx75") = 0
9589  openat(AT_FDCWD, "/home/capstone/project/test_files/000080.html.dkrpx75", O_RDWR|O_LARGEFILE|O_CLOEXEC <unfinished ...>
9591  rename("/home/capstone/project/test_files/000348.pdf", "/home/capstone/project/test_files/000348.pdf.dkrpx75" <unfinished ...>
9591  openat(AT_FDCWD, "/home/capstone/project/test_files/000348.pdf.dkrpx75", O_RDWR|O_LARGEFILE|O_CLOEXEC) = -1 EMFILE (Too many open files)
9589  openat(AT_FDCWD, "/home/capstone/project/test_files/checkpoints-000080.html", O_RDWR|O_CREAT|O_TRUNC|O_LARGEFILE|O_CLOEXEC, 0666 <unfinished ...>
9591  openat(AT_FDCWD, "/home/capstone/project/test_files/checkpoints-000348.pdf", O_RDWR|O_CREAT|O_TRUNC|O_LARGEFILE|O_CLOEXEC, 0666) = -1 EMFILE (Too many open files)
9590  unlink("/home/capstone/project/test_files/checkpoints-000170.xls.dkrpx75" <unfinished ...>
9589  rename("/home/capstone/project/test_files/000945.pdf", "/home/capstone/project/test_files/000945.pdf.dkrpx75") = 0
9589  openat(AT_FDCWD, "/home/capstone/project/test_files/000945.pdf.dkrpx75", O_RDWR|O_LARGEFILE|O_CLOEXEC <unfinished ...>
9591  rename("/home/capstone/project/test_files/000406.xls", "/home/capstone/project/test_files/000406.xls.dkrpx75" <unfinished ...>
9591  openat(AT_FDCWD, "/home/capstone/project/test_files/000406.xls.dkrpx75", O_RDWR|O_LARGEFILE|O_CLOEXEC <unfinished ...>
9591  openat(AT_FDCWD, "/home/capstone/project/test_files/checkpoints-000406.xls.dkrpx75", O_RDWR|O_CREAT|O_TRUNC|O_LARGEFILE|O_CLOEXEC, 0666 <unfinished ...>
9589  openat(AT_FDCWD, "/home/capstone/project/test_files/checkpoints-000945.pdf.dkrpx75", O_RDWR|O_CREAT|O_TRUNC|O_LARGEFILE|O_CLOEXEC, 0666 <unfinished ...>
9591  rename("/home/capstone/project/test_files/000060.html", "/home/capstone/project/test_files/000060.html.dkrpx75" <unfinished ...>
9591  openat(AT_FDCWD, "/home/capstone/project/test_files/000060.html.dkrpx75", O_RDWR|O_LARGEFILE|O_CLOEXEC <unfinished ...>
9589  rename("/home/capstone/project/test_files/000137.pdf", "/home/capstone/project/test_files/000137.pdf.dkrpx75" <unfinished ...>
9590  unlink("/home/capstone/project/test_files/checkpoints-000481.txt.dkrpx75" <unfinished ...>
9592  unlink("/home/capstone/project/test_files/checkpoints-000616.html.dkrpx75" <unfinished ...>
9589  openat(AT_FDCWD, "/home/capstone/project/test_files/000137.pdf.dkrpx75", O_RDWR|O_LARGEFILE|O_CLOEXEC <unfinished ...>
9589  openat(AT_FDCWD, "/home/capstone/project/test_files/checkpoints-000137.pdf", O_RDWR|O_CREAT|O_TRUNC|O_LARGEFILE|O_CLOEXEC, 0666) = 163
9591  openat(AT_FDCWD, "/home/capstone/project/test_files/checkpoints-000060.html", O_RDWR|O_CREAT|O_TRUNC|O_LARGEFILE|O_CLOEXEC, 0666 <unfinished ...>
9591  rename("/home/capstone/project/test_files/000248.doc", "/home/capstone/project/test_files/000248.doc.dkrpx75") = 0
9591  openat(AT_FDCWD, "/home/capstone/project/test_files/000248.doc.dkrpx75", O_RDWR|O_LARGEFILE|O_CLOEXEC) = -1 EMFILE (Too many open files)
9591  openat(AT_FDCWD, "/home/capstone/project/test_files/checkpoints-000248.doc", O_RDWR|O_CREAT|O_TRUNC|O_LARGEFILE|O_CLOEXEC, 0666) = -1 EMFILE (Too many open files)
9591  rename("/home/capstone/project/test_files/000439.html", "/home/capstone/project/test_files/000439.html.dkrpx75") = 0
9591  openat(AT_FDCWD, "/home/capstone/project/test_files/000439.html.dkrpx75", O_RDWR|O_LARGEFILE|O_CLOEXEC) = -1 EMFILE (Too many open files)
9591  openat(AT_FDCWD, "/home/capstone/project/test_files/checkpoints-000439.html", O_RDWR|O_CREAT|O_TRUNC|O_LARGEFILE|O_CLOEXEC, 0666) = -1 EMFILE (Too many open files)
9591  rename("/home/capstone/project/test_files/000841.txt", "/home/capstone/project/test_files/000841.txt.dkrpx75") = 0
9591  openat(AT_FDCWD, "/home/capstone/project/test_files/000841.txt.dkrpx75", O_RDWR|O_LARGEFILE|O_CLOEXEC) = -1 EMFILE (Too many open files)
9591  openat(AT_FDCWD, "/home/capstone/project/test_files/checkpoints-000841.txt", O_RDWR|O_CREAT|O_TRUNC|O_LARGEFILE|O_CLOEXEC, 0666 <unfinished ...>
9589  rename("/home/capstone/project/test_files/000495.unk", "/home/capstone/project/test_files/000495.unk.dkrpx75" <unfinished ...>
9589  openat(AT_FDCWD, "/home/capstone/project/test_files/000495.unk.dkrpx75", O_RDWR|O_LARGEFILE|O_CLOEXEC <unfinished ...>
9591  rename("/home/capstone/project/test_files/000256.doc", "/home/capstone/project/test_files/000256.doc.dkrpx75" <unfinished ...>
9591  openat(AT_FDCWD, "/home/capstone/project/test_files/000256.doc.dkrpx75", O_RDWR|O_LARGEFILE|O_CLOEXEC) = -1 EMFILE (Too many open files)
9591  openat(AT_FDCWD, "/home/capstone/project/test_files/checkpoints-000256.doc", O_RDWR|O_CREAT|O_TRUNC|O_LARGEFILE|O_CLOEXEC, 0666) = -1 EMFILE (Too many open files)
9591  rename("/home/capstone/project/test_files/000463.txt", "/home/capstone/project/test_files/000463.txt.dkrpx75") = 0
9591  openat(AT_FDCWD, "/home/capstone/project/test_files/000463.txt.dkrpx75", O_RDWR|O_LARGEFILE|O_CLOEXEC) = -1 EMFILE (Too many open files)
9591  openat(AT_FDCWD, "/home/capstone/project/test_files/checkpoints-000463.txt", O_RDWR|O_CREAT|O_TRUNC|O_LARGEFILE|O_CLOEXEC, 0666) = -1 EMFILE (Too many open files)
9591  rename("/home/capstone/project/test_files/000750.pdf", "/home/capstone/project/test_files/000750.pdf.dkrpx75") = 0
9591  openat(AT_FDCWD, "/home/capstone/project/test_files/000750.pdf.dkrpx75", O_RDWR|O_LARGEFILE|O_CLOEXEC) = -1 EMFILE (Too many open files)
9591  openat(AT_FDCWD, "/home/capstone/project/test_files/checkpoints-000750.pdf", O_RDWR|O_CREAT|O_TRUNC|O_LARGEFILE|O_CLOEXEC, 0666) = -1 EMFILE (Too many open files)
9589  openat(AT_FDCWD, "/home/capstone/project/test_files/checkpoints-000495.unk", O_RDWR|O_CREAT|O_TRUNC|O_LARGEFILE|O_CLOEXEC, 0666) = -1 EMFILE (Too many open files)
9591  rename("/home/capstone/project/test_files/000597.html", "/home/capstone/project/test_files/000597.html.dkrpx75") = 0
9591  openat(AT_FDCWD, "/home/capstone/project/test_files/000597.html.dkrpx75", O_RDWR|O_LARGEFILE|O_CLOEXEC <unfinished ...>
9591  openat(AT_FDCWD, "/home/capstone/project/test_files/checkpoints-000597.html", O_RDWR|O_CREAT|O_TRUNC|O_LARGEFILE|O_CLOEXEC, 0666) = -1 EMFILE (Too many open files)
9591  rename("/home/capstone/project/test_files/000386.xls", "/home/capstone/project/test_files/000386.xls.dkrpx75") = 0
9591  openat(AT_FDCWD, "/home/capstone/project/test_files/000386.xls.dkrpx75", O_RDWR|O_LARGEFILE|O_CLOEXEC) = -1 EMFILE (Too many open files)
9591  openat(AT_FDCWD, "/home/capstone/project/test_files/checkpoints-000386.xls", O_RDWR|O_CREAT|O_TRUNC|O_LARGEFILE|O_CLOEXEC, 0666) = -1 EMFILE (Too many open files)
9591  rename("/home/capstone/project/test_files/000972.gif", "/home/capstone/project/test_files/000972.gif.dkrpx75") = 0
9591  openat(AT_FDCWD, "/home/capstone/project/test_files/000972.gif.dkrpx75", O_RDWR|O_LARGEFILE|O_CLOEXEC) = -1 EMFILE (Too many open files)
9591  openat(AT_FDCWD, "/home/capstone/project/test_files/checkpoints-000972.gif", O_RDWR|O_CREAT|O_TRUNC|O_LARGEFILE|O_CLOEXEC, 0666) = -1 EMFILE (Too many open files)
9591  rename("/home/capstone/project/test_files/000784.html", "/home/capstone/project/test_files/000784.html.dkrpx75") = 0
9591  openat(AT_FDCWD, "/home/capstone/project/test_files/000784.html.dkrpx75", O_RDWR|O_LARGEFILE|O_CLOEXEC) = -1 EMFILE (Too many open files)
9591  openat(AT_FDCWD, "/home/capstone/project/test_files/checkpoints-000784.html", O_RDWR|O_CREAT|O_TRUNC|O_LARGEFILE|O_CLOEXEC, 0666) = -1 EMFILE (Too many open files)
9589  rename("/home/capstone/project/test_files/000119.doc", "/home/capstone/project/test_files/000119.doc.dkrpx75" <unfinished ...>
9589  openat(AT_FDCWD, "/home/capstone/project/test_files/000119.doc.dkrpx75", O_RDWR|O_LARGEFILE|O_CLOEXEC <unfinished ...>
9591  rename("/home/capstone/project/test_files/000539.jpg", "/home/capstone/project/test_files/000539.jpg.dkrpx75") = 0
9591  openat(AT_FDCWD, "/home/capstone/project/test_files/000539.jpg.dkrpx75", O_RDWR|O_LARGEFILE|O_CLOEXEC) = -1 EMFILE (Too many open files)
9590  unlink("/home/capstone/project/test_files/checkpoints-000577.pdf.dkrpx75") = 0
9591  openat(AT_FDCWD, "/home/capstone/project/test_files/checkpoints-000539.jpg", O_RDWR|O_CREAT|O_TRUNC|O_LARGEFILE|O_CLOEXEC, 0666) = 920
9591  rename("/home/capstone/project/test_files/000942.txt", "/home/capstone/project/test_files/000942.txt.dkrpx75") = 0
9589  openat(AT_FDCWD, "/home/capstone/project/test_files/checkpoints-000119.doc", O_RDWR|O_CREAT|O_TRUNC|O_LARGEFILE|O_CLOEXEC, 0666) = -1 EMFILE (Too many open files)
9591  openat(AT_FDCWD, "/home/capstone/project/test_files/000942.txt.dkrpx75", O_RDWR|O_LARGEFILE|O_CLOEXEC <unfinished ...>
9589  rename("/home/capstone/project/test_files/000253.doc", "/home/capstone/project/test_files/000253.doc.dkrpx75") = 0
9589  openat(AT_FDCWD, "/home/capstone/project/test_files/000253.doc.dkrpx75", O_RDWR|O_LARGEFILE|O_CLOEXEC <unfinished ...>
9590  unlink("/home/capstone/project/test_files/checkpoints-000228.txt") = 0
9591  openat(AT_FDCWD, "/home/capstone/project/test_files/checkpoints-000942.txt", O_RDWR|O_CREAT|O_TRUNC|O_LARGEFILE|O_CLOEXEC, 0666) = 162
9589  openat(AT_FDCWD, "/home/capstone/project/test_files/checkpoints-000253.doc", O_RDWR|O_CREAT|O_TRUNC|O_LARGEFILE|O_CLOEXEC, 0666) = -1 EMFILE (Too many open files)
9591  rename("/home/capstone/project/test_files/000889.jpg", "/home/capstone/project/test_files/000889.jpg.dkrpx75") = 0
9591  openat(AT_FDCWD, "/home/capstone/project/test_files/000889.jpg.dkrpx75", O_RDWR|O_LARGEFILE|O_CLOEXEC <unfinished ...>
9589  rename("/home/capstone/project/test_files/000127.doc", "/home/capstone/project/test_files/000127.doc.dkrpx75") = 0
9589  openat(AT_FDCWD, "/home/capstone/project/test_files/000127.doc.dkrpx75", O_RDWR|O_LARGEFILE|O_CLOEXEC) = -1 EMFILE (Too many open files)
9591  openat(AT_FDCWD, "/home/capstone/project/test_files/checkpoints-000889.jpg", O_RDWR|O_CREAT|O_TRUNC|O_LARGEFILE|O_CLOEXEC, 0666) = -1 EMFILE (Too many open files)
9589  openat(AT_FDCWD, "/home/capstone/project/test_files/checkpoints-000127.doc", O_RDWR|O_CREAT|O_TRUNC|O_LARGEFILE|O_CLOEXEC, 0666 <unfinished ...>
9591  rename("/home/capstone/project/test_files/000378.xls", "/home/capstone/project/test_files/000378.xls.dkrpx75" <unfinished ...>
9591  openat(AT_FDCWD, "/home/capstone/project/test_files/000378.xls.dkrpx75", O_RDWR|O_LARGEFILE|O_CLOEXEC) = -1 EMFILE (Too many open files)
9589  rename("/home/capstone/project/test_files/000765.log", "/home/capstone/project/test_files/000765.log.dkrpx75" <unfinished ...>
9589  openat(AT_FDCWD, "/home/capstone/project/test_files/000765.log.dkrpx75", O_RDWR|O_LARGEFILE|O_CLOEXEC) = -1 EMFILE (Too many open files)
9591  openat(AT_FDCWD, "/home/capstone/project/test_files/checkpoints-000378.xls", O_RDWR|O_CREAT|O_TRUNC|O_LARGEFILE|O_CLOEXEC, 0666) = -1 EMFILE (Too many open files)
9589  openat(AT_FDCWD, "/home/capstone/project/test_files/checkpoints-000765.log", O_RDWR|O_CREAT|O_TRUNC|O_LARGEFILE|O_CLOEXEC, 0666) = -1 EMFILE (Too many open files)
9591  rename("/home/capstone/project/test_files/000258.rtf", "/home/capstone/project/test_files/000258.rtf.dkrpx75" <unfinished ...>
9591  openat(AT_FDCWD, "/home/capstone/project/test_files/000258.rtf.dkrpx75", O_RDWR|O_LARGEFILE|O_CLOEXEC <unfinished ...>
9590  unlink("/home/capstone/project/test_files/checkpoints-000977.doc") = 0
9591  openat(AT_FDCWD, "/home/capstone/project/test_files/checkpoints-000258.rtf", O_RDWR|O_CREAT|O_TRUNC|O_LARGEFILE|O_CLOEXEC, 0666 <unfinished ...>
9589  rename("/home/capstone/project/test_files/000989.ppt", "/home/capstone/project/test_files/000989.ppt.dkrpx75" <unfinished ...>
9589  openat(AT_FDCWD, "/home/capstone/project/test_files/000989.ppt.dkrpx75", O_RDWR|O_LARGEFILE|O_CLOEXEC) = -1 EMFILE (Too many open files)
9589  openat(AT_FDCWD, "/home/capstone/project/test_files/checkpoints-000989.ppt", O_RDWR|O_CREAT|O_TRUNC|O_LARGEFILE|O_CLOEXEC, 0666 <unfinished ...>
9591  rename("/home/capstone/project/test_files/000337.pdf", "/home/capstone/project/test_files/000337.pdf.dkrpx75" <unfinished ...>
9591  openat(AT_FDCWD, "/home/capstone/project/test_files/000337.pdf.dkrpx75", O_RDWR|O_LARGEFILE|O_CLOEXEC <unfinished ...>
9592  unlink("/home/capstone/project/test_files/checkpoints-000130.doc.dkrpx75" <unfinished ...>
9589  rename("/home/capstone/project/test_files/000236.pdf", "/home/capstone/project/test_files/000236.pdf.dkrpx75") = 0
9589  openat(AT_FDCWD, "/home/capstone/project/test_files/000236.pdf.dkrpx75", O_RDWR|O_LARGEFILE|O_CLOEXEC) = 137
9591  openat(AT_FDCWD, "/home/capstone/project/test_files/checkpoints-000337.pdf", O_RDWR|O_CREAT|O_TRUNC|O_LARGEFILE|O_CLOEXEC, 0666 <unfinished ...>
9590  unlink("/home/capstone/project/test_files/checkpoints-000832.txt") = 0
9589  openat(AT_FDCWD, "/home/capstone/project/test_files/checkpoints-000236.pdf.dkrpx75", O_RDWR|O_CREAT|O_TRUNC|O_LARGEFILE|O_CLOEXEC, 0666) = -1 EMFILE (Too many open files)
9591  rename("/home/capstone/project/test_files/000856.txt", "/home/capstone/project/test_files/000856.txt.dkrpx75" <unfinished ...>
9591  openat(AT_FDCWD, "/home/capstone/project/test_files/000856.txt.dkrpx75", O_RDWR|O_LARGEFILE|O_CLOEXEC <unfinished ...>
9589  rename("/home/capstone/project/test_files/000982.ppt", "/home/capstone/project/test_files/000982.ppt.dkrpx75") = 0
9589  openat(AT_FDCWD, "/home/capstone/project/test_files/000982.ppt.dkrpx75", O_RDWR|O_LARGEFILE|O_CLOEXEC) = 473
9591  openat(AT_FDCWD, "/home/capstone/project/test_files/checkpoints-000856.txt.dkrpx75", O_RDWR|O_CREAT|O_TRUNC|O_LARGEFILE|O_CLOEXEC, 0666 <unfinished ...>
9589  openat(AT_FDCWD, "/home/capstone/project/test_files/checkpoints-000982.ppt.dkrpx75", O_RDWR|O_CREAT|O_TRUNC|O_LARGEFILE|O_CLOEXEC, 0666) = -1 EMFILE (Too many open files)
9591  rename("/home/capstone/project/test_files/000652.txt", "/home/capstone/project/test_files/000652.txt.dkrpx75" <unfinished ...>
9591  openat(AT_FDCWD, "/home/capstone/project/test_files/000652.txt.dkrpx75", O_RDWR|O_LARGEFILE|O_CLOEXEC <unfinished ...>
9589  rename("/home/capstone/project/test_files/000452.html", "/home/capstone/project/test_files/000452.html.dkrpx75" <unfinished ...>
9589  openat(AT_FDCWD, "/home/capstone/project/test_files/000452.html.dkrpx75", O_RDWR|O_LARGEFILE|O_CLOEXEC <unfinished ...>
9589  rename("/home/capstone/project/test_files/000208.pdf", "/home/capstone/project/test_files/000208.pdf.dkrpx75" <unfinished ...>
9591  rename("/home/capstone/project/test_files/000070.html", "/home/capstone/project/test_files/000070.html.dkrpx75" <unfinished ...>
9591  openat(AT_FDCWD, "/home/capstone/project/test_files/000070.html.dkrpx75", O_RDWR|O_LARGEFILE|O_CLOEXEC <unfinished ...>
9589  openat(AT_FDCWD, "/home/capstone/project/test_files/000208.pdf.dkrpx75", O_RDWR|O_LARGEFILE|O_CLOEXEC <unfinished ...>
9591  openat(AT_FDCWD, "/home/capstone/project/test_files/checkpoints-000070.html", O_RDWR|O_CREAT|O_TRUNC|O_LARGEFILE|O_CLOEXEC, 0666 <unfinished ...>
9591  rename("/home/capstone/project/test_files/000568.pdf", "/home/capstone/project/test_files/000568.pdf.dkrpx75" <unfinished ...>
9591  openat(AT_FDCWD, "/home/capstone/project/test_files/000568.pdf.dkrpx75", O_RDWR|O_LARGEFILE|O_CLOEXEC <unfinished ...>
9591  openat(AT_FDCWD, "/home/capstone/project/test_files/checkpoints-000568.pdf", O_RDWR|O_CREAT|O_TRUNC|O_LARGEFILE|O_CLOEXEC, 0666 <unfinished ...>
9591  rename("/home/capstone/project/test_files/000363.pdf", "/home/capstone/project/test_files/000363.pdf.dkrpx75") = 0
9589  openat(AT_FDCWD, "/home/capstone/project/test_files/checkpoints-000208.pdf", O_RDWR|O_CREAT|O_TRUNC|O_LARGEFILE|O_CLOEXEC, 0666 <unfinished ...>
9591  openat(AT_FDCWD, "/home/capstone/project/test_files/000363.pdf.dkrpx75", O_RDWR|O_LARGEFILE|O_CLOEXEC) = -1 EMFILE (Too many open files)
9591  openat(AT_FDCWD, "/home/capstone/project/test_files/checkpoints-000363.pdf", O_RDWR|O_CREAT|O_TRUNC|O_LARGEFILE|O_CLOEXEC, 0666) = -1 EMFILE (Too many open files)
9591  rename("/home/capstone/project/test_files/000645.txt", "/home/capstone/project/test_files/000645.txt.dkrpx75" <unfinished ...>
9591  openat(AT_FDCWD, "/home/capstone/project/test_files/000645.txt.dkrpx75", O_RDWR|O_LARGEFILE|O_CLOEXEC <unfinished ...>
9591  openat(AT_FDCWD, "/home/capstone/project/test_files/checkpoints-000645.txt", O_RDWR|O_CREAT|O_TRUNC|O_LARGEFILE|O_CLOEXEC, 0666) = -1 EMFILE (Too many open files)
9591  rename("/home/capstone/project/test_files/000218.txt", "/home/capstone/project/test_files/000218.txt.dkrpx75" <unfinished ...>
9591  openat(AT_FDCWD, "/home/capstone/project/test_files/000218.txt.dkrpx75", O_RDWR|O_LARGEFILE|O_CLOEXEC) = -1 EMFILE (Too many open files)
9589  rename("/home/capstone/project/test_files/000767.ps", "/home/capstone/project/test_files/000767.ps.dkrpx75" <unfinished ...>
9591  openat(AT_FDCWD, "/home/capstone/project/test_files/checkpoints-000218.txt", O_RDWR|O_CREAT|O_TRUNC|O_LARGEFILE|O_CLOEXEC, 0666) = -1 EMFILE (Too many open files)
9589  openat(AT_FDCWD, "/home/capstone/project/test_files/000767.ps.dkrpx75", O_RDWR|O_LARGEFILE|O_CLOEXEC <unfinished ...>
9591  rename("/home/capstone/project/test_files/000860.txt", "/home/capstone/project/test_files/000860.txt.dkrpx75") = 0
9591  openat(AT_FDCWD, "/home/capstone/project/test_files/000860.txt.dkrpx75", O_RDWR|O_LARGEFILE|O_CLOEXEC) = -1 EMFILE (Too many open files)
9591  openat(AT_FDCWD, "/home/capstone/project/test_files/checkpoints-000860.txt", O_RDWR|O_CREAT|O_TRUNC|O_LARGEFILE|O_CLOEXEC, 0666 <unfinished ...>
9591  rename("/home/capstone/project/test_files/000047.xls", "/home/capstone/project/test_files/000047.xls.dkrpx75") = 0
9591  openat(AT_FDCWD, "/home/capstone/project/test_files/000047.xls.dkrpx75", O_RDWR|O_LARGEFILE|O_CLOEXEC <unfinished ...>
9590  unlink("/home/capstone/project/test_files/checkpoints-000277.doc.dkrpx75") = 0
9591  openat(AT_FDCWD, "/home/capstone/project/test_files/checkpoints-000047.xls", O_RDWR|O_CREAT|O_TRUNC|O_LARGEFILE|O_CLOEXEC, 0666) = 194
9589  openat(AT_FDCWD, "/home/capstone/project/test_files/checkpoints-000767.ps", O_RDWR|O_CREAT|O_TRUNC|O_LARGEFILE|O_CLOEXEC, 0666 <unfinished ...>
9590  unlink("/home/capstone/project/test_files/checkpoints-000640.html") = 0
9591  rename("/home/capstone/project/test_files/000458.html", "/home/capstone/project/test_files/000458.html.dkrpx75") = 0
9591  openat(AT_FDCWD, "/home/capstone/project/test_files/000458.html.dkrpx75", O_RDWR|O_LARGEFILE|O_CLOEXEC <unfinished ...>
9591  openat(AT_FDCWD, "/home/capstone/project/test_files/checkpoints-000458.html.dkrpx75", O_RDWR|O_CREAT|O_TRUNC|O_LARGEFILE|O_CLOEXEC, 0666) = 505
9591  rename("/home/capstone/project/test_files/000237.jpg", "/home/capstone/project/test_files/000237.jpg.dkrpx75") = 0
9591  openat(AT_FDCWD, "/home/capstone/project/test_files/000237.jpg.dkrpx75", O_RDWR|O_LARGEFILE|O_CLOEXEC) = -1 EMFILE (Too many open files)
9590  unlink("/home/capstone/project/test_files/checkpoints-000811.pdf" <unfinished ...>
9589  rename("/home/capstone/project/test_files/000395.xls", "/home/capstone/project/test_files/000395.xls.dkrpx75" <unfinished ...>
9589  openat(AT_FDCWD, "/home/capstone/project/test_files/000395.xls.dkrpx75", O_RDWR|O_LARGEFILE|O_CLOEXEC) = 191
9591  openat(AT_FDCWD, "/home/capstone/project/test_files/checkpoints-000237.jpg", O_RDWR|O_CREAT|O_TRUNC|O_LARGEFILE|O_CLOEXEC, 0666) = 474
9591  rename("/home/capstone/project/test_files/000951.html", "/home/capstone/project/test_files/000951.html.dkrpx75" <unfinished ...>
9591  openat(AT_FDCWD, "/home/capstone/project/test_files/000951.html.dkrpx75", O_RDWR|O_LARGEFILE|O_CLOEXEC <unfinished ...>
9589  openat(AT_FDCWD, "/home/capstone/project/test_files/checkpoints-000395.xls.dkrpx75", O_RDWR|O_CREAT|O_TRUNC|O_LARGEFILE|O_CLOEXEC, 0666 <unfinished ...>
9589  rename("/home/capstone/project/test_files/000203.html", "/home/capstone/project/test_files/000203.html.dkrpx75" <unfinished ...>
9589  openat(AT_FDCWD, "/home/capstone/project/test_files/000203.html.dkrpx75", O_RDWR|O_LARGEFILE|O_CLOEXEC <unfinished ...>
9590  unlink("/home/capstone/project/test_files/checkpoints-000525.gif.dkrpx75" <unfinished ...>
9591  openat(AT_FDCWD, "/home/capstone/project/test_files/checkpoints-000951.html", O_RDWR|O_CREAT|O_TRUNC|O_LARGEFILE|O_CLOEXEC, 0666 <unfinished ...>
9589  openat(AT_FDCWD, "/home/capstone/project/test_files/checkpoints-000203.html", O_RDWR|O_CREAT|O_TRUNC|O_LARGEFILE|O_CLOEXEC, 0666 <unfinished ...>
9591  rename("/home/capstone/project/test_files/000002.doc", "/home/capstone/project/test_files/000002.doc.dkrpx75" <unfinished ...>
9591  openat(AT_FDCWD, "/home/capstone/project/test_files/000002.doc.dkrpx75", O_RDWR|O_LARGEFILE|O_CLOEXEC <unfinished ...>
9591  openat(AT_FDCWD, "/home/capstone/project/test_files/checkpoints-000002.doc", O_RDWR|O_CREAT|O_TRUNC|O_LARGEFILE|O_CLOEXEC, 0666) = -1 EMFILE (Too many open files)
9591  rename("/home/capstone/project/test_files/000249.doc", "/home/capstone/project/test_files/000249.doc.dkrpx75") = 0
9591  openat(AT_FDCWD, "/home/capstone/project/test_files/000249.doc.dkrpx75", O_RDWR|O_LARGEFILE|O_CLOEXEC) = -1 EMFILE (Too many open files)
9589  rename("/home/capstone/project/test_files/000726.html", "/home/capstone/project/test_files/000726.html.dkrpx75" <unfinished ...>
9589  openat(AT_FDCWD, "/home/capstone/project/test_files/000726.html.dkrpx75", O_RDWR|O_LARGEFILE|O_CLOEXEC) = -1 EMFILE (Too many open files)
9591  openat(AT_FDCWD, "/home/capstone/project/test_files/checkpoints-000249.doc", O_RDWR|O_CREAT|O_TRUNC|O_LARGEFILE|O_CLOEXEC, 0666 <unfinished ...>
9592  unlink("/home/capstone/project/test_files/checkpoints-000057.html.dkrpx75") = 0
9591  rename("/home/capstone/project/test_files/000621.txt", "/home/capstone/project/test_files/000621.txt.dkrpx75" <unfinished ...>
9589  rename("/home/capstone/project/test_files/000643.txt", "/home/capstone/project/test_files/000643.txt.dkrpx75") = 0
9589  openat(AT_FDCWD, "/home/capstone/project/test_files/000643.txt.dkrpx75", O_RDWR|O_LARGEFILE|O_CLOEXEC) = -1 EMFILE (Too many open files)
9589  openat(AT_FDCWD, "/home/capstone/project/test_files/checkpoints-000643.txt", O_RDWR|O_CREAT|O_TRUNC|O_LARGEFILE|O_CLOEXEC, 0666 <unfinished ...>
9589  rename("/home/capstone/project/test_files/000823.html", "/home/capstone/project/test_files/000823.html.dkrpx75") = 0
9589  openat(AT_FDCWD, "/home/capstone/project/test_files/000823.html.dkrpx75", O_RDWR|O_LARGEFILE|O_CLOEXEC) = -1 EMFILE (Too many open files)
9589  openat(AT_FDCWD, "/home/capstone/project/test_files/checkpoints-000823.html", O_RDWR|O_CREAT|O_TRUNC|O_LARGEFILE|O_CLOEXEC, 0666 <unfinished ...>
9591  rename("/home/capstone/project/test_files/000423.html", "/home/capstone/project/test_files/000423.html.dkrpx75" <unfinished ...>
9591  openat(AT_FDCWD, "/home/capstone/project/test_files/000423.html.dkrpx75", O_RDWR|O_LARGEFILE|O_CLOEXEC <unfinished ...>
9589  rename("/home/capstone/project/test_files/000473.txt", "/home/capstone/project/test_files/000473.txt.dkrpx75" <unfinished ...>
9589  openat(AT_FDCWD, "/home/capstone/project/test_files/000473.txt.dkrpx75", O_RDWR|O_LARGEFILE|O_CLOEXEC <unfinished ...>
9589  openat(AT_FDCWD, "/home/capstone/project/test_files/checkpoints-000473.txt", O_RDWR|O_CREAT|O_TRUNC|O_LARGEFILE|O_CLOEXEC, 0666) = -1 EMFILE (Too many open files)
9589  rename("/home/capstone/project/test_files/000290.ppt", "/home/capstone/project/test_files/000290.ppt.dkrpx75") = 0
9589  openat(AT_FDCWD, "/home/capstone/project/test_files/000290.ppt.dkrpx75", O_RDWR|O_LARGEFILE|O_CLOEXEC) = -1 EMFILE (Too many open files)
9589  openat(AT_FDCWD, "/home/capstone/project/test_files/checkpoints-000290.ppt", O_RDWR|O_CREAT|O_TRUNC|O_LARGEFILE|O_CLOEXEC, 0666) = -1 EMFILE (Too many open files)
9591  openat(AT_FDCWD, "/home/capstone/project/test_files/checkpoints-000423.html", O_RDWR|O_CREAT|O_TRUNC|O_LARGEFILE|O_CLOEXEC, 0666 <unfinished ...>
9589  rename("/home/capstone/project/test_files/000929.txt", "/home/capstone/project/test_files/000929.txt.dkrpx75" <unfinished ...>
9589  openat(AT_FDCWD, "/home/capstone/project/test_files/000929.txt.dkrpx75", O_RDWR|O_LARGEFILE|O_CLOEXEC <unfinished ...>
9589  openat(AT_FDCWD, "/home/capstone/project/test_files/checkpoints-000929.txt", O_RDWR|O_CREAT|O_TRUNC|O_LARGEFILE|O_CLOEXEC, 0666) = -1 EMFILE (Too many open files)
9589  rename("/home/capstone/project/test_files/000397.jpg", "/home/capstone/project/test_files/000397.jpg.dkrpx75") = 0
9589  openat(AT_FDCWD, "/home/capstone/project/test_files/000397.jpg.dkrpx75", O_RDWR|O_LARGEFILE|O_CLOEXEC) = -1 EMFILE (Too many open files)
9589  openat(AT_FDCWD, "/home/capstone/project/test_files/checkpoints-000397.jpg", O_RDWR|O_CREAT|O_TRUNC|O_LARGEFILE|O_CLOEXEC, 0666) = -1 EMFILE (Too many open files)
9591  rename("/home/capstone/project/test_files/000546.jpg", "/home/capstone/project/test_files/000546.jpg.dkrpx75" <unfinished ...>
9589  rename("/home/capstone/project/test_files/000512.jpg", "/home/capstone/project/test_files/000512.jpg.dkrpx75" <unfinished ...>
9591  openat(AT_FDCWD, "/home/capstone/project/test_files/000546.jpg.dkrpx75", O_RDWR|O_LARGEFILE|O_CLOEXEC <unfinished ...>
9590  unlink("/home/capstone/project/test_files/checkpoints-000514.jpg.dkrpx75" <unfinished ...>
9589  openat(AT_FDCWD, "/home/capstone/project/test_files/000512.jpg.dkrpx75", O_RDWR|O_LARGEFILE|O_CLOEXEC) = -1 EMFILE (Too many open files)
9589  openat(AT_FDCWD, "/home/capstone/project/test_files/checkpoints-000512.jpg", O_RDWR|O_CREAT|O_TRUNC|O_LARGEFILE|O_CLOEXEC, 0666) = 223
9589  rename("/home/capstone/project/test_files/000888.jpg", "/home/capstone/project/test_files/000888.jpg.dkrpx75") = 0
9589  openat(AT_FDCWD, "/home/capstone/project/test_files/000888.jpg.dkrpx75", O_RDWR|O_LARGEFILE|O_CLOEXEC) = -1 EMFILE (Too many open files)
9589  openat(AT_FDCWD, "/home/capstone/project/test_files/checkpoints-000888.jpg", O_RDWR|O_CREAT|O_TRUNC|O_LARGEFILE|O_CLOEXEC, 0666 <unfinished ...>
9592  unlink("/home/capstone/project/test_files/checkpoints-000371.pdf.dkrpx75" <unfinished ...>
9591  openat(AT_FDCWD, "/home/capstone/project/test_files/checkpoints-000546.jpg", O_RDWR|O_CREAT|O_TRUNC|O_LARGEFILE|O_CLOEXEC, 0666 <unfinished ...>
9589  rename("/home/capstone/project/test_files/000412.html", "/home/capstone/project/test_files/000412.html.dkrpx75") = 0
9589  openat(AT_FDCWD, "/home/capstone/project/test_files/000412.html.dkrpx75", O_RDWR|O_LARGEFILE|O_CLOEXEC) = -1 EMFILE (Too many open files)
9589  openat(AT_FDCWD, "/home/capstone/project/test_files/checkpoints-000412.html", O_RDWR|O_CREAT|O_TRUNC|O_LARGEFILE|O_CLOEXEC, 0666) = -1 EMFILE (Too many open files)
9589  rename("/home/capstone/project/test_files/000506.jpg", "/home/capstone/project/test_files/000506.jpg.dkrpx75" <unfinished ...>
9589  openat(AT_FDCWD, "/home/capstone/project/test_files/000506.jpg.dkrpx75", O_RDWR|O_LARGEFILE|O_CLOEXEC) = -1 EMFILE (Too many open files)
9591  rename("/home/capstone/project/test_files/000380.pdf", "/home/capstone/project/test_files/000380.pdf.dkrpx75" <unfinished ...>
9591  openat(AT_FDCWD, "/home/capstone/project/test_files/000380.pdf.dkrpx75", O_RDWR|O_LARGEFILE|O_CLOEXEC <unfinished ...>
9589  openat(AT_FDCWD, "/home/capstone/project/test_files/checkpoints-000506.jpg", O_RDWR|O_CREAT|O_TRUNC|O_LARGEFILE|O_CLOEXEC, 0666) = -1 EMFILE (Too many open files)
9589  rename("/home/capstone/project/test_files/000762.pdf", "/home/capstone/project/test_files/000762.pdf.dkrpx75") = 0
9589  openat(AT_FDCWD, "/home/capstone/project/test_files/000762.pdf.dkrpx75", O_RDWR|O_LARGEFILE|O_CLOEXEC <unfinished ...>
9589  openat(AT_FDCWD, "/home/capstone/project/test_files/checkpoints-000762.pdf", O_RDWR|O_CREAT|O_TRUNC|O_LARGEFILE|O_CLOEXEC, 0666) = -1 EMFILE (Too many open files)
9589  rename("/home/capstone/project/test_files/000957.doc", "/home/capstone/project/test_files/000957.doc.dkrpx75") = 0
9589  openat(AT_FDCWD, "/home/capstone/project/test_files/000957.doc.dkrpx75", O_RDWR|O_LARGEFILE|O_CLOEXEC) = -1 EMFILE (Too many open files)
9589  openat(AT_FDCWD, "/home/capstone/project/test_files/checkpoints-000957.doc", O_RDWR|O_CREAT|O_TRUNC|O_LARGEFILE|O_CLOEXEC, 0666) = -1 EMFILE (Too many open files)
9589  rename("/home/capstone/project/test_files/000093.txt", "/home/capstone/project/test_files/000093.txt.dkrpx75") = 0
9589  openat(AT_FDCWD, "/home/capstone/project/test_files/000093.txt.dkrpx75", O_RDWR|O_LARGEFILE|O_CLOEXEC <unfinished ...>
9589  openat(AT_FDCWD, "/home/capstone/project/test_files/checkpoints-000093.txt", O_RDWR|O_CREAT|O_TRUNC|O_LARGEFILE|O_CLOEXEC, 0666 <unfinished ...>
9591  openat(AT_FDCWD, "/home/capstone/project/test_files/checkpoints-000380.pdf", O_RDWR|O_CREAT|O_TRUNC|O_LARGEFILE|O_CLOEXEC, 0666 <unfinished ...>
9589  rename("/home/capstone/project/test_files/000698.log", "/home/capstone/project/test_files/000698.log.dkrpx75") = 0
9589  openat(AT_FDCWD, "/home/capstone/project/test_files/000698.log.dkrpx75", O_RDWR|O_LARGEFILE|O_CLOEXEC) = -1 EMFILE (Too many open files)
9592  unlink("/home/capstone/project/test_files/checkpoints-000288.ppt.dkrpx75") = 0
9589  openat(AT_FDCWD, "/home/capstone/project/test_files/checkpoints-000698.log", O_RDWR|O_CREAT|O_TRUNC|O_LARGEFILE|O_CLOEXEC, 0666) = -1 EMFILE (Too many open files)
9591  rename("/home/capstone/project/test_files/000432.jpg", "/home/capstone/project/test_files/000432.jpg.dkrpx75" <unfinished ...>
9591  openat(AT_FDCWD, "/home/capstone/project/test_files/000432.jpg.dkrpx75", O_RDWR|O_LARGEFILE|O_CLOEXEC <unfinished ...>
9589  rename("/home/capstone/project/test_files/000676.pdf", "/home/capstone/project/test_files/000676.pdf.dkrpx75" <unfinished ...>
9589  openat(AT_FDCWD, "/home/capstone/project/test_files/000676.pdf.dkrpx75", O_RDWR|O_LARGEFILE|O_CLOEXEC) = -1 EMFILE (Too many open files)
9589  openat(AT_FDCWD, "/home/capstone/project/test_files/checkpoints-000676.pdf", O_RDWR|O_CREAT|O_TRUNC|O_LARGEFILE|O_CLOEXEC, 0666) = 542
9589  rename("/home/capstone/project/test_files/000045.xls", "/home/capstone/project/test_files/000045.xls.dkrpx75") = 0
9589  openat(AT_FDCWD, "/home/capstone/project/test_files/000045.xls.dkrpx75", O_RDWR|O_LARGEFILE|O_CLOEXEC <unfinished ...>
9591  openat(AT_FDCWD, "/home/capstone/project/test_files/checkpoints-000432.jpg.dkrpx75", O_RDWR|O_CREAT|O_TRUNC|O_LARGEFILE|O_CLOEXEC, 0666 <unfinished ...>
9589  openat(AT_FDCWD, "/home/capstone/project/test_files/checkpoints-000045.xls", O_RDWR|O_CREAT|O_TRUNC|O_LARGEFILE|O_CLOEXEC, 0666) = -1 EMFILE (Too many open files)
9589  rename("/home/capstone/project/test_files/000733.ps", "/home/capstone/project/test_files/000733.ps.dkrpx75" <unfinished ...>
9589  openat(AT_FDCWD, "/home/capstone/project/test_files/000733.ps.dkrpx75", O_RDWR|O_LARGEFILE|O_CLOEXEC) = -1 EMFILE (Too many open files)
9591  rename("/home/capstone/project/test_files/000094.txt", "/home/capstone/project/test_files/000094.txt.dkrpx75") = 0
9589  openat(AT_FDCWD, "/home/capstone/project/test_files/checkpoints-000733.ps", O_RDWR|O_CREAT|O_TRUNC|O_LARGEFILE|O_CLOEXEC, 0666) = -1 EMFILE (Too many open files)
9591  openat(AT_FDCWD, "/home/capstone/project/test_files/000094.txt.dkrpx75", O_RDWR|O_LARGEFILE|O_CLOEXEC <unfinished ...>
9589  rename("/home/capstone/project/test_files/000182.html", "/home/capstone/project/test_files/000182.html.dkrpx75") = 0
9589  openat(AT_FDCWD, "/home/capstone/project/test_files/000182.html.dkrpx75", O_RDWR|O_LARGEFILE|O_CLOEXEC) = -1 EMFILE (Too many open files)
9589  openat(AT_FDCWD, "/home/capstone/project/test_files/checkpoints-000182.html", O_RDWR|O_CREAT|O_TRUNC|O_LARGEFILE|O_CLOEXEC, 0666) = -1 EMFILE (Too many open files)
9589  rename("/home/capstone/project/test_files/000839.pdf", "/home/capstone/project/test_files/000839.pdf.dkrpx75") = 0
9589  openat(AT_FDCWD, "/home/capstone/project/test_files/000839.pdf.dkrpx75", O_RDWR|O_LARGEFILE|O_CLOEXEC) = -1 EMFILE (Too many open files)
9589  openat(AT_FDCWD, "/home/capstone/project/test_files/checkpoints-000839.pdf", O_RDWR|O_CREAT|O_TRUNC|O_LARGEFILE|O_CLOEXEC, 0666) = -1 EMFILE (Too many open files)
9591  openat(AT_FDCWD, "/home/capstone/project/test_files/checkpoints-000094.txt", O_RDWR|O_CREAT|O_TRUNC|O_LARGEFILE|O_CLOEXEC, 0666 <unfinished ...>
9589  rename("/home/capstone/project/test_files/000232.jpg", "/home/capstone/project/test_files/000232.jpg.dkrpx75" <unfinished ...>
9589  openat(AT_FDCWD, "/home/capstone/project/test_files/000232.jpg.dkrpx75", O_RDWR|O_LARGEFILE|O_CLOEXEC <unfinished ...>
9591  rename("/home/capstone/project/test_files/000049.xls", "/home/capstone/project/test_files/000049.xls.dkrpx75") = 0
9591  openat(AT_FDCWD, "/home/capstone/project/test_files/000049.xls.dkrpx75", O_RDWR|O_LARGEFILE|O_CLOEXEC <unfinished ...>
9589  openat(AT_FDCWD, "/home/capstone/project/test_files/checkpoints-000232.jpg", O_RDWR|O_CREAT|O_TRUNC|O_LARGEFILE|O_CLOEXEC, 0666 <unfinished ...>
9589  rename("/home/capstone/project/test_files/000087.txt", "/home/capstone/project/test_files/000087.txt.dkrpx75" <unfinished ...>
9589  openat(AT_FDCWD, "/home/capstone/project/test_files/000087.txt.dkrpx75", O_RDWR|O_LARGEFILE|O_CLOEXEC <unfinished ...>
9591  openat(AT_FDCWD, "/home/capstone/project/test_files/checkpoints-000049.xls", O_RDWR|O_CREAT|O_TRUNC|O_LARGEFILE|O_CLOEXEC, 0666 <unfinished ...>
9589  openat(AT_FDCWD, "/home/capstone/project/test_files/checkpoints-000087.txt", O_RDWR|O_CREAT|O_TRUNC|O_LARGEFILE|O_CLOEXEC, 0666 <unfinished ...>
9591  rename("/home/capstone/project/test_files/000095.txt", "/home/capstone/project/test_files/000095.txt.dkrpx75" <unfinished ...>
9591  openat(AT_FDCWD, "/home/capstone/project/test_files/000095.txt.dkrpx75", O_RDWR|O_LARGEFILE|O_CLOEXEC) = -1 EMFILE (Too many open files)
9589  rename("/home/capstone/project/test_files/000992.ppt", "/home/capstone/project/test_files/000992.ppt.dkrpx75" <unfinished ...>
9589  openat(AT_FDCWD, "/home/capstone/project/test_files/000992.ppt.dkrpx75", O_RDWR|O_LARGEFILE|O_CLOEXEC <unfinished ...>
9591  openat(AT_FDCWD, "/home/capstone/project/test_files/checkpoints-000095.txt", O_RDWR|O_CREAT|O_TRUNC|O_LARGEFILE|O_CLOEXEC, 0666) = -1 EMFILE (Too many open files)
9589  openat(AT_FDCWD, "/home/capstone/project/test_files/checkpoints-000992.ppt", O_RDWR|O_CREAT|O_TRUNC|O_LARGEFILE|O_CLOEXEC, 0666 <unfinished ...>
9590  unlink("/home/capstone/project/test_files/checkpoints-000465.unk" <unfinished ...>
9591  rename("/home/capstone/project/test_files/000806.doc", "/home/capstone/project/test_files/000806.doc.dkrpx75") = 0
9591  openat(AT_FDCWD, "/home/capstone/project/test_files/000806.doc.dkrpx75", O_RDWR|O_LARGEFILE|O_CLOEXEC <unfinished ...>
9589  rename("/home/capstone/project/test_files/000027.csv", "/home/capstone/project/test_files/000027.csv.dkrpx75" <unfinished ...>
9589  openat(AT_FDCWD, "/home/capstone/project/test_files/000027.csv.dkrpx75", O_RDWR|O_LARGEFILE|O_CLOEXEC <unfinished ...>
9591  openat(AT_FDCWD, "/home/capstone/project/test_files/checkpoints-000806.doc.dkrpx75", O_RDWR|O_CREAT|O_TRUNC|O_LARGEFILE|O_CLOEXEC, 0666) = 554
9589  openat(AT_FDCWD, "/home/capstone/project/test_files/checkpoints-000027.csv.dkrpx75", O_RDWR|O_CREAT|O_TRUNC|O_LARGEFILE|O_CLOEXEC, 0666 <unfinished ...>
9589  rename("/home/capstone/project/test_files/000307.ppt", "/home/capstone/project/test_files/000307.ppt.dkrpx75" <unfinished ...>
9589  openat(AT_FDCWD, "/home/capstone/project/test_files/000307.ppt.dkrpx75", O_RDWR|O_LARGEFILE|O_CLOEXEC <unfinished ...>
9591  rename("/home/capstone/project/test_files/000887.pdf", "/home/capstone/project/test_files/000887.pdf.dkrpx75" <unfinished ...>
9591  openat(AT_FDCWD, "/home/capstone/project/test_files/000887.pdf.dkrpx75", O_RDWR|O_LARGEFILE|O_CLOEXEC <unfinished ...>
9589  openat(AT_FDCWD, "/home/capstone/project/test_files/checkpoints-000307.ppt", O_RDWR|O_CREAT|O_TRUNC|O_LARGEFILE|O_CLOEXEC, 0666 <unfinished ...>
9591  openat(AT_FDCWD, "/home/capstone/project/test_files/checkpoints-000887.pdf", O_RDWR|O_CREAT|O_TRUNC|O_LARGEFILE|O_CLOEXEC, 0666 <unfinished ...>
9589  rename("/home/capstone/project/test_files/000717.ppt", "/home/capstone/project/test_files/000717.ppt.dkrpx75" <unfinished ...>
9589  openat(AT_FDCWD, "/home/capstone/project/test_files/000717.ppt.dkrpx75", O_RDWR|O_LARGEFILE|O_CLOEXEC <unfinished ...>
9591  rename("/home/capstone/project/test_files/000434.html", "/home/capstone/project/test_files/000434.html.dkrpx75" <unfinished ...>
9591  openat(AT_FDCWD, "/home/capstone/project/test_files/000434.html.dkrpx75", O_RDWR|O_LARGEFILE|O_CLOEXEC <unfinished ...>
9589  openat(AT_FDCWD, "/home/capstone/project/test_files/checkpoints-000717.ppt", O_RDWR|O_CREAT|O_TRUNC|O_LARGEFILE|O_CLOEXEC, 0666 <unfinished ...>
9592  unlink("/home/capstone/project/test_files/checkpoints-000573.swf.dkrpx75") = 0
9589  rename("/home/capstone/project/test_files/000072.html", "/home/capstone/project/test_files/000072.html.dkrpx75" <unfinished ...>
9589  openat(AT_FDCWD, "/home/capstone/project/test_files/000072.html.dkrpx75", O_RDWR|O_LARGEFILE|O_CLOEXEC <unfinished ...>
9591  openat(AT_FDCWD, "/home/capstone/project/test_files/checkpoints-000434.html", O_RDWR|O_CREAT|O_TRUNC|O_LARGEFILE|O_CLOEXEC, 0666 <unfinished ...>
9590  unlink("/home/capstone/project/test_files/checkpoints-000370.pdf.dkrpx75" <unfinished ...>
9589  openat(AT_FDCWD, "/home/capstone/project/test_files/checkpoints-000072.html.dkrpx75", O_RDWR|O_CREAT|O_TRUNC|O_LARGEFILE|O_CLOEXEC, 0666 <unfinished ...>
9591  rename("/home/capstone/project/test_files/000759.doc", "/home/capstone/project/test_files/000759.doc.dkrpx75") = 0
9591  openat(AT_FDCWD, "/home/capstone/project/test_files/000759.doc.dkrpx75", O_RDWR|O_LARGEFILE|O_CLOEXEC) = -1 EMFILE (Too many open files)
9591  openat(AT_FDCWD, "/home/capstone/project/test_files/checkpoints-000759.doc", O_RDWR|O_CREAT|O_TRUNC|O_LARGEFILE|O_CLOEXEC, 0666 <unfinished ...>
9591  rename("/home/capstone/project/test_files/000000.swf", "/home/capstone/project/test_files/000000.swf.dkrpx75") = 0
9591  openat(AT_FDCWD, "/home/capstone/project/test_files/000000.swf.dkrpx75", O_RDWR|O_LARGEFILE|O_CLOEXEC) = -1 EMFILE (Too many open files)
9591  openat(AT_FDCWD, "/home/capstone/project/test_files/checkpoints-000000.swf", O_RDWR|O_CREAT|O_TRUNC|O_LARGEFILE|O_CLOEXEC, 0666) = -1 EMFILE (Too many open files)
9591  rename("/home/capstone/project/test_files/000342.pdf", "/home/capstone/project/test_files/000342.pdf.dkrpx75") = 0
9591  openat(AT_FDCWD, "/home/capstone/project/test_files/000342.pdf.dkrpx75", O_RDWR|O_LARGEFILE|O_CLOEXEC <unfinished ...>
9589  rename("/home/capstone/project/test_files/000226.txt", "/home/capstone/project/test_files/000226.txt.dkrpx75" <unfinished ...>
9591  openat(AT_FDCWD, "/home/capstone/project/test_files/checkpoints-000342.pdf", O_RDWR|O_CREAT|O_TRUNC|O_LARGEFILE|O_CLOEXEC, 0666) = -1 EMFILE (Too many open files)
9589  openat(AT_FDCWD, "/home/capstone/project/test_files/000226.txt.dkrpx75", O_RDWR|O_LARGEFILE|O_CLOEXEC <unfinished ...>
9591  rename("/home/capstone/project/test_files/000978.xml", "/home/capstone/project/test_files/000978.xml.dkrpx75" <unfinished ...>
9591  openat(AT_FDCWD, "/home/capstone/project/test_files/000978.xml.dkrpx75", O_RDWR|O_LARGEFILE|O_CLOEXEC <unfinished ...>
9591  openat(AT_FDCWD, "/home/capstone/project/test_files/checkpoints-000978.xml", O_RDWR|O_CREAT|O_TRUNC|O_LARGEFILE|O_CLOEXEC, 0666) = -1 EMFILE (Too many open files)
9591  rename("/home/capstone/project/test_files/000854.pdf", "/home/capstone/project/test_files/000854.pdf.dkrpx75") = 0
9591  openat(AT_FDCWD, "/home/capstone/project/test_files/000854.pdf.dkrpx75", O_RDWR|O_LARGEFILE|O_CLOEXEC <unfinished ...>
9591  openat(AT_FDCWD, "/home/capstone/project/test_files/checkpoints-000854.pdf", O_RDWR|O_CREAT|O_TRUNC|O_LARGEFILE|O_CLOEXEC, 0666) = -1 EMFILE (Too many open files)
9591  rename("/home/capstone/project/test_files/000696.doc", "/home/capstone/project/test_files/000696.doc.dkrpx75") = 0
9591  openat(AT_FDCWD, "/home/capstone/project/test_files/000696.doc.dkrpx75", O_RDWR|O_LARGEFILE|O_CLOEXEC) = -1 EMFILE (Too many open files)
9591  openat(AT_FDCWD, "/home/capstone/project/test_files/checkpoints-000696.doc", O_RDWR|O_CREAT|O_TRUNC|O_LARGEFILE|O_CLOEXEC, 0666) = -1 EMFILE (Too many open files)
9591  rename("/home/capstone/project/test_files/000451.html", "/home/capstone/project/test_files/000451.html.dkrpx75") = 0
9591  openat(AT_FDCWD, "/home/capstone/project/test_files/000451.html.dkrpx75", O_RDWR|O_LARGEFILE|O_CLOEXEC <unfinished ...>
9591  openat(AT_FDCWD, "/home/capstone/project/test_files/checkpoints-000451.html", O_RDWR|O_CREAT|O_TRUNC|O_LARGEFILE|O_CLOEXEC, 0666) = -1 EMFILE (Too many open files)
9591  rename("/home/capstone/project/test_files/000384.xls", "/home/capstone/project/test_files/000384.xls.dkrpx75") = 0
9591  openat(AT_FDCWD, "/home/capstone/project/test_files/000384.xls.dkrpx75", O_RDWR|O_LARGEFILE|O_CLOEXEC) = -1 EMFILE (Too many open files)
9591  openat(AT_FDCWD, "/home/capstone/project/test_files/checkpoints-000384.xls", O_RDWR|O_CREAT|O_TRUNC|O_LARGEFILE|O_CLOEXEC, 0666) = -1 EMFILE (Too many open files)
9591  rename("/home/capstone/project/test_files/000213.html", "/home/capstone/project/test_files/000213.html.dkrpx75") = 0
9591  openat(AT_FDCWD, "/home/capstone/project/test_files/000213.html.dkrpx75", O_RDWR|O_LARGEFILE|O_CLOEXEC) = -1 EMFILE (Too many open files)
9589  openat(AT_FDCWD, "/home/capstone/project/test_files/checkpoints-000226.txt", O_RDWR|O_CREAT|O_TRUNC|O_LARGEFILE|O_CLOEXEC, 0666 <unfinished ...>
9591  openat(AT_FDCWD, "/home/capstone/project/test_files/checkpoints-000213.html", O_RDWR|O_CREAT|O_TRUNC|O_LARGEFILE|O_CLOEXEC, 0666) = -1 EMFILE (Too many open files)
9591  rename("/home/capstone/project/test_files/000184.html", "/home/capstone/project/test_files/000184.html.dkrpx75") = 0
9591  openat(AT_FDCWD, "/home/capstone/project/test_files/000184.html.dkrpx75", O_RDWR|O_LARGEFILE|O_CLOEXEC) = -1 EMFILE (Too many open files)
9591  openat(AT_FDCWD, "/home/capstone/project/test_files/checkpoints-000184.html", O_RDWR|O_CREAT|O_TRUNC|O_LARGEFILE|O_CLOEXEC, 0666) = -1 EMFILE (Too many open files)
9591  rename("/home/capstone/project/test_files/000934.txt", "/home/capstone/project/test_files/000934.txt.dkrpx75") = 0
9591  openat(AT_FDCWD, "/home/capstone/project/test_files/000934.txt.dkrpx75", O_RDWR|O_LARGEFILE|O_CLOEXEC) = -1 EMFILE (Too many open files)
9591  openat(AT_FDCWD, "/home/capstone/project/test_files/checkpoints-000934.txt", O_RDWR|O_CREAT|O_TRUNC|O_LARGEFILE|O_CLOEXEC, 0666) = -1 EMFILE (Too many open files)
9591  rename("/home/capstone/project/test_files/000314.pdf", "/home/capstone/project/test_files/000314.pdf.dkrpx75") = 0
9591  openat(AT_FDCWD, "/home/capstone/project/test_files/000314.pdf.dkrpx75", O_RDWR|O_LARGEFILE|O_CLOEXEC) = -1 EMFILE (Too many open files)
9591  openat(AT_FDCWD, "/home/capstone/project/test_files/checkpoints-000314.pdf", O_RDWR|O_CREAT|O_TRUNC|O_LARGEFILE|O_CLOEXEC, 0666) = -1 EMFILE (Too many open files)
9591  rename("/home/capstone/project/test_files/000877.html", "/home/capstone/project/test_files/000877.html.dkrpx75") = 0
9591  openat(AT_FDCWD, "/home/capstone/project/test_files/000877.html.dkrpx75", O_RDWR|O_LARGEFILE|O_CLOEXEC) = -1 EMFILE (Too many open files)
9591  openat(AT_FDCWD, "/home/capstone/project/test_files/checkpoints-000877.html", O_RDWR|O_CREAT|O_TRUNC|O_LARGEFILE|O_CLOEXEC, 0666) = -1 EMFILE (Too many open files)
9591  rename("/home/capstone/project/test_files/000393.xls", "/home/capstone/project/test_files/000393.xls.dkrpx75") = 0
9591  openat(AT_FDCWD, "/home/capstone/project/test_files/000393.xls.dkrpx75", O_RDWR|O_LARGEFILE|O_CLOEXEC) = -1 EMFILE (Too many open files)
9591  openat(AT_FDCWD, "/home/capstone/project/test_files/checkpoints-000393.xls", O_RDWR|O_CREAT|O_TRUNC|O_LARGEFILE|O_CLOEXEC, 0666) = -1 EMFILE (Too many open files)
9591  rename("/home/capstone/project/test_files/000352.pdf", "/home/capstone/project/test_files/000352.pdf.dkrpx75") = 0
9591  openat(AT_FDCWD, "/home/capstone/project/test_files/000352.pdf.dkrpx75", O_RDWR|O_LARGEFILE|O_CLOEXEC) = -1 EMFILE (Too many open files)
9591  openat(AT_FDCWD, "/home/capstone/project/test_files/checkpoints-000352.pdf", O_RDWR|O_CREAT|O_TRUNC|O_LARGEFILE|O_CLOEXEC, 0666) = -1 EMFILE (Too many open files)
9591  rename("/home/capstone/project/test_files/000455.html", "/home/capstone/project/test_files/000455.html.dkrpx75" <unfinished ...>
9591  openat(AT_FDCWD, "/home/capstone/project/test_files/000455.html.dkrpx75", O_RDWR|O_LARGEFILE|O_CLOEXEC) = -1 EMFILE (Too many open files)
9591  openat(AT_FDCWD, "/home/capstone/project/test_files/checkpoints-000455.html", O_RDWR|O_CREAT|O_TRUNC|O_LARGEFILE|O_CLOEXEC, 0666) = -1 EMFILE (Too many open files)
9591  rename("/home/capstone/project/test_files/000104.txt", "/home/capstone/project/test_files/000104.txt.dkrpx75") = 0
9591  openat(AT_FDCWD, "/home/capstone/project/test_files/000104.txt.dkrpx75", O_RDWR|O_LARGEFILE|O_CLOEXEC) = -1 EMFILE (Too many open files)
9589  rename("/home/capstone/project/test_files/000902.jpg", "/home/capstone/project/test_files/000902.jpg.dkrpx75") = 0
9591  openat(AT_FDCWD, "/home/capstone/project/test_files/checkpoints-000104.txt", O_RDWR|O_CREAT|O_TRUNC|O_LARGEFILE|O_CLOEXEC, 0666 <unfinished ...>
9589  openat(AT_FDCWD, "/home/capstone/project/test_files/000902.jpg.dkrpx75", O_RDWR|O_LARGEFILE|O_CLOEXEC <unfinished ...>
9591  rename("/home/capstone/project/test_files/000511.gif", "/home/capstone/project/test_files/000511.gif.dkrpx75") = 0
9591  openat(AT_FDCWD, "/home/capstone/project/test_files/000511.gif.dkrpx75", O_RDWR|O_LARGEFILE|O_CLOEXEC) = -1 EMFILE (Too many open files)
9591  openat(AT_FDCWD, "/home/capstone/project/test_files/checkpoints-000511.gif", O_RDWR|O_CREAT|O_TRUNC|O_LARGEFILE|O_CLOEXEC, 0666) = -1 EMFILE (Too many open files)
9591  rename("/home/capstone/project/test_files/000949.doc", "/home/capstone/project/test_files/000949.doc.dkrpx75") = 0
9591  openat(AT_FDCWD, "/home/capstone/project/test_files/000949.doc.dkrpx75", O_RDWR|O_LARGEFILE|O_CLOEXEC) = -1 EMFILE (Too many open files)
9591  openat(AT_FDCWD, "/home/capstone/project/test_files/checkpoints-000949.doc", O_RDWR|O_CREAT|O_TRUNC|O_LARGEFILE|O_CLOEXEC, 0666) = -1 EMFILE (Too many open files)
9591  rename("/home/capstone/project/test_files/000419.jpg", "/home/capstone/project/test_files/000419.jpg.dkrpx75") = 0
9591  openat(AT_FDCWD, "/home/capstone/project/test_files/000419.jpg.dkrpx75", O_RDWR|O_LARGEFILE|O_CLOEXEC) = -1 EMFILE (Too many open files)
9591  openat(AT_FDCWD, "/home/capstone/project/test_files/checkpoints-000419.jpg", O_RDWR|O_CREAT|O_TRUNC|O_LARGEFILE|O_CLOEXEC, 0666) = -1 EMFILE (Too many open files)
9591  rename("/home/capstone/project/test_files/000424.html", "/home/capstone/project/test_files/000424.html.dkrpx75") = 0
9591  openat(AT_FDCWD, "/home/capstone/project/test_files/000424.html.dkrpx75", O_RDWR|O_LARGEFILE|O_CLOEXEC) = -1 EMFILE (Too many open files)
9591  openat(AT_FDCWD, "/home/capstone/project/test_files/checkpoints-000424.html", O_RDWR|O_CREAT|O_TRUNC|O_LARGEFILE|O_CLOEXEC, 0666) = -1 EMFILE (Too many open files)
9591  rename("/home/capstone/project/test_files/000796.doc", "/home/capstone/project/test_files/000796.doc.dkrpx75") = 0
9591  openat(AT_FDCWD, "/home/capstone/project/test_files/000796.doc.dkrpx75", O_RDWR|O_LARGEFILE|O_CLOEXEC) = -1 EMFILE (Too many open files)
9589  openat(AT_FDCWD, "/home/capstone/project/test_files/checkpoints-000902.jpg", O_RDWR|O_CREAT|O_TRUNC|O_LARGEFILE|O_CLOEXEC, 0666 <unfinished ...>
9591  openat(AT_FDCWD, "/home/capstone/project/test_files/checkpoints-000796.doc", O_RDWR|O_CREAT|O_TRUNC|O_LARGEFILE|O_CLOEXEC, 0666) = -1 EMFILE (Too many open files)
9591  rename("/home/capstone/project/test_files/000101.doc", "/home/capstone/project/test_files/000101.doc.dkrpx75" <unfinished ...>
9591  openat(AT_FDCWD, "/home/capstone/project/test_files/000101.doc.dkrpx75", O_RDWR|O_LARGEFILE|O_CLOEXEC) = -1 EMFILE (Too many open files)
9591  openat(AT_FDCWD, "/home/capstone/project/test_files/checkpoints-000101.doc", O_RDWR|O_CREAT|O_TRUNC|O_LARGEFILE|O_CLOEXEC, 0666) = -1 EMFILE (Too many open files)
9591  rename("/home/capstone/project/test_files/000805.html", "/home/capstone/project/test_files/000805.html.dkrpx75" <unfinished ...>
9591  openat(AT_FDCWD, "/home/capstone/project/test_files/000805.html.dkrpx75", O_RDWR|O_LARGEFILE|O_CLOEXEC <unfinished ...>
9591  openat(AT_FDCWD, "/home/capstone/project/test_files/checkpoints-000805.html", O_RDWR|O_CREAT|O_TRUNC|O_LARGEFILE|O_CLOEXEC, 0666) = -1 EMFILE (Too many open files)
9591  rename("/home/capstone/project/test_files/000482.ps", "/home/capstone/project/test_files/000482.ps.dkrpx75") = 0
9591  openat(AT_FDCWD, "/home/capstone/project/test_files/000482.ps.dkrpx75", O_RDWR|O_LARGEFILE|O_CLOEXEC) = -1 EMFILE (Too many open files)
9591  openat(AT_FDCWD, "/home/capstone/project/test_files/checkpoints-000482.ps", O_RDWR|O_CREAT|O_TRUNC|O_LARGEFILE|O_CLOEXEC, 0666) = -1 EMFILE (Too many open files)
9591  rename("/home/capstone/project/test_files/000851.txt", "/home/capstone/project/test_files/000851.txt.dkrpx75") = 0
9591  openat(AT_FDCWD, "/home/capstone/project/test_files/000851.txt.dkrpx75", O_RDWR|O_LARGEFILE|O_CLOEXEC) = -1 EMFILE (Too many open files)
9589  rename("/home/capstone/project/test_files/000476.jpg", "/home/capstone/project/test_files/000476.jpg.dkrpx75" <unfinished ...>
9591  openat(AT_FDCWD, "/home/capstone/project/test_files/checkpoints-000851.txt", O_RDWR|O_CREAT|O_TRUNC|O_LARGEFILE|O_CLOEXEC, 0666) = -1 EMFILE (Too many open files)
9589  openat(AT_FDCWD, "/home/capstone/project/test_files/000476.jpg.dkrpx75", O_RDWR|O_LARGEFILE|O_CLOEXEC <unfinished ...>
9592  unlink("/home/capstone/project/test_files/checkpoints-000161.pdf") = 0
9591  rename("/home/capstone/project/test_files/000666.txt", "/home/capstone/project/test_files/000666.txt.dkrpx75") = 0
9591  openat(AT_FDCWD, "/home/capstone/project/test_files/000666.txt.dkrpx75", O_RDWR|O_LARGEFILE|O_CLOEXEC) = 1021
9591  openat(AT_FDCWD, "/home/capstone/project/test_files/checkpoints-000666.txt.dkrpx75", O_RDWR|O_CREAT|O_TRUNC|O_LARGEFILE|O_CLOEXEC, 0666) = 590
9591  rename("/home/capstone/project/test_files/000580.pdf", "/home/capstone/project/test_files/000580.pdf.dkrpx75") = 0
9591  openat(AT_FDCWD, "/home/capstone/project/test_files/000580.pdf.dkrpx75", O_RDWR|O_LARGEFILE|O_CLOEXEC) = -1 EMFILE (Too many open files)
9591  openat(AT_FDCWD, "/home/capstone/project/test_files/checkpoints-000580.pdf", O_RDWR|O_CREAT|O_TRUNC|O_LARGEFILE|O_CLOEXEC, 0666) = -1 EMFILE (Too many open files)
9591  rename("/home/capstone/project/test_files/000222.txt", "/home/capstone/project/test_files/000222.txt.dkrpx75") = 0
9591  openat(AT_FDCWD, "/home/capstone/project/test_files/000222.txt.dkrpx75", O_RDWR|O_LARGEFILE|O_CLOEXEC) = -1 EMFILE (Too many open files)
9591  openat(AT_FDCWD, "/home/capstone/project/test_files/checkpoints-000222.txt", O_RDWR|O_CREAT|O_TRUNC|O_LARGEFILE|O_CLOEXEC, 0666) = -1 EMFILE (Too many open files)
9591  rename("/home/capstone/project/test_files/000477.txt", "/home/capstone/project/test_files/000477.txt.dkrpx75") = 0
9591  openat(AT_FDCWD, "/home/capstone/project/test_files/000477.txt.dkrpx75", O_RDWR|O_LARGEFILE|O_CLOEXEC) = -1 EMFILE (Too many open files)
9591  openat(AT_FDCWD, "/home/capstone/project/test_files/checkpoints-000477.txt", O_RDWR|O_CREAT|O_TRUNC|O_LARGEFILE|O_CLOEXEC, 0666) = -1 EMFILE (Too many open files)
9591  rename("/home/capstone/project/test_files/000059.html", "/home/capstone/project/test_files/000059.html.dkrpx75") = 0
9591  openat(AT_FDCWD, "/home/capstone/project/test_files/000059.html.dkrpx75", O_RDWR|O_LARGEFILE|O_CLOEXEC) = -1 EMFILE (Too many open files)
9591  openat(AT_FDCWD, "/home/capstone/project/test_files/checkpoints-000059.html", O_RDWR|O_CREAT|O_TRUNC|O_LARGEFILE|O_CLOEXEC, 0666) = -1 EMFILE (Too many open files)
9591  rename("/home/capstone/project/test_files/000609.html", "/home/capstone/project/test_files/000609.html.dkrpx75") = 0
9591  openat(AT_FDCWD, "/home/capstone/project/test_files/000609.html.dkrpx75", O_RDWR|O_LARGEFILE|O_CLOEXEC) = -1 EMFILE (Too many open files)
9591  openat(AT_FDCWD, "/home/capstone/project/test_files/checkpoints-000609.html", O_RDWR|O_CREAT|O_TRUNC|O_LARGEFILE|O_CLOEXEC, 0666) = -1 EMFILE (Too many open files)
9591  rename("/home/capstone/project/test_files/000848.txt", "/home/capstone/project/test_files/000848.txt.dkrpx75") = 0
9591  openat(AT_FDCWD, "/home/capstone/project/test_files/000848.txt.dkrpx75", O_RDWR|O_LARGEFILE|O_CLOEXEC <unfinished ...>
9589  openat(AT_FDCWD, "/home/capstone/project/test_files/checkpoints-000476.jpg", O_RDWR|O_CREAT|O_TRUNC|O_LARGEFILE|O_CLOEXEC, 0666 <unfinished ...>
9591  openat(AT_FDCWD, "/home/capstone/project/test_files/checkpoints-000848.txt", O_RDWR|O_CREAT|O_TRUNC|O_LARGEFILE|O_CLOEXEC, 0666 <unfinished ...>
9591  rename("/home/capstone/project/test_files/000139.doc", "/home/capstone/project/test_files/000139.doc.dkrpx75") = 0
9589  openat(AT_FDCWD, "/home/capstone/project/test_files/000994.ppt.dkrpx75", O_RDWR|O_LARGEFILE|O_CLOEXEC <unfinished ...>
9591  rename("/home/capstone/project/test_files/000933.txt", "/home/capstone/project/test_files/000933.txt.dkrpx75") = 0
9591  openat(AT_FDCWD, "/home/capstone/project/test_files/000933.txt.dkrpx75", O_RDWR|O_LARGEFILE|O_CLOEXEC) = -1 EMFILE (Too many open files)
9591  openat(AT_FDCWD, "/home/capstone/project/test_files/checkpoints-000933.txt", O_RDWR|O_CREAT|O_TRUNC|O_LARGEFILE|O_CLOEXEC, 0666) = -1 EMFILE (Too many open files)
9591  rename("/home/capstone/project/test_files/000096.txt", "/home/capstone/project/test_files/000096.txt.dkrpx75") = 0
9591  openat(AT_FDCWD, "/home/capstone/project/test_files/000096.txt.dkrpx75", O_RDWR|O_LARGEFILE|O_CLOEXEC) = -1 EMFILE (Too many open files)
9591  openat(AT_FDCWD, "/home/capstone/project/test_files/checkpoints-000096.txt", O_RDWR|O_CREAT|O_TRUNC|O_LARGEFILE|O_CLOEXEC, 0666) = -1 EMFILE (Too many open files)
9591  rename("/home/capstone/project/test_files/000289.ppt", "/home/capstone/project/test_files/000289.ppt.dkrpx75") = 0
9591  openat(AT_FDCWD, "/home/capstone/project/test_files/000289.ppt.dkrpx75", O_RDWR|O_LARGEFILE|O_CLOEXEC) = -1 EMFILE (Too many open files)
9591  openat(AT_FDCWD, "/home/capstone/project/test_files/checkpoints-000289.ppt", O_RDWR|O_CREAT|O_TRUNC|O_LARGEFILE|O_CLOEXEC, 0666) = -1 EMFILE (Too many open files)
9589  openat(AT_FDCWD, "/home/capstone/project/test_files/checkpoints-000994.ppt", O_RDWR|O_CREAT|O_TRUNC|O_LARGEFILE|O_CLOEXEC, 0666 <unfinished ...>
9591  rename("/home/capstone/project/test_files/000516.jpg", "/home/capstone/project/test_files/000516.jpg.dkrpx75") = 0
9591  openat(AT_FDCWD, "/home/capstone/project/test_files/000516.jpg.dkrpx75", O_RDWR|O_LARGEFILE|O_CLOEXEC) = -1 EMFILE (Too many open files)
9591  openat(AT_FDCWD, "/home/capstone/project/test_files/checkpoints-000516.jpg", O_RDWR|O_CREAT|O_TRUNC|O_LARGEFILE|O_CLOEXEC, 0666) = -1 EMFILE (Too many open files)
9591  rename("/home/capstone/project/test_files/000425.html", "/home/capstone/project/test_files/000425.html.dkrpx75") = 0
9591  openat(AT_FDCWD, "/home/capstone/project/test_files/000425.html.dkrpx75", O_RDWR|O_LARGEFILE|O_CLOEXEC) = -1 EMFILE (Too many open files)
9591  openat(AT_FDCWD, "/home/capstone/project/test_files/checkpoints-000425.html", O_RDWR|O_CREAT|O_TRUNC|O_LARGEFILE|O_CLOEXEC, 0666) = -1 EMFILE (Too many open files)
9592  unlink("/home/capstone/project/test_files/checkpoints-000885.pdf.dkrpx75") = 0
9591  rename("/home/capstone/project/test_files/000118.doc", "/home/capstone/project/test_files/000118.doc.dkrpx75") = 0
9591  openat(AT_FDCWD, "/home/capstone/project/test_files/000118.doc.dkrpx75", O_RDWR|O_LARGEFILE|O_CLOEXEC <unfinished ...>
9591  openat(AT_FDCWD, "/home/capstone/project/test_files/checkpoints-000118.doc.dkrpx75", O_RDWR|O_CREAT|O_TRUNC|O_LARGEFILE|O_CLOEXEC, 0666 <unfinished ...>
9589  rename("/home/capstone/project/test_files/000721.csv", "/home/capstone/project/test_files/000721.csv.dkrpx75" <unfinished ...>
9589  openat(AT_FDCWD, "/home/capstone/project/test_files/000721.csv.dkrpx75", O_RDWR|O_LARGEFILE|O_CLOEXEC <unfinished ...>
9591  rename("/home/capstone/project/test_files/000365.pdf", "/home/capstone/project/test_files/000365.pdf.dkrpx75") = 0
9591  openat(AT_FDCWD, "/home/capstone/project/test_files/000365.pdf.dkrpx75", O_RDWR|O_LARGEFILE|O_CLOEXEC) = -1 EMFILE (Too many open files)
9591  openat(AT_FDCWD, "/home/capstone/project/test_files/checkpoints-000365.pdf", O_RDWR|O_CREAT|O_TRUNC|O_LARGEFILE|O_CLOEXEC, 0666) = -1 EMFILE (Too many open files)
9590  unlink("/home/capstone/project/test_files/checkpoints-000088.txt.dkrpx75" <unfinished ...>
9591  rename("/home/capstone/project/test_files/000863.txt", "/home/capstone/project/test_files/000863.txt.dkrpx75") = 0
9591  openat(AT_FDCWD, "/home/capstone/project/test_files/000863.txt.dkrpx75", O_RDWR|O_LARGEFILE|O_CLOEXEC) = -1 EMFILE (Too many open files)
9591  openat(AT_FDCWD, "/home/capstone/project/test_files/checkpoints-000863.txt", O_RDWR|O_CREAT|O_TRUNC|O_LARGEFILE|O_CLOEXEC, 0666) = 139
9591  rename("/home/capstone/project/test_files/000117.rtf", "/home/capstone/project/test_files/000117.rtf.dkrpx75" <unfinished ...>
9591  openat(AT_FDCWD, "/home/capstone/project/test_files/000117.rtf.dkrpx75", O_RDWR|O_LARGEFILE|O_CLOEXEC) = -1 EMFILE (Too many open files)
9589  openat(AT_FDCWD, "/home/capstone/project/test_files/checkpoints-000721.csv", O_RDWR|O_CREAT|O_TRUNC|O_LARGEFILE|O_CLOEXEC, 0666 <unfinished ...>
9591  openat(AT_FDCWD, "/home/capstone/project/test_files/checkpoints-000117.rtf", O_RDWR|O_CREAT|O_TRUNC|O_LARGEFILE|O_CLOEXEC, 0666) = -1 EMFILE (Too many open files)
9591  rename("/home/capstone/project/test_files/000557.ppt", "/home/capstone/project/test_files/000557.ppt.dkrpx75") = 0
9591  openat(AT_FDCWD, "/home/capstone/project/test_files/000557.ppt.dkrpx75", O_RDWR|O_LARGEFILE|O_CLOEXEC) = -1 EMFILE (Too many open files)
9591  openat(AT_FDCWD, "/home/capstone/project/test_files/checkpoints-000557.ppt", O_RDWR|O_CREAT|O_TRUNC|O_LARGEFILE|O_CLOEXEC, 0666) = -1 EMFILE (Too many open files)
9589  rename("/home/capstone/project/test_files/000703.xml", "/home/capstone/project/test_files/000703.xml.dkrpx75") = 0
9591  rename("/home/capstone/project/test_files/000583.pdf", "/home/capstone/project/test_files/000583.pdf.dkrpx75") = 0
9589  openat(AT_FDCWD, "/home/capstone/project/test_files/000703.xml.dkrpx75", O_RDWR|O_LARGEFILE|O_CLOEXEC <unfinished ...>
9591  openat(AT_FDCWD, "/home/capstone/project/test_files/000583.pdf.dkrpx75", O_RDWR|O_LARGEFILE|O_CLOEXEC) = -1 EMFILE (Too many open files)
9592  unlink("/home/capstone/project/test_files/checkpoints-000195.html") = 0
9591  openat(AT_FDCWD, "/home/capstone/project/test_files/checkpoints-000583.pdf", O_RDWR|O_CREAT|O_TRUNC|O_LARGEFILE|O_CLOEXEC, 0666) = 100
9592  unlink("/home/capstone/project/test_files/checkpoints-000217.html.dkrpx75" <unfinished ...>
9591  rename("/home/capstone/project/test_files/000642.txt", "/home/capstone/project/test_files/000642.txt.dkrpx75" <unfinished ...>
9591  openat(AT_FDCWD, "/home/capstone/project/test_files/000642.txt.dkrpx75", O_RDWR|O_LARGEFILE|O_CLOEXEC) = 294
9591  openat(AT_FDCWD, "/home/capstone/project/test_files/checkpoints-000642.txt.dkrpx75", O_RDWR|O_CREAT|O_TRUNC|O_LARGEFILE|O_CLOEXEC, 0666) = 625
9591  rename("/home/capstone/project/test_files/000409.html", "/home/capstone/project/test_files/000409.html.dkrpx75") = 0
9591  openat(AT_FDCWD, "/home/capstone/project/test_files/000409.html.dkrpx75", O_RDWR|O_LARGEFILE|O_CLOEXEC) = -1 EMFILE (Too many open files)
9591  openat(AT_FDCWD, "/home/capstone/project/test_files/checkpoints-000409.html", O_RDWR|O_CREAT|O_TRUNC|O_LARGEFILE|O_CLOEXEC, 0666 <unfinished ...>
9589  openat(AT_FDCWD, "/home/capstone/project/test_files/checkpoints-000703.xml", O_RDWR|O_CREAT|O_TRUNC|O_LARGEFILE|O_CLOEXEC, 0666) = -1 EMFILE (Too many open files)
9591  rename("/home/capstone/project/test_files/000984.ppt", "/home/capstone/project/test_files/000984.ppt.dkrpx75") = 0
9591  openat(AT_FDCWD, "/home/capstone/project/test_files/000984.ppt.dkrpx75", O_RDWR|O_LARGEFILE|O_CLOEXEC) = -1 EMFILE (Too many open files)
9591  openat(AT_FDCWD, "/home/capstone/project/test_files/checkpoints-000984.ppt", O_RDWR|O_CREAT|O_TRUNC|O_LARGEFILE|O_CLOEXEC, 0666) = -1 EMFILE (Too many open files)
9591  rename("/home/capstone/project/test_files/000625.txt", "/home/capstone/project/test_files/000625.txt.dkrpx75") = 0
9591  openat(AT_FDCWD, "/home/capstone/project/test_files/000625.txt.dkrpx75", O_RDWR|O_LARGEFILE|O_CLOEXEC) = -1 EMFILE (Too many open files)
9591  openat(AT_FDCWD, "/home/capstone/project/test_files/checkpoints-000449.html", O_RDWR|O_CREAT|O_TRUNC|O_LARGEFILE|O_CLOEXEC, 0666 <unfinished ...>
9591  rename("/home/capstone/project/test_files/000875.html", "/home/capstone/project/test_files/000875.html.dkrpx75") = 0
9591  openat(AT_FDCWD, "/home/capstone/project/test_files/000875.html.dkrpx75", O_RDWR|O_LARGEFILE|O_CLOEXEC) = -1 EMFILE (Too many open files)
9592  unlink("/home/capstone/project/test_files/checkpoints-000732.ppt.dkrpx75") = 0
9591  openat(AT_FDCWD, "/home/capstone/project/test_files/checkpoints-000875.html", O_RDWR|O_CREAT|O_TRUNC|O_LARGEFILE|O_CLOEXEC, 0666 <unfinished ...>
9589  openat(AT_FDCWD, "/home/capstone/project/test_files/checkpoints-000212.html", O_RDWR|O_CREAT|O_TRUNC|O_LARGEFILE|O_CLOEXEC, 0666 <unfinished ...>
9591  rename("/home/capstone/project/test_files/000241.gif", "/home/capstone/project/test_files/000241.gif.dkrpx75") = 0
9591  openat(AT_FDCWD, "/home/capstone/project/test_files/000241.gif.dkrpx75", O_RDWR|O_LARGEFILE|O_CLOEXEC) = -1 EMFILE (Too many open files)
9591  openat(AT_FDCWD, "/home/capstone/project/test_files/checkpoints-000241.gif", O_RDWR|O_CREAT|O_TRUNC|O_LARGEFILE|O_CLOEXEC, 0666) = -1 EMFILE (Too many open files)
9591  rename("/home/capstone/project/test_files/000193.html", "/home/capstone/project/test_files/000193.html.dkrpx75") = 0
9591  openat(AT_FDCWD, "/home/capstone/project/test_files/000193.html.dkrpx75", O_RDWR|O_LARGEFILE|O_CLOEXEC <unfinished ...>
9589  rename("/home/capstone/project/test_files/000428.html", "/home/capstone/project/test_files/000428.html.dkrpx75" <unfinished ...>
9591  openat(AT_FDCWD, "/home/capstone/project/test_files/checkpoints-000193.html", O_RDWR|O_CREAT|O_TRUNC|O_LARGEFILE|O_CLOEXEC, 0666) = -1 EMFILE (Too many open files)
9589  openat(AT_FDCWD, "/home/capstone/project/test_files/000428.html.dkrpx75", O_RDWR|O_LARGEFILE|O_CLOEXEC <unfinished ...>
9592  unlink("/home/capstone/project/test_files/checkpoints-000788.doc.dkrpx75" <unfinished ...>
9591  rename("/home/capstone/project/test_files/000488.unk", "/home/capstone/project/test_files/000488.unk.dkrpx75" <unfinished ...>
9591  openat(AT_FDCWD, "/home/capstone/project/test_files/000488.unk.dkrpx75", O_RDWR|O_LARGEFILE|O_CLOEXEC) = 42
9591  openat(AT_FDCWD, "/home/capstone/project/test_files/checkpoints-000488.unk.dkrpx75", O_RDWR|O_CREAT|O_TRUNC|O_LARGEFILE|O_CLOEXEC, 0666) = 639
9591  rename("/home/capstone/project/test_files/000433.html", "/home/capstone/project/test_files/000433.html.dkrpx75") = 0
9591  openat(AT_FDCWD, "/home/capstone/project/test_files/000433.html.dkrpx75", O_RDWR|O_LARGEFILE|O_CLOEXEC) = -1 EMFILE (Too many open files)
9591  openat(AT_FDCWD, "/home/capstone/project/test_files/checkpoints-000433.html", O_RDWR|O_CREAT|O_TRUNC|O_LARGEFILE|O_CLOEXEC, 0666 <unfinished ...>
9589  openat(AT_FDCWD, "/home/capstone/project/test_files/checkpoints-000428.html", O_RDWR|O_CREAT|O_TRUNC|O_LARGEFILE|O_CLOEXEC, 0666 <unfinished ...>
9589  rename("/home/capstone/project/test_files/000332.pdf", "/home/capstone/project/test_files/000332.pdf.dkrpx75" <unfinished ...>
9591  rename("/home/capstone/project/test_files/000969.jpg", "/home/capstone/project/test_files/000969.jpg.dkrpx75" <unfinished ...>
9589  openat(AT_FDCWD, "/home/capstone/project/test_files/000332.pdf.dkrpx75", O_RDWR|O_LARGEFILE|O_CLOEXEC <unfinished ...>
9591  openat(AT_FDCWD, "/home/capstone/project/test_files/000969.jpg.dkrpx75", O_RDWR|O_LARGEFILE|O_CLOEXEC) = -1 EMFILE (Too many open files)
9589  openat(AT_FDCWD, "/home/capstone/project/test_files/checkpoints-000332.pdf", O_RDWR|O_CREAT|O_TRUNC|O_LARGEFILE|O_CLOEXEC, 0666) = -1 EMFILE (Too many open files)
9591  openat(AT_FDCWD, "/home/capstone/project/test_files/checkpoints-000969.jpg", O_RDWR|O_CREAT|O_TRUNC|O_LARGEFILE|O_CLOEXEC, 0666) = -1 EMFILE (Too many open files)
9589  rename("/home/capstone/project/test_files/000743.log", "/home/capstone/project/test_files/000743.log.dkrpx75") = 0
9589  openat(AT_FDCWD, "/home/capstone/project/test_files/000743.log.dkrpx75", O_RDWR|O_LARGEFILE|O_CLOEXEC <unfinished ...>
9591  rename("/home/capstone/project/test_files/000216.html", "/home/capstone/project/test_files/000216.html.dkrpx75" <unfinished ...>
9591  openat(AT_FDCWD, "/home/capstone/project/test_files/000216.html.dkrpx75", O_RDWR|O_LARGEFILE|O_CLOEXEC <unfinished ...>
9589  openat(AT_FDCWD, "/home/capstone/project/test_files/checkpoints-000743.log", O_RDWR|O_CREAT|O_TRUNC|O_LARGEFILE|O_CLOEXEC, 0666 <unfinished ...>
9589  rename("/home/capstone/project/test_files/000901.pdf", "/home/capstone/project/test_files/000901.pdf.dkrpx75" <unfinished ...>
9591  openat(AT_FDCWD, "/home/capstone/project/test_files/checkpoints-000216.html", O_RDWR|O_CREAT|O_TRUNC|O_LARGEFILE|O_CLOEXEC, 0666 <unfinished ...>
9589  openat(AT_FDCWD, "/home/capstone/project/test_files/000901.pdf.dkrpx75", O_RDWR|O_LARGEFILE|O_CLOEXEC <unfinished ...>
9589  openat(AT_FDCWD, "/home/capstone/project/test_files/checkpoints-000901.pdf", O_RDWR|O_CREAT|O_TRUNC|O_LARGEFILE|O_CLOEXEC, 0666) = -1 EMFILE (Too many open files)
9591  rename("/home/capstone/project/test_files/000334.pdf", "/home/capstone/project/test_files/000334.pdf.dkrpx75") = 0
9591  openat(AT_FDCWD, "/home/capstone/project/test_files/000334.pdf.dkrpx75", O_RDWR|O_LARGEFILE|O_CLOEXEC <unfinished ...>
9589  rename("/home/capstone/project/test_files/000353.pdf", "/home/capstone/project/test_files/000353.pdf.dkrpx75") = 0
9589  openat(AT_FDCWD, "/home/capstone/project/test_files/000353.pdf.dkrpx75", O_RDWR|O_LARGEFILE|O_CLOEXEC <unfinished ...>
9591  openat(AT_FDCWD, "/home/capstone/project/test_files/checkpoints-000334.pdf", O_RDWR|O_CREAT|O_TRUNC|O_LARGEFILE|O_CLOEXEC, 0666) = -1 EMFILE (Too many open files)
9589  openat(AT_FDCWD, "/home/capstone/project/test_files/checkpoints-000353.pdf", O_RDWR|O_CREAT|O_TRUNC|O_LARGEFILE|O_CLOEXEC, 0666) = -1 EMFILE (Too many open files)
9591  rename("/home/capstone/project/test_files/000034.xls", "/home/capstone/project/test_files/000034.xls.dkrpx75" <unfinished ...>
9591  openat(AT_FDCWD, "/home/capstone/project/test_files/000034.xls.dkrpx75", O_RDWR|O_LARGEFILE|O_CLOEXEC) = -1 EMFILE (Too many open files)
9589  rename("/home/capstone/project/test_files/000206.html", "/home/capstone/project/test_files/000206.html.dkrpx75") = 0
9589  openat(AT_FDCWD, "/home/capstone/project/test_files/000206.html.dkrpx75", O_RDWR|O_LARGEFILE|O_CLOEXEC) = -1 EMFILE (Too many open files)
9591  openat(AT_FDCWD, "/home/capstone/project/test_files/checkpoints-000034.xls", O_RDWR|O_CREAT|O_TRUNC|O_LARGEFILE|O_CLOEXEC, 0666) = -1 EMFILE (Too many open files)
9589  openat(AT_FDCWD, "/home/capstone/project/test_files/checkpoints-000206.html", O_RDWR|O_CREAT|O_TRUNC|O_LARGEFILE|O_CLOEXEC, 0666) = -1 EMFILE (Too many open files)
9591  rename("/home/capstone/project/test_files/000529.gif", "/home/capstone/project/test_files/000529.gif.dkrpx75") = 0
9591  openat(AT_FDCWD, "/home/capstone/project/test_files/000529.gif.dkrpx75", O_RDWR|O_LARGEFILE|O_CLOEXEC <unfinished ...>
9589  rename("/home/capstone/project/test_files/000701.doc", "/home/capstone/project/test_files/000701.doc.dkrpx75" <unfinished ...>
9589  openat(AT_FDCWD, "/home/capstone/project/test_files/000701.doc.dkrpx75", O_RDWR|O_LARGEFILE|O_CLOEXEC) = -1 EMFILE (Too many open files)
9591  openat(AT_FDCWD, "/home/capstone/project/test_files/checkpoints-000529.gif", O_RDWR|O_CREAT|O_TRUNC|O_LARGEFILE|O_CLOEXEC, 0666 <unfinished ...>
9589  openat(AT_FDCWD, "/home/capstone/project/test_files/checkpoints-000701.doc", O_RDWR|O_CREAT|O_TRUNC|O_LARGEFILE|O_CLOEXEC, 0666) = -1 EMFILE (Too many open files)
9591  rename("/home/capstone/project/test_files/000069.html", "/home/capstone/project/test_files/000069.html.dkrpx75" <unfinished ...>
9591  openat(AT_FDCWD, "/home/capstone/project/test_files/000069.html.dkrpx75", O_RDWR|O_LARGEFILE|O_CLOEXEC <unfinished ...>
9589  rename("/home/capstone/project/test_files/000778.xls", "/home/capstone/project/test_files/000778.xls.dkrpx75" <unfinished ...>
9589  openat(AT_FDCWD, "/home/capstone/project/test_files/000778.xls.dkrpx75", O_RDWR|O_LARGEFILE|O_CLOEXEC <unfinished ...>
9591  openat(AT_FDCWD, "/home/capstone/project/test_files/checkpoints-000069.html", O_RDWR|O_CREAT|O_TRUNC|O_LARGEFILE|O_CLOEXEC, 0666 <unfinished ...>
9589  openat(AT_FDCWD, "/home/capstone/project/test_files/checkpoints-000778.xls", O_RDWR|O_CREAT|O_TRUNC|O_LARGEFILE|O_CLOEXEC, 0666 <unfinished ...>
9591  rename("/home/capstone/project/test_files/000855.txt", "/home/capstone/project/test_files/000855.txt.dkrpx75") = 0
9591  openat(AT_FDCWD, "/home/capstone/project/test_files/000855.txt.dkrpx75", O_RDWR|O_LARGEFILE|O_CLOEXEC <unfinished ...>
9589  rename("/home/capstone/project/test_files/000572.pdf", "/home/capstone/project/test_files/000572.pdf.dkrpx75" <unfinished ...>
9589  openat(AT_FDCWD, "/home/capstone/project/test_files/000572.pdf.dkrpx75", O_RDWR|O_LARGEFILE|O_CLOEXEC <unfinished ...>
9591  openat(AT_FDCWD, "/home/capstone/project/test_files/checkpoints-000855.txt", O_RDWR|O_CREAT|O_TRUNC|O_LARGEFILE|O_CLOEXEC, 0666) = -1 EMFILE (Too many open files)
9589  openat(AT_FDCWD, "/home/capstone/project/test_files/checkpoints-000572.pdf", O_RDWR|O_CREAT|O_TRUNC|O_LARGEFILE|O_CLOEXEC, 0666) = -1 EMFILE (Too many open files)
9591  rename("/home/capstone/project/test_files/000022.pdf", "/home/capstone/project/test_files/000022.pdf.dkrpx75" <unfinished ...>
9591  openat(AT_FDCWD, "/home/capstone/project/test_files/000022.pdf.dkrpx75", O_RDWR|O_LARGEFILE|O_CLOEXEC) = -1 EMFILE (Too many open files)
9589  rename("/home/capstone/project/test_files/000845.swf", "/home/capstone/project/test_files/000845.swf.dkrpx75" <unfinished ...>
9589  openat(AT_FDCWD, "/home/capstone/project/test_files/000845.swf.dkrpx75", O_RDWR|O_LARGEFILE|O_CLOEXEC) = -1 EMFILE (Too many open files)
9591  openat(AT_FDCWD, "/home/capstone/project/test_files/checkpoints-000022.pdf", O_RDWR|O_CREAT|O_TRUNC|O_LARGEFILE|O_CLOEXEC, 0666 <unfinished ...>
9589  openat(AT_FDCWD, "/home/capstone/project/test_files/checkpoints-000845.swf", O_RDWR|O_CREAT|O_TRUNC|O_LARGEFILE|O_CLOEXEC, 0666) = -1 EMFILE (Too many open files)
9591  rename("/home/capstone/project/test_files/000592.pdf", "/home/capstone/project/test_files/000592.pdf.dkrpx75" <unfinished ...>
9591  openat(AT_FDCWD, "/home/capstone/project/test_files/000592.pdf.dkrpx75", O_RDWR|O_LARGEFILE|O_CLOEXEC <unfinished ...>
9589  rename("/home/capstone/project/test_files/000071.html", "/home/capstone/project/test_files/000071.html.dkrpx75") = 0
9589  openat(AT_FDCWD, "/home/capstone/project/test_files/000071.html.dkrpx75", O_RDWR|O_LARGEFILE|O_CLOEXEC) = -1 EMFILE (Too many open files)
9591  openat(AT_FDCWD, "/home/capstone/project/test_files/checkpoints-000592.pdf", O_RDWR|O_CREAT|O_TRUNC|O_LARGEFILE|O_CLOEXEC, 0666 <unfinished ...>
9589  openat(AT_FDCWD, "/home/capstone/project/test_files/checkpoints-000071.html", O_RDWR|O_CREAT|O_TRUNC|O_LARGEFILE|O_CLOEXEC, 0666) = -1 EMFILE (Too many open files)
9589  rename("/home/capstone/project/test_files/000165.ppt", "/home/capstone/project/test_files/000165.ppt.dkrpx75") = 0
9589  openat(AT_FDCWD, "/home/capstone/project/test_files/000165.ppt.dkrpx75", O_RDWR|O_LARGEFILE|O_CLOEXEC <unfinished ...>
9591  rename("/home/capstone/project/test_files/000530.gif", "/home/capstone/project/test_files/000530.gif.dkrpx75" <unfinished ...>
9591  openat(AT_FDCWD, "/home/capstone/project/test_files/000530.gif.dkrpx75", O_RDWR|O_LARGEFILE|O_CLOEXEC) = -1 EMFILE (Too many open files)
9589  openat(AT_FDCWD, "/home/capstone/project/test_files/checkpoints-000165.ppt", O_RDWR|O_CREAT|O_TRUNC|O_LARGEFILE|O_CLOEXEC, 0666 <unfinished ...>
9591  openat(AT_FDCWD, "/home/capstone/project/test_files/checkpoints-000530.gif", O_RDWR|O_CREAT|O_TRUNC|O_LARGEFILE|O_CLOEXEC, 0666) = -1 EMFILE (Too many open files)
9589  rename("/home/capstone/project/test_files/000970.doc", "/home/capstone/project/test_files/000970.doc.dkrpx75") = 0
9589  openat(AT_FDCWD, "/home/capstone/project/test_files/000970.doc.dkrpx75", O_RDWR|O_LARGEFILE|O_CLOEXEC) = -1 EMFILE (Too many open files)
9591  rename("/home/capstone/project/test_files/000004.doc", "/home/capstone/project/test_files/000004.doc.dkrpx75" <unfinished ...>
9591  openat(AT_FDCWD, "/home/capstone/project/test_files/000004.doc.dkrpx75", O_RDWR|O_LARGEFILE|O_CLOEXEC <unfinished ...>
9589  openat(AT_FDCWD, "/home/capstone/project/test_files/checkpoints-000970.doc", O_RDWR|O_CREAT|O_TRUNC|O_LARGEFILE|O_CLOEXEC, 0666 <unfinished ...>
9591  openat(AT_FDCWD, "/home/capstone/project/test_files/checkpoints-000004.doc", O_RDWR|O_CREAT|O_TRUNC|O_LARGEFILE|O_CLOEXEC, 0666 <unfinished ...>
9589  rename("/home/capstone/project/test_files/000460.txt", "/home/capstone/project/test_files/000460.txt.dkrpx75") = 0
9589  openat(AT_FDCWD, "/home/capstone/project/test_files/000460.txt.dkrpx75", O_RDWR|O_LARGEFILE|O_CLOEXEC) = -1 EMFILE (Too many open files)
9589  openat(AT_FDCWD, "/home/capstone/project/test_files/checkpoints-000460.txt", O_RDWR|O_CREAT|O_TRUNC|O_LARGEFILE|O_CLOEXEC, 0666) = -1 EMFILE (Too many open files)
9591  rename("/home/capstone/project/test_files/000039.xml", "/home/capstone/project/test_files/000039.xml.dkrpx75" <unfinished ...>
9591  openat(AT_FDCWD, "/home/capstone/project/test_files/000039.xml.dkrpx75", O_RDWR|O_LARGEFILE|O_CLOEXEC <unfinished ...>
9589  rename("/home/capstone/project/test_files/000629.pdf", "/home/capstone/project/test_files/000629.pdf.dkrpx75") = 0
9589  openat(AT_FDCWD, "/home/capstone/project/test_files/000629.pdf.dkrpx75", O_RDWR|O_LARGEFILE|O_CLOEXEC) = -1 EMFILE (Too many open files)
9589  openat(AT_FDCWD, "/home/capstone/project/test_files/checkpoints-000629.pdf", O_RDWR|O_CREAT|O_TRUNC|O_LARGEFILE|O_CLOEXEC, 0666) = -1 EMFILE (Too many open files)
9591  openat(AT_FDCWD, "/home/capstone/project/test_files/checkpoints-000039.xml", O_RDWR|O_CREAT|O_TRUNC|O_LARGEFILE|O_CLOEXEC, 0666) = -1 EMFILE (Too many open files)
9589  rename("/home/capstone/project/test_files/000804.doc", "/home/capstone/project/test_files/000804.doc.dkrpx75") = 0
9589  openat(AT_FDCWD, "/home/capstone/project/test_files/000804.doc.dkrpx75", O_RDWR|O_LARGEFILE|O_CLOEXEC) = -1 EMFILE (Too many open files)
9591  rename("/home/capstone/project/test_files/000320.ppt", "/home/capstone/project/test_files/000320.ppt.dkrpx75") = 0
9591  openat(AT_FDCWD, "/home/capstone/project/test_files/000320.ppt.dkrpx75", O_RDWR|O_LARGEFILE|O_CLOEXEC) = -1 EMFILE (Too many open files)
9589  openat(AT_FDCWD, "/home/capstone/project/test_files/checkpoints-000804.doc", O_RDWR|O_CREAT|O_TRUNC|O_LARGEFILE|O_CLOEXEC, 0666) = -1 EMFILE (Too many open files)
9591  openat(AT_FDCWD, "/home/capstone/project/test_files/checkpoints-000320.ppt", O_RDWR|O_CREAT|O_TRUNC|O_LARGEFILE|O_CLOEXEC, 0666) = -1 EMFILE (Too many open files)
9589  rename("/home/capstone/project/test_files/000186.html", "/home/capstone/project/test_files/000186.html.dkrpx75") = 0
9589  openat(AT_FDCWD, "/home/capstone/project/test_files/000186.html.dkrpx75", O_RDWR|O_LARGEFILE|O_CLOEXEC) = -1 EMFILE (Too many open files)
9591  rename("/home/capstone/project/test_files/000617.html", "/home/capstone/project/test_files/000617.html.dkrpx75") = 0
9591  openat(AT_FDCWD, "/home/capstone/project/test_files/000617.html.dkrpx75", O_RDWR|O_LARGEFILE|O_CLOEXEC) = -1 EMFILE (Too many open files)
9589  openat(AT_FDCWD, "/home/capstone/project/test_files/checkpoints-000186.html", O_RDWR|O_CREAT|O_TRUNC|O_LARGEFILE|O_CLOEXEC, 0666) = -1 EMFILE (Too many open files)
9591  openat(AT_FDCWD, "/home/capstone/project/test_files/checkpoints-000617.html", O_RDWR|O_CREAT|O_TRUNC|O_LARGEFILE|O_CLOEXEC, 0666) = -1 EMFILE (Too many open files)
9589  rename("/home/capstone/project/test_files/000720.ppt", "/home/capstone/project/test_files/000720.ppt.dkrpx75") = 0
9589  openat(AT_FDCWD, "/home/capstone/project/test_files/000720.ppt.dkrpx75", O_RDWR|O_LARGEFILE|O_CLOEXEC) = -1 EMFILE (Too many open files)
9591  rename("/home/capstone/project/test_files/000633.xls", "/home/capstone/project/test_files/000633.xls.dkrpx75") = 0
9591  openat(AT_FDCWD, "/home/capstone/project/test_files/000633.xls.dkrpx75", O_RDWR|O_LARGEFILE|O_CLOEXEC) = -1 EMFILE (Too many open files)
9589  openat(AT_FDCWD, "/home/capstone/project/test_files/checkpoints-000720.ppt", O_RDWR|O_CREAT|O_TRUNC|O_LARGEFILE|O_CLOEXEC, 0666) = -1 EMFILE (Too many open files)
9591  openat(AT_FDCWD, "/home/capstone/project/test_files/checkpoints-000633.xls", O_RDWR|O_CREAT|O_TRUNC|O_LARGEFILE|O_CLOEXEC, 0666) = -1 EMFILE (Too many open files)
9589  rename("/home/capstone/project/test_files/000132.doc", "/home/capstone/project/test_files/000132.doc.dkrpx75") = 0
9589  openat(AT_FDCWD, "/home/capstone/project/test_files/000132.doc.dkrpx75", O_RDWR|O_LARGEFILE|O_CLOEXEC) = -1 EMFILE (Too many open files)
9589  openat(AT_FDCWD, "/home/capstone/project/test_files/checkpoints-000132.doc", O_RDWR|O_CREAT|O_TRUNC|O_LARGEFILE|O_CLOEXEC, 0666) = -1 EMFILE (Too many open files)
9591  rename("/home/capstone/project/test_files/000223.f", "/home/capstone/project/test_files/000223.f.dkrpx75" <unfinished ...>
9589  rename("/home/capstone/project/test_files/000007.doc", "/home/capstone/project/test_files/000007.doc.dkrpx75") = 0
9589  openat(AT_FDCWD, "/home/capstone/project/test_files/000007.doc.dkrpx75", O_RDWR|O_LARGEFILE|O_CLOEXEC) = -1 EMFILE (Too many open files)
9591  openat(AT_FDCWD, "/home/capstone/project/test_files/000223.f.dkrpx75", O_RDWR|O_LARGEFILE|O_CLOEXEC <unfinished ...>
9589  openat(AT_FDCWD, "/home/capstone/project/test_files/checkpoints-000007.doc", O_RDWR|O_CREAT|O_TRUNC|O_LARGEFILE|O_CLOEXEC, 0666) = -1 EMFILE (Too many open files)
9589  rename("/home/capstone/project/test_files/000122.doc", "/home/capstone/project/test_files/000122.doc.dkrpx75") = 0
9589  openat(AT_FDCWD, "/home/capstone/project/test_files/000122.doc.dkrpx75", O_RDWR|O_LARGEFILE|O_CLOEXEC) = -1 EMFILE (Too many open files)
9589  openat(AT_FDCWD, "/home/capstone/project/test_files/checkpoints-000122.doc", O_RDWR|O_CREAT|O_TRUNC|O_LARGEFILE|O_CLOEXEC, 0666) = -1 EMFILE (Too many open files)
9589  rename("/home/capstone/project/test_files/000771.doc", "/home/capstone/project/test_files/000771.doc.dkrpx75") = 0
9589  openat(AT_FDCWD, "/home/capstone/project/test_files/000771.doc.dkrpx75", O_RDWR|O_LARGEFILE|O_CLOEXEC) = -1 EMFILE (Too many open files)
9589  openat(AT_FDCWD, "/home/capstone/project/test_files/checkpoints-000771.doc", O_RDWR|O_CREAT|O_TRUNC|O_LARGEFILE|O_CLOEXEC, 0666) = -1 EMFILE (Too many open files)
9589  rename("/home/capstone/project/test_files/000442.html", "/home/capstone/project/test_files/000442.html.dkrpx75") = 0
9589  openat(AT_FDCWD, "/home/capstone/project/test_files/000442.html.dkrpx75", O_RDWR|O_LARGEFILE|O_CLOEXEC) = -1 EMFILE (Too many open files)
9591  openat(AT_FDCWD, "/home/capstone/project/test_files/checkpoints-000223.f", O_RDWR|O_CREAT|O_TRUNC|O_LARGEFILE|O_CLOEXEC, 0666 <unfinished ...>
9589  openat(AT_FDCWD, "/home/capstone/project/test_files/checkpoints-000442.html", O_RDWR|O_CREAT|O_TRUNC|O_LARGEFILE|O_CLOEXEC, 0666) = -1 EMFILE (Too many open files)
9589  rename("/home/capstone/project/test_files/000269.pdf", "/home/capstone/project/test_files/000269.pdf.dkrpx75") = 0
9589  openat(AT_FDCWD, "/home/capstone/project/test_files/000269.pdf.dkrpx75", O_RDWR|O_LARGEFILE|O_CLOEXEC) = -1 EMFILE (Too many open files)
9589  openat(AT_FDCWD, "/home/capstone/project/test_files/checkpoints-000269.pdf", O_RDWR|O_CREAT|O_TRUNC|O_LARGEFILE|O_CLOEXEC, 0666) = -1 EMFILE (Too many open files)
9589  rename("/home/capstone/project/test_files/000981.doc", "/home/capstone/project/test_files/000981.doc.dkrpx75" <unfinished ...>
9589  openat(AT_FDCWD, "/home/capstone/project/test_files/000981.doc.dkrpx75", O_RDWR|O_LARGEFILE|O_CLOEXEC) = -1 EMFILE (Too many open files)
9589  openat(AT_FDCWD, "/home/capstone/project/test_files/checkpoints-000981.doc", O_RDWR|O_CREAT|O_TRUNC|O_LARGEFILE|O_CLOEXEC, 0666) = -1 EMFILE (Too many open files)
9591  rename("/home/capstone/project/test_files/000499.txt", "/home/capstone/project/test_files/000499.txt.dkrpx75" <unfinished ...>
9589  rename("/home/capstone/project/test_files/000754.gz", "/home/capstone/project/test_files/000754.gz.dkrpx75") = 0
9591  openat(AT_FDCWD, "/home/capstone/project/test_files/000499.txt.dkrpx75", O_RDWR|O_LARGEFILE|O_CLOEXEC <unfinished ...>
9589  openat(AT_FDCWD, "/home/capstone/project/test_files/000754.gz.dkrpx75", O_RDWR|O_LARGEFILE|O_CLOEXEC <unfinished ...>
9589  openat(AT_FDCWD, "/home/capstone/project/test_files/checkpoints-000754.gz", O_RDWR|O_CREAT|O_TRUNC|O_LARGEFILE|O_CLOEXEC, 0666) = -1 EMFILE (Too many open files)
9589  rename("/home/capstone/project/test_files/000224.txt", "/home/capstone/project/test_files/000224.txt.dkrpx75") = 0
9589  openat(AT_FDCWD, "/home/capstone/project/test_files/000224.txt.dkrpx75", O_RDWR|O_LARGEFILE|O_CLOEXEC) = -1 EMFILE (Too many open files)
9589  openat(AT_FDCWD, "/home/capstone/project/test_files/checkpoints-000224.txt", O_RDWR|O_CREAT|O_TRUNC|O_LARGEFILE|O_CLOEXEC, 0666) = -1 EMFILE (Too many open files)
9589  rename("/home/capstone/project/test_files/000976.doc", "/home/capstone/project/test_files/000976.doc.dkrpx75") = 0
9589  openat(AT_FDCWD, "/home/capstone/project/test_files/000976.doc.dkrpx75", O_RDWR|O_LARGEFILE|O_CLOEXEC <unfinished ...>
9589  openat(AT_FDCWD, "/home/capstone/project/test_files/checkpoints-000976.doc", O_RDWR|O_CREAT|O_TRUNC|O_LARGEFILE|O_CLOEXEC, 0666) = -1 EMFILE (Too many open files)
9589  rename("/home/capstone/project/test_files/000995.ppt", "/home/capstone/project/test_files/000995.ppt.dkrpx75") = 0
9589  openat(AT_FDCWD, "/home/capstone/project/test_files/000995.ppt.dkrpx75", O_RDWR|O_LARGEFILE|O_CLOEXEC) = -1 EMFILE (Too many open files)
9589  openat(AT_FDCWD, "/home/capstone/project/test_files/checkpoints-000995.ppt", O_RDWR|O_CREAT|O_TRUNC|O_LARGEFILE|O_CLOEXEC, 0666) = -1 EMFILE (Too many open files)
9589  rename("/home/capstone/project/test_files/000735.html", "/home/capstone/project/test_files/000735.html.dkrpx75") = 0
9589  openat(AT_FDCWD, "/home/capstone/project/test_files/000735.html.dkrpx75", O_RDWR|O_LARGEFILE|O_CLOEXEC <unfinished ...>
9591  openat(AT_FDCWD, "/home/capstone/project/test_files/checkpoints-000499.txt", O_RDWR|O_CREAT|O_TRUNC|O_LARGEFILE|O_CLOEXEC, 0666) = -1 EMFILE (Too many open files)
9589  openat(AT_FDCWD, "/home/capstone/project/test_files/checkpoints-000735.html", O_RDWR|O_CREAT|O_TRUNC|O_LARGEFILE|O_CLOEXEC, 0666) = -1 EMFILE (Too many open files)
9589  rename("/home/capstone/project/test_files/000699.log", "/home/capstone/project/test_files/000699.log.dkrpx75") = 0
9589  openat(AT_FDCWD, "/home/capstone/project/test_files/000699.log.dkrpx75", O_RDWR|O_LARGEFILE|O_CLOEXEC) = -1 EMFILE (Too many open files)
9589  openat(AT_FDCWD, "/home/capstone/project/test_files/checkpoints-000699.log", O_RDWR|O_CREAT|O_TRUNC|O_LARGEFILE|O_CLOEXEC, 0666 <unfinished ...>
9589  rename("/home/capstone/project/test_files/000714.ppt", "/home/capstone/project/test_files/000714.ppt.dkrpx75" <unfinished ...>
9589  openat(AT_FDCWD, "/home/capstone/project/test_files/000714.ppt.dkrpx75", O_RDWR|O_LARGEFILE|O_CLOEXEC <unfinished ...>
9591  rename("/home/capstone/project/test_files/000809.pdf", "/home/capstone/project/test_files/000809.pdf.dkrpx75" <unfinished ...>
9589  openat(AT_FDCWD, "/home/capstone/project/test_files/checkpoints-000714.ppt", O_RDWR|O_CREAT|O_TRUNC|O_LARGEFILE|O_CLOEXEC, 0666) = -1 EMFILE (Too many open files)
9591  openat(AT_FDCWD, "/home/capstone/project/test_files/000809.pdf.dkrpx75", O_RDWR|O_LARGEFILE|O_CLOEXEC <unfinished ...>
9591  openat(AT_FDCWD, "/home/capstone/project/test_files/checkpoints-000489.txt", O_RDWR|O_CREAT|O_TRUNC|O_LARGEFILE|O_CLOEXEC, 0666) = -1 EMFILE (Too many open files)
9591  rename("/home/capstone/project/test_files/000381.pdf", "/home/capstone/project/test_files/000381.pdf.dkrpx75") = 0
9591  openat(AT_FDCWD, "/home/capstone/project/test_files/000381.pdf.dkrpx75", O_RDWR|O_LARGEFILE|O_CLOEXEC) = -1 EMFILE (Too many open files)
9589  openat(AT_FDCWD, "/home/capstone/project/test_files/checkpoints-000461.html", O_RDWR|O_CREAT|O_TRUNC|O_LARGEFILE|O_CLOEXEC, 0666 <unfinished ...>
9591  openat(AT_FDCWD, "/home/capstone/project/test_files/checkpoints-000381.pdf", O_RDWR|O_CREAT|O_TRUNC|O_LARGEFILE|O_CLOEXEC, 0666) = -1 EMFILE (Too many open files)
9591  rename("/home/capstone/project/test_files/000545.gif", "/home/capstone/project/test_files/000545.gif.dkrpx75") = 0
9591  openat(AT_FDCWD, "/home/capstone/project/test_files/000545.gif.dkrpx75", O_RDWR|O_LARGEFILE|O_CLOEXEC) = -1 EMFILE (Too many open files)
9591  openat(AT_FDCWD, "/home/capstone/project/test_files/checkpoints-000545.gif", O_RDWR|O_CREAT|O_TRUNC|O_LARGEFILE|O_CLOEXEC, 0666) = -1 EMFILE (Too many open files)
9591  rename("/home/capstone/project/test_files/000285.doc", "/home/capstone/project/test_files/000285.doc.dkrpx75") = 0
9591  openat(AT_FDCWD, "/home/capstone/project/test_files/000285.doc.dkrpx75", O_RDWR|O_LARGEFILE|O_CLOEXEC) = -1 EMFILE (Too many open files)
9591  openat(AT_FDCWD, "/home/capstone/project/test_files/checkpoints-000285.doc", O_RDWR|O_CREAT|O_TRUNC|O_LARGEFILE|O_CLOEXEC, 0666) = -1 EMFILE (Too many open files)
9591  rename("/home/capstone/project/test_files/000748.pdf", "/home/capstone/project/test_files/000748.pdf.dkrpx75") = 0
9591  openat(AT_FDCWD, "/home/capstone/project/test_files/000748.pdf.dkrpx75", O_RDWR|O_LARGEFILE|O_CLOEXEC) = -1 EMFILE (Too many open files)
9591  openat(AT_FDCWD, "/home/capstone/project/test_files/checkpoints-000748.pdf", O_RDWR|O_CREAT|O_TRUNC|O_LARGEFILE|O_CLOEXEC, 0666) = -1 EMFILE (Too many open files)
9591  rename("/home/capstone/project/test_files/000810.pdf", "/home/capstone/project/test_files/000810.pdf.dkrpx75") = 0
9591  openat(AT_FDCWD, "/home/capstone/project/test_files/000810.pdf.dkrpx75", O_RDWR|O_LARGEFILE|O_CLOEXEC) = -1 EMFILE (Too many open files)
9589  rename("/home/capstone/project/test_files/000865.gz", "/home/capstone/project/test_files/000865.gz.dkrpx75") = 0
9589  openat(AT_FDCWD, "/home/capstone/project/test_files/000865.gz.dkrpx75", O_RDWR|O_LARGEFILE|O_CLOEXEC) = -1 EMFILE (Too many open files)
9591  openat(AT_FDCWD, "/home/capstone/project/test_files/checkpoints-000810.pdf", O_RDWR|O_CREAT|O_TRUNC|O_LARGEFILE|O_CLOEXEC, 0666) = -1 EMFILE (Too many open files)
9591  rename("/home/capstone/project/test_files/000773.ps", "/home/capstone/project/test_files/000773.ps.dkrpx75") = 0
9591  openat(AT_FDCWD, "/home/capstone/project/test_files/000773.ps.dkrpx75", O_RDWR|O_LARGEFILE|O_CLOEXEC) = -1 EMFILE (Too many open files)
9591  openat(AT_FDCWD, "/home/capstone/project/test_files/checkpoints-000773.ps", O_RDWR|O_CREAT|O_TRUNC|O_LARGEFILE|O_CLOEXEC, 0666) = -1 EMFILE (Too many open files)
9589  openat(AT_FDCWD, "/home/capstone/project/test_files/checkpoints-000865.gz", O_RDWR|O_CREAT|O_TRUNC|O_LARGEFILE|O_CLOEXEC, 0666) = -1 EMFILE (Too many open files)
9591  rename("/home/capstone/project/test_files/000109.jpg", "/home/capstone/project/test_files/000109.jpg.dkrpx75") = 0
9591  openat(AT_FDCWD, "/home/capstone/project/test_files/000109.jpg.dkrpx75", O_RDWR|O_LARGEFILE|O_CLOEXEC) = -1 EMFILE (Too many open files)
9591  openat(AT_FDCWD, "/home/capstone/project/test_files/checkpoints-000109.jpg", O_RDWR|O_CREAT|O_TRUNC|O_LARGEFILE|O_CLOEXEC, 0666) = -1 EMFILE (Too many open files)
9591  rename("/home/capstone/project/test_files/000692.html", "/home/capstone/project/test_files/000692.html.dkrpx75") = 0
9591  openat(AT_FDCWD, "/home/capstone/project/test_files/000692.html.dkrpx75", O_RDWR|O_LARGEFILE|O_CLOEXEC) = -1 EMFILE (Too many open files)
9591  openat(AT_FDCWD, "/home/capstone/project/test_files/checkpoints-000692.html", O_RDWR|O_CREAT|O_TRUNC|O_LARGEFILE|O_CLOEXEC, 0666) = -1 EMFILE (Too many open files)
9591  rename("/home/capstone/project/test_files/000082.txt", "/home/capstone/project/test_files/000082.txt.dkrpx75") = 0
9591  openat(AT_FDCWD, "/home/capstone/project/test_files/000082.txt.dkrpx75", O_RDWR|O_LARGEFILE|O_CLOEXEC) = -1 EMFILE (Too many open files)
9591  openat(AT_FDCWD, "/home/capstone/project/test_files/checkpoints-000082.txt", O_RDWR|O_CREAT|O_TRUNC|O_LARGEFILE|O_CLOEXEC, 0666) = -1 EMFILE (Too many open files)
9591  rename("/home/capstone/project/test_files/000431.html", "/home/capstone/project/test_files/000431.html.dkrpx75") = 0
9591  openat(AT_FDCWD, "/home/capstone/project/test_files/000431.html.dkrpx75", O_RDWR|O_LARGEFILE|O_CLOEXEC) = -1 EMFILE (Too many open files)
9589  rename("/home/capstone/project/test_files/000675.doc", "/home/capstone/project/test_files/000675.doc.dkrpx75" <unfinished ...>
9591  openat(AT_FDCWD, "/home/capstone/project/test_files/checkpoints-000431.html", O_RDWR|O_CREAT|O_TRUNC|O_LARGEFILE|O_CLOEXEC, 0666) = -1 EMFILE (Too many open files)
9591  rename("/home/capstone/project/test_files/000866.txt", "/home/capstone/project/test_files/000866.txt.dkrpx75") = 0
9591  openat(AT_FDCWD, "/home/capstone/project/test_files/000866.txt.dkrpx75", O_RDWR|O_LARGEFILE|O_CLOEXEC) = -1 EMFILE (Too many open files)
9591  openat(AT_FDCWD, "/home/capstone/project/test_files/checkpoints-000866.txt", O_RDWR|O_CREAT|O_TRUNC|O_LARGEFILE|O_CLOEXEC, 0666) = -1 EMFILE (Too many open files)
9589  openat(AT_FDCWD, "/home/capstone/project/test_files/000675.doc.dkrpx75", O_RDWR|O_LARGEFILE|O_CLOEXEC) = -1 EMFILE (Too many open files)
9591  rename("/home/capstone/project/test_files/000389.dbase3", "/home/capstone/project/test_files/000389.dbase3.dkrpx75") = 0
9591  openat(AT_FDCWD, "/home/capstone/project/test_files/000389.dbase3.dkrpx75", O_RDWR|O_LARGEFILE|O_CLOEXEC) = -1 EMFILE (Too many open files)
9591  openat(AT_FDCWD, "/home/capstone/project/test_files/checkpoints-000389.dbase3", O_RDWR|O_CREAT|O_TRUNC|O_LARGEFILE|O_CLOEXEC, 0666) = -1 EMFILE (Too many open files)
9591  rename("/home/capstone/project/test_files/000324.pdf", "/home/capstone/project/test_files/000324.pdf.dkrpx75") = 0
9591  openat(AT_FDCWD, "/home/capstone/project/test_files/000324.pdf.dkrpx75", O_RDWR|O_LARGEFILE|O_CLOEXEC) = -1 EMFILE (Too many open files)
9591  openat(AT_FDCWD, "/home/capstone/project/test_files/checkpoints-000324.pdf", O_RDWR|O_CREAT|O_TRUNC|O_LARGEFILE|O_CLOEXEC, 0666) = -1 EMFILE (Too many open files)
9589  openat(AT_FDCWD, "/home/capstone/project/test_files/checkpoints-000675.doc", O_RDWR|O_CREAT|O_TRUNC|O_LARGEFILE|O_CLOEXEC, 0666) = -1 EMFILE (Too many open files)
9591  rename("/home/capstone/project/test_files/000534.gif", "/home/capstone/project/test_files/000534.gif.dkrpx75") = 0
9591  openat(AT_FDCWD, "/home/capstone/project/test_files/000534.gif.dkrpx75", O_RDWR|O_LARGEFILE|O_CLOEXEC) = -1 EMFILE (Too many open files)
9591  openat(AT_FDCWD, "/home/capstone/project/test_files/checkpoints-000534.gif", O_RDWR|O_CREAT|O_TRUNC|O_LARGEFILE|O_CLOEXEC, 0666) = -1 EMFILE (Too many open files)
9591  rename("/home/capstone/project/test_files/000697.log", "/home/capstone/project/test_files/000697.log.dkrpx75") = 0
9591  openat(AT_FDCWD, "/home/capstone/project/test_files/000697.log.dkrpx75", O_RDWR|O_LARGEFILE|O_CLOEXEC) = -1 EMFILE (Too many open files)
9589  rename("/home/capstone/project/test_files/000793.html", "/home/capstone/project/test_files/000793.html.dkrpx75") = 0
9589  openat(AT_FDCWD, "/home/capstone/project/test_files/000793.html.dkrpx75", O_RDWR|O_LARGEFILE|O_CLOEXEC) = -1 EMFILE (Too many open files)
9591  openat(AT_FDCWD, "/home/capstone/project/test_files/checkpoints-000697.log", O_RDWR|O_CREAT|O_TRUNC|O_LARGEFILE|O_CLOEXEC, 0666) = -1 EMFILE (Too many open files)
9591  rename("/home/capstone/project/test_files/000322.ppt", "/home/capstone/project/test_files/000322.ppt.dkrpx75") = 0
9591  openat(AT_FDCWD, "/home/capstone/project/test_files/000768.ps.dkrpx75", O_RDWR|O_LARGEFILE|O_CLOEXEC) = -1 EMFILE (Too many open files)
9591  openat(AT_FDCWD, "/home/capstone/project/test_files/checkpoints-000768.ps", O_RDWR|O_CREAT|O_TRUNC|O_LARGEFILE|O_CLOEXEC, 0666) = -1 EMFILE (Too many open files)
9591  rename("/home/capstone/project/test_files/000827.txt", "/home/capstone/project/test_files/000827.txt.dkrpx75") = 0
9591  openat(AT_FDCWD, "/home/capstone/project/test_files/000827.txt.dkrpx75", O_RDWR|O_LARGEFILE|O_CLOEXEC) = -1 EMFILE (Too many open files)
9591  openat(AT_FDCWD, "/home/capstone/project/test_files/checkpoints-000827.txt", O_RDWR|O_CREAT|O_TRUNC|O_LARGEFILE|O_CLOEXEC, 0666) = -1 EMFILE (Too many open files)
9591  rename("/home/capstone/project/test_files/000354.pdf", "/home/capstone/project/test_files/000354.pdf.dkrpx75") = 0
9591  openat(AT_FDCWD, "/home/capstone/project/test_files/000354.pdf.dkrpx75", O_RDWR|O_LARGEFILE|O_CLOEXEC) = -1 EMFILE (Too many open files)
9591  openat(AT_FDCWD, "/home/capstone/project/test_files/checkpoints-000354.pdf", O_RDWR|O_CREAT|O_TRUNC|O_LARGEFILE|O_CLOEXEC, 0666) = -1 EMFILE (Too many open files)
9591  rename("/home/capstone/project/test_files/000040.xls", "/home/capstone/project/test_files/000040.xls.dkrpx75") = 0
9591  openat(AT_FDCWD, "/home/capstone/project/test_files/000040.xls.dkrpx75", O_RDWR|O_LARGEFILE|O_CLOEXEC) = -1 EMFILE (Too many open files)
9591  openat(AT_FDCWD, "/home/capstone/project/test_files/checkpoints-000040.xls", O_RDWR|O_CREAT|O_TRUNC|O_LARGEFILE|O_CLOEXEC, 0666) = -1 EMFILE (Too many open files)
9591  rename("/home/capstone/project/test_files/000209.html", "/home/capstone/project/test_files/000209.html.dkrpx75") = 0
9591  openat(AT_FDCWD, "/home/capstone/project/test_files/000209.html.dkrpx75", O_RDWR|O_LARGEFILE|O_CLOEXEC) = -1 EMFILE (Too many open files)
9591  openat(AT_FDCWD, "/home/capstone/project/test_files/checkpoints-000209.html", O_RDWR|O_CREAT|O_TRUNC|O_LARGEFILE|O_CLOEXEC, 0666) = -1 EMFILE (Too many open files)
9591  rename("/home/capstone/project/test_files/000227.txt", "/home/capstone/project/test_files/000227.txt.dkrpx75") = 0
9591  openat(AT_FDCWD, "/home/capstone/project/test_files/000227.txt.dkrpx75", O_RDWR|O_LARGEFILE|O_CLOEXEC) = -1 EMFILE (Too many open files)
9591  openat(AT_FDCWD, "/home/capstone/project/test_files/checkpoints-000227.txt", O_RDWR|O_CREAT|O_TRUNC|O_LARGEFILE|O_CLOEXEC, 0666) = -1 EMFILE (Too many open files)
9591  rename("/home/capstone/project/test_files/000782.xls", "/home/capstone/project/test_files/000782.xls.dkrpx75") = 0
9591  openat(AT_FDCWD, "/home/capstone/project/test_files/000782.xls.dkrpx75", O_RDWR|O_LARGEFILE|O_CLOEXEC) = -1 EMFILE (Too many open files)
9591  openat(AT_FDCWD, "/home/capstone/project/test_files/checkpoints-000782.xls", O_RDWR|O_CREAT|O_TRUNC|O_LARGEFILE|O_CLOEXEC, 0666) = -1 EMFILE (Too many open files)
9591  rename("/home/capstone/project/test_files/000298.ppt", "/home/capstone/project/test_files/000298.ppt.dkrpx75") = 0
9591  openat(AT_FDCWD, "/home/capstone/project/test_files/000298.ppt.dkrpx75", O_RDWR|O_LARGEFILE|O_CLOEXEC) = -1 EMFILE (Too many open files)
9591  openat(AT_FDCWD, "/home/capstone/project/test_files/checkpoints-000298.ppt", O_RDWR|O_CREAT|O_TRUNC|O_LARGEFILE|O_CLOEXEC, 0666) = -1 EMFILE (Too many open files)
9591  rename("/home/capstone/project/test_files/000598.html", "/home/capstone/project/test_files/000598.html.dkrpx75") = 0
9591  openat(AT_FDCWD, "/home/capstone/project/test_files/000598.html.dkrpx75", O_RDWR|O_LARGEFILE|O_CLOEXEC) = -1 EMFILE (Too many open files)
9591  openat(AT_FDCWD, "/home/capstone/project/test_files/checkpoints-000598.html", O_RDWR|O_CREAT|O_TRUNC|O_LARGEFILE|O_CLOEXEC, 0666) = -1 EMFILE (Too many open files)
9591  rename("/home/capstone/project/test_files/000013.pdf", "/home/capstone/project/test_files/000013.pdf.dkrpx75") = 0
9591  openat(AT_FDCWD, "/home/capstone/project/test_files/000013.pdf.dkrpx75", O_RDWR|O_LARGEFILE|O_CLOEXEC) = -1 EMFILE (Too many open files)
9591  openat(AT_FDCWD, "/home/capstone/project/test_files/checkpoints-000013.pdf", O_RDWR|O_CREAT|O_TRUNC|O_LARGEFILE|O_CLOEXEC, 0666) = -1 EMFILE (Too many open files)
9591  rename("/home/capstone/project/test_files/000361.pdf", "/home/capstone/project/test_files/000361.pdf.dkrpx75") = 0
9591  openat(AT_FDCWD, "/home/capstone/project/test_files/000361.pdf.dkrpx75", O_RDWR|O_LARGEFILE|O_CLOEXEC) = -1 EMFILE (Too many open files)
9591  openat(AT_FDCWD, "/home/capstone/project/test_files/checkpoints-000361.pdf", O_RDWR|O_CREAT|O_TRUNC|O_LARGEFILE|O_CLOEXEC, 0666) = -1 EMFILE (Too many open files)
9591  rename("/home/capstone/project/test_files/000015.pdf", "/home/capstone/project/test_files/000015.pdf.dkrpx75") = 0
9591  openat(AT_FDCWD, "/home/capstone/project/test_files/000015.pdf.dkrpx75", O_RDWR|O_LARGEFILE|O_CLOEXEC) = -1 EMFILE (Too many open files)
9591  openat(AT_FDCWD, "/home/capstone/project/test_files/checkpoints-000015.pdf", O_RDWR|O_CREAT|O_TRUNC|O_LARGEFILE|O_CLOEXEC, 0666) = -1 EMFILE (Too many open files)
9591  rename("/home/capstone/project/test_files/000816.pdf", "/home/capstone/project/test_files/000816.pdf.dkrpx75") = 0
9591  openat(AT_FDCWD, "/home/capstone/project/test_files/000816.pdf.dkrpx75", O_RDWR|O_LARGEFILE|O_CLOEXEC) = -1 EMFILE (Too many open files)
9591  openat(AT_FDCWD, "/home/capstone/project/test_files/checkpoints-000816.pdf", O_RDWR|O_CREAT|O_TRUNC|O_LARGEFILE|O_CLOEXEC, 0666) = -1 EMFILE (Too many open files)
9591  rename("/home/capstone/project/test_files/000055.xls", "/home/capstone/project/test_files/000055.xls.dkrpx75") = 0
9591  openat(AT_FDCWD, "/home/capstone/project/test_files/000055.xls.dkrpx75", O_RDWR|O_LARGEFILE|O_CLOEXEC) = -1 EMFILE (Too many open files)
9591  openat(AT_FDCWD, "/home/capstone/project/test_files/checkpoints-000055.xls", O_RDWR|O_CREAT|O_TRUNC|O_LARGEFILE|O_CLOEXEC, 0666) = -1 EMFILE (Too many open files)
9591  rename("/home/capstone/project/test_files/000303.ppt", "/home/capstone/project/test_files/000303.ppt.dkrpx75") = 0
9591  openat(AT_FDCWD, "/home/capstone/project/test_files/000303.ppt.dkrpx75", O_RDWR|O_LARGEFILE|O_CLOEXEC) = -1 EMFILE (Too many open files)
9591  openat(AT_FDCWD, "/home/capstone/project/test_files/checkpoints-000303.ppt", O_RDWR|O_CREAT|O_TRUNC|O_LARGEFILE|O_CLOEXEC, 0666) = -1 EMFILE (Too many open files)
9591  rename("/home/capstone/project/test_files/000582.pdf", "/home/capstone/project/test_files/000582.pdf.dkrpx75") = 0
9591  openat(AT_FDCWD, "/home/capstone/project/test_files/000582.pdf.dkrpx75", O_RDWR|O_LARGEFILE|O_CLOEXEC) = -1 EMFILE (Too many open files)
9591  openat(AT_FDCWD, "/home/capstone/project/test_files/checkpoints-000582.pdf", O_RDWR|O_CREAT|O_TRUNC|O_LARGEFILE|O_CLOEXEC, 0666) = -1 EMFILE (Too many open files)
9591  rename("/home/capstone/project/test_files/000728.ppt", "/home/capstone/project/test_files/000728.ppt.dkrpx75") = 0
9591  openat(AT_FDCWD, "/home/capstone/project/test_files/000728.ppt.dkrpx75", O_RDWR|O_LARGEFILE|O_CLOEXEC) = -1 EMFILE (Too many open files)
9591  openat(AT_FDCWD, "/home/capstone/project/test_files/checkpoints-000728.ppt", O_RDWR|O_CREAT|O_TRUNC|O_LARGEFILE|O_CLOEXEC, 0666) = -1 EMFILE (Too many open files)
9591  rename("/home/capstone/project/test_files/000873.jpg", "/home/capstone/project/test_files/000873.jpg.dkrpx75") = 0
9591  openat(AT_FDCWD, "/home/capstone/project/test_files/000873.jpg.dkrpx75", O_RDWR|O_LARGEFILE|O_CLOEXEC) = -1 EMFILE (Too many open files)
9591  openat(AT_FDCWD, "/home/capstone/project/test_files/checkpoints-000873.jpg", O_RDWR|O_CREAT|O_TRUNC|O_LARGEFILE|O_CLOEXEC, 0666) = -1 EMFILE (Too many open files)
9589  openat(AT_FDCWD, "/home/capstone/project/test_files/checkpoints-000382.xls", O_RDWR|O_CREAT|O_TRUNC|O_LARGEFILE|O_CLOEXEC, 0666 <unfinished ...>
9591  rename("/home/capstone/project/test_files/000181.ppt", "/home/capstone/project/test_files/000181.ppt.dkrpx75") = 0
9591  openat(AT_FDCWD, "/home/capstone/project/test_files/000181.ppt.dkrpx75", O_RDWR|O_LARGEFILE|O_CLOEXEC) = -1 EMFILE (Too many open files)
9591  openat(AT_FDCWD, "/home/capstone/project/test_files/checkpoints-000181.ppt", O_RDWR|O_CREAT|O_TRUNC|O_LARGEFILE|O_CLOEXEC, 0666) = -1 EMFILE (Too many open files)
9591  rename("/home/capstone/project/test_files/000738.pdf", "/home/capstone/project/test_files/000738.pdf.dkrpx75") = 0
9591  openat(AT_FDCWD, "/home/capstone/project/test_files/000738.pdf.dkrpx75", O_RDWR|O_LARGEFILE|O_CLOEXEC) = -1 EMFILE (Too many open files)
9591  openat(AT_FDCWD, "/home/capstone/project/test_files/checkpoints-000738.pdf", O_RDWR|O_CREAT|O_TRUNC|O_LARGEFILE|O_CLOEXEC, 0666) = -1 EMFILE (Too many open files)
9591  rename("/home/capstone/project/test_files/000202.html", "/home/capstone/project/test_files/000202.html.dkrpx75") = 0
9591  openat(AT_FDCWD, "/home/capstone/project/test_files/000202.html.dkrpx75", O_RDWR|O_LARGEFILE|O_CLOEXEC) = -1 EMFILE (Too many open files)
9591  openat(AT_FDCWD, "/home/capstone/project/test_files/checkpoints-000202.html", O_RDWR|O_CREAT|O_TRUNC|O_LARGEFILE|O_CLOEXEC, 0666) = -1 EMFILE (Too many open files)
9591  rename("/home/capstone/project/test_files/000543.gif", "/home/capstone/project/test_files/000543.gif.dkrpx75") = 0
9591  openat(AT_FDCWD, "/home/capstone/project/test_files/000543.gif.dkrpx75", O_RDWR|O_LARGEFILE|O_CLOEXEC) = -1 EMFILE (Too many open files)
9591  openat(AT_FDCWD, "/home/capstone/project/test_files/checkpoints-000543.gif", O_RDWR|O_CREAT|O_TRUNC|O_LARGEFILE|O_CLOEXEC, 0666) = -1 EMFILE (Too many open files)
9589  rename("/home/capstone/project/test_files/000264.doc", "/home/capstone/project/test_files/000264.doc.dkrpx75") = 0
9589  openat(AT_FDCWD, "/home/capstone/project/test_files/000264.doc.dkrpx75", O_RDWR|O_LARGEFILE|O_CLOEXEC) = -1 EMFILE (Too many open files)
9591  rename("/home/capstone/project/test_files/000278.doc", "/home/capstone/project/test_files/000278.doc.dkrpx75") = 0
9591  openat(AT_FDCWD, "/home/capstone/project/test_files/000278.doc.dkrpx75", O_RDWR|O_LARGEFILE|O_CLOEXEC) = -1 EMFILE (Too many open files)
9591  openat(AT_FDCWD, "/home/capstone/project/test_files/checkpoints-000278.doc", O_RDWR|O_CREAT|O_TRUNC|O_LARGEFILE|O_CLOEXEC, 0666) = -1 EMFILE (Too many open files)
9591  rename("/home/capstone/project/test_files/000527.gif", "/home/capstone/project/test_files/000527.gif.dkrpx75") = 0
9591  openat(AT_FDCWD, "/home/capstone/project/test_files/000527.gif.dkrpx75", O_RDWR|O_LARGEFILE|O_CLOEXEC) = -1 EMFILE (Too many open files)
9591  openat(AT_FDCWD, "/home/capstone/project/test_files/checkpoints-000527.gif", O_RDWR|O_CREAT|O_TRUNC|O_LARGEFILE|O_CLOEXEC, 0666) = -1 EMFILE (Too many open files)
9591  rename("/home/capstone/project/test_files/000723.ppt", "/home/capstone/project/test_files/000723.ppt.dkrpx75") = 0
9591  openat(AT_FDCWD, "/home/capstone/project/test_files/000723.ppt.dkrpx75", O_RDWR|O_LARGEFILE|O_CLOEXEC) = -1 EMFILE (Too many open files)
9589  openat(AT_FDCWD, "/home/capstone/project/test_files/checkpoints-000264.doc", O_RDWR|O_CREAT|O_TRUNC|O_LARGEFILE|O_CLOEXEC, 0666) = -1 EMFILE (Too many open files)
9591  openat(AT_FDCWD, "/home/capstone/project/test_files/checkpoints-000723.ppt", O_RDWR|O_CREAT|O_TRUNC|O_LARGEFILE|O_CLOEXEC, 0666) = -1 EMFILE (Too many open files)
9591  rename("/home/capstone/project/test_files/000928.txt", "/home/capstone/project/test_files/000928.txt.dkrpx75" <unfinished ...>
9591  openat(AT_FDCWD, "/home/capstone/project/test_files/000928.txt.dkrpx75", O_RDWR|O_LARGEFILE|O_CLOEXEC) = -1 EMFILE (Too many open files)
9591  openat(AT_FDCWD, "/home/capstone/project/test_files/checkpoints-000928.txt", O_RDWR|O_CREAT|O_TRUNC|O_LARGEFILE|O_CLOEXEC, 0666) = -1 EMFILE (Too many open files)
9591  rename("/home/capstone/project/test_files/000858.txt", "/home/capstone/project/test_files/000858.txt.dkrpx75") = 0
9591  openat(AT_FDCWD, "/home/capstone/project/test_files/000858.txt.dkrpx75", O_RDWR|O_LARGEFILE|O_CLOEXEC) = -1 EMFILE (Too many open files)
9589  rename("/home/capstone/project/test_files/000814.html", "/home/capstone/project/test_files/000814.html.dkrpx75") = 0
9589  openat(AT_FDCWD, "/home/capstone/project/test_files/000814.html.dkrpx75", O_RDWR|O_LARGEFILE|O_CLOEXEC) = -1 EMFILE (Too many open files)
9591  openat(AT_FDCWD, "/home/capstone/project/test_files/checkpoints-000858.txt", O_RDWR|O_CREAT|O_TRUNC|O_LARGEFILE|O_CLOEXEC, 0666) = -1 EMFILE (Too many open files)
9591  rename("/home/capstone/project/test_files/000311.ppt", "/home/capstone/project/test_files/000311.ppt.dkrpx75") = 0
9589  openat(AT_FDCWD, "/home/capstone/project/test_files/checkpoints-000814.html", O_RDWR|O_CREAT|O_TRUNC|O_LARGEFILE|O_CLOEXEC, 0666 <unfinished ...>
9591  openat(AT_FDCWD, "/home/capstone/project/test_files/000311.ppt.dkrpx75", O_RDWR|O_LARGEFILE|O_CLOEXEC <unfinished ...>
9591  openat(AT_FDCWD, "/home/capstone/project/test_files/checkpoints-000311.ppt", O_RDWR|O_CREAT|O_TRUNC|O_LARGEFILE|O_CLOEXEC, 0666) = -1 EMFILE (Too many open files)
9591  rename("/home/capstone/project/test_files/000904.pdf", "/home/capstone/project/test_files/000904.pdf.dkrpx75") = 0
9591  openat(AT_FDCWD, "/home/capstone/project/test_files/000904.pdf.dkrpx75", O_RDWR|O_LARGEFILE|O_CLOEXEC) = -1 EMFILE (Too many open files)
9591  openat(AT_FDCWD, "/home/capstone/project/test_files/checkpoints-000904.pdf", O_RDWR|O_CREAT|O_TRUNC|O_LARGEFILE|O_CLOEXEC, 0666) = -1 EMFILE (Too many open files)
9591  rename("/home/capstone/project/test_files/000385.xls", "/home/capstone/project/test_files/000385.xls.dkrpx75") = 0
9589  rename("/home/capstone/project/test_files/000783.html", "/home/capstone/project/test_files/000783.html.dkrpx75" <unfinished ...>
9591  openat(AT_FDCWD, "/home/capstone/project/test_files/000385.xls.dkrpx75", O_RDWR|O_LARGEFILE|O_CLOEXEC) = -1 EMFILE (Too many open files)
9589  openat(AT_FDCWD, "/home/capstone/project/test_files/000783.html.dkrpx75", O_RDWR|O_LARGEFILE|O_CLOEXEC) = -1 EMFILE (Too many open files)
9591  openat(AT_FDCWD, "/home/capstone/project/test_files/checkpoints-000385.xls", O_RDWR|O_CREAT|O_TRUNC|O_LARGEFILE|O_CLOEXEC, 0666) = -1 EMFILE (Too many open files)
9591  rename("/home/capstone/project/test_files/000983.ppt", "/home/capstone/project/test_files/000983.ppt.dkrpx75") = 0
9591  openat(AT_FDCWD, "/home/capstone/project/test_files/000983.ppt.dkrpx75", O_RDWR|O_LARGEFILE|O_CLOEXEC) = -1 EMFILE (Too many open files)
9591  openat(AT_FDCWD, "/home/capstone/project/test_files/checkpoints-000983.ppt", O_RDWR|O_CREAT|O_TRUNC|O_LARGEFILE|O_CLOEXEC, 0666) = -1 EMFILE (Too many open files)
9589  openat(AT_FDCWD, "/home/capstone/project/test_files/checkpoints-000783.html", O_RDWR|O_CREAT|O_TRUNC|O_LARGEFILE|O_CLOEXEC, 0666) = -1 EMFILE (Too many open files)
9591  rename("/home/capstone/project/test_files/000474.txt", "/home/capstone/project/test_files/000474.txt.dkrpx75") = 0
9591  openat(AT_FDCWD, "/home/capstone/project/test_files/000474.txt.dkrpx75", O_RDWR|O_LARGEFILE|O_CLOEXEC) = -1 EMFILE (Too many open files)
9591  openat(AT_FDCWD, "/home/capstone/project/test_files/checkpoints-000474.txt", O_RDWR|O_CREAT|O_TRUNC|O_LARGEFILE|O_CLOEXEC, 0666) = -1 EMFILE (Too many open files)
9591  rename("/home/capstone/project/test_files/000152.pdf", "/home/capstone/project/test_files/000152.pdf.dkrpx75") = 0
9591  openat(AT_FDCWD, "/home/capstone/project/test_files/000152.pdf.dkrpx75", O_RDWR|O_LARGEFILE|O_CLOEXEC) = -1 EMFILE (Too many open files)
9591  openat(AT_FDCWD, "/home/capstone/project/test_files/checkpoints-000152.pdf", O_RDWR|O_CREAT|O_TRUNC|O_LARGEFILE|O_CLOEXEC, 0666) = -1 EMFILE (Too many open files)
9591  rename("/home/capstone/project/test_files/000315.ppt", "/home/capstone/project/test_files/000315.ppt.dkrpx75" <unfinished ...>
9591  openat(AT_FDCWD, "/home/capstone/project/test_files/000315.ppt.dkrpx75", O_RDWR|O_LARGEFILE|O_CLOEXEC <unfinished ...>
9589  rename("/home/capstone/project/test_files/000744.pdf", "/home/capstone/project/test_files/000744.pdf.dkrpx75") = 0
9589  openat(AT_FDCWD, "/home/capstone/project/test_files/000744.pdf.dkrpx75", O_RDWR|O_LARGEFILE|O_CLOEXEC <unfinished ...>
9591  openat(AT_FDCWD, "/home/capstone/project/test_files/checkpoints-000315.ppt", O_RDWR|O_CREAT|O_TRUNC|O_LARGEFILE|O_CLOEXEC, 0666) = -1 EMFILE (Too many open files)
9591  rename("/home/capstone/project/test_files/000694.html", "/home/capstone/project/test_files/000694.html.dkrpx75") = 0
9591  openat(AT_FDCWD, "/home/capstone/project/test_files/000694.html.dkrpx75", O_RDWR|O_LARGEFILE|O_CLOEXEC) = -1 EMFILE (Too many open files)
9591  openat(AT_FDCWD, "/home/capstone/project/test_files/checkpoints-000694.html", O_RDWR|O_CREAT|O_TRUNC|O_LARGEFILE|O_CLOEXEC, 0666) = -1 EMFILE (Too many open files)
9589  openat(AT_FDCWD, "/home/capstone/project/test_files/checkpoints-000744.pdf", O_RDWR|O_CREAT|O_TRUNC|O_LARGEFILE|O_CLOEXEC, 0666) = -1 EMFILE (Too many open files)
9591  rename("/home/capstone/project/test_files/000920.txt", "/home/capstone/project/test_files/000920.txt.dkrpx75") = 0
9591  openat(AT_FDCWD, "/home/capstone/project/test_files/000920.txt.dkrpx75", O_RDWR|O_LARGEFILE|O_CLOEXEC) = -1 EMFILE (Too many open files)
9591  openat(AT_FDCWD, "/home/capstone/project/test_files/checkpoints-000920.txt", O_RDWR|O_CREAT|O_TRUNC|O_LARGEFILE|O_CLOEXEC, 0666) = -1 EMFILE (Too many open files)
9591  rename("/home/capstone/project/test_files/000291.ppt", "/home/capstone/project/test_files/000291.ppt.dkrpx75" <unfinished ...>
9591  openat(AT_FDCWD, "/home/capstone/project/test_files/000291.ppt.dkrpx75", O_RDWR|O_LARGEFILE|O_CLOEXEC <unfinished ...>
9591  openat(AT_FDCWD, "/home/capstone/project/test_files/checkpoints-000291.ppt", O_RDWR|O_CREAT|O_TRUNC|O_LARGEFILE|O_CLOEXEC, 0666) = -1 EMFILE (Too many open files)
9591  rename("/home/capstone/project/test_files/000540.jpg", "/home/capstone/project/test_files/000540.jpg.dkrpx75") = 0
9591  openat(AT_FDCWD, "/home/capstone/project/test_files/000540.jpg.dkrpx75", O_RDWR|O_LARGEFILE|O_CLOEXEC) = -1 EMFILE (Too many open files)
9589  rename("/home/capstone/project/test_files/000674.pdf", "/home/capstone/project/test_files/000674.pdf.dkrpx75" <unfinished ...>
9591  openat(AT_FDCWD, "/home/capstone/project/test_files/checkpoints-000540.jpg", O_RDWR|O_CREAT|O_TRUNC|O_LARGEFILE|O_CLOEXEC, 0666) = -1 EMFILE (Too many open files)
9589  openat(AT_FDCWD, "/home/capstone/project/test_files/000674.pdf.dkrpx75", O_RDWR|O_LARGEFILE|O_CLOEXEC <unfinished ...>
9591  rename("/home/capstone/project/test_files/000299.ppt", "/home/capstone/project/test_files/000299.ppt.dkrpx75") = 0
9591  openat(AT_FDCWD, "/home/capstone/project/test_files/000299.ppt.dkrpx75", O_RDWR|O_LARGEFILE|O_CLOEXEC) = -1 EMFILE (Too many open files)
9591  openat(AT_FDCWD, "/home/capstone/project/test_files/checkpoints-000299.ppt", O_RDWR|O_CREAT|O_TRUNC|O_LARGEFILE|O_CLOEXEC, 0666) = -1 EMFILE (Too many open files)
9591  rename("/home/capstone/project/test_files/000979.doc", "/home/capstone/project/test_files/000979.doc.dkrpx75") = 0
9591  openat(AT_FDCWD, "/home/capstone/project/test_files/000979.doc.dkrpx75", O_RDWR|O_LARGEFILE|O_CLOEXEC) = -1 EMFILE (Too many open files)
9591  openat(AT_FDCWD, "/home/capstone/project/test_files/checkpoints-000979.doc", O_RDWR|O_CREAT|O_TRUNC|O_LARGEFILE|O_CLOEXEC, 0666) = -1 EMFILE (Too many open files)
9591  rename("/home/capstone/project/test_files/000672.pdf", "/home/capstone/project/test_files/000672.pdf.dkrpx75") = 0
9591  openat(AT_FDCWD, "/home/capstone/project/test_files/000672.pdf.dkrpx75", O_RDWR|O_LARGEFILE|O_CLOEXEC) = -1 EMFILE (Too many open files)
9589  openat(AT_FDCWD, "/home/capstone/project/test_files/checkpoints-000674.pdf", O_RDWR|O_CREAT|O_TRUNC|O_LARGEFILE|O_CLOEXEC, 0666 <unfinished ...>
9589  rename("/home/capstone/project/test_files/000712.ppt", "/home/capstone/project/test_files/000712.ppt.dkrpx75") = 0
9589  openat(AT_FDCWD, "/home/capstone/project/test_files/000712.ppt.dkrpx75", O_RDWR|O_LARGEFILE|O_CLOEXEC) = -1 EMFILE (Too many open files)
9589  openat(AT_FDCWD, "/home/capstone/project/test_files/checkpoints-000712.ppt", O_RDWR|O_CREAT|O_TRUNC|O_LARGEFILE|O_CLOEXEC, 0666 <unfinished ...>
9591  openat(AT_FDCWD, "/home/capstone/project/test_files/checkpoints-000672.pdf", O_RDWR|O_CREAT|O_TRUNC|O_LARGEFILE|O_CLOEXEC, 0666) = -1 EMFILE (Too many open files)
9589  rename("/home/capstone/project/test_files/000993.ppt", "/home/capstone/project/test_files/000993.ppt.dkrpx75") = 0
9589  openat(AT_FDCWD, "/home/capstone/project/test_files/000993.ppt.dkrpx75", O_RDWR|O_LARGEFILE|O_CLOEXEC) = -1 EMFILE (Too many open files)
9589  openat(AT_FDCWD, "/home/capstone/project/test_files/checkpoints-000993.ppt", O_RDWR|O_CREAT|O_TRUNC|O_LARGEFILE|O_CLOEXEC, 0666 <unfinished ...>
9591  rename("/home/capstone/project/test_files/000586.pdf", "/home/capstone/project/test_files/000586.pdf.dkrpx75" <unfinished ...>
9591  openat(AT_FDCWD, "/home/capstone/project/test_files/000586.pdf.dkrpx75", O_RDWR|O_LARGEFILE|O_CLOEXEC) = -1 EMFILE (Too many open files)
9591  openat(AT_FDCWD, "/home/capstone/project/test_files/checkpoints-000586.pdf", O_RDWR|O_CREAT|O_TRUNC|O_LARGEFILE|O_CLOEXEC, 0666) = -1 EMFILE (Too many open files)
9589  rename("/home/capstone/project/test_files/000870.jpg", "/home/capstone/project/test_files/000870.jpg.dkrpx75" <unfinished ...>
9589  openat(AT_FDCWD, "/home/capstone/project/test_files/000870.jpg.dkrpx75", O_RDWR|O_LARGEFILE|O_CLOEXEC <unfinished ...>
9591  rename("/home/capstone/project/test_files/000665.txt", "/home/capstone/project/test_files/000665.txt.dkrpx75") = 0
9591  openat(AT_FDCWD, "/home/capstone/project/test_files/000665.txt.dkrpx75", O_RDWR|O_LARGEFILE|O_CLOEXEC) = -1 EMFILE (Too many open files)
9589  openat(AT_FDCWD, "/home/capstone/project/test_files/checkpoints-000870.jpg", O_RDWR|O_CREAT|O_TRUNC|O_LARGEFILE|O_CLOEXEC, 0666) = -1 EMFILE (Too many open files)
9591  openat(AT_FDCWD, "/home/capstone/project/test_files/checkpoints-000665.txt", O_RDWR|O_CREAT|O_TRUNC|O_LARGEFILE|O_CLOEXEC, 0666) = -1 EMFILE (Too many open files)
9589  rename("/home/capstone/project/test_files/000550.jpg", "/home/capstone/project/test_files/000550.jpg.dkrpx75") = 0
9589  openat(AT_FDCWD, "/home/capstone/project/test_files/000550.jpg.dkrpx75", O_RDWR|O_LARGEFILE|O_CLOEXEC) = -1 EMFILE (Too many open files)
9591  rename("/home/capstone/project/test_files/000376.dbase3", "/home/capstone/project/test_files/000376.dbase3.dkrpx75" <unfinished ...>
9589  openat(AT_FDCWD, "/home/capstone/project/test_files/checkpoints-000550.jpg", O_RDWR|O_CREAT|O_TRUNC|O_LARGEFILE|O_CLOEXEC, 0666 <unfinished ...>
9591  openat(AT_FDCWD, "/home/capstone/project/test_files/000376.dbase3.dkrpx75", O_RDWR|O_LARGEFILE|O_CLOEXEC) = -1 EMFILE (Too many open files)
9591  openat(AT_FDCWD, "/home/capstone/project/test_files/checkpoints-000376.dbase3", O_RDWR|O_CREAT|O_TRUNC|O_LARGEFILE|O_CLOEXEC, 0666) = -1 EMFILE (Too many open files)
9589  rename("/home/capstone/project/test_files/000775.xls", "/home/capstone/project/test_files/000775.xls.dkrpx75") = 0
9589  openat(AT_FDCWD, "/home/capstone/project/test_files/000775.xls.dkrpx75", O_RDWR|O_LARGEFILE|O_CLOEXEC) = -1 EMFILE (Too many open files)
9589  openat(AT_FDCWD, "/home/capstone/project/test_files/checkpoints-000775.xls", O_RDWR|O_CREAT|O_TRUNC|O_LARGEFILE|O_CLOEXEC, 0666) = -1 EMFILE (Too many open files)
9591  rename("/home/capstone/project/test_files/000659.txt", "/home/capstone/project/test_files/000659.txt.dkrpx75") = 0
9591  openat(AT_FDCWD, "/home/capstone/project/test_files/000659.txt.dkrpx75", O_RDWR|O_LARGEFILE|O_CLOEXEC) = -1 EMFILE (Too many open files)
9591  openat(AT_FDCWD, "/home/capstone/project/test_files/checkpoints-000659.txt", O_RDWR|O_CREAT|O_TRUNC|O_LARGEFILE|O_CLOEXEC, 0666) = -1 EMFILE (Too many open files)
9589  rename("/home/capstone/project/test_files/000336.pdf", "/home/capstone/project/test_files/000336.pdf.dkrpx75") = 0
9589  openat(AT_FDCWD, "/home/capstone/project/test_files/000336.pdf.dkrpx75", O_RDWR|O_LARGEFILE|O_CLOEXEC) = -1 EMFILE (Too many open files)
9589  openat(AT_FDCWD, "/home/capstone/project/test_files/checkpoints-000336.pdf", O_RDWR|O_CREAT|O_TRUNC|O_LARGEFILE|O_CLOEXEC, 0666) = -1 EMFILE (Too many open files)
9591  openat(AT_FDCWD, "/home/capstone/project/test_files/000624.txt.dkrpx75", O_RDWR|O_LARGEFILE|O_CLOEXEC <unfinished ...>
9589  rename("/home/capstone/project/test_files/000907.html", "/home/capstone/project/test_files/000907.html.dkrpx75" <unfinished ...>
9589  openat(AT_FDCWD, "/home/capstone/project/test_files/000907.html.dkrpx75", O_RDWR|O_LARGEFILE|O_CLOEXEC) = -1 EMFILE (Too many open files)
9591  openat(AT_FDCWD, "/home/capstone/project/test_files/checkpoints-000624.txt", O_RDWR|O_CREAT|O_TRUNC|O_LARGEFILE|O_CLOEXEC, 0666) = -1 EMFILE (Too many open files)
9589  openat(AT_FDCWD, "/home/capstone/project/test_files/checkpoints-000907.html", O_RDWR|O_CREAT|O_TRUNC|O_LARGEFILE|O_CLOEXEC, 0666 <unfinished ...>
9591  rename("/home/capstone/project/test_files/000262.pdf", "/home/capstone/project/test_files/000262.pdf.dkrpx75") = 0
9591  openat(AT_FDCWD, "/home/capstone/project/test_files/000262.pdf.dkrpx75", O_RDWR|O_LARGEFILE|O_CLOEXEC <unfinished ...>
9589  rename("/home/capstone/project/test_files/000196.pdf", "/home/capstone/project/test_files/000196.pdf.dkrpx75") = 0
9589  openat(AT_FDCWD, "/home/capstone/project/test_files/000196.pdf.dkrpx75", O_RDWR|O_LARGEFILE|O_CLOEXEC <unfinished ...>
9591  openat(AT_FDCWD, "/home/capstone/project/test_files/checkpoints-000262.pdf", O_RDWR|O_CREAT|O_TRUNC|O_LARGEFILE|O_CLOEXEC, 0666 <unfinished ...>
9591  rename("/home/capstone/project/test_files/000688.gif", "/home/capstone/project/test_files/000688.gif.dkrpx75" <unfinished ...>
9591  openat(AT_FDCWD, "/home/capstone/project/test_files/000688.gif.dkrpx75", O_RDWR|O_LARGEFILE|O_CLOEXEC) = -1 EMFILE (Too many open files)
9591  openat(AT_FDCWD, "/home/capstone/project/test_files/checkpoints-000688.gif", O_RDWR|O_CREAT|O_TRUNC|O_LARGEFILE|O_CLOEXEC, 0666) = -1 EMFILE (Too many open files)
9591  rename("/home/capstone/project/test_files/000790.doc", "/home/capstone/project/test_files/000790.doc.dkrpx75") = 0
9591  openat(AT_FDCWD, "/home/capstone/project/test_files/000790.doc.dkrpx75", O_RDWR|O_LARGEFILE|O_CLOEXEC) = -1 EMFILE (Too many open files)
9591  openat(AT_FDCWD, "/home/capstone/project/test_files/checkpoints-000790.doc", O_RDWR|O_CREAT|O_TRUNC|O_LARGEFILE|O_CLOEXEC, 0666) = -1 EMFILE (Too many open files)
9589  openat(AT_FDCWD, "/home/capstone/project/test_files/checkpoints-000196.pdf", O_RDWR|O_CREAT|O_TRUNC|O_LARGEFILE|O_CLOEXEC, 0666 <unfinished ...>
9591  rename("/home/capstone/project/test_files/000194.html", "/home/capstone/project/test_files/000194.html.dkrpx75" <unfinished ...>
9591  openat(AT_FDCWD, "/home/capstone/project/test_files/000194.html.dkrpx75", O_RDWR|O_LARGEFILE|O_CLOEXEC <unfinished ...>
9589  rename("/home/capstone/project/test_files/000396.xls", "/home/capstone/project/test_files/000396.xls.dkrpx75") = 0
9589  openat(AT_FDCWD, "/home/capstone/project/test_files/000396.xls.dkrpx75", O_RDWR|O_LARGEFILE|O_CLOEXEC <unfinished ...>
9591  openat(AT_FDCWD, "/home/capstone/project/test_files/checkpoints-000194.html", O_RDWR|O_CREAT|O_TRUNC|O_LARGEFILE|O_CLOEXEC, 0666) = -1 EMFILE (Too many open files)
9591  rename("/home/capstone/project/test_files/000537.gif", "/home/capstone/project/test_files/000537.gif.dkrpx75" <unfinished ...>
9591  openat(AT_FDCWD, "/home/capstone/project/test_files/000537.gif.dkrpx75", O_RDWR|O_LARGEFILE|O_CLOEXEC) = -1 EMFILE (Too many open files)
9591  openat(AT_FDCWD, "/home/capstone/project/test_files/checkpoints-000537.gif", O_RDWR|O_CREAT|O_TRUNC|O_LARGEFILE|O_CLOEXEC, 0666) = -1 EMFILE (Too many open files)
9589  openat(AT_FDCWD, "/home/capstone/project/test_files/checkpoints-000396.xls", O_RDWR|O_CREAT|O_TRUNC|O_LARGEFILE|O_CLOEXEC, 0666 <unfinished ...>
9591  rename("/home/capstone/project/test_files/000630.pdf", "/home/capstone/project/test_files/000630.pdf.dkrpx75" <unfinished ...>
9591  openat(AT_FDCWD, "/home/capstone/project/test_files/000630.pdf.dkrpx75", O_RDWR|O_LARGEFILE|O_CLOEXEC) = -1 EMFILE (Too many open files)
9591  openat(AT_FDCWD, "/home/capstone/project/test_files/checkpoints-000630.pdf", O_RDWR|O_CREAT|O_TRUNC|O_LARGEFILE|O_CLOEXEC, 0666) = -1 EMFILE (Too many open files)
9589  rename("/home/capstone/project/test_files/000312.ppt", "/home/capstone/project/test_files/000312.ppt.dkrpx75" <unfinished ...>
9589  openat(AT_FDCWD, "/home/capstone/project/test_files/000312.ppt.dkrpx75", O_RDWR|O_LARGEFILE|O_CLOEXEC <unfinished ...>
9591  rename("/home/capstone/project/test_files/000417.jpg", "/home/capstone/project/test_files/000417.jpg.dkrpx75" <unfinished ...>
9591  openat(AT_FDCWD, "/home/capstone/project/test_files/000417.jpg.dkrpx75", O_RDWR|O_LARGEFILE|O_CLOEXEC) = -1 EMFILE (Too many open files)
9591  openat(AT_FDCWD, "/home/capstone/project/test_files/checkpoints-000417.jpg", O_RDWR|O_CREAT|O_TRUNC|O_LARGEFILE|O_CLOEXEC, 0666) = -1 EMFILE (Too many open files)
9589  openat(AT_FDCWD, "/home/capstone/project/test_files/checkpoints-000312.ppt", O_RDWR|O_CREAT|O_TRUNC|O_LARGEFILE|O_CLOEXEC, 0666 <unfinished ...>
9591  rename("/home/capstone/project/test_files/000168.pdf", "/home/capstone/project/test_files/000168.pdf.dkrpx75" <unfinished ...>
9591  openat(AT_FDCWD, "/home/capstone/project/test_files/000168.pdf.dkrpx75", O_RDWR|O_LARGEFILE|O_CLOEXEC) = -1 EMFILE (Too many open files)
9591  openat(AT_FDCWD, "/home/capstone/project/test_files/checkpoints-000168.pdf", O_RDWR|O_CREAT|O_TRUNC|O_LARGEFILE|O_CLOEXEC, 0666 <unfinished ...>
9591  rename("/home/capstone/project/test_files/000252.pdf", "/home/capstone/project/test_files/000252.pdf.dkrpx75" <unfinished ...>
9589  rename("/home/capstone/project/test_files/000502.txt", "/home/capstone/project/test_files/000502.txt.dkrpx75" <unfinished ...>
9589  openat(AT_FDCWD, "/home/capstone/project/test_files/000502.txt.dkrpx75", O_RDWR|O_LARGEFILE|O_CLOEXEC <unfinished ...>
9591  openat(AT_FDCWD, "/home/capstone/project/test_files/000252.pdf.dkrpx75", O_RDWR|O_LARGEFILE|O_CLOEXEC <unfinished ...>
9591  openat(AT_FDCWD, "/home/capstone/project/test_files/checkpoints-000252.pdf", O_RDWR|O_CREAT|O_TRUNC|O_LARGEFILE|O_CLOEXEC, 0666 <unfinished ...>
9589  openat(AT_FDCWD, "/home/capstone/project/test_files/checkpoints-000502.txt", O_RDWR|O_CREAT|O_TRUNC|O_LARGEFILE|O_CLOEXEC, 0666 <unfinished ...>
9591  rename("/home/capstone/project/test_files/000123.html", "/home/capstone/project/test_files/000123.html.dkrpx75") = 0
9591  openat(AT_FDCWD, "/home/capstone/project/test_files/000123.html.dkrpx75", O_RDWR|O_LARGEFILE|O_CLOEXEC <unfinished ...>
9591  openat(AT_FDCWD, "/home/capstone/project/test_files/checkpoints-000123.html", O_RDWR|O_CREAT|O_TRUNC|O_LARGEFILE|O_CLOEXEC, 0666) = -1 EMFILE (Too many open files)
9589  rename("/home/capstone/project/test_files/000471.txt", "/home/capstone/project/test_files/000471.txt.dkrpx75" <unfinished ...>
9589  openat(AT_FDCWD, "/home/capstone/project/test_files/000471.txt.dkrpx75", O_RDWR|O_LARGEFILE|O_CLOEXEC) = -1 EMFILE (Too many open files)
9591  rename("/home/capstone/project/test_files/000776.xls", "/home/capstone/project/test_files/000776.xls.dkrpx75") = 0
9591  openat(AT_FDCWD, "/home/capstone/project/test_files/000776.xls.dkrpx75", O_RDWR|O_LARGEFILE|O_CLOEXEC) = -1 EMFILE (Too many open files)
9589  openat(AT_FDCWD, "/home/capstone/project/test_files/checkpoints-000471.txt", O_RDWR|O_CREAT|O_TRUNC|O_LARGEFILE|O_CLOEXEC, 0666) = -1 EMFILE (Too many open files)
9591  openat(AT_FDCWD, "/home/capstone/project/test_files/checkpoints-000776.xls", O_RDWR|O_CREAT|O_TRUNC|O_LARGEFILE|O_CLOEXEC, 0666) = -1 EMFILE (Too many open files)
9589  rename("/home/capstone/project/test_files/000028.pdf", "/home/capstone/project/test_files/000028.pdf.dkrpx75" <unfinished ...>
9589  openat(AT_FDCWD, "/home/capstone/project/test_files/000028.pdf.dkrpx75", O_RDWR|O_LARGEFILE|O_CLOEXEC) = -1 EMFILE (Too many open files)
9591  rename("/home/capstone/project/test_files/000401.xls", "/home/capstone/project/test_files/000401.xls.dkrpx75" <unfinished ...>
9589  openat(AT_FDCWD, "/home/capstone/project/test_files/000719.ppt.dkrpx75", O_RDWR|O_LARGEFILE|O_CLOEXEC) = -1 EMFILE (Too many open files)
9589  openat(AT_FDCWD, "/home/capstone/project/test_files/checkpoints-000719.ppt", O_RDWR|O_CREAT|O_TRUNC|O_LARGEFILE|O_CLOEXEC, 0666) = -1 EMFILE (Too many open files)
9591  openat(AT_FDCWD, "/home/capstone/project/test_files/checkpoints-000323.ppt", O_RDWR|O_CREAT|O_TRUNC|O_LARGEFILE|O_CLOEXEC, 0666 <unfinished ...>
9589  rename("/home/capstone/project/test_files/000826.pdf", "/home/capstone/project/test_files/000826.pdf.dkrpx75") = 0
9589  openat(AT_FDCWD, "/home/capstone/project/test_files/000826.pdf.dkrpx75", O_RDWR|O_LARGEFILE|O_CLOEXEC) = -1 EMFILE (Too many open files)
9589  openat(AT_FDCWD, "/home/capstone/project/test_files/checkpoints-000826.pdf", O_RDWR|O_CREAT|O_TRUNC|O_LARGEFILE|O_CLOEXEC, 0666) = -1 EMFILE (Too many open files)
9589  rename("/home/capstone/project/test_files/000774.ps", "/home/capstone/project/test_files/000774.ps.dkrpx75") = 0
9589  openat(AT_FDCWD, "/home/capstone/project/test_files/000774.ps.dkrpx75", O_RDWR|O_LARGEFILE|O_CLOEXEC) = -1 EMFILE (Too many open files)
9589  openat(AT_FDCWD, "/home/capstone/project/test_files/checkpoints-000774.ps", O_RDWR|O_CREAT|O_TRUNC|O_LARGEFILE|O_CLOEXEC, 0666) = -1 EMFILE (Too many open files)
9589  rename("/home/capstone/project/test_files/000946.doc", "/home/capstone/project/test_files/000946.doc.dkrpx75" <unfinished ...>
9589  openat(AT_FDCWD, "/home/capstone/project/test_files/000946.doc.dkrpx75", O_RDWR|O_LARGEFILE|O_CLOEXEC <unfinished ...>
9591  rename("/home/capstone/project/test_files/000120.doc", "/home/capstone/project/test_files/000120.doc.dkrpx75") = 0
9589  openat(AT_FDCWD, "/home/capstone/project/test_files/checkpoints-000946.doc", O_RDWR|O_CREAT|O_TRUNC|O_LARGEFILE|O_CLOEXEC, 0666) = -1 EMFILE (Too many open files)
9591  openat(AT_FDCWD, "/home/capstone/project/test_files/000120.doc.dkrpx75", O_RDWR|O_LARGEFILE|O_CLOEXEC) = -1 EMFILE (Too many open files)
9589  rename("/home/capstone/project/test_files/000635.html", "/home/capstone/project/test_files/000635.html.dkrpx75" <unfinished ...>
9589  openat(AT_FDCWD, "/home/capstone/project/test_files/000635.html.dkrpx75", O_RDWR|O_LARGEFILE|O_CLOEXEC) = -1 EMFILE (Too many open files)
9589  openat(AT_FDCWD, "/home/capstone/project/test_files/checkpoints-000635.html", O_RDWR|O_CREAT|O_TRUNC|O_LARGEFILE|O_CLOEXEC, 0666) = -1 EMFILE (Too many open files)
9589  rename("/home/capstone/project/test_files/000147.pdf", "/home/capstone/project/test_files/000147.pdf.dkrpx75") = 0
9589  openat(AT_FDCWD, "/home/capstone/project/test_files/000147.pdf.dkrpx75", O_RDWR|O_LARGEFILE|O_CLOEXEC) = -1 EMFILE (Too many open files)
9589  openat(AT_FDCWD, "/home/capstone/project/test_files/checkpoints-000147.pdf", O_RDWR|O_CREAT|O_TRUNC|O_LARGEFILE|O_CLOEXEC, 0666) = -1 EMFILE (Too many open files)
9589  rename("/home/capstone/project/test_files/000257.rtf", "/home/capstone/project/test_files/000257.rtf.dkrpx75") = 0
9591  openat(AT_FDCWD, "/home/capstone/project/test_files/checkpoints-000120.doc", O_RDWR|O_CREAT|O_TRUNC|O_LARGEFILE|O_CLOEXEC, 0666 <unfinished ...>
9589  openat(AT_FDCWD, "/home/capstone/project/test_files/000257.rtf.dkrpx75", O_RDWR|O_LARGEFILE|O_CLOEXEC) = -1 EMFILE (Too many open files)
9589  openat(AT_FDCWD, "/home/capstone/project/test_files/checkpoints-000257.rtf", O_RDWR|O_CREAT|O_TRUNC|O_LARGEFILE|O_CLOEXEC, 0666) = -1 EMFILE (Too many open files)
9589  rename("/home/capstone/project/test_files/000836.txt", "/home/capstone/project/test_files/000836.txt.dkrpx75" <unfinished ...>
9589  openat(AT_FDCWD, "/home/capstone/project/test_files/000836.txt.dkrpx75", O_RDWR|O_LARGEFILE|O_CLOEXEC) = -1 EMFILE (Too many open files)
9589  openat(AT_FDCWD, "/home/capstone/project/test_files/checkpoints-000836.txt", O_RDWR|O_CREAT|O_TRUNC|O_LARGEFILE|O_CLOEXEC, 0666) = -1 EMFILE (Too many open files)
9591  rename("/home/capstone/project/test_files/000538.gif", "/home/capstone/project/test_files/000538.gif.dkrpx75" <unfinished ...>
9591  openat(AT_FDCWD, "/home/capstone/project/test_files/000538.gif.dkrpx75", O_RDWR|O_LARGEFILE|O_CLOEXEC <unfinished ...>
9589  rename("/home/capstone/project/test_files/000154.doc", "/home/capstone/project/test_files/000154.doc.dkrpx75" <unfinished ...>
9589  openat(AT_FDCWD, "/home/capstone/project/test_files/000154.doc.dkrpx75", O_RDWR|O_LARGEFILE|O_CLOEXEC) = -1 EMFILE (Too many open files)
9589  openat(AT_FDCWD, "/home/capstone/project/test_files/checkpoints-000154.doc", O_RDWR|O_CREAT|O_TRUNC|O_LARGEFILE|O_CLOEXEC, 0666) = -1 EMFILE (Too many open files)
9589  rename("/home/capstone/project/test_files/000484.txt", "/home/capstone/project/test_files/000484.txt.dkrpx75" <unfinished ...>
9589  openat(AT_FDCWD, "/home/capstone/project/test_files/000484.txt.dkrpx75", O_RDWR|O_LARGEFILE|O_CLOEXEC) = -1 EMFILE (Too many open files)
9589  openat(AT_FDCWD, "/home/capstone/project/test_files/checkpoints-000484.txt", O_RDWR|O_CREAT|O_TRUNC|O_LARGEFILE|O_CLOEXEC, 0666) = -1 EMFILE (Too many open files)
9589  rename("/home/capstone/project/test_files/000340.pdf", "/home/capstone/project/test_files/000340.pdf.dkrpx75") = 0
9589  openat(AT_FDCWD, "/home/capstone/project/test_files/000340.pdf.dkrpx75", O_RDWR|O_LARGEFILE|O_CLOEXEC) = -1 EMFILE (Too many open files)
9591  openat(AT_FDCWD, "/home/capstone/project/test_files/checkpoints-000538.gif", O_RDWR|O_CREAT|O_TRUNC|O_LARGEFILE|O_CLOEXEC, 0666) = -1 EMFILE (Too many open files)
9589  openat(AT_FDCWD, "/home/capstone/project/test_files/checkpoints-000340.pdf", O_RDWR|O_CREAT|O_TRUNC|O_LARGEFILE|O_CLOEXEC, 0666) = -1 EMFILE (Too many open files)
9589  rename("/home/capstone/project/test_files/000185.html", "/home/capstone/project/test_files/000185.html.dkrpx75") = 0
9589  openat(AT_FDCWD, "/home/capstone/project/test_files/000185.html.dkrpx75", O_RDWR|O_LARGEFILE|O_CLOEXEC) = -1 EMFILE (Too many open files)
9589  openat(AT_FDCWD, "/home/capstone/project/test_files/checkpoints-000185.html", O_RDWR|O_CREAT|O_TRUNC|O_LARGEFILE|O_CLOEXEC, 0666) = -1 EMFILE (Too many open files)
9589  rename("/home/capstone/project/test_files/000780.xls", "/home/capstone/project/test_files/000780.xls.dkrpx75") = 0
9589  openat(AT_FDCWD, "/home/capstone/project/test_files/000780.xls.dkrpx75", O_RDWR|O_LARGEFILE|O_CLOEXEC) = -1 EMFILE (Too many open files)
9589  openat(AT_FDCWD, "/home/capstone/project/test_files/checkpoints-000780.xls", O_RDWR|O_CREAT|O_TRUNC|O_LARGEFILE|O_CLOEXEC, 0666 <unfinished ...>
9589  rename("/home/capstone/project/test_files/000563.gif", "/home/capstone/project/test_files/000563.gif.dkrpx75") = 0
9589  openat(AT_FDCWD, "/home/capstone/project/test_files/000563.gif.dkrpx75", O_RDWR|O_LARGEFILE|O_CLOEXEC) = -1 EMFILE (Too many open files)
9591  rename("/home/capstone/project/test_files/000001.doc", "/home/capstone/project/test_files/000001.doc.dkrpx75" <unfinished ...>
9589  openat(AT_FDCWD, "/home/capstone/project/test_files/checkpoints-000563.gif", O_RDWR|O_CREAT|O_TRUNC|O_LARGEFILE|O_CLOEXEC, 0666) = -1 EMFILE (Too many open files)
9591  openat(AT_FDCWD, "/home/capstone/project/test_files/000001.doc.dkrpx75", O_RDWR|O_LARGEFILE|O_CLOEXEC) = -1 EMFILE (Too many open files)
9589  rename("/home/capstone/project/test_files/000316.pdf", "/home/capstone/project/test_files/000316.pdf.dkrpx75") = 0
9589  openat(AT_FDCWD, "/home/capstone/project/test_files/000316.pdf.dkrpx75", O_RDWR|O_LARGEFILE|O_CLOEXEC) = -1 EMFILE (Too many open files)
9589  openat(AT_FDCWD, "/home/capstone/project/test_files/checkpoints-000316.pdf", O_RDWR|O_CREAT|O_TRUNC|O_LARGEFILE|O_CLOEXEC, 0666 <unfinished ...>
9589  rename("/home/capstone/project/test_files/000067.xml", "/home/capstone/project/test_files/000067.xml.dkrpx75") = 0
9589  openat(AT_FDCWD, "/home/capstone/project/test_files/000067.xml.dkrpx75", O_RDWR|O_LARGEFILE|O_CLOEXEC) = -1 EMFILE (Too many open files)
9589  openat(AT_FDCWD, "/home/capstone/project/test_files/checkpoints-000067.xml", O_RDWR|O_CREAT|O_TRUNC|O_LARGEFILE|O_CLOEXEC, 0666) = -1 EMFILE (Too many open files)
9589  rename("/home/capstone/project/test_files/000126.doc", "/home/capstone/project/test_files/000126.doc.dkrpx75") = 0
9589  openat(AT_FDCWD, "/home/capstone/project/test_files/000126.doc.dkrpx75", O_RDWR|O_LARGEFILE|O_CLOEXEC) = -1 EMFILE (Too many open files)
9589  openat(AT_FDCWD, "/home/capstone/project/test_files/checkpoints-000126.doc", O_RDWR|O_CREAT|O_TRUNC|O_LARGEFILE|O_CLOEXEC, 0666) = -1 EMFILE (Too many open files)
9589  rename("/home/capstone/project/test_files/000293.ppt", "/home/capstone/project/test_files/000293.ppt.dkrpx75" <unfinished ...>
9591  openat(AT_FDCWD, "/home/capstone/project/test_files/checkpoints-000001.doc", O_RDWR|O_CREAT|O_TRUNC|O_LARGEFILE|O_CLOEXEC, 0666 <unfinished ...>
9589  openat(AT_FDCWD, "/home/capstone/project/test_files/000293.ppt.dkrpx75", O_RDWR|O_LARGEFILE|O_CLOEXEC) = -1 EMFILE (Too many open files)
9589  openat(AT_FDCWD, "/home/capstone/project/test_files/checkpoints-000293.ppt", O_RDWR|O_CREAT|O_TRUNC|O_LARGEFILE|O_CLOEXEC, 0666) = -1 EMFILE (Too many open files)
9589  rename("/home/capstone/project/test_files/000135.pdf", "/home/capstone/project/test_files/000135.pdf.dkrpx75") = 0
9589  openat(AT_FDCWD, "/home/capstone/project/test_files/000135.pdf.dkrpx75", O_RDWR|O_LARGEFILE|O_CLOEXEC) = -1 EMFILE (Too many open files)
9589  openat(AT_FDCWD, "/home/capstone/project/test_files/checkpoints-000135.pdf", O_RDWR|O_CREAT|O_TRUNC|O_LARGEFILE|O_CLOEXEC, 0666) = -1 EMFILE (Too many open files)
9589  rename("/home/capstone/project/test_files/000402.xls", "/home/capstone/project/test_files/000402.xls.dkrpx75") = 0
9589  openat(AT_FDCWD, "/home/capstone/project/test_files/000402.xls.dkrpx75", O_RDWR|O_LARGEFILE|O_CLOEXEC) = -1 EMFILE (Too many open files)
9589  openat(AT_FDCWD, "/home/capstone/project/test_files/checkpoints-000402.xls", O_RDWR|O_CREAT|O_TRUNC|O_LARGEFILE|O_CLOEXEC, 0666) = -1 EMFILE (Too many open files)
9589  rename("/home/capstone/project/test_files/000263.pdf", "/home/capstone/project/test_files/000263.pdf.dkrpx75") = 0
9589  openat(AT_FDCWD, "/home/capstone/project/test_files/000263.pdf.dkrpx75", O_RDWR|O_LARGEFILE|O_CLOEXEC) = -1 EMFILE (Too many open files)
9591  rename("/home/capstone/project/test_files/000287.doc", "/home/capstone/project/test_files/000287.doc.dkrpx75" <unfinished ...>
9589  openat(AT_FDCWD, "/home/capstone/project/test_files/checkpoints-000263.pdf", O_RDWR|O_CREAT|O_TRUNC|O_LARGEFILE|O_CLOEXEC, 0666) = -1 EMFILE (Too many open files)
9589  rename("/home/capstone/project/test_files/000102.txt", "/home/capstone/project/test_files/000102.txt.dkrpx75") = 0
9589  openat(AT_FDCWD, "/home/capstone/project/test_files/000102.txt.dkrpx75", O_RDWR|O_LARGEFILE|O_CLOEXEC) = -1 EMFILE (Too many open files)
9589  openat(AT_FDCWD, "/home/capstone/project/test_files/checkpoints-000102.txt", O_RDWR|O_CREAT|O_TRUNC|O_LARGEFILE|O_CLOEXEC, 0666) = -1 EMFILE (Too many open files)
9591  openat(AT_FDCWD, "/home/capstone/project/test_files/000287.doc.dkrpx75", O_RDWR|O_LARGEFILE|O_CLOEXEC) = -1 EMFILE (Too many open files)
9589  rename("/home/capstone/project/test_files/000824.html", "/home/capstone/project/test_files/000824.html.dkrpx75") = 0
9589  openat(AT_FDCWD, "/home/capstone/project/test_files/000824.html.dkrpx75", O_RDWR|O_LARGEFILE|O_CLOEXEC) = -1 EMFILE (Too many open files)
9589  openat(AT_FDCWD, "/home/capstone/project/test_files/checkpoints-000824.html", O_RDWR|O_CREAT|O_TRUNC|O_LARGEFILE|O_CLOEXEC, 0666) = -1 EMFILE (Too many open files)
9589  rename("/home/capstone/project/test_files/000205.html", "/home/capstone/project/test_files/000205.html.dkrpx75") = 0
9589  openat(AT_FDCWD, "/home/capstone/project/test_files/000205.html.dkrpx75", O_RDWR|O_LARGEFILE|O_CLOEXEC) = -1 EMFILE (Too many open files)
9589  openat(AT_FDCWD, "/home/capstone/project/test_files/checkpoints-000205.html", O_RDWR|O_CREAT|O_TRUNC|O_LARGEFILE|O_CLOEXEC, 0666) = -1 EMFILE (Too many open files)
9591  openat(AT_FDCWD, "/home/capstone/project/test_files/checkpoints-000287.doc", O_RDWR|O_CREAT|O_TRUNC|O_LARGEFILE|O_CLOEXEC, 0666 <unfinished ...>
9589  rename("/home/capstone/project/test_files/000430.html", "/home/capstone/project/test_files/000430.html.dkrpx75") = 0
9589  openat(AT_FDCWD, "/home/capstone/project/test_files/000430.html.dkrpx75", O_RDWR|O_LARGEFILE|O_CLOEXEC) = -1 EMFILE (Too many open files)
9589  openat(AT_FDCWD, "/home/capstone/project/test_files/checkpoints-000430.html", O_RDWR|O_CREAT|O_TRUNC|O_LARGEFILE|O_CLOEXEC, 0666) = -1 EMFILE (Too many open files)
9589  rename("/home/capstone/project/test_files/000042.xls", "/home/capstone/project/test_files/000042.xls.dkrpx75") = 0
9589  openat(AT_FDCWD, "/home/capstone/project/test_files/000042.xls.dkrpx75", O_RDWR|O_LARGEFILE|O_CLOEXEC) = -1 EMFILE (Too many open files)
9589  openat(AT_FDCWD, "/home/capstone/project/test_files/checkpoints-000042.xls", O_RDWR|O_CREAT|O_TRUNC|O_LARGEFILE|O_CLOEXEC, 0666) = -1 EMFILE (Too many open files)
9589  rename("/home/capstone/project/test_files/000739.pdf", "/home/capstone/project/test_files/000739.pdf.dkrpx75" <unfinished ...>
9589  openat(AT_FDCWD, "/home/capstone/project/test_files/000739.pdf.dkrpx75", O_RDWR|O_LARGEFILE|O_CLOEXEC) = -1 EMFILE (Too many open files)
9589  openat(AT_FDCWD, "/home/capstone/project/test_files/checkpoints-000739.pdf", O_RDWR|O_CREAT|O_TRUNC|O_LARGEFILE|O_CLOEXEC, 0666) = -1 EMFILE (Too many open files)
9591  rename("/home/capstone/project/test_files/000932.txt", "/home/capstone/project/test_files/000932.txt.dkrpx75" <unfinished ...>
9591  openat(AT_FDCWD, "/home/capstone/project/test_files/000932.txt.dkrpx75", O_RDWR|O_LARGEFILE|O_CLOEXEC <unfinished ...>
9589  rename("/home/capstone/project/test_files/000054.xls", "/home/capstone/project/test_files/000054.xls.dkrpx75") = 0
9589  openat(AT_FDCWD, "/home/capstone/project/test_files/000054.xls.dkrpx75", O_RDWR|O_LARGEFILE|O_CLOEXEC) = -1 EMFILE (Too many open files)
9589  openat(AT_FDCWD, "/home/capstone/project/test_files/checkpoints-000054.xls", O_RDWR|O_CREAT|O_TRUNC|O_LARGEFILE|O_CLOEXEC, 0666) = -1 EMFILE (Too many open files)
9589  rename("/home/capstone/project/test_files/000988.ppt", "/home/capstone/project/test_files/000988.ppt.dkrpx75" <unfinished ...>
9589  openat(AT_FDCWD, "/home/capstone/project/test_files/000988.ppt.dkrpx75", O_RDWR|O_LARGEFILE|O_CLOEXEC) = -1 EMFILE (Too many open files)
9589  openat(AT_FDCWD, "/home/capstone/project/test_files/checkpoints-000988.ppt", O_RDWR|O_CREAT|O_TRUNC|O_LARGEFILE|O_CLOEXEC, 0666) = -1 EMFILE (Too many open files)
9589  rename("/home/capstone/project/test_files/000985.ppt", "/home/capstone/project/test_files/000985.ppt.dkrpx75") = 0
9589  openat(AT_FDCWD, "/home/capstone/project/test_files/000985.ppt.dkrpx75", O_RDWR|O_LARGEFILE|O_CLOEXEC) = -1 EMFILE (Too many open files)
9589  openat(AT_FDCWD, "/home/capstone/project/test_files/checkpoints-000985.ppt", O_RDWR|O_CREAT|O_TRUNC|O_LARGEFILE|O_CLOEXEC, 0666) = -1 EMFILE (Too many open files)
9589  rename("/home/capstone/project/test_files/000636.html", "/home/capstone/project/test_files/000636.html.dkrpx75") = 0
9589  openat(AT_FDCWD, "/home/capstone/project/test_files/000636.html.dkrpx75", O_RDWR|O_LARGEFILE|O_CLOEXEC) = -1 EMFILE (Too many open files)
9589  openat(AT_FDCWD, "/home/capstone/project/test_files/checkpoints-000636.html", O_RDWR|O_CREAT|O_TRUNC|O_LARGEFILE|O_CLOEXEC, 0666) = -1 EMFILE (Too many open files)
9591  openat(AT_FDCWD, "/home/capstone/project/test_files/checkpoints-000932.txt", O_RDWR|O_CREAT|O_TRUNC|O_LARGEFILE|O_CLOEXEC, 0666 <unfinished ...>
9589  rename("/home/capstone/project/test_files/000281.doc", "/home/capstone/project/test_files/000281.doc.dkrpx75") = 0
9589  openat(AT_FDCWD, "/home/capstone/project/test_files/000281.doc.dkrpx75", O_RDWR|O_LARGEFILE|O_CLOEXEC) = -1 EMFILE (Too many open files)
9589  openat(AT_FDCWD, "/home/capstone/project/test_files/checkpoints-000281.doc", O_RDWR|O_CREAT|O_TRUNC|O_LARGEFILE|O_CLOEXEC, 0666) = -1 EMFILE (Too many open files)
9589  rename("/home/capstone/project/test_files/000333.pdf", "/home/capstone/project/test_files/000333.pdf.dkrpx75") = 0
9589  openat(AT_FDCWD, "/home/capstone/project/test_files/000333.pdf.dkrpx75", O_RDWR|O_LARGEFILE|O_CLOEXEC) = -1 EMFILE (Too many open files)
9589  openat(AT_FDCWD, "/home/capstone/project/test_files/checkpoints-000333.pdf", O_RDWR|O_CREAT|O_TRUNC|O_LARGEFILE|O_CLOEXEC, 0666) = -1 EMFILE (Too many open files)
9589  rename("/home/capstone/project/test_files/000867.jpg", "/home/capstone/project/test_files/000867.jpg.dkrpx75") = 0
9589  openat(AT_FDCWD, "/home/capstone/project/test_files/000867.jpg.dkrpx75", O_RDWR|O_LARGEFILE|O_CLOEXEC <unfinished ...>
9589  openat(AT_FDCWD, "/home/capstone/project/test_files/checkpoints-000867.jpg", O_RDWR|O_CREAT|O_TRUNC|O_LARGEFILE|O_CLOEXEC, 0666) = -1 EMFILE (Too many open files)
9591  rename("/home/capstone/project/test_files/000220.txt", "/home/capstone/project/test_files/000220.txt.dkrpx75") = 0
9591  openat(AT_FDCWD, "/home/capstone/project/test_files/000220.txt.dkrpx75", O_RDWR|O_LARGEFILE|O_CLOEXEC) = -1 EMFILE (Too many open files)
9591  openat(AT_FDCWD, "/home/capstone/project/test_files/checkpoints-000220.txt", O_RDWR|O_CREAT|O_TRUNC|O_LARGEFILE|O_CLOEXEC, 0666 <unfinished ...>
9589  rename("/home/capstone/project/test_files/000229.txt", "/home/capstone/project/test_files/000229.txt.dkrpx75") = 0
9589  openat(AT_FDCWD, "/home/capstone/project/test_files/000229.txt.dkrpx75", O_RDWR|O_LARGEFILE|O_CLOEXEC <unfinished ...>
9591  rename("/home/capstone/project/test_files/000107.jpg", "/home/capstone/project/test_files/000107.jpg.dkrpx75") = 0
9591  openat(AT_FDCWD, "/home/capstone/project/test_files/000107.jpg.dkrpx75", O_RDWR|O_LARGEFILE|O_CLOEXEC) = -1 EMFILE (Too many open files)
9589  openat(AT_FDCWD, "/home/capstone/project/test_files/checkpoints-000229.txt", O_RDWR|O_CREAT|O_TRUNC|O_LARGEFILE|O_CLOEXEC, 0666) = -1 EMFILE (Too many open files)
9591  openat(AT_FDCWD, "/home/capstone/project/test_files/checkpoints-000107.jpg", O_RDWR|O_CREAT|O_TRUNC|O_LARGEFILE|O_CLOEXEC, 0666) = -1 EMFILE (Too many open files)
9589  rename("/home/capstone/project/test_files/000284.txt", "/home/capstone/project/test_files/000284.txt.dkrpx75") = 0
9589  openat(AT_FDCWD, "/home/capstone/project/test_files/000284.txt.dkrpx75", O_RDWR|O_LARGEFILE|O_CLOEXEC) = -1 EMFILE (Too many open files)
9589  openat(AT_FDCWD, "/home/capstone/project/test_files/checkpoints-000284.txt", O_RDWR|O_CREAT|O_TRUNC|O_LARGEFILE|O_CLOEXEC, 0666 <unfinished ...>
9591  rename("/home/capstone/project/test_files/000619.txt", "/home/capstone/project/test_files/000619.txt.dkrpx75") = 0
9591  openat(AT_FDCWD, "/home/capstone/project/test_files/000619.txt.dkrpx75", O_RDWR|O_LARGEFILE|O_CLOEXEC) = -1 EMFILE (Too many open files)
9589  rename("/home/capstone/project/test_files/000898.html", "/home/capstone/project/test_files/000898.html.dkrpx75") = 0
9591  openat(AT_FDCWD, "/home/capstone/project/test_files/checkpoints-000619.txt", O_RDWR|O_CREAT|O_TRUNC|O_LARGEFILE|O_CLOEXEC, 0666) = -1 EMFILE (Too many open files)
9589  openat(AT_FDCWD, "/home/capstone/project/test_files/000898.html.dkrpx75", O_RDWR|O_LARGEFILE|O_CLOEXEC) = -1 EMFILE (Too many open files)
9589  openat(AT_FDCWD, "/home/capstone/project/test_files/checkpoints-000898.html", O_RDWR|O_CREAT|O_TRUNC|O_LARGEFILE|O_CLOEXEC, 0666) = -1 EMFILE (Too many open files)
9591  rename("/home/capstone/project/test_files/000678.doc", "/home/capstone/project/test_files/000678.doc.dkrpx75") = 0
9591  openat(AT_FDCWD, "/home/capstone/project/test_files/000678.doc.dkrpx75", O_RDWR|O_LARGEFILE|O_CLOEXEC) = -1 EMFILE (Too many open files)
9591  openat(AT_FDCWD, "/home/capstone/project/test_files/checkpoints-000678.doc", O_RDWR|O_CREAT|O_TRUNC|O_LARGEFILE|O_CLOEXEC, 0666 <unfinished ...>
9589  rename("/home/capstone/project/test_files/000605.pdf", "/home/capstone/project/test_files/000605.pdf.dkrpx75") = 0
9589  openat(AT_FDCWD, "/home/capstone/project/test_files/000605.pdf.dkrpx75", O_RDWR|O_LARGEFILE|O_CLOEXEC) = -1 EMFILE (Too many open files)
9589  openat(AT_FDCWD, "/home/capstone/project/test_files/checkpoints-000605.pdf", O_RDWR|O_CREAT|O_TRUNC|O_LARGEFILE|O_CLOEXEC, 0666) = -1 EMFILE (Too many open files)
9591  rename("/home/capstone/project/test_files/000016.pdf", "/home/capstone/project/test_files/000016.pdf.dkrpx75") = 0
9591  openat(AT_FDCWD, "/home/capstone/project/test_files/000016.pdf.dkrpx75", O_RDWR|O_LARGEFILE|O_CLOEXEC) = -1 EMFILE (Too many open files)
9589  rename("/home/capstone/project/test_files/000328.ppt", "/home/capstone/project/test_files/000328.ppt.dkrpx75") = 0
9589  openat(AT_FDCWD, "/home/capstone/project/test_files/000328.ppt.dkrpx75", O_RDWR|O_LARGEFILE|O_CLOEXEC) = -1 EMFILE (Too many open files)
9591  openat(AT_FDCWD, "/home/capstone/project/test_files/checkpoints-000016.pdf", O_RDWR|O_CREAT|O_TRUNC|O_LARGEFILE|O_CLOEXEC, 0666) = -1 EMFILE (Too many open files)
9589  openat(AT_FDCWD, "/home/capstone/project/test_files/checkpoints-000328.ppt", O_RDWR|O_CREAT|O_TRUNC|O_LARGEFILE|O_CLOEXEC, 0666) = -1 EMFILE (Too many open files)
9591  rename("/home/capstone/project/test_files/000297.ppt", "/home/capstone/project/test_files/000297.ppt.dkrpx75") = 0
9591  openat(AT_FDCWD, "/home/capstone/project/test_files/000297.ppt.dkrpx75", O_RDWR|O_LARGEFILE|O_CLOEXEC) = -1 EMFILE (Too many open files)
9591  openat(AT_FDCWD, "/home/capstone/project/test_files/checkpoints-000297.ppt", O_RDWR|O_CREAT|O_TRUNC|O_LARGEFILE|O_CLOEXEC, 0666 <unfinished ...>
9589  rename("/home/capstone/project/test_files/000801.doc", "/home/capstone/project/test_files/000801.doc.dkrpx75") = 0
9589  openat(AT_FDCWD, "/home/capstone/project/test_files/000801.doc.dkrpx75", O_RDWR|O_LARGEFILE|O_CLOEXEC) = -1 EMFILE (Too many open files)
9589  openat(AT_FDCWD, "/home/capstone/project/test_files/checkpoints-000801.doc", O_RDWR|O_CREAT|O_TRUNC|O_LARGEFILE|O_CLOEXEC, 0666) = -1 EMFILE (Too many open files)
9591  rename("/home/capstone/project/test_files/000282.pdf", "/home/capstone/project/test_files/000282.pdf.dkrpx75") = 0
9591  openat(AT_FDCWD, "/home/capstone/project/test_files/000282.pdf.dkrpx75", O_RDWR|O_LARGEFILE|O_CLOEXEC) = -1 EMFILE (Too many open files)
9591  openat(AT_FDCWD, "/home/capstone/project/test_files/checkpoints-000282.pdf", O_RDWR|O_CREAT|O_TRUNC|O_LARGEFILE|O_CLOEXEC, 0666) = -1 EMFILE (Too many open files)
9589  rename("/home/capstone/project/test_files/000501.txt", "/home/capstone/project/test_files/000501.txt.dkrpx75") = 0
9589  openat(AT_FDCWD, "/home/capstone/project/test_files/000501.txt.dkrpx75", O_RDWR|O_LARGEFILE|O_CLOEXEC) = -1 EMFILE (Too many open files)
9589  openat(AT_FDCWD, "/home/capstone/project/test_files/checkpoints-000501.txt", O_RDWR|O_CREAT|O_TRUNC|O_LARGEFILE|O_CLOEXEC, 0666) = -1 EMFILE (Too many open files)
9591  rename("/home/capstone/project/test_files/000570.pdf", "/home/capstone/project/test_files/000570.pdf.dkrpx75") = 0
9591  openat(AT_FDCWD, "/home/capstone/project/test_files/000570.pdf.dkrpx75", O_RDWR|O_LARGEFILE|O_CLOEXEC) = -1 EMFILE (Too many open files)
9589  rename("/home/capstone/project/test_files/000593.pdf", "/home/capstone/project/test_files/000593.pdf.dkrpx75") = 0
9589  openat(AT_FDCWD, "/home/capstone/project/test_files/000593.pdf.dkrpx75", O_RDWR|O_LARGEFILE|O_CLOEXEC <unfinished ...>
9591  openat(AT_FDCWD, "/home/capstone/project/test_files/checkpoints-000570.pdf", O_RDWR|O_CREAT|O_TRUNC|O_LARGEFILE|O_CLOEXEC, 0666 <unfinished ...>
9589  openat(AT_FDCWD, "/home/capstone/project/test_files/checkpoints-000593.pdf", O_RDWR|O_CREAT|O_TRUNC|O_LARGEFILE|O_CLOEXEC, 0666) = -1 EMFILE (Too many open files)
9591  rename("/home/capstone/project/test_files/000971.doc", "/home/capstone/project/test_files/000971.doc.dkrpx75" <unfinished ...>
9591  openat(AT_FDCWD, "/home/capstone/project/test_files/000971.doc.dkrpx75", O_RDWR|O_LARGEFILE|O_CLOEXEC) = -1 EMFILE (Too many open files)
9591  openat(AT_FDCWD, "/home/capstone/project/test_files/checkpoints-000971.doc", O_RDWR|O_CREAT|O_TRUNC|O_LARGEFILE|O_CLOEXEC, 0666 <unfinished ...>
9591  openat(AT_FDCWD, "/home/capstone/project/test_files/000734.ps.dkrpx75", O_RDWR|O_LARGEFILE|O_CLOEXEC) = -1 EMFILE (Too many open files)
9591  openat(AT_FDCWD, "/home/capstone/project/test_files/checkpoints-000734.ps", O_RDWR|O_CREAT|O_TRUNC|O_LARGEFILE|O_CLOEXEC, 0666 <unfinished ...>
9589  rename("/home/capstone/project/test_files/000486.txt", "/home/capstone/project/test_files/000486.txt.dkrpx75") = 0
9589  openat(AT_FDCWD, "/home/capstone/project/test_files/000486.txt.dkrpx75", O_RDWR|O_LARGEFILE|O_CLOEXEC) = -1 EMFILE (Too many open files)
9589  openat(AT_FDCWD, "/home/capstone/project/test_files/checkpoints-000486.txt", O_RDWR|O_CREAT|O_TRUNC|O_LARGEFILE|O_CLOEXEC, 0666) = -1 EMFILE (Too many open files)
9591  rename("/home/capstone/project/test_files/000350.pdf", "/home/capstone/project/test_files/000350.pdf.dkrpx75") = 0
9591  openat(AT_FDCWD, "/home/capstone/project/test_files/000350.pdf.dkrpx75", O_RDWR|O_LARGEFILE|O_CLOEXEC) = -1 EMFILE (Too many open files)
9591  openat(AT_FDCWD, "/home/capstone/project/test_files/checkpoints-000350.pdf", O_RDWR|O_CREAT|O_TRUNC|O_LARGEFILE|O_CLOEXEC, 0666) = -1 EMFILE (Too many open files)
9589  rename("/home/capstone/project/test_files/000731.ps", "/home/capstone/project/test_files/000731.ps.dkrpx75") = 0
9589  openat(AT_FDCWD, "/home/capstone/project/test_files/000731.ps.dkrpx75", O_RDWR|O_LARGEFILE|O_CLOEXEC) = -1 EMFILE (Too many open files)
9589  openat(AT_FDCWD, "/home/capstone/project/test_files/checkpoints-000731.ps", O_RDWR|O_CREAT|O_TRUNC|O_LARGEFILE|O_CLOEXEC, 0666) = -1 EMFILE (Too many open files)
9591  rename("/home/capstone/project/test_files/000405.xls", "/home/capstone/project/test_files/000405.xls.dkrpx75") = 0
9591  openat(AT_FDCWD, "/home/capstone/project/test_files/000405.xls.dkrpx75", O_RDWR|O_LARGEFILE|O_CLOEXEC) = -1 EMFILE (Too many open files)
9591  openat(AT_FDCWD, "/home/capstone/project/test_files/checkpoints-000405.xls", O_RDWR|O_CREAT|O_TRUNC|O_LARGEFILE|O_CLOEXEC, 0666) = -1 EMFILE (Too many open files)
9589  rename("/home/capstone/project/test_files/000622.txt", "/home/capstone/project/test_files/000622.txt.dkrpx75") = 0
9589  openat(AT_FDCWD, "/home/capstone/project/test_files/000622.txt.dkrpx75", O_RDWR|O_LARGEFILE|O_CLOEXEC) = -1 EMFILE (Too many open files)
9589  openat(AT_FDCWD, "/home/capstone/project/test_files/checkpoints-000622.txt", O_RDWR|O_CREAT|O_TRUNC|O_LARGEFILE|O_CLOEXEC, 0666) = -1 EMFILE (Too many open files)
9591  rename("/home/capstone/project/test_files/000706.doc", "/home/capstone/project/test_files/000706.doc.dkrpx75") = 0
9591  openat(AT_FDCWD, "/home/capstone/project/test_files/000706.doc.dkrpx75", O_RDWR|O_LARGEFILE|O_CLOEXEC) = -1 EMFILE (Too many open files)
9591  openat(AT_FDCWD, "/home/capstone/project/test_files/checkpoints-000706.doc", O_RDWR|O_CREAT|O_TRUNC|O_LARGEFILE|O_CLOEXEC, 0666) = -1 EMFILE (Too many open files)
9589  rename("/home/capstone/project/test_files/000997.ppt", "/home/capstone/project/test_files/000997.ppt.dkrpx75") = 0
9589  openat(AT_FDCWD, "/home/capstone/project/test_files/000997.ppt.dkrpx75", O_RDWR|O_LARGEFILE|O_CLOEXEC) = -1 EMFILE (Too many open files)
9589  openat(AT_FDCWD, "/home/capstone/project/test_files/checkpoints-000997.ppt", O_RDWR|O_CREAT|O_TRUNC|O_LARGEFILE|O_CLOEXEC, 0666) = -1 EMFILE (Too many open files)
9591  rename("/home/capstone/project/test_files/000682.jpg", "/home/capstone/project/test_files/000682.jpg.dkrpx75") = 0
9591  openat(AT_FDCWD, "/home/capstone/project/test_files/000682.jpg.dkrpx75", O_RDWR|O_LARGEFILE|O_CLOEXEC) = -1 EMFILE (Too many open files)
9591  openat(AT_FDCWD, "/home/capstone/project/test_files/checkpoints-000682.jpg", O_RDWR|O_CREAT|O_TRUNC|O_LARGEFILE|O_CLOEXEC, 0666) = -1 EMFILE (Too many open files)
9589  rename("/home/capstone/project/test_files/000038.xls", "/home/capstone/project/test_files/000038.xls.dkrpx75") = 0
9589  openat(AT_FDCWD, "/home/capstone/project/test_files/000038.xls.dkrpx75", O_RDWR|O_LARGEFILE|O_CLOEXEC) = -1 EMFILE (Too many open files)
9589  openat(AT_FDCWD, "/home/capstone/project/test_files/checkpoints-000038.xls", O_RDWR|O_CREAT|O_TRUNC|O_LARGEFILE|O_CLOEXEC, 0666) = -1 EMFILE (Too many open files)
9591  rename("/home/capstone/project/test_files/000912.jpg", "/home/capstone/project/test_files/000912.jpg.dkrpx75") = 0
9591  openat(AT_FDCWD, "/home/capstone/project/test_files/000912.jpg.dkrpx75", O_RDWR|O_LARGEFILE|O_CLOEXEC) = -1 EMFILE (Too many open files)
9591  openat(AT_FDCWD, "/home/capstone/project/test_files/checkpoints-000912.jpg", O_RDWR|O_CREAT|O_TRUNC|O_LARGEFILE|O_CLOEXEC, 0666 <unfinished ...>
9589  rename("/home/capstone/project/test_files/000429.html", "/home/capstone/project/test_files/000429.html.dkrpx75") = 0
9589  openat(AT_FDCWD, "/home/capstone/project/test_files/000429.html.dkrpx75", O_RDWR|O_LARGEFILE|O_CLOEXEC) = -1 EMFILE (Too many open files)
9589  openat(AT_FDCWD, "/home/capstone/project/test_files/checkpoints-000429.html", O_RDWR|O_CREAT|O_TRUNC|O_LARGEFILE|O_CLOEXEC, 0666) = -1 EMFILE (Too many open files)
9591  rename("/home/capstone/project/test_files/000250.doc", "/home/capstone/project/test_files/000250.doc.dkrpx75") = 0
9591  openat(AT_FDCWD, "/home/capstone/project/test_files/000250.doc.dkrpx75", O_RDWR|O_LARGEFILE|O_CLOEXEC) = -1 EMFILE (Too many open files)
9591  openat(AT_FDCWD, "/home/capstone/project/test_files/checkpoints-000250.doc", O_RDWR|O_CREAT|O_TRUNC|O_LARGEFILE|O_CLOEXEC, 0666) = -1 EMFILE (Too many open files)
9589  rename("/home/capstone/project/test_files/000791.html", "/home/capstone/project/test_files/000791.html.dkrpx75") = 0
9589  openat(AT_FDCWD, "/home/capstone/project/test_files/000791.html.dkrpx75", O_RDWR|O_LARGEFILE|O_CLOEXEC) = -1 EMFILE (Too many open files)
9589  openat(AT_FDCWD, "/home/capstone/project/test_files/checkpoints-000791.html", O_RDWR|O_CREAT|O_TRUNC|O_LARGEFILE|O_CLOEXEC, 0666) = -1 EMFILE (Too many open files)
9591  rename("/home/capstone/project/test_files/000327.ppt", "/home/capstone/project/test_files/000327.ppt.dkrpx75") = 0
9591  openat(AT_FDCWD, "/home/capstone/project/test_files/000327.ppt.dkrpx75", O_RDWR|O_LARGEFILE|O_CLOEXEC) = -1 EMFILE (Too many open files)
9591  openat(AT_FDCWD, "/home/capstone/project/test_files/checkpoints-000327.ppt", O_RDWR|O_CREAT|O_TRUNC|O_LARGEFILE|O_CLOEXEC, 0666) = -1 EMFILE (Too many open files)
9589  rename("/home/capstone/project/test_files/000965.doc", "/home/capstone/project/test_files/000965.doc.dkrpx75") = 0
9589  openat(AT_FDCWD, "/home/capstone/project/test_files/000965.doc.dkrpx75", O_RDWR|O_LARGEFILE|O_CLOEXEC) = -1 EMFILE (Too many open files)
9589  openat(AT_FDCWD, "/home/capstone/project/test_files/checkpoints-000965.doc", O_RDWR|O_CREAT|O_TRUNC|O_LARGEFILE|O_CLOEXEC, 0666 <unfinished ...>
9591  rename("/home/capstone/project/test_files/000056.html", "/home/capstone/project/test_files/000056.html.dkrpx75") = 0
9591  openat(AT_FDCWD, "/home/capstone/project/test_files/000056.html.dkrpx75", O_RDWR|O_LARGEFILE|O_CLOEXEC) = -1 EMFILE (Too many open files)
9591  openat(AT_FDCWD, "/home/capstone/project/test_files/checkpoints-000056.html", O_RDWR|O_CREAT|O_TRUNC|O_LARGEFILE|O_CLOEXEC, 0666) = -1 EMFILE (Too many open files)
9589  rename("/home/capstone/project/test_files/000610.pdf", "/home/capstone/project/test_files/000610.pdf.dkrpx75") = 0
9589  openat(AT_FDCWD, "/home/capstone/project/test_files/000610.pdf.dkrpx75", O_RDWR|O_LARGEFILE|O_CLOEXEC) = -1 EMFILE (Too many open files)
9591  rename("/home/capstone/project/test_files/000394.xls", "/home/capstone/project/test_files/000394.xls.dkrpx75") = 0
9591  openat(AT_FDCWD, "/home/capstone/project/test_files/000394.xls.dkrpx75", O_RDWR|O_LARGEFILE|O_CLOEXEC) = -1 EMFILE (Too many open files)
9589  openat(AT_FDCWD, "/home/capstone/project/test_files/checkpoints-000610.pdf", O_RDWR|O_CREAT|O_TRUNC|O_LARGEFILE|O_CLOEXEC, 0666) = -1 EMFILE (Too many open files)
9591  openat(AT_FDCWD, "/home/capstone/project/test_files/checkpoints-000394.xls", O_RDWR|O_CREAT|O_TRUNC|O_LARGEFILE|O_CLOEXEC, 0666 <unfinished ...>
9591  openat(AT_FDCWD, "/home/capstone/project/test_files/000344.pdf.dkrpx75", O_RDWR|O_LARGEFILE|O_CLOEXEC <unfinished ...>
9589  openat(AT_FDCWD, "/home/capstone/project/test_files/checkpoints-000448.html", O_RDWR|O_CREAT|O_TRUNC|O_LARGEFILE|O_CLOEXEC, 0666) = -1 EMFILE (Too many open files)
9591  openat(AT_FDCWD, "/home/capstone/project/test_files/checkpoints-000344.pdf", O_RDWR|O_CREAT|O_TRUNC|O_LARGEFILE|O_CLOEXEC, 0666 <unfinished ...>
9589  rename("/home/capstone/project/test_files/000008.ppt", "/home/capstone/project/test_files/000008.ppt.dkrpx75") = 0
9589  openat(AT_FDCWD, "/home/capstone/project/test_files/000008.ppt.dkrpx75", O_RDWR|O_LARGEFILE|O_CLOEXEC) = -1 EMFILE (Too many open files)
9589  openat(AT_FDCWD, "/home/capstone/project/test_files/checkpoints-000008.ppt", O_RDWR|O_CREAT|O_TRUNC|O_LARGEFILE|O_CLOEXEC, 0666) = -1 EMFILE (Too many open files)
9591  rename("/home/capstone/project/test_files/000086.txt", "/home/capstone/project/test_files/000086.txt.dkrpx75" <unfinished ...>
9591  openat(AT_FDCWD, "/home/capstone/project/test_files/000086.txt.dkrpx75", O_RDWR|O_LARGEFILE|O_CLOEXEC <unfinished ...>
9589  rename("/home/capstone/project/test_files/000639.html", "/home/capstone/project/test_files/000639.html.dkrpx75" <unfinished ...>
9589  openat(AT_FDCWD, "/home/capstone/project/test_files/000639.html.dkrpx75", O_RDWR|O_LARGEFILE|O_CLOEXEC) = -1 EMFILE (Too many open files)
9591  openat(AT_FDCWD, "/home/capstone/project/test_files/checkpoints-000086.txt", O_RDWR|O_CREAT|O_TRUNC|O_LARGEFILE|O_CLOEXEC, 0666) = -1 EMFILE (Too many open files)
9589  openat(AT_FDCWD, "/home/capstone/project/test_files/checkpoints-000639.html", O_RDWR|O_CREAT|O_TRUNC|O_LARGEFILE|O_CLOEXEC, 0666) = -1 EMFILE (Too many open files)
9591  rename("/home/capstone/project/test_files/000041.xls", "/home/capstone/project/test_files/000041.xls.dkrpx75" <unfinished ...>
9591  openat(AT_FDCWD, "/home/capstone/project/test_files/000041.xls.dkrpx75", O_RDWR|O_LARGEFILE|O_CLOEXEC <unfinished ...>
9589  rename("/home/capstone/project/test_files/000020.pdf", "/home/capstone/project/test_files/000020.pdf.dkrpx75") = 0
9589  openat(AT_FDCWD, "/home/capstone/project/test_files/000020.pdf.dkrpx75", O_RDWR|O_LARGEFILE|O_CLOEXEC) = -1 EMFILE (Too many open files)
9591  openat(AT_FDCWD, "/home/capstone/project/test_files/checkpoints-000041.xls", O_RDWR|O_CREAT|O_TRUNC|O_LARGEFILE|O_CLOEXEC, 0666) = -1 EMFILE (Too many open files)
9589  openat(AT_FDCWD, "/home/capstone/project/test_files/checkpoints-000020.pdf", O_RDWR|O_CREAT|O_TRUNC|O_LARGEFILE|O_CLOEXEC, 0666) = -1 EMFILE (Too many open files)
9591  rename("/home/capstone/project/test_files/000785.html", "/home/capstone/project/test_files/000785.html.dkrpx75") = 0
9591  openat(AT_FDCWD, "/home/capstone/project/test_files/000785.html.dkrpx75", O_RDWR|O_LARGEFILE|O_CLOEXEC) = -1 EMFILE (Too many open files)
9591  openat(AT_FDCWD, "/home/capstone/project/test_files/checkpoints-000785.html", O_RDWR|O_CREAT|O_TRUNC|O_LARGEFILE|O_CLOEXEC, 0666) = -1 EMFILE (Too many open files)
9591  rename("/home/capstone/project/test_files/000011.pdf", "/home/capstone/project/test_files/000011.pdf.dkrpx75") = 0
9591  openat(AT_FDCWD, "/home/capstone/project/test_files/000011.pdf.dkrpx75", O_RDWR|O_LARGEFILE|O_CLOEXEC) = -1 EMFILE (Too many open files)
9591  openat(AT_FDCWD, "/home/capstone/project/test_files/checkpoints-000011.pdf", O_RDWR|O_CREAT|O_TRUNC|O_LARGEFILE|O_CLOEXEC, 0666 <unfinished ...>
9589  rename("/home/capstone/project/test_files/000230.txt", "/home/capstone/project/test_files/000230.txt.dkrpx75" <unfinished ...>
9589  openat(AT_FDCWD, "/home/capstone/project/test_files/000230.txt.dkrpx75", O_RDWR|O_LARGEFILE|O_CLOEXEC <unfinished ...>
9589  openat(AT_FDCWD, "/home/capstone/project/test_files/checkpoints-000230.txt", O_RDWR|O_CREAT|O_TRUNC|O_LARGEFILE|O_CLOEXEC, 0666) = -1 EMFILE (Too many open files)
9591  rename("/home/capstone/project/test_files/000910.jpg", "/home/capstone/project/test_files/000910.jpg.dkrpx75") = 0
9591  openat(AT_FDCWD, "/home/capstone/project/test_files/000910.jpg.dkrpx75", O_RDWR|O_LARGEFILE|O_CLOEXEC) = -1 EMFILE (Too many open files)
9591  openat(AT_FDCWD, "/home/capstone/project/test_files/checkpoints-000910.jpg", O_RDWR|O_CREAT|O_TRUNC|O_LARGEFILE|O_CLOEXEC, 0666 <unfinished ...>
9589  rename("/home/capstone/project/test_files/000930.txt", "/home/capstone/project/test_files/000930.txt.dkrpx75") = 0
9589  openat(AT_FDCWD, "/home/capstone/project/test_files/000930.txt.dkrpx75", O_RDWR|O_LARGEFILE|O_CLOEXEC) = -1 EMFILE (Too many open files)
9589  openat(AT_FDCWD, "/home/capstone/project/test_files/checkpoints-000930.txt", O_RDWR|O_CREAT|O_TRUNC|O_LARGEFILE|O_CLOEXEC, 0666) = -1 EMFILE (Too many open files)
9591  rename("/home/capstone/project/test_files/000798.html", "/home/capstone/project/test_files/000798.html.dkrpx75") = 0
9591  openat(AT_FDCWD, "/home/capstone/project/test_files/000798.html.dkrpx75", O_RDWR|O_LARGEFILE|O_CLOEXEC) = -1 EMFILE (Too many open files)
9591  openat(AT_FDCWD, "/home/capstone/project/test_files/checkpoints-000798.html", O_RDWR|O_CREAT|O_TRUNC|O_LARGEFILE|O_CLOEXEC, 0666 <unfinished ...>
9591  rename("/home/capstone/project/test_files/000183.html", "/home/capstone/project/test_files/000183.html.dkrpx75") = 0
9591  openat(AT_FDCWD, "/home/capstone/project/test_files/000183.html.dkrpx75", O_RDWR|O_LARGEFILE|O_CLOEXEC) = -1 EMFILE (Too many open files)
9591  openat(AT_FDCWD, "/home/capstone/project/test_files/checkpoints-000183.html", O_RDWR|O_CREAT|O_TRUNC|O_LARGEFILE|O_CLOEXEC, 0666) = -1 EMFILE (Too many open files)
9591  rename("/home/capstone/project/test_files/000260.doc", "/home/capstone/project/test_files/000260.doc.dkrpx75") = 0
9591  openat(AT_FDCWD, "/home/capstone/project/test_files/000260.doc.dkrpx75", O_RDWR|O_LARGEFILE|O_CLOEXEC <unfinished ...>
9589  rename("/home/capstone/project/test_files/000031.xls", "/home/capstone/project/test_files/000031.xls.dkrpx75" <unfinished ...>
9589  openat(AT_FDCWD, "/home/capstone/project/test_files/000031.xls.dkrpx75", O_RDWR|O_LARGEFILE|O_CLOEXEC) = -1 EMFILE (Too many open files)
9589  openat(AT_FDCWD, "/home/capstone/project/test_files/checkpoints-000031.xls", O_RDWR|O_CREAT|O_TRUNC|O_LARGEFILE|O_CLOEXEC, 0666) = -1 EMFILE (Too many open files)
9591  openat(AT_FDCWD, "/home/capstone/project/test_files/checkpoints-000260.doc", O_RDWR|O_CREAT|O_TRUNC|O_LARGEFILE|O_CLOEXEC, 0666 <unfinished ...>
9589  rename("/home/capstone/project/test_files/000006.doc", "/home/capstone/project/test_files/000006.doc.dkrpx75") = 0
9589  openat(AT_FDCWD, "/home/capstone/project/test_files/000006.doc.dkrpx75", O_RDWR|O_LARGEFILE|O_CLOEXEC) = -1 EMFILE (Too many open files)
9589  openat(AT_FDCWD, "/home/capstone/project/test_files/checkpoints-000006.doc", O_RDWR|O_CREAT|O_TRUNC|O_LARGEFILE|O_CLOEXEC, 0666 <unfinished ...>
9591  rename("/home/capstone/project/test_files/000882.pdf", "/home/capstone/project/test_files/000882.pdf.dkrpx75" <unfinished ...>
9591  openat(AT_FDCWD, "/home/capstone/project/test_files/000882.pdf.dkrpx75", O_RDWR|O_LARGEFILE|O_CLOEXEC) = -1 EMFILE (Too many open files)
9589  rename("/home/capstone/project/test_files/000470.txt", "/home/capstone/project/test_files/000470.txt.dkrpx75") = 0
9589  openat(AT_FDCWD, "/home/capstone/project/test_files/000470.txt.dkrpx75", O_RDWR|O_LARGEFILE|O_CLOEXEC) = -1 EMFILE (Too many open files)
9591  openat(AT_FDCWD, "/home/capstone/project/test_files/checkpoints-000882.pdf", O_RDWR|O_CREAT|O_TRUNC|O_LARGEFILE|O_CLOEXEC, 0666) = -1 EMFILE (Too many open files)
9589  openat(AT_FDCWD, "/home/capstone/project/test_files/checkpoints-000470.txt", O_RDWR|O_CREAT|O_TRUNC|O_LARGEFILE|O_CLOEXEC, 0666) = -1 EMFILE (Too many open files)
9591  rename("/home/capstone/project/test_files/000048.xls", "/home/capstone/project/test_files/000048.xls.dkrpx75" <unfinished ...>
9591  openat(AT_FDCWD, "/home/capstone/project/test_files/000048.xls.dkrpx75", O_RDWR|O_LARGEFILE|O_CLOEXEC <unfinished ...>
9589  rename("/home/capstone/project/test_files/000211.html", "/home/capstone/project/test_files/000211.html.dkrpx75") = 0
9589  openat(AT_FDCWD, "/home/capstone/project/test_files/000211.html.dkrpx75", O_RDWR|O_LARGEFILE|O_CLOEXEC) = -1 EMFILE (Too many open files)
9591  openat(AT_FDCWD, "/home/capstone/project/test_files/checkpoints-000048.xls", O_RDWR|O_CREAT|O_TRUNC|O_LARGEFILE|O_CLOEXEC, 0666) = -1 EMFILE (Too many open files)
9589  openat(AT_FDCWD, "/home/capstone/project/test_files/checkpoints-000211.html", O_RDWR|O_CREAT|O_TRUNC|O_LARGEFILE|O_CLOEXEC, 0666) = -1 EMFILE (Too many open files)
9591  rename("/home/capstone/project/test_files/000606.pdf", "/home/capstone/project/test_files/000606.pdf.dkrpx75") = 0
9591  openat(AT_FDCWD, "/home/capstone/project/test_files/000606.pdf.dkrpx75", O_RDWR|O_LARGEFILE|O_CLOEXEC) = -1 EMFILE (Too many open files)
9591  openat(AT_FDCWD, "/home/capstone/project/test_files/checkpoints-000606.pdf", O_RDWR|O_CREAT|O_TRUNC|O_LARGEFILE|O_CLOEXEC, 0666) = -1 EMFILE (Too many open files)
9589  rename("/home/capstone/project/test_files/000157.pdf", "/home/capstone/project/test_files/000157.pdf.dkrpx75") = 0
9589  openat(AT_FDCWD, "/home/capstone/project/test_files/000157.pdf.dkrpx75", O_RDWR|O_LARGEFILE|O_CLOEXEC) = -1 EMFILE (Too many open files)
9589  openat(AT_FDCWD, "/home/capstone/project/test_files/checkpoints-000157.pdf", O_RDWR|O_CREAT|O_TRUNC|O_LARGEFILE|O_CLOEXEC, 0666) = -1 EMFILE (Too many open files)
9591  rename("/home/capstone/project/test_files/000116.doc", "/home/capstone/project/test_files/000116.doc.dkrpx75" <unfinished ...>
9591  openat(AT_FDCWD, "/home/capstone/project/test_files/000116.doc.dkrpx75", O_RDWR|O_LARGEFILE|O_CLOEXEC) = -1 EMFILE (Too many open files)
9589  rename("/home/capstone/project/test_files/000347.pdf", "/home/capstone/project/test_files/000347.pdf.dkrpx75") = 0
9589  openat(AT_FDCWD, "/home/capstone/project/test_files/000347.pdf.dkrpx75", O_RDWR|O_LARGEFILE|O_CLOEXEC) = -1 EMFILE (Too many open files)
9589  openat(AT_FDCWD, "/home/capstone/project/test_files/checkpoints-000347.pdf", O_RDWR|O_CREAT|O_TRUNC|O_LARGEFILE|O_CLOEXEC, 0666) = -1 EMFILE (Too many open files)
9589  rename("/home/capstone/project/test_files/000896.jpg", "/home/capstone/project/test_files/000896.jpg.dkrpx75") = 0
9589  openat(AT_FDCWD, "/home/capstone/project/test_files/000896.jpg.dkrpx75", O_RDWR|O_LARGEFILE|O_CLOEXEC) = -1 EMFILE (Too many open files)
9589  openat(AT_FDCWD, "/home/capstone/project/test_files/checkpoints-000896.jpg", O_RDWR|O_CREAT|O_TRUNC|O_LARGEFILE|O_CLOEXEC, 0666) = -1 EMFILE (Too many open files)
9589  rename("/home/capstone/project/test_files/000037.xls", "/home/capstone/project/test_files/000037.xls.dkrpx75") = 0
9589  openat(AT_FDCWD, "/home/capstone/project/test_files/000037.xls.dkrpx75", O_RDWR|O_LARGEFILE|O_CLOEXEC) = -1 EMFILE (Too many open files)
9589  openat(AT_FDCWD, "/home/capstone/project/test_files/checkpoints-000037.xls", O_RDWR|O_CREAT|O_TRUNC|O_LARGEFILE|O_CLOEXEC, 0666) = -1 EMFILE (Too many open files)
9589  rename("/home/capstone/project/test_files/000515.jpg", "/home/capstone/project/test_files/000515.jpg.dkrpx75") = 0
9589  openat(AT_FDCWD, "/home/capstone/project/test_files/000515.jpg.dkrpx75", O_RDWR|O_LARGEFILE|O_CLOEXEC) = -1 EMFILE (Too many open files)
9589  openat(AT_FDCWD, "/home/capstone/project/test_files/checkpoints-000515.jpg", O_RDWR|O_CREAT|O_TRUNC|O_LARGEFILE|O_CLOEXEC, 0666) = -1 EMFILE (Too many open files)
9591  openat(AT_FDCWD, "/home/capstone/project/test_files/checkpoints-000116.doc", O_RDWR|O_CREAT|O_TRUNC|O_LARGEFILE|O_CLOEXEC, 0666 <unfinished ...>
9589  rename("/home/capstone/project/test_files/000497.xml", "/home/capstone/project/test_files/000497.xml.dkrpx75") = 0
9589  openat(AT_FDCWD, "/home/capstone/project/test_files/000497.xml.dkrpx75", O_RDWR|O_LARGEFILE|O_CLOEXEC) = -1 EMFILE (Too many open files)
9589  openat(AT_FDCWD, "/home/capstone/project/test_files/checkpoints-000497.xml", O_RDWR|O_CREAT|O_TRUNC|O_LARGEFILE|O_CLOEXEC, 0666) = -1 EMFILE (Too many open files)
9589  rename("/home/capstone/project/test_files/000143.pdf", "/home/capstone/project/test_files/000143.pdf.dkrpx75") = 0
9589  openat(AT_FDCWD, "/home/capstone/project/test_files/000143.pdf.dkrpx75", O_RDWR|O_LARGEFILE|O_CLOEXEC) = -1 EMFILE (Too many open files)
9589  openat(AT_FDCWD, "/home/capstone/project/test_files/checkpoints-000143.pdf", O_RDWR|O_CREAT|O_TRUNC|O_LARGEFILE|O_CLOEXEC, 0666) = -1 EMFILE (Too many open files)
9589  rename("/home/capstone/project/test_files/000847.txt", "/home/capstone/project/test_files/000847.txt.dkrpx75") = 0
9589  openat(AT_FDCWD, "/home/capstone/project/test_files/000847.txt.dkrpx75", O_RDWR|O_LARGEFILE|O_CLOEXEC) = -1 EMFILE (Too many open files)
9591  rename("/home/capstone/project/test_files/000187.pdf", "/home/capstone/project/test_files/000187.pdf.dkrpx75") = 0
9591  openat(AT_FDCWD, "/home/capstone/project/test_files/000187.pdf.dkrpx75", O_RDWR|O_LARGEFILE|O_CLOEXEC <unfinished ...>
9589  openat(AT_FDCWD, "/home/capstone/project/test_files/checkpoints-000847.txt", O_RDWR|O_CREAT|O_TRUNC|O_LARGEFILE|O_CLOEXEC, 0666) = -1 EMFILE (Too many open files)
9589  rename("/home/capstone/project/test_files/000081.txt", "/home/capstone/project/test_files/000081.txt.dkrpx75") = 0
9589  openat(AT_FDCWD, "/home/capstone/project/test_files/000081.txt.dkrpx75", O_RDWR|O_LARGEFILE|O_CLOEXEC) = -1 EMFILE (Too many open files)
9589  openat(AT_FDCWD, "/home/capstone/project/test_files/checkpoints-000081.txt", O_RDWR|O_CREAT|O_TRUNC|O_LARGEFILE|O_CLOEXEC, 0666) = -1 EMFILE (Too many open files)
9589  rename("/home/capstone/project/test_files/000466.unk", "/home/capstone/project/test_files/000466.unk.dkrpx75") = 0
9589  openat(AT_FDCWD, "/home/capstone/project/test_files/000466.unk.dkrpx75", O_RDWR|O_LARGEFILE|O_CLOEXEC) = -1 EMFILE (Too many open files)
9589  openat(AT_FDCWD, "/home/capstone/project/test_files/checkpoints-000466.unk", O_RDWR|O_CREAT|O_TRUNC|O_LARGEFILE|O_CLOEXEC, 0666) = -1 EMFILE (Too many open files)
9589  rename("/home/capstone/project/test_files/000846.txt", "/home/capstone/project/test_files/000846.txt.dkrpx75" <unfinished ...>
9589  openat(AT_FDCWD, "/home/capstone/project/test_files/000846.txt.dkrpx75", O_RDWR|O_LARGEFILE|O_CLOEXEC) = -1 EMFILE (Too many open files)
9589  openat(AT_FDCWD, "/home/capstone/project/test_files/checkpoints-000846.txt", O_RDWR|O_CREAT|O_TRUNC|O_LARGEFILE|O_CLOEXEC, 0666) = -1 EMFILE (Too many open files)
9591  openat(AT_FDCWD, "/home/capstone/project/test_files/checkpoints-000187.pdf", O_RDWR|O_CREAT|O_TRUNC|O_LARGEFILE|O_CLOEXEC, 0666) = -1 EMFILE (Too many open files)
9589  rename("/home/capstone/project/test_files/000963.doc", "/home/capstone/project/test_files/000963.doc.dkrpx75") = 0
9589  openat(AT_FDCWD, "/home/capstone/project/test_files/000963.doc.dkrpx75", O_RDWR|O_LARGEFILE|O_CLOEXEC) = -1 EMFILE (Too many open files)
9589  openat(AT_FDCWD, "/home/capstone/project/test_files/checkpoints-000963.doc", O_RDWR|O_CREAT|O_TRUNC|O_LARGEFILE|O_CLOEXEC, 0666) = -1 EMFILE (Too many open files)
9589  rename("/home/capstone/project/test_files/000151.doc", "/home/capstone/project/test_files/000151.doc.dkrpx75") = 0
9589  openat(AT_FDCWD, "/home/capstone/project/test_files/000151.doc.dkrpx75", O_RDWR|O_LARGEFILE|O_CLOEXEC) = -1 EMFILE (Too many open files)
9589  openat(AT_FDCWD, "/home/capstone/project/test_files/checkpoints-000151.doc", O_RDWR|O_CREAT|O_TRUNC|O_LARGEFILE|O_CLOEXEC, 0666) = -1 EMFILE (Too many open files)
9589  rename("/home/capstone/project/test_files/000145.pdf", "/home/capstone/project/test_files/000145.pdf.dkrpx75") = 0
9589  openat(AT_FDCWD, "/home/capstone/project/test_files/000145.pdf.dkrpx75", O_RDWR|O_LARGEFILE|O_CLOEXEC) = -1 EMFILE (Too many open files)
9589  openat(AT_FDCWD, "/home/capstone/project/test_files/checkpoints-000145.pdf", O_RDWR|O_CREAT|O_TRUNC|O_LARGEFILE|O_CLOEXEC, 0666 <unfinished ...>
9589  rename("/home/capstone/project/test_files/000274.doc", "/home/capstone/project/test_files/000274.doc.dkrpx75") = 0
9589  openat(AT_FDCWD, "/home/capstone/project/test_files/000274.doc.dkrpx75", O_RDWR|O_LARGEFILE|O_CLOEXEC) = -1 EMFILE (Too many open files)
9589  openat(AT_FDCWD, "/home/capstone/project/test_files/checkpoints-000274.doc", O_RDWR|O_CREAT|O_TRUNC|O_LARGEFILE|O_CLOEXEC, 0666) = -1 EMFILE (Too many open files)
9589  rename("/home/capstone/project/test_files/000884.jpg", "/home/capstone/project/test_files/000884.jpg.dkrpx75") = 0
9589  openat(AT_FDCWD, "/home/capstone/project/test_files/000884.jpg.dkrpx75", O_RDWR|O_LARGEFILE|O_CLOEXEC) = -1 EMFILE (Too many open files)
9589  openat(AT_FDCWD, "/home/capstone/project/test_files/checkpoints-000884.jpg", O_RDWR|O_CREAT|O_TRUNC|O_LARGEFILE|O_CLOEXEC, 0666) = -1 EMFILE (Too many open files)
9589  rename("/home/capstone/project/test_files/000761.pdf", "/home/capstone/project/test_files/000761.pdf.dkrpx75") = 0
9589  openat(AT_FDCWD, "/home/capstone/project/test_files/000761.pdf.dkrpx75", O_RDWR|O_LARGEFILE|O_CLOEXEC) = -1 EMFILE (Too many open files)
9589  openat(AT_FDCWD, "/home/capstone/project/test_files/checkpoints-000761.pdf", O_RDWR|O_CREAT|O_TRUNC|O_LARGEFILE|O_CLOEXEC, 0666) = -1 EMFILE (Too many open files)
9589  rename("/home/capstone/project/test_files/000868.jpg", "/home/capstone/project/test_files/000868.jpg.dkrpx75") = 0
9589  openat(AT_FDCWD, "/home/capstone/project/test_files/000868.jpg.dkrpx75", O_RDWR|O_LARGEFILE|O_CLOEXEC) = -1 EMFILE (Too many open files)
9589  openat(AT_FDCWD, "/home/capstone/project/test_files/checkpoints-000868.jpg", O_RDWR|O_CREAT|O_TRUNC|O_LARGEFILE|O_CLOEXEC, 0666) = -1 EMFILE (Too many open files)
9589  rename("/home/capstone/project/test_files/000647.txt", "/home/capstone/project/test_files/000647.txt.dkrpx75") = 0
9589  openat(AT_FDCWD, "/home/capstone/project/test_files/000647.txt.dkrpx75", O_RDWR|O_LARGEFILE|O_CLOEXEC) = -1 EMFILE (Too many open files)
9589  openat(AT_FDCWD, "/home/capstone/project/test_files/checkpoints-000647.txt", O_RDWR|O_CREAT|O_TRUNC|O_LARGEFILE|O_CLOEXEC, 0666) = -1 EMFILE (Too many open files)
9589  rename("/home/capstone/project/test_files/000591.pdf", "/home/capstone/project/test_files/000591.pdf.dkrpx75") = 0
9589  openat(AT_FDCWD, "/home/capstone/project/test_files/000591.pdf.dkrpx75", O_RDWR|O_LARGEFILE|O_CLOEXEC) = -1 EMFILE (Too many open files)
9589  openat(AT_FDCWD, "/home/capstone/project/test_files/checkpoints-000591.pdf", O_RDWR|O_CREAT|O_TRUNC|O_LARGEFILE|O_CLOEXEC, 0666) = -1 EMFILE (Too many open files)
9589  rename("/home/capstone/project/test_files/000562.pdf", "/home/capstone/project/test_files/000562.pdf.dkrpx75") = 0
9589  openat(AT_FDCWD, "/home/capstone/project/test_files/000562.pdf.dkrpx75", O_RDWR|O_LARGEFILE|O_CLOEXEC) = -1 EMFILE (Too many open files)
9589  openat(AT_FDCWD, "/home/capstone/project/test_files/checkpoints-000562.pdf", O_RDWR|O_CREAT|O_TRUNC|O_LARGEFILE|O_CLOEXEC, 0666) = -1 EMFILE (Too many open files)
9589  rename("/home/capstone/project/test_files/000503.txt", "/home/capstone/project/test_files/000503.txt.dkrpx75") = 0
9589  openat(AT_FDCWD, "/home/capstone/project/test_files/000503.txt.dkrpx75", O_RDWR|O_LARGEFILE|O_CLOEXEC) = -1 EMFILE (Too many open files)
9589  openat(AT_FDCWD, "/home/capstone/project/test_files/checkpoints-000503.txt", O_RDWR|O_CREAT|O_TRUNC|O_LARGEFILE|O_CLOEXEC, 0666) = -1 EMFILE (Too many open files)
9589  rename("/home/capstone/project/test_files/000614.jpg", "/home/capstone/project/test_files/000614.jpg.dkrpx75") = 0
9589  openat(AT_FDCWD, "/home/capstone/project/test_files/000614.jpg.dkrpx75", O_RDWR|O_LARGEFILE|O_CLOEXEC) = -1 EMFILE (Too many open files)
9591  rename("/home/capstone/project/test_files/000772.ps", "/home/capstone/project/test_files/000772.ps.dkrpx75" <unfinished ...>
9589  openat(AT_FDCWD, "/home/capstone/project/test_files/checkpoints-000614.jpg", O_RDWR|O_CREAT|O_TRUNC|O_LARGEFILE|O_CLOEXEC, 0666) = -1 EMFILE (Too many open files)
9591  openat(AT_FDCWD, "/home/capstone/project/test_files/000772.ps.dkrpx75", O_RDWR|O_LARGEFILE|O_CLOEXEC) = -1 EMFILE (Too many open files)
9589  rename("/home/capstone/project/test_files/000921.txt", "/home/capstone/project/test_files/000921.txt.dkrpx75") = 0
9589  openat(AT_FDCWD, "/home/capstone/project/test_files/000921.txt.dkrpx75", O_RDWR|O_LARGEFILE|O_CLOEXEC) = -1 EMFILE (Too many open files)
9589  openat(AT_FDCWD, "/home/capstone/project/test_files/checkpoints-000921.txt", O_RDWR|O_CREAT|O_TRUNC|O_LARGEFILE|O_CLOEXEC, 0666) = -1 EMFILE (Too many open files)
