[10453] sudo C /home/capstone/.sudo_as_admin_successful
[10455] 796800face04676 O /home/capstone/project/test_files
[10455] 796800face04676 O /home/capstone/project/test_files/000418.html
[10455] 796800face04676 O /home/capstone/project/test_files/000615.html
[10455] 796800face04676 O /home/capstone/project/test_files/000517.gif
[10455] 796800face04676 O /home/capstone/project/test_files/000440.html
[10455] 796800face04676 O /home/capstone/project/test_files/000533.doc
[10455] 796800face04676 O /home/capstone/project/test_files/000574.pdf
[10455] 796800face04676 O /home/capstone/project/test_files/000509.jpg
[10455] 796800face04676 O /home/capstone/project/test_files/000163.pdf
[10455] 796800face04676 O /home/capstone/project/test_files/000138.html
[10455] 796800face04676 O /home/capstone/project/test_files/000786.gz
[10455] 796800face04676 O /home/capstone/project/test_files/000255.doc
[10455] 796800face04676 O /home/capstone/project/test_files/000098.txt
[10455] 796800face04676 O /home/capstone/project/test_files/000231.jpg
[10455] 796800face04676 O /home/capstone/project/test_files/000986.ppt
[10455] 796800face04676 O /home/capstone/project/test_files/000716.ppt
[10455] 796800face04676 O /home/capstone/project/test_files/000174.ppt
[10455] 796800face04676 O /home/capstone/project/test_files/000379.pdf
[10455] 796800face04676 O /home/capstone/project/test_files/000355.pdf
[10455] 796800face04676 O /home/capstone/project/test_files/000881.jpg
[10455] 796800face04676 O /home/capstone/project/test_files/000155.pdf
[10455] 796800face04676 O /home/capstone/project/test_files/000272.pdf
[10455] 796800face04676 O /home/capstone/project/test_files/000825.pdf
[10455] 796800face04676 O /home/capstone/project/test_files/000567.pdf
[10455] 796800face04676 O /home/capstone/project/test_files/000156.doc
[10455] 796800face04676 O /home/capstone/project/test_files/000588.pdf
[10455] 796800face04676 O /home/capstone/project/test_files/000939.txt
[10455] 796800face04676 O /home/capstone/project/test_files/000962.jpg
[10455] 796800face04676 O /home/capstone/project/test_files/000204.html
[10455] 796800face04676 O /home/capstone/project/test_files/000638.html
[10455] 796800face04676 O /home/capstone/project/test_files/000084.txt
[10455] 796800face04676 O /home/capstone/project/test_files/000189.pdf
[10455] 796800face04676 O /home/capstone/project/test_files/000802.doc
[10455] 796800face04676 O /home/capstone/project/test_files/000437.jpg
[10455] 796800face04676 O /home/capstone/project/test_files/000729.ppt
[10455] 796800face04676 O /home/capstone/project/test_files/000746.pdf
[10455] 796800face04676 O /home/capstone/project/test_files/000590.pdf
[10455] 796800face04676 O /home/capstone/project/test_files/000131.doc
[10455] 796800face04676 O /home/capstone/project/test_files/000372.pdf
[10455] 796800face04676 O /home/capstone/project/test_files/000286.doc
[10455] 796800face04676 O /home/capstone/project/test_files/000188.html
[10455] 796800face04676 O /home/capstone/project/test_files/000549.jpg
[10455] 796800face04676 O /home/capstone/project/test_files/000180.html
[10455] 796800face04676 O /home/capstone/project/test_files/000366.pdf
[10455] 796800face04676 O /home/capstone/project/test_files/000513.jpg
[10455] 796800face04676 O /home/capstone/project/test_files/000556.txt
[10455] 796800face04676 O /home/capstone/project/test_files/000507.jpg
[10455] 796800face04676 O /home/capstone/project/test_files/000345.pdf
[10455] 796800face04676 O /home/capstone/project/test_files/000819.html
[10455] 796800face04676 O /home/capstone/project/test_files/000927.txt
[10455] 796800face04676 O /home/capstone/project/test_files/000890.jpg
[10455] 796800face04676 O /home/capstone/project/test_files/000752.pdf
[10455] 796800face04676 O /home/capstone/project/test_files/000090.txt
[10455] 796800face04676 O /home/capstone/project/test_files/000485.txt
[10455] 796800face04676 O /home/capstone/project/test_files/000050.xls
[10455] 796800face04676 O /home/capstone/project/test_files/000937.txt
[10455] 796800face04676 O /home/capstone/project/test_files/000664.txt
[10455] 796800face04676 O /home/capstone/project/test_files/000468.txt
[10455] 796800face04676 O /home/capstone/project/test_files/000843.pdf
[10455] 796800face04676 O /home/capstone/project/test_files/000595.pdf
[10455] 796800face04676 O /home/capstone/project/test_files/000422.html
[10455] 796800face04676 O /home/capstone/project/test_files/000033.xls
[10455] 796800face04676 O /home/capstone/project/test_files/000585.pdf
[10455] 796800face04676 O /home/capstone/project/test_files/000265.doc
[10455] 796800face04676 O /home/capstone/project/test_files/000362.pdf
[10455] 796800face04676 O /home/capstone/project/test_files/000908.jpg
[10455] 796800face04676 O /home/capstone/project/test_files/000483.txt
[10455] 796800face04676 O /home/capstone/project/test_files/000012.pdf
[10455] 796800face04676 O /home/capstone/project/test_files/000469.jpg
[10455] 796800face04676 O /home/capstone/project/test_files/000129.html
[10455] 796800face04676 O /home/capstone/project/test_files/000171.xls
[10455] 796800face04676 O /home/capstone/project/test_files/000766.ps
[10455] 796800face04676 O /home/capstone/project/test_files/000961.doc
[10455] 796800face04676 O /home/capstone/project/test_files/000926.txt
[10455] 796800face04676 O /home/capstone/project/test_files/000677.doc
[10455] 796800face04676 O /home/capstone/project/test_files/000872.jpg
[10455] 796800face04676 O /home/capstone/project/test_files/000745.pdf
[10455] 796800face04676 O /home/capstone/project/test_files/000943.pdf
[10455] 796800face04676 O /home/capstone/project/test_files/000913.doc
[10455] 796800face04676 O /home/capstone/project/test_files/000492.txt
[10455] 796800face04676 O /home/capstone/project/test_files/000267.doc
[10455] 796800face04676 O /home/capstone/project/test_files/000603.jpg
[10455] 796800face04676 O /home/capstone/project/test_files/000134.ppt
[10455] 796800face04676 O /home/capstone/project/test_files/000414.html
[10455] 796800face04676 O /home/capstone/project/test_files/000190.html
[10455] 796800face04676 O /home/capstone/project/test_files/000339.pdf
[10455] 796800face04676 O /home/capstone/project/test_files/000052.xls
[10455] 796800face04676 O /home/capstone/project/test_files/000063.html
[10455] 796800face04676 O /home/capstone/project/test_files/000518.ppt
[10455] 796800face04676 O /home/capstone/project/test_files/000526.gif
[10455] 796800face04676 O /home/capstone/project/test_files/000657.txt
[10455] 796800face04676 O /home/capstone/project/test_files/000399.xls
[10455] 796800face04676 O /home/capstone/project/test_files/000535.jpg
[10455] 796800face04676 O /home/capstone/project/test_files/000164.pdf
[10455] 796800face04676 O /home/capstone/project/test_files/000781.xls
[10455] 796800face04676 O /home/capstone/project/test_files/000899.pdf
[10455] 796800face04676 O /home/capstone/project/test_files/000813.pdf
[10455] 796800face04676 O /home/capstone/project/test_files/000478.txt
[10455] 796800face04676 O /home/capstone/project/test_files/000369.pdf
[10455] 796800face04676 O /home/capstone/project/test_files/000479.txt
[10455] 796800face04676 O /home/capstone/project/test_files/000800.html
[10455] 796800face04676 O /home/capstone/project/test_files/000862.txt
[10455] 796800face04676 O /home/capstone/project/test_files/000246.jpg
[10455] 796800face04676 O /home/capstone/project/test_files/000693.doc
[10455] 796800face04676 O /home/capstone/project/test_files/000689.csv
[10455] 796800face04676 O /home/capstone/project/test_files/000711.ppt
[10455] 796800face04676 O /home/capstone/project/test_files/000173.html
[10455] 796800face04676 O /home/capstone/project/test_files/000747.pdf
[10455] 796800face04676 O /home/capstone/project/test_files/000066.html
[10455] 796800face04676 O /home/capstone/project/test_files/000812.html
[10455] 796800face04676 O /home/capstone/project/test_files/000641.txt
[10455] 796800face04676 O /home/capstone/project/test_files/000239.jpg
[10455] 796800face04676 O /home/capstone/project/test_files/000594.pdf
[10455] 796800face04676 O /home/capstone/project/test_files/000416.html
[10455] 796800face04676 O /home/capstone/project/test_files/000436.html
[10455] 796800face04676 O /home/capstone/project/test_files/000003.doc
[10455] 796800face04676 O /home/capstone/project/test_files/000359.pdf
[10455] 796800face04676 O /home/capstone/project/test_files/000074.html
[10455] 796800face04676 O /home/capstone/project/test_files/000388.xls
[10455] 796800face04676 O /home/capstone/project/test_files/000018.pdf
[10455] 796800face04676 O /home/capstone/project/test_files/000089.txt
[10455] 796800face04676 O /home/capstone/project/test_files/000079.html
[10455] 796800face04676 O /home/capstone/project/test_files/000221.txt
[10455] 796800face04676 O /home/capstone/project/test_files/000292.ppt
[10455] 796800face04676 O /home/capstone/project/test_files/000730.ps
[10455] 796800face04676 O /home/capstone/project/test_files/000358.pdf
[10455] 796800face04676 O /home/capstone/project/test_files/000192.html
[10455] 796800face04676 O /home/capstone/project/test_files/000736.gz
[10455] 796800face04676 O /home/capstone/project/test_files/000508.jpg
[10455] 796800face04676 O /home/capstone/project/test_files/000030.xls
[10455] 796800face04676 O /home/capstone/project/test_files/000667.txt
[10455] 796800face04676 O /home/capstone/project/test_files/000456.html
[10455] 796800face04676 O /home/capstone/project/test_files/000198.html
[10455] 796800face04676 O /home/capstone/project/test_files/000850.txt
[10455] 796800face04676 O /home/capstone/project/test_files/000266.pdf
[10455] 796800face04676 O /home/capstone/project/test_files/000600.html
[10455] 796800face04676 O /home/capstone/project/test_files/000325.pdf
[10455] 796800face04676 O /home/capstone/project/test_files/000789.html
[10455] 796800face04676 O /home/capstone/project/test_files/000092.txt
[10455] 796800face04676 O /home/capstone/project/test_files/000053.xls
[10455] 796800face04676 O /home/capstone/project/test_files/000300.ppt
[10455] 796800face04676 O /home/capstone/project/test_files/ziUrAJ8W
[10455] 796800face04676 O /home/capstone/project/test_files/000601.html
[10455] 796800face04676 O /home/capstone/project/test_files/000280.pdf
[10455] 796800face04676 O /home/capstone/project/test_files/000808.html
[10455] 796800face04676 O /home/capstone/project/test_files/000686.doc
[10455] 796800face04676 O /home/capstone/project/test_files/000170.xls
[10455] 796800face04676 O /home/capstone/project/test_files/000481.txt
[10455] 796800face04676 O /home/capstone/project/test_files/000175.ppt
[10455] 796800face04676 O /home/capstone/project/test_files/000616.html
[10455] 796800face04676 O /home/capstone/project/test_files/000177.pdf
[10455] 796800face04676 O /home/capstone/project/test_files/000722.csv
[10455] 796800face04676 O /home/capstone/project/test_files/000444.pdf
[10455] 796800face04676 O /home/capstone/project/test_files/000467.txt
[10455] 796800face04676 O /home/capstone/project/test_files/000360.pdf
[10455] 796800face04676 O /home/capstone/project/test_files/000130.doc
[10455] 796800face04676 O /home/capstone/project/test_files/000044.xls
[10455] 796800face04676 O /home/capstone/project/test_files/000852.txt
[10455] 796800face04676 O /home/capstone/project/test_files/000480.txt
[10455] 796800face04676 O /home/capstone/project/test_files/000832.txt
[10455] 796800face04676 O /home/capstone/project/test_files/000487.txt
[10455] 796800face04676 O /home/capstone/project/test_files/000228.txt
[10455] 796800face04676 O /home/capstone/project/test_files/000977.doc
[10455] 796800face04676 O /home/capstone/project/test_files/000341.pdf
[10455] 796800face04676 O /home/capstone/project/test_files/000097.ps
[10455] 796800face04676 O /home/capstone/project/test_files/000931.txt
[10455] 796800face04676 O /home/capstone/project/test_files/000660.txt
[10455] 796800face04676 O /home/capstone/project/test_files/000661.txt
[10455] 796800face04676 O /home/capstone/project/test_files/000990.ppt
[10455] 796800face04676 O /home/capstone/project/test_files/000991.ppt
[10455] 796800face04676 O /home/capstone/project/test_files/000548.gif
[10455] 796800face04676 O /home/capstone/project/test_files/000634.html
[10455] 796800face04676 O /home/capstone/project/test_files/000799.doc
[10455] 796800face04676 O /home/capstone/project/test_files/000301.ppt
[10455] 796800face04676 O /home/capstone/project/test_files/000541.jpg
[10455] 796800face04676 O /home/capstone/project/test_files/000025.pdf
[10455] 796800face04676 O /home/capstone/project/test_files/000577.pdf
[10455] 796800face04676 O /home/capstone/project/test_files/000142.pdf
[10455] 796800face04676 O /home/capstone/project/test_files/000795.doc
[10455] 796800face04676 O /home/capstone/project/test_files/000669.txt
[10455] 796800face04676 O /home/capstone/project/test_files/000197.html
[10455] 796800face04676 O /home/capstone/project/test_files/000883.jpg
[10455] 796800face04676 O /home/capstone/project/test_files/000561.gif
[10455] 796800face04676 O /home/capstone/project/test_files/000640.html
[10455] 796800face04676 O /home/capstone/project/test_files/000528.jpg
[10455] 796800face04676 O /home/capstone/project/test_files/000820.html
[10455] 796800face04676 O /home/capstone/project/test_files/000062.html
[10455] 796800face04676 O /home/capstone/project/test_files/000277.doc
[10455] 796800face04676 O /home/capstone/project/test_files/000811.pdf
[10455] 796800face04676 O /home/capstone/project/test_files/000880.jpg
[10455] 796800face04676 O /home/capstone/project/test_files/000083.unk
[10455] 796800face04676 O /home/capstone/project/test_files/000321.ppt
[10455] 796800face04676 O /home/capstone/project/test_files/000121.doc
[10455] 796800face04676 O /home/capstone/project/test_files/000525.gif
[10455] 796800face04676 O /home/capstone/project/test_files/000057.html
[10455] 796800face04676 O /home/capstone/project/test_files/000392.xls
[10455] 796800face04676 O /home/capstone/project/test_files/000876.jpg
[10455] 796800face04676 O /home/capstone/project/test_files/000377.xls
[10455] 796800face04676 O /home/capstone/project/test_files/000857.txt
[10455] 796800face04676 O /home/capstone/project/test_files/000842.txt
[10455] 796800face04676 O /home/capstone/project/test_files/000407.xls
[10455] 796800face04676 O /home/capstone/project/test_files/000108.jpg
[10455] 796800face04676 O /home/capstone/project/test_files/000916.html
[10455] 796800face04676 O /home/capstone/project/test_files/000065.html
[10455] 796800face04676 O /home/capstone/project/test_files/000371.pdf
[10455] 796800face04676 O /home/capstone/project/test_files/000514.jpg
[10455] 796800face04676 O /home/capstone/project/test_files/000581.pdf
[10455] 796800face04676 O /home/capstone/project/test_files/000225.f
[10455] 796800face04676 O /home/capstone/project/test_files/000623.html
[10455] 796800face04676 O /home/capstone/project/test_files/000167.ppt
[10455] 796800face04676 O /home/capstone/project/test_files/000357.pdf
[10455] 796800face04676 O /home/capstone/project/test_files/000644.txt
[10455] 796800face04676 O /home/capstone/project/test_files/000029.pdf
[10455] 796800face04676 O /home/capstone/project/test_files/000702.ps
[10455] 796800face04676 O /home/capstone/project/test_files/000892.html
[10455] 796800face04676 O /home/capstone/project/test_files/000159.pdf
[10455] 796800face04676 O /home/capstone/project/test_files/000415.html
[10455] 796800face04676 O /home/capstone/project/test_files/000491.txt
[10455] 796800face04676 O /home/capstone/project/test_files/000960.doc
[10455] 796800face04676 O /home/capstone/project/test_files/000398.xls
[10455] 796800face04676 O /home/capstone/project/test_files/000626.txt
[10455] 796800face04676 O /home/capstone/project/test_files/000242.jpg
[10455] 796800face04676 O /home/capstone/project/test_files/000815.html
[10455] 796800face04676 O /home/capstone/project/test_files/000391.xls
[10455] 796800face04676 O /home/capstone/project/test_files/000288.ppt
[10455] 796800face04676 O /home/capstone/project/test_files/000879.jpg
[10455] 796800face04676 O /home/capstone/project/test_files/000200.html
[10455] 796800face04676 O /home/capstone/project/test_files/000959.xls
[10455] 796800face04676 O /home/capstone/project/test_files/000544.jpg
[10455] 796800face04676 O /home/capstone/project/test_files/000878.pdf
[10455] 796800face04676 O /home/capstone/project/test_files/000718.gz
[10455] 796800face04676 O /home/capstone/project/test_files/000373.pdf
[10455] 796800face04676 O /home/capstone/project/test_files/000035.xls
[10455] 796800face04676 O /home/capstone/project/test_files/000755.pdf
[10455] 796800face04676 O /home/capstone/project/test_files/000612.html
[10455] 796800face04676 O /home/capstone/project/test_files/000383.xls
[10455] 796800face04676 O /home/capstone/project/test_files/000465.unk
[10455] 796800face04676 O /home/capstone/project/test_files/000215.html
[10455] 796800face04676 O /home/capstone/project/test_files/000403.xls
[10455] 796800face04676 O /home/capstone/project/test_files/000400.jpg
[10455] 796800face04676 O /home/capstone/project/test_files/000453.html
[10455] 796800face04676 O /home/capstone/project/test_files/000010.pdf
[10455] 796800face04676 O /home/capstone/project/test_files/000375.xls
[10455] 796800face04676 O /home/capstone/project/test_files/000103.txt
[10455] 796800face04676 O /home/capstone/project/test_files/000124.doc
[10455] 796800face04676 O /home/capstone/project/test_files/000724.ppt
[10455] 796800face04676 O /home/capstone/project/test_files/000671.pdf
[10455] 796800face04676 O /home/capstone/project/test_files/000166.pdf
[10455] 796800face04676 O /home/capstone/project/test_files/000787.html
[10455] 796800face04676 O /home/capstone/project/test_files/000792.html
[10455] 796800face04676 O /home/capstone/project/test_files/000043.xls
[10455] 796800face04676 O /home/capstone/project/test_files/000651.txt
[10455] 796800face04676 O /home/capstone/project/test_files/000576.csv
[10455] 796800face04676 O /home/capstone/project/test_files/000950.doc
[10455] 796800face04676 O /home/capstone/project/test_files/000421.html
[10455] 796800face04676 O /home/capstone/project/test_files/000897.jpg
[10455] 796800face04676 O /home/capstone/project/test_files/000276.doc
[10455] 796800face04676 O /home/capstone/project/test_files/000061.html
[10455] 796800face04676 O /home/capstone/project/test_files/000036.xls
[10455] 796800face04676 O /home/capstone/project/test_files/000522.gif
[10455] 796800face04676 O /home/capstone/project/test_files/000370.pdf
[10455] 796800face04676 O /home/capstone/project/test_files/000573.swf
[10455] 796800face04676 O /home/capstone/project/test_files/000859.pdf
[10455] 796800face04676 O /home/capstone/project/test_files/000446.html
[10455] 796800face04676 O /home/capstone/project/test_files/000447.html
[10455] 796800face04676 O /home/capstone/project/test_files/000275.doc
[10455] 796800face04676 O /home/capstone/project/test_files/000900.jpg
[10455] 796800face04676 O /home/capstone/project/test_files/000295.ppt
[10455] 796800face04676 O /home/capstone/project/test_files/000161.pdf
[10455] 796800face04676 O /home/capstone/project/test_files/000532.jpg
[10455] 796800face04676 O /home/capstone/project/test_files/000944.doc
[10455] 796800face04676 O /home/capstone/project/test_files/000646.txt
[10455] 796800face04676 O /home/capstone/project/test_files/000650.txt
[10455] 796800face04676 O /home/capstone/project/test_files/000655.txt
[10455] 796800face04676 O /home/capstone/project/test_files/000088.txt
[10455] 796800face04676 O /home/capstone/project/test_files/000885.pdf
[10455] 796800face04676 O /home/capstone/project/test_files/000975.xml
[10455] 796800face04676 O /home/capstone/project/test_files/000144.doc
[10455] 796800face04676 O /home/capstone/project/test_files/000952.doc
[10455] 796800face04676 O /home/capstone/project/test_files/000195.html
[10455] 796800face04676 O /home/capstone/project/test_files/000243.jpg
[10455] 796800face04676 O /home/capstone/project/test_files/000068.html
[10455] 796800face04676 O /home/capstone/project/test_files/000217.html
[10455] 796800face04676 O /home/capstone/project/test_files/000741.log
[10455] 796800face04676 O /home/capstone/project/test_files/000387.txt
[10455] 796800face04676 O /home/capstone/project/test_files/000046.xls
[10455] 796800face04676 O /home/capstone/project/test_files/000133.ppt
[10455] 796800face04676 O /home/capstone/project/test_files/000996.ps
[10455] 796800face04676 O /home/capstone/project/test_files/000445.html
[10455] 796800face04676 O /home/capstone/project/test_files/000335.xml
[10455] 796800face04676 O /home/capstone/project/test_files/000313.ppt
[10455] 796800face04676 O /home/capstone/project/test_files/000967.doc
[10455] 796800face04676 O /home/capstone/project/test_files/000058.html
[10455] 796800face04676 O /home/capstone/project/test_files/000828.txt
[10455] 796800face04676 O /home/capstone/project/test_files/000777.xls
[10455] 796800face04676 O /home/capstone/project/test_files/000817.pdf
[10455] 796800face04676 O /home/capstone/project/test_files/000740.html
[10455] 796800face04676 O /home/capstone/project/test_files/000853.pdf
[10455] 796800face04676 O /home/capstone/project/test_files/000700.xml
[10455] 796800face04676 O /home/capstone/project/test_files/000565.csv
[10455] 796800face04676 O /home/capstone/project/test_files/000893.html
[10455] 796800face04676 O /home/capstone/project/test_files/000955.pdf
[10455] 796800face04676 O /home/capstone/project/test_files/000427.html
[10455] 796800face04676 O /home/capstone/project/test_files/000268.doc
[10455] 796800face04676 O /home/capstone/project/test_files/000807.pdf
[10455] 796800face04676 O /home/capstone/project/test_files/000779.xls
[10455] 796800face04676 O /home/capstone/project/test_files/000691.doc
[10455] 796800face04676 O /home/capstone/project/test_files/000219.txt
[10455] 796800face04676 O /home/capstone/project/test_files/000214.html
[10455] 796800face04676 O /home/capstone/project/test_files/000579.gz
[10455] 796800face04676 O /home/capstone/project/test_files/000254.doc
[10455] 796800face04676 O /home/capstone/project/test_files/000472.txt
[10455] 796800face04676 O /home/capstone/project/test_files/000005.doc
[10455] 796800face04676 O /home/capstone/project/test_files/000113.doc
[10455] 796800face04676 O /home/capstone/project/test_files/000788.doc
[10455] 796800face04676 O /home/capstone/project/test_files/000019.pdf
[10455] 796800face04676 O /home/capstone/project/test_files/000308.ppt
[10455] 796800face04676 O /home/capstone/project/test_files/000732.ppt
[10455] 796800face04676 O /home/capstone/project/test_files/000106.txt
[10455] 796800face04676 O /home/capstone/project/test_files/000125.doc
[10455] 796800face04676 O /home/capstone/project/test_files/000620.txt
[10455] 796800face04676 O /home/capstone/project/test_files/000176.pdf
[10455] 796800face04676 O /home/capstone/project/test_files/000259.doc
[10455] 796800face04676 O /home/capstone/project/test_files/000909.jpg
[10455] 796800face04676 O /home/capstone/project/test_files/000141.pdf
[10455] 796800face04676 O /home/capstone/project/test_files/000704.xml
[10455] 796800face04676 O /home/capstone/project/test_files/000051.xls
[10455] 796800face04676 O /home/capstone/project/test_files/000648.txt
[10455] 796800face04676 O /home/capstone/project/test_files/000356.pdf
[10455] 796800face04676 O /home/capstone/project/test_files/000749.html
[10455] 796800face04676 O /home/capstone/project/test_files/000435.html
[10455] 796800face04676 O /home/capstone/project/test_files/000178.html
[10455] 796800face04676 O /home/capstone/project/test_files/000114.doc
[10455] 796800face04676 O /home/capstone/project/test_files/000891.html
[10455] 796800face04676 O /home/capstone/project/test_files/000599.html
[10455] 796800face04676 O /home/capstone/project/test_files/000911.doc
[10455] 796800face04676 O /home/capstone/project/test_files/000073.html
[10455] 796800face04676 O /home/capstone/project/test_files/000941.txt
[10455] 796800face04676 O /home/capstone/project/test_files/000947.html
[10455] 796800face04676 O /home/capstone/project/test_files/000490.txt
[10455] 796800face04676 O /home/capstone/project/test_files/000251.pdf
[10455] 796800face04676 O /home/capstone/project/test_files/000980.ps
[10455] 796800face04676 O /home/capstone/project/test_files/000411.html
[10455] 796800face04676 O /home/capstone/project/test_files/000613.html
[10455] 796800face04676 O /home/capstone/project/test_files/000140.pdf
[10455] 796800face04676 O /home/capstone/project/test_files/000552.html
[10455] 796800face04676 O /home/capstone/project/test_files/000797.html
[10455] 796800face04676 O /home/capstone/project/test_files/000510.jpg
[10455] 796800face04676 O /home/capstone/project/test_files/000367.pdf
[10455] 796800face04676 O /home/capstone/project/test_files/000838.pdf
[10455] 796800face04676 O /home/capstone/project/test_files/000329.ppt
[10455] 796800face04676 O /home/capstone/project/test_files/000869.jpg
[10455] 796800face04676 O /home/capstone/project/test_files/000169.ppt
[10455] 796800face04676 O /home/capstone/project/test_files/000454.html
[10455] 796800face04676 O /home/capstone/project/test_files/000690.csv
[10455] 796800face04676 O /home/capstone/project/test_files/000874.jpg
[10455] 796800face04676 O /home/capstone/project/test_files/000559.ppt
[10455] 796800face04676 O /home/capstone/project/test_files/000504.txt
[10455] 796800face04676 O /home/capstone/project/test_files/000637.html
[10455] 796800face04676 O /home/capstone/project/test_files/000917.html
[10455] 796800face04676 O /home/capstone/project/test_files/000649.txt
[10455] 796800face04676 O /home/capstone/project/test_files/000524.jpg
[10455] 796800face04676 O /home/capstone/project/test_files/000420.html
[10455] 796800face04676 O /home/capstone/project/test_files/000760.pdf
[10455] 796800face04676 O /home/capstone/project/test_files/000179.html
[10455] 796800face04676 O /home/capstone/project/test_files/000964.doc
[10455] 796800face04676 O /home/capstone/project/test_files/000578.pdf
[10455] 796800face04676 O /home/capstone/project/test_files/000338.pdf
[10455] 796800face04676 O /home/capstone/project/test_files/000837.txt
[10455] 796800face04676 O /home/capstone/project/test_files/000520.gif
[10455] 796800face04676 O /home/capstone/project/test_files/000818.pdf
[10455] 796800face04676 O /home/capstone/project/test_files/000589.pdf
[10455] 796800face04676 O /home/capstone/project/test_files/000261.doc
[10455] 796800face04676 O /home/capstone/project/test_files/000871.jpg
[10455] 796800face04676 O /home/capstone/project/test_files/000105.txt
[10455] 796800face04676 O /home/capstone/project/test_files/000364.pdf
[10455] 796800face04676 O /home/capstone/project/test_files/000835.txt
[10455] 796800face04676 O /home/capstone/project/test_files/000199.html
[10455] 796800face04676 O /home/capstone/project/test_files/000017.swf
[10455] 796800face04676 O /home/capstone/project/test_files/000596.pdf
[10455] 796800face04676 O /home/capstone/project/test_files/000283.doc
[10455] 796800face04676 O /home/capstone/project/test_files/000725.ppt
[10455] 796800face04676 O /home/capstone/project/test_files/000998.ppt
[10455] 796800face04676 O /home/capstone/project/test_files/000162.pdf
[10455] 796800face04676 O /home/capstone/project/test_files/000681.jpg
[10455] 796800face04676 O /home/capstone/project/test_files/000663.pdf
[10455] 796800face04676 O /home/capstone/project/test_files/000191.html
[10455] 796800face04676 O /home/capstone/project/test_files/000653.txt
[10455] 796800face04676 O /home/capstone/project/test_files/000498.txt
[10455] 796800face04676 O /home/capstone/project/test_files/000531.jpg
[10455] 796800face04676 O /home/capstone/project/test_files/000390.xls
[10455] 796800face04676 O /home/capstone/project/test_files/000244.jpg
[10455] 796800face04676 O /home/capstone/project/test_files/000705.doc
[10455] 796800face04676 O /home/capstone/project/test_files/000658.txt
[10455] 796800face04676 O /home/capstone/project/test_files/000551.jpg
[10455] 796800face04676 O /home/capstone/project/test_files/000115.wp
[10455] 796800face04676 O /home/capstone/project/test_files/000306.ppt
[10455] 796800face04676 O /home/capstone/project/test_files/000794.html
[10455] 796800face04676 O /home/capstone/project/test_files/000737.pdf
[10455] 796800face04676 O /home/capstone/project/test_files/000763.pdf
[10455] 796800face04676 O /home/capstone/project/test_files/000905.jpg
[10455] 796800face04676 O /home/capstone/project/test_files/000742.pdf
[10455] 796800face04676 O /home/capstone/project/test_files/000935.txt
[10455] 796800face04676 O /home/capstone/project/test_files/000922.java
[10455] 796800face04676 O /home/capstone/project/test_files/000662.txt
[10455] 796800face04676 O /home/capstone/project/test_files/000296.ppt
[10455] 796800face04676 O /home/capstone/project/test_files/000304.ppt
[10455] 796800face04676 O /home/capstone/project/test_files/000924.txt
[10455] 796800face04676 O /home/capstone/project/test_files/000958.doc
[10455] 796800face04676 O /home/capstone/project/test_files/000695.doc
[10455] 796800face04676 O /home/capstone/project/test_files/000715.ppt
[10455] 796800face04676 O /home/capstone/project/test_files/000009.pdf
[10455] 796800face04676 O /home/capstone/project/test_files/000938.txt
[10455] 796800face04676 O /home/capstone/project/test_files/000547.pdf
[10455] 796800face04676 O /home/capstone/project/test_files/000233.gif
[10455] 796800face04676 O /home/capstone/project/test_files/000953.doc
[10455] 796800face04676 O /home/capstone/project/test_files/000829.txt
[10455] 796800face04676 O /home/capstone/project/test_files/000656.txt
[10455] 796800face04676 O /home/capstone/project/test_files/000343.pdf
[10455] 796800face04676 O /home/capstone/project/test_files/000413.html
[10455] 796800face04676 O /home/capstone/project/test_files/000368.pdf
[10455] 796800face04676 O /home/capstone/project/test_files/000032.xls
[10455] 796800face04676 O /home/capstone/project/test_files/000326.ppt
[10455] 796800face04676 O /home/capstone/project/test_files/000317.ppt
[10455] 796800face04676 O /home/capstone/project/test_files/000751.pdf
[10455] 796800face04676 O /home/capstone/project/test_files/000247.jpg
[10455] 796800face04676 O /home/capstone/project/test_files/000493.xml
[10455] 796800face04676 O /home/capstone/project/test_files/000753.pdf
[10455] 796800face04676 O /home/capstone/project/test_files/000936.txt
[10455] 796800face04676 O /home/capstone/project/test_files/000834.pdf
[10455] 796800face04676 O /home/capstone/project/test_files/000160.ppt
[10455] 796800face04676 O /home/capstone/project/test_files/000099.ps
[10455] 796800face04676 O /home/capstone/project/test_files/000310.ppt
[10455] 796800face04676 O /home/capstone/project/test_files/000021.pdf
[10455] 796800face04676 O /home/capstone/project/test_files/000918.html
[10455] 796800face04676 O /home/capstone/project/test_files/000558.ppt
[10455] 796800face04676 O /home/capstone/project/test_files/000080.html
[10455] 796800face04676 O /home/capstone/project/test_files/000137.pdf
[10455] 796800face04676 O /home/capstone/project/test_files/000945.pdf
[10455] 796800face04676 O /home/capstone/project/test_files/000348.pdf
[10455] 796800face04676 O /home/capstone/project/test_files/000554.html
[10455] 796800face04676 O /home/capstone/project/test_files/000406.xls
[10455] 796800face04676 O /home/capstone/project/test_files/000840.pdf
[10455] 796800face04676 O /home/capstone/project/test_files/000060.html
[10455] 796800face04676 O /home/capstone/project/test_files/000248.doc
[10455] 796800face04676 O /home/capstone/project/test_files/000495.unk
[10455] 796800face04676 O /home/capstone/project/test_files/000256.doc
[10455] 796800face04676 O /home/capstone/project/test_files/000841.txt
[10455] 796800face04676 O /home/capstone/project/test_files/000597.html
[10455] 796800face04676 O /home/capstone/project/test_files/000463.txt
[10455] 796800face04676 O /home/capstone/project/test_files/000386.xls
[10455] 796800face04676 O /home/capstone/project/test_files/000972.gif
[10455] 796800face04676 O /home/capstone/project/test_files/000942.txt
[10455] 796800face04676 O /home/capstone/project/test_files/000119.doc
[10455] 796800face04676 O /home/capstone/project/test_files/000253.doc
[10455] 796800face04676 O /home/capstone/project/test_files/000127.doc
[10455] 796800face04676 O /home/capstone/project/test_files/000378.xls
[10455] 796800face04676 O /home/capstone/project/test_files/000337.pdf
[10455] 796800face04676 O /home/capstone/project/test_files/000989.ppt
[10455] 796800face04676 O /home/capstone/project/test_files/000236.pdf
[10455] 796800face04676 O /home/capstone/project/test_files/000258.rtf
[10455] 796800face04676 O /home/capstone/project/test_files/000652.txt
[10455] 796800face04676 O /home/capstone/project/test_files/000426.html
[10455] 796800face04676 O /home/capstone/project/test_files/000452.html
[10455] 796800face04676 O /home/capstone/project/test_files/000654.txt
[10455] 796800face04676 O /home/capstone/project/test_files/000439.html
[10455] 796800face04676 O /home/capstone/project/test_files/000536.jpg
[10455] 796800face04676 O /home/capstone/project/test_files/000919.html
[10455] 796800face04676 O /home/capstone/project/test_files/000560.ppt
[10455] 796800face04676 O /home/capstone/project/test_files/000856.txt
[10455] 796800face04676 O /home/capstone/project/test_files/000889.jpg
[10455] 796800face04676 O /home/capstone/project/test_files/000895.html
[10455] 796800face04676 O /home/capstone/project/test_files/000784.html
[10455] 796800face04676 O /home/capstone/project/test_files/000349.pdf
[10455] 796800face04676 O /home/capstone/project/test_files/000886.pdf
[10455] 796800face04676 O /home/capstone/project/test_files/000238.jpg
[10455] 796800face04676 O /home/capstone/project/test_files/000668.txt
[10455] 796800face04676 O /home/capstone/project/test_files/000750.pdf
[10455] 796800face04676 O /home/capstone/project/test_files/000982.ppt
[10455] 796800face04676 O /home/capstone/project/test_files/000331.pdf
[10455] 796800face04676 O /home/capstone/project/test_files/000085.txt
[10455] 796800face04676 O /home/capstone/project/test_files/000765.log
[10455] 796800face04676 O /home/capstone/project/test_files/000346.pdf
[10455] 796800face04676 O /home/capstone/project/test_files/000309.ppt
[10455] 796800face04676 O /home/capstone/project/test_files/000974.doc
[10455] 796800face04676 O /home/capstone/project/test_files/000070.html
[10455] 796800face04676 O /home/capstone/project/test_files/000999.ppt
[10455] 796800face04676 O /home/capstone/project/test_files/000273.doc
[10455] 796800face04676 O /home/capstone/project/test_files/000363.pdf
[10455] 796800face04676 O /home/capstone/project/test_files/000568.pdf
[10455] 796800face04676 O /home/capstone/project/test_files/000249.doc
[10455] 796800face04676 O /home/capstone/project/test_files/000621.txt
[10455] 796800face04676 O /home/capstone/project/test_files/000618.pdf
[10455] 796800face04676 O /home/capstone/project/test_files/000860.txt
[10455] 796800face04676 O /home/capstone/project/test_files/000026.pdf
[10455] 796800face04676 O /home/capstone/project/test_files/000203.html
[10455] 796800face04676 O /home/capstone/project/test_files/000767.ps
[10455] 796800face04676 O /home/capstone/project/test_files/000966.doc
[10455] 796800face04676 O /home/capstone/project/test_files/000727.ppt
[10455] 796800face04676 O /home/capstone/project/test_files/000475.txt
[10455] 796800face04676 O /home/capstone/project/test_files/000645.txt
[10455] 796800face04676 O /home/capstone/project/test_files/000002.doc
[10455] 796800face04676 O /home/capstone/project/test_files/000539.jpg
[10455] 796800face04676 O /home/capstone/project/test_files/000047.xls
[10455] 796800face04676 O /home/capstone/project/test_files/000150.pdf
[10455] 796800face04676 O /home/capstone/project/test_files/000218.txt
[10455] 796800face04676 O /home/capstone/project/test_files/000395.xls
[10455] 796800face04676 O /home/capstone/project/test_files/000234.jpg
[10455] 796800face04676 O /home/capstone/project/test_files/000423.html
[10455] 796800face04676 O /home/capstone/project/test_files/000823.html
[10455] 796800face04676 O /home/capstone/project/test_files/000237.jpg
[10455] 796800face04676 O /home/capstone/project/test_files/000643.txt
[10455] 796800face04676 O /home/capstone/project/test_files/000458.html
[10455] 796800face04676 O /home/capstone/project/test_files/000521.jpg
[10455] 796800face04676 O /home/capstone/project/test_files/000512.jpg
[10455] 796800face04676 O /home/capstone/project/test_files/000208.pdf
[10455] 796800face04676 O /home/capstone/project/test_files/000397.jpg
[10455] 796800face04676 O /home/capstone/project/test_files/000380.pdf
[10455] 796800face04676 O /home/capstone/project/test_files/000726.html
[10455] 796800face04676 O /home/capstone/project/test_files/000929.txt
[10455] 796800face04676 O /home/capstone/project/test_files/000888.jpg
[10455] 796800face04676 O /home/capstone/project/test_files/000045.xls
[10455] 796800face04676 O /home/capstone/project/test_files/000546.jpg
[10455] 796800face04676 O /home/capstone/project/test_files/000412.html
[10455] 796800face04676 O /home/capstone/project/test_files/000473.txt
[10455] 796800face04676 O /home/capstone/project/test_files/000093.txt
[10455] 796800face04676 O /home/capstone/project/test_files/000733.ps
[10455] 796800face04676 O /home/capstone/project/test_files/000676.pdf
[10455] 796800face04676 O /home/capstone/project/test_files/000182.html
[10455] 796800face04676 O /home/capstone/project/test_files/000992.ppt
[10455] 796800face04676 O /home/capstone/project/test_files/000342.pdf
[10455] 796800face04676 O /home/capstone/project/test_files/000290.ppt
[10455] 796800face04676 O /home/capstone/project/test_files/000957.doc
[10455] 796800face04676 O /home/capstone/project/test_files/000762.pdf
[10455] 796800face04676 O /home/capstone/project/test_files/000506.jpg
[10455] 796800face04676 O /home/capstone/project/test_files/000087.txt
[10455] 796800face04676 O /home/capstone/project/test_files/000432.jpg
[10455] 796800face04676 O /home/capstone/project/test_files/000094.txt
[10455] 796800face04676 O /home/capstone/project/test_files/000095.txt
[10455] 796800face04676 O /home/capstone/project/test_files/000951.html
[10455] 796800face04676 O /home/capstone/project/test_files/000027.csv
[10455] 796800face04676 O /home/capstone/project/test_files/000307.ppt
[10455] 796800face04676 O /home/capstone/project/test_files/000978.xml
[10455] 796800face04676 O /home/capstone/project/test_files/000049.xls
[10455] 796800face04676 O /home/capstone/project/test_files/000839.pdf
[10455] 796800face04676 O /home/capstone/project/test_files/000232.jpg
[10455] 796800face04676 O /home/capstone/project/test_files/000698.log
[10455] 796800face04676 O /home/capstone/project/test_files/000000.swf
[10455] 796800face04676 O /home/capstone/project/test_files/000451.html
[10455] 796800face04676 O /home/capstone/project/test_files/000887.pdf
[10455] 796800face04676 O /home/capstone/project/test_files/000434.html
[10455] 796800face04676 O /home/capstone/project/test_files/000696.doc
[10455] 796800face04676 O /home/capstone/project/test_files/000072.html
[10455] 796800face04676 O /home/capstone/project/test_files/000806.doc
[10455] 796800face04676 O /home/capstone/project/test_files/000717.ppt
[10455] 796800face04676 O /home/capstone/project/test_files/000854.pdf
[10455] 796800face04676 O /home/capstone/project/test_files/000226.txt
[10455] 796800face04676 O /home/capstone/project/test_files/000759.doc
[10455] 796800face04676 O /home/capstone/project/test_files/000213.html
[10455] 796800face04676 O /home/capstone/project/test_files/000184.html
[10455] 796800face04676 O /home/capstone/project/test_files/000384.xls
[10455] 796800face04676 O /home/capstone/project/test_files/000424.html
[10455] 796800face04676 O /home/capstone/project/test_files/000393.xls
[10455] 796800face04676 O /home/capstone/project/test_files/000511.gif
[10455] 796800face04676 O /home/capstone/project/test_files/000352.pdf
[10455] 796800face04676 O /home/capstone/project/test_files/000314.pdf
[10455] 796800face04676 O /home/capstone/project/test_files/000949.doc
[10455] 796800face04676 O /home/capstone/project/test_files/000104.txt
[10455] 796800face04676 O /home/capstone/project/test_files/000877.html
[10455] 796800face04676 O /home/capstone/project/test_files/000902.jpg
[10455] 796800face04676 O /home/capstone/project/test_files/000455.html
[10455] 796800face04676 O /home/capstone/project/test_files/000419.jpg
[10455] 796800face04676 O /home/capstone/project/test_files/000796.doc
[10455] 796800face04676 O /home/capstone/project/test_files/000934.txt
[10455] 796800face04676 O /home/capstone/project/test_files/000222.txt
[10455] 796800face04676 O /home/capstone/project/test_files/000805.html
[10455] 796800face04676 O /home/capstone/project/test_files/000482.ps
[10455] 796800face04676 O /home/capstone/project/test_files/000101.doc
[10455] 796800face04676 O /home/capstone/project/test_files/000666.txt
[10455] 796800face04676 O /home/capstone/project/test_files/000476.jpg
[10455] 796800face04676 O /home/capstone/project/test_files/000580.pdf
[10455] 796800face04676 O /home/capstone/project/test_files/000425.html
[10455] 796800face04676 O /home/capstone/project/test_files/000803.rtf
[10455] 796800face04676 O /home/capstone/project/test_files/000987.ppt
[10455] 796800face04676 O /home/capstone/project/test_files/000076.html
[10455] 796800face04676 O /home/capstone/project/test_files/000940.txt
[10455] 796800face04676 O /home/capstone/project/test_files/000956.pdf
[10455] 796800face04676 O /home/capstone/project/test_files/000542.gif
[10455] 796800face04676 O /home/capstone/project/test_files/000319.ppt
[10455] 796800face04676 O /home/capstone/project/test_files/000608.html
[10455] 796800face04676 O /home/capstone/project/test_files/000457.html
[10455] 796800face04676 O /home/capstone/project/test_files/000933.txt
[10455] 796800face04676 O /home/capstone/project/test_files/000139.doc
[10455] 796800face04676 O /home/capstone/project/test_files/000118.doc
[10455] 796800face04676 O /home/capstone/project/test_files/000096.txt
[10455] 796800face04676 O /home/capstone/project/test_files/000289.ppt
[10455] 796800face04676 O /home/capstone/project/test_files/000851.txt
[10455] 796800face04676 O /home/capstone/project/test_files/000721.csv
[10455] 796800face04676 O /home/capstone/project/test_files/000628.pdf
[10455] 796800face04676 O /home/capstone/project/test_files/000516.jpg
[10455] 796800face04676 O /home/capstone/project/test_files/000994.ppt
[10455] 796800face04676 O /home/capstone/project/test_files/000703.xml
[10455] 796800face04676 O /home/capstone/project/test_files/000409.html
[10455] 796800face04676 O /home/capstone/project/test_files/000477.txt
[10455] 796800face04676 O /home/capstone/project/test_files/000984.ppt
[10455] 796800face04676 O /home/capstone/project/test_files/000557.ppt
[10455] 796800face04676 O /home/capstone/project/test_files/000687.doc
[10455] 796800face04676 O /home/capstone/project/test_files/000305.ppt
[10455] 796800face04676 O /home/capstone/project/test_files/000625.txt
[10455] 796800face04676 O /home/capstone/project/test_files/000117.rtf
[10455] 796800face04676 O /home/capstone/project/test_files/000609.html
[10455] 796800face04676 O /home/capstone/project/test_files/000833.txt
[10455] 796800face04676 O /home/capstone/project/test_files/000318.ppt
[10455] 796800face04676 O /home/capstone/project/test_files/000584.pdf
[10455] 796800face04676 O /home/capstone/project/test_files/000193.html
[10455] 796800face04676 O /home/capstone/project/test_files/000059.html
[10455] 796800face04676 O /home/capstone/project/test_files/000863.txt
[10455] 796800face04676 O /home/capstone/project/test_files/000756.csv
[10455] 796800face04676 O /home/capstone/project/test_files/000241.gif
[10455] 796800face04676 O /home/capstone/project/test_files/000848.txt
[10455] 796800face04676 O /home/capstone/project/test_files/000428.html
[10455] 796800face04676 O /home/capstone/project/test_files/000365.pdf
[10455] 796800face04676 O /home/capstone/project/test_files/000583.pdf
[10455] 796800face04676 O /home/capstone/project/test_files/000875.html
[10455] 796800face04676 O /home/capstone/project/test_files/000642.txt
[10455] 796800face04676 O /home/capstone/project/test_files/000212.html
[10455] 796800face04676 O /home/capstone/project/test_files/000216.html
[10455] 796800face04676 O /home/capstone/project/test_files/000710.ppt
[10455] 796800face04676 O /home/capstone/project/test_files/000529.gif
[10455] 796800face04676 O /home/capstone/project/test_files/000901.pdf
[10455] 796800face04676 O /home/capstone/project/test_files/000488.unk
[10455] 796800face04676 O /home/capstone/project/test_files/000206.html
[10455] 796800face04676 O /home/capstone/project/test_files/000701.doc
[10455] 796800face04676 O /home/capstone/project/test_files/000449.html
[10455] 796800face04676 O /home/capstone/project/test_files/000743.log
[10455] 796800face04676 O /home/capstone/project/test_files/000969.jpg
[10455] 796800face04676 O /home/capstone/project/test_files/000332.pdf
[10455] 796800face04676 O /home/capstone/project/test_files/000334.pdf
[10455] 796800face04676 O /home/capstone/project/test_files/000069.html
[10455] 796800face04676 O /home/capstone/project/test_files/000433.html
[10455] 796800face04676 O /home/capstone/project/test_files/000353.pdf
[10455] 796800face04676 O /home/capstone/project/test_files/000034.xls
[10455] 796800face04676 O /home/capstone/project/test_files/000617.html
[10455] 796800face04676 O /home/capstone/project/test_files/000460.txt
[10455] 796800face04676 O /home/capstone/project/test_files/000071.html
[10455] 796800face04676 O /home/capstone/project/test_files/000165.ppt
[10455] 796800face04676 O /home/capstone/project/test_files/000186.html
[10455] 796800face04676 O /home/capstone/project/test_files/000629.pdf
[10455] 796800face04676 O /home/capstone/project/test_files/000132.doc
[10455] 796800face04676 O /home/capstone/project/test_files/000754.gz
[10455] 796800face04676 O /home/capstone/project/test_files/000007.doc
[10455] 796800face04676 O /home/capstone/project/test_files/000122.doc
[10455] 796800face04676 O /home/capstone/project/test_files/000771.doc
[10455] 796800face04676 O /home/capstone/project/test_files/000223.f
[10455] 796800face04676 O /home/capstone/project/test_files/000442.html
[10455] 796800face04676 O /home/capstone/project/test_files/000224.txt
[10455] 796800face04676 O /home/capstone/project/test_files/000269.pdf
[10455] 796800face04676 O /home/capstone/project/test_files/000981.doc
[10455] 796800face04676 O /home/capstone/project/test_files/000995.ppt
[10455] 796800face04676 O /home/capstone/project/test_files/000699.log
[10455] 796800face04676 O /home/capstone/project/test_files/000410.html
[10455] 796800face04676 O /home/capstone/project/test_files/000714.ppt
[10455] 796800face04676 O /home/capstone/project/test_files/000735.html
[10455] 796800face04676 O /home/capstone/project/test_files/000707.doc
[10455] 796800face04676 O /home/capstone/project/test_files/000633.xls
[10455] 796800face04676 O /home/capstone/project/test_files/000381.pdf
[10455] 796800face04676 O /home/capstone/project/test_files/000207.html
[10455] 796800face04676 O /home/capstone/project/test_files/000519.gif
[10455] 796800face04676 O /home/capstone/project/test_files/000461.html
[10455] 796800face04676 O /home/capstone/project/test_files/000923.xml
[10455] 796800face04676 O /home/capstone/project/test_files/000489.txt
[10455] 796800face04676 O /home/capstone/project/test_files/000285.doc
[10455] 796800face04676 O /home/capstone/project/test_files/000976.doc
[10455] 796800face04676 O /home/capstone/project/test_files/000865.gz
[10455] 796800face04676 O /home/capstone/project/test_files/000748.pdf
[10455] 796800face04676 O /home/capstone/project/test_files/000809.pdf
[10455] 796800face04676 O /home/capstone/project/test_files/000810.pdf
[10455] 796800face04676 O /home/capstone/project/test_files/000545.gif
[10455] 796800face04676 O /home/capstone/project/test_files/000844.txt
[10455] 796800face04676 O /home/capstone/project/test_files/000431.html
[10455] 796800face04676 O /home/capstone/project/test_files/000866.txt
[10455] 796800face04676 O /home/capstone/project/test_files/000894.html
[10455] 796800face04676 O /home/capstone/project/test_files/000324.pdf
[10455] 796800face04676 O /home/capstone/project/test_files/000697.log
[10455] 796800face04676 O /home/capstone/project/test_files/000082.txt
[10455] 796800face04676 O /home/capstone/project/test_files/000692.html
[10455] 796800face04676 O /home/capstone/project/test_files/000793.html
[10455] 796800face04676 O /home/capstone/project/test_files/000534.gif
[10455] 796800face04676 O /home/capstone/project/test_files/000322.ppt
[10455] 796800face04676 O /home/capstone/project/test_files/000294.ppt
[10455] 796800face04676 O /home/capstone/project/test_files/000494.txt
[10455] 796800face04676 O /home/capstone/project/test_files/000861.txt
[10455] 796800face04676 O /home/capstone/project/test_files/000675.doc
[10455] 796800face04676 O /home/capstone/project/test_files/000110.jpg
[10455] 796800face04676 O /home/capstone/project/test_files/000499.txt
[10455] 796800face04676 O /home/capstone/project/test_files/000773.ps
[10455] 796800face04676 O /home/capstone/project/test_files/000670.txt
[10455] 796800face04676 O /home/capstone/project/test_files/000849.txt
[10455] 796800face04676 O /home/capstone/project/test_files/000496.xml
[10455] 796800face04676 O /home/capstone/project/test_files/000109.jpg
[10455] 796800face04676 O /home/capstone/project/test_files/000153.pdf
[10455] 796800face04676 O /home/capstone/project/test_files/000587.pdf
[10455] 796800face04676 O /home/capstone/project/test_files/000078.html
[10455] 796800face04676 O /home/capstone/project/test_files/000389.dbase3
[10455] 796800face04676 O /home/capstone/project/test_files/000768.ps
[10455] 796800face04676 O /home/capstone/project/test_files/000631.pdf
[10455] 796800face04676 O /home/capstone/project/test_files/000227.txt
[10455] 796800face04676 O /home/capstone/project/test_files/000361.pdf
[10455] 796800face04676 O /home/capstone/project/test_files/000209.html
[10455] 796800face04676 O /home/capstone/project/test_files/000014.html
[10455] 796800face04676 O /home/capstone/project/test_files/000013.pdf
[10455] 796800face04676 O /home/capstone/project/test_files/000040.xls
[10455] 796800face04676 O /home/capstone/project/test_files/000298.ppt
[10455] 796800face04676 O /home/capstone/project/test_files/000354.pdf
[10455] 796800face04676 O /home/capstone/project/test_files/000598.html
[10455] 796800face04676 O /home/capstone/project/test_files/000827.txt
[10455] 796800face04676 O /home/capstone/project/test_files/000382.xls
[10455] 796800face04676 O /home/capstone/project/test_files/000816.pdf
[10455] 796800face04676 O /home/capstone/project/test_files/000055.xls
[10455] 796800face04676 O /home/capstone/project/test_files/000181.ppt
[10455] 796800face04676 O /home/capstone/project/test_files/000738.pdf
[10455] 796800face04676 O /home/capstone/project/test_files/000728.ppt
[10455] 796800face04676 O /home/capstone/project/test_files/000928.txt
[10455] 796800face04676 O /home/capstone/project/test_files/000873.jpg
[10455] 796800face04676 O /home/capstone/project/test_files/000303.ppt
[10455] 796800face04676 O /home/capstone/project/test_files/000782.xls
[10455] 796800face04676 O /home/capstone/project/test_files/000202.html
[10455] 796800face04676 O /home/capstone/project/test_files/000723.ppt
[10455] 796800face04676 O /home/capstone/project/test_files/000783.html
[10455] 796800face04676 O /home/capstone/project/test_files/000015.pdf
[10455] 796800face04676 O /home/capstone/project/test_files/000858.txt
[10455] 796800face04676 O /home/capstone/project/test_files/000311.ppt
[10455] 796800face04676 O /home/capstone/project/test_files/000582.pdf
[10455] 796800face04676 O /home/capstone/project/test_files/000543.gif
[10455] 796800face04676 O /home/capstone/project/test_files/000278.doc
[10455] 796800face04676 O /home/capstone/project/test_files/000814.html
[10455] 796800face04676 O /home/capstone/project/test_files/000527.gif
[10455] 796800face04676 O /home/capstone/project/test_files/000264.doc
[10455] 796800face04676 O /home/capstone/project/test_files/000474.txt
[10455] 796800face04676 O /home/capstone/project/test_files/000694.html
[10455] 796800face04676 O /home/capstone/project/test_files/000540.jpg
[10455] 796800face04676 O /home/capstone/project/test_files/000152.pdf
[10455] 796800face04676 O /home/capstone/project/test_files/000674.pdf
[10455] 796800face04676 O /home/capstone/project/test_files/000291.ppt
[10455] 796800face04676 O /home/capstone/project/test_files/000385.xls
[10455] 796800face04676 O /home/capstone/project/test_files/000315.ppt
[10455] 796800face04676 O /home/capstone/project/test_files/000920.txt
[10455] 796800face04676 O /home/capstone/project/test_files/000299.ppt
[10455] 796800face04676 O /home/capstone/project/test_files/000672.pdf
[10455] 796800face04676 O /home/capstone/project/test_files/000979.doc
[10455] 796800face04676 O /home/capstone/project/test_files/000712.ppt
[10455] 796800face04676 O /home/capstone/project/test_files/000993.ppt
[10455] 796800face04676 O /home/capstone/project/test_files/000744.pdf
[10455] 796800face04676 O /home/capstone/project/test_files/000586.pdf
[10455] 796800face04676 O /home/capstone/project/test_files/000870.jpg
[10455] 796800face04676 O /home/capstone/project/test_files/000904.pdf
[10455] 796800face04676 O /home/capstone/project/test_files/000550.jpg
[10455] 796800face04676 O /home/capstone/project/test_files/000983.ppt
[10455] 796800face04676 O /home/capstone/project/test_files/000665.txt
[10455] 796800face04676 O /home/capstone/project/test_files/000336.pdf
[10455] 796800face04676 O /home/capstone/project/test_files/000376.dbase3
[10455] 796800face04676 O /home/capstone/project/test_files/000954.pdf
[10455] 796800face04676 O /home/capstone/project/test_files/000564.csv
[10455] 796800face04676 O /home/capstone/project/test_files/000830.html
[10455] 796800face04676 O /home/capstone/project/test_files/000831.txt
[10455] 796800face04676 O /home/capstone/project/test_files/000404.jpg
[10455] 796800face04676 O /home/capstone/project/test_files/000210.html
[10455] 796800face04676 O /home/capstone/project/test_files/000624.txt
[10455] 796800face04676 O /home/capstone/project/test_files/000523.png
[10455] 796800face04676 O /home/capstone/project/test_files/000907.html
[10455] 796800face04676 O /home/capstone/project/test_files/000123.html
[10455] 796800face04676 O /home/capstone/project/test_files/000659.txt
[10455] 796800face04676 O /home/capstone/project/test_files/000775.xls
[10455] 796800face04676 O /home/capstone/project/test_files/000776.xls
[10455] 796800face04676 O /home/capstone/project/test_files/000252.pdf
[10455] 796800face04676 O /home/capstone/project/test_files/000194.html
[10455] 796800face04676 O /home/capstone/project/test_files/000684.jpg
[10455] 796800face04676 O /home/capstone/project/test_files/000630.pdf
[10455] 796800face04676 O /home/capstone/project/test_files/000462.txt
[10455] 796800face04676 O /home/capstone/project/test_files/000351.pdf
[10455] 796800face04676 O /home/capstone/project/test_files/000826.pdf
[10455] 796800face04676 O /home/capstone/project/test_files/000201.html
[10455] 796800face04676 O /home/capstone/project/test_files/000604.html
[10455] 796800face04676 O /home/capstone/project/test_files/000168.pdf
[10455] 796800face04676 O /home/capstone/project/test_files/000270.pdf
[10455] 796800face04676 O /home/capstone/project/test_files/000028.pdf
[10455] 796800face04676 O /home/capstone/project/test_files/000417.jpg
[10455] 796800face04676 O /home/capstone/project/test_files/000149.pdf
[10455] 796800face04676 O /home/capstone/project/test_files/000401.xls
[10455] 796800face04676 O /home/capstone/project/test_files/000764.csv
[10455] 796800face04676 O /home/capstone/project/test_files/000464.txt
[10455] 796800face04676 O /home/capstone/project/test_files/000770.pdf
[10455] 796800face04676 O /home/capstone/project/test_files/000396.xls
[10455] 796800face04676 O /home/capstone/project/test_files/000502.txt
[10455] 796800face04676 O /home/capstone/project/test_files/000688.gif
[10455] 796800face04676 O /home/capstone/project/test_files/000635.html
[10455] 796800face04676 O /home/capstone/project/test_files/000774.ps
[10455] 796800face04676 O /home/capstone/project/test_files/000946.doc
[10455] 796800face04676 O /home/capstone/project/test_files/000077.html
[10455] 796800face04676 O /home/capstone/project/test_files/000120.doc
[10455] 796800face04676 O /home/capstone/project/test_files/000438.html
[10455] 796800face04676 O /home/capstone/project/test_files/000471.txt
[10455] 796800face04676 O /home/capstone/project/test_files/000323.ppt
[10455] 796800face04676 O /home/capstone/project/test_files/000001.doc
[10455] 796800face04676 O /home/capstone/project/test_files/000312.ppt
[10455] 796800face04676 O /home/capstone/project/test_files/000340.pdf
[10455] 796800face04676 O /home/capstone/project/test_files/000932.txt
[10455] 796800face04676 O /home/capstone/project/test_files/000196.pdf
[10455] 796800face04676 O /home/capstone/project/test_files/000790.doc
[10455] 796800face04676 O /home/capstone/project/test_files/000262.pdf
[10455] 796800face04676 O /home/capstone/project/test_files/000537.gif
[10455] 796800face04676 O /home/capstone/project/test_files/000719.ppt
[10455] 796800face04676 O /home/capstone/project/test_files/000257.rtf
[10455] 796800face04676 O /home/capstone/project/test_files/000147.pdf
[10455] 796800face04676 O /home/capstone/project/test_files/000836.txt
[10455] 796800face04676 O /home/capstone/project/test_files/000154.doc
[10455] 796800face04676 O /home/capstone/project/test_files/000484.txt
[10455] 796800face04676 O /home/capstone/project/test_files/000054.xls
[10455] 796800face04676 O /home/capstone/project/test_files/000739.pdf
[10455] 796800face04676 O /home/capstone/project/test_files/000281.doc
[10455] 796800face04676 O /home/capstone/project/test_files/000107.jpg
[10455] 796800face04676 O /home/capstone/project/test_files/000988.ppt
[10455] 796800face04676 O /home/capstone/project/test_files/000067.xml
[10455] 796800face04676 O /home/capstone/project/test_files/000126.doc
[10455] 796800face04676 O /home/capstone/project/test_files/000985.ppt
[10455] 796800face04676 O /home/capstone/project/test_files/000636.html
[10455] 796800face04676 O /home/capstone/project/test_files/000333.pdf
[10455] 796800face04676 O /home/capstone/project/test_files/000220.txt
[10455] 796800face04676 O /home/capstone/project/test_files/000867.jpg
[10455] 796800face04676 O /home/capstone/project/test_files/000619.txt
[10455] 796800face04676 O /home/capstone/project/test_files/000229.txt
[10455] 796800face04676 O /home/capstone/project/test_files/000678.doc
[10455] 796800face04676 O /home/capstone/project/test_files/000605.pdf
[10455] 796800face04676 O /home/capstone/project/test_files/000205.html
[10455] 796800face04676 O /home/capstone/project/test_files/000898.html
[10455] 796800face04676 O /home/capstone/project/test_files/000284.txt
[10455] 796800face04676 O /home/capstone/project/test_files/000328.ppt
[10455] 796800face04676 O /home/capstone/project/test_files/000016.pdf
[10455] 796800face04676 O /home/capstone/project/test_files/000297.ppt
[10455] 796800face04676 O /home/capstone/project/test_files/000801.doc
[10455] 796800face04676 O /home/capstone/project/test_files/000501.txt
[10455] 796800face04676 O /home/capstone/project/test_files/000282.pdf
[10455] 796800face04676 O /home/capstone/project/test_files/000570.pdf
[10455] 796800face04676 O /home/capstone/project/test_files/000593.pdf
[10455] 796800face04676 O /home/capstone/project/test_files/000112.wp
[10455] 796800face04676 O /home/capstone/project/test_files/000553.html
[10455] 796800face04676 O /home/capstone/project/test_files/000973.doc
[10455] 796800face04676 O /home/capstone/project/test_files/000148.doc
[10455] 796800face04676 O /home/capstone/project/test_files/000240.jpg
[10455] 796800face04676 O /home/capstone/project/test_files/000158.doc
[10455] 796800face04676 O /home/capstone/project/test_files/000575.csv
[10455] 796800face04676 O /home/capstone/project/test_files/000330.ppt
[10455] 796800face04676 O /home/capstone/project/test_files/000734.ps
[10455] 796800face04676 O /home/capstone/project/test_files/000350.pdf
[10455] 796800face04676 O /home/capstone/project/test_files/000075.html
[10455] 796800face04676 O /home/capstone/project/test_files/000405.xls
[10455] 796800face04676 O /home/capstone/project/test_files/000864.txt
[10455] 796800face04676 O /home/capstone/project/test_files/000486.txt
[10455] 796800face04676 O /home/capstone/project/test_files/000731.ps
[10455] 796800face04676 O /home/capstone/project/test_files/000622.txt
[10455] 796800face04676 O /home/capstone/project/test_files/000250.doc
[10455] 796800face04676 O /home/capstone/project/test_files/000791.html
[10455] 796800face04676 O /home/capstone/project/test_files/000997.ppt
[10455] 796800face04676 O /home/capstone/project/test_files/000682.jpg
[10455] 796800face04676 O /home/capstone/project/test_files/000038.xls
[10455] 796800face04676 O /home/capstone/project/test_files/000429.html
[10455] 796800face04676 O /home/capstone/project/test_files/000610.pdf
[10455] 796800face04676 O /home/capstone/project/test_files/000056.html
[10455] 796800face04676 O /home/capstone/project/test_files/000912.jpg
[10455] 796800face04676 O /home/capstone/project/test_files/000327.ppt
[10455] 796800face04676 O /home/capstone/project/test_files/000279.doc
[10455] 796800face04676 O /home/capstone/project/test_files/000965.doc
[10455] 796800face04676 O /home/capstone/project/test_files/000394.xls
[10455] 796800face04676 O /home/capstone/project/test_files/000706.doc
[10455] 796800face04676 O /home/capstone/project/test_files/000948.doc
[10455] 796800face04676 O /home/capstone/project/test_files/000906.jpg
[10455] 796800face04676 O /home/capstone/project/test_files/000903.jpg
[10455] 796800face04676 O /home/capstone/project/test_files/000024.pdf
[10455] 796800face04676 O /home/capstone/project/test_files/000971.doc
[10455] 796800face04676 O /home/capstone/project/test_files/000450.html
[10455] 796800face04676 O /home/capstone/project/test_files/000925.txt
[10455] 796800face04676 O /home/capstone/project/test_files/000245.jpg
[10455] 796800face04676 O /home/capstone/project/test_files/000271.doc
[10455] 796800face04676 O /home/capstone/project/test_files/000459.html
[10455] 796800face04676 O /home/capstone/project/test_files/000555.html
[10455] 796800face04676 O /home/capstone/project/test_files/000408.xls
[10455] 796800face04676 O /home/capstone/project/test_files/000136.html
[10455] 796800face04676 O /home/capstone/project/test_files/000757.pdf
[10455] 796800face04676 O /home/capstone/project/test_files/000968.jpg
[10455] 796800face04676 O /home/capstone/project/test_files/000100.doc
[10455] 796800face04676 O /home/capstone/project/test_files/000566.pdf
[10455] 796800face04676 O /home/capstone/project/test_files/000713.ppt
[10455] 796800face04676 O /home/capstone/project/test_files/000571.pdf
[10455] 796800face04676 O /home/capstone/project/test_files/000146.pdf
[10455] 796800face04676 O /home/capstone/project/test_files/000302.ppt
[10455] 796800face04676 O /home/capstone/project/test_files/000235.jpg
[10455] 796800face04676 O /home/capstone/project/test_files/000111.doc
[10455] 796800face04676 C /home/capstone/project/test_files/naixq-readme.txt
[10455] 796800face04676 O /home/capstone/project/test_files/000607.html
[10455] 796800face04676 O /home/capstone/project/test_files/000611.html
[10455] 796800face04676 O /home/capstone/project/test_files/000821.html
[10455] 796800face04676 O /home/capstone/project/test_files/000064.html
[10455] 796800face04676 O /home/capstone/project/test_files/000505.jpg
[10455] 796800face04676 O /home/capstone/project/test_files/000632.pdf
[10455] 796800face04676 O /home/capstone/project/test_files/000128.doc
[10455] 796800face04676 O /home/capstone/project/test_files/000569.pdf
[10455] 796800face04676 O /home/capstone/project/test_files/000639.html
[10455] 796800face04676 O /home/capstone/project/test_files/000500.txt
[10455] 796800face04676 O /home/capstone/project/test_files/000020.pdf
[10455] 796800face04676 O /home/capstone/project/test_files/000041.xls
[10455] 796800face04676 O /home/capstone/project/test_files/000930.txt
[10455] 796800face04676 O /home/capstone/project/test_files/000910.jpg
[10455] 796800face04676 O /home/capstone/project/test_files/000031.xls
[10455] 796800face04676 O /home/capstone/project/test_files/000011.pdf
[10455] 796800face04676 O /home/capstone/project/test_files/000344.pdf
[10455] 796800face04676 O /home/capstone/project/test_files/000785.html
[10455] 796800face04676 O /home/capstone/project/test_files/000008.ppt
[10455] 796800face04676 O /home/capstone/project/test_files/000230.txt
[10455] 796800face04676 O /home/capstone/project/test_files/000448.html
[10455] 796800face04676 O /home/capstone/project/test_files/000183.html
[10455] 796800face04676 O /home/capstone/project/test_files/000798.html
[10455] 796800face04676 O /home/capstone/project/test_files/000157.pdf
[10455] 796800face04676 O /home/capstone/project/test_files/000006.doc
[10455] 796800face04676 O /home/capstone/project/test_files/000037.xls
[10455] 796800face04676 O /home/capstone/project/test_files/000515.jpg
[10455] 796800face04676 O /home/capstone/project/test_files/000211.html
[10455] 796800face04676 O /home/capstone/project/test_files/000116.doc
[10455] 796800face04676 O /home/capstone/project/test_files/000048.xls
[10455] 796800face04676 O /home/capstone/project/test_files/000606.pdf
[10455] 796800face04676 O /home/capstone/project/test_files/000896.jpg
[10455] 796800face04676 O /home/capstone/project/test_files/000847.txt
[10455] 796800face04676 O /home/capstone/project/test_files/000846.txt
[10455] 796800face04676 O /home/capstone/project/test_files/000151.doc
[10455] 796800face04676 O /home/capstone/project/test_files/000497.xml
[10455] 796800face04676 O /home/capstone/project/test_files/000086.txt
[10455] 796800face04676 O /home/capstone/project/test_files/000187.pdf
[10455] 796800face04676 O /home/capstone/project/test_files/000466.unk
[10455] 796800face04676 O /home/capstone/project/test_files/000143.pdf
[10455] 796800face04676 O /home/capstone/project/test_files/000081.txt
[10455] 796800face04676 O /home/capstone/project/test_files/000884.jpg
[10455] 796800face04676 O /home/capstone/project/test_files/000963.doc
[10455] 796800face04676 O /home/capstone/project/test_files/000647.txt
[10455] 796800face04676 O /home/capstone/project/test_files/000274.doc
[10455] 796800face04676 O /home/capstone/project/test_files/000347.pdf
[10455] 796800face04676 O /home/capstone/project/test_files/000761.pdf
[10455] 796800face04676 O /home/capstone/project/test_files/000772.ps
[10455] 796800face04676 O /home/capstone/project/test_files/000503.txt
[10455] 796800face04676 O /home/capstone/project/test_files/000145.pdf
[10455] 796800face04676 O /home/capstone/project/test_files/000614.jpg
[10455] 796800face04676 O /home/capstone/project/test_files/000868.jpg
[10455] 796800face04676 O /home/capstone/project/test_files/000562.pdf
[10455] 796800face04676 O /home/capstone/project/test_files/000921.txt
[10455] 796800face04676 O /home/capstone/project/test_files/000591.pdf
[8185] pool-org.gnome. O /home/capstone/project/malware/blackcat
[8185] pool-org.gnome. O /home/capstone/project/malware/blackcat
[8185] pool-org.gnome. O /home/capstone/project/malware/blackcat/.hidden
[8185] pool-org.gnome. O /home/capstone/project/malware/blackcat/3a08e3bfec2db5dbece359ac9662e65361a8625a0122e68b56cd5ef3aedf8ce1.elf
[8185] pool-org.gnome. O /home/capstone/project/malware/blackcat/40da7968b86654b9af30178540a4cacaf1c61476c4fcb95e438697bb5e47854f.elf
[8185] pool-org.gnome. O /home/capstone/project/malware/blackcat/45b8678f74d29c87e2d06410245ab6c2762b76190594cafc9543fb9db90f3d4f.elf
[8185] pool-org.gnome. O /home/capstone/project/malware/blackcat/133e003cc510e3d2d0c7df70a603448605641256c88ce64a3bcabb762295d622.elf
[8185] pool-org.gnome. O /home/capstone/project/malware/blackcat/5121f08cf8614a65d7a86c2f462c0694c132e2877a7f54ab7fcefd7ee5235a42.elf
[8185] pool-org.gnome. O /home/capstone/project/malware/blackcat/69417ec104c1dd07e5067110d6e7f3c643c534d14db65a704bc0c14c223c3001.elf
[8185] pool-org.gnome. O /home/capstone/project/malware/blackcat/c0e70e69d8f7432383fa37528cd42db764b73dd08eb75d72229c2a0d02e538cc.elf
[8185] pool-org.gnome. O /home/capstone/project/malware/blackcat/f8c08d00ff6e8c6adb1a93cd133b19302d0b651afd73ccb54e3b6ac6c60d99c6.elf
[2455] gnome-shell O /home/capstone/.icons/Yaru/cursors/default
[2455] gnome-shell O /home/capstone/.icons/Yaru/index.theme
[8185] pool-org.gnome. O /home/capstone/project/malware
[8185] pool-org.gnome. O /home/capstone/project/malware
[8185] pool-org.gnome. O /home/capstone/project/malware/.hidden
[2455] gnome-shell O /home/capstone/.icons/Yaru/cursors/default
[2455] gnome-shell O /home/capstone/.icons/Yaru/index.theme
[2254] dbus-daemon O /home/capstone/.local/share/dbus-1/services
[2254] dbus-daemon O /home/capstone/.local/share/dbus-1/services
[2455] gnome-shell O /home/capstone/.icons/Yaru/cursors/default
[2455] gnome-shell O /home/capstone/.icons/Yaru/index.theme
[8185] pool-org.gnome. O /home/capstone/project/malware/REvil
[8185] pool-org.gnome. O /home/capstone/project/malware/REvil
[8185] pool-org.gnome. O /home/capstone/project/malware/REvil/.hidden
[8185] pool-org.gnome. O /home/capstone/project/malware/REvil/3d375d0ead2b63168de86ca2649360d9dcff75b3e0ffa2cf1e50816ec92b3b7d.elf
[8185] pool-org.gnome. O /home/capstone/project/malware/REvil/796800face046765bd79f267c56a6c93ee2800b76d7f38ad96e5acb92599fcd4.elf
[8185] pool-org.gnome. O /home/capstone/project/malware/REvil/a322b230a3451fd11dcfe72af4da1df07183d6aaf1ab9e062f0e6b14cf6d23cd.elf
[8185] pool-org.gnome. O /home/capstone/project/malware/REvil/d6762eff16452434ac1acc127f082906cc1ae5b0ff026d0d4fe725711db47763.elf
[8185] pool-org.gnome. O /home/capstone/project/malware/REvil/ea1872b2835128e3cb49a0bc27e4727ca33c4e6eba1e80422db19b505f965bc4.elf
[8185] pool-org.gnome. O /home/capstone/project/malware/REvil/f864922f947a6bb7d894245b53795b54b9378c0f7633c521240488e86f60c2c5.elf
[2455] gnome-shell O /home/capstone/.icons/Yaru/cursors/default
[2455] gnome-shell O /home/capstone/.icons/Yaru/index.theme
[2455] gnome-shell O /home/capstone/.icons/Yaru/cursors/default
[2455] gnome-shell O /home/capstone/.icons/Yaru/index.theme
[8185] pool-org.gnome. O /home/capstone/project
[8185] pool-org.gnome. O /home/capstone/project
[8185] pool-org.gnome. O /home/capstone/project/.hidden
[8185] pool-org.gnome. O /home/capstone/project/log_sender.py
[8185] pool-org.gnome. O /home/capstone/project/trace.bt
[8185] pool-org.gnome. O /home/capstone/project/script.py
[8185] pool-org.gnome. O /home/capstone/project/simulate_ransomware.py
[8185] pool-org.gnome. O /home/capstone/project/bpf.py
[8185] pool-org.gnome. O /home/capstone/project/venv
[8185] pool-org.gnome. O /home/capstone/project/venv/.hidden
[2455] gnome-shell O /home/capstone/.icons/Yaru/cursors/default
[2455] gnome-shell O /home/capstone/.icons/Yaru/index.theme
[2254] dbus-daemon O /home/capstone/.local/share/dbus-1/services
[2254] dbus-daemon O /home/capstone/.local/share/dbus-1/services
[2455] gnome-shell O /home/capstone/.icons/Yaru/cursors/default
[2455] gnome-shell O /home/capstone/.icons/Yaru/index.theme
[8185] pool-org.gnome. O /home/capstone/project/test_files
[8185] pool-org.gnome. O /home/capstone/project/test_files
[8185] pool-org.gnome. O /home/capstone/project/test_files/.hidden
[8185] pool-org.gnome. O /home/capstone/project/test_files/000000.swf.naixq
[8185] pool-org.gnome. O /home/capstone/project/test_files/000001.doc.naixq
[8185] pool-org.gnome. O /home/capstone/project/test_files/000002.doc.naixq
[8185] pool-org.gnome. O /home/capstone/project/test_files/000003.doc.naixq
[8185] pool-org.gnome. O /home/capstone/project/test_files/000004.doc.naixq
[8185] pool-org.gnome. O /home/capstone/project/test_files/000005.doc.naixq
[8185] pool-org.gnome. O /home/capstone/project/test_files/000006.doc.naixq
[8185] pool-org.gnome. O /home/capstone/project/test_files/000007.doc.naixq
[8185] pool-org.gnome. O /home/capstone/project/test_files/000008.ppt.naixq
[8185] pool-org.gnome. O /home/capstone/project/test_files/000009.pdf.naixq
[8185] pool-org.gnome. O /home/capstone/project/test_files/000010.pdf.naixq
[8185] pool-org.gnome. O /home/capstone/project/test_files/000011.pdf.naixq
[8185] pool-org.gnome. O /home/capstone/project/test_files/000012.pdf.naixq
[8185] pool-org.gnome. O /home/capstone/project/test_files/000013.pdf.naixq
[8185] pool-org.gnome. O /home/capstone/project/test_files/000014.html.naixq
[2455] gnome-shell O /home/capstone/.icons/Yaru/cursors/default
[2455] gnome-shell O /home/capstone/.icons/Yaru/index.theme
[8185] pool-org.gnome. O /home/capstone/project/test_files/000015.pdf.naixq
[8185] pool-org.gnome. O /home/capstone/project/test_files/000016.pdf.naixq
[8185] pool-org.gnome. O /home/capstone/project/test_files/000017.swf.naixq
[8185] pool-org.gnome. O /home/capstone/project/test_files/000018.pdf.naixq
[8185] pool-org.gnome. O /home/capstone/project/test_files/000019.pdf.naixq
[8185] pool-org.gnome. O /home/capstone/project/test_files/000020.pdf.naixq
[8185] pool-org.gnome. O /home/capstone/project/test_files/000021.pdf.naixq
[8185] pool-org.gnome. O /home/capstone/project/test_files/000022.pdf.naixq
[8185] pool-org.gnome. O /home/capstone/project/test_files/000024.pdf.naixq
[8185] pool-org.gnome. O /home/capstone/project/test_files/000025.pdf.naixq
[8185] pool-org.gnome. O /home/capstone/project/test_files/000026.pdf.naixq
[8185] pool-org.gnome. O /home/capstone/project/test_files/000027.csv.naixq
[8185] pool-org.gnome. O /home/capstone/project/test_files/000028.pdf.naixq
[8185] pool-org.gnome. O /home/capstone/project/test_files/000029.pdf.naixq
[8185] pool-org.gnome. O /home/capstone/project/test_files/000030.xls.naixq
[8185] pool-org.gnome. O /home/capstone/project/test_files/000031.xls.naixq
[8185] pool-org.gnome. O /home/capstone/project/test_files/000032.xls.naixq
[8185] pool-org.gnome. O /home/capstone/project/test_files/000033.xls.naixq
[8185] pool-org.gnome. O /home/capstone/project/test_files/000034.xls.naixq
[8185] pool-org.gnome. O /home/capstone/project/test_files/000035.xls.naixq
[8185] pool-org.gnome. O /home/capstone/project/test_files/000036.xls.naixq
[8185] pool-org.gnome. O /home/capstone/project/test_files/000037.xls.naixq
[8185] pool-org.gnome. O /home/capstone/project/test_files/000038.xls.naixq
[8185] pool-org.gnome. O /home/capstone/project/test_files/000039.xml.naixq
[8185] pool-org.gnome. O /home/capstone/project/test_files/000040.xls.naixq
[8185] pool-org.gnome. O /home/capstone/project/test_files/000041.xls.naixq
[8185] pool-org.gnome. O /home/capstone/project/test_files/000042.xls.naixq
[8185] pool-org.gnome. O /home/capstone/project/test_files/000043.xls.naixq
[8185] pool-org.gnome. O /home/capstone/project/test_files/000044.xls.naixq
[8185] pool-org.gnome. O /home/capstone/project/test_files/000045.xls.naixq
[8185] pool-org.gnome. O /home/capstone/project/test_files/000046.xls.naixq
[8185] pool-org.gnome. O /home/capstone/project/test_files/000047.xls.naixq
[8185] pool-org.gnome. O /home/capstone/project/test_files/000048.xls.naixq
[8185] pool-org.gnome. O /home/capstone/project/test_files/000049.xls.naixq
[8185] pool-org.gnome. O /home/capstone/project/test_files/000050.xls.naixq
[8185] pool-org.gnome. O /home/capstone/project/test_files/000051.xls.naixq
[8185] pool-org.gnome. O /home/capstone/project/test_files/000052.xls.naixq
[8185] pool-org.gnome. O /home/capstone/project/test_files/000053.xls.naixq
[8185] pool-org.gnome. O /home/capstone/project/test_files/000054.xls.naixq
[8185] pool-org.gnome. O /home/capstone/project/test_files/000055.xls.naixq
[8185] pool-org.gnome. O /home/capstone/project/test_files/000056.html.naixq
[8185] pool-org.gnome. O /home/capstone/project/test_files/000057.html.naixq
[8185] pool-org.gnome. O /home/capstone/project/test_files/000058.html.naixq
[8185] pool-org.gnome. O /home/capstone/project/test_files/000059.html.naixq
[8185] pool-org.gnome. O /home/capstone/project/test_files/000060.html.naixq
[8185] pool-org.gnome. O /home/capstone/project/test_files/000061.html.naixq
[8185] pool-org.gnome. O /home/capstone/project/test_files/000062.html.naixq
[8185] pool-org.gnome. O /home/capstone/project/test_files/000063.html.naixq
[8185] pool-org.gnome. O /home/capstone/project/test_files/000064.html.naixq
[8185] pool-org.gnome. O /home/capstone/project/test_files/000065.html.naixq
[8185] pool-org.gnome. O /home/capstone/project/test_files/000066.html.naixq
[8185] pool-org.gnome. O /home/capstone/project/test_files/000067.xml.naixq
[8185] pool-org.gnome. O /home/capstone/project/test_files/000068.html.naixq
[8185] pool-org.gnome. O /home/capstone/project/test_files/000069.html.naixq
[8185] pool-org.gnome. O /home/capstone/project/test_files/000070.html.naixq
[8185] pool-org.gnome. O /home/capstone/project/test_files/000071.html.naixq
[8185] pool-org.gnome. O /home/capstone/project/test_files/000072.html.naixq
[8185] pool-org.gnome. O /home/capstone/project/test_files/000073.html.naixq
[8185] pool-org.gnome. O /home/capstone/project/test_files/000074.html.naixq
[8185] pool-org.gnome. O /home/capstone/project/test_files/000075.html.naixq
[8185] pool-org.gnome. O /home/capstone/project/test_files/000076.html.naixq
[8185] pool-org.gnome. O /home/capstone/project/test_files/000077.html.naixq
[8185] pool-org.gnome. O /home/capstone/project/test_files/000078.html.naixq
[8185] pool-org.gnome. O /home/capstone/project/test_files/000079.html.naixq
[8185] pool-org.gnome. O /home/capstone/project/test_files/000080.html.naixq
[8185] pool-org.gnome. O /home/capstone/project/test_files/000081.txt.naixq
[8185] pool-org.gnome. O /home/capstone/project/test_files/000082.txt.naixq
[8185] pool-org.gnome. O /home/capstone/project/test_files/000083.unk.naixq
[8185] pool-org.gnome. O /home/capstone/project/test_files/000084.txt.naixq
[8185] pool-org.gnome. O /home/capstone/project/test_files/000085.txt.naixq
[8185] pool-org.gnome. O /home/capstone/project/test_files/000086.txt.naixq
[8185] pool-org.gnome. O /home/capstone/project/test_files/000087.txt.naixq
[8185] pool-org.gnome. O /home/capstone/project/test_files/000088.txt.naixq
[8185] pool-org.gnome. O /home/capstone/project/test_files/000089.txt.naixq
[8185] pool-org.gnome. O /home/capstone/project/test_files/000090.txt.naixq
[8185] pool-org.gnome. O /home/capstone/project/test_files/000092.txt.naixq
[8185] pool-org.gnome. O /home/capstone/project/test_files/000093.txt.naixq
[8185] pool-org.gnome. O /home/capstone/project/test_files/000094.txt.naixq
[8185] pool-org.gnome. O /home/capstone/project/test_files/000095.txt.naixq
[8185] pool-org.gnome. O /home/capstone/project/test_files/000096.txt.naixq
[8185] pool-org.gnome. O /home/capstone/project/test_files/000097.ps.naixq
[8185] pool-org.gnome. O /home/capstone/project/test_files/000098.txt.naixq
[8185] pool-org.gnome. O /home/capstone/project/test_files/000099.ps.naixq
[8185] pool-org.gnome. O /home/capstone/project/test_files/000100.doc.naixq
[8185] pool-org.gnome. O /home/capstone/project/test_files/000101.doc.naixq
[8185] pool-org.gnome. O /home/capstone/project/test_files/000102.txt.naixq
[8185] pool-org.gnome. O /home/capstone/project/test_files/000103.txt.naixq
[8185] pool-org.gnome. O /home/capstone/project/test_files/000104.txt.naixq
[8185] pool-org.gnome. O /home/capstone/project/test_files/000105.txt.naixq
[8185] pool-org.gnome. O /home/capstone/project/test_files/000106.txt.naixq
[8185] pool-org.gnome. O /home/capstone/project/test_files/000107.jpg.naixq
[8185] pool-org.gnome. O /home/capstone/project/test_files/000108.jpg.naixq
[8185] pool-org.gnome. O /home/capstone/project/test_files/000109.jpg.naixq
[8185] pool-org.gnome. O /home/capstone/project/test_files/000110.jpg.naixq
[8185] pool-org.gnome. O /home/capstone/project/test_files/000111.doc.naixq
[8185] pool-org.gnome. O /home/capstone/project/test_files/000112.wp.naixq
[8185] pool-org.gnome. O /home/capstone/project/test_files/000113.doc.naixq
[8185] pool-org.gnome. O /home/capstone/project/test_files/000114.doc.naixq
[8185] pool-org.gnome. O /home/capstone/project/test_files/000115.wp.naixq
[8185] pool-org.gnome. O /home/capstone/project/test_files/000116.doc.naixq
[8185] pool-org.gnome. O /home/capstone/project/test_files/000117.rtf.naixq
[8185] pool-org.gnome. O /home/capstone/project/test_files/000118.doc.naixq
[8185] pool-org.gnome. O /home/capstone/project/test_files/000119.doc.naixq
[8185] pool-org.gnome. O /home/capstone/project/test_files/000120.doc.naixq
[8185] pool-org.gnome. O /home/capstone/project/test_files/000121.doc.naixq
[8185] pool-org.gnome. O /home/capstone/project/test_files/000122.doc.naixq
[8185] pool-org.gnome. O /home/capstone/project/test_files/000123.html.naixq
[8185] pool-org.gnome. O /home/capstone/project/test_files/000124.doc.naixq
[8185] pool-org.gnome. O /home/capstone/project/test_files/000125.doc.naixq
[8185] pool-org.gnome. O /home/capstone/project/test_files/000126.doc.naixq
[8185] pool-org.gnome. O /home/capstone/project/test_files/000127.doc.naixq
[8185] pool-org.gnome. O /home/capstone/project/test_files/000128.doc.naixq
[8185] pool-org.gnome. O /home/capstone/project/test_files/000129.html.naixq
[8185] pool-org.gnome. O /home/capstone/project/test_files/000130.doc.naixq
[8185] pool-org.gnome. O /home/capstone/project/test_files/000131.doc.naixq
[8185] pool-org.gnome. O /home/capstone/project/test_files/000132.doc.naixq
[8185] pool-org.gnome. O /home/capstone/project/test_files/000133.ppt.naixq
[8185] pool-org.gnome. O /home/capstone/project/test_files/000134.ppt.naixq
[8185] pool-org.gnome. O /home/capstone/project/test_files/000135.pdf.naixq
[8185] pool-org.gnome. O /home/capstone/project/test_files/000136.html.naixq
[8185] pool-org.gnome. O /home/capstone/project/test_files/000137.pdf.naixq
[8185] pool-org.gnome. O /home/capstone/project/test_files/000138.html.naixq
[8185] pool-org.gnome. O /home/capstone/project/test_files/000139.doc.naixq
[8185] pool-org.gnome. O /home/capstone/project/test_files/000140.pdf.naixq
[8185] pool-org.gnome. O /home/capstone/project/test_files/000141.pdf.naixq
[8185] pool-org.gnome. O /home/capstone/project/test_files/000142.pdf.naixq
[8185] pool-org.gnome. O /home/capstone/project/test_files/000143.pdf.naixq
[8185] pool-org.gnome. O /home/capstone/project/test_files/000144.doc.naixq
[8185] pool-org.gnome. O /home/capstone/project/test_files/000145.pdf.naixq
[8185] pool-org.gnome. O /home/capstone/project/test_files/000146.pdf.naixq
[8185] pool-org.gnome. O /home/capstone/project/test_files/000147.pdf.naixq
[8185] pool-org.gnome. O /home/capstone/project/test_files/000148.doc.naixq
[8185] pool-org.gnome. O /home/capstone/project/test_files/000149.pdf.naixq
[8185] pool-org.gnome. O /home/capstone/project/test_files/000150.pdf.naixq
[8185] pool-org.gnome. O /home/capstone/project/test_files/000151.doc.naixq
[8185] pool-org.gnome. O /home/capstone/project/test_files/000152.pdf.naixq
[8185] pool-org.gnome. O /home/capstone/project/test_files/000153.pdf.naixq
[8185] pool-org.gnome. O /home/capstone/project/test_files/000154.doc.naixq
[8185] pool-org.gnome. O /home/capstone/project/test_files/000155.pdf.naixq
[8185] pool-org.gnome. O /home/capstone/project/test_files/000156.doc.naixq
[8185] pool-org.gnome. O /home/capstone/project/test_files/000157.pdf.naixq
[8185] pool-org.gnome. O /home/capstone/project/test_files/000158.doc.naixq
[8185] pool-org.gnome. O /home/capstone/project/test_files/000159.pdf.naixq
[8185] pool-org.gnome. O /home/capstone/project/test_files/000160.ppt.naixq
[8185] pool-org.gnome. O /home/capstone/project/test_files/000161.pdf.naixq
[8185] pool-org.gnome. O /home/capstone/project/test_files/000162.pdf.naixq
[8185] pool-org.gnome. O /home/capstone/project/test_files/000163.pdf.naixq
[8185] pool-org.gnome. O /home/capstone/project/test_files/000164.pdf.naixq
[8185] pool-org.gnome. O /home/capstone/project/test_files/000165.ppt.naixq
[8185] pool-org.gnome. O /home/capstone/project/test_files/000166.pdf.naixq
[8185] pool-org.gnome. O /home/capstone/project/test_files/000167.ppt.naixq
[8185] pool-org.gnome. O /home/capstone/project/test_files/000168.pdf.naixq
[8185] pool-org.gnome. O /home/capstone/project/test_files/000169.ppt.naixq
[8185] pool-org.gnome. O /home/capstone/project/test_files/000170.xls.naixq
[8185] pool-org.gnome. O /home/capstone/project/test_files/000171.xls.naixq
[8185] pool-org.gnome. O /home/capstone/project/test_files/000173.html.naixq
[8185] pool-org.gnome. O /home/capstone/project/test_files/000174.ppt.naixq
[8185] pool-org.gnome. O /home/capstone/project/test_files/000175.ppt.naixq
[8185] pool-org.gnome. O /home/capstone/project/test_files/000176.pdf.naixq
[8185] pool-org.gnome. O /home/capstone/project/test_files/000177.pdf.naixq
[8185] pool-org.gnome. O /home/capstone/project/test_files/000178.html.naixq
[8185] pool-org.gnome. O /home/capstone/project/test_files/000179.html.naixq
[8185] pool-org.gnome. O /home/capstone/project/test_files/000180.html.naixq
[8185] pool-org.gnome. O /home/capstone/project/test_files/000181.ppt.naixq
[8185] pool-org.gnome. O /home/capstone/project/test_files/000182.html.naixq
[8185] pool-org.gnome. O /home/capstone/project/test_files/000183.html.naixq
[8185] pool-org.gnome. O /home/capstone/project/test_files/000184.html.naixq
[8185] pool-org.gnome. O /home/capstone/project/test_files/000185.html.naixq
[8185] pool-org.gnome. O /home/capstone/project/test_files/000186.html.naixq
[8185] pool-org.gnome. O /home/capstone/project/test_files/000187.pdf.naixq
[8185] pool-org.gnome. O /home/capstone/project/test_files/000188.html.naixq
[8185] pool-org.gnome. O /home/capstone/project/test_files/000189.pdf.naixq
[8185] pool-org.gnome. O /home/capstone/project/test_files/000190.html.naixq
[8185] pool-org.gnome. O /home/capstone/project/test_files/000191.html.naixq
[8185] pool-org.gnome. O /home/capstone/project/test_files/000192.html.naixq
[8185] pool-org.gnome. O /home/capstone/project/test_files/000193.html.naixq
[8185] pool-org.gnome. O /home/capstone/project/test_files/000194.html.naixq
[8185] pool-org.gnome. O /home/capstone/project/test_files/000195.html.naixq
[8185] pool-org.gnome. O /home/capstone/project/test_files/000196.pdf.naixq
[8185] pool-org.gnome. O /home/capstone/project/test_files/000197.html.naixq
[8185] pool-org.gnome. O /home/capstone/project/test_files/000198.html.naixq
[8185] pool-org.gnome. O /home/capstone/project/test_files/000199.html.naixq
[8185] pool-org.gnome. O /home/capstone/project/test_files/000200.html.naixq
[8185] pool-org.gnome. O /home/capstone/project/test_files/000201.html.naixq
[8185] pool-org.gnome. O /home/capstone/project/test_files/000202.html.naixq
[8185] pool-org.gnome. O /home/capstone/project/test_files/000203.html.naixq
[8185] pool-org.gnome. O /home/capstone/project/test_files/000204.html.naixq
[8185] pool-org.gnome. O /home/capstone/project/test_files/000205.html.naixq
[8185] pool-org.gnome. O /home/capstone/project/test_files/000206.html.naixq
[8185] pool-org.gnome. O /home/capstone/project/test_files/000207.html.naixq
[8185] pool-org.gnome. O /home/capstone/project/test_files/000208.pdf.naixq
[8185] pool-org.gnome. O /home/capstone/project/test_files/000209.html.naixq
[8185] pool-org.gnome. O /home/capstone/project/test_files/000210.html.naixq
[8185] pool-org.gnome. O /home/capstone/project/test_files/000211.html.naixq
[8185] pool-org.gnome. O /home/capstone/project/test_files/000212.html.naixq
[8185] pool-org.gnome. O /home/capstone/project/test_files/000213.html.naixq
[8185] pool-org.gnome. O /home/capstone/project/test_files/000214.html.naixq
[8185] pool-org.gnome. O /home/capstone/project/test_files/000215.html.naixq
[8185] pool-org.gnome. O /home/capstone/project/test_files/000216.html.naixq
[8185] pool-org.gnome. O /home/capstone/project/test_files/000217.html.naixq
[8185] pool-org.gnome. O /home/capstone/project/test_files/000218.txt.naixq
[8185] pool-org.gnome. O /home/capstone/project/test_files/000219.txt.naixq
[8185] pool-org.gnome. O /home/capstone/project/test_files/000220.txt.naixq
[8185] pool-org.gnome. O /home/capstone/project/test_files/000221.txt.naixq
[8185] pool-org.gnome. O /home/capstone/project/test_files/000222.txt.naixq
[8185] pool-org.gnome. O /home/capstone/project/test_files/000223.f.naixq
[8185] pool-org.gnome. O /home/capstone/project/test_files/000224.txt.naixq
[8185] pool-org.gnome. O /home/capstone/project/test_files/000225.f.naixq
[8185] pool-org.gnome. O /home/capstone/project/test_files/000226.txt.naixq
[8185] pool-org.gnome. O /home/capstone/project/test_files/000227.txt.naixq
[8185] pool-org.gnome. O /home/capstone/project/test_files/000228.txt.naixq
[8185] pool-org.gnome. O /home/capstone/project/test_files/000229.txt.naixq
[8185] pool-org.gnome. O /home/capstone/project/test_files/000230.txt.naixq
[8185] pool-org.gnome. O /home/capstone/project/test_files/000231.jpg.naixq
[8185] pool-org.gnome. O /home/capstone/project/test_files/000232.jpg.naixq
[8185] pool-org.gnome. O /home/capstone/project/test_files/000233.gif.naixq
[8185] pool-org.gnome. O /home/capstone/project/test_files/000234.jpg.naixq
[8185] pool-org.gnome. O /home/capstone/project/test_files/000235.jpg.naixq
[8185] pool-org.gnome. O /home/capstone/project/test_files/000236.pdf.naixq
[8185] pool-org.gnome. O /home/capstone/project/test_files/000237.jpg.naixq
[8185] pool-org.gnome. O /home/capstone/project/test_files/000238.jpg.naixq
[8185] pool-org.gnome. O /home/capstone/project/test_files/000239.jpg.naixq
[8185] pool-org.gnome. O /home/capstone/project/test_files/000240.jpg.naixq
[8185] pool-org.gnome. O /home/capstone/project/test_files/000241.gif.naixq
[8185] pool-org.gnome. O /home/capstone/project/test_files/000242.jpg.naixq
[8185] pool-org.gnome. O /home/capstone/project/test_files/000243.jpg.naixq
[8185] pool-org.gnome. O /home/capstone/project/test_files/000244.jpg.naixq
[8185] pool-org.gnome. O /home/capstone/project/test_files/000245.jpg.naixq
[8185] pool-org.gnome. O /home/capstone/project/test_files/000246.jpg.naixq
[8185] pool-org.gnome. O /home/capstone/project/test_files/000247.jpg.naixq
[8185] pool-org.gnome. O /home/capstone/project/test_files/000248.doc.naixq
[8185] pool-org.gnome. O /home/capstone/project/test_files/000249.doc.naixq
[8185] pool-org.gnome. O /home/capstone/project/test_files/000250.doc.naixq
[8185] pool-org.gnome. O /home/capstone/project/test_files/000251.pdf.naixq
[8185] pool-org.gnome. O /home/capstone/project/test_files/000252.pdf.naixq
[8185] pool-org.gnome. O /home/capstone/project/test_files/000253.doc.naixq
[8185] pool-org.gnome. O /home/capstone/project/test_files/000254.doc.naixq
[8185] pool-org.gnome. O /home/capstone/project/test_files/000255.doc.naixq
[8185] pool-org.gnome. O /home/capstone/project/test_files/000256.doc.naixq
[8185] pool-org.gnome. O /home/capstone/project/test_files/000257.rtf.naixq
[8185] pool-org.gnome. O /home/capstone/project/test_files/000258.rtf.naixq
[8185] pool-org.gnome. O /home/capstone/project/test_files/000259.doc.naixq
[8185] pool-org.gnome. O /home/capstone/project/test_files/000260.doc.naixq
[8185] pool-org.gnome. O /home/capstone/project/test_files/000261.doc.naixq
[8185] pool-org.gnome. O /home/capstone/project/test_files/000262.pdf.naixq
[8185] pool-org.gnome. O /home/capstone/project/test_files/000263.pdf.naixq
[8185] pool-org.gnome. O /home/capstone/project/test_files/000264.doc.naixq
[8185] pool-org.gnome. O /home/capstone/project/test_files/000265.doc.naixq
[8185] pool-org.gnome. O /home/capstone/project/test_files/000266.pdf.naixq
[8185] pool-org.gnome. O /home/capstone/project/test_files/000267.doc.naixq
[8185] pool-org.gnome. O /home/capstone/project/test_files/000268.doc.naixq
[8185] pool-org.gnome. O /home/capstone/project/test_files/000269.pdf.naixq
[8185] pool-org.gnome. O /home/capstone/project/test_files/000270.pdf.naixq
[8185] pool-org.gnome. O /home/capstone/project/test_files/000271.doc.naixq
[8185] pool-org.gnome. O /home/capstone/project/test_files/000272.pdf.naixq
[8185] pool-org.gnome. O /home/capstone/project/test_files/000273.doc.naixq
[8185] pool-org.gnome. O /home/capstone/project/test_files/000274.doc.naixq
[8185] pool-org.gnome. O /home/capstone/project/test_files/000275.doc.naixq
[8185] pool-org.gnome. O /home/capstone/project/test_files/000276.doc.naixq
[8185] pool-org.gnome. O /home/capstone/project/test_files/000277.doc.naixq
[8185] pool-org.gnome. O /home/capstone/project/test_files/000278.doc.naixq
[8185] pool-org.gnome. O /home/capstone/project/test_files/000279.doc.naixq
[8185] pool-org.gnome. O /home/capstone/project/test_files/000280.pdf.naixq
[8185] pool-org.gnome. O /home/capstone/project/test_files/000281.doc.naixq
[8185] pool-org.gnome. O /home/capstone/project/test_files/000282.pdf.naixq
[8185] pool-org.gnome. O /home/capstone/project/test_files/000283.doc.naixq
[8185] pool-org.gnome. O /home/capstone/project/test_files/000284.txt.naixq
[8185] pool-org.gnome. O /home/capstone/project/test_files/000285.doc.naixq
[8185] pool-org.gnome. O /home/capstone/project/test_files/000286.doc.naixq
[8185] pool-org.gnome. O /home/capstone/project/test_files/000287.doc.naixq
[8185] pool-org.gnome. O /home/capstone/project/test_files/000288.ppt.naixq
[8185] pool-org.gnome. O /home/capstone/project/test_files/000289.ppt.naixq
[8185] pool-org.gnome. O /home/capstone/project/test_files/000290.ppt.naixq
[8185] pool-org.gnome. O /home/capstone/project/test_files/000291.ppt.naixq
[8185] pool-org.gnome. O /home/capstone/project/test_files/000292.ppt.naixq
[8185] pool-org.gnome. O /home/capstone/project/test_files/000293.ppt.naixq
[8185] pool-org.gnome. O /home/capstone/project/test_files/000294.ppt.naixq
[8185] pool-org.gnome. O /home/capstone/project/test_files/000295.ppt.naixq
[8185] pool-org.gnome. O /home/capstone/project/test_files/000296.ppt.naixq
[8185] pool-org.gnome. O /home/capstone/project/test_files/000297.ppt.naixq
[8185] pool-org.gnome. O /home/capstone/project/test_files/000298.ppt.naixq
[8185] pool-org.gnome. O /home/capstone/project/test_files/000299.ppt.naixq
[8185] pool-org.gnome. O /home/capstone/project/test_files/000300.ppt.naixq
[8185] pool-org.gnome. O /home/capstone/project/test_files/000301.ppt.naixq
[8185] pool-org.gnome. O /home/capstone/project/test_files/000302.ppt.naixq
[8185] pool-org.gnome. O /home/capstone/project/test_files/000303.ppt.naixq
[8185] pool-org.gnome. O /home/capstone/project/test_files/000304.ppt.naixq
[8185] pool-org.gnome. O /home/capstone/project/test_files/000305.ppt.naixq
[8185] pool-org.gnome. O /home/capstone/project/test_files/000306.ppt.naixq
[8185] pool-org.gnome. O /home/capstone/project/test_files/000307.ppt.naixq
[8185] pool-org.gnome. O /home/capstone/project/test_files/000308.ppt.naixq
[8185] pool-org.gnome. O /home/capstone/project/test_files/000309.ppt.naixq
[8185] pool-org.gnome. O /home/capstone/project/test_files/000310.ppt.naixq
[8185] pool-org.gnome. O /home/capstone/project/test_files/000311.ppt.naixq
[8185] pool-org.gnome. O /home/capstone/project/test_files/000312.ppt.naixq
[8185] pool-org.gnome. O /home/capstone/project/test_files/000313.ppt.naixq
[8185] pool-org.gnome. O /home/capstone/project/test_files/000314.pdf.naixq
[8185] pool-org.gnome. O /home/capstone/project/test_files/000315.ppt.naixq
[8185] pool-org.gnome. O /home/capstone/project/test_files/000316.pdf.naixq
[8185] pool-org.gnome. O /home/capstone/project/test_files/000317.ppt.naixq
[8185] pool-org.gnome. O /home/capstone/project/test_files/000318.ppt.naixq
[8185] pool-org.gnome. O /home/capstone/project/test_files/000319.ppt.naixq
[8185] pool-org.gnome. O /home/capstone/project/test_files/000320.ppt.naixq
[8185] pool-org.gnome. O /home/capstone/project/test_files/000321.ppt.naixq
[8185] pool-org.gnome. O /home/capstone/project/test_files/000322.ppt.naixq
[8185] pool-org.gnome. O /home/capstone/project/test_files/000323.ppt.naixq
[8185] pool-org.gnome. O /home/capstone/project/test_files/000324.pdf.naixq
[8185] pool-org.gnome. O /home/capstone/project/test_files/000325.pdf.naixq
[8185] pool-org.gnome. O /home/capstone/project/test_files/000326.ppt.naixq
[8185] pool-org.gnome. O /home/capstone/project/test_files/000327.ppt.naixq
[8185] pool-org.gnome. O /home/capstone/project/test_files/000328.ppt.naixq
[8185] pool-org.gnome. O /home/capstone/project/test_files/000329.ppt.naixq
[8185] pool-org.gnome. O /home/capstone/project/test_files/000330.ppt.naixq
[8185] pool-org.gnome. O /home/capstone/project/test_files/000331.pdf.naixq
[8185] pool-org.gnome. O /home/capstone/project/test_files/000332.pdf.naixq
[8185] pool-org.gnome. O /home/capstone/project/test_files/000333.pdf.naixq
[8185] pool-org.gnome. O /home/capstone/project/test_files/000334.pdf.naixq
[8185] pool-org.gnome. O /home/capstone/project/test_files/000335.xml.naixq
[8185] pool-org.gnome. O /home/capstone/project/test_files/000336.pdf.naixq
[8185] pool-org.gnome. O /home/capstone/project/test_files/000337.pdf.naixq
[8185] pool-org.gnome. O /home/capstone/project/test_files/000338.pdf.naixq
[8185] pool-org.gnome. O /home/capstone/project/test_files/000339.pdf.naixq
[8185] pool-org.gnome. O /home/capstone/project/test_files/000340.pdf.naixq
[8185] pool-org.gnome. O /home/capstone/project/test_files/000341.pdf.naixq
[8185] pool-org.gnome. O /home/capstone/project/test_files/000342.pdf.naixq
[8185] pool-org.gnome. O /home/capstone/project/test_files/000343.pdf.naixq
[8185] pool-org.gnome. O /home/capstone/project/test_files/000344.pdf.naixq
[8185] pool-org.gnome. O /home/capstone/project/test_files/000345.pdf.naixq
[8185] pool-org.gnome. O /home/capstone/project/test_files/000346.pdf.naixq
[8185] pool-org.gnome. O /home/capstone/project/test_files/000347.pdf.naixq
[8185] pool-org.gnome. O /home/capstone/project/test_files/000348.pdf.naixq
[8185] pool-org.gnome. O /home/capstone/project/test_files/000349.pdf.naixq
[8185] pool-org.gnome. O /home/capstone/project/test_files/000350.pdf.naixq
[8185] pool-org.gnome. O /home/capstone/project/test_files/000351.pdf.naixq
[8185] pool-org.gnome. O /home/capstone/project/test_files/000352.pdf.naixq
[8185] pool-org.gnome. O /home/capstone/project/test_files/000353.pdf.naixq
[8185] pool-org.gnome. O /home/capstone/project/test_files/000354.pdf.naixq
[8185] pool-org.gnome. O /home/capstone/project/test_files/000355.pdf.naixq
[8185] pool-org.gnome. O /home/capstone/project/test_files/000356.pdf.naixq
[8185] pool-org.gnome. O /home/capstone/project/test_files/000357.pdf.naixq
[8185] pool-org.gnome. O /home/capstone/project/test_files/000358.pdf.naixq
[8185] pool-org.gnome. O /home/capstone/project/test_files/000359.pdf.naixq
[8185] pool-org.gnome. O /home/capstone/project/test_files/000360.pdf.naixq
[8185] pool-org.gnome. O /home/capstone/project/test_files/000361.pdf.naixq
[8185] pool-org.gnome. O /home/capstone/project/test_files/000362.pdf.naixq
[8185] pool-org.gnome. O /home/capstone/project/test_files/000363.pdf.naixq
[8185] pool-org.gnome. O /home/capstone/project/test_files/000364.pdf.naixq
[8185] pool-org.gnome. O /home/capstone/project/test_files/000365.pdf.naixq
[8185] pool-org.gnome. O /home/capstone/project/test_files/000366.pdf.naixq
[8185] pool-org.gnome. O /home/capstone/project/test_files/000367.pdf.naixq
[8185] pool-org.gnome. O /home/capstone/project/test_files/000368.pdf.naixq
[8185] pool-org.gnome. O /home/capstone/project/test_files/000369.pdf.naixq
[8185] pool-org.gnome. O /home/capstone/project/test_files/000370.pdf.naixq
[8185] pool-org.gnome. O /home/capstone/project/test_files/000371.pdf.naixq
[8185] pool-org.gnome. O /home/capstone/project/test_files/000372.pdf.naixq
[8185] pool-org.gnome. O /home/capstone/project/test_files/000373.pdf.naixq
[8185] pool-org.gnome. O /home/capstone/project/test_files/000375.xls.naixq
[8185] pool-org.gnome. O /home/capstone/project/test_files/000376.dbase3.naixq
[8185] pool-org.gnome. O /home/capstone/project/test_files/000467.txt.naixq
[8185] pool-org.gnome. O /home/capstone/project/test_files/000468.txt.naixq
[8185] pool-org.gnome. O /home/capstone/project/test_files/000469.jpg.naixq
[8185] pool-org.gnome. O /home/capstone/project/test_files/000470.txt.naixq
[8185] pool-org.gnome. O /home/capstone/project/test_files/000471.txt.naixq
[8185] pool-org.gnome. O /home/capstone/project/test_files/000472.txt.naixq
[8185] pool-org.gnome. O /home/capstone/project/test_files/000473.txt.naixq
[8185] pool-org.gnome. O /home/capstone/project/test_files/000474.txt.naixq
[8185] pool-org.gnome. O /home/capstone/project/test_files/000475.txt.naixq
[8185] pool-org.gnome. O /home/capstone/project/test_files/000476.jpg.naixq
[8185] pool-org.gnome. O /home/capstone/project/test_files/000477.txt.naixq
[8185] pool-org.gnome. O /home/capstone/project/test_files/000478.txt.naixq
[8185] pool-org.gnome. O /home/capstone/project/test_files/000479.txt.naixq
[8185] pool-org.gnome. O /home/capstone/project/test_files/000480.txt.naixq
[8185] pool-org.gnome. O /home/capstone/project/test_files/000481.txt.naixq
[8185] pool-org.gnome. O /home/capstone/project/test_files/000482.ps.naixq
[8185] pool-org.gnome. O /home/capstone/project/test_files/000483.txt.naixq
[8185] pool-org.gnome. O /home/capstone/project/test_files/000484.txt.naixq
[8185] pool-org.gnome. O /home/capstone/project/test_files/000485.txt.naixq
[8185] pool-org.gnome. O /home/capstone/project/test_files/000486.txt.naixq
[8185] pool-org.gnome. O /home/capstone/project/test_files/000487.txt.naixq
[8185] pool-org.gnome. O /home/capstone/project/test_files/000488.unk.naixq
[8185] pool-org.gnome. O /home/capstone/project/test_files/000489.txt.naixq
[8185] pool-org.gnome. O /home/capstone/project/test_files/000490.txt.naixq
[8185] pool-org.gnome. O /home/capstone/project/test_files/000491.txt.naixq
[8185] pool-org.gnome. O /home/capstone/project/test_files/000492.txt.naixq
[8185] pool-org.gnome. O /home/capstone/project/test_files/000493.xml.naixq
[8185] pool-org.gnome. O /home/capstone/project/test_files/000494.txt.naixq
[8185] pool-org.gnome. O /home/capstone/project/test_files/000495.unk.naixq
[8185] pool-org.gnome. O /home/capstone/project/test_files/000496.xml.naixq
[8185] pool-org.gnome. O /home/capstone/project/test_files/000497.xml.naixq
[8185] pool-org.gnome. O /home/capstone/project/test_files/000498.txt.naixq
[8185] pool-org.gnome. O /home/capstone/project/test_files/000499.txt.naixq
[8185] pool-org.gnome. O /home/capstone/project/test_files/000500.txt.naixq
[8185] pool-org.gnome. O /home/capstone/project/test_files/000501.txt.naixq
[8185] pool-org.gnome. O /home/capstone/project/test_files/000502.txt.naixq
[8185] pool-org.gnome. O /home/capstone/project/test_files/000503.txt.naixq
[8185] pool-org.gnome. O /home/capstone/project/test_files/000504.txt.naixq
[8185] pool-org.gnome. O /home/capstone/project/test_files/000505.jpg.naixq
[8185] pool-org.gnome. O /home/capstone/project/test_files/000506.jpg.naixq
[8185] pool-org.gnome. O /home/capstone/project/test_files/000507.jpg.naixq
[8185] pool-org.gnome. O /home/capstone/project/test_files/000508.jpg.naixq
[8185] pool-org.gnome. O /home/capstone/project/test_files/000509.jpg.naixq
[8185] pool-org.gnome. O /home/capstone/project/test_files/000510.jpg.naixq
[8185] pool-org.gnome. O /home/capstone/project/test_files/000511.gif.naixq
[8185] pool-org.gnome. O /home/capstone/project/test_files/000512.jpg.naixq
[8185] pool-org.gnome. O /home/capstone/project/test_files/000513.jpg.naixq
[8185] pool-org.gnome. O /home/capstone/project/test_files/000514.jpg.naixq
[8185] pool-org.gnome. O /home/capstone/project/test_files/000515.jpg.naixq
[8185] pool-org.gnome. O /home/capstone/project/test_files/000516.jpg.naixq
[8185] pool-org.gnome. O /home/capstone/project/test_files/000517.gif.naixq
[8185] pool-org.gnome. O /home/capstone/project/test_files/000518.ppt.naixq
[8185] pool-org.gnome. O /home/capstone/project/test_files/000519.gif.naixq
[8185] pool-org.gnome. O /home/capstone/project/test_files/000520.gif.naixq
[8185] pool-org.gnome. O /home/capstone/project/test_files/000521.jpg.naixq
[8185] pool-org.gnome. O /home/capstone/project/test_files/000522.gif.naixq
[8185] pool-org.gnome. O /home/capstone/project/test_files/000606.pdf.naixq
[8185] pool-org.gnome. O /home/capstone/project/test_files/000607.html.naixq
[8185] pool-org.gnome. O /home/capstone/project/test_files/000608.html.naixq
[8185] pool-org.gnome. O /home/capstone/project/test_files/000609.html.naixq
[8185] pool-org.gnome. O /home/capstone/project/test_files/000610.pdf.naixq
[8185] pool-org.gnome. O /home/capstone/project/test_files/000611.html.naixq
[8185] pool-org.gnome. O /home/capstone/project/test_files/000612.html.naixq
[8185] pool-org.gnome. O /home/capstone/project/test_files/000613.html.naixq
[8185] pool-org.gnome. O /home/capstone/project/test_files/000614.jpg.naixq
[8185] pool-org.gnome. O /home/capstone/project/test_files/000615.html.naixq
[8185] pool-org.gnome. O /home/capstone/project/test_files/000616.html.naixq
[8185] pool-org.gnome. O /home/capstone/project/test_files/000617.html.naixq
[8185] pool-org.gnome. O /home/capstone/project/test_files/000618.pdf.naixq
[8185] pool-org.gnome. O /home/capstone/project/test_files/000619.txt.naixq
[8185] pool-org.gnome. O /home/capstone/project/test_files/000620.txt.naixq
[8185] pool-org.gnome. O /home/capstone/project/test_files/000621.txt.naixq
[8185] pool-org.gnome. O /home/capstone/project/test_files/000622.txt.naixq
[8185] pool-org.gnome. O /home/capstone/project/test_files/000623.html.naixq
[8185] pool-org.gnome. O /home/capstone/project/test_files/000624.txt.naixq
[8185] pool-org.gnome. O /home/capstone/project/test_files/000625.txt.naixq
[8185] pool-org.gnome. O /home/capstone/project/test_files/000626.txt.naixq
[8185] pool-org.gnome. O /home/capstone/project/test_files/000628.pdf.naixq
[8185] pool-org.gnome. O /home/capstone/project/test_files/000629.pdf.naixq
[8185] pool-org.gnome. O /home/capstone/project/test_files/000630.pdf.naixq
[8185] pool-org.gnome. O /home/capstone/project/test_files/000631.pdf.naixq
[8185] pool-org.gnome. O /home/capstone/project/test_files/000632.pdf.naixq
[8185] pool-org.gnome. O /home/capstone/project/test_files/000633.xls.naixq
[8185] pool-org.gnome. O /home/capstone/project/test_files/000634.html.naixq
[8185] pool-org.gnome. O /home/capstone/project/test_files/000635.html.naixq
[8185] pool-org.gnome. O /home/capstone/project/test_files/000636.html.naixq
[8185] pool-org.gnome. O /home/capstone/project/test_files/000637.html.naixq
[8185] pool-org.gnome. O /home/capstone/project/test_files/000638.html.naixq
[8185] pool-org.gnome. O /home/capstone/project/test_files/000639.html.naixq
[8185] pool-org.gnome. O /home/capstone/project/test_files/000640.html.naixq
[8185] pool-org.gnome. O /home/capstone/project/test_files/000641.txt.naixq
[8185] pool-org.gnome. O /home/capstone/project/test_files/000642.txt.naixq
[8185] pool-org.gnome. O /home/capstone/project/test_files/000643.txt.naixq
[8185] pool-org.gnome. O /home/capstone/project/test_files/000644.txt.naixq
[8185] pool-org.gnome. O /home/capstone/project/test_files/000645.txt.naixq
[8185] pool-org.gnome. O /home/capstone/project/test_files/000646.txt.naixq
[8185] pool-org.gnome. O /home/capstone/project/test_files/000647.txt.naixq
[8185] pool-org.gnome. O /home/capstone/project/test_files/000648.txt.naixq
[8185] pool-org.gnome. O /home/capstone/project/test_files/000649.txt.naixq
[8185] pool-org.gnome. O /home/capstone/project/test_files/000650.txt.naixq
[8185] pool-org.gnome. O /home/capstone/project/test_files/000651.txt.naixq
[8185] pool-org.gnome. O /home/capstone/project/test_files/000652.txt.naixq
[8185] pool-org.gnome. O /home/capstone/project/test_files/000653.txt.naixq
[8185] pool-org.gnome. O /home/capstone/project/test_files/000654.txt.naixq
[8185] pool-org.gnome. O /home/capstone/project/test_files/000655.txt.naixq
[8185] pool-org.gnome. O /home/capstone/project/test_files/000656.txt.naixq
[8185] pool-org.gnome. O /home/capstone/project/test_files/000657.txt.naixq
[8185] pool-org.gnome. O /home/capstone/project/test_files/000658.txt.naixq
[8185] pool-org.gnome. O /home/capstone/project/test_files/000659.txt.naixq
[8185] pool-org.gnome. O /home/capstone/project/test_files/000660.txt.naixq
[8185] pool-org.gnome. O /home/capstone/project/test_files/000661.txt.naixq
[8185] pool-org.gnome. O /home/capstone/project/test_files/000662.txt.naixq
[8185] pool-org.gnome. O /home/capstone/project/test_files/000724.ppt.naixq
[8185] pool-org.gnome. O /home/capstone/project/test_files/000725.ppt.naixq
[8185] pool-org.gnome. O /home/capstone/project/test_files/000726.html.naixq
[8185] pool-org.gnome. O /home/capstone/project/test_files/000727.ppt.naixq
[8185] pool-org.gnome. O /home/capstone/project/test_files/000728.ppt.naixq
[8185] pool-org.gnome. O /home/capstone/project/test_files/000729.ppt.naixq
[8185] pool-org.gnome. O /home/capstone/project/test_files/000730.ps.naixq
[8185] pool-org.gnome. O /home/capstone/project/test_files/000731.ps.naixq
[8185] pool-org.gnome. O /home/capstone/project/test_files/000732.ppt.naixq
[8185] pool-org.gnome. O /home/capstone/project/test_files/000733.ps.naixq
[8185] pool-org.gnome. O /home/capstone/project/test_files/000734.ps.naixq
[8185] pool-org.gnome. O /home/capstone/project/test_files/000735.html.naixq
[8185] pool-org.gnome. O /home/capstone/project/test_files/000736.gz.naixq
[8185] pool-org.gnome. O /home/capstone/project/test_files/000737.pdf.naixq
[8185] pool-org.gnome. O /home/capstone/project/test_files/000738.pdf.naixq
[8185] pool-org.gnome. O /home/capstone/project/test_files/000739.pdf.naixq
[8185] pool-org.gnome. O /home/capstone/project/test_files/000740.html.naixq
[8185] pool-org.gnome. O /home/capstone/project/test_files/000741.log.naixq
[8185] pool-org.gnome. O /home/capstone/project/test_files/000742.pdf.naixq
[8185] pool-org.gnome. O /home/capstone/project/test_files/000743.log.naixq
[8185] pool-org.gnome. O /home/capstone/project/test_files/000744.pdf.naixq
[8185] pool-org.gnome. O /home/capstone/project/test_files/000745.pdf.naixq
[8185] pool-org.gnome. O /home/capstone/project/test_files/000746.pdf.naixq
[8185] pool-org.gnome. O /home/capstone/project/test_files/000747.pdf.naixq
[8185] pool-org.gnome. O /home/capstone/project/test_files/000748.pdf.naixq
[8185] pool-org.gnome. O /home/capstone/project/test_files/000749.html.naixq
[8185] pool-org.gnome. O /home/capstone/project/test_files/000750.pdf.naixq
[8185] pool-org.gnome. O /home/capstone/project/test_files/000751.pdf.naixq
[8185] pool-org.gnome. O /home/capstone/project/test_files/000752.pdf.naixq
[8185] pool-org.gnome. O /home/capstone/project/test_files/000753.pdf.naixq
[8185] pool-org.gnome. O /home/capstone/project/test_files/000754.gz.naixq
[8185] pool-org.gnome. O /home/capstone/project/test_files/000755.pdf.naixq
[8185] pool-org.gnome. O /home/capstone/project/test_files/000756.csv.naixq
[8185] pool-org.gnome. O /home/capstone/project/test_files/000757.pdf.naixq
[8185] pool-org.gnome. O /home/capstone/project/test_files/000759.doc.naixq
[8185] pool-org.gnome. O /home/capstone/project/test_files/000760.pdf.naixq
[8185] pool-org.gnome. O /home/capstone/project/test_files/000761.pdf.naixq
[8185] pool-org.gnome. O /home/capstone/project/test_files/000762.pdf.naixq
[8185] pool-org.gnome. O /home/capstone/project/test_files/000763.pdf.naixq
[8185] pool-org.gnome. O /home/capstone/project/test_files/000764.csv.naixq
[8185] pool-org.gnome. O /home/capstone/project/test_files/000765.log.naixq
[8185] pool-org.gnome. O /home/capstone/project/test_files/000766.ps.naixq
[8185] pool-org.gnome. O /home/capstone/project/test_files/000767.ps.naixq
[8185] pool-org.gnome. O /home/capstone/project/test_files/000768.ps.naixq
[8185] pool-org.gnome. O /home/capstone/project/test_files/000770.pdf.naixq
[8185] pool-org.gnome. O /home/capstone/project/test_files/000771.doc.naixq
[8185] pool-org.gnome. O /home/capstone/project/test_files/000772.ps.naixq
[8185] pool-org.gnome. O /home/capstone/project/test_files/000773.ps.naixq
[8185] pool-org.gnome. O /home/capstone/project/test_files/000774.ps.naixq
[8185] pool-org.gnome. O /home/capstone/project/test_files/000775.xls.naixq
[8185] pool-org.gnome. O /home/capstone/project/test_files/000776.xls.naixq
[8185] pool-org.gnome. O /home/capstone/project/test_files/000777.xls.naixq
[8185] pool-org.gnome. O /home/capstone/project/test_files/000778.xls.naixq
[8185] pool-org.gnome. O /home/capstone/project/test_files/000779.xls.naixq
[8185] pool-org.gnome. O /home/capstone/project/test_files/000780.xls.naixq
[8185] pool-org.gnome. O /home/capstone/project/test_files/000781.xls.naixq
[8185] pool-org.gnome. O /home/capstone/project/test_files/000818.pdf.naixq
[8185] pool-org.gnome. O /home/capstone/project/test_files/000819.html.naixq
[8185] pool-org.gnome. O /home/capstone/project/test_files/000820.html.naixq
[8185] pool-org.gnome. O /home/capstone/project/test_files/000821.html.naixq
[8185] pool-org.gnome. O /home/capstone/project/test_files/000823.html.naixq
[8185] pool-org.gnome. O /home/capstone/project/test_files/000824.html.naixq
[8185] pool-org.gnome. O /home/capstone/project/test_files/000825.pdf.naixq
[8185] pool-org.gnome. O /home/capstone/project/test_files/000826.pdf.naixq
[8185] pool-org.gnome. O /home/capstone/project/test_files/000827.txt.naixq
[8185] pool-org.gnome. O /home/capstone/project/test_files/000828.txt.naixq
[8185] pool-org.gnome. O /home/capstone/project/test_files/000829.txt.naixq
[8185] pool-org.gnome. O /home/capstone/project/test_files/000830.html.naixq
[8185] pool-org.gnome. O /home/capstone/project/test_files/000831.txt.naixq
[8185] pool-org.gnome. O /home/capstone/project/test_files/000832.txt.naixq
[8185] pool-org.gnome. O /home/capstone/project/test_files/000833.txt.naixq
[8185] pool-org.gnome. O /home/capstone/project/test_files/000834.pdf.naixq
[8185] pool-org.gnome. O /home/capstone/project/test_files/000835.txt.naixq
[8185] pool-org.gnome. O /home/capstone/project/test_files/000836.txt.naixq
[8185] pool-org.gnome. O /home/capstone/project/test_files/000837.txt.naixq
[8185] pool-org.gnome. O /home/capstone/project/test_files/000838.pdf.naixq
[8185] pool-org.gnome. O /home/capstone/project/test_files/000839.pdf.naixq
[8185] pool-org.gnome. O /home/capstone/project/test_files/000840.pdf.naixq
[8185] pool-org.gnome. O /home/capstone/project/test_files/000841.txt.naixq
[8185] pool-org.gnome. O /home/capstone/project/test_files/000842.txt.naixq
[8185] pool-org.gnome. O /home/capstone/project/test_files/000843.pdf.naixq
[8185] pool-org.gnome. O /home/capstone/project/test_files/000844.txt.naixq
[8185] pool-org.gnome. O /home/capstone/project/test_files/000845.swf.naixq
[8185] pool-org.gnome. O /home/capstone/project/test_files/000846.txt.naixq
[8185] pool-org.gnome. O /home/capstone/project/test_files/000847.txt.naixq
[8185] pool-org.gnome. O /home/capstone/project/test_files/000848.txt.naixq
[8185] pool-org.gnome. O /home/capstone/project/test_files/000849.txt.naixq
[8185] pool-org.gnome. O /home/capstone/project/test_files/000850.txt.naixq
[8185] pool-org.gnome. O /home/capstone/project/test_files/000851.txt.naixq
[8185] pool-org.gnome. O /home/capstone/project/test_files/000852.txt.naixq
[8185] pool-org.gnome. O /home/capstone/project/test_files/000853.pdf.naixq
[8185] pool-org.gnome. O /home/capstone/project/test_files/000854.pdf.naixq
[8185] pool-org.gnome. O /home/capstone/project/test_files/000855.txt.naixq
[8185] pool-org.gnome. O /home/capstone/project/test_files/000856.txt.naixq
[8185] pool-org.gnome. O /home/capstone/project/test_files/000857.txt.naixq
[8185] pool-org.gnome. O /home/capstone/project/test_files/000858.txt.naixq
[8185] pool-org.gnome. O /home/capstone/project/test_files/000859.pdf.naixq
[8185] pool-org.gnome. O /home/capstone/project/test_files/000860.txt.naixq
[8185] pool-org.gnome. O /home/capstone/project/test_files/000861.txt.naixq
[8185] pool-org.gnome. O /home/capstone/project/test_files/000862.txt.naixq
[8185] pool-org.gnome. O /home/capstone/project/test_files/000863.txt.naixq
[8185] pool-org.gnome. O /home/capstone/project/test_files/000864.txt.naixq
[8185] pool-org.gnome. O /home/capstone/project/test_files/000865.gz.naixq
[8185] pool-org.gnome. O /home/capstone/project/test_files/000866.txt.naixq
[8185] pool-org.gnome. O /home/capstone/project/test_files/000867.jpg.naixq
[8185] pool-org.gnome. O /home/capstone/project/test_files/000868.jpg.naixq
[8185] pool-org.gnome. O /home/capstone/project/test_files/000869.jpg.naixq
[8185] pool-org.gnome. O /home/capstone/project/test_files/000870.jpg.naixq
[8185] pool-org.gnome. O /home/capstone/project/test_files/000871.jpg.naixq
[8185] pool-org.gnome. O /home/capstone/project/test_files/000872.jpg.naixq
[8185] pool-org.gnome. O /home/capstone/project/test_files/000873.jpg.naixq
[8185] pool-org.gnome. O /home/capstone/project/test_files/000874.jpg.naixq
[8185] pool-org.gnome. O /home/capstone/project/test_files/000924.txt.naixq
[8185] pool-org.gnome. O /home/capstone/project/test_files/000925.txt.naixq
[8185] pool-org.gnome. O /home/capstone/project/test_files/000926.txt.naixq
[8185] pool-org.gnome. O /home/capstone/project/test_files/000927.txt.naixq
[8185] pool-org.gnome. O /home/capstone/project/test_files/000928.txt.naixq
[8185] pool-org.gnome. O /home/capstone/project/test_files/000929.txt.naixq
[8185] pool-org.gnome. O /home/capstone/project/test_files/000930.txt.naixq
[8185] pool-org.gnome. O /home/capstone/project/test_files/000931.txt.naixq
[8185] pool-org.gnome. O /home/capstone/project/test_files/000932.txt.naixq
[8185] pool-org.gnome. O /home/capstone/project/test_files/000933.txt.naixq
[8185] pool-org.gnome. O /home/capstone/project/test_files/000934.txt.naixq
[8185] pool-org.gnome. O /home/capstone/project/test_files/000935.txt.naixq
[8185] pool-org.gnome. O /home/capstone/project/test_files/000936.txt.naixq
[8185] pool-org.gnome. O /home/capstone/project/test_files/000937.txt.naixq
[8185] pool-org.gnome. O /home/capstone/project/test_files/000938.txt.naixq
[8185] pool-org.gnome. O /home/capstone/project/test_files/000939.txt.naixq
[8185] pool-org.gnome. O /home/capstone/project/test_files/000940.txt.naixq
[8185] pool-org.gnome. O /home/capstone/project/test_files/000941.txt.naixq
[8185] pool-org.gnome. O /home/capstone/project/test_files/000942.txt.naixq
[8185] pool-org.gnome. O /home/capstone/project/test_files/000943.pdf.naixq
[8185] pool-org.gnome. O /home/capstone/project/test_files/000944.doc.naixq
[8185] pool-org.gnome. O /home/capstone/project/test_files/000945.pdf.naixq
[8185] pool-org.gnome. O /home/capstone/project/test_files/000946.doc.naixq
[8185] pool-org.gnome. O /home/capstone/project/test_files/000947.html.naixq
[8185] pool-org.gnome. O /home/capstone/project/test_files/000948.doc.naixq
[8185] pool-org.gnome. O /home/capstone/project/test_files/000949.doc.naixq
[8185] pool-org.gnome. O /home/capstone/project/test_files/000950.doc.naixq
[8185] pool-org.gnome. O /home/capstone/project/test_files/000951.html.naixq
[8185] pool-org.gnome. O /home/capstone/project/test_files/000952.doc.naixq
[8185] pool-org.gnome. O /home/capstone/project/test_files/000953.doc.naixq
[8185] pool-org.gnome. O /home/capstone/project/test_files/000954.pdf.naixq
[8185] pool-org.gnome. O /home/capstone/project/test_files/000955.pdf.naixq
[8185] pool-org.gnome. O /home/capstone/project/test_files/000956.pdf.naixq
[8185] pool-org.gnome. O /home/capstone/project/test_files/000957.doc.naixq
[8185] pool-org.gnome. O /home/capstone/project/test_files/000958.doc.naixq
[8185] pool-org.gnome. O /home/capstone/project/test_files/000959.xls.naixq
[8185] pool-org.gnome. O /home/capstone/project/test_files/000960.doc.naixq
[8185] pool-org.gnome. O /home/capstone/project/test_files/000961.doc.naixq
[8185] pool-org.gnome. O /home/capstone/project/test_files/000962.jpg.naixq
[8185] pool-org.gnome. O /home/capstone/project/test_files/000963.doc.naixq
[8185] pool-org.gnome. O /home/capstone/project/test_files/000964.doc.naixq
[8185] pool-org.gnome. O /home/capstone/project/test_files/000965.doc.naixq
[8185] pool-org.gnome. O /home/capstone/project/test_files/000966.doc.naixq
[8185] pool-org.gnome. O /home/capstone/project/test_files/000967.doc.naixq
[8185] pool-org.gnome. O /home/capstone/project/test_files/000968.jpg.naixq
[8185] pool-org.gnome. O /home/capstone/project/test_files/000969.jpg.naixq
[8185] pool-org.gnome. O /home/capstone/project/test_files/000970.doc.naixq
[8185] pool-org.gnome. O /home/capstone/project/test_files/000971.doc.naixq
[8185] pool-org.gnome. O /home/capstone/project/test_files/000972.gif.naixq
[8185] pool-org.gnome. O /home/capstone/project/test_files/000973.doc.naixq
[8185] pool-org.gnome. O /home/capstone/project/test_files/000974.doc.naixq
[8185] pool-org.gnome. O /home/capstone/project/test_files/000975.xml.naixq
[8185] pool-org.gnome. O /home/capstone/project/test_files/000976.doc.naixq
[8185] pool-org.gnome. O /home/capstone/project/test_files/000977.doc.naixq
[8185] pool-org.gnome. O /home/capstone/project/test_files/000978.xml.naixq
[8185] pool-org.gnome. O /home/capstone/project/test_files/000979.doc.naixq
[2254] dbus-daemon O /home/capstone/.local/share/dbus-1/services
[2455] gnome-shell O /home/capstone/.icons/Yaru/cursors/default
[2455] gnome-shell O /home/capstone/.icons/Yaru/index.theme
[2455] gnome-shell O /home/capstone/.icons/Yaru/cursors/default
[2455] gnome-shell O /home/capstone/.icons/Yaru/index.theme
[2455] gnome-shell O /home/capstone/.icons/Yaru/cursors/default
[2455] gnome-shell O /home/capstone/.icons/Yaru/index.theme
