[10857] sudo C /home/capstone/.sudo_as_admin_successful
[10859] f864922f947a6bb O /home/capstone/project/test_files
[10859] f864922f947a6bb C /home/capstone/project/test_files/000615.html.lck
[10859] f864922f947a6bb O /home/capstone/project/test_files/000615.html
[10859] f864922f947a6bb D /home/capstone/project/test_files/000615.html.lck
[10859] f864922f947a6bb C /home/capstone/project/test_files/000533.doc.lck
[10859] f864922f947a6bb O /home/capstone/project/test_files/000533.doc
[10859] f864922f947a6bb C /home/capstone/project/test_files/000418.html.lck
[10859] f864922f947a6bb O /home/capstone/project/test_files/000418.html
[10859] f864922f947a6bb C /home/capstone/project/test_files/000440.html.lck
[10859] f864922f947a6bb O /home/capstone/project/test_files/000440.html
[10859] f864922f947a6bb D /home/capstone/project/test_files/000418.html.lck
[10859] f864922f947a6bb D /home/capstone/project/test_files/000440.html.lck
[10859] f864922f947a6bb C /home/capstone/project/test_files/000163.pdf.lck
[10859] f864922f947a6bb O /home/capstone/project/test_files/000163.pdf
[10859] f864922f947a6bb C /home/capstone/project/test_files/000517.gif.lck
[10859] f864922f947a6bb O /home/capstone/project/test_files/000517.gif
[10859] f864922f947a6bb C /home/capstone/project/test_files/000574.pdf.lck
[10859] f864922f947a6bb O /home/capstone/project/test_files/000574.pdf
[10859] f864922f947a6bb D /home/capstone/project/test_files/000533.doc.lck
[10859] f864922f947a6bb D /home/capstone/project/test_files/000574.pdf.lck
[10859] f864922f947a6bb C /home/capstone/project/test_files/000231.jpg.lck
[10859] f864922f947a6bb O /home/capstone/project/test_files/000231.jpg
[10859] f864922f947a6bb D /home/capstone/project/test_files/000231.jpg.lck
[10859] f864922f947a6bb D /home/capstone/project/test_files/000517.gif.lck
[10859] f864922f947a6bb C /home/capstone/project/test_files/000509.jpg.lck
[10859] f864922f947a6bb O /home/capstone/project/test_files/000509.jpg
[10859] f864922f947a6bb D /home/capstone/project/test_files/000163.pdf.lck
[10859] f864922f947a6bb C /home/capstone/project/test_files/000098.txt.lck
[10859] f864922f947a6bb O /home/capstone/project/test_files/000098.txt
[10859] f864922f947a6bb C /home/capstone/project/test_files/000716.ppt.lck
[10859] f864922f947a6bb O /home/capstone/project/test_files/000716.ppt
[10859] f864922f947a6bb C /home/capstone/project/test_files/000255.doc.lck
[10859] f864922f947a6bb O /home/capstone/project/test_files/000255.doc
[10859] f864922f947a6bb C /home/capstone/project/test_files/000986.ppt.lck
[10859] f864922f947a6bb O /home/capstone/project/test_files/000986.ppt
[10859] f864922f947a6bb C /home/capstone/project/test_files/000174.ppt.lck
[10859] f864922f947a6bb O /home/capstone/project/test_files/000174.ppt
[10859] f864922f947a6bb D /home/capstone/project/test_files/000255.doc.lck
[10859] f864922f947a6bb C /home/capstone/project/test_files/000355.pdf.lck
[10859] f864922f947a6bb O /home/capstone/project/test_files/000355.pdf
[10859] f864922f947a6bb C /home/capstone/project/test_files/000379.pdf.lck
[10859] f864922f947a6bb O /home/capstone/project/test_files/000379.pdf
[10859] f864922f947a6bb D /home/capstone/project/test_files/000986.ppt.lck
[10859] f864922f947a6bb C /home/capstone/project/test_files/000786.gz.lck
[10859] f864922f947a6bb O /home/capstone/project/test_files/000786.gz
[10859] f864922f947a6bb D /home/capstone/project/test_files/000355.pdf.lck
[10859] f864922f947a6bb C /home/capstone/project/test_files/000084.txt.lck
[10859] f864922f947a6bb O /home/capstone/project/test_files/000084.txt
[10859] f864922f947a6bb C /home/capstone/project/test_files/000638.html.lck
[10859] f864922f947a6bb O /home/capstone/project/test_files/000638.html
[10859] f864922f947a6bb D /home/capstone/project/test_files/000638.html.lck
[10859] f864922f947a6bb C /home/capstone/project/test_files/000567.pdf.lck
[10859] f864922f947a6bb O /home/capstone/project/test_files/000567.pdf
[10859] f864922f947a6bb C /home/capstone/project/test_files/000802.doc.lck
[10859] f864922f947a6bb O /home/capstone/project/test_files/000802.doc
[10859] f864922f947a6bb C /home/capstone/project/test_files/000881.jpg.lck
[10859] f864922f947a6bb O /home/capstone/project/test_files/000881.jpg
[10859] f864922f947a6bb D /home/capstone/project/test_files/000786.gz.lck
[10859] f864922f947a6bb C /home/capstone/project/test_files/000155.pdf.lck
[10859] f864922f947a6bb O /home/capstone/project/test_files/000155.pdf
[10859] f864922f947a6bb D /home/capstone/project/test_files/000084.txt.lck
[10859] f864922f947a6bb C /home/capstone/project/test_files/000272.pdf.lck
[10859] f864922f947a6bb O /home/capstone/project/test_files/000272.pdf
[10859] f864922f947a6bb D /home/capstone/project/test_files/000379.pdf.lck
[10859] f864922f947a6bb D /home/capstone/project/test_files/000174.ppt.lck
[10859] f864922f947a6bb D /home/capstone/project/test_files/000802.doc.lck
[10859] f864922f947a6bb C /home/capstone/project/test_files/000549.jpg.lck
[10859] f864922f947a6bb O /home/capstone/project/test_files/000549.jpg
[10859] f864922f947a6bb D /home/capstone/project/test_files/000881.jpg.lck
[10859] f864922f947a6bb C /home/capstone/project/test_files/000939.txt.lck
[10859] f864922f947a6bb C /home/capstone/project/test_files/000825.pdf.lck
[10859] f864922f947a6bb C /home/capstone/project/test_files/000188.html.lck
[10859] f864922f947a6bb C /home/capstone/project/test_files/000729.ppt.lck
[10859] f864922f947a6bb C /home/capstone/project/test_files/000588.pdf.lck
[10859] f864922f947a6bb C /home/capstone/project/test_files/000138.html.lck
[10859] f864922f947a6bb O /home/capstone/project/test_files/000138.html
[10859] f864922f947a6bb O /home/capstone/project/test_files/000939.txt
[10859] f864922f947a6bb O /home/capstone/project/test_files/000825.pdf
[10859] f864922f947a6bb C /home/capstone/project/test_files/000156.doc.lck
[10859] f864922f947a6bb C /home/capstone/project/test_files/000204.html.lck
[10859] f864922f947a6bb O /home/capstone/project/test_files/000204.html
[10859] f864922f947a6bb C /home/capstone/project/test_files/000590.pdf.lck
[10859] f864922f947a6bb O /home/capstone/project/test_files/000590.pdf
[10859] f864922f947a6bb C /home/capstone/project/test_files/000189.pdf.lck
[10859] f864922f947a6bb O /home/capstone/project/test_files/000189.pdf
[10859] f864922f947a6bb D /home/capstone/project/test_files/000567.pdf.lck
[10859] f864922f947a6bb O /home/capstone/project/test_files/000588.pdf
[10859] f864922f947a6bb O /home/capstone/project/test_files/000156.doc
[10859] f864922f947a6bb C /home/capstone/project/test_files/000437.jpg.lck
[10859] f864922f947a6bb O /home/capstone/project/test_files/000188.html
[10859] f864922f947a6bb O /home/capstone/project/test_files/000729.ppt
[10859] f864922f947a6bb D /home/capstone/project/test_files/000272.pdf.lck
[10859] f864922f947a6bb D /home/capstone/project/test_files/000549.jpg.lck
[10859] f864922f947a6bb D /home/capstone/project/test_files/000138.html.lck
[10859] f864922f947a6bb D /home/capstone/project/test_files/000939.txt.lck
[10859] f864922f947a6bb D /home/capstone/project/test_files/000825.pdf.lck
[10859] f864922f947a6bb D /home/capstone/project/test_files/000188.html.lck
[10859] f864922f947a6bb C /home/capstone/project/test_files/000819.html.lck
[10859] f864922f947a6bb O /home/capstone/project/test_files/000819.html
[10859] f864922f947a6bb C /home/capstone/project/test_files/000962.jpg.lck
[10859] f864922f947a6bb O /home/capstone/project/test_files/000962.jpg
[10859] f864922f947a6bb C /home/capstone/project/test_files/000345.pdf.lck
[10859] f864922f947a6bb O /home/capstone/project/test_files/000345.pdf
[10859] f864922f947a6bb C /home/capstone/project/test_files/000012.pdf.lck
[10859] f864922f947a6bb O /home/capstone/project/test_files/000012.pdf
[10859] f864922f947a6bb D /home/capstone/project/test_files/000819.html.lck
[10859] f864922f947a6bb C /home/capstone/project/test_files/000265.doc.lck
[10859] f864922f947a6bb O /home/capstone/project/test_files/000265.doc
[10859] f864922f947a6bb C /home/capstone/project/test_files/000843.pdf.lck
[10859] f864922f947a6bb O /home/capstone/project/test_files/000843.pdf
[10859] f864922f947a6bb D /home/capstone/project/test_files/000345.pdf.lck
[10859] f864922f947a6bb D /home/capstone/project/test_files/000729.ppt.lck
[10859] f864922f947a6bb D /home/capstone/project/test_files/000588.pdf.lck
[10859] f864922f947a6bb O /home/capstone/project/test_files/000437.jpg
[10859] f864922f947a6bb D /home/capstone/project/test_files/000189.pdf.lck
[10859] f864922f947a6bb C /home/capstone/project/test_files/000286.doc.lck
[10859] f864922f947a6bb O /home/capstone/project/test_files/000286.doc
[10859] f864922f947a6bb C /home/capstone/project/test_files/000180.html.lck
[10859] f864922f947a6bb O /home/capstone/project/test_files/000180.html
[10859] f864922f947a6bb C /home/capstone/project/test_files/000372.pdf.lck
[10859] f864922f947a6bb O /home/capstone/project/test_files/000372.pdf
[10859] f864922f947a6bb D /home/capstone/project/test_files/000437.jpg.lck
[10859] f864922f947a6bb C /home/capstone/project/test_files/000131.doc.lck
[10859] f864922f947a6bb O /home/capstone/project/test_files/000131.doc
[10859] f864922f947a6bb D /home/capstone/project/test_files/000156.doc.lck
[10859] f864922f947a6bb D /home/capstone/project/test_files/000180.html.lck
[10859] f864922f947a6bb C /home/capstone/project/test_files/000050.xls.lck
[10859] f864922f947a6bb O /home/capstone/project/test_files/000050.xls
[10859] f864922f947a6bb D /home/capstone/project/test_files/000509.jpg.lck
[10859] f864922f947a6bb D /home/capstone/project/test_files/000843.pdf.lck
[10859] f864922f947a6bb D /home/capstone/project/test_files/000265.doc.lck
[10859] f864922f947a6bb D /home/capstone/project/test_files/000012.pdf.lck
[10859] f864922f947a6bb C /home/capstone/project/test_files/000595.pdf.lck
[10859] f864922f947a6bb O /home/capstone/project/test_files/000595.pdf
[10859] f864922f947a6bb D /home/capstone/project/test_files/000286.doc.lck
[10859] f864922f947a6bb D /home/capstone/project/test_files/000204.html.lck
[10859] f864922f947a6bb C /home/capstone/project/test_files/000513.jpg.lck
[10859] f864922f947a6bb O /home/capstone/project/test_files/000513.jpg
[10859] f864922f947a6bb C /home/capstone/project/test_files/000908.jpg.lck
[10859] f864922f947a6bb O /home/capstone/project/test_files/000908.jpg
[10859] f864922f947a6bb C /home/capstone/project/test_files/000485.txt.lck
[10859] f864922f947a6bb O /home/capstone/project/test_files/000485.txt
[10859] f864922f947a6bb C /home/capstone/project/test_files/000556.txt.lck
[10859] f864922f947a6bb O /home/capstone/project/test_files/000556.txt
[10859] f864922f947a6bb C /home/capstone/project/test_files/000033.xls.lck
[10859] f864922f947a6bb O /home/capstone/project/test_files/000033.xls
[10859] f864922f947a6bb C /home/capstone/project/test_files/000585.pdf.lck
[10859] f864922f947a6bb O /home/capstone/project/test_files/000585.pdf
[10859] f864922f947a6bb C /home/capstone/project/test_files/000507.jpg.lck
[10859] f864922f947a6bb O /home/capstone/project/test_files/000507.jpg
[10859] f864922f947a6bb C /home/capstone/project/test_files/000746.pdf.lck
[10859] f864922f947a6bb O /home/capstone/project/test_files/000746.pdf
[10859] f864922f947a6bb C /home/capstone/project/test_files/000468.txt.lck
[10859] f864922f947a6bb O /home/capstone/project/test_files/000468.txt
[10859] f864922f947a6bb D /home/capstone/project/test_files/000513.jpg.lck
[10859] f864922f947a6bb D /home/capstone/project/test_files/000485.txt.lck
[10859] f864922f947a6bb C /home/capstone/project/test_files/000366.pdf.lck
[10859] f864922f947a6bb O /home/capstone/project/test_files/000366.pdf
[10859] f864922f947a6bb C /home/capstone/project/test_files/000890.jpg.lck
[10859] f864922f947a6bb O /home/capstone/project/test_files/000890.jpg
[10859] f864922f947a6bb C /home/capstone/project/test_files/000927.txt.lck
[10859] f864922f947a6bb O /home/capstone/project/test_files/000927.txt
[10859] f864922f947a6bb D /home/capstone/project/test_files/000468.txt.lck
[10859] f864922f947a6bb C /home/capstone/project/test_files/000752.pdf.lck
[10859] f864922f947a6bb O /home/capstone/project/test_files/000752.pdf
[10859] f864922f947a6bb D /home/capstone/project/test_files/000585.pdf.lck
[10859] f864922f947a6bb D /home/capstone/project/test_files/000590.pdf.lck
[10859] f864922f947a6bb C /home/capstone/project/test_files/000483.txt.lck
[10859] f864922f947a6bb O /home/capstone/project/test_files/000483.txt
[10859] f864922f947a6bb D /home/capstone/project/test_files/000890.jpg.lck
[10859] f864922f947a6bb D /home/capstone/project/test_files/000908.jpg.lck
[10859] f864922f947a6bb C /home/capstone/project/test_files/000090.txt.lck
[10859] f864922f947a6bb O /home/capstone/project/test_files/000090.txt
[10859] f864922f947a6bb D /home/capstone/project/test_files/000507.jpg.lck
[10859] f864922f947a6bb C /home/capstone/project/test_files/000422.html.lck
[10859] f864922f947a6bb O /home/capstone/project/test_files/000422.html
[10859] f864922f947a6bb C /home/capstone/project/test_files/000664.txt.lck
[10859] f864922f947a6bb O /home/capstone/project/test_files/000664.txt
[10859] f864922f947a6bb C /home/capstone/project/test_files/000362.pdf.lck
[10859] f864922f947a6bb O /home/capstone/project/test_files/000362.pdf
[10859] f864922f947a6bb D /home/capstone/project/test_files/000090.txt.lck
[10859] f864922f947a6bb C /home/capstone/project/test_files/000469.jpg.lck
[10859] f864922f947a6bb O /home/capstone/project/test_files/000469.jpg
[10859] f864922f947a6bb D /home/capstone/project/test_files/000366.pdf.lck
[10859] f864922f947a6bb D /home/capstone/project/test_files/000483.txt.lck
[10859] f864922f947a6bb D /home/capstone/project/test_files/000422.html.lck
[10859] f864922f947a6bb D /home/capstone/project/test_files/000131.doc.lck
[10859] f864922f947a6bb D /home/capstone/project/test_files/000962.jpg.lck
[10859] f864922f947a6bb C /home/capstone/project/test_files/000943.pdf.lck
[10859] f864922f947a6bb O /home/capstone/project/test_files/000943.pdf
[10859] f864922f947a6bb C /home/capstone/project/test_files/000937.txt.lck
[10859] f864922f947a6bb O /home/capstone/project/test_files/000937.txt
[10859] f864922f947a6bb D /home/capstone/project/test_files/000943.pdf.lck
[10859] f864922f947a6bb C /home/capstone/project/test_files/000872.jpg.lck
[10859] f864922f947a6bb O /home/capstone/project/test_files/000872.jpg
[10859] f864922f947a6bb C /home/capstone/project/test_files/000129.html.lck
[10859] f864922f947a6bb O /home/capstone/project/test_files/000129.html
[10859] f864922f947a6bb D /home/capstone/project/test_files/000937.txt.lck
[10859] f864922f947a6bb C /home/capstone/project/test_files/000926.txt.lck
[10859] f864922f947a6bb O /home/capstone/project/test_files/000926.txt
[10859] f864922f947a6bb C /home/capstone/project/test_files/000677.doc.lck
[10859] f864922f947a6bb O /home/capstone/project/test_files/000677.doc
[10859] f864922f947a6bb C /home/capstone/project/test_files/000961.doc.lck
[10859] f864922f947a6bb O /home/capstone/project/test_files/000961.doc
[10859] f864922f947a6bb C /home/capstone/project/test_files/000603.jpg.lck
[10859] f864922f947a6bb O /home/capstone/project/test_files/000603.jpg
[10859] f864922f947a6bb C /home/capstone/project/test_files/000267.doc.lck
[10859] f864922f947a6bb O /home/capstone/project/test_files/000267.doc
[10859] f864922f947a6bb C /home/capstone/project/test_files/000063.html.lck
[10859] f864922f947a6bb O /home/capstone/project/test_files/000063.html
[10859] f864922f947a6bb D /home/capstone/project/test_files/000469.jpg.lck
[10859] f864922f947a6bb C /home/capstone/project/test_files/000766.ps.lck
[10859] f864922f947a6bb O /home/capstone/project/test_files/000766.ps
[10859] f864922f947a6bb D /home/capstone/project/test_files/000746.pdf.lck
[10859] f864922f947a6bb C /home/capstone/project/test_files/000745.pdf.lck
[10859] f864922f947a6bb O /home/capstone/project/test_files/000745.pdf
[10859] f864922f947a6bb D /home/capstone/project/test_files/000362.pdf.lck
[10859] f864922f947a6bb C /home/capstone/project/test_files/000134.ppt.lck
[10859] f864922f947a6bb O /home/capstone/project/test_files/000134.ppt
[10859] f864922f947a6bb C /home/capstone/project/test_files/000492.txt.lck
[10859] f864922f947a6bb O /home/capstone/project/test_files/000492.txt
[10859] f864922f947a6bb D /home/capstone/project/test_files/000745.pdf.lck
[10859] f864922f947a6bb C /home/capstone/project/test_files/000899.pdf.lck
[10859] f864922f947a6bb O /home/capstone/project/test_files/000899.pdf
[10859] f864922f947a6bb C /home/capstone/project/test_files/000657.txt.lck
[10859] f864922f947a6bb O /home/capstone/project/test_files/000657.txt
[10859] f864922f947a6bb C /home/capstone/project/test_files/000052.xls.lck
[10859] f864922f947a6bb O /home/capstone/project/test_files/000052.xls
[10859] f864922f947a6bb C /home/capstone/project/test_files/000414.html.lck
[10859] f864922f947a6bb O /home/capstone/project/test_files/000414.html
[10859] f864922f947a6bb D /home/capstone/project/test_files/000677.doc.lck
[10859] f864922f947a6bb D /home/capstone/project/test_files/000155.pdf.lck
[10859] f864922f947a6bb C /home/capstone/project/test_files/000518.ppt.lck
[10859] f864922f947a6bb O /home/capstone/project/test_files/000518.ppt
[10859] f864922f947a6bb C /home/capstone/project/test_files/000339.pdf.lck
[10859] f864922f947a6bb O /home/capstone/project/test_files/000339.pdf
[10859] f864922f947a6bb D /home/capstone/project/test_files/000657.txt.lck
[10859] f864922f947a6bb D /home/capstone/project/test_files/000899.pdf.lck
[10859] f864922f947a6bb C /home/capstone/project/test_files/000369.pdf.lck
[10859] f864922f947a6bb O /home/capstone/project/test_files/000369.pdf
[10859] f864922f947a6bb D /home/capstone/project/test_files/000339.pdf.lck
[10859] f864922f947a6bb D /home/capstone/project/test_files/000752.pdf.lck
[10859] f864922f947a6bb D /home/capstone/project/test_files/000369.pdf.lck
[10859] f864922f947a6bb D /home/capstone/project/test_files/000927.txt.lck
[10859] f864922f947a6bb D /home/capstone/project/test_files/000098.txt.lck
[10859] f864922f947a6bb D /home/capstone/project/test_files/000267.doc.lck
[10859] f864922f947a6bb C /home/capstone/project/test_files/000526.gif.lck
[10859] f864922f947a6bb O /home/capstone/project/test_files/000526.gif
[10859] f864922f947a6bb D /home/capstone/project/test_files/000556.txt.lck
[10859] f864922f947a6bb D /home/capstone/project/test_files/000961.doc.lck
[10859] f864922f947a6bb D /home/capstone/project/test_files/000664.txt.lck
[10859] f864922f947a6bb D /home/capstone/project/test_files/000492.txt.lck
[10859] f864922f947a6bb D /home/capstone/project/test_files/000526.gif.lck
[10859] f864922f947a6bb C /home/capstone/project/test_files/000479.txt.lck
[10859] f864922f947a6bb O /home/capstone/project/test_files/000479.txt
[10859] f864922f947a6bb D /home/capstone/project/test_files/000479.txt.lck
[10859] f864922f947a6bb D /home/capstone/project/test_files/000603.jpg.lck
[10859] f864922f947a6bb C /home/capstone/project/test_files/000478.txt.lck
[10859] f864922f947a6bb O /home/capstone/project/test_files/000478.txt
[10859] f864922f947a6bb C /home/capstone/project/test_files/000862.txt.lck
[10859] f864922f947a6bb O /home/capstone/project/test_files/000862.txt
[10859] f864922f947a6bb C /home/capstone/project/test_files/000913.doc.lck
[10859] f864922f947a6bb O /home/capstone/project/test_files/000913.doc
[10859] f864922f947a6bb D /home/capstone/project/test_files/000372.pdf.lck
[10859] f864922f947a6bb D /home/capstone/project/test_files/000716.ppt.lck
[10859] f864922f947a6bb D /home/capstone/project/test_files/000913.doc.lck
[10859] f864922f947a6bb D /home/capstone/project/test_files/000478.txt.lck
[10859] f864922f947a6bb C /home/capstone/project/test_files/000800.html.lck
[10859] f864922f947a6bb O /home/capstone/project/test_files/000800.html
[10859] f864922f947a6bb D /home/capstone/project/test_files/000414.html.lck
[10859] f864922f947a6bb C /home/capstone/project/test_files/000246.jpg.lck
[10859] f864922f947a6bb O /home/capstone/project/test_files/000246.jpg
[10859] f864922f947a6bb D /home/capstone/project/test_files/000063.html.lck
[10859] f864922f947a6bb D /home/capstone/project/test_files/000800.html.lck
[10859] f864922f947a6bb D /home/capstone/project/test_files/000246.jpg.lck
[10859] f864922f947a6bb C /home/capstone/project/test_files/000074.html.lck
[10859] f864922f947a6bb C /home/capstone/project/test_files/000535.jpg.lck
[10859] f864922f947a6bb C /home/capstone/project/test_files/000693.doc.lck
[10859] f864922f947a6bb C /home/capstone/project/test_files/000089.txt.lck
[10859] f864922f947a6bb O /home/capstone/project/test_files/000089.txt
[10859] f864922f947a6bb C /home/capstone/project/test_files/000781.xls.lck
[10859] f864922f947a6bb O /home/capstone/project/test_files/000781.xls
[10859] f864922f947a6bb D /home/capstone/project/test_files/000089.txt.lck
[10859] f864922f947a6bb D /home/capstone/project/test_files/000595.pdf.lck
[10859] f864922f947a6bb D /home/capstone/project/test_files/000862.txt.lck
[10859] f864922f947a6bb D /home/capstone/project/test_files/000781.xls.lck
[10859] f864922f947a6bb O /home/capstone/project/test_files/000535.jpg
[10859] f864922f947a6bb O /home/capstone/project/test_files/000693.doc
[10859] f864922f947a6bb C /home/capstone/project/test_files/000436.html.lck
[10859] f864922f947a6bb O /home/capstone/project/test_files/000436.html
[10859] f864922f947a6bb C /home/capstone/project/test_files/000164.pdf.lck
[10859] f864922f947a6bb O /home/capstone/project/test_files/000164.pdf
[10859] f864922f947a6bb O /home/capstone/project/test_files/000074.html
[10859] f864922f947a6bb C /home/capstone/project/test_files/000173.html.lck
[10859] f864922f947a6bb O /home/capstone/project/test_files/000173.html
[10859] f864922f947a6bb D /home/capstone/project/test_files/000693.doc.lck
[10859] f864922f947a6bb D /home/capstone/project/test_files/000436.html.lck
[10859] f864922f947a6bb D /home/capstone/project/test_files/000535.jpg.lck
[10859] f864922f947a6bb C /home/capstone/project/test_files/000239.jpg.lck
[10859] f864922f947a6bb O /home/capstone/project/test_files/000239.jpg
[10859] f864922f947a6bb D /home/capstone/project/test_files/000074.html.lck
[10859] f864922f947a6bb C /home/capstone/project/test_files/000812.html.lck
[10859] f864922f947a6bb O /home/capstone/project/test_files/000812.html
[10859] f864922f947a6bb C /home/capstone/project/test_files/000030.xls.lck
[10859] f864922f947a6bb O /home/capstone/project/test_files/000030.xls
[10859] f864922f947a6bb C /home/capstone/project/test_files/000730.ps.lck
[10859] f864922f947a6bb O /home/capstone/project/test_files/000730.ps
[10859] f864922f947a6bb D /home/capstone/project/test_files/000812.html.lck
[10859] f864922f947a6bb D /home/capstone/project/test_files/000239.jpg.lck
[10859] f864922f947a6bb C /home/capstone/project/test_files/000850.txt.lck
[10859] f864922f947a6bb O /home/capstone/project/test_files/000850.txt
[10859] f864922f947a6bb C /home/capstone/project/test_files/000079.html.lck
[10859] f864922f947a6bb O /home/capstone/project/test_files/000079.html
[10859] f864922f947a6bb D /home/capstone/project/test_files/000173.html.lck
[10859] f864922f947a6bb D /home/capstone/project/test_files/000850.txt.lck
[10859] f864922f947a6bb C /home/capstone/project/test_files/000018.pdf.lck
[10859] f864922f947a6bb O /home/capstone/project/test_files/000018.pdf
[10859] f864922f947a6bb C /home/capstone/project/test_files/000003.doc.lck
[10859] f864922f947a6bb O /home/capstone/project/test_files/000003.doc
[10859] f864922f947a6bb C /home/capstone/project/test_files/000594.pdf.lck
[10859] f864922f947a6bb O /home/capstone/project/test_files/000594.pdf
[10859] f864922f947a6bb C /home/capstone/project/test_files/000689.csv.lck
[10859] f864922f947a6bb O /home/capstone/project/test_files/000689.csv
[10859] f864922f947a6bb C /home/capstone/project/test_files/000641.txt.lck
[10859] f864922f947a6bb O /home/capstone/project/test_files/000641.txt
[10859] f864922f947a6bb D /home/capstone/project/test_files/000594.pdf.lck
[10859] f864922f947a6bb D /home/capstone/project/test_files/000689.csv.lck
[10859] f864922f947a6bb D /home/capstone/project/test_files/000079.html.lck
[10859] f864922f947a6bb D /home/capstone/project/test_files/000003.doc.lck
[10859] f864922f947a6bb D /home/capstone/project/test_files/000018.pdf.lck
[10859] f864922f947a6bb C /home/capstone/project/test_files/000066.html.lck
[10859] f864922f947a6bb O /home/capstone/project/test_files/000066.html
[10859] f864922f947a6bb D /home/capstone/project/test_files/000066.html.lck
[10859] f864922f947a6bb D /home/capstone/project/test_files/000641.txt.lck
[10859] f864922f947a6bb C /home/capstone/project/test_files/000192.html.lck
[10859] f864922f947a6bb O /home/capstone/project/test_files/000192.html
[10859] f864922f947a6bb C /home/capstone/project/test_files/000388.xls.lck
[10859] f864922f947a6bb O /home/capstone/project/test_files/000388.xls
[10859] f864922f947a6bb C /home/capstone/project/test_files/000198.html.lck
[10859] f864922f947a6bb O /home/capstone/project/test_files/000198.html
[10859] f864922f947a6bb C /home/capstone/project/test_files/000359.pdf.lck
[10859] f864922f947a6bb O /home/capstone/project/test_files/000359.pdf
[10859] f864922f947a6bb D /home/capstone/project/test_files/000192.html.lck
[10859] f864922f947a6bb D /home/capstone/project/test_files/000198.html.lck
[10859] f864922f947a6bb C /home/capstone/project/test_files/000667.txt.lck
[10859] f864922f947a6bb O /home/capstone/project/test_files/000667.txt
[10859] f864922f947a6bb D /home/capstone/project/test_files/000388.xls.lck
[10859] f864922f947a6bb C /home/capstone/project/test_files/000736.gz.lck
[10859] f864922f947a6bb O /home/capstone/project/test_files/000736.gz
[10859] f864922f947a6bb C /home/capstone/project/test_files/000325.pdf.lck
[10859] f864922f947a6bb O /home/capstone/project/test_files/000325.pdf
[10859] f864922f947a6bb D /home/capstone/project/test_files/000667.txt.lck
[10859] f864922f947a6bb C /home/capstone/project/test_files/000852.txt.lck
[10859] f864922f947a6bb O /home/capstone/project/test_files/000852.txt
[10859] f864922f947a6bb C /home/capstone/project/test_files/000092.txt.lck
[10859] f864922f947a6bb O /home/capstone/project/test_files/000092.txt
[10859] f864922f947a6bb D /home/capstone/project/test_files/000730.ps.lck
[10859] f864922f947a6bb C /home/capstone/project/test_files/000456.html.lck
[10859] f864922f947a6bb O /home/capstone/project/test_files/000456.html
[10859] f864922f947a6bb D /home/capstone/project/test_files/000092.txt.lck
[10859] f864922f947a6bb D /home/capstone/project/test_files/000852.txt.lck
[10859] f864922f947a6bb C /home/capstone/project/test_files/000053.xls.lck
[10859] f864922f947a6bb O /home/capstone/project/test_files/000053.xls
[10859] f864922f947a6bb C /home/capstone/project/test_files/000300.ppt.lck
[10859] f864922f947a6bb O /home/capstone/project/test_files/000300.ppt
[10859] f864922f947a6bb C /home/capstone/project/test_files/000416.html.lck
[10859] f864922f947a6bb O /home/capstone/project/test_files/000416.html
[10859] f864922f947a6bb C /home/capstone/project/test_files/000399.xls.lck
[10859] f864922f947a6bb O /home/capstone/project/test_files/000399.xls
[10859] f864922f947a6bb C /home/capstone/project/test_files/000711.ppt.lck
[10859] f864922f947a6bb O /home/capstone/project/test_files/000711.ppt
[10859] f864922f947a6bb C /home/capstone/project/test_files/000358.pdf.lck
[10859] f864922f947a6bb O /home/capstone/project/test_files/000358.pdf
[10859] f864922f947a6bb C /home/capstone/project/test_files/000190.html.lck
[10859] f864922f947a6bb O /home/capstone/project/test_files/000190.html
[10859] f864922f947a6bb C /home/capstone/project/test_files/ziUrAJ8W.lck
[10859] f864922f947a6bb O /home/capstone/project/test_files/ziUrAJ8W
[10859] f864922f947a6bb D /home/capstone/project/test_files/000052.xls.lck
[10859] f864922f947a6bb D /home/capstone/project/test_files/000416.html.lck
[10859] f864922f947a6bb D /home/capstone/project/test_files/000399.xls.lck
[10859] f864922f947a6bb D /home/capstone/project/test_files/000300.ppt.lck
[10859] f864922f947a6bb D /home/capstone/project/test_files/000358.pdf.lck
[10859] f864922f947a6bb C /home/capstone/project/test_files/000221.txt.lck
[10859] f864922f947a6bb O /home/capstone/project/test_files/000221.txt
[10859] f864922f947a6bb D /home/capstone/project/test_files/000325.pdf.lck
[10859] f864922f947a6bb D /home/capstone/project/test_files/000221.txt.lck
[10859] f864922f947a6bb C /home/capstone/project/test_files/000789.html.lck
[10859] f864922f947a6bb O /home/capstone/project/test_files/000789.html
[10859] f864922f947a6bb D /home/capstone/project/test_files/000456.html.lck
[10859] f864922f947a6bb C /home/capstone/project/test_files/000266.pdf.lck
[10859] f864922f947a6bb O /home/capstone/project/test_files/000266.pdf
[10859] f864922f947a6bb C /home/capstone/project/test_files/000467.txt.lck
[10859] f864922f947a6bb O /home/capstone/project/test_files/000467.txt
[10859] f864922f947a6bb C /home/capstone/project/test_files/000600.html.lck
[10859] f864922f947a6bb O /home/capstone/project/test_files/000600.html
[10859] f864922f947a6bb D /home/capstone/project/test_files/000789.html.lck
[10859] f864922f947a6bb D /home/capstone/project/test_files/000600.html.lck
[10859] f864922f947a6bb D /home/capstone/project/test_files/000467.txt.lck
[10859] f864922f947a6bb D /home/capstone/project/test_files/000266.pdf.lck
[10859] f864922f947a6bb C /home/capstone/project/test_files/000686.doc.lck
[10859] f864922f947a6bb O /home/capstone/project/test_files/000686.doc
[10859] f864922f947a6bb C /home/capstone/project/test_files/000480.txt.lck
[10859] f864922f947a6bb O /home/capstone/project/test_files/000480.txt
[10859] f864922f947a6bb D /home/capstone/project/test_files/000686.doc.lck
[10859] f864922f947a6bb D /home/capstone/project/test_files/000480.txt.lck
[10859] f864922f947a6bb C /home/capstone/project/test_files/000175.ppt.lck
[10859] f864922f947a6bb O /home/capstone/project/test_files/000175.ppt
[10859] f864922f947a6bb C /home/capstone/project/test_files/000170.xls.lck
[10859] f864922f947a6bb O /home/capstone/project/test_files/000170.xls
[10859] f864922f947a6bb C /home/capstone/project/test_files/000616.html.lck
[10859] f864922f947a6bb O /home/capstone/project/test_files/000616.html
[10859] f864922f947a6bb D /home/capstone/project/test_files/000616.html.lck
[10859] f864922f947a6bb D /home/capstone/project/test_files/000508.jpg.lck
[10859] f864922f947a6bb C /home/capstone/project/test_files/000722.csv.lck
[10859] f864922f947a6bb O /home/capstone/project/test_files/000722.csv
[10859] f864922f947a6bb C /home/capstone/project/test_files/000130.doc.lck
[10859] f864922f947a6bb O /home/capstone/project/test_files/000130.doc
[10859] f864922f947a6bb C /home/capstone/project/test_files/000832.txt.lck
[10859] f864922f947a6bb O /home/capstone/project/test_files/000832.txt
[10859] f864922f947a6bb D /home/capstone/project/test_files/000722.csv.lck
[10859] f864922f947a6bb D /home/capstone/project/test_files/000832.txt.lck
[10859] f864922f947a6bb C /home/capstone/project/test_files/000977.doc.lck
[10859] f864922f947a6bb O /home/capstone/project/test_files/000977.doc
[10859] f864922f947a6bb C /home/capstone/project/test_files/000808.html.lck
[10859] f864922f947a6bb O /home/capstone/project/test_files/000808.html
[10859] f864922f947a6bb C /home/capstone/project/test_files/000601.html.lck
[10859] f864922f947a6bb O /home/capstone/project/test_files/000601.html
[10859] f864922f947a6bb C /home/capstone/project/test_files/000487.txt.lck
[10859] f864922f947a6bb O /home/capstone/project/test_files/000487.txt
[10859] f864922f947a6bb C /home/capstone/project/test_files/000025.pdf.lck
[10859] f864922f947a6bb O /home/capstone/project/test_files/000025.pdf
[10859] f864922f947a6bb D /home/capstone/project/test_files/000341.pdf.lck
[10859] f864922f947a6bb D /home/capstone/project/test_files/000487.txt.lck
[10859] f864922f947a6bb C /home/capstone/project/test_files/000197.html.lck
[10859] f864922f947a6bb O /home/capstone/project/test_files/000197.html
[10859] f864922f947a6bb C /home/capstone/project/test_files/000280.pdf.lck
[10859] f864922f947a6bb O /home/capstone/project/test_files/000280.pdf
[10859] f864922f947a6bb D /home/capstone/project/test_files/000025.pdf.lck
[10859] f864922f947a6bb C /home/capstone/project/test_files/000548.gif.lck
[10859] f864922f947a6bb O /home/capstone/project/test_files/000548.gif
[10859] f864922f947a6bb C /home/capstone/project/test_files/000301.ppt.lck
[10859] f864922f947a6bb O /home/capstone/project/test_files/000301.ppt
[10859] f864922f947a6bb D /home/capstone/project/test_files/000548.gif.lck
[10859] f864922f947a6bb D /home/capstone/project/test_files/000197.html.lck
[10859] f864922f947a6bb C /home/capstone/project/test_files/000228.txt.lck
[10859] f864922f947a6bb O /home/capstone/project/test_files/000228.txt
[10859] f864922f947a6bb C /home/capstone/project/test_files/000640.html.lck
[10859] f864922f947a6bb O /home/capstone/project/test_files/000640.html
[10859] f864922f947a6bb C /home/capstone/project/test_files/000561.gif.lck
[10859] f864922f947a6bb O /home/capstone/project/test_files/000561.gif
[10859] f864922f947a6bb D /home/capstone/project/test_files/000301.ppt.lck
[10859] f864922f947a6bb C /home/capstone/project/test_files/000820.html.lck
[10859] f864922f947a6bb O /home/capstone/project/test_files/000820.html
[10859] f864922f947a6bb D /home/capstone/project/test_files/000359.pdf.lck
[10859] f864922f947a6bb D /home/capstone/project/test_files/000820.html.lck
[10859] f864922f947a6bb C /home/capstone/project/test_files/000062.html.lck
[10859] f864922f947a6bb O /home/capstone/project/test_files/000062.html
[10859] f864922f947a6bb D /home/capstone/project/test_files/000640.html.lck
[10859] f864922f947a6bb D /home/capstone/project/test_files/000561.gif.lck
[10859] f864922f947a6bb D /home/capstone/project/test_files/000062.html.lck
[10859] f864922f947a6bb D /home/capstone/project/test_files/000164.pdf.lck
[10859] f864922f947a6bb C /home/capstone/project/test_files/000044.xls.lck
[10859] f864922f947a6bb O /home/capstone/project/test_files/000044.xls
[10859] f864922f947a6bb C /home/capstone/project/test_files/000634.html.lck
[10859] f864922f947a6bb O /home/capstone/project/test_files/000634.html
[10859] f864922f947a6bb C /home/capstone/project/test_files/000360.pdf.lck
[10859] f864922f947a6bb O /home/capstone/project/test_files/000360.pdf
[10859] f864922f947a6bb C /home/capstone/project/test_files/000097.ps.lck
[10859] f864922f947a6bb O /home/capstone/project/test_files/000097.ps
[10859] f864922f947a6bb D /home/capstone/project/test_files/000044.xls.lck
[10859] f864922f947a6bb C /home/capstone/project/test_files/000661.txt.lck
[10859] f864922f947a6bb O /home/capstone/project/test_files/000661.txt
[10859] f864922f947a6bb C /home/capstone/project/test_files/000669.txt.lck
[10859] f864922f947a6bb O /home/capstone/project/test_files/000669.txt
[10859] f864922f947a6bb C /home/capstone/project/test_files/000577.pdf.lck
[10859] f864922f947a6bb O /home/capstone/project/test_files/000577.pdf
[10859] f864922f947a6bb C /home/capstone/project/test_files/000747.pdf.lck
[10859] f864922f947a6bb O /home/capstone/project/test_files/000747.pdf
[10859] f864922f947a6bb D /home/capstone/project/test_files/000360.pdf.lck
[10859] f864922f947a6bb C /home/capstone/project/test_files/000444.pdf.lck
[10859] f864922f947a6bb O /home/capstone/project/test_files/000444.pdf
[10859] f864922f947a6bb C /home/capstone/project/test_files/000990.ppt.lck
[10859] f864922f947a6bb O /home/capstone/project/test_files/000990.ppt
[10859] f864922f947a6bb D /home/capstone/project/test_files/000577.pdf.lck
[10859] f864922f947a6bb D /home/capstone/project/test_files/000634.html.lck
[10859] f864922f947a6bb C /home/capstone/project/test_files/000541.jpg.lck
[10859] f864922f947a6bb O /home/capstone/project/test_files/000541.jpg
[10859] f864922f947a6bb D /home/capstone/project/test_files/000747.pdf.lck
[10859] f864922f947a6bb C /home/capstone/project/test_files/000991.ppt.lck
[10859] f864922f947a6bb O /home/capstone/project/test_files/000991.ppt
[10859] f864922f947a6bb C /home/capstone/project/test_files/000177.pdf.lck
[10859] f864922f947a6bb O /home/capstone/project/test_files/000177.pdf
[10859] f864922f947a6bb C /home/capstone/project/test_files/000292.ppt.lck
[10859] f864922f947a6bb O /home/capstone/project/test_files/000292.ppt
[10859] f864922f947a6bb D /home/capstone/project/test_files/000661.txt.lck
[10859] f864922f947a6bb D /home/capstone/project/test_files/000097.ps.lck
[10859] f864922f947a6bb C /home/capstone/project/test_files/000795.doc.lck
[10859] f864922f947a6bb O /home/capstone/project/test_files/000795.doc
[10859] f864922f947a6bb C /home/capstone/project/test_files/000799.doc.lck
[10859] f864922f947a6bb O /home/capstone/project/test_files/000799.doc
[10859] f864922f947a6bb C /home/capstone/project/test_files/000883.jpg.lck
[10859] f864922f947a6bb O /home/capstone/project/test_files/000883.jpg
[10859] f864922f947a6bb D /home/capstone/project/test_files/000541.jpg.lck
[10859] f864922f947a6bb D /home/capstone/project/test_files/000108.jpg.lck
[10859] f864922f947a6bb C /home/capstone/project/test_files/000626.txt.lck
[10859] f864922f947a6bb O /home/capstone/project/test_files/000626.txt
[10859] f864922f947a6bb D /home/capstone/project/test_files/000880.jpg.lck
[10859] f864922f947a6bb D /home/capstone/project/test_files/000626.txt.lck
[10859] f864922f947a6bb D /home/capstone/project/test_files/000130.doc.lck
[10859] f864922f947a6bb C /home/capstone/project/test_files/000057.html.lck
[10859] f864922f947a6bb O /home/capstone/project/test_files/000057.html
[10859] f864922f947a6bb C /home/capstone/project/test_files/000581.pdf.lck
[10859] f864922f947a6bb O /home/capstone/project/test_files/000581.pdf
[10859] f864922f947a6bb D /home/capstone/project/test_files/000525.gif.lck
[10859] f864922f947a6bb D /home/capstone/project/test_files/000277.doc.lck
[10859] f864922f947a6bb D /home/capstone/project/test_files/000057.html.lck
[10859] f864922f947a6bb D /home/capstone/project/test_files/000581.pdf.lck
[10859] f864922f947a6bb C /home/capstone/project/test_files/000623.html.lck
[10859] f864922f947a6bb O /home/capstone/project/test_files/000623.html
[10859] f864922f947a6bb D /home/capstone/project/test_files/000623.html.lck
[10859] f864922f947a6bb C /home/capstone/project/test_files/000392.xls.lck
[10859] f864922f947a6bb O /home/capstone/project/test_files/000392.xls
[10859] f864922f947a6bb C /home/capstone/project/test_files/000167.ppt.lck
[10859] f864922f947a6bb O /home/capstone/project/test_files/000167.ppt
[10859] f864922f947a6bb D /home/capstone/project/test_files/000392.xls.lck
[10859] f864922f947a6bb D /home/capstone/project/test_files/000142.pdf.lck
[10859] f864922f947a6bb C /home/capstone/project/test_files/000121.doc.lck
[10859] f864922f947a6bb O /home/capstone/project/test_files/000121.doc
[10859] f864922f947a6bb D /home/capstone/project/test_files/000931.txt.lck
[10859] f864922f947a6bb C /home/capstone/project/test_files/000398.xls.lck
[10859] f864922f947a6bb O /home/capstone/project/test_files/000398.xls
[10859] f864922f947a6bb D /home/capstone/project/test_files/000121.doc.lck
[10859] f864922f947a6bb D /home/capstone/project/test_files/000398.xls.lck
[10859] f864922f947a6bb C /home/capstone/project/test_files/000083.unk.lck
[10859] f864922f947a6bb O /home/capstone/project/test_files/000083.unk
[10859] f864922f947a6bb D /home/capstone/project/test_files/000280.pdf.lck
[10859] f864922f947a6bb C /home/capstone/project/test_files/000377.xls.lck
[10859] f864922f947a6bb O /home/capstone/project/test_files/000377.xls
[10859] f864922f947a6bb D /home/capstone/project/test_files/000795.doc.lck
[10859] f864922f947a6bb C /home/capstone/project/test_files/000876.jpg.lck
[10859] f864922f947a6bb O /home/capstone/project/test_files/000876.jpg
[10859] f864922f947a6bb D /home/capstone/project/test_files/000377.xls.lck
[10859] f864922f947a6bb C /home/capstone/project/test_files/000065.html.lck
[10859] f864922f947a6bb O /home/capstone/project/test_files/000065.html
[10859] f864922f947a6bb D /home/capstone/project/test_files/000167.ppt.lck
[10859] f864922f947a6bb D /home/capstone/project/test_files/000033.xls.lck
[10859] f864922f947a6bb D /home/capstone/project/test_files/000065.html.lck
[10859] f864922f947a6bb D /home/capstone/project/test_files/000444.pdf.lck
[10859] f864922f947a6bb D /home/capstone/project/test_files/000228.txt.lck
[10859] f864922f947a6bb C /home/capstone/project/test_files/000857.txt.lck
[10859] f864922f947a6bb O /home/capstone/project/test_files/000857.txt
[10859] f864922f947a6bb C /home/capstone/project/test_files/000544.jpg.lck
[10859] f864922f947a6bb O /home/capstone/project/test_files/000544.jpg
[10859] f864922f947a6bb C /home/capstone/project/test_files/000842.txt.lck
[10859] f864922f947a6bb O /home/capstone/project/test_files/000842.txt
[10859] f864922f947a6bb C /home/capstone/project/test_files/000815.html.lck
[10859] f864922f947a6bb O /home/capstone/project/test_files/000815.html
[10859] f864922f947a6bb D /home/capstone/project/test_files/000857.txt.lck
[10859] f864922f947a6bb D /home/capstone/project/test_files/000842.txt.lck
[10859] f864922f947a6bb D /home/capstone/project/test_files/000815.html.lck
[10859] f864922f947a6bb C /home/capstone/project/test_files/000960.doc.lck
[10859] f864922f947a6bb O /home/capstone/project/test_files/000960.doc
[10859] f864922f947a6bb D /home/capstone/project/test_files/000960.doc.lck
[10859] f864922f947a6bb C /home/capstone/project/test_files/000702.ps.lck
[10859] f864922f947a6bb O /home/capstone/project/test_files/000702.ps
[10859] f864922f947a6bb C /home/capstone/project/test_files/000407.xls.lck
[10859] f864922f947a6bb O /home/capstone/project/test_files/000407.xls
[10859] f864922f947a6bb C /home/capstone/project/test_files/000371.pdf.lck
[10859] f864922f947a6bb O /home/capstone/project/test_files/000371.pdf
[10859] f864922f947a6bb D /home/capstone/project/test_files/000544.jpg.lck
[10859] f864922f947a6bb D /home/capstone/project/test_files/000407.xls.lck
[10859] f864922f947a6bb C /home/capstone/project/test_files/000755.pdf.lck
[10859] f864922f947a6bb O /home/capstone/project/test_files/000755.pdf
[10859] f864922f947a6bb C /home/capstone/project/test_files/000879.jpg.lck
[10859] f864922f947a6bb O /home/capstone/project/test_files/000879.jpg
[10859] f864922f947a6bb C /home/capstone/project/test_files/000491.txt.lck
[10859] f864922f947a6bb O /home/capstone/project/test_files/000491.txt
[10859] f864922f947a6bb C /home/capstone/project/test_files/000029.pdf.lck
[10859] f864922f947a6bb O /home/capstone/project/test_files/000029.pdf
[10859] f864922f947a6bb C /home/capstone/project/test_files/000357.pdf.lck
[10859] f864922f947a6bb O /home/capstone/project/test_files/000357.pdf
[10859] f864922f947a6bb D /home/capstone/project/test_files/000491.txt.lck
[10859] f864922f947a6bb C /home/capstone/project/test_files/000421.html.lck
[10859] f864922f947a6bb O /home/capstone/project/test_files/000421.html
[10859] f864922f947a6bb C /home/capstone/project/test_files/000288.ppt.lck
[10859] f864922f947a6bb O /home/capstone/project/test_files/000288.ppt
[10859] f864922f947a6bb D /home/capstone/project/test_files/000371.pdf.lck
[10859] f864922f947a6bb D /home/capstone/project/test_files/000357.pdf.lck
[10859] f864922f947a6bb D /home/capstone/project/test_files/000421.html.lck
[10859] f864922f947a6bb C /home/capstone/project/test_files/000514.jpg.lck
[10859] f864922f947a6bb O /home/capstone/project/test_files/000514.jpg
[10859] f864922f947a6bb C /home/capstone/project/test_files/000892.html.lck
[10859] f864922f947a6bb O /home/capstone/project/test_files/000892.html
[10859] f864922f947a6bb C /home/capstone/project/test_files/000644.txt.lck
[10859] f864922f947a6bb O /home/capstone/project/test_files/000644.txt
[10859] f864922f947a6bb C /home/capstone/project/test_files/000225.f.lck
[10859] f864922f947a6bb O /home/capstone/project/test_files/000225.f
[10859] f864922f947a6bb D /home/capstone/project/test_files/000892.html.lck
[10859] f864922f947a6bb D /home/capstone/project/test_files/000514.jpg.lck
[10859] f864922f947a6bb D /home/capstone/project/test_files/000644.txt.lck
[10859] f864922f947a6bb D /home/capstone/project/test_files/000959.xls.lck
[10859] f864922f947a6bb C /home/capstone/project/test_files/000383.xls.lck
[10859] f864922f947a6bb O /home/capstone/project/test_files/000383.xls
[10859] f864922f947a6bb D /home/capstone/project/test_files/000787.html.lck
[10859] f864922f947a6bb C /home/capstone/project/test_files/000035.xls.lck
[10859] f864922f947a6bb C /home/capstone/project/test_files/000391.xls.lck
[10859] f864922f947a6bb C /home/capstone/project/test_files/000036.xls.lck
[10859] f864922f947a6bb C /home/capstone/project/test_files/000950.doc.lck
[10859] f864922f947a6bb O /home/capstone/project/test_files/000950.doc
[10859] f864922f947a6bb C /home/capstone/project/test_files/000200.html.lck
[10859] f864922f947a6bb O /home/capstone/project/test_files/000200.html
[10859] f864922f947a6bb D /home/capstone/project/test_files/000612.html.lck
[10859] f864922f947a6bb D /home/capstone/project/test_files/000465.unk.lck
[10859] f864922f947a6bb D /home/capstone/project/test_files/000950.doc.lck
[10859] f864922f947a6bb C /home/capstone/project/test_files/000375.xls.lck
[10859] f864922f947a6bb O /home/capstone/project/test_files/000375.xls
[10859] f864922f947a6bb D /home/capstone/project/test_files/000375.xls.lck
[10859] f864922f947a6bb D /home/capstone/project/test_files/000200.html.lck
[10859] f864922f947a6bb C /home/capstone/project/test_files/000400.jpg.lck
[10859] f864922f947a6bb O /home/capstone/project/test_files/000400.jpg
[10859] f864922f947a6bb C /home/capstone/project/test_files/000453.html.lck
[10859] f864922f947a6bb O /home/capstone/project/test_files/000453.html
[10859] f864922f947a6bb C /home/capstone/project/test_files/000792.html.lck
[10859] f864922f947a6bb O /home/capstone/project/test_files/000792.html
[10859] f864922f947a6bb D /home/capstone/project/test_files/000792.html.lck
[10859] f864922f947a6bb D /home/capstone/project/test_files/000383.xls.lck
[10859] f864922f947a6bb D /home/capstone/project/test_files/000453.html.lck
[10859] f864922f947a6bb D /home/capstone/project/test_files/000736.gz.lck
[10859] f864922f947a6bb D /home/capstone/project/test_files/000755.pdf.lck
[10859] f864922f947a6bb D /home/capstone/project/test_files/000400.jpg.lck
[10859] f864922f947a6bb C /home/capstone/project/test_files/000103.txt.lck
[10859] f864922f947a6bb O /home/capstone/project/test_files/000103.txt
[10859] f864922f947a6bb C /home/capstone/project/test_files/000403.xls.lck
[10859] f864922f947a6bb O /home/capstone/project/test_files/000403.xls
[10859] f864922f947a6bb C /home/capstone/project/test_files/000124.doc.lck
[10859] f864922f947a6bb O /home/capstone/project/test_files/000124.doc
[10859] f864922f947a6bb C /home/capstone/project/test_files/000215.html.lck
[10859] f864922f947a6bb O /home/capstone/project/test_files/000215.html
[10859] f864922f947a6bb D /home/capstone/project/test_files/000876.jpg.lck
[10859] f864922f947a6bb C /home/capstone/project/test_files/000916.html.lck
[10859] f864922f947a6bb O /home/capstone/project/test_files/000916.html
[10859] f864922f947a6bb D /home/capstone/project/test_files/000403.xls.lck
[10859] f864922f947a6bb D /home/capstone/project/test_files/000103.txt.lck
[10859] f864922f947a6bb D /home/capstone/project/test_files/000215.html.lck
[10859] f864922f947a6bb D /home/capstone/project/test_files/000916.html.lck
[10859] f864922f947a6bb D /home/capstone/project/test_files/000288.ppt.lck
[10859] f864922f947a6bb C /home/capstone/project/test_files/000010.pdf.lck
[10859] f864922f947a6bb O /home/capstone/project/test_files/000010.pdf
[10859] f864922f947a6bb D /home/capstone/project/test_files/000879.jpg.lck
[10859] f864922f947a6bb D /home/capstone/project/test_files/000010.pdf.lck
[10859] f864922f947a6bb C /home/capstone/project/test_files/000043.xls.lck
[10859] f864922f947a6bb O /home/capstone/project/test_files/000043.xls
[10859] f864922f947a6bb C /home/capstone/project/test_files/000651.txt.lck
[10859] f864922f947a6bb O /home/capstone/project/test_files/000651.txt
[10859] f864922f947a6bb D /home/capstone/project/test_files/000373.pdf.lck
[10859] f864922f947a6bb O /home/capstone/project/test_files/000035.xls
[10859] f864922f947a6bb O /home/capstone/project/test_files/000391.xls
[10859] f864922f947a6bb O /home/capstone/project/test_files/000036.xls
[10859] f864922f947a6bb C /home/capstone/project/test_files/000370.pdf.lck
[10859] f864922f947a6bb O /home/capstone/project/test_files/000370.pdf
[10859] f864922f947a6bb D /home/capstone/project/test_files/000651.txt.lck
[10859] f864922f947a6bb D /home/capstone/project/test_files/000035.xls.lck
[10859] f864922f947a6bb D /home/capstone/project/test_files/000036.xls.lck
[10859] f864922f947a6bb D /home/capstone/project/test_files/000391.xls.lck
[10859] f864922f947a6bb D /home/capstone/project/test_files/000370.pdf.lck
[10859] f864922f947a6bb C /home/capstone/project/test_files/000897.jpg.lck
[10859] f864922f947a6bb O /home/capstone/project/test_files/000897.jpg
[10859] f864922f947a6bb D /home/capstone/project/test_files/000897.jpg.lck
[10859] f864922f947a6bb C /home/capstone/project/test_files/000522.gif.lck
[10859] f864922f947a6bb O /home/capstone/project/test_files/000522.gif
[10859] f864922f947a6bb C /home/capstone/project/test_files/000061.html.lck
[10859] f864922f947a6bb O /home/capstone/project/test_files/000061.html
[10859] f864922f947a6bb C /home/capstone/project/test_files/000859.pdf.lck
[10859] f864922f947a6bb O /home/capstone/project/test_files/000859.pdf
[10859] f864922f947a6bb C /home/capstone/project/test_files/000576.csv.lck
[10859] f864922f947a6bb O /home/capstone/project/test_files/000576.csv
[10859] f864922f947a6bb C /home/capstone/project/test_files/000415.html.lck
[10859] f864922f947a6bb O /home/capstone/project/test_files/000415.html
[10859] f864922f947a6bb C /home/capstone/project/test_files/000671.pdf.lck
[10859] f864922f947a6bb O /home/capstone/project/test_files/000671.pdf
[10859] f864922f947a6bb C /home/capstone/project/test_files/000944.doc.lck
[10859] f864922f947a6bb O /home/capstone/project/test_files/000944.doc
[10859] f864922f947a6bb C /home/capstone/project/test_files/000724.ppt.lck
[10859] f864922f947a6bb O /home/capstone/project/test_files/000724.ppt
[10859] f864922f947a6bb D /home/capstone/project/test_files/000061.html.lck
[10859] f864922f947a6bb D /home/capstone/project/test_files/000576.csv.lck
[10859] f864922f947a6bb D /home/capstone/project/test_files/000952.doc.lck
[10859] f864922f947a6bb C /home/capstone/project/test_files/000900.jpg.lck
[10859] f864922f947a6bb O /home/capstone/project/test_files/000900.jpg
[10859] f864922f947a6bb D /home/capstone/project/test_files/000900.jpg.lck
[10859] f864922f947a6bb D /home/capstone/project/test_files/000944.doc.lck
[10859] f864922f947a6bb D /home/capstone/project/test_files/000724.ppt.lck
[10859] f864922f947a6bb D /home/capstone/project/test_files/000522.gif.lck
[10859] f864922f947a6bb C /home/capstone/project/test_files/000532.jpg.lck
[10859] f864922f947a6bb O /home/capstone/project/test_files/000532.jpg
[10859] f864922f947a6bb C /home/capstone/project/test_files/000646.txt.lck
[10859] f864922f947a6bb O /home/capstone/project/test_files/000646.txt
[10859] f864922f947a6bb D /home/capstone/project/test_files/000646.txt.lck
[10859] f864922f947a6bb C /home/capstone/project/test_files/000573.swf.lck
[10859] f864922f947a6bb O /home/capstone/project/test_files/000573.swf
[10859] f864922f947a6bb C /home/capstone/project/test_files/000242.jpg.lck
[10859] f864922f947a6bb O /home/capstone/project/test_files/000242.jpg
[10859] f864922f947a6bb C /home/capstone/project/test_files/000161.pdf.lck
[10859] f864922f947a6bb O /home/capstone/project/test_files/000161.pdf
[10859] f864922f947a6bb C /home/capstone/project/test_files/000447.html.lck
[10859] f864922f947a6bb O /home/capstone/project/test_files/000447.html
[10859] f864922f947a6bb C /home/capstone/project/test_files/000321.ppt.lck
[10859] f864922f947a6bb O /home/capstone/project/test_files/000321.ppt
[10859] f864922f947a6bb C /home/capstone/project/test_files/000276.doc.lck
[10859] f864922f947a6bb O /home/capstone/project/test_files/000276.doc
[10859] f864922f947a6bb C /home/capstone/project/test_files/000166.pdf.lck
[10859] f864922f947a6bb O /home/capstone/project/test_files/000166.pdf
[10859] f864922f947a6bb C /home/capstone/project/test_files/000650.txt.lck
[10859] f864922f947a6bb O /home/capstone/project/test_files/000650.txt
[10859] f864922f947a6bb C /home/capstone/project/test_files/000144.doc.lck
[10859] f864922f947a6bb O /home/capstone/project/test_files/000144.doc
[10859] f864922f947a6bb D /home/capstone/project/test_files/000447.html.lck
[10859] f864922f947a6bb D /home/capstone/project/test_files/000573.swf.lck
[10859] f864922f947a6bb D /home/capstone/project/test_files/000166.pdf.lck
[10859] f864922f947a6bb C /home/capstone/project/test_files/000295.ppt.lck
[10859] f864922f947a6bb O /home/capstone/project/test_files/000295.ppt
[10859] f864922f947a6bb D /home/capstone/project/test_files/000161.pdf.lck
[10859] f864922f947a6bb D /home/capstone/project/test_files/000702.ps.lck
[10859] f864922f947a6bb C /home/capstone/project/test_files/000446.html.lck
[10859] f864922f947a6bb O /home/capstone/project/test_files/000446.html
[10859] f864922f947a6bb D /home/capstone/project/test_files/000275.doc.lck
[10859] f864922f947a6bb D /home/capstone/project/test_files/000741.log.lck
[10859] f864922f947a6bb C /home/capstone/project/test_files/000967.doc.lck
[10859] f864922f947a6bb O /home/capstone/project/test_files/000967.doc
[10859] f864922f947a6bb D /home/capstone/project/test_files/000967.doc.lck
[10859] f864922f947a6bb C /home/capstone/project/test_files/000046.xls.lck
[10859] f864922f947a6bb O /home/capstone/project/test_files/000046.xls
[10859] f864922f947a6bb C /home/capstone/project/test_files/000088.txt.lck
[10859] f864922f947a6bb O /home/capstone/project/test_files/000088.txt
[10859] f864922f947a6bb C /home/capstone/project/test_files/000975.xml.lck
[10859] f864922f947a6bb O /home/capstone/project/test_files/000975.xml
[10859] f864922f947a6bb C /home/capstone/project/test_files/000387.txt.lck
[10859] f864922f947a6bb O /home/capstone/project/test_files/000387.txt
[10859] f864922f947a6bb C /home/capstone/project/test_files/000195.html.lck
[10859] f864922f947a6bb O /home/capstone/project/test_files/000195.html
[10859] f864922f947a6bb D /home/capstone/project/test_files/000243.jpg.lck
[10859] f864922f947a6bb D /home/capstone/project/test_files/000195.html.lck
[10859] f864922f947a6bb D /home/capstone/project/test_files/000532.jpg.lck
[10859] f864922f947a6bb C /home/capstone/project/test_files/000885.pdf.lck
[10859] f864922f947a6bb O /home/capstone/project/test_files/000885.pdf
[10859] f864922f947a6bb D /home/capstone/project/test_files/000650.txt.lck
[10859] f864922f947a6bb D /home/capstone/project/test_files/000671.pdf.lck
[10859] f864922f947a6bb D /home/capstone/project/test_files/000885.pdf.lck
[10859] f864922f947a6bb D /home/capstone/project/test_files/000134.ppt.lck
[10859] f864922f947a6bb C /home/capstone/project/test_files/000068.html.lck
[10859] f864922f947a6bb O /home/capstone/project/test_files/000068.html
[10859] f864922f947a6bb D /home/capstone/project/test_files/000050.xls.lck
[10859] f864922f947a6bb C /home/capstone/project/test_files/000058.html.lck
[10859] f864922f947a6bb O /home/capstone/project/test_files/000058.html
[10859] f864922f947a6bb C /home/capstone/project/test_files/000691.doc.lck
[10859] f864922f947a6bb O /home/capstone/project/test_files/000691.doc
[10859] f864922f947a6bb C /home/capstone/project/test_files/000217.html.lck
[10859] f864922f947a6bb O /home/capstone/project/test_files/000217.html
[10859] f864922f947a6bb C /home/capstone/project/test_files/000817.pdf.lck
[10859] f864922f947a6bb O /home/capstone/project/test_files/000817.pdf
[10859] f864922f947a6bb C /home/capstone/project/test_files/000133.ppt.lck
[10859] f864922f947a6bb O /home/capstone/project/test_files/000133.ppt
[10859] f864922f947a6bb D /home/capstone/project/test_files/000058.html.lck
[10859] f864922f947a6bb D /home/capstone/project/test_files/000217.html.lck
[10859] f864922f947a6bb C /home/capstone/project/test_files/000788.doc.lck
[10859] f864922f947a6bb O /home/capstone/project/test_files/000788.doc
[10859] f864922f947a6bb D /home/capstone/project/test_files/000691.doc.lck
[10859] f864922f947a6bb D /home/capstone/project/test_files/000788.doc.lck
[10859] f864922f947a6bb C /home/capstone/project/test_files/000005.doc.lck
[10859] f864922f947a6bb O /home/capstone/project/test_files/000005.doc
[10859] f864922f947a6bb C /home/capstone/project/test_files/000620.txt.lck
[10859] f864922f947a6bb D /home/capstone/project/test_files/000005.doc.lck
[10859] f864922f947a6bb O /home/capstone/project/test_files/000620.txt
[10859] f864922f947a6bb D /home/capstone/project/test_files/000321.ppt.lck
[10859] f864922f947a6bb D /home/capstone/project/test_files/000387.txt.lck
[10859] f864922f947a6bb D /home/capstone/project/test_files/000518.ppt.lck
[10859] f864922f947a6bb C /home/capstone/project/test_files/000445.html.lck
[10859] f864922f947a6bb O /home/capstone/project/test_files/000445.html
[10859] f864922f947a6bb C /home/capstone/project/test_files/000335.xml.lck
[10859] f864922f947a6bb O /home/capstone/project/test_files/000335.xml
[10859] f864922f947a6bb C /home/capstone/project/test_files/000777.xls.lck
[10859] f864922f947a6bb O /home/capstone/project/test_files/000777.xls
[10859] f864922f947a6bb C /home/capstone/project/test_files/000732.ppt.lck
[10859] f864922f947a6bb O /home/capstone/project/test_files/000732.ppt
[10859] f864922f947a6bb D /home/capstone/project/test_files/000335.xml.lck
[10859] f864922f947a6bb D /home/capstone/project/test_files/000445.html.lck
[10859] f864922f947a6bb C /home/capstone/project/test_files/000655.txt.lck
[10859] f864922f947a6bb O /home/capstone/project/test_files/000655.txt
[10859] f864922f947a6bb C /home/capstone/project/test_files/000740.html.lck
[10859] f864922f947a6bb O /home/capstone/project/test_files/000740.html
[10859] f864922f947a6bb D /home/capstone/project/test_files/000655.txt.lck
[10859] f864922f947a6bb D /home/capstone/project/test_files/000740.html.lck
[10859] f864922f947a6bb D /home/capstone/project/test_files/000777.xls.lck
[10859] f864922f947a6bb C /home/capstone/project/test_files/000700.xml.lck
[10859] f864922f947a6bb C /home/capstone/project/test_files/000853.pdf.lck
[10859] f864922f947a6bb C /home/capstone/project/test_files/000828.txt.lck
[10859] f864922f947a6bb O /home/capstone/project/test_files/000828.txt
[10859] f864922f947a6bb C /home/capstone/project/test_files/000214.html.lck
[10859] f864922f947a6bb O /home/capstone/project/test_files/000214.html
[10859] f864922f947a6bb C /home/capstone/project/test_files/000125.doc.lck
[10859] f864922f947a6bb O /home/capstone/project/test_files/000125.doc
[10859] f864922f947a6bb C /home/capstone/project/test_files/000308.ppt.lck
[10859] f864922f947a6bb O /home/capstone/project/test_files/000308.ppt
[10859] f864922f947a6bb D /home/capstone/project/test_files/000125.doc.lck
[10859] f864922f947a6bb C /home/capstone/project/test_files/000313.ppt.lck
[10859] f864922f947a6bb O /home/capstone/project/test_files/000313.ppt
[10859] f864922f947a6bb D /home/capstone/project/test_files/000133.ppt.lck
[10859] f864922f947a6bb D /home/capstone/project/test_files/000732.ppt.lck
[10859] f864922f947a6bb D /home/capstone/project/test_files/000828.txt.lck
[10859] f864922f947a6bb D /home/capstone/project/test_files/000620.txt.lck
[10859] f864922f947a6bb D /home/capstone/project/test_files/000565.csv.lck
[10859] f864922f947a6bb O /home/capstone/project/test_files/000700.xml
[10859] f864922f947a6bb O /home/capstone/project/test_files/000853.pdf
[10859] f864922f947a6bb D /home/capstone/project/test_files/000313.ppt.lck
[10859] f864922f947a6bb C /home/capstone/project/test_files/000219.txt.lck
[10859] f864922f947a6bb O /home/capstone/project/test_files/000219.txt
[10859] f864922f947a6bb D /home/capstone/project/test_files/000700.xml.lck
[10859] f864922f947a6bb D /home/capstone/project/test_files/000817.pdf.lck
[10859] f864922f947a6bb C /home/capstone/project/test_files/000106.txt.lck
[10859] f864922f947a6bb O /home/capstone/project/test_files/000106.txt
[10859] f864922f947a6bb D /home/capstone/project/test_files/000219.txt.lck
[10859] f864922f947a6bb D /home/capstone/project/test_files/000159.pdf.lck
[10859] f864922f947a6bb C /home/capstone/project/test_files/000019.pdf.lck
[10859] f864922f947a6bb O /home/capstone/project/test_files/000019.pdf
[10859] f864922f947a6bb D /home/capstone/project/test_files/000106.txt.lck
[10859] f864922f947a6bb C /home/capstone/project/test_files/000427.html.lck
[10859] f864922f947a6bb O /home/capstone/project/test_files/000427.html
[10859] f864922f947a6bb D /home/capstone/project/test_files/000427.html.lck
[10859] f864922f947a6bb D /home/capstone/project/test_files/000019.pdf.lck
[10859] f864922f947a6bb C /home/capstone/project/test_files/000268.doc.lck
[10859] f864922f947a6bb O /home/capstone/project/test_files/000268.doc
[10859] f864922f947a6bb C /home/capstone/project/test_files/000254.doc.lck
[10859] f864922f947a6bb O /home/capstone/project/test_files/000254.doc
[10859] f864922f947a6bb C /home/capstone/project/test_files/000579.gz.lck
[10859] f864922f947a6bb O /home/capstone/project/test_files/000579.gz
[10859] f864922f947a6bb C /home/capstone/project/test_files/000955.pdf.lck
[10859] f864922f947a6bb O /home/capstone/project/test_files/000955.pdf
[10859] f864922f947a6bb C /home/capstone/project/test_files/000113.doc.lck
[10859] f864922f947a6bb O /home/capstone/project/test_files/000113.doc
[10859] f864922f947a6bb D /home/capstone/project/test_files/000955.pdf.lck
[10859] f864922f947a6bb D /home/capstone/project/test_files/000254.doc.lck
[10859] f864922f947a6bb D /home/capstone/project/test_files/000579.gz.lck
[10859] f864922f947a6bb C /home/capstone/project/test_files/000807.pdf.lck
[10859] f864922f947a6bb O /home/capstone/project/test_files/000807.pdf
[10859] f864922f947a6bb D /home/capstone/project/test_files/000268.doc.lck
[10859] f864922f947a6bb D /home/capstone/project/test_files/000779.xls.lck
[10859] f864922f947a6bb D /home/capstone/project/test_files/000029.pdf.lck
[10859] f864922f947a6bb C /home/capstone/project/test_files/000356.pdf.lck
[10859] f864922f947a6bb O /home/capstone/project/test_files/000356.pdf
[10859] f864922f947a6bb C /home/capstone/project/test_files/000613.html.lck
[10859] f864922f947a6bb O /home/capstone/project/test_files/000613.html
[10859] f864922f947a6bb D /home/capstone/project/test_files/000356.pdf.lck
[10859] f864922f947a6bb D /home/capstone/project/test_files/000613.html.lck
[10859] f864922f947a6bb C /home/capstone/project/test_files/000259.doc.lck
[10859] f864922f947a6bb O /home/capstone/project/test_files/000259.doc
[10859] f864922f947a6bb D /home/capstone/project/test_files/000259.doc.lck
[10859] f864922f947a6bb C /home/capstone/project/test_files/000704.xml.lck
[10859] f864922f947a6bb O /home/capstone/project/test_files/000704.xml
[10859] f864922f947a6bb C /home/capstone/project/test_files/000648.txt.lck
[10859] f864922f947a6bb O /home/capstone/project/test_files/000648.txt
[10859] f864922f947a6bb D /home/capstone/project/test_files/000704.xml.lck
[10859] f864922f947a6bb C /home/capstone/project/test_files/000510.jpg.lck
[10859] f864922f947a6bb O /home/capstone/project/test_files/000510.jpg
[10859] f864922f947a6bb C /home/capstone/project/test_files/000911.doc.lck
[10859] f864922f947a6bb O /home/capstone/project/test_files/000911.doc
[10859] f864922f947a6bb C /home/capstone/project/test_files/000114.doc.lck
[10859] f864922f947a6bb O /home/capstone/project/test_files/000114.doc
[10859] f864922f947a6bb D /home/capstone/project/test_files/000648.txt.lck
[10859] f864922f947a6bb D /home/capstone/project/test_files/000510.jpg.lck
[10859] f864922f947a6bb C /home/capstone/project/test_files/000051.xls.lck
[10859] f864922f947a6bb O /home/capstone/project/test_files/000051.xls
[10859] f864922f947a6bb D /home/capstone/project/test_files/000911.doc.lck
[10859] f864922f947a6bb D /home/capstone/project/test_files/000114.doc.lck
[10859] f864922f947a6bb C /home/capstone/project/test_files/000749.html.lck
[10859] f864922f947a6bb O /home/capstone/project/test_files/000749.html
[10859] f864922f947a6bb D /home/capstone/project/test_files/000308.ppt.lck
[10859] f864922f947a6bb C /home/capstone/project/test_files/000891.html.lck
[10859] f864922f947a6bb O /home/capstone/project/test_files/000891.html
[10859] f864922f947a6bb C /home/capstone/project/test_files/000176.pdf.lck
[10859] f864922f947a6bb O /home/capstone/project/test_files/000176.pdf
[10859] f864922f947a6bb C /home/capstone/project/test_files/000947.html.lck
[10859] f864922f947a6bb O /home/capstone/project/test_files/000947.html
[10859] f864922f947a6bb C /home/capstone/project/test_files/000435.html.lck
[10859] f864922f947a6bb O /home/capstone/project/test_files/000435.html
[10859] f864922f947a6bb C /home/capstone/project/test_files/000073.html.lck
[10859] f864922f947a6bb O /home/capstone/project/test_files/000073.html
[10859] f864922f947a6bb D /home/capstone/project/test_files/000891.html.lck
[10859] f864922f947a6bb D /home/capstone/project/test_files/000073.html.lck
[10859] f864922f947a6bb D /home/capstone/project/test_files/000176.pdf.lck
[10859] f864922f947a6bb D /home/capstone/project/test_files/000947.html.lck
[10859] f864922f947a6bb D /home/capstone/project/test_files/000435.html.lck
[10859] f864922f947a6bb C /home/capstone/project/test_files/000893.html.lck
[10859] f864922f947a6bb O /home/capstone/project/test_files/000893.html
[10859] f864922f947a6bb C /home/capstone/project/test_files/000140.pdf.lck
[10859] f864922f947a6bb O /home/capstone/project/test_files/000140.pdf
[10859] f864922f947a6bb D /home/capstone/project/test_files/000893.html.lck
[10859] f864922f947a6bb D /home/capstone/project/test_files/000140.pdf.lck
[10859] f864922f947a6bb C /home/capstone/project/test_files/000411.html.lck
[10859] f864922f947a6bb O /home/capstone/project/test_files/000411.html
[10859] f864922f947a6bb D /home/capstone/project/test_files/000411.html.lck
[10859] f864922f947a6bb C /home/capstone/project/test_files/000838.pdf.lck
[10859] f864922f947a6bb O /home/capstone/project/test_files/000838.pdf
[10859] f864922f947a6bb C /home/capstone/project/test_files/000980.ps.lck
[10859] f864922f947a6bb O /home/capstone/project/test_files/000980.ps
[10859] f864922f947a6bb C /home/capstone/project/test_files/000329.ppt.lck
[10859] f864922f947a6bb O /home/capstone/project/test_files/000329.ppt
[10859] f864922f947a6bb C /home/capstone/project/test_files/000454.html.lck
[10859] f864922f947a6bb O /home/capstone/project/test_files/000454.html
[10859] f864922f947a6bb C /home/capstone/project/test_files/000637.html.lck
[10859] f864922f947a6bb O /home/capstone/project/test_files/000637.html
[10859] f864922f947a6bb D /home/capstone/project/test_files/000749.html.lck
[10859] f864922f947a6bb C /home/capstone/project/test_files/000964.doc.lck
[10859] f864922f947a6bb C /home/capstone/project/test_files/000797.html.lck
[10859] f864922f947a6bb C /home/capstone/project/test_files/000504.txt.lck
[10859] f864922f947a6bb C /home/capstone/project/test_files/000649.txt.lck
[10859] f864922f947a6bb C /home/capstone/project/test_files/000524.jpg.lck
[10859] f864922f947a6bb O /home/capstone/project/test_files/000524.jpg
[10859] f864922f947a6bb C /home/capstone/project/test_files/000837.txt.lck
[10859] f864922f947a6bb O /home/capstone/project/test_files/000837.txt
[10859] f864922f947a6bb C /home/capstone/project/test_files/000917.html.lck
[10859] f864922f947a6bb O /home/capstone/project/test_files/000917.html
[10859] f864922f947a6bb C /home/capstone/project/test_files/000760.pdf.lck
[10859] f864922f947a6bb O /home/capstone/project/test_files/000760.pdf
[10859] f864922f947a6bb C /home/capstone/project/test_files/000589.pdf.lck
[10859] f864922f947a6bb O /home/capstone/project/test_files/000589.pdf
[10859] f864922f947a6bb C /home/capstone/project/test_files/000520.gif.lck
[10859] f864922f947a6bb O /home/capstone/project/test_files/000520.gif
[10859] f864922f947a6bb D /home/capstone/project/test_files/000524.jpg.lck
[10859] f864922f947a6bb C /home/capstone/project/test_files/000559.ppt.lck
[10859] f864922f947a6bb O /home/capstone/project/test_files/000559.ppt
[10859] f864922f947a6bb D /home/capstone/project/test_files/000760.pdf.lck
[10859] f864922f947a6bb D /home/capstone/project/test_files/000837.txt.lck
[10859] f864922f947a6bb D /home/capstone/project/test_files/000838.pdf.lck
[10859] f864922f947a6bb D /home/capstone/project/test_files/000917.html.lck
[10859] f864922f947a6bb D /home/capstone/project/test_files/000329.ppt.lck
[10859] f864922f947a6bb D /home/capstone/project/test_files/000637.html.lck
[10859] f864922f947a6bb O /home/capstone/project/test_files/000964.doc
[10859] f864922f947a6bb O /home/capstone/project/test_files/000797.html
[10859] f864922f947a6bb O /home/capstone/project/test_files/000504.txt
[10859] f864922f947a6bb O /home/capstone/project/test_files/000649.txt
[10859] f864922f947a6bb D /home/capstone/project/test_files/000589.pdf.lck
[10859] f864922f947a6bb C /home/capstone/project/test_files/000191.html.lck
[10859] f864922f947a6bb O /home/capstone/project/test_files/000191.html
[10859] f864922f947a6bb D /home/capstone/project/test_files/000797.html.lck
[10859] f864922f947a6bb C /home/capstone/project/test_files/000725.ppt.lck
[10859] f864922f947a6bb O /home/capstone/project/test_files/000725.ppt
[10859] f864922f947a6bb C /home/capstone/project/test_files/000905.jpg.lck
[10859] f864922f947a6bb O /home/capstone/project/test_files/000905.jpg
[10859] f864922f947a6bb C /home/capstone/project/test_files/000653.txt.lck
[10859] f864922f947a6bb O /home/capstone/project/test_files/000653.txt
[10859] f864922f947a6bb D /home/capstone/project/test_files/000922.java.lck
[10859] f864922f947a6bb D /home/capstone/project/test_files/000964.doc.lck
[10859] f864922f947a6bb D /home/capstone/project/test_files/000653.txt.lck
[10859] f864922f947a6bb D /home/capstone/project/test_files/000504.txt.lck
[10859] f864922f947a6bb D /home/capstone/project/test_files/000649.txt.lck
[10859] f864922f947a6bb C /home/capstone/project/test_files/000498.txt.lck
[10859] f864922f947a6bb O /home/capstone/project/test_files/000498.txt
[10859] f864922f947a6bb D /home/capstone/project/test_files/000498.txt.lck
[10859] f864922f947a6bb D /home/capstone/project/test_files/000520.gif.lck
[10859] f864922f947a6bb D /home/capstone/project/test_files/000191.html.lck
[10859] f864922f947a6bb D /home/capstone/project/test_files/000905.jpg.lck
[10859] f864922f947a6bb D /home/capstone/project/test_files/000998.ppt.lck
[10859] f864922f947a6bb C /home/capstone/project/test_files/000296.ppt.lck
[10859] f864922f947a6bb O /home/capstone/project/test_files/000296.ppt
[10859] f864922f947a6bb C /home/capstone/project/test_files/000178.html.lck
[10859] f864922f947a6bb O /home/capstone/project/test_files/000178.html
[10859] f864922f947a6bb C /home/capstone/project/test_files/000599.html.lck
[10859] f864922f947a6bb O /home/capstone/project/test_files/000599.html
[10859] f864922f947a6bb D /home/capstone/project/test_files/000859.pdf.lck
[10859] f864922f947a6bb C /home/capstone/project/test_files/000472.txt.lck
[10859] f864922f947a6bb O /home/capstone/project/test_files/000472.txt
[10859] f864922f947a6bb C /home/capstone/project/test_files/000141.pdf.lck
[10859] f864922f947a6bb O /home/capstone/project/test_files/000141.pdf
[10859] f864922f947a6bb C /home/capstone/project/test_files/000941.txt.lck
[10859] f864922f947a6bb O /home/capstone/project/test_files/000941.txt
[10859] f864922f947a6bb D /home/capstone/project/test_files/000472.txt.lck
[10859] f864922f947a6bb D /home/capstone/project/test_files/000178.html.lck
[10859] f864922f947a6bb D /home/capstone/project/test_files/000105.txt.lck
[10859] f864922f947a6bb C /home/capstone/project/test_files/000531.jpg.lck
[10859] f864922f947a6bb O /home/capstone/project/test_files/000531.jpg
[10859] f864922f947a6bb D /home/capstone/project/test_files/000681.jpg.lck
[10859] f864922f947a6bb C /home/capstone/project/test_files/000705.doc.lck
[10859] f864922f947a6bb O /home/capstone/project/test_files/000705.doc
[10859] f864922f947a6bb D /home/capstone/project/test_files/000531.jpg.lck
[10859] f864922f947a6bb C /home/capstone/project/test_files/000958.doc.lck
[10859] f864922f947a6bb D /home/capstone/project/test_files/000742.pdf.lck
[10859] f864922f947a6bb O /home/capstone/project/test_files/000958.doc
[10859] f864922f947a6bb D /home/capstone/project/test_files/000690.csv.lck
[10859] f864922f947a6bb C /home/capstone/project/test_files/000737.pdf.lck
[10859] f864922f947a6bb O /home/capstone/project/test_files/000737.pdf
[10859] f864922f947a6bb C /home/capstone/project/test_files/000794.html.lck
[10859] f864922f947a6bb O /home/capstone/project/test_files/000794.html
[10859] f864922f947a6bb D /home/capstone/project/test_files/000578.pdf.lck
[10859] f864922f947a6bb D /home/capstone/project/test_files/000169.ppt.lck
[10859] f864922f947a6bb C /home/capstone/project/test_files/000390.xls.lck
[10859] f864922f947a6bb O /home/capstone/project/test_files/000390.xls
[10859] f864922f947a6bb D /home/capstone/project/test_files/000244.jpg.lck
[10859] f864922f947a6bb D /home/capstone/project/test_files/000807.pdf.lck
[10859] f864922f947a6bb D /home/capstone/project/test_files/000296.ppt.lck
[10859] f864922f947a6bb D /home/capstone/project/test_files/000390.xls.lck
[10859] f864922f947a6bb D /home/capstone/project/test_files/000794.html.lck
[10859] f864922f947a6bb C /home/capstone/project/test_files/000763.pdf.lck
[10859] f864922f947a6bb O /home/capstone/project/test_files/000763.pdf
[10859] f864922f947a6bb C /home/capstone/project/test_files/000924.txt.lck
[10859] f864922f947a6bb O /home/capstone/project/test_files/000924.txt
[10859] f864922f947a6bb D /home/capstone/project/test_files/000763.pdf.lck
[10859] f864922f947a6bb D /home/capstone/project/test_files/000725.ppt.lck
[10859] f864922f947a6bb D /home/capstone/project/test_files/000551.jpg.lck
[10859] f864922f947a6bb D /home/capstone/project/test_files/000283.doc.lck
[10859] f864922f947a6bb C /home/capstone/project/test_files/000304.ppt.lck
[10859] f864922f947a6bb O /home/capstone/project/test_files/000304.ppt
[10859] f864922f947a6bb D /home/capstone/project/test_files/000705.doc.lck
[10859] f864922f947a6bb C /home/capstone/project/test_files/000938.txt.lck
[10859] f864922f947a6bb O /home/capstone/project/test_files/000938.txt
[10859] f864922f947a6bb C /home/capstone/project/test_files/000032.xls.lck
[10859] f864922f947a6bb O /home/capstone/project/test_files/000032.xls
[10859] f864922f947a6bb C /home/capstone/project/test_files/000715.ppt.lck
[10859] f864922f947a6bb O /home/capstone/project/test_files/000715.ppt
[10859] f864922f947a6bb D /home/capstone/project/test_files/000306.ppt.lck
[10859] f864922f947a6bb D /home/capstone/project/test_files/000996.ps.lck
[10859] f864922f947a6bb D /home/capstone/project/test_files/000338.pdf.lck
[10859] f864922f947a6bb C /home/capstone/project/test_files/000547.pdf.lck
[10859] f864922f947a6bb O /home/capstone/project/test_files/000547.pdf
[10859] f864922f947a6bb C /home/capstone/project/test_files/000658.txt.lck
[10859] f864922f947a6bb O /home/capstone/project/test_files/000658.txt
[10859] f864922f947a6bb C /home/capstone/project/test_files/000695.doc.lck
[10859] f864922f947a6bb O /home/capstone/project/test_files/000695.doc
[10859] f864922f947a6bb C /home/capstone/project/test_files/000009.pdf.lck
[10859] f864922f947a6bb O /home/capstone/project/test_files/000009.pdf
[10859] f864922f947a6bb D /home/capstone/project/test_files/000715.ppt.lck
[10859] f864922f947a6bb C /home/capstone/project/test_files/000554.html.lck
[10859] f864922f947a6bb O /home/capstone/project/test_files/000554.html
[10859] f864922f947a6bb C /home/capstone/project/test_files/000662.txt.lck
[10859] f864922f947a6bb O /home/capstone/project/test_files/000662.txt
[10859] f864922f947a6bb D /home/capstone/project/test_files/000009.pdf.lck
[10859] f864922f947a6bb C /home/capstone/project/test_files/000935.txt.lck
[10859] f864922f947a6bb O /home/capstone/project/test_files/000935.txt
[10859] f864922f947a6bb D /home/capstone/project/test_files/000554.html.lck
[10859] f864922f947a6bb D /home/capstone/project/test_files/000662.txt.lck
[10859] f864922f947a6bb D /home/capstone/project/test_files/000261.doc.lck
[10859] f864922f947a6bb D /home/capstone/project/test_files/000695.doc.lck
[10859] f864922f947a6bb D /home/capstone/project/test_files/000935.txt.lck
[10859] f864922f947a6bb C /home/capstone/project/test_files/000160.ppt.lck
[10859] f864922f947a6bb O /home/capstone/project/test_files/000160.ppt
[10859] f864922f947a6bb C /home/capstone/project/test_files/000317.ppt.lck
[10859] f864922f947a6bb O /home/capstone/project/test_files/000317.ppt
[10859] f864922f947a6bb C /home/capstone/project/test_files/000368.pdf.lck
[10859] f864922f947a6bb O /home/capstone/project/test_files/000368.pdf
[10859] f864922f947a6bb D /home/capstone/project/test_files/000958.doc.lck
[10859] f864922f947a6bb C /home/capstone/project/test_files/000656.txt.lck
[10859] f864922f947a6bb O /home/capstone/project/test_files/000656.txt
[10859] f864922f947a6bb C /home/capstone/project/test_files/000233.gif.lck
[10859] f864922f947a6bb O /home/capstone/project/test_files/000233.gif
[10859] f864922f947a6bb C /home/capstone/project/test_files/000413.html.lck
[10859] f864922f947a6bb O /home/capstone/project/test_files/000413.html
[10859] f864922f947a6bb D /home/capstone/project/test_files/000547.pdf.lck
[10859] f864922f947a6bb D /home/capstone/project/test_files/000413.html.lck
[10859] f864922f947a6bb C /home/capstone/project/test_files/000829.txt.lck
[10859] f864922f947a6bb O /home/capstone/project/test_files/000829.txt
[10859] f864922f947a6bb C /home/capstone/project/test_files/000953.doc.lck
[10859] f864922f947a6bb O /home/capstone/project/test_files/000953.doc
[10859] f864922f947a6bb D /home/capstone/project/test_files/000368.pdf.lck
[10859] f864922f947a6bb C /home/capstone/project/test_files/000493.xml.lck
[10859] f864922f947a6bb O /home/capstone/project/test_files/000493.xml
[10859] f864922f947a6bb C /home/capstone/project/test_files/000326.ppt.lck
[10859] f864922f947a6bb O /home/capstone/project/test_files/000326.ppt
[10859] f864922f947a6bb C /home/capstone/project/test_files/000247.jpg.lck
[10859] f864922f947a6bb O /home/capstone/project/test_files/000247.jpg
[10859] f864922f947a6bb D /home/capstone/project/test_files/000829.txt.lck
[10859] f864922f947a6bb C /home/capstone/project/test_files/000751.pdf.lck
[10859] f864922f947a6bb O /home/capstone/project/test_files/000751.pdf
[10859] f864922f947a6bb D /home/capstone/project/test_files/000247.jpg.lck
[10859] f864922f947a6bb C /home/capstone/project/test_files/000834.pdf.lck
[10859] f864922f947a6bb O /home/capstone/project/test_files/000834.pdf
[10859] f864922f947a6bb D /home/capstone/project/test_files/000953.doc.lck
[10859] f864922f947a6bb D /home/capstone/project/test_files/000493.xml.lck
[10859] f864922f947a6bb C /home/capstone/project/test_files/000310.ppt.lck
[10859] f864922f947a6bb O /home/capstone/project/test_files/000310.ppt
[10859] f864922f947a6bb C /home/capstone/project/test_files/000099.ps.lck
[10859] f864922f947a6bb O /home/capstone/project/test_files/000099.ps
[10859] f864922f947a6bb D /home/capstone/project/test_files/000751.pdf.lck
[10859] f864922f947a6bb C /home/capstone/project/test_files/000936.txt.lck
[10859] f864922f947a6bb O /home/capstone/project/test_files/000936.txt
[10859] f864922f947a6bb D /home/capstone/project/test_files/000233.gif.lck
[10859] f864922f947a6bb D /home/capstone/project/test_files/000317.ppt.lck
[10859] f864922f947a6bb D /home/capstone/project/test_files/000124.doc.lck
[10859] f864922f947a6bb D /home/capstone/project/test_files/000936.txt.lck
[10859] f864922f947a6bb C /home/capstone/project/test_files/000753.pdf.lck
[10859] f864922f947a6bb O /home/capstone/project/test_files/000753.pdf
[10859] f864922f947a6bb D /home/capstone/project/test_files/000310.ppt.lck
[10859] f864922f947a6bb C /home/capstone/project/test_files/000840.pdf.lck
[10859] f864922f947a6bb O /home/capstone/project/test_files/000840.pdf
[10859] f864922f947a6bb D /home/capstone/project/test_files/000840.pdf.lck
[10859] f864922f947a6bb D /home/capstone/project/test_files/000160.ppt.lck
[10859] f864922f947a6bb D /home/capstone/project/test_files/000753.pdf.lck
[10859] f864922f947a6bb D /home/capstone/project/test_files/000099.ps.lck
[10859] f864922f947a6bb D /home/capstone/project/test_files/000304.ppt.lck
[10859] f864922f947a6bb D /home/capstone/project/test_files/000834.pdf.lck
[10859] f864922f947a6bb C /home/capstone/project/test_files/000558.ppt.lck
[10859] f864922f947a6bb O /home/capstone/project/test_files/000558.ppt
[10859] f864922f947a6bb C /home/capstone/project/test_files/000348.pdf.lck
[10859] f864922f947a6bb O /home/capstone/project/test_files/000348.pdf
[10859] f864922f947a6bb C /home/capstone/project/test_files/000343.pdf.lck
[10859] f864922f947a6bb O /home/capstone/project/test_files/000343.pdf
[10859] f864922f947a6bb D /home/capstone/project/test_files/000343.pdf.lck
[10859] f864922f947a6bb C /home/capstone/project/test_files/000137.pdf.lck
[10859] f864922f947a6bb O /home/capstone/project/test_files/000137.pdf
[10859] f864922f947a6bb C /home/capstone/project/test_files/000495.unk.lck
[10859] f864922f947a6bb C /home/capstone/project/test_files/000060.html.lck
[10859] f864922f947a6bb C /home/capstone/project/test_files/000918.html.lck
[10859] f864922f947a6bb C /home/capstone/project/test_files/000080.html.lck
[10859] f864922f947a6bb C /home/capstone/project/test_files/000406.xls.lck
[10859] f864922f947a6bb O /home/capstone/project/test_files/000406.xls
[10859] f864922f947a6bb D /home/capstone/project/test_files/000656.txt.lck
[10859] f864922f947a6bb D /home/capstone/project/test_files/000406.xls.lck
[10859] f864922f947a6bb O /home/capstone/project/test_files/000918.html
[10859] f864922f947a6bb O /home/capstone/project/test_files/000080.html
[10859] f864922f947a6bb D /home/capstone/project/test_files/000080.html.lck
[10859] f864922f947a6bb D /home/capstone/project/test_files/000137.pdf.lck
[10859] f864922f947a6bb D /home/capstone/project/test_files/000918.html.lck
[10859] f864922f947a6bb O /home/capstone/project/test_files/000495.unk
[10859] f864922f947a6bb O /home/capstone/project/test_files/000060.html
[10859] f864922f947a6bb C /home/capstone/project/test_files/000439.html.lck
[10859] f864922f947a6bb C /home/capstone/project/test_files/000256.doc.lck
[10859] f864922f947a6bb C /home/capstone/project/test_files/000841.txt.lck
[10859] f864922f947a6bb O /home/capstone/project/test_files/000841.txt
[10859] f864922f947a6bb D /home/capstone/project/test_files/000348.pdf.lck
[10859] f864922f947a6bb O /home/capstone/project/test_files/000439.html
[10859] f864922f947a6bb O /home/capstone/project/test_files/000256.doc
[10859] f864922f947a6bb D /home/capstone/project/test_files/000495.unk.lck
[10859] f864922f947a6bb D /home/capstone/project/test_files/000256.doc.lck
[10859] f864922f947a6bb D /home/capstone/project/test_files/000841.txt.lck
[10859] f864922f947a6bb D /home/capstone/project/test_files/000060.html.lck
[10859] f864922f947a6bb C /home/capstone/project/test_files/000972.gif.lck
[10859] f864922f947a6bb O /home/capstone/project/test_files/000972.gif
[10859] f864922f947a6bb C /home/capstone/project/test_files/000253.doc.lck
[10859] f864922f947a6bb O /home/capstone/project/test_files/000253.doc
[10859] f864922f947a6bb C /home/capstone/project/test_files/000539.jpg.lck
[10859] f864922f947a6bb O /home/capstone/project/test_files/000539.jpg
[10859] f864922f947a6bb D /home/capstone/project/test_files/000439.html.lck
[10859] f864922f947a6bb D /home/capstone/project/test_files/000539.jpg.lck
[10859] f864922f947a6bb D /home/capstone/project/test_files/000253.doc.lck
[10859] f864922f947a6bb D /home/capstone/project/test_files/000972.gif.lck
[10859] f864922f947a6bb D /home/capstone/project/test_files/000559.ppt.lck
[10859] f864922f947a6bb C /home/capstone/project/test_files/000597.html.lck
[10859] f864922f947a6bb O /home/capstone/project/test_files/000597.html
[10859] f864922f947a6bb C /home/capstone/project/test_files/000982.ppt.lck
[10859] f864922f947a6bb O /home/capstone/project/test_files/000982.ppt
[10859] f864922f947a6bb C /home/capstone/project/test_files/000258.rtf.lck
[10859] f864922f947a6bb O /home/capstone/project/test_files/000258.rtf
[10859] f864922f947a6bb D /home/capstone/project/test_files/000597.html.lck
[10859] f864922f947a6bb C /home/capstone/project/test_files/000654.txt.lck
[10859] f864922f947a6bb O /home/capstone/project/test_files/000654.txt
[10859] f864922f947a6bb C /home/capstone/project/test_files/000452.html.lck
[10859] f864922f947a6bb O /home/capstone/project/test_files/000452.html
[10859] f864922f947a6bb D /home/capstone/project/test_files/000452.html.lck
[10859] f864922f947a6bb C /home/capstone/project/test_files/000236.pdf.lck
[10859] f864922f947a6bb O /home/capstone/project/test_files/000236.pdf
[10859] f864922f947a6bb D /home/capstone/project/test_files/000654.txt.lck
[10859] f864922f947a6bb C /home/capstone/project/test_files/000652.txt.lck
[10859] f864922f947a6bb O /home/capstone/project/test_files/000652.txt
[10859] f864922f947a6bb C /home/capstone/project/test_files/000378.xls.lck
[10859] f864922f947a6bb O /home/capstone/project/test_files/000378.xls
[10859] f864922f947a6bb C /home/capstone/project/test_files/000765.log.lck
[10859] f864922f947a6bb C /home/capstone/project/test_files/000668.txt.lck
[10859] f864922f947a6bb C /home/capstone/project/test_files/000919.html.lck
[10859] f864922f947a6bb C /home/capstone/project/test_files/000989.ppt.lck
[10859] f864922f947a6bb C /home/capstone/project/test_files/000426.html.lck
[10859] f864922f947a6bb C /home/capstone/project/test_files/000346.pdf.lck
[10859] f864922f947a6bb C /home/capstone/project/test_files/000337.pdf.lck
[10859] f864922f947a6bb C /home/capstone/project/test_files/000070.html.lck
[10859] f864922f947a6bb D /home/capstone/project/test_files/000886.pdf.lck
[10859] f864922f947a6bb C /home/capstone/project/test_files/000119.doc.lck
[10859] f864922f947a6bb O /home/capstone/project/test_files/000119.doc
[10859] f864922f947a6bb C /home/capstone/project/test_files/000750.pdf.lck
[10859] f864922f947a6bb O /home/capstone/project/test_files/000750.pdf
[10859] f864922f947a6bb C /home/capstone/project/test_files/000021.pdf.lck
[10859] f864922f947a6bb O /home/capstone/project/test_files/000021.pdf
[10859] f864922f947a6bb C /home/capstone/project/test_files/000942.txt.lck
[10859] f864922f947a6bb O /home/capstone/project/test_files/000942.txt
[10859] f864922f947a6bb C /home/capstone/project/test_files/000386.xls.lck
[10859] f864922f947a6bb O /home/capstone/project/test_files/000386.xls
[10859] f864922f947a6bb D /home/capstone/project/test_files/000021.pdf.lck
[10859] f864922f947a6bb D /home/capstone/project/test_files/000363.pdf.lck
[10859] f864922f947a6bb D /home/capstone/project/test_files/000273.doc.lck
[10859] f864922f947a6bb C /home/capstone/project/test_files/000047.xls.lck
[10859] f864922f947a6bb O /home/capstone/project/test_files/000047.xls
[10859] f864922f947a6bb D /home/capstone/project/test_files/000238.jpg.lck
[10859] f864922f947a6bb D /home/capstone/project/test_files/000386.xls.lck
[10859] f864922f947a6bb C /home/capstone/project/test_files/000395.xls.lck
[10859] f864922f947a6bb O /home/capstone/project/test_files/000395.xls
[10859] f864922f947a6bb C /home/capstone/project/test_files/000237.jpg.lck
[10859] f864922f947a6bb O /home/capstone/project/test_files/000237.jpg
[10859] f864922f947a6bb C /home/capstone/project/test_files/000002.doc.lck
[10859] f864922f947a6bb O /home/capstone/project/test_files/000002.doc
[10859] f864922f947a6bb D /home/capstone/project/test_files/000737.pdf.lck
[10859] f864922f947a6bb D /home/capstone/project/test_files/000119.doc.lck
[10859] f864922f947a6bb D /home/capstone/project/test_files/000237.jpg.lck
[10859] f864922f947a6bb D /home/capstone/project/test_files/000002.doc.lck
[10859] f864922f947a6bb D /home/capstone/project/test_files/000999.ppt.lck
[10859] f864922f947a6bb D /home/capstone/project/test_files/000395.xls.lck
[10859] f864922f947a6bb C /home/capstone/project/test_files/000951.html.lck
[10859] f864922f947a6bb O /home/capstone/project/test_files/000951.html
[10859] f864922f947a6bb C /home/capstone/project/test_files/000621.txt.lck
[10859] f864922f947a6bb O /home/capstone/project/test_files/000621.txt
[10859] f864922f947a6bb D /home/capstone/project/test_files/000889.jpg.lck
[10859] f864922f947a6bb C /home/capstone/project/test_files/000203.html.lck
[10859] f864922f947a6bb O /home/capstone/project/test_files/000203.html
[10859] f864922f947a6bb D /home/capstone/project/test_files/000951.html.lck
[10859] f864922f947a6bb C /home/capstone/project/test_files/000726.html.lck
[10859] f864922f947a6bb O /home/capstone/project/test_files/000726.html
[10859] f864922f947a6bb D /home/capstone/project/test_files/000203.html.lck
[10859] f864922f947a6bb D /home/capstone/project/test_files/000621.txt.lck
[10859] f864922f947a6bb C /home/capstone/project/test_files/000249.doc.lck
[10859] f864922f947a6bb O /home/capstone/project/test_files/000249.doc
[10859] f864922f947a6bb D /home/capstone/project/test_files/000249.doc.lck
[10859] f864922f947a6bb D /home/capstone/project/test_files/000331.pdf.lck
[10859] f864922f947a6bb D /home/capstone/project/test_files/000726.html.lck
[10859] f864922f947a6bb C /home/capstone/project/test_files/000727.ppt.lck
[10859] f864922f947a6bb O /home/capstone/project/test_files/000727.ppt
[10859] f864922f947a6bb C /home/capstone/project/test_files/000618.pdf.lck
[10859] f864922f947a6bb O /home/capstone/project/test_files/000618.pdf
[10859] f864922f947a6bb C /home/capstone/project/test_files/000026.pdf.lck
[10859] f864922f947a6bb O /home/capstone/project/test_files/000026.pdf
[10859] f864922f947a6bb D /home/capstone/project/test_files/000750.pdf.lck
[10859] f864922f947a6bb O /home/capstone/project/test_files/000668.txt
[10859] f864922f947a6bb O /home/capstone/project/test_files/000463.txt
[10859] f864922f947a6bb O /home/capstone/project/test_files/000248.doc
[10859] f864922f947a6bb O /home/capstone/project/test_files/000945.pdf
[10859] f864922f947a6bb C /home/capstone/project/test_files/000966.doc.lck
[10859] f864922f947a6bb O /home/capstone/project/test_files/000966.doc
[10859] f864922f947a6bb O /home/capstone/project/test_files/000895.html
[10859] f864922f947a6bb D /home/capstone/project/test_files/000463.txt.lck
[10859] f864922f947a6bb D /home/capstone/project/test_files/000618.pdf.lck
[10859] f864922f947a6bb D /home/capstone/project/test_files/000026.pdf.lck
[10859] f864922f947a6bb C /home/capstone/project/test_files/000150.pdf.lck
[10859] f864922f947a6bb O /home/capstone/project/test_files/000150.pdf
[10859] f864922f947a6bb D /home/capstone/project/test_files/000668.txt.lck
[10859] f864922f947a6bb C /home/capstone/project/test_files/000643.txt.lck
[10859] f864922f947a6bb O /home/capstone/project/test_files/000643.txt
[10859] f864922f947a6bb O /home/capstone/project/test_files/000919.html
[10859] f864922f947a6bb D /home/capstone/project/test_files/000895.html.lck
[10859] f864922f947a6bb O /home/capstone/project/test_files/000856.txt
[10859] f864922f947a6bb O /home/capstone/project/test_files/000085.txt
[10859] f864922f947a6bb C /home/capstone/project/test_files/000475.txt.lck
[10859] f864922f947a6bb O /home/capstone/project/test_files/000475.txt
[10859] f864922f947a6bb D /home/capstone/project/test_files/000945.pdf.lck
[10859] f864922f947a6bb D /home/capstone/project/test_files/000475.txt.lck
[10859] f864922f947a6bb D /home/capstone/project/test_files/000856.txt.lck
[10859] f864922f947a6bb D /home/capstone/project/test_files/000085.txt.lck
[10859] f864922f947a6bb D /home/capstone/project/test_files/000643.txt.lck
[10859] f864922f947a6bb C /home/capstone/project/test_files/000423.html.lck
[10859] f864922f947a6bb O /home/capstone/project/test_files/000423.html
[10859] f864922f947a6bb O /home/capstone/project/test_files/000989.ppt
[10859] f864922f947a6bb C /home/capstone/project/test_files/000234.jpg.lck
[10859] f864922f947a6bb O /home/capstone/project/test_files/000234.jpg
[10859] f864922f947a6bb D /home/capstone/project/test_files/000919.html.lck
[10859] f864922f947a6bb C /home/capstone/project/test_files/000521.jpg.lck
[10859] f864922f947a6bb O /home/capstone/project/test_files/000521.jpg
[10859] f864922f947a6bb O /home/capstone/project/test_files/000426.html
[10859] f864922f947a6bb C /home/capstone/project/test_files/000823.html.lck
[10859] f864922f947a6bb O /home/capstone/project/test_files/000823.html
[10859] f864922f947a6bb D /home/capstone/project/test_files/000521.jpg.lck
[10859] f864922f947a6bb O /home/capstone/project/test_files/000346.pdf
[10859] f864922f947a6bb O /home/capstone/project/test_files/000337.pdf
[10859] f864922f947a6bb O /home/capstone/project/test_files/000070.html
[10859] f864922f947a6bb D /home/capstone/project/test_files/000234.jpg.lck
[10859] f864922f947a6bb D /home/capstone/project/test_files/000426.html.lck
[10859] f864922f947a6bb D /home/capstone/project/test_files/000346.pdf.lck
[10859] f864922f947a6bb C /home/capstone/project/test_files/000473.txt.lck
[10859] f864922f947a6bb O /home/capstone/project/test_files/000473.txt
[10859] f864922f947a6bb D /home/capstone/project/test_files/000823.html.lck
[10859] f864922f947a6bb C /home/capstone/project/test_files/000860.txt.lck
[10859] f864922f947a6bb C /home/capstone/project/test_files/000974.doc.lck
[10859] f864922f947a6bb C /home/capstone/project/test_files/000309.ppt.lck
[10859] f864922f947a6bb C /home/capstone/project/test_files/000458.html.lck
[10859] f864922f947a6bb C /home/capstone/project/test_files/000767.ps.lck
[10859] f864922f947a6bb O /home/capstone/project/test_files/000767.ps
[10859] f864922f947a6bb D /home/capstone/project/test_files/000924.txt.lck
[10859] f864922f947a6bb D /home/capstone/project/test_files/000473.txt.lck
[10859] f864922f947a6bb C /home/capstone/project/test_files/000397.jpg.lck
[10859] f864922f947a6bb O /home/capstone/project/test_files/000397.jpg
[10859] f864922f947a6bb D /home/capstone/project/test_files/000326.ppt.lck
[10859] f864922f947a6bb D /home/capstone/project/test_files/000218.txt.lck
[10859] f864922f947a6bb O /home/capstone/project/test_files/000208.pdf
[10859] f864922f947a6bb C /home/capstone/project/test_files/000380.pdf.lck
[10859] f864922f947a6bb O /home/capstone/project/test_files/000380.pdf
[10859] f864922f947a6bb C /home/capstone/project/test_files/000045.xls.lck
[10859] f864922f947a6bb O /home/capstone/project/test_files/000045.xls
[10859] f864922f947a6bb C /home/capstone/project/test_files/000546.jpg.lck
[10859] f864922f947a6bb O /home/capstone/project/test_files/000546.jpg
[10859] f864922f947a6bb D /home/capstone/project/test_files/000568.pdf.lck
[10859] f864922f947a6bb C /home/capstone/project/test_files/000512.jpg.lck
[10859] f864922f947a6bb O /home/capstone/project/test_files/000512.jpg
[10859] f864922f947a6bb D /home/capstone/project/test_files/000645.txt.lck
[10859] f864922f947a6bb D /home/capstone/project/test_files/000546.jpg.lck
[10859] f864922f947a6bb D /home/capstone/project/test_files/000051.xls.lck
[10859] f864922f947a6bb D /home/capstone/project/test_files/000727.ppt.lck
[10859] f864922f947a6bb D /home/capstone/project/test_files/000989.ppt.lck
[10859] f864922f947a6bb C /home/capstone/project/test_files/000929.txt.lck
[10859] f864922f947a6bb O /home/capstone/project/test_files/000929.txt
[10859] f864922f947a6bb D /home/capstone/project/test_files/000397.jpg.lck
[10859] f864922f947a6bb C /home/capstone/project/test_files/000412.html.lck
[10859] f864922f947a6bb O /home/capstone/project/test_files/000412.html
[10859] f864922f947a6bb D /home/capstone/project/test_files/000337.pdf.lck
[10859] f864922f947a6bb O /home/capstone/project/test_files/000974.doc
[10859] f864922f947a6bb D /home/capstone/project/test_files/000942.txt.lck
[10859] f864922f947a6bb D /home/capstone/project/test_files/000423.html.lck
[10859] f864922f947a6bb D /home/capstone/project/test_files/000412.html.lck
[10859] f864922f947a6bb D /home/capstone/project/test_files/000150.pdf.lck
[10859] f864922f947a6bb D /home/capstone/project/test_files/000070.html.lck
[10859] f864922f947a6bb O /home/capstone/project/test_files/000309.ppt
[10859] f864922f947a6bb C /home/capstone/project/test_files/000506.jpg.lck
[10859] f864922f947a6bb C /home/capstone/project/test_files/000888.jpg.lck
[10859] f864922f947a6bb O /home/capstone/project/test_files/000888.jpg
[10859] f864922f947a6bb D /home/capstone/project/test_files/000966.doc.lck
[10859] f864922f947a6bb O /home/capstone/project/test_files/000506.jpg
[10859] f864922f947a6bb D /home/capstone/project/test_files/000248.doc.lck
[10859] f864922f947a6bb O /home/capstone/project/test_files/000860.txt
[10859] f864922f947a6bb O /home/capstone/project/test_files/000458.html
[10859] f864922f947a6bb D /home/capstone/project/test_files/000512.jpg.lck
[10859] f864922f947a6bb C /home/capstone/project/test_files/000698.log.lck
[10859] f864922f947a6bb O /home/capstone/project/test_files/000698.log
[10859] f864922f947a6bb D /home/capstone/project/test_files/000458.html.lck
[10859] f864922f947a6bb D /home/capstone/project/test_files/000506.jpg.lck
[10859] f864922f947a6bb C /home/capstone/project/test_files/000182.html.lck
[10859] f864922f947a6bb O /home/capstone/project/test_files/000182.html
[10859] f864922f947a6bb D /home/capstone/project/test_files/000560.ppt.lck
[10859] f864922f947a6bb D /home/capstone/project/test_files/000380.pdf.lck
[10859] f864922f947a6bb D /home/capstone/project/test_files/000182.html.lck
[10859] f864922f947a6bb D /home/capstone/project/test_files/000929.txt.lck
[10859] f864922f947a6bb C /home/capstone/project/test_files/000839.pdf.lck
[10859] f864922f947a6bb O /home/capstone/project/test_files/000839.pdf
[10859] f864922f947a6bb D /home/capstone/project/test_files/000839.pdf.lck
[10859] f864922f947a6bb D /home/capstone/project/test_files/000974.doc.lck
[10859] f864922f947a6bb C /home/capstone/project/test_files/000957.doc.lck
[10859] f864922f947a6bb O /home/capstone/project/test_files/000957.doc
[10859] f864922f947a6bb D /home/capstone/project/test_files/000980.ps.lck
[10859] f864922f947a6bb C /home/capstone/project/test_files/000094.txt.lck
[10859] f864922f947a6bb O /home/capstone/project/test_files/000094.txt
[10859] f864922f947a6bb D /home/capstone/project/test_files/000860.txt.lck
[10859] f864922f947a6bb C /home/capstone/project/test_files/000049.xls.lck
[10859] f864922f947a6bb O /home/capstone/project/test_files/000049.xls
[10859] f864922f947a6bb C /home/capstone/project/test_files/000087.txt.lck
[10859] f864922f947a6bb O /home/capstone/project/test_files/000087.txt
[10859] f864922f947a6bb D /home/capstone/project/test_files/000094.txt.lck
[10859] f864922f947a6bb C /home/capstone/project/test_files/000093.txt.lck
[10859] f864922f947a6bb O /home/capstone/project/test_files/000093.txt
[10859] f864922f947a6bb D /home/capstone/project/test_files/000957.doc.lck
[10859] f864922f947a6bb D /home/capstone/project/test_files/000087.txt.lck
[10859] f864922f947a6bb C /home/capstone/project/test_files/000232.jpg.lck
[10859] f864922f947a6bb O /home/capstone/project/test_files/000232.jpg
[10859] f864922f947a6bb C /home/capstone/project/test_files/000095.txt.lck
[10859] f864922f947a6bb D /home/capstone/project/test_files/000093.txt.lck
[10859] f864922f947a6bb C /home/capstone/project/test_files/000992.ppt.lck
[10859] f864922f947a6bb O /home/capstone/project/test_files/000992.ppt
[10859] f864922f947a6bb C /home/capstone/project/test_files/000342.pdf.lck
[10859] f864922f947a6bb O /home/capstone/project/test_files/000342.pdf
[10859] f864922f947a6bb D /home/capstone/project/test_files/000992.ppt.lck
[10859] f864922f947a6bb D /home/capstone/project/test_files/000232.jpg.lck
[10859] f864922f947a6bb D /home/capstone/project/test_files/000342.pdf.lck
[10859] f864922f947a6bb O /home/capstone/project/test_files/000095.txt
[10859] f864922f947a6bb C /home/capstone/project/test_files/000432.jpg.lck
[10859] f864922f947a6bb O /home/capstone/project/test_files/000432.jpg
[10859] f864922f947a6bb D /home/capstone/project/test_files/000698.log.lck
[10859] f864922f947a6bb C /home/capstone/project/test_files/000184.html.lck
[10859] f864922f947a6bb O /home/capstone/project/test_files/000184.html
[10859] f864922f947a6bb C /home/capstone/project/test_files/000455.html.lck
[10859] f864922f947a6bb O /home/capstone/project/test_files/000455.html
[10859] f864922f947a6bb C /home/capstone/project/test_files/000717.ppt.lck
[10859] f864922f947a6bb O /home/capstone/project/test_files/000717.ppt
[10859] f864922f947a6bb C /home/capstone/project/test_files/000902.jpg.lck
[10859] f864922f947a6bb O /home/capstone/project/test_files/000902.jpg
[10859] f864922f947a6bb C /home/capstone/project/test_files/000877.html.lck
[10859] f864922f947a6bb O /home/capstone/project/test_files/000877.html
[10859] f864922f947a6bb C /home/capstone/project/test_files/000314.pdf.lck
[10859] f864922f947a6bb O /home/capstone/project/test_files/000314.pdf
[10859] f864922f947a6bb C /home/capstone/project/test_files/000104.txt.lck
[10859] f864922f947a6bb O /home/capstone/project/test_files/000104.txt
[10859] f864922f947a6bb D /home/capstone/project/test_files/000877.html.lck
[10859] f864922f947a6bb C /home/capstone/project/test_files/000424.html.lck
[10859] f864922f947a6bb O /home/capstone/project/test_files/000424.html
[10859] f864922f947a6bb D /home/capstone/project/test_files/000432.jpg.lck
[10859] f864922f947a6bb C /home/capstone/project/test_files/000978.xml.lck
[10859] f864922f947a6bb C /home/capstone/project/test_files/000000.swf.lck
[10859] f864922f947a6bb C /home/capstone/project/test_files/000290.ppt.lck
[10859] f864922f947a6bb O /home/capstone/project/test_files/000978.xml
[10859] f864922f947a6bb O /home/capstone/project/test_files/000000.swf
[10859] f864922f947a6bb O /home/capstone/project/test_files/000290.ppt
[10859] f864922f947a6bb D /home/capstone/project/test_files/000902.jpg.lck
[10859] f864922f947a6bb D /home/capstone/project/test_files/000455.html.lck
[10859] f864922f947a6bb D /home/capstone/project/test_files/000424.html.lck
[10859] f864922f947a6bb C /home/capstone/project/test_files/000101.doc.lck
[10859] f864922f947a6bb O /home/capstone/project/test_files/000101.doc
[10859] f864922f947a6bb D /home/capstone/project/test_files/000000.swf.lck
[10859] f864922f947a6bb D /home/capstone/project/test_files/000978.xml.lck
[10859] f864922f947a6bb C /home/capstone/project/test_files/000805.html.lck
[10859] f864922f947a6bb O /home/capstone/project/test_files/000805.html
[10859] f864922f947a6bb D /home/capstone/project/test_files/000104.txt.lck
[10859] f864922f947a6bb C /home/capstone/project/test_files/000851.txt.lck
[10859] f864922f947a6bb O /home/capstone/project/test_files/000851.txt
[10859] f864922f947a6bb C /home/capstone/project/test_files/000666.txt.lck
[10859] f864922f947a6bb O /home/capstone/project/test_files/000666.txt
[10859] f864922f947a6bb D /home/capstone/project/test_files/000101.doc.lck
[10859] f864922f947a6bb D /home/capstone/project/test_files/000290.ppt.lck
[10859] f864922f947a6bb D /home/capstone/project/test_files/000805.html.lck
[10859] f864922f947a6bb D /home/capstone/project/test_files/000851.txt.lck
[10859] f864922f947a6bb C /home/capstone/project/test_files/000580.pdf.lck
[10859] f864922f947a6bb O /home/capstone/project/test_files/000580.pdf
[10859] f864922f947a6bb D /home/capstone/project/test_files/000666.txt.lck
[10859] f864922f947a6bb C /home/capstone/project/test_files/000511.gif.lck
[10859] f864922f947a6bb O /home/capstone/project/test_files/000511.gif
[10859] f864922f947a6bb C /home/capstone/project/test_files/000059.html.lck
[10859] f864922f947a6bb O /home/capstone/project/test_files/000059.html
[10859] f864922f947a6bb D /home/capstone/project/test_files/000580.pdf.lck
[10859] f864922f947a6bb C /home/capstone/project/test_files/000476.jpg.lck
[10859] f864922f947a6bb O /home/capstone/project/test_files/000476.jpg
[10859] f864922f947a6bb D /home/capstone/project/test_files/000476.jpg.lck
[10859] f864922f947a6bb C /home/capstone/project/test_files/000457.html.lck
[10859] f864922f947a6bb O /home/capstone/project/test_files/000457.html
[10859] f864922f947a6bb C /home/capstone/project/test_files/000628.pdf.lck
[10859] f864922f947a6bb O /home/capstone/project/test_files/000628.pdf
[10859] f864922f947a6bb C /home/capstone/project/test_files/000940.txt.lck
[10859] f864922f947a6bb O /home/capstone/project/test_files/000940.txt
[10859] f864922f947a6bb C /home/capstone/project/test_files/000319.ppt.lck
[10859] f864922f947a6bb O /home/capstone/project/test_files/000319.ppt
[10859] f864922f947a6bb C /home/capstone/project/test_files/000608.html.lck
[10859] f864922f947a6bb O /home/capstone/project/test_files/000608.html
[10859] f864922f947a6bb D /home/capstone/project/test_files/000043.xls.lck
[10859] f864922f947a6bb D /home/capstone/project/test_files/000457.html.lck
[10859] f864922f947a6bb D /home/capstone/project/test_files/000940.txt.lck
[10859] f864922f947a6bb C /home/capstone/project/test_files/000118.doc.lck
[10859] f864922f947a6bb O /home/capstone/project/test_files/000118.doc
[10859] f864922f947a6bb D /home/capstone/project/test_files/000608.html.lck
[10859] f864922f947a6bb D /home/capstone/project/test_files/000511.gif.lck
[10859] f864922f947a6bb D /home/capstone/project/test_files/000059.html.lck
[10859] f864922f947a6bb C /home/capstone/project/test_files/000863.txt.lck
[10859] f864922f947a6bb O /home/capstone/project/test_files/000863.txt
[10859] f864922f947a6bb D /home/capstone/project/test_files/000118.doc.lck
[10859] f864922f947a6bb D /home/capstone/project/test_files/000319.ppt.lck
[10859] f864922f947a6bb D /home/capstone/project/test_files/000863.txt.lck
[10859] f864922f947a6bb D /home/capstone/project/test_files/000305.ppt.lck
[10859] f864922f947a6bb C /home/capstone/project/test_files/000584.pdf.lck
[10859] f864922f947a6bb O /home/capstone/project/test_files/000584.pdf
[10859] f864922f947a6bb D /home/capstone/project/test_files/000184.html.lck
[10859] f864922f947a6bb D /home/capstone/project/test_files/000095.txt.lck
[10859] f864922f947a6bb C /home/capstone/project/test_files/000072.html.lck
[10859] f864922f947a6bb C /home/capstone/project/test_files/000696.doc.lck
[10859] f864922f947a6bb C /home/capstone/project/test_files/000733.ps.lck
[10859] f864922f947a6bb C /home/capstone/project/test_files/000451.html.lck
[10859] f864922f947a6bb C /home/capstone/project/test_files/000226.txt.lck
[10859] f864922f947a6bb C /home/capstone/project/test_files/000676.pdf.lck
[10859] f864922f947a6bb C /home/capstone/project/test_files/000759.doc.lck
[10859] f864922f947a6bb C /home/capstone/project/test_files/000854.pdf.lck
[10859] f864922f947a6bb C /home/capstone/project/test_files/000887.pdf.lck
[10859] f864922f947a6bb C /home/capstone/project/test_files/000434.html.lck
[10859] f864922f947a6bb C /home/capstone/project/test_files/000307.ppt.lck
[10859] f864922f947a6bb C /home/capstone/project/test_files/000027.csv.lck
[10859] f864922f947a6bb C /home/capstone/project/test_files/000806.doc.lck
[10859] f864922f947a6bb O /home/capstone/project/test_files/000806.doc
[10859] f864922f947a6bb O /home/capstone/project/test_files/000072.html
[10859] f864922f947a6bb O /home/capstone/project/test_files/000696.doc
[10859] f864922f947a6bb O /home/capstone/project/test_files/000733.ps
[10859] f864922f947a6bb O /home/capstone/project/test_files/000451.html
[10859] f864922f947a6bb O /home/capstone/project/test_files/000226.txt
[10859] f864922f947a6bb O /home/capstone/project/test_files/000676.pdf
[10859] f864922f947a6bb O /home/capstone/project/test_files/000759.doc
[10859] f864922f947a6bb O /home/capstone/project/test_files/000854.pdf
[10859] f864922f947a6bb O /home/capstone/project/test_files/000887.pdf
[10859] f864922f947a6bb O /home/capstone/project/test_files/000434.html
[10859] f864922f947a6bb O /home/capstone/project/test_files/000307.ppt
[10859] f864922f947a6bb O /home/capstone/project/test_files/000027.csv
[10859] f864922f947a6bb D /home/capstone/project/test_files/000434.html.lck
[10859] f864922f947a6bb D /home/capstone/project/test_files/000027.csv.lck
[10859] f864922f947a6bb C /home/capstone/project/test_files/000833.txt.lck
[10859] f864922f947a6bb O /home/capstone/project/test_files/000833.txt
[10859] f864922f947a6bb D /home/capstone/project/test_files/000887.pdf.lck
[10859] f864922f947a6bb D /home/capstone/project/test_files/000193.html.lck
[10859] f864922f947a6bb C /home/capstone/project/test_files/000212.html.lck
[10859] f864922f947a6bb O /home/capstone/project/test_files/000212.html
[10859] f864922f947a6bb C /home/capstone/project/test_files/000449.html.lck
[10859] f864922f947a6bb O /home/capstone/project/test_files/000449.html
[10859] f864922f947a6bb C /home/capstone/project/test_files/000710.ppt.lck
[10859] f864922f947a6bb O /home/capstone/project/test_files/000710.ppt
[10859] f864922f947a6bb D /home/capstone/project/test_files/000994.ppt.lck
[10859] f864922f947a6bb C /home/capstone/project/test_files/000875.html.lck
[10859] f864922f947a6bb O /home/capstone/project/test_files/000875.html
[10859] f864922f947a6bb D /home/capstone/project/test_files/000393.xls.lck
[10859] f864922f947a6bb C /home/capstone/project/test_files/000241.gif.lck
[10859] f864922f947a6bb O /home/capstone/project/test_files/000241.gif
[10859] f864922f947a6bb D /home/capstone/project/test_files/000875.html.lck
[10859] f864922f947a6bb D /home/capstone/project/test_files/000584.pdf.lck
[10859] f864922f947a6bb C /home/capstone/project/test_files/000743.log.lck
[10859] f864922f947a6bb O /home/capstone/project/test_files/000743.log
[10859] f864922f947a6bb C /home/capstone/project/test_files/000901.pdf.lck
[10859] f864922f947a6bb O /home/capstone/project/test_files/000901.pdf
[10859] f864922f947a6bb D /home/capstone/project/test_files/000901.pdf.lck
[10859] f864922f947a6bb D /home/capstone/project/test_files/000743.log.lck
[10859] f864922f947a6bb D /home/capstone/project/test_files/000241.gif.lck
[10859] f864922f947a6bb D /home/capstone/project/test_files/000428.html.lck
[10859] f864922f947a6bb D /home/capstone/project/test_files/000216.html.lck
[10859] f864922f947a6bb C /home/capstone/project/test_files/000529.gif.lck
[10859] f864922f947a6bb O /home/capstone/project/test_files/000529.gif
[10859] f864922f947a6bb C /home/capstone/project/test_files/000488.unk.lck
[10859] f864922f947a6bb O /home/capstone/project/test_files/000488.unk
[10859] f864922f947a6bb C /home/capstone/project/test_files/000969.jpg.lck
[10859] f864922f947a6bb O /home/capstone/project/test_files/000969.jpg
[10859] f864922f947a6bb C /home/capstone/project/test_files/000433.html.lck
[10859] f864922f947a6bb O /home/capstone/project/test_files/000433.html
[10859] f864922f947a6bb D /home/capstone/project/test_files/000049.xls.lck
[10859] f864922f947a6bb D /home/capstone/project/test_files/000433.html.lck
[10859] f864922f947a6bb D /home/capstone/project/test_files/000969.jpg.lck
[10859] f864922f947a6bb D /home/capstone/project/test_files/000309.ppt.lck
[10859] f864922f947a6bb D /home/capstone/project/test_files/000488.unk.lck
[10859] f864922f947a6bb C /home/capstone/project/test_files/000332.pdf.lck
[10859] f864922f947a6bb O /home/capstone/project/test_files/000332.pdf
[10859] f864922f947a6bb C /home/capstone/project/test_files/000592.pdf.lck
[10859] f864922f947a6bb O /home/capstone/project/test_files/000592.pdf
[10859] f864922f947a6bb C /home/capstone/project/test_files/000701.doc.lck
[10859] f864922f947a6bb O /home/capstone/project/test_files/000701.doc
[10859] f864922f947a6bb D /home/capstone/project/test_files/000767.ps.lck
[10859] f864922f947a6bb C /home/capstone/project/test_files/000206.html.lck
[10859] f864922f947a6bb O /home/capstone/project/test_files/000206.html
[10859] f864922f947a6bb D /home/capstone/project/test_files/000592.pdf.lck
[10859] f864922f947a6bb C /home/capstone/project/test_files/000034.xls.lck
[10859] f864922f947a6bb O /home/capstone/project/test_files/000034.xls
[10859] f864922f947a6bb D /home/capstone/project/test_files/000701.doc.lck
[10859] f864922f947a6bb C /home/capstone/project/test_files/000778.xls.lck
[10859] f864922f947a6bb O /home/capstone/project/test_files/000778.xls
[10859] f864922f947a6bb D /home/capstone/project/test_files/000332.pdf.lck
[10859] f864922f947a6bb D /home/capstone/project/test_files/000206.html.lck
[10859] f864922f947a6bb C /home/capstone/project/test_files/000069.html.lck
[10859] f864922f947a6bb O /home/capstone/project/test_files/000069.html
[10859] f864922f947a6bb D /home/capstone/project/test_files/000778.xls.lck
[10859] f864922f947a6bb C /home/capstone/project/test_files/000039.xml.lck
[10859] f864922f947a6bb O /home/capstone/project/test_files/000039.xml
[10859] f864922f947a6bb C /home/capstone/project/test_files/000804.doc.lck
[10859] f864922f947a6bb O /home/capstone/project/test_files/000804.doc
[10859] f864922f947a6bb D /home/capstone/project/test_files/000069.html.lck
[10859] f864922f947a6bb D /home/capstone/project/test_files/000039.xml.lck
[10859] f864922f947a6bb D /home/capstone/project/test_files/000804.doc.lck
[10859] f864922f947a6bb C /home/capstone/project/test_files/000617.html.lck
[10859] f864922f947a6bb O /home/capstone/project/test_files/000617.html
[10859] f864922f947a6bb C /home/capstone/project/test_files/000186.html.lck
[10859] f864922f947a6bb O /home/capstone/project/test_files/000186.html
[10859] f864922f947a6bb C /home/capstone/project/test_files/000096.txt.lck
[10859] f864922f947a6bb O /home/capstone/project/test_files/000096.txt
[10859] f864922f947a6bb D /home/capstone/project/test_files/000096.txt.lck
[10859] f864922f947a6bb D /home/capstone/project/test_files/000186.html.lck
[10859] f864922f947a6bb D /home/capstone/project/test_files/000617.html.lck
[10859] f864922f947a6bb C /home/capstone/project/test_files/000132.doc.lck
[10859] f864922f947a6bb O /home/capstone/project/test_files/000132.doc
[10859] f864922f947a6bb C /home/capstone/project/test_files/000223.f.lck
[10859] f864922f947a6bb O /home/capstone/project/test_files/000223.f
[10859] f864922f947a6bb C /home/capstone/project/test_files/000007.doc.lck
[10859] f864922f947a6bb O /home/capstone/project/test_files/000007.doc
[10859] f864922f947a6bb C /home/capstone/project/test_files/000754.gz.lck
[10859] f864922f947a6bb O /home/capstone/project/test_files/000754.gz
[10859] f864922f947a6bb D /home/capstone/project/test_files/000007.doc.lck
[10859] f864922f947a6bb D /home/capstone/project/test_files/000132.doc.lck
[10859] f864922f947a6bb C /home/capstone/project/test_files/000633.xls.lck
[10859] f864922f947a6bb O /home/capstone/project/test_files/000633.xls
[10859] f864922f947a6bb D /home/capstone/project/test_files/000223.f.lck
[10859] f864922f947a6bb C /home/capstone/project/test_files/000353.pdf.lck
[10859] f864922f947a6bb O /home/capstone/project/test_files/000353.pdf
[10859] f864922f947a6bb C /home/capstone/project/test_files/000122.doc.lck
[10859] f864922f947a6bb O /home/capstone/project/test_files/000122.doc
[10859] f864922f947a6bb C /home/capstone/project/test_files/000771.doc.lck
[10859] f864922f947a6bb O /home/capstone/project/test_files/000771.doc
[10859] f864922f947a6bb D /home/capstone/project/test_files/000754.gz.lck
[10859] f864922f947a6bb C /home/capstone/project/test_files/000735.html.lck
[10859] f864922f947a6bb O /home/capstone/project/test_files/000735.html
[10859] f864922f947a6bb C /home/capstone/project/test_files/000334.pdf.lck
[10859] f864922f947a6bb O /home/capstone/project/test_files/000334.pdf
[10859] f864922f947a6bb C /home/capstone/project/test_files/000224.txt.lck
[10859] f864922f947a6bb O /home/capstone/project/test_files/000224.txt
[10859] f864922f947a6bb D /home/capstone/project/test_files/000122.doc.lck
[10859] f864922f947a6bb C /home/capstone/project/test_files/000022.pdf.lck
[10859] f864922f947a6bb O /home/capstone/project/test_files/000022.pdf
[10859] f864922f947a6bb D /home/capstone/project/test_files/000735.html.lck
[10859] f864922f947a6bb D /home/capstone/project/test_files/000224.txt.lck
[10859] f864922f947a6bb C /home/capstone/project/test_files/000071.html.lck
[10859] f864922f947a6bb O /home/capstone/project/test_files/000071.html
[10859] f864922f947a6bb C /home/capstone/project/test_files/000557.ppt.lck
[10859] f864922f947a6bb O /home/capstone/project/test_files/000557.ppt
[10859] f864922f947a6bb D /home/capstone/project/test_files/000353.pdf.lck
[10859] f864922f947a6bb C /home/capstone/project/test_files/000572.pdf.lck
[10859] f864922f947a6bb O /home/capstone/project/test_files/000572.pdf
[10859] f864922f947a6bb C /home/capstone/project/test_files/000995.ppt.lck
[10859] f864922f947a6bb O /home/capstone/project/test_files/000995.ppt
[10859] f864922f947a6bb C /home/capstone/project/test_files/000714.ppt.lck
[10859] f864922f947a6bb O /home/capstone/project/test_files/000714.ppt
[10859] f864922f947a6bb C /home/capstone/project/test_files/000587.pdf.lck
[10859] f864922f947a6bb O /home/capstone/project/test_files/000587.pdf
[10859] f864922f947a6bb C /home/capstone/project/test_files/000809.pdf.lck
[10859] f864922f947a6bb O /home/capstone/project/test_files/000809.pdf
[10859] f864922f947a6bb D /home/capstone/project/test_files/000022.pdf.lck
[10859] f864922f947a6bb D /home/capstone/project/test_files/000334.pdf.lck
[10859] f864922f947a6bb D /home/capstone/project/test_files/000587.pdf.lck
[10859] f864922f947a6bb C /home/capstone/project/test_files/000845.swf.lck
[10859] f864922f947a6bb O /home/capstone/project/test_files/000845.swf
[10859] f864922f947a6bb C /home/capstone/project/test_files/000855.txt.lck
[10859] f864922f947a6bb O /home/capstone/project/test_files/000855.txt
[10859] f864922f947a6bb C /home/capstone/project/test_files/000460.txt.lck
[10859] f864922f947a6bb O /home/capstone/project/test_files/000460.txt
[10859] f864922f947a6bb D /home/capstone/project/test_files/000071.html.lck
[10859] f864922f947a6bb D /home/capstone/project/test_files/000995.ppt.lck
[10859] f864922f947a6bb C /home/capstone/project/test_files/000320.ppt.lck
[10859] f864922f947a6bb O /home/capstone/project/test_files/000320.ppt
[10859] f864922f947a6bb D /home/capstone/project/test_files/000809.pdf.lck
[10859] f864922f947a6bb C /home/capstone/project/test_files/000970.doc.lck
[10859] f864922f947a6bb O /home/capstone/project/test_files/000970.doc
[10859] f864922f947a6bb C /home/capstone/project/test_files/000976.doc.lck
[10859] f864922f947a6bb O /home/capstone/project/test_files/000976.doc
[10859] f864922f947a6bb D /home/capstone/project/test_files/000855.txt.lck
[10859] f864922f947a6bb D /home/capstone/project/test_files/000714.ppt.lck
[10859] f864922f947a6bb C /home/capstone/project/test_files/000519.gif.lck
[10859] f864922f947a6bb O /home/capstone/project/test_files/000519.gif
[10859] f864922f947a6bb C /home/capstone/project/test_files/000207.html.lck
[10859] f864922f947a6bb O /home/capstone/project/test_files/000207.html
[10859] f864922f947a6bb D /home/capstone/project/test_files/000460.txt.lck
[10859] f864922f947a6bb C /home/capstone/project/test_files/000530.gif.lck
[10859] f864922f947a6bb O /home/capstone/project/test_files/000530.gif
[10859] f864922f947a6bb C /home/capstone/project/test_files/000004.doc.lck
[10859] f864922f947a6bb O /home/capstone/project/test_files/000004.doc
[10859] f864922f947a6bb C /home/capstone/project/test_files/000699.log.lck
[10859] f864922f947a6bb O /home/capstone/project/test_files/000699.log
[10859] f864922f947a6bb D /home/capstone/project/test_files/000207.html.lck
[10859] f864922f947a6bb C /home/capstone/project/test_files/000410.html.lck
[10859] f864922f947a6bb O /home/capstone/project/test_files/000410.html
[10859] f864922f947a6bb D /home/capstone/project/test_files/000976.doc.lck
[10859] f864922f947a6bb C /home/capstone/project/test_files/000545.gif.lck
[10859] f864922f947a6bb O /home/capstone/project/test_files/000545.gif
[10859] f864922f947a6bb C /home/capstone/project/test_files/000269.pdf.lck
[10859] f864922f947a6bb O /home/capstone/project/test_files/000269.pdf
[10859] f864922f947a6bb C /home/capstone/project/test_files/000756.csv.lck
[10859] f864922f947a6bb O /home/capstone/project/test_files/000756.csv
[10859] f864922f947a6bb D /home/capstone/project/test_files/000845.swf.lck
[10859] f864922f947a6bb C /home/capstone/project/test_files/000461.html.lck
[10859] f864922f947a6bb O /home/capstone/project/test_files/000461.html
[10859] f864922f947a6bb D /home/capstone/project/test_files/000410.html.lck
[10859] f864922f947a6bb C /home/capstone/project/test_files/000629.pdf.lck
[10859] f864922f947a6bb O /home/capstone/project/test_files/000629.pdf
[10859] f864922f947a6bb C /home/capstone/project/test_files/000844.txt.lck
[10859] f864922f947a6bb O /home/capstone/project/test_files/000844.txt
[10859] f864922f947a6bb C /home/capstone/project/test_files/000894.html.lck
[10859] f864922f947a6bb O /home/capstone/project/test_files/000894.html
[10859] f864922f947a6bb C /home/capstone/project/test_files/000670.txt.lck
[10859] f864922f947a6bb O /home/capstone/project/test_files/000670.txt
[10859] f864922f947a6bb C /home/capstone/project/test_files/000707.doc.lck
[10859] f864922f947a6bb O /home/capstone/project/test_files/000707.doc
[10859] f864922f947a6bb C /home/capstone/project/test_files/000923.xml.lck
[10859] f864922f947a6bb O /home/capstone/project/test_files/000923.xml
[10859] f864922f947a6bb D /home/capstone/project/test_files/000004.doc.lck
[10859] f864922f947a6bb C /home/capstone/project/test_files/000489.txt.lck
[10859] f864922f947a6bb O /home/capstone/project/test_files/000489.txt
[10859] f864922f947a6bb D /home/capstone/project/test_files/000844.txt.lck
[10859] f864922f947a6bb C /home/capstone/project/test_files/000381.pdf.lck
[10859] f864922f947a6bb O /home/capstone/project/test_files/000381.pdf
[10859] f864922f947a6bb C /home/capstone/project/test_files/000499.txt.lck
[10859] f864922f947a6bb O /home/capstone/project/test_files/000499.txt
[10859] f864922f947a6bb C /home/capstone/project/test_files/000773.ps.lck
[10859] f864922f947a6bb O /home/capstone/project/test_files/000773.ps
[10859] f864922f947a6bb C /home/capstone/project/test_files/000865.gz.lck
[10859] f864922f947a6bb O /home/capstone/project/test_files/000865.gz
[10859] f864922f947a6bb D /home/capstone/project/test_files/000923.xml.lck
[10859] f864922f947a6bb C /home/capstone/project/test_files/000748.pdf.lck
[10859] f864922f947a6bb O /home/capstone/project/test_files/000748.pdf
[10859] f864922f947a6bb C /home/capstone/project/test_files/000109.jpg.lck
[10859] f864922f947a6bb O /home/capstone/project/test_files/000109.jpg
[10859] f864922f947a6bb C /home/capstone/project/test_files/000082.txt.lck
[10859] f864922f947a6bb O /home/capstone/project/test_files/000082.txt
[10859] f864922f947a6bb D /home/capstone/project/test_files/000894.html.lck
[10859] f864922f947a6bb D /home/capstone/project/test_files/000489.txt.lck
[10859] f864922f947a6bb C /home/capstone/project/test_files/000981.doc.lck
[10859] f864922f947a6bb O /home/capstone/project/test_files/000981.doc
[10859] f864922f947a6bb C /home/capstone/project/test_files/000442.html.lck
[10859] f864922f947a6bb O /home/capstone/project/test_files/000442.html
[10859] f864922f947a6bb D /home/capstone/project/test_files/000707.doc.lck
[10859] f864922f947a6bb C /home/capstone/project/test_files/000165.ppt.lck
[10859] f864922f947a6bb O /home/capstone/project/test_files/000165.ppt
[10859] f864922f947a6bb C /home/capstone/project/test_files/000285.doc.lck
[10859] f864922f947a6bb O /home/capstone/project/test_files/000285.doc
[10859] f864922f947a6bb C /home/capstone/project/test_files/000675.doc.lck
[10859] f864922f947a6bb O /home/capstone/project/test_files/000675.doc
[10859] f864922f947a6bb C /home/capstone/project/test_files/000720.ppt.lck
[10859] f864922f947a6bb O /home/capstone/project/test_files/000720.ppt
[10859] f864922f947a6bb D /home/capstone/project/test_files/000519.gif.lck
[10859] f864922f947a6bb D /home/capstone/project/test_files/000285.doc.lck
[10859] f864922f947a6bb D /home/capstone/project/test_files/000675.doc.lck
[10859] f864922f947a6bb C /home/capstone/project/test_files/000431.html.lck
[10859] f864922f947a6bb O /home/capstone/project/test_files/000431.html
[10859] f864922f947a6bb D /home/capstone/project/test_files/000082.txt.lck
[10859] f864922f947a6bb D /home/capstone/project/test_files/000499.txt.lck
[10859] f864922f947a6bb C /home/capstone/project/test_files/000324.pdf.lck
[10859] f864922f947a6bb O /home/capstone/project/test_files/000324.pdf
[10859] f864922f947a6bb D /home/capstone/project/test_files/000109.jpg.lck
[10859] f864922f947a6bb D /home/capstone/project/test_files/000773.ps.lck
[10859] f864922f947a6bb C /home/capstone/project/test_files/000692.html.lck
[10859] f864922f947a6bb O /home/capstone/project/test_files/000692.html
[10859] f864922f947a6bb C /home/capstone/project/test_files/000810.pdf.lck
[10859] f864922f947a6bb O /home/capstone/project/test_files/000810.pdf
[10859] f864922f947a6bb D /home/capstone/project/test_files/000970.doc.lck
[10859] f864922f947a6bb D /home/capstone/project/test_files/000692.html.lck
[10859] f864922f947a6bb D /home/capstone/project/test_files/000629.pdf.lck
[10859] f864922f947a6bb D /home/capstone/project/test_files/000810.pdf.lck
[10859] f864922f947a6bb D /home/capstone/project/test_files/000461.html.lck
[10859] f864922f947a6bb C /home/capstone/project/test_files/000389.dbase3.lck
[10859] f864922f947a6bb O /home/capstone/project/test_files/000389.dbase3
[10859] f864922f947a6bb C /home/capstone/project/test_files/000866.txt.lck
[10859] f864922f947a6bb O /home/capstone/project/test_files/000866.txt
[10859] f864922f947a6bb D /home/capstone/project/test_files/000748.pdf.lck
[10859] f864922f947a6bb D /home/capstone/project/test_files/000389.dbase3.lck
[10859] f864922f947a6bb D /home/capstone/project/test_files/000572.pdf.lck
[10859] f864922f947a6bb D /home/capstone/project/test_files/000530.gif.lck
[10859] f864922f947a6bb C /home/capstone/project/test_files/000793.html.lck
[10859] f864922f947a6bb O /home/capstone/project/test_files/000793.html
[10859] f864922f947a6bb C /home/capstone/project/test_files/000534.gif.lck
[10859] f864922f947a6bb O /home/capstone/project/test_files/000534.gif
[10859] f864922f947a6bb D /home/capstone/project/test_files/000381.pdf.lck
[10859] f864922f947a6bb C /home/capstone/project/test_files/000322.ppt.lck
[10859] f864922f947a6bb O /home/capstone/project/test_files/000322.ppt
[10859] f864922f947a6bb C /home/capstone/project/test_files/000153.pdf.lck
[10859] f864922f947a6bb O /home/capstone/project/test_files/000153.pdf
[10859] f864922f947a6bb C /home/capstone/project/test_files/000697.log.lck
[10859] f864922f947a6bb O /home/capstone/project/test_files/000697.log
[10859] f864922f947a6bb D /home/capstone/project/test_files/000793.html.lck
[10859] f864922f947a6bb C /home/capstone/project/test_files/000294.ppt.lck
[10859] f864922f947a6bb O /home/capstone/project/test_files/000294.ppt
[10859] f864922f947a6bb D /home/capstone/project/test_files/000324.pdf.lck
[10859] f864922f947a6bb C /home/capstone/project/test_files/000014.html.lck
[10859] f864922f947a6bb O /home/capstone/project/test_files/000014.html
[10859] f864922f947a6bb C /home/capstone/project/test_files/000110.jpg.lck
[10859] f864922f947a6bb O /home/capstone/project/test_files/000110.jpg
[10859] f864922f947a6bb C /home/capstone/project/test_files/000849.txt.lck
[10859] f864922f947a6bb O /home/capstone/project/test_files/000849.txt
[10859] f864922f947a6bb D /home/capstone/project/test_files/000697.log.lck
[10859] f864922f947a6bb C /home/capstone/project/test_files/000382.xls.lck
[10859] f864922f947a6bb O /home/capstone/project/test_files/000382.xls
[10859] f864922f947a6bb C /home/capstone/project/test_files/000496.xml.lck
[10859] f864922f947a6bb O /home/capstone/project/test_files/000496.xml
[10859] f864922f947a6bb D /home/capstone/project/test_files/000014.html.lck
[10859] f864922f947a6bb D /home/capstone/project/test_files/000294.ppt.lck
[10859] f864922f947a6bb C /home/capstone/project/test_files/000494.txt.lck
[10859] f864922f947a6bb O /home/capstone/project/test_files/000494.txt
[10859] f864922f947a6bb D /home/capstone/project/test_files/000849.txt.lck
[10859] f864922f947a6bb D /home/capstone/project/test_files/000442.html.lck
[10859] f864922f947a6bb D /home/capstone/project/test_files/000110.jpg.lck
[10859] f864922f947a6bb D /home/capstone/project/test_files/000720.ppt.lck
[10859] f864922f947a6bb D /home/capstone/project/test_files/000496.xml.lck
[10859] f864922f947a6bb D /home/capstone/project/test_files/000494.txt.lck
[10859] f864922f947a6bb D /home/capstone/project/test_files/000981.doc.lck
[10859] f864922f947a6bb C /home/capstone/project/test_files/000078.html.lck
[10859] f864922f947a6bb O /home/capstone/project/test_files/000078.html
[10859] f864922f947a6bb D /home/capstone/project/test_files/000865.gz.lck
[10859] f864922f947a6bb D /home/capstone/project/test_files/000866.txt.lck
[10859] f864922f947a6bb D /home/capstone/project/test_files/000382.xls.lck
[10859] f864922f947a6bb D /home/capstone/project/test_files/000431.html.lck
[10859] f864922f947a6bb D /home/capstone/project/test_files/000534.gif.lck
[10859] f864922f947a6bb C /home/capstone/project/test_files/000631.pdf.lck
[10859] f864922f947a6bb O /home/capstone/project/test_files/000631.pdf
[10859] f864922f947a6bb D /home/capstone/project/test_files/000320.ppt.lck
[10859] f864922f947a6bb C /home/capstone/project/test_files/000728.ppt.lck
[10859] f864922f947a6bb O /home/capstone/project/test_files/000728.ppt
[10859] f864922f947a6bb C /home/capstone/project/test_files/000827.txt.lck
[10859] f864922f947a6bb O /home/capstone/project/test_files/000827.txt
[10859] f864922f947a6bb C /home/capstone/project/test_files/000209.html.lck
[10859] f864922f947a6bb O /home/capstone/project/test_files/000209.html
[10859] f864922f947a6bb C /home/capstone/project/test_files/000227.txt.lck
[10859] f864922f947a6bb O /home/capstone/project/test_files/000227.txt
[10859] f864922f947a6bb C /home/capstone/project/test_files/000040.xls.lck
[10859] f864922f947a6bb O /home/capstone/project/test_files/000040.xls
[10859] f864922f947a6bb D /home/capstone/project/test_files/000040.xls.lck
[10859] f864922f947a6bb D /home/capstone/project/test_files/000078.html.lck
[10859] f864922f947a6bb D /home/capstone/project/test_files/000827.txt.lck
[10859] f864922f947a6bb D /home/capstone/project/test_files/000209.html.lck
[10859] f864922f947a6bb C /home/capstone/project/test_files/000768.ps.lck
[10859] f864922f947a6bb O /home/capstone/project/test_files/000768.ps
[10859] f864922f947a6bb C /home/capstone/project/test_files/000861.txt.lck
[10859] f864922f947a6bb O /home/capstone/project/test_files/000861.txt
[10859] f864922f947a6bb C /home/capstone/project/test_files/000361.pdf.lck
[10859] f864922f947a6bb O /home/capstone/project/test_files/000361.pdf
[10859] f864922f947a6bb C /home/capstone/project/test_files/000816.pdf.lck
[10859] f864922f947a6bb O /home/capstone/project/test_files/000816.pdf
[10859] f864922f947a6bb C /home/capstone/project/test_files/000354.pdf.lck
[10859] f864922f947a6bb O /home/capstone/project/test_files/000354.pdf
[10859] f864922f947a6bb D /home/capstone/project/test_files/000631.pdf.lck
[10859] f864922f947a6bb D /home/capstone/project/test_files/000354.pdf.lck
[10859] f864922f947a6bb C /home/capstone/project/test_files/000598.html.lck
[10859] f864922f947a6bb O /home/capstone/project/test_files/000598.html
[10859] f864922f947a6bb C /home/capstone/project/test_files/000782.xls.lck
[10859] f864922f947a6bb O /home/capstone/project/test_files/000782.xls
[10859] f864922f947a6bb C /home/capstone/project/test_files/000013.pdf.lck
[10859] f864922f947a6bb O /home/capstone/project/test_files/000013.pdf
[10859] f864922f947a6bb C /home/capstone/project/test_files/000298.ppt.lck
[10859] f864922f947a6bb O /home/capstone/project/test_files/000298.ppt
[10859] f864922f947a6bb D /home/capstone/project/test_files/000768.ps.lck
[10859] f864922f947a6bb C /home/capstone/project/test_files/000582.pdf.lck
[10859] f864922f947a6bb O /home/capstone/project/test_files/000582.pdf
[10859] f864922f947a6bb C /home/capstone/project/test_files/000928.txt.lck
[10859] f864922f947a6bb O /home/capstone/project/test_files/000928.txt
[10859] f864922f947a6bb D /home/capstone/project/test_files/000013.pdf.lck
[10859] f864922f947a6bb D /home/capstone/project/test_files/000361.pdf.lck
[10859] f864922f947a6bb D /home/capstone/project/test_files/000816.pdf.lck
[10859] f864922f947a6bb D /home/capstone/project/test_files/000782.xls.lck
[10859] f864922f947a6bb D /home/capstone/project/test_files/000861.txt.lck
[10859] f864922f947a6bb D /home/capstone/project/test_files/000598.html.lck
[10859] f864922f947a6bb C /home/capstone/project/test_files/000873.jpg.lck
[10859] f864922f947a6bb O /home/capstone/project/test_files/000873.jpg
[10859] f864922f947a6bb C /home/capstone/project/test_files/000814.html.lck
[10859] f864922f947a6bb O /home/capstone/project/test_files/000814.html
[10859] f864922f947a6bb C /home/capstone/project/test_files/000303.ppt.lck
[10859] f864922f947a6bb O /home/capstone/project/test_files/000303.ppt
[10859] f864922f947a6bb D /home/capstone/project/test_files/000814.html.lck
[10859] f864922f947a6bb C /home/capstone/project/test_files/000527.gif.lck
[10859] f864922f947a6bb O /home/capstone/project/test_files/000527.gif
[10859] f864922f947a6bb D /home/capstone/project/test_files/000771.doc.lck
[10859] f864922f947a6bb D /home/capstone/project/test_files/000873.jpg.lck
[10859] f864922f947a6bb C /home/capstone/project/test_files/000543.gif.lck
[10859] f864922f947a6bb C /home/capstone/project/test_files/000738.pdf.lck
[10859] f864922f947a6bb O /home/capstone/project/test_files/000738.pdf
[10859] f864922f947a6bb C /home/capstone/project/test_files/000311.ppt.lck
[10859] f864922f947a6bb C /home/capstone/project/test_files/000278.doc.lck
[10859] f864922f947a6bb O /home/capstone/project/test_files/000278.doc
[10859] f864922f947a6bb D /home/capstone/project/test_files/000582.pdf.lck
[10859] f864922f947a6bb O /home/capstone/project/test_files/000543.gif
[10859] f864922f947a6bb C /home/capstone/project/test_files/000904.pdf.lck
[10859] f864922f947a6bb C /home/capstone/project/test_files/000385.xls.lck
[10859] f864922f947a6bb C /home/capstone/project/test_files/000055.xls.lck
[10859] f864922f947a6bb C /home/capstone/project/test_files/000858.txt.lck
[10859] f864922f947a6bb C /home/capstone/project/test_files/000015.pdf.lck
[10859] f864922f947a6bb C /home/capstone/project/test_files/000202.html.lck
[10859] f864922f947a6bb C /home/capstone/project/test_files/000181.ppt.lck
[10859] f864922f947a6bb C /home/capstone/project/test_files/000264.doc.lck
[10859] f864922f947a6bb C /home/capstone/project/test_files/000723.ppt.lck
[10859] f864922f947a6bb D /home/capstone/project/test_files/000278.doc.lck
[10859] f864922f947a6bb D /home/capstone/project/test_files/000738.pdf.lck
[10859] f864922f947a6bb C /home/capstone/project/test_files/000694.html.lck
[10859] f864922f947a6bb O /home/capstone/project/test_files/000694.html
[10859] f864922f947a6bb C /home/capstone/project/test_files/000983.ppt.lck
[10859] f864922f947a6bb O /home/capstone/project/test_files/000983.ppt
[10859] f864922f947a6bb D /home/capstone/project/test_files/000699.log.lck
[10859] f864922f947a6bb D /home/capstone/project/test_files/000728.ppt.lck
[10859] f864922f947a6bb C /home/capstone/project/test_files/000474.txt.lck
[10859] f864922f947a6bb O /home/capstone/project/test_files/000474.txt
[10859] f864922f947a6bb D /home/capstone/project/test_files/000694.html.lck
[10859] f864922f947a6bb C /home/capstone/project/test_files/000152.pdf.lck
[10859] f864922f947a6bb O /home/capstone/project/test_files/000152.pdf
[10859] f864922f947a6bb D /home/capstone/project/test_files/000113.doc.lck
[10859] f864922f947a6bb D /home/capstone/project/test_files/000527.gif.lck
[10859] f864922f947a6bb D /home/capstone/project/test_files/000474.txt.lck
[10859] f864922f947a6bb D /home/capstone/project/test_files/000928.txt.lck
[10859] f864922f947a6bb D /home/capstone/project/test_files/000983.ppt.lck
[10859] f864922f947a6bb D /home/capstone/project/test_files/000269.pdf.lck
[10859] f864922f947a6bb D /home/capstone/project/test_files/000670.txt.lck
[10859] f864922f947a6bb D /home/capstone/project/test_files/000543.gif.lck
[10859] f864922f947a6bb C /home/capstone/project/test_files/000315.ppt.lck
[10859] f864922f947a6bb O /home/capstone/project/test_files/000315.ppt
[10859] f864922f947a6bb D /home/capstone/project/test_files/000756.csv.lck
[10859] f864922f947a6bb D /home/capstone/project/test_files/000227.txt.lck
[10859] f864922f947a6bb D /home/capstone/project/test_files/000303.ppt.lck
[10859] f864922f947a6bb D /home/capstone/project/test_files/000710.ppt.lck
[10859] f864922f947a6bb D /home/capstone/project/test_files/000545.gif.lck
[10859] f864922f947a6bb O /home/capstone/project/test_files/000311.ppt
[10859] f864922f947a6bb O /home/capstone/project/test_files/000904.pdf
[10859] f864922f947a6bb O /home/capstone/project/test_files/000385.xls
[10859] f864922f947a6bb O /home/capstone/project/test_files/000055.xls
[10859] f864922f947a6bb O /home/capstone/project/test_files/000858.txt
[10859] f864922f947a6bb O /home/capstone/project/test_files/000015.pdf
[10859] f864922f947a6bb O /home/capstone/project/test_files/000202.html
[10859] f864922f947a6bb O /home/capstone/project/test_files/000181.ppt
[10859] f864922f947a6bb O /home/capstone/project/test_files/000264.doc
[10859] f864922f947a6bb O /home/capstone/project/test_files/000723.ppt
[10859] f864922f947a6bb D /home/capstone/project/test_files/000385.xls.lck
[10859] f864922f947a6bb D /home/capstone/project/test_files/000202.html.lck
[10859] f864922f947a6bb D /home/capstone/project/test_files/000858.txt.lck
[10859] f864922f947a6bb D /home/capstone/project/test_files/000264.doc.lck
[10859] f864922f947a6bb D /home/capstone/project/test_files/000904.pdf.lck
[10859] f864922f947a6bb D /home/capstone/project/test_files/000633.xls.lck
[10859] f864922f947a6bb D /home/capstone/project/test_files/000015.pdf.lck
[10859] f864922f947a6bb D /home/capstone/project/test_files/000165.ppt.lck
[10859] f864922f947a6bb C /home/capstone/project/test_files/000674.pdf.lck
[10859] f864922f947a6bb O /home/capstone/project/test_files/000674.pdf
[10859] f864922f947a6bb C /home/capstone/project/test_files/000665.txt.lck
[10859] f864922f947a6bb O /home/capstone/project/test_files/000665.txt
[10859] f864922f947a6bb C /home/capstone/project/test_files/000291.ppt.lck
[10859] f864922f947a6bb O /home/capstone/project/test_files/000291.ppt
[10859] f864922f947a6bb C /home/capstone/project/test_files/000550.jpg.lck
[10859] f864922f947a6bb O /home/capstone/project/test_files/000550.jpg
[10859] f864922f947a6bb C /home/capstone/project/test_files/000783.html.lck
[10859] f864922f947a6bb O /home/capstone/project/test_files/000783.html
[10859] f864922f947a6bb C /home/capstone/project/test_files/000540.jpg.lck
[10859] f864922f947a6bb O /home/capstone/project/test_files/000540.jpg
[10859] f864922f947a6bb D /home/capstone/project/test_files/000557.ppt.lck
[10859] f864922f947a6bb C /home/capstone/project/test_files/000920.txt.lck
[10859] f864922f947a6bb O /home/capstone/project/test_files/000920.txt
[10859] f864922f947a6bb C /home/capstone/project/test_files/000712.ppt.lck
[10859] f864922f947a6bb O /home/capstone/project/test_files/000712.ppt
[10859] f864922f947a6bb D /home/capstone/project/test_files/000665.txt.lck
[10859] f864922f947a6bb D /home/capstone/project/test_files/000723.ppt.lck
[10859] f864922f947a6bb D /home/capstone/project/test_files/000550.jpg.lck
[10859] f864922f947a6bb C /home/capstone/project/test_files/000659.txt.lck
[10859] f864922f947a6bb O /home/capstone/project/test_files/000659.txt
[10859] f864922f947a6bb C /home/capstone/project/test_files/000775.xls.lck
[10859] f864922f947a6bb O /home/capstone/project/test_files/000775.xls
[10859] f864922f947a6bb D /home/capstone/project/test_files/000659.txt.lck
[10859] f864922f947a6bb D /home/capstone/project/test_files/000775.xls.lck
[10859] f864922f947a6bb C /home/capstone/project/test_files/000210.html.lck
[10859] f864922f947a6bb O /home/capstone/project/test_files/000210.html
[10859] f864922f947a6bb D /home/capstone/project/test_files/000210.html.lck
[10859] f864922f947a6bb C /home/capstone/project/test_files/000149.pdf.lck
[10859] f864922f947a6bb O /home/capstone/project/test_files/000149.pdf
[10859] f864922f947a6bb C /home/capstone/project/test_files/000624.txt.lck
[10859] f864922f947a6bb O /home/capstone/project/test_files/000624.txt
[10859] f864922f947a6bb C /home/capstone/project/test_files/000907.html.lck
[10859] f864922f947a6bb O /home/capstone/project/test_files/000907.html
[10859] f864922f947a6bb C /home/capstone/project/test_files/000262.pdf.lck
[10859] f864922f947a6bb O /home/capstone/project/test_files/000262.pdf
[10859] f864922f947a6bb C /home/capstone/project/test_files/000790.doc.lck
[10859] f864922f947a6bb O /home/capstone/project/test_files/000790.doc
[10859] f864922f947a6bb D /home/capstone/project/test_files/000907.html.lck
[10859] f864922f947a6bb C /home/capstone/project/test_files/000196.pdf.lck
[10859] f864922f947a6bb O /home/capstone/project/test_files/000196.pdf
[10859] f864922f947a6bb C /home/capstone/project/test_files/000688.gif.lck
[10859] f864922f947a6bb O /home/capstone/project/test_files/000688.gif
[10859] f864922f947a6bb D /home/capstone/project/test_files/000790.doc.lck
[10859] f864922f947a6bb D /home/capstone/project/test_files/000196.pdf.lck
[10859] f864922f947a6bb C /home/capstone/project/test_files/000630.pdf.lck
[10859] f864922f947a6bb O /home/capstone/project/test_files/000630.pdf
[10859] f864922f947a6bb D /home/capstone/project/test_files/000688.gif.lck
[10859] f864922f947a6bb D /home/capstone/project/test_files/000262.pdf.lck
[10859] f864922f947a6bb D /home/capstone/project/test_files/000630.pdf.lck
[10859] f864922f947a6bb D /home/capstone/project/test_files/000149.pdf.lck
[10859] f864922f947a6bb C /home/capstone/project/test_files/000252.pdf.lck
[10859] f864922f947a6bb O /home/capstone/project/test_files/000252.pdf
[10859] f864922f947a6bb C /home/capstone/project/test_files/000168.pdf.lck
[10859] f864922f947a6bb O /home/capstone/project/test_files/000168.pdf
[10859] f864922f947a6bb C /home/capstone/project/test_files/000028.pdf.lck
[10859] f864922f947a6bb O /home/capstone/project/test_files/000028.pdf
[10859] f864922f947a6bb C /home/capstone/project/test_files/000776.xls.lck
[10859] f864922f947a6bb O /home/capstone/project/test_files/000776.xls
[10859] f864922f947a6bb C /home/capstone/project/test_files/000123.html.lck
[10859] f864922f947a6bb O /home/capstone/project/test_files/000123.html
[10859] f864922f947a6bb C /home/capstone/project/test_files/000471.txt.lck
[10859] f864922f947a6bb O /home/capstone/project/test_files/000471.txt
[10859] f864922f947a6bb D /home/capstone/project/test_files/000471.txt.lck
[10859] f864922f947a6bb D /home/capstone/project/test_files/000252.pdf.lck
[10859] f864922f947a6bb D /home/capstone/project/test_files/000168.pdf.lck
[10859] f864922f947a6bb D /home/capstone/project/test_files/000674.pdf.lck
[10859] f864922f947a6bb D /home/capstone/project/test_files/000028.pdf.lck
[10859] f864922f947a6bb C /home/capstone/project/test_files/000323.ppt.lck
[10859] f864922f947a6bb O /home/capstone/project/test_files/000323.ppt
[10859] f864922f947a6bb C /home/capstone/project/test_files/000764.csv.lck
[10859] f864922f947a6bb O /home/capstone/project/test_files/000764.csv
[10859] f864922f947a6bb C /home/capstone/project/test_files/000462.txt.lck
[10859] f864922f947a6bb O /home/capstone/project/test_files/000462.txt
[10859] f864922f947a6bb D /home/capstone/project/test_files/000764.csv.lck
[10859] f864922f947a6bb C /home/capstone/project/test_files/000316.pdf.lck
[10859] f864922f947a6bb O /home/capstone/project/test_files/000316.pdf
[10859] f864922f947a6bb D /home/capstone/project/test_files/000185.html.lck
[10859] f864922f947a6bb C /home/capstone/project/test_files/000067.xml.lck
[10859] f864922f947a6bb O /home/capstone/project/test_files/000067.xml
[10859] f864922f947a6bb D /home/capstone/project/test_files/000780.xls.lck
[10859] f864922f947a6bb D /home/capstone/project/test_files/000067.xml.lck
[10859] f864922f947a6bb D /home/capstone/project/test_files/000316.pdf.lck
[10859] f864922f947a6bb D /home/capstone/project/test_files/000340.pdf.lck
[10859] f864922f947a6bb D /home/capstone/project/test_files/000672.pdf.lck
[10859] f864922f947a6bb C /home/capstone/project/test_files/000126.doc.lck
[10859] f864922f947a6bb O /home/capstone/project/test_files/000126.doc
[10859] f864922f947a6bb C /home/capstone/project/test_files/000205.html.lck
[10859] f864922f947a6bb O /home/capstone/project/test_files/000205.html
[10859] f864922f947a6bb D /home/capstone/project/test_files/000126.doc.lck
[10859] f864922f947a6bb C /home/capstone/project/test_files/000824.html.lck
[10859] f864922f947a6bb O /home/capstone/project/test_files/000824.html
[10859] f864922f947a6bb D /home/capstone/project/test_files/000205.html.lck
[10859] f864922f947a6bb D /home/capstone/project/test_files/000824.html.lck
[10859] f864922f947a6bb C /home/capstone/project/test_files/000430.html.lck
[10859] f864922f947a6bb O /home/capstone/project/test_files/000430.html
[10859] f864922f947a6bb C /home/capstone/project/test_files/000739.pdf.lck
[10859] f864922f947a6bb O /home/capstone/project/test_files/000739.pdf
[10859] f864922f947a6bb C /home/capstone/project/test_files/000054.xls.lck
[10859] f864922f947a6bb O /home/capstone/project/test_files/000054.xls
[10859] f864922f947a6bb C /home/capstone/project/test_files/000263.pdf.lck
[10859] f864922f947a6bb O /home/capstone/project/test_files/000263.pdf
[10859] f864922f947a6bb D /home/capstone/project/test_files/000401.xls.lck
[10859] f864922f947a6bb D /home/capstone/project/test_files/000438.html.lck
[10859] f864922f947a6bb D /home/capstone/project/test_files/000783.html.lck
[10859] f864922f947a6bb C /home/capstone/project/test_files/000586.pdf.lck
[10859] f864922f947a6bb O /home/capstone/project/test_files/000586.pdf
[10859] f864922f947a6bb C /home/capstone/project/test_files/000954.pdf.lck
[10859] f864922f947a6bb O /home/capstone/project/test_files/000954.pdf
[10859] f864922f947a6bb C /home/capstone/project/test_files/000299.ppt.lck
[10859] f864922f947a6bb O /home/capstone/project/test_files/000299.ppt
[10859] f864922f947a6bb D /home/capstone/project/test_files/000540.jpg.lck
[10859] f864922f947a6bb C /home/capstone/project/test_files/000336.pdf.lck
[10859] f864922f947a6bb O /home/capstone/project/test_files/000336.pdf
[10859] f864922f947a6bb D /home/capstone/project/test_files/000586.pdf.lck
[10859] f864922f947a6bb C /home/capstone/project/test_files/000870.jpg.lck
[10859] f864922f947a6bb O /home/capstone/project/test_files/000870.jpg
[10859] f864922f947a6bb C /home/capstone/project/test_files/000830.html.lck
[10859] f864922f947a6bb O /home/capstone/project/test_files/000830.html
[10859] f864922f947a6bb C /home/capstone/project/test_files/000684.jpg.lck
[10859] f864922f947a6bb O /home/capstone/project/test_files/000684.jpg
[10859] f864922f947a6bb C /home/capstone/project/test_files/000564.csv.lck
[10859] f864922f947a6bb O /home/capstone/project/test_files/000564.csv
[10859] f864922f947a6bb C /home/capstone/project/test_files/000604.html.lck
[10859] f864922f947a6bb O /home/capstone/project/test_files/000604.html
[10859] f864922f947a6bb D /home/capstone/project/test_files/000830.html.lck
[10859] f864922f947a6bb C /home/capstone/project/test_files/000376.dbase3.lck
[10859] f864922f947a6bb O /home/capstone/project/test_files/000376.dbase3
[10859] f864922f947a6bb C /home/capstone/project/test_files/000523.png.lck
[10859] f864922f947a6bb O /home/capstone/project/test_files/000523.png
[10859] f864922f947a6bb D /home/capstone/project/test_files/000624.txt.lck
[10859] f864922f947a6bb D /home/capstone/project/test_files/000042.xls.lck
[10859] f864922f947a6bb D /home/capstone/project/test_files/000135.pdf.lck
[10859] f864922f947a6bb D /home/capstone/project/test_files/000293.ppt.lck
[10859] f864922f947a6bb C /home/capstone/project/test_files/000932.txt.lck
[10859] f864922f947a6bb O /home/capstone/project/test_files/000932.txt
[10859] f864922f947a6bb D /home/capstone/project/test_files/000826.pdf.lck
[10859] f864922f947a6bb D /home/capstone/project/test_files/000263.pdf.lck
[10859] f864922f947a6bb C /home/capstone/project/test_files/000287.doc.lck
[10859] f864922f947a6bb O /home/capstone/project/test_files/000287.doc
[10859] f864922f947a6bb C /home/capstone/project/test_files/000402.xls.lck
[10859] f864922f947a6bb O /home/capstone/project/test_files/000402.xls
[10859] f864922f947a6bb C /home/capstone/project/test_files/000102.txt.lck
[10859] f864922f947a6bb O /home/capstone/project/test_files/000102.txt
[10859] f864922f947a6bb D /home/capstone/project/test_files/000287.doc.lck
[10859] f864922f947a6bb D /home/capstone/project/test_files/000563.gif.lck
[10859] f864922f947a6bb C /home/capstone/project/test_files/000333.pdf.lck
[10859] f864922f947a6bb O /home/capstone/project/test_files/000333.pdf
[10859] f864922f947a6bb C /home/capstone/project/test_files/000985.ppt.lck
[10859] f864922f947a6bb O /home/capstone/project/test_files/000985.ppt
[10859] f864922f947a6bb D /home/capstone/project/test_files/000102.txt.lck
[10859] f864922f947a6bb C /home/capstone/project/test_files/000636.html.lck
[10859] f864922f947a6bb O /home/capstone/project/test_files/000636.html
[10859] f864922f947a6bb C /home/capstone/project/test_files/000281.doc.lck
[10859] f864922f947a6bb O /home/capstone/project/test_files/000281.doc
[10859] f864922f947a6bb D /home/capstone/project/test_files/000402.xls.lck
[10859] f864922f947a6bb D /home/capstone/project/test_files/000523.png.lck
[10859] f864922f947a6bb D /home/capstone/project/test_files/000636.html.lck
[10859] f864922f947a6bb D /home/capstone/project/test_files/000281.doc.lck
[10859] f864922f947a6bb D /home/capstone/project/test_files/000147.pdf.lck
[10859] f864922f947a6bb C /home/capstone/project/test_files/000220.txt.lck
[10859] f864922f947a6bb O /home/capstone/project/test_files/000220.txt
[10859] f864922f947a6bb D /home/capstone/project/test_files/000220.txt.lck
[10859] f864922f947a6bb C /home/capstone/project/test_files/000867.jpg.lck
[10859] f864922f947a6bb O /home/capstone/project/test_files/000867.jpg
[10859] f864922f947a6bb C /home/capstone/project/test_files/000107.jpg.lck
[10859] f864922f947a6bb O /home/capstone/project/test_files/000107.jpg
[10859] f864922f947a6bb D /home/capstone/project/test_files/000867.jpg.lck
[10859] f864922f947a6bb C /home/capstone/project/test_files/000229.txt.lck
[10859] f864922f947a6bb O /home/capstone/project/test_files/000229.txt
[10859] f864922f947a6bb D /home/capstone/project/test_files/000538.gif.lck
[10859] f864922f947a6bb D /home/capstone/project/test_files/000333.pdf.lck
[10859] f864922f947a6bb D /home/capstone/project/test_files/000229.txt.lck
[10859] f864922f947a6bb D /home/capstone/project/test_files/000323.ppt.lck
[10859] f864922f947a6bb D /home/capstone/project/test_files/000107.jpg.lck
[10859] f864922f947a6bb D /home/capstone/project/test_files/000154.doc.lck
[10859] f864922f947a6bb C /home/capstone/project/test_files/000898.html.lck
[10859] f864922f947a6bb O /home/capstone/project/test_files/000898.html
[10859] f864922f947a6bb D /home/capstone/project/test_files/000299.ppt.lck
[10859] f864922f947a6bb C /home/capstone/project/test_files/000678.doc.lck
[10859] f864922f947a6bb O /home/capstone/project/test_files/000678.doc
[10859] f864922f947a6bb D /home/capstone/project/test_files/000312.ppt.lck
[10859] f864922f947a6bb D /home/capstone/project/test_files/000898.html.lck
[10859] f864922f947a6bb D /home/capstone/project/test_files/000678.doc.lck
[10859] f864922f947a6bb C /home/capstone/project/test_files/000605.pdf.lck
[10859] f864922f947a6bb O /home/capstone/project/test_files/000605.pdf
[10859] f864922f947a6bb C /home/capstone/project/test_files/000619.txt.lck
[10859] f864922f947a6bb O /home/capstone/project/test_files/000619.txt
[10859] f864922f947a6bb C /home/capstone/project/test_files/000328.ppt.lck
[10859] f864922f947a6bb O /home/capstone/project/test_files/000328.ppt
[10859] f864922f947a6bb D /home/capstone/project/test_files/000605.pdf.lck
[10859] f864922f947a6bb C /home/capstone/project/test_files/000988.ppt.lck
[10859] f864922f947a6bb O /home/capstone/project/test_files/000988.ppt
[10859] f864922f947a6bb D /home/capstone/project/test_files/000181.ppt.lck
[10859] f864922f947a6bb D /home/capstone/project/test_files/000328.ppt.lck
[10859] f864922f947a6bb D /home/capstone/project/test_files/000619.txt.lck
[10859] f864922f947a6bb D /home/capstone/project/test_files/000396.xls.lck
[10859] f864922f947a6bb D /home/capstone/project/test_files/000988.ppt.lck
[10859] f864922f947a6bb C /home/capstone/project/test_files/000801.doc.lck
[10859] f864922f947a6bb O /home/capstone/project/test_files/000801.doc
[10859] f864922f947a6bb D /home/capstone/project/test_files/000744.pdf.lck
[10859] f864922f947a6bb D /home/capstone/project/test_files/000979.doc.lck
[10859] f864922f947a6bb C /home/capstone/project/test_files/000501.txt.lck
[10859] f864922f947a6bb O /home/capstone/project/test_files/000501.txt
[10859] f864922f947a6bb D /home/capstone/project/test_files/000932.txt.lck
[10859] f864922f947a6bb C /home/capstone/project/test_files/000282.pdf.lck
[10859] f864922f947a6bb O /home/capstone/project/test_files/000282.pdf
[10859] f864922f947a6bb D /home/capstone/project/test_files/000501.txt.lck
[10859] f864922f947a6bb C /home/capstone/project/test_files/000570.pdf.lck
[10859] f864922f947a6bb O /home/capstone/project/test_files/000570.pdf
[10859] f864922f947a6bb C /home/capstone/project/test_files/000593.pdf.lck
[10859] f864922f947a6bb O /home/capstone/project/test_files/000593.pdf
[10859] f864922f947a6bb D /home/capstone/project/test_files/000985.ppt.lck
[10859] f864922f947a6bb D /home/capstone/project/test_files/000593.pdf.lck
[10859] f864922f947a6bb C /home/capstone/project/test_files/000553.html.lck
[10859] f864922f947a6bb O /home/capstone/project/test_files/000553.html
[10859] f864922f947a6bb D /home/capstone/project/test_files/000739.pdf.lck
[10859] f864922f947a6bb C /home/capstone/project/test_files/000973.doc.lck
[10859] f864922f947a6bb O /home/capstone/project/test_files/000973.doc
[10859] f864922f947a6bb D /home/capstone/project/test_files/000322.ppt.lck
[10859] f864922f947a6bb C /home/capstone/project/test_files/000971.doc.lck
[10859] f864922f947a6bb O /home/capstone/project/test_files/000971.doc
[10859] f864922f947a6bb C /home/capstone/project/test_files/000148.doc.lck
[10859] f864922f947a6bb O /home/capstone/project/test_files/000148.doc
[10859] f864922f947a6bb C /home/capstone/project/test_files/000112.wp.lck
[10859] f864922f947a6bb O /home/capstone/project/test_files/000112.wp
[10859] f864922f947a6bb D /home/capstone/project/test_files/000570.pdf.lck
[10859] f864922f947a6bb D /home/capstone/project/test_files/000971.doc.lck
[10859] f864922f947a6bb C /home/capstone/project/test_files/000245.jpg.lck
[10859] f864922f947a6bb O /home/capstone/project/test_files/000245.jpg
[10859] f864922f947a6bb D /home/capstone/project/test_files/000553.html.lck
[10859] f864922f947a6bb D /home/capstone/project/test_files/000245.jpg.lck
[10859] f864922f947a6bb D /home/capstone/project/test_files/000112.wp.lck
[10859] f864922f947a6bb C /home/capstone/project/test_files/000607.html.lck
[10859] f864922f947a6bb O /home/capstone/project/test_files/000607.html
[10859] f864922f947a6bb C /home/capstone/project/test_files/000571.pdf.lck
[10859] f864922f947a6bb O /home/capstone/project/test_files/000571.pdf
[10859] f864922f947a6bb C /home/capstone/project/test_files/000968.jpg.lck
[10859] f864922f947a6bb O /home/capstone/project/test_files/000968.jpg
[10859] f864922f947a6bb C /home/capstone/project/test_files/000240.jpg.lck
[10859] f864922f947a6bb O /home/capstone/project/test_files/000240.jpg
[10859] f864922f947a6bb C /home/capstone/project/test_files/000505.jpg.lck
[10859] f864922f947a6bb O /home/capstone/project/test_files/000505.jpg
[10859] f864922f947a6bb D /home/capstone/project/test_files/000607.html.lck
[10859] f864922f947a6bb C /home/capstone/project/test_files/000158.doc.lck
[10859] f864922f947a6bb O /home/capstone/project/test_files/000158.doc
[10859] f864922f947a6bb D /home/capstone/project/test_files/000968.jpg.lck
[10859] f864922f947a6bb D /home/capstone/project/test_files/000571.pdf.lck
[10859] f864922f947a6bb C /home/capstone/project/test_files/000330.ppt.lck
[10859] f864922f947a6bb O /home/capstone/project/test_files/000330.ppt
[10859] f864922f947a6bb C /home/capstone/project/test_files/000016.pdf.lck
[10859] f864922f947a6bb O /home/capstone/project/test_files/000016.pdf
[10859] f864922f947a6bb D /home/capstone/project/test_files/000016.pdf.lck
[10859] f864922f947a6bb D /home/capstone/project/test_files/000152.pdf.lck
[10859] f864922f947a6bb D /home/capstone/project/test_files/000240.jpg.lck
[10859] f864922f947a6bb C /home/capstone/project/test_files/000731.ps.lck
[10859] f864922f947a6bb O /home/capstone/project/test_files/000731.ps
[10859] f864922f947a6bb D /home/capstone/project/test_files/000505.jpg.lck
[10859] f864922f947a6bb C /home/capstone/project/test_files/000075.html.lck
[10859] f864922f947a6bb C /home/capstone/project/test_files/000997.ppt.lck
[10859] f864922f947a6bb O /home/capstone/project/test_files/000997.ppt
[10859] f864922f947a6bb C /home/capstone/project/test_files/000734.ps.lck
[10859] f864922f947a6bb C /home/capstone/project/test_files/000350.pdf.lck
[10859] f864922f947a6bb O /home/capstone/project/test_files/000350.pdf
[10859] f864922f947a6bb C /home/capstone/project/test_files/000622.txt.lck
[10859] f864922f947a6bb O /home/capstone/project/test_files/000622.txt
[10859] f864922f947a6bb C /home/capstone/project/test_files/000429.html.lck
[10859] f864922f947a6bb O /home/capstone/project/test_files/000429.html
[10859] f864922f947a6bb D /home/capstone/project/test_files/000997.ppt.lck
[10859] f864922f947a6bb D /home/capstone/project/test_files/000350.pdf.lck
[10859] f864922f947a6bb D /home/capstone/project/test_files/000429.html.lck
[10859] f864922f947a6bb D /home/capstone/project/test_files/000148.doc.lck
[10859] f864922f947a6bb C /home/capstone/project/test_files/000038.xls.lck
[10859] f864922f947a6bb O /home/capstone/project/test_files/000038.xls
[10859] f864922f947a6bb D /home/capstone/project/test_files/000622.txt.lck
[10859] f864922f947a6bb D /home/capstone/project/test_files/000038.xls.lck
[10859] f864922f947a6bb D /home/capstone/project/test_files/000920.txt.lck
[10859] f864922f947a6bb D /home/capstone/project/test_files/000973.doc.lck
[10859] f864922f947a6bb D /home/capstone/project/test_files/000158.doc.lck
[10859] f864922f947a6bb O /home/capstone/project/test_files/000075.html
[10859] f864922f947a6bb C /home/capstone/project/test_files/000405.xls.lck
[10859] f864922f947a6bb O /home/capstone/project/test_files/000405.xls
[10859] f864922f947a6bb O /home/capstone/project/test_files/000734.ps
[10859] f864922f947a6bb C /home/capstone/project/test_files/000682.jpg.lck
[10859] f864922f947a6bb O /home/capstone/project/test_files/000682.jpg
[10859] f864922f947a6bb C /home/capstone/project/test_files/000327.ppt.lck
[10859] f864922f947a6bb O /home/capstone/project/test_files/000327.ppt
[10859] f864922f947a6bb C /home/capstone/project/test_files/000250.doc.lck
[10859] f864922f947a6bb O /home/capstone/project/test_files/000250.doc
[10859] f864922f947a6bb C /home/capstone/project/test_files/000056.html.lck
[10859] f864922f947a6bb O /home/capstone/project/test_files/000056.html
[10859] f864922f947a6bb C /home/capstone/project/test_files/000912.jpg.lck
[10859] f864922f947a6bb O /home/capstone/project/test_files/000912.jpg
[10859] f864922f947a6bb C /home/capstone/project/test_files/000450.html.lck
[10859] f864922f947a6bb O /home/capstone/project/test_files/000450.html
[10859] f864922f947a6bb D /home/capstone/project/test_files/000075.html.lck
[10859] f864922f947a6bb C /home/capstone/project/test_files/000791.html.lck
[10859] f864922f947a6bb O /home/capstone/project/test_files/000791.html
[10859] f864922f947a6bb D /home/capstone/project/test_files/000912.jpg.lck
[10859] f864922f947a6bb C /home/capstone/project/test_files/000948.doc.lck
[10859] f864922f947a6bb O /home/capstone/project/test_files/000948.doc
[10859] f864922f947a6bb C /home/capstone/project/test_files/000279.doc.lck
[10859] f864922f947a6bb O /home/capstone/project/test_files/000279.doc
[10859] f864922f947a6bb C /home/capstone/project/test_files/000965.doc.lck
[10859] f864922f947a6bb O /home/capstone/project/test_files/000965.doc
[10859] f864922f947a6bb D /home/capstone/project/test_files/000791.html.lck
[10859] f864922f947a6bb C /home/capstone/project/test_files/000864.txt.lck
[10859] f864922f947a6bb O /home/capstone/project/test_files/000864.txt
[10859] f864922f947a6bb C /home/capstone/project/test_files/000459.html.lck
[10859] f864922f947a6bb O /home/capstone/project/test_files/000459.html
[10859] f864922f947a6bb D /home/capstone/project/test_files/000450.html.lck
[10859] f864922f947a6bb C /home/capstone/project/test_files/000566.pdf.lck
[10859] f864922f947a6bb O /home/capstone/project/test_files/000566.pdf
[10859] f864922f947a6bb C /home/capstone/project/test_files/000235.jpg.lck
[10859] f864922f947a6bb O /home/capstone/project/test_files/000235.jpg
[10859] f864922f947a6bb D /home/capstone/project/test_files/000864.txt.lck
[10859] f864922f947a6bb C /home/capstone/project/test_files/000906.jpg.lck
[10859] f864922f947a6bb O /home/capstone/project/test_files/000906.jpg
[10859] f864922f947a6bb C /home/capstone/project/test_files/000297.ppt.lck
[10859] f864922f947a6bb O /home/capstone/project/test_files/000297.ppt
[10859] f864922f947a6bb C /home/capstone/project/test_files/000821.html.lck
[10859] f864922f947a6bb O /home/capstone/project/test_files/000821.html
[10859] f864922f947a6bb C /home/capstone/project/test_files/000024.pdf.lck
[10859] f864922f947a6bb O /home/capstone/project/test_files/000024.pdf
[10859] f864922f947a6bb C /home/capstone/project/test_files/000408.xls.lck
[10859] f864922f947a6bb O /home/capstone/project/test_files/000408.xls
[10859] f864922f947a6bb C /home/capstone/project/test_files/000136.html.lck
[10859] f864922f947a6bb O /home/capstone/project/test_files/000136.html
[10859] f864922f947a6bb D /home/capstone/project/test_files/000948.doc.lck
[10859] f864922f947a6bb D /home/capstone/project/test_files/000906.jpg.lck
[10859] f864922f947a6bb C /home/capstone/project/test_files/000639.html.lck
[10859] f864922f947a6bb O /home/capstone/project/test_files/000639.html
[10859] f864922f947a6bb D /home/capstone/project/test_files/000271.doc.lck
[10859] f864922f947a6bb C /home/capstone/project/test_files/000632.pdf.lck
[10859] f864922f947a6bb O /home/capstone/project/test_files/000632.pdf
[10859] f864922f947a6bb D /home/capstone/project/test_files/000821.html.lck
[10859] f864922f947a6bb D /home/capstone/project/test_files/000235.jpg.lck
[10859] f864922f947a6bb D /home/capstone/project/test_files/000136.html.lck
[10859] f864922f947a6bb C /home/capstone/project/test_files/000500.txt.lck
[10859] f864922f947a6bb O /home/capstone/project/test_files/000500.txt
[10859] f864922f947a6bb C /home/capstone/project/test_files/000611.html.lck
[10859] f864922f947a6bb O /home/capstone/project/test_files/000611.html
[10859] f864922f947a6bb C /home/capstone/project/test_files/000470.txt.lck
[10859] f864922f947a6bb O /home/capstone/project/test_files/000470.txt
[10859] f864922f947a6bb D /home/capstone/project/test_files/000639.html.lck
[10859] f864922f947a6bb C /home/capstone/project/test_files/000230.txt.lck
[10859] f864922f947a6bb O /home/capstone/project/test_files/000230.txt
[10859] f864922f947a6bb C /home/capstone/project/test_files/000020.pdf.lck
[10859] f864922f947a6bb O /home/capstone/project/test_files/000020.pdf
[10859] f864922f947a6bb D /home/capstone/project/test_files/000020.pdf.lck
[10859] f864922f947a6bb D /home/capstone/project/test_files/000500.txt.lck
[10859] f864922f947a6bb C /home/capstone/project/test_files/000882.pdf.lck
[10859] f864922f947a6bb O /home/capstone/project/test_files/000882.pdf
[10859] f864922f947a6bb D /home/capstone/project/test_files/000965.doc.lck
[10859] f864922f947a6bb C /home/capstone/project/test_files/000910.jpg.lck
[10859] f864922f947a6bb O /home/capstone/project/test_files/000910.jpg
[10859] f864922f947a6bb C /home/capstone/project/test_files/000930.txt.lck
[10859] f864922f947a6bb O /home/capstone/project/test_files/000930.txt
[10859] f864922f947a6bb D /home/capstone/project/test_files/000230.txt.lck
[10859] f864922f947a6bb C /home/capstone/project/test_files/000031.xls.lck
[10859] f864922f947a6bb O /home/capstone/project/test_files/000031.xls
[10859] f864922f947a6bb D /home/capstone/project/test_files/000882.pdf.lck
[10859] f864922f947a6bb D /home/capstone/project/test_files/000297.ppt.lck
[10859] f864922f947a6bb D /home/capstone/project/test_files/000024.pdf.lck
[10859] f864922f947a6bb C /home/capstone/project/test_files/000347.pdf.lck
[10859] f864922f947a6bb O /home/capstone/project/test_files/000347.pdf
[10859] f864922f947a6bb D /home/capstone/project/test_files/000925.txt.lck
[10859] f864922f947a6bb D /home/capstone/project/test_files/000846.txt.lck
[10859] f864922f947a6bb D /home/capstone/project/test_files/000706.doc.lck
[10859] f864922f947a6bb D /home/capstone/project/test_files/000347.pdf.lck
[10859] f864922f947a6bb D /home/capstone/project/test_files/000250.doc.lck
[10859] f864922f947a6bb C /home/capstone/project/test_files/000610.pdf.lck
[10859] f864922f947a6bb O /home/capstone/project/test_files/000610.pdf
[10859] f864922f947a6bb C /home/capstone/project/test_files/000394.xls.lck
[10859] f864922f947a6bb O /home/capstone/project/test_files/000394.xls
[10859] f864922f947a6bb D /home/capstone/project/test_files/000610.pdf.lck
[10859] f864922f947a6bb C /home/capstone/project/test_files/000575.csv.lck
[10859] f864922f947a6bb O /home/capstone/project/test_files/000575.csv
[10859] f864922f947a6bb C /home/capstone/project/test_files/000100.doc.lck
[10859] f864922f947a6bb O /home/capstone/project/test_files/000100.doc
[10859] f864922f947a6bb C /home/capstone/project/test_files/000284.txt.lck
[10859] f864922f947a6bb O /home/capstone/project/test_files/000284.txt
[10859] f864922f947a6bb D /home/capstone/project/test_files/000682.jpg.lck
[10859] f864922f947a6bb D /home/capstone/project/test_files/000330.ppt.lck
[10859] f864922f947a6bb D /home/capstone/project/test_files/000394.xls.lck
[10859] f864922f947a6bb D /home/capstone/project/test_files/000100.doc.lck
[10859] f864922f947a6bb C /home/capstone/project/test_files/000562.pdf.lck
[10859] f864922f947a6bb O /home/capstone/project/test_files/000562.pdf
[10859] f864922f947a6bb D /home/capstone/project/test_files/000282.pdf.lck
[10859] f864922f947a6bb D /home/capstone/project/test_files/000503.txt.lck
[10859] f864922f947a6bb D /home/capstone/project/test_files/000614.jpg.lck
[10859] f864922f947a6bb D /home/capstone/project/test_files/000930.txt.lck
[10859] f864922f947a6bb D /home/capstone/project/test_files/000562.pdf.lck
[10859] f864922f947a6bb D /home/capstone/project/test_files/000963.doc.lck
[10859] f864922f947a6bb D /home/capstone/project/test_files/000497.xml.lck
[10859] f864922f947a6bb D /home/capstone/project/test_files/000772.ps.lck
[10859] f864922f947a6bb D /home/capstone/project/test_files/000647.txt.lck
[10859] f864922f947a6bb D /home/capstone/project/test_files/000884.jpg.lck
[10859] f864922f947a6bb D /home/capstone/project/test_files/000921.txt.lck
[10859] f864922f947a6bb D /home/capstone/project/test_files/000731.ps.lck
[10859] f864922f947a6bb D /home/capstone/project/test_files/000157.pdf.lck
[10859] f864922f947a6bb D /home/capstone/project/test_files/000116.doc.lck
[10859] f864922f947a6bb D /home/capstone/project/test_files/000055.xls.lck
[10859] f864922f947a6bb D /home/capstone/project/test_files/000344.pdf.lck
[10859] f864922f947a6bb D /home/capstone/project/test_files/000564.csv.lck
[10859] f864922f947a6bb D /home/capstone/project/test_files/000031.xls.lck
[10859] f864922f947a6bb D /home/capstone/project/test_files/000146.pdf.lck
[10859] f864922f947a6bb D /home/capstone/project/test_files/000761.pdf.lck
[10859] f864922f947a6bb D /home/capstone/project/test_files/000734.ps.lck
[10859] f864922f947a6bb D /home/capstone/project/test_files/000801.doc.lck
[10859] f864922f947a6bb D /home/capstone/project/test_files/000048.xls.lck
[10859] f864922f947a6bb D /home/capstone/project/test_files/000037.xls.lck
[10859] f864922f947a6bb D /home/capstone/project/test_files/000938.txt.lck
[10859] f864922f947a6bb D /home/capstone/project/test_files/000143.pdf.lck
[10859] f864922f947a6bb D /home/capstone/project/test_files/000408.xls.lck
[10859] f864922f947a6bb D /home/capstone/project/test_files/000034.xls.lck
[10859] f864922f947a6bb D /home/capstone/project/test_files/000405.xls.lck
[10859] f864922f947a6bb D /home/capstone/project/test_files/ziUrAJ8W.lck
[10859] f864922f947a6bb D /home/capstone/project/test_files/000187.pdf.lck
[10859] f864922f947a6bb D /home/capstone/project/test_files/000032.xls.lck
