run_id,pid,label,family,workload,n_events,duration_sec,total_events,write_per_sec,unlink_per_sec,rename_per_sec,create_per_sec,write_ratio,unlink_ratio,rename_ratio,read_ratio,high_entropy_write_count,high_entropy_write_ratio,mean_write_entropy,entropy_available,read_then_overwrite_ratio,ext_change_rename_ratio,distinct_ext_after_rename,unique_files_touched,unique_dirs_touched,files_per_dir,total_write_bytes,mean_write_bytes
avoslocker_0cd7b6ea_001,2740,0,,avoslocker,26,0.0879,26,0.0,0.0,0.0,0.0,0.0,0.0,0.0,0.0,0,0.0,0.0,0,0.0,0.0,0,0,0,0.0,0,0.0
avoslocker_0cd7b6ea_001,8703,0,,avoslocker,22,0.0247,22,0.0,20.0,0.0,0.0,0.0,0.9091,0.0,0.0,0,0.0,0.0,0,0.0,0.0,0,20,1,20.0,0,0.0
avoslocker_0cd7b6ea_001,8674,0,,avoslocker,120,0.6411,120,80.0,0.0,0.0,20.0,0.6667,0.0,0.0,0.0,0,0.0,3.6355,1,0.0,0.0,0,20,1,20.0,1383,17.29
avoslocker_0cd7b6ea_001,8708,0,,avoslocker,32,0.0352,32,30.0,0.0,0.0,0.0,0.9375,0.0,0.0,0.0,16,0.5333,6.5644,1,0.0,0.0,0,1,1,1.0,65536,2184.53
avoslocker_0cd7b6ea_001,8711,0,,avoslocker,32,0.0358,32,30.0,0.0,0.0,0.0,0.9375,0.0,0.0,0.0,16,0.5333,6.5738,1,0.0,0.0,0,1,1,1.0,65536,2184.53
avoslocker_0cd7b6ea_001,8714,0,,avoslocker,32,0.0237,32,30.0,0.0,0.0,0.0,0.9375,0.0,0.0,0.0,16,0.5333,6.5966,1,0.0,0.0,0,1,1,1.0,65536,2184.53
avoslocker_0cd7b6ea_001,8716,0,,avoslocker,32,0.0251,32,30.0,0.0,0.0,0.0,0.9375,0.0,0.0,0.0,16,0.5333,6.557,1,0.0,0.0,0,1,1,1.0,65536,2184.53
avoslocker_0cd7b6ea_001,8718,0,,avoslocker,32,0.0225,32,30.0,0.0,0.0,0.0,0.9375,0.0,0.0,0.0,16,0.5333,6.5589,1,0.0,0.0,0,1,1,1.0,65536,2184.53
avoslocker_0cd7b6ea_001,8720,0,,avoslocker,32,0.0197,32,30.0,0.0,0.0,0.0,0.9375,0.0,0.0,0.0,16,0.5333,6.5553,1,0.0,0.0,0,1,1,1.0,65536,2184.53
avoslocker_0cd7b6ea_001,8722,0,,avoslocker,32,0.0208,32,30.0,0.0,0.0,0.0,0.9375,0.0,0.0,0.0,16,0.5333,6.5723,1,0.0,0.0,0,1,1,1.0,65536,2184.53
avoslocker_0cd7b6ea_001,8724,0,,avoslocker,32,0.0196,32,30.0,0.0,0.0,0.0,0.9375,0.0,0.0,0.0,16,0.5333,6.5423,1,0.0,0.0,0,1,1,1.0,65536,2184.53
avoslocker_0cd7b6ea_001,8726,0,,avoslocker,32,0.0245,32,30.0,0.0,0.0,0.0,0.9375,0.0,0.0,0.0,16,0.5333,6.5445,1,0.0,0.0,0,1,1,1.0,65536,2184.53
avoslocker_0cd7b6ea_001,8728,0,,avoslocker,32,0.0222,32,30.0,0.0,0.0,0.0,0.9375,0.0,0.0,0.0,16,0.5333,6.5639,1,0.0,0.0,0,1,1,1.0,65536,2184.53
avoslocker_0cd7b6ea_001,8730,0,,avoslocker,32,0.0222,32,30.0,0.0,0.0,0.0,0.9375,0.0,0.0,0.0,16,0.5333,6.5613,1,0.0,0.0,0,1,1,1.0,65536,2184.53
avoslocker_0cd7b6ea_001,8732,0,,avoslocker,32,0.0241,32,30.0,0.0,0.0,0.0,0.9375,0.0,0.0,0.0,16,0.5333,6.5696,1,0.0,0.0,0,1,1,1.0,65536,2184.53
avoslocker_0cd7b6ea_001,8734,0,,avoslocker,32,0.0242,32,30.0,0.0,0.0,0.0,0.9375,0.0,0.0,0.0,16,0.5333,6.5742,1,0.0,0.0,0,1,1,1.0,65536,2184.53
avoslocker_0cd7b6ea_001,8736,0,,avoslocker,32,0.0214,32,30.0,0.0,0.0,0.0,0.9375,0.0,0.0,0.0,16,0.5333,6.5757,1,0.0,0.0,0,1,1,1.0,65536,2184.53
avoslocker_0cd7b6ea_001,8738,0,,avoslocker,32,0.025,32,30.0,0.0,0.0,0.0,0.9375,0.0,0.0,0.0,16,0.5333,6.5579,1,0.0,0.0,0,1,1,1.0,65536,2184.53
avoslocker_0cd7b6ea_001,8740,0,,avoslocker,32,0.0262,32,30.0,0.0,0.0,0.0,0.9375,0.0,0.0,0.0,16,0.5333,6.5525,1,0.0,0.0,0,1,1,1.0,65536,2184.53
avoslocker_0cd7b6ea_001,8742,0,,avoslocker,32,0.0228,32,30.0,0.0,0.0,0.0,0.9375,0.0,0.0,0.0,16,0.5333,6.5549,1,0.0,0.0,0,1,1,1.0,65536,2184.53
avoslocker_0cd7b6ea_001,8744,0,,avoslocker,32,0.024,32,30.0,0.0,0.0,0.0,0.9375,0.0,0.0,0.0,16,0.5333,6.5451,1,0.0,0.0,0,1,1,1.0,65536,2184.53
avoslocker_0cd7b6ea_001,8746,0,,avoslocker,32,0.0248,32,30.0,0.0,0.0,0.0,0.9375,0.0,0.0,0.0,16,0.5333,6.547,1,0.0,0.0,0,1,1,1.0,65536,2184.53
avoslocker_0cd7b6ea_001,8748,0,,avoslocker,32,0.0247,32,30.0,0.0,0.0,0.0,0.9375,0.0,0.0,0.0,16,0.5333,6.5666,1,0.0,0.0,0,1,1,1.0,65536,2184.53
avoslocker_0cd7b6ea_001,8752,0,,avoslocker,80,0.0326,80,0.0,0.0,0.0,0.0,0.0,0.0,0.0,0.5,0,0.0,0.0,0,0.0,0.0,0,0,0,0.0,0,0.0
avoslocker_0cd7b6ea_001,8758,1,avoslocker,avoslocker,105,0.1669,105,41.0,0.0,20.0,1.0,0.3905,0.0,0.1905,0.0,20,0.4878,6.7383,1,0.0,1.0,1,21,1,21.0,1316596,32112.1
avoslocker_0cd7b6ea_001,8812,0,,avoslocker,83,0.03,83,0.0,0.0,0.0,0.0,0.0,0.0,0.0,0.494,0,0.0,0.0,0,0.0,0.0,0,0,0,0.0,0,0.0
avoslocker_10ab76cd_001,2740,0,,avoslocker,26,0.0567,26,0.0,0.0,0.0,0.0,0.0,0.0,0.0,0.0,0,0.0,0.0,0,0.0,0.0,0,0,0,0.0,0,0.0
avoslocker_10ab76cd_001,8530,0,,avoslocker,22,0.0218,22,0.0,20.0,0.0,0.0,0.0,0.9091,0.0,0.0,0,0.0,0.0,0,0.0,0.0,0,20,1,20.0,0,0.0
avoslocker_10ab76cd_001,8484,0,,avoslocker,120,0.8548,120,80.0,0.0,0.0,20.0,0.6667,0.0,0.0,0.0,0,0.0,3.6355,1,0.0,0.0,0,20,1,20.0,1383,17.29
avoslocker_10ab76cd_001,8533,0,,avoslocker,32,0.0267,32,30.0,0.0,0.0,0.0,0.9375,0.0,0.0,0.0,16,0.5333,6.5584,1,0.0,0.0,0,1,1,1.0,65536,2184.53
avoslocker_10ab76cd_001,8535,0,,avoslocker,32,0.0418,32,30.0,0.0,0.0,0.0,0.9375,0.0,0.0,0.0,16,0.5333,6.5595,1,0.0,0.0,0,1,1,1.0,65536,2184.53
avoslocker_10ab76cd_001,8539,0,,avoslocker,32,0.0367,32,30.0,0.0,0.0,0.0,0.9375,0.0,0.0,0.0,16,0.5333,6.5682,1,0.0,0.0,0,1,1,1.0,65536,2184.53
avoslocker_10ab76cd_001,8545,0,,avoslocker,32,0.047,32,30.0,0.0,0.0,0.0,0.9375,0.0,0.0,0.0,16,0.5333,6.5602,1,0.0,0.0,0,1,1,1.0,65536,2184.53
avoslocker_10ab76cd_001,8548,0,,avoslocker,32,0.0244,32,30.0,0.0,0.0,0.0,0.9375,0.0,0.0,0.0,16,0.5333,6.5736,1,0.0,0.0,0,1,1,1.0,65536,2184.53
avoslocker_10ab76cd_001,8550,0,,avoslocker,32,0.0387,32,30.0,0.0,0.0,0.0,0.9375,0.0,0.0,0.0,16,0.5333,6.5389,1,0.0,0.0,0,1,1,1.0,65536,2184.53
avoslocker_10ab76cd_001,8552,0,,avoslocker,32,0.0327,32,30.0,0.0,0.0,0.0,0.9375,0.0,0.0,0.0,16,0.5333,6.5439,1,0.0,0.0,0,1,1,1.0,65536,2184.53
avoslocker_10ab76cd_001,8554,0,,avoslocker,32,0.0338,32,30.0,0.0,0.0,0.0,0.9375,0.0,0.0,0.0,16,0.5333,6.5717,1,0.0,0.0,0,1,1,1.0,65536,2184.53
avoslocker_10ab76cd_001,8557,0,,avoslocker,32,0.0308,32,30.0,0.0,0.0,0.0,0.9375,0.0,0.0,0.0,16,0.5333,6.5788,1,0.0,0.0,0,1,1,1.0,65536,2184.53
avoslocker_10ab76cd_001,8559,0,,avoslocker,32,0.0276,32,30.0,0.0,0.0,0.0,0.9375,0.0,0.0,0.0,16,0.5333,6.5638,1,0.0,0.0,0,1,1,1.0,65536,2184.53
avoslocker_10ab76cd_001,8561,0,,avoslocker,32,0.0291,32,30.0,0.0,0.0,0.0,0.9375,0.0,0.0,0.0,16,0.5333,6.5759,1,0.0,0.0,0,1,1,1.0,65536,2184.53
avoslocker_10ab76cd_001,8563,0,,avoslocker,32,0.0271,32,30.0,0.0,0.0,0.0,0.9375,0.0,0.0,0.0,16,0.5333,6.5626,1,0.0,0.0,0,1,1,1.0,65536,2184.53
avoslocker_10ab76cd_001,8565,0,,avoslocker,32,0.0261,32,30.0,0.0,0.0,0.0,0.9375,0.0,0.0,0.0,16,0.5333,6.5523,1,0.0,0.0,0,1,1,1.0,65536,2184.53
avoslocker_10ab76cd_001,8567,0,,avoslocker,32,0.028,32,30.0,0.0,0.0,0.0,0.9375,0.0,0.0,0.0,16,0.5333,6.569,1,0.0,0.0,0,1,1,1.0,65536,2184.53
avoslocker_10ab76cd_001,8569,0,,avoslocker,32,0.0347,32,30.0,0.0,0.0,0.0,0.9375,0.0,0.0,0.0,16,0.5333,6.5583,1,0.0,0.0,0,1,1,1.0,65536,2184.53
avoslocker_10ab76cd_001,8571,0,,avoslocker,32,0.0277,32,30.0,0.0,0.0,0.0,0.9375,0.0,0.0,0.0,16,0.5333,6.5616,1,0.0,0.0,0,1,1,1.0,65536,2184.53
avoslocker_10ab76cd_001,8573,0,,avoslocker,32,0.0263,32,30.0,0.0,0.0,0.0,0.9375,0.0,0.0,0.0,16,0.5333,6.5381,1,0.0,0.0,0,1,1,1.0,65536,2184.53
avoslocker_10ab76cd_001,8575,0,,avoslocker,32,0.0307,32,30.0,0.0,0.0,0.0,0.9375,0.0,0.0,0.0,16,0.5333,6.5652,1,0.0,0.0,0,1,1,1.0,65536,2184.53
avoslocker_10ab76cd_001,8577,0,,avoslocker,32,0.0317,32,30.0,0.0,0.0,0.0,0.9375,0.0,0.0,0.0,16,0.5333,6.5592,1,0.0,0.0,0,1,1,1.0,65536,2184.53
avoslocker_10ab76cd_001,8579,0,,avoslocker,32,0.0301,32,30.0,0.0,0.0,0.0,0.9375,0.0,0.0,0.0,16,0.5333,6.5506,1,0.0,0.0,0,1,1,1.0,65536,2184.53
avoslocker_10ab76cd_001,8583,0,,avoslocker,80,0.0618,80,0.0,0.0,0.0,0.0,0.0,0.0,0.0,0.5,0,0.0,0.0,0,0.0,0.0,0,0,0,0.0,0,0.0
avoslocker_10ab76cd_001,8589,1,avoslocker,avoslocker,105,0.1987,105,41.0,0.0,20.0,1.0,0.3905,0.0,0.1905,0.0,20,0.4878,6.7495,1,0.0,1.0,1,21,1,21.0,1316596,32112.1
avoslocker_10ab76cd_001,8643,0,,avoslocker,83,0.0367,83,0.0,0.0,0.0,0.0,0.0,0.0,0.0,0.494,0,0.0,0.0,0,0.0,0.0,0,0,0,0.0,0,0.0
avoslocker_7c935dcd_001,2740,0,,avoslocker,26,0.055,26,0.0,0.0,0.0,0.0,0.0,0.0,0.0,0.0,0,0.0,0.0,0,0.0,0.0,0,0,0,0.0,0,0.0
avoslocker_7c935dcd_001,8534,0,,avoslocker,22,0.0175,22,0.0,20.0,0.0,0.0,0.0,0.9091,0.0,0.0,0,0.0,0.0,0,0.0,0.0,0,20,1,20.0,0,0.0
avoslocker_7c935dcd_001,8486,0,,avoslocker,120,0.7207,120,80.0,0.0,0.0,20.0,0.6667,0.0,0.0,0.0,0,0.0,3.6533,1,0.0,0.0,0,20,1,20.0,1383,17.29
avoslocker_7c935dcd_001,8537,0,,avoslocker,32,0.0304,32,30.0,0.0,0.0,0.0,0.9375,0.0,0.0,0.0,16,0.5333,6.5446,1,0.0,0.0,0,1,1,1.0,65536,2184.53
avoslocker_7c935dcd_001,8539,0,,avoslocker,32,0.0247,32,30.0,0.0,0.0,0.0,0.9375,0.0,0.0,0.0,16,0.5333,6.5692,1,0.0,0.0,0,1,1,1.0,65536,2184.53
avoslocker_7c935dcd_001,8542,0,,avoslocker,32,0.0264,32,30.0,0.0,0.0,0.0,0.9375,0.0,0.0,0.0,16,0.5333,6.5554,1,0.0,0.0,0,1,1,1.0,65536,2184.53
avoslocker_7c935dcd_001,8546,0,,avoslocker,32,0.0314,32,30.0,0.0,0.0,0.0,0.9375,0.0,0.0,0.0,16,0.5333,6.556,1,0.0,0.0,0,1,1,1.0,65536,2184.53
avoslocker_7c935dcd_001,8553,0,,avoslocker,32,0.0251,32,30.0,0.0,0.0,0.0,0.9375,0.0,0.0,0.0,15,0.5,6.5735,1,0.0,0.0,0,1,1,1.0,65536,2184.53
avoslocker_7c935dcd_001,8557,0,,avoslocker,32,0.0266,32,30.0,0.0,0.0,0.0,0.9375,0.0,0.0,0.0,16,0.5333,6.5743,1,0.0,0.0,0,1,1,1.0,65536,2184.53
avoslocker_7c935dcd_001,8559,0,,avoslocker,32,0.0273,32,30.0,0.0,0.0,0.0,0.9375,0.0,0.0,0.0,16,0.5333,6.5565,1,0.0,0.0,0,1,1,1.0,65536,2184.53
avoslocker_7c935dcd_001,8561,0,,avoslocker,32,0.0252,32,30.0,0.0,0.0,0.0,0.9375,0.0,0.0,0.0,16,0.5333,6.5648,1,0.0,0.0,0,1,1,1.0,65536,2184.53
avoslocker_7c935dcd_001,8563,0,,avoslocker,32,0.0259,32,30.0,0.0,0.0,0.0,0.9375,0.0,0.0,0.0,16,0.5333,6.579,1,0.0,0.0,0,1,1,1.0,65536,2184.53
avoslocker_7c935dcd_001,8565,0,,avoslocker,32,0.0282,32,30.0,0.0,0.0,0.0,0.9375,0.0,0.0,0.0,16,0.5333,6.5523,1,0.0,0.0,0,1,1,1.0,65536,2184.53
avoslocker_7c935dcd_001,8567,0,,avoslocker,32,0.028,32,30.0,0.0,0.0,0.0,0.9375,0.0,0.0,0.0,16,0.5333,6.5339,1,0.0,0.0,0,1,1,1.0,65536,2184.53
avoslocker_7c935dcd_001,8569,0,,avoslocker,32,0.024,32,30.0,0.0,0.0,0.0,0.9375,0.0,0.0,0.0,16,0.5333,6.5767,1,0.0,0.0,0,1,1,1.0,65536,2184.53
avoslocker_7c935dcd_001,8571,0,,avoslocker,32,0.0208,32,30.0,0.0,0.0,0.0,0.9375,0.0,0.0,0.0,16,0.5333,6.5582,1,0.0,0.0,0,1,1,1.0,65536,2184.53
avoslocker_7c935dcd_001,8574,0,,avoslocker,32,0.0262,32,30.0,0.0,0.0,0.0,0.9375,0.0,0.0,0.0,16,0.5333,6.5637,1,0.0,0.0,0,1,1,1.0,65536,2184.53
avoslocker_7c935dcd_001,8576,0,,avoslocker,32,0.0239,32,30.0,0.0,0.0,0.0,0.9375,0.0,0.0,0.0,16,0.5333,6.5772,1,0.0,0.0,0,1,1,1.0,65536,2184.53
avoslocker_7c935dcd_001,8578,0,,avoslocker,32,0.0222,32,30.0,0.0,0.0,0.0,0.9375,0.0,0.0,0.0,16,0.5333,6.5602,1,0.0,0.0,0,1,1,1.0,65536,2184.53
avoslocker_7c935dcd_001,8580,0,,avoslocker,32,0.0229,32,30.0,0.0,0.0,0.0,0.9375,0.0,0.0,0.0,16,0.5333,6.5448,1,0.0,0.0,0,1,1,1.0,65536,2184.53
avoslocker_7c935dcd_001,8582,0,,avoslocker,32,0.0247,32,30.0,0.0,0.0,0.0,0.9375,0.0,0.0,0.0,16,0.5333,6.5024,1,0.0,0.0,0,1,1,1.0,65536,2184.53
avoslocker_7c935dcd_001,8584,0,,avoslocker,32,0.0284,32,30.0,0.0,0.0,0.0,0.9375,0.0,0.0,0.0,16,0.5333,6.5705,1,0.0,0.0,0,1,1,1.0,65536,2184.53
avoslocker_7c935dcd_001,8586,0,,avoslocker,32,0.0257,32,30.0,0.0,0.0,0.0,0.9375,0.0,0.0,0.0,16,0.5333,6.5597,1,0.0,0.0,0,1,1,1.0,65536,2184.53
avoslocker_7c935dcd_001,8590,0,,avoslocker,80,0.0573,80,0.0,0.0,0.0,0.0,0.0,0.0,0.0,0.5,0,0.0,0.0,0,0.0,0.0,0,0,0,0.0,0,0.0
avoslocker_7c935dcd_001,8596,1,avoslocker,avoslocker,105,0.1817,105,41.0,0.0,20.0,1.0,0.3905,0.0,0.1905,0.0,19,0.4634,6.7389,1,0.0,1.0,1,21,1,21.0,1317262,32128.34
avoslocker_7c935dcd_001,8651,0,,avoslocker,83,0.0368,83,0.0,0.0,0.0,0.0,0.0,0.0,0.0,0.494,0,0.0,0.0,0,0.0,0.0,0,0,0,0.0,0,0.0
avoslocker_d7112a1e_001,2740,0,,avoslocker,26,0.0517,26,0.0,0.0,0.0,0.0,0.0,0.0,0.0,0.0,0,0.0,0.0,0,0.0,0.0,0,0,0,0.0,0,0.0
avoslocker_d7112a1e_001,8674,0,,avoslocker,22,0.0175,22,0.0,20.0,0.0,0.0,0.0,0.9091,0.0,0.0,0,0.0,0.0,0,0.0,0.0,0,20,1,20.0,0,0.0
avoslocker_d7112a1e_001,8640,0,,avoslocker,120,0.7923,120,80.0,0.0,0.0,20.0,0.6667,0.0,0.0,0.0,0,0.0,3.6065,1,0.0,0.0,0,20,1,20.0,1383,17.29
avoslocker_d7112a1e_001,8677,0,,avoslocker,32,0.0266,32,30.0,0.0,0.0,0.0,0.9375,0.0,0.0,0.0,16,0.5333,6.563,1,0.0,0.0,0,1,1,1.0,65536,2184.53
avoslocker_d7112a1e_001,8679,0,,avoslocker,32,0.0259,32,30.0,0.0,0.0,0.0,0.9375,0.0,0.0,0.0,16,0.5333,6.5574,1,0.0,0.0,0,1,1,1.0,65536,2184.53
avoslocker_d7112a1e_001,8681,0,,avoslocker,32,0.0226,32,30.0,0.0,0.0,0.0,0.9375,0.0,0.0,0.0,16,0.5333,6.5569,1,0.0,0.0,0,1,1,1.0,65536,2184.53
avoslocker_d7112a1e_001,8683,0,,avoslocker,32,0.034,32,30.0,0.0,0.0,0.0,0.9375,0.0,0.0,0.0,16,0.5333,6.555,1,0.0,0.0,0,1,1,1.0,65536,2184.53
avoslocker_d7112a1e_001,8685,0,,avoslocker,32,0.0347,32,30.0,0.0,0.0,0.0,0.9375,0.0,0.0,0.0,16,0.5333,6.5754,1,0.0,0.0,0,1,1,1.0,65536,2184.53
avoslocker_d7112a1e_001,8687,0,,avoslocker,32,0.0285,32,30.0,0.0,0.0,0.0,0.9375,0.0,0.0,0.0,16,0.5333,6.5713,1,0.0,0.0,0,1,1,1.0,65536,2184.53
avoslocker_d7112a1e_001,8689,0,,avoslocker,32,0.0264,32,30.0,0.0,0.0,0.0,0.9375,0.0,0.0,0.0,16,0.5333,6.561,1,0.0,0.0,0,1,1,1.0,65536,2184.53
avoslocker_d7112a1e_001,8691,0,,avoslocker,32,0.0267,32,30.0,0.0,0.0,0.0,0.9375,0.0,0.0,0.0,16,0.5333,6.562,1,0.0,0.0,0,1,1,1.0,65536,2184.53
avoslocker_d7112a1e_001,8693,0,,avoslocker,32,0.0268,32,30.0,0.0,0.0,0.0,0.9375,0.0,0.0,0.0,16,0.5333,6.5877,1,0.0,0.0,0,1,1,1.0,65536,2184.53
avoslocker_d7112a1e_001,8695,0,,avoslocker,32,0.0237,32,30.0,0.0,0.0,0.0,0.9375,0.0,0.0,0.0,16,0.5333,6.5474,1,0.0,0.0,0,1,1,1.0,65536,2184.53
avoslocker_d7112a1e_001,8697,0,,avoslocker,32,0.0286,32,30.0,0.0,0.0,0.0,0.9375,0.0,0.0,0.0,16,0.5333,6.5704,1,0.0,0.0,0,1,1,1.0,65536,2184.53
avoslocker_d7112a1e_001,8699,0,,avoslocker,32,0.0343,32,30.0,0.0,0.0,0.0,0.9375,0.0,0.0,0.0,16,0.5333,6.5584,1,0.0,0.0,0,1,1,1.0,65536,2184.53
avoslocker_d7112a1e_001,8701,0,,avoslocker,32,0.0287,32,30.0,0.0,0.0,0.0,0.9375,0.0,0.0,0.0,16,0.5333,6.5708,1,0.0,0.0,0,1,1,1.0,65536,2184.53
avoslocker_d7112a1e_001,8703,0,,avoslocker,32,0.0401,32,30.0,0.0,0.0,0.0,0.9375,0.0,0.0,0.0,16,0.5333,6.5724,1,0.0,0.0,0,1,1,1.0,65536,2184.53
avoslocker_d7112a1e_001,8705,0,,avoslocker,32,0.0391,32,30.0,0.0,0.0,0.0,0.9375,0.0,0.0,0.0,16,0.5333,6.5636,1,0.0,0.0,0,1,1,1.0,65536,2184.53
avoslocker_d7112a1e_001,8707,0,,avoslocker,32,0.0371,32,30.0,0.0,0.0,0.0,0.9375,0.0,0.0,0.0,16,0.5333,6.5505,1,0.0,0.0,0,1,1,1.0,65536,2184.53
avoslocker_d7112a1e_001,8709,0,,avoslocker,32,0.0291,32,30.0,0.0,0.0,0.0,0.9375,0.0,0.0,0.0,16,0.5333,6.5568,1,0.0,0.0,0,1,1,1.0,65536,2184.53
avoslocker_d7112a1e_001,8711,0,,avoslocker,32,0.0257,32,30.0,0.0,0.0,0.0,0.9375,0.0,0.0,0.0,16,0.5333,6.5584,1,0.0,0.0,0,1,1,1.0,65536,2184.53
avoslocker_d7112a1e_001,8713,0,,avoslocker,32,0.0314,32,30.0,0.0,0.0,0.0,0.9375,0.0,0.0,0.0,16,0.5333,6.5431,1,0.0,0.0,0,1,1,1.0,65536,2184.53
avoslocker_d7112a1e_001,8715,0,,avoslocker,32,0.037,32,30.0,0.0,0.0,0.0,0.9375,0.0,0.0,0.0,16,0.5333,6.5695,1,0.0,0.0,0,1,1,1.0,65536,2184.53
avoslocker_d7112a1e_001,8719,0,,avoslocker,80,0.0398,80,0.0,0.0,0.0,0.0,0.0,0.0,0.0,0.5,0,0.0,0.0,0,0.0,0.0,0,0,0,0.0,0,0.0
avoslocker_d7112a1e_001,8725,1,avoslocker,avoslocker,105,0.271,105,41.0,0.0,20.0,1.0,0.3905,0.0,0.1905,0.0,20,0.4878,6.7471,1,0.0,1.0,1,21,1,21.0,1316596,32112.1
avoslocker_d7112a1e_001,8780,0,,avoslocker,83,0.0798,83,0.0,0.0,0.0,0.0,0.0,0.0,0.0,0.494,0,0.0,0.0,0,0.0,0.0,0,0,0,0.0,0,0.0
avoslocker_e9a7b43a_001,2740,0,,avoslocker,26,0.0625,26,0.0,0.0,0.0,0.0,0.0,0.0,0.0,0.0,0,0.0,0.0,0,0.0,0.0,0,0,0,0.0,0,0.0
avoslocker_e9a7b43a_001,8581,0,,avoslocker,22,0.0181,22,0.0,20.0,0.0,0.0,0.0,0.9091,0.0,0.0,0,0.0,0.0,0,0.0,0.0,0,20,1,20.0,0,0.0
avoslocker_e9a7b43a_001,8537,0,,avoslocker,120,0.9268,120,80.0,0.0,0.0,20.0,0.6667,0.0,0.0,0.0,0,0.0,3.6533,1,0.0,0.0,0,20,1,20.0,1383,17.29
avoslocker_e9a7b43a_001,8586,0,,avoslocker,32,0.0382,32,30.0,0.0,0.0,0.0,0.9375,0.0,0.0,0.0,16,0.5333,6.549,1,0.0,0.0,0,1,1,1.0,65536,2184.53
avoslocker_e9a7b43a_001,8590,0,,avoslocker,32,0.0509,32,30.0,0.0,0.0,0.0,0.9375,0.0,0.0,0.0,16,0.5333,6.5711,1,0.0,0.0,0,1,1,1.0,65536,2184.53
avoslocker_e9a7b43a_001,8595,0,,avoslocker,32,0.0319,32,30.0,0.0,0.0,0.0,0.9375,0.0,0.0,0.0,16,0.5333,6.5622,1,0.0,0.0,0,1,1,1.0,65536,2184.53
avoslocker_e9a7b43a_001,8597,0,,avoslocker,32,0.0367,32,30.0,0.0,0.0,0.0,0.9375,0.0,0.0,0.0,16,0.5333,6.5747,1,0.0,0.0,0,1,1,1.0,65536,2184.53
avoslocker_e9a7b43a_001,8599,0,,avoslocker,32,0.0261,32,30.0,0.0,0.0,0.0,0.9375,0.0,0.0,0.0,16,0.5333,6.5531,1,0.0,0.0,0,1,1,1.0,65536,2184.53
avoslocker_e9a7b43a_001,8601,0,,avoslocker,32,0.0423,32,30.0,0.0,0.0,0.0,0.9375,0.0,0.0,0.0,16,0.5333,6.5745,1,0.0,0.0,0,1,1,1.0,65536,2184.53
avoslocker_e9a7b43a_001,8603,0,,avoslocker,32,0.0372,32,30.0,0.0,0.0,0.0,0.9375,0.0,0.0,0.0,16,0.5333,6.5391,1,0.0,0.0,0,1,1,1.0,65536,2184.53
avoslocker_e9a7b43a_001,8606,0,,avoslocker,32,0.0303,32,30.0,0.0,0.0,0.0,0.9375,0.0,0.0,0.0,16,0.5333,6.5583,1,0.0,0.0,0,1,1,1.0,65536,2184.53
avoslocker_e9a7b43a_001,8608,0,,avoslocker,32,0.0351,32,30.0,0.0,0.0,0.0,0.9375,0.0,0.0,0.0,16,0.5333,6.5621,1,0.0,0.0,0,1,1,1.0,65536,2184.53
avoslocker_e9a7b43a_001,8610,0,,avoslocker,32,0.0316,32,30.0,0.0,0.0,0.0,0.9375,0.0,0.0,0.0,16,0.5333,6.5601,1,0.0,0.0,0,1,1,1.0,65536,2184.53
avoslocker_e9a7b43a_001,8612,0,,avoslocker,32,0.0342,32,30.0,0.0,0.0,0.0,0.9375,0.0,0.0,0.0,16,0.5333,6.5612,1,0.0,0.0,0,1,1,1.0,65536,2184.53
avoslocker_e9a7b43a_001,8614,0,,avoslocker,32,0.0391,32,30.0,0.0,0.0,0.0,0.9375,0.0,0.0,0.0,16,0.5333,6.5692,1,0.0,0.0,0,1,1,1.0,65536,2184.53
avoslocker_e9a7b43a_001,8616,0,,avoslocker,32,0.0231,32,30.0,0.0,0.0,0.0,0.9375,0.0,0.0,0.0,16,0.5333,6.5655,1,0.0,0.0,0,1,1,1.0,65536,2184.53
avoslocker_e9a7b43a_001,8618,0,,avoslocker,32,0.0282,32,30.0,0.0,0.0,0.0,0.9375,0.0,0.0,0.0,16,0.5333,6.5408,1,0.0,0.0,0,1,1,1.0,65536,2184.53
avoslocker_e9a7b43a_001,8620,0,,avoslocker,32,0.0232,32,30.0,0.0,0.0,0.0,0.9375,0.0,0.0,0.0,16,0.5333,6.5572,1,0.0,0.0,0,1,1,1.0,65536,2184.53
avoslocker_e9a7b43a_001,8622,0,,avoslocker,32,0.0241,32,30.0,0.0,0.0,0.0,0.9375,0.0,0.0,0.0,16,0.5333,6.5592,1,0.0,0.0,0,1,1,1.0,65536,2184.53
avoslocker_e9a7b43a_001,8624,0,,avoslocker,32,0.0305,32,30.0,0.0,0.0,0.0,0.9375,0.0,0.0,0.0,16,0.5333,6.5416,1,0.0,0.0,0,1,1,1.0,65536,2184.53
avoslocker_e9a7b43a_001,8626,0,,avoslocker,32,0.0403,32,30.0,0.0,0.0,0.0,0.9375,0.0,0.0,0.0,16,0.5333,6.5453,1,0.0,0.0,0,1,1,1.0,65536,2184.53
avoslocker_e9a7b43a_001,8628,0,,avoslocker,32,0.0216,32,30.0,0.0,0.0,0.0,0.9375,0.0,0.0,0.0,16,0.5333,6.5488,1,0.0,0.0,0,1,1,1.0,65536,2184.53
avoslocker_e9a7b43a_001,8630,0,,avoslocker,32,0.0257,32,30.0,0.0,0.0,0.0,0.9375,0.0,0.0,0.0,16,0.5333,6.5446,1,0.0,0.0,0,1,1,1.0,65536,2184.53
avoslocker_e9a7b43a_001,8634,0,,avoslocker,80,0.0506,80,0.0,0.0,0.0,0.0,0.0,0.0,0.0,0.5,0,0.0,0.0,0,0.0,0.0,0,0,0,0.0,0,0.0
avoslocker_e9a7b43a_001,8640,1,avoslocker,avoslocker,105,0.2043,105,41.0,0.0,20.0,1.0,0.3905,0.0,0.1905,0.0,20,0.4878,6.7599,1,0.0,1.0,1,21,1,21.0,1316596,32112.1
avoslocker_e9a7b43a_001,8694,0,,avoslocker,83,0.0371,83,0.0,0.0,0.0,0.0,0.0,0.0,0.0,0.494,0,0.0,0.0,0,0.0,0.0,0,0,0,0.0,0,0.0
babuk_113c3c3a_001,2740,0,,babuk,26,0.0508,26,0.0,0.0,0.0,0.0,0.0,0.0,0.0,0.0,0,0.0,0.0,0,0.0,0.0,0,0,0,0.0,0,0.0
babuk_113c3c3a_001,8530,0,,babuk,22,0.0363,22,0.0,20.0,0.0,0.0,0.0,0.9091,0.0,0.0,0,0.0,0.0,0,0.0,0.0,0,20,1,20.0,0,0.0
babuk_113c3c3a_001,8492,0,,babuk,120,0.7125,120,80.0,0.0,0.0,20.0,0.6667,0.0,0.0,0.0,0,0.0,3.4803,1,0.0,0.0,0,20,1,20.0,1283,16.04
babuk_113c3c3a_001,8534,0,,babuk,32,0.0221,32,30.0,0.0,0.0,0.0,0.9375,0.0,0.0,0.0,16,0.5333,6.5145,1,0.0,0.0,0,1,1,1.0,65536,2184.53
babuk_113c3c3a_001,8536,0,,babuk,32,0.032,32,30.0,0.0,0.0,0.0,0.9375,0.0,0.0,0.0,16,0.5333,6.536,1,0.0,0.0,0,1,1,1.0,65536,2184.53
babuk_113c3c3a_001,8542,0,,babuk,32,0.0307,32,30.0,0.0,0.0,0.0,0.9375,0.0,0.0,0.0,16,0.5333,6.5065,1,0.0,0.0,0,1,1,1.0,65536,2184.53
babuk_113c3c3a_001,8549,0,,babuk,32,0.0249,32,30.0,0.0,0.0,0.0,0.9375,0.0,0.0,0.0,16,0.5333,6.5379,1,0.0,0.0,0,1,1,1.0,65536,2184.53
babuk_113c3c3a_001,8551,0,,babuk,32,0.0467,32,30.0,0.0,0.0,0.0,0.9375,0.0,0.0,0.0,16,0.5333,6.511,1,0.0,0.0,0,1,1,1.0,65536,2184.53
babuk_113c3c3a_001,8553,0,,babuk,32,0.0332,32,30.0,0.0,0.0,0.0,0.9375,0.0,0.0,0.0,16,0.5333,6.5165,1,0.0,0.0,0,1,1,1.0,65536,2184.53
babuk_113c3c3a_001,8555,0,,babuk,32,0.0348,32,30.0,0.0,0.0,0.0,0.9375,0.0,0.0,0.0,16,0.5333,6.5119,1,0.0,0.0,0,1,1,1.0,65536,2184.53
babuk_113c3c3a_001,8558,0,,babuk,32,0.0135,32,30.0,0.0,0.0,0.0,0.9375,0.0,0.0,0.0,16,0.5333,6.5442,1,0.0,0.0,0,1,1,1.0,65536,2184.53
babuk_113c3c3a_001,8560,0,,babuk,32,0.0199,32,30.0,0.0,0.0,0.0,0.9375,0.0,0.0,0.0,16,0.5333,6.5315,1,0.0,0.0,0,1,1,1.0,65536,2184.53
babuk_113c3c3a_001,8562,0,,babuk,32,0.0174,32,30.0,0.0,0.0,0.0,0.9375,0.0,0.0,0.0,16,0.5333,6.5119,1,0.0,0.0,0,1,1,1.0,65536,2184.53
babuk_113c3c3a_001,8564,0,,babuk,32,0.0216,32,30.0,0.0,0.0,0.0,0.9375,0.0,0.0,0.0,16,0.5333,6.5114,1,0.0,0.0,0,1,1,1.0,65536,2184.53
babuk_113c3c3a_001,8566,0,,babuk,32,0.0235,32,30.0,0.0,0.0,0.0,0.9375,0.0,0.0,0.0,16,0.5333,6.5223,1,0.0,0.0,0,1,1,1.0,65536,2184.53
babuk_113c3c3a_001,8568,0,,babuk,32,0.0203,32,30.0,0.0,0.0,0.0,0.9375,0.0,0.0,0.0,16,0.5333,6.5163,1,0.0,0.0,0,1,1,1.0,65536,2184.53
babuk_113c3c3a_001,8570,0,,babuk,32,0.028,32,30.0,0.0,0.0,0.0,0.9375,0.0,0.0,0.0,16,0.5333,6.5105,1,0.0,0.0,0,1,1,1.0,65536,2184.53
babuk_113c3c3a_001,8572,0,,babuk,32,0.0295,32,30.0,0.0,0.0,0.0,0.9375,0.0,0.0,0.0,15,0.5,6.4944,1,0.0,0.0,0,1,1,1.0,65536,2184.53
babuk_113c3c3a_001,8574,0,,babuk,32,0.0268,32,30.0,0.0,0.0,0.0,0.9375,0.0,0.0,0.0,16,0.5333,6.5194,1,0.0,0.0,0,1,1,1.0,65536,2184.53
babuk_113c3c3a_001,8576,0,,babuk,32,0.0381,32,30.0,0.0,0.0,0.0,0.9375,0.0,0.0,0.0,16,0.5333,6.4969,1,0.0,0.0,0,1,1,1.0,65536,2184.53
babuk_113c3c3a_001,8578,0,,babuk,32,0.0313,32,30.0,0.0,0.0,0.0,0.9375,0.0,0.0,0.0,16,0.5333,6.4845,1,0.0,0.0,0,1,1,1.0,65536,2184.53
babuk_113c3c3a_001,8580,0,,babuk,32,0.0286,32,30.0,0.0,0.0,0.0,0.9375,0.0,0.0,0.0,16,0.5333,6.5258,1,0.0,0.0,0,1,1,1.0,65536,2184.53
babuk_113c3c3a_001,8582,0,,babuk,32,0.0267,32,30.0,0.0,0.0,0.0,0.9375,0.0,0.0,0.0,16,0.5333,6.5238,1,0.0,0.0,0,1,1,1.0,65536,2184.53
babuk_113c3c3a_001,8586,0,,babuk,80,0.0513,80,0.0,0.0,0.0,0.0,0.0,0.0,0.0,0.5,0,0.0,0.0,0,0.0,0.0,0,0,0,0.0,0,0.0
babuk_113c3c3a_001,8592,1,babuk,babuk,12,0.0185,12,4.0,0.0,1.0,1.0,0.3333,0.0,0.0833,0.0833,1,0.25,4.3136,1,0.25,1.0,1,2,1,2.0,69374,17343.5
babuk_113c3c3a_001,8600,0,,babuk,45,0.0198,45,0.0,0.0,0.0,0.0,0.0,0.0,0.0,0.0667,0,0.0,0.0,0,0.0,0.0,0,0,0,0.0,0,0.0
babuk_53bf41be_001,2740,0,,babuk,26,0.053,26,0.0,0.0,0.0,0.0,0.0,0.0,0.0,0.0,0,0.0,0.0,0,0.0,0.0,0,0,0,0.0,0,0.0
babuk_53bf41be_001,8544,0,,babuk,22,0.0482,22,0.0,20.0,0.0,0.0,0.0,0.9091,0.0,0.0,0,0.0,0.0,0,0.0,0.0,0,20,1,20.0,0,0.0
babuk_53bf41be_001,8499,0,,babuk,120,0.7517,120,80.0,0.0,0.0,20.0,0.6667,0.0,0.0,0.0,0,0.0,3.5402,1,0.0,0.0,0,20,1,20.0,1283,16.04
babuk_53bf41be_001,8548,0,,babuk,32,0.0466,32,30.0,0.0,0.0,0.0,0.9375,0.0,0.0,0.0,16,0.5333,6.5288,1,0.0,0.0,0,1,1,1.0,65536,2184.53
babuk_53bf41be_001,8556,0,,babuk,32,0.0366,32,30.0,0.0,0.0,0.0,0.9375,0.0,0.0,0.0,16,0.5333,6.5222,1,0.0,0.0,0,1,1,1.0,65536,2184.53
babuk_53bf41be_001,8561,0,,babuk,32,0.0358,32,30.0,0.0,0.0,0.0,0.9375,0.0,0.0,0.0,16,0.5333,6.5238,1,0.0,0.0,0,1,1,1.0,65536,2184.53
babuk_53bf41be_001,8563,0,,babuk,32,0.0341,32,30.0,0.0,0.0,0.0,0.9375,0.0,0.0,0.0,16,0.5333,6.526,1,0.0,0.0,0,1,1,1.0,65536,2184.53
babuk_53bf41be_001,8565,0,,babuk,32,0.0211,32,30.0,0.0,0.0,0.0,0.9375,0.0,0.0,0.0,16,0.5333,6.5081,1,0.0,0.0,0,1,1,1.0,65536,2184.53
babuk_53bf41be_001,8567,0,,babuk,32,0.0377,32,30.0,0.0,0.0,0.0,0.9375,0.0,0.0,0.0,16,0.5333,6.5037,1,0.0,0.0,0,1,1,1.0,65536,2184.53
babuk_53bf41be_001,8569,0,,babuk,32,0.0429,32,30.0,0.0,0.0,0.0,0.9375,0.0,0.0,0.0,16,0.5333,6.5146,1,0.0,0.0,0,1,1,1.0,65536,2184.53
babuk_53bf41be_001,8572,0,,babuk,32,0.0241,32,30.0,0.0,0.0,0.0,0.9375,0.0,0.0,0.0,16,0.5333,6.5237,1,0.0,0.0,0,1,1,1.0,65536,2184.53
babuk_53bf41be_001,8574,0,,babuk,32,0.0271,32,30.0,0.0,0.0,0.0,0.9375,0.0,0.0,0.0,16,0.5333,6.5262,1,0.0,0.0,0,1,1,1.0,65536,2184.53
babuk_53bf41be_001,8576,0,,babuk,32,0.0223,32,30.0,0.0,0.0,0.0,0.9375,0.0,0.0,0.0,16,0.5333,6.4918,1,0.0,0.0,0,1,1,1.0,65536,2184.53
babuk_53bf41be_001,8578,0,,babuk,32,0.0261,32,30.0,0.0,0.0,0.0,0.9375,0.0,0.0,0.0,16,0.5333,6.5247,1,0.0,0.0,0,1,1,1.0,65536,2184.53
babuk_53bf41be_001,8580,0,,babuk,32,0.0263,32,30.0,0.0,0.0,0.0,0.9375,0.0,0.0,0.0,16,0.5333,6.5132,1,0.0,0.0,0,1,1,1.0,65536,2184.53
babuk_53bf41be_001,8582,0,,babuk,32,0.0231,32,30.0,0.0,0.0,0.0,0.9375,0.0,0.0,0.0,16,0.5333,6.5238,1,0.0,0.0,0,1,1,1.0,65536,2184.53
babuk_53bf41be_001,8584,0,,babuk,32,0.0231,32,30.0,0.0,0.0,0.0,0.9375,0.0,0.0,0.0,16,0.5333,6.5166,1,0.0,0.0,0,1,1,1.0,65536,2184.53
babuk_53bf41be_001,8586,0,,babuk,32,0.0234,32,30.0,0.0,0.0,0.0,0.9375,0.0,0.0,0.0,16,0.5333,6.5211,1,0.0,0.0,0,1,1,1.0,65536,2184.53
babuk_53bf41be_001,8588,0,,babuk,32,0.0239,32,30.0,0.0,0.0,0.0,0.9375,0.0,0.0,0.0,16,0.5333,6.5235,1,0.0,0.0,0,1,1,1.0,65536,2184.53
babuk_53bf41be_001,8590,0,,babuk,32,0.0227,32,30.0,0.0,0.0,0.0,0.9375,0.0,0.0,0.0,16,0.5333,6.5316,1,0.0,0.0,0,1,1,1.0,65536,2184.53
babuk_53bf41be_001,8592,0,,babuk,32,0.0202,32,30.0,0.0,0.0,0.0,0.9375,0.0,0.0,0.0,16,0.5333,6.5116,1,0.0,0.0,0,1,1,1.0,65536,2184.53
babuk_53bf41be_001,8594,0,,babuk,32,0.023,32,30.0,0.0,0.0,0.0,0.9375,0.0,0.0,0.0,16,0.5333,6.5322,1,0.0,0.0,0,1,1,1.0,65536,2184.53
babuk_53bf41be_001,8596,0,,babuk,32,0.023,32,30.0,0.0,0.0,0.0,0.9375,0.0,0.0,0.0,16,0.5333,6.5267,1,0.0,0.0,0,1,1,1.0,65536,2184.53
babuk_53bf41be_001,8600,0,,babuk,80,0.0402,80,0.0,0.0,0.0,0.0,0.0,0.0,0.0,0.5,0,0.0,0.0,0,0.0,0.0,0,0,0,0.0,0,0.0
babuk_53bf41be_001,8606,1,babuk,babuk,96,0.0958,96,40.0,0.0,13.0,1.0,0.4167,0.0,0.1354,0.1354,13,0.325,4.3176,1,0.325,1.0,1,14,1,14.0,855616,21390.4
babuk_53bf41be_001,8615,0,,babuk,69,0.0323,69,0.0,0.0,0.0,0.0,0.0,0.0,0.0,0.3913,0,0.0,0.0,0,0.0,0.0,0,0,0,0.0,0,0.0
babuk_6891ccff_001,2740,0,,babuk,26,0.0564,26,0.0,0.0,0.0,0.0,0.0,0.0,0.0,0.0,0,0.0,0.0,0,0.0,0.0,0,0,0,0.0,0,0.0
babuk_6891ccff_001,8549,0,,babuk,22,0.0348,22,0.0,20.0,0.0,0.0,0.0,0.9091,0.0,0.0,0,0.0,0.0,0,0.0,0.0,0,20,1,20.0,0,0.0
babuk_6891ccff_001,8494,0,,babuk,120,0.6477,120,80.0,0.0,0.0,20.0,0.6667,0.0,0.0,0.0,0,0.0,3.562,1,0.0,0.0,0,20,1,20.0,1283,16.04
babuk_6891ccff_001,8552,0,,babuk,32,0.027,32,30.0,0.0,0.0,0.0,0.9375,0.0,0.0,0.0,16,0.5333,6.5275,1,0.0,0.0,0,1,1,1.0,65536,2184.53
babuk_6891ccff_001,8554,0,,babuk,32,0.0192,32,30.0,0.0,0.0,0.0,0.9375,0.0,0.0,0.0,16,0.5333,6.5131,1,0.0,0.0,0,1,1,1.0,65536,2184.53
babuk_6891ccff_001,8556,0,,babuk,32,0.0259,32,30.0,0.0,0.0,0.0,0.9375,0.0,0.0,0.0,16,0.5333,6.5134,1,0.0,0.0,0,1,1,1.0,65536,2184.53
babuk_6891ccff_001,8558,0,,babuk,32,0.025,32,30.0,0.0,0.0,0.0,0.9375,0.0,0.0,0.0,16,0.5333,6.512,1,0.0,0.0,0,1,1,1.0,65536,2184.53
babuk_6891ccff_001,8560,0,,babuk,32,0.0268,32,30.0,0.0,0.0,0.0,0.9375,0.0,0.0,0.0,16,0.5333,6.5179,1,0.0,0.0,0,1,1,1.0,65536,2184.53
babuk_6891ccff_001,8562,0,,babuk,32,0.0278,32,30.0,0.0,0.0,0.0,0.9375,0.0,0.0,0.0,16,0.5333,6.5263,1,0.0,0.0,0,1,1,1.0,65536,2184.53
babuk_6891ccff_001,8564,0,,babuk,32,0.0237,32,30.0,0.0,0.0,0.0,0.9375,0.0,0.0,0.0,16,0.5333,6.52,1,0.0,0.0,0,1,1,1.0,65536,2184.53
babuk_6891ccff_001,8566,0,,babuk,32,0.0274,32,30.0,0.0,0.0,0.0,0.9375,0.0,0.0,0.0,16,0.5333,6.523,1,0.0,0.0,0,1,1,1.0,65536,2184.53
babuk_6891ccff_001,8568,0,,babuk,32,0.0243,32,30.0,0.0,0.0,0.0,0.9375,0.0,0.0,0.0,16,0.5333,6.5465,1,0.0,0.0,0,1,1,1.0,65536,2184.53
babuk_6891ccff_001,8570,0,,babuk,32,0.0221,32,30.0,0.0,0.0,0.0,0.9375,0.0,0.0,0.0,16,0.5333,6.4887,1,0.0,0.0,0,1,1,1.0,65536,2184.53
babuk_6891ccff_001,8572,0,,babuk,32,0.0253,32,30.0,0.0,0.0,0.0,0.9375,0.0,0.0,0.0,16,0.5333,6.5068,1,0.0,0.0,0,1,1,1.0,65536,2184.53
babuk_6891ccff_001,8574,0,,babuk,32,0.0239,32,30.0,0.0,0.0,0.0,0.9375,0.0,0.0,0.0,16,0.5333,6.5231,1,0.0,0.0,0,1,1,1.0,65536,2184.53
babuk_6891ccff_001,8576,0,,babuk,32,0.0289,32,30.0,0.0,0.0,0.0,0.9375,0.0,0.0,0.0,16,0.5333,6.522,1,0.0,0.0,0,1,1,1.0,65536,2184.53
babuk_6891ccff_001,8578,0,,babuk,32,0.0215,32,30.0,0.0,0.0,0.0,0.9375,0.0,0.0,0.0,16,0.5333,6.5259,1,0.0,0.0,0,1,1,1.0,65536,2184.53
babuk_6891ccff_001,8580,0,,babuk,32,0.0226,32,30.0,0.0,0.0,0.0,0.9375,0.0,0.0,0.0,16,0.5333,6.506,1,0.0,0.0,0,1,1,1.0,65536,2184.53
babuk_6891ccff_001,8582,0,,babuk,32,0.0222,32,30.0,0.0,0.0,0.0,0.9375,0.0,0.0,0.0,16,0.5333,6.5134,1,0.0,0.0,0,1,1,1.0,65536,2184.53
babuk_6891ccff_001,8584,0,,babuk,32,0.0218,32,30.0,0.0,0.0,0.0,0.9375,0.0,0.0,0.0,16,0.5333,6.5332,1,0.0,0.0,0,1,1,1.0,65536,2184.53
babuk_6891ccff_001,8586,0,,babuk,32,0.0233,32,30.0,0.0,0.0,0.0,0.9375,0.0,0.0,0.0,16,0.5333,6.4932,1,0.0,0.0,0,1,1,1.0,65536,2184.53
babuk_6891ccff_001,8588,0,,babuk,32,0.0225,32,30.0,0.0,0.0,0.0,0.9375,0.0,0.0,0.0,16,0.5333,6.5133,1,0.0,0.0,0,1,1,1.0,65536,2184.53
babuk_6891ccff_001,8590,0,,babuk,32,0.0247,32,30.0,0.0,0.0,0.0,0.9375,0.0,0.0,0.0,16,0.5333,6.5156,1,0.0,0.0,0,1,1,1.0,65536,2184.53
babuk_6891ccff_001,8594,0,,babuk,80,0.0463,80,0.0,0.0,0.0,0.0,0.0,0.0,0.0,0.5,0,0.0,0.0,0,0.0,0.0,0,0,0,0.0,0,0.0
babuk_6891ccff_001,8600,1,babuk,babuk,19,0.0449,19,7.0,0.0,2.0,1.0,0.3684,0.0,0.1053,0.1053,2,0.2857,5.713,1,0.2857,1.0,1,3,1,3.0,132574,18939.14
babuk_6891ccff_001,8608,0,,babuk,47,0.0195,47,0.0,0.0,0.0,0.0,0.0,0.0,0.0,0.1064,0,0.0,0.0,0,0.0,0.0,0,0,0,0.0,0,0.0
babuk_87db7036_001,2740,0,,babuk,26,0.0965,26,0.0,0.0,0.0,0.0,0.0,0.0,0.0,0.0,0,0.0,0.0,0,0.0,0.0,0,0,0,0.0,0,0.0
babuk_87db7036_001,8537,0,,babuk,22,0.03,22,0.0,20.0,0.0,0.0,0.0,0.9091,0.0,0.0,0,0.0,0.0,0,0.0,0.0,0,20,1,20.0,0,0.0
babuk_87db7036_001,8494,0,,babuk,121,1.0067,121,79.4673,0.0,0.0,19.8668,0.6612,0.0,0.0,0.0,0,0.0,3.5455,1,0.0,0.0,0,20,1,20.0,1283,16.04
babuk_87db7036_001,8541,0,,babuk,32,0.0463,32,30.0,0.0,0.0,0.0,0.9375,0.0,0.0,0.0,16,0.5333,6.5182,1,0.0,0.0,0,1,1,1.0,65536,2184.53
babuk_87db7036_001,8543,0,,babuk,32,0.0942,32,30.0,0.0,0.0,0.0,0.9375,0.0,0.0,0.0,16,0.5333,6.5112,1,0.0,0.0,0,1,1,1.0,65536,2184.53
babuk_87db7036_001,8554,0,,babuk,32,0.064,32,30.0,0.0,0.0,0.0,0.9375,0.0,0.0,0.0,16,0.5333,6.533,1,0.0,0.0,0,1,1,1.0,65536,2184.53
babuk_87db7036_001,8557,0,,babuk,32,0.0627,32,30.0,0.0,0.0,0.0,0.9375,0.0,0.0,0.0,16,0.5333,6.5228,1,0.0,0.0,0,1,1,1.0,65536,2184.53
babuk_87db7036_001,8559,0,,babuk,32,0.0434,32,30.0,0.0,0.0,0.0,0.9375,0.0,0.0,0.0,16,0.5333,6.5134,1,0.0,0.0,0,1,1,1.0,65536,2184.53
babuk_87db7036_001,8561,0,,babuk,32,0.0443,32,30.0,0.0,0.0,0.0,0.9375,0.0,0.0,0.0,16,0.5333,6.4978,1,0.0,0.0,0,1,1,1.0,65536,2184.53
babuk_87db7036_001,8564,0,,babuk,32,0.0736,32,30.0,0.0,0.0,0.0,0.9375,0.0,0.0,0.0,16,0.5333,6.5296,1,0.0,0.0,0,1,1,1.0,65536,2184.53
babuk_87db7036_001,8566,0,,babuk,32,0.0307,32,30.0,0.0,0.0,0.0,0.9375,0.0,0.0,0.0,16,0.5333,6.5444,1,0.0,0.0,0,1,1,1.0,65536,2184.53
babuk_87db7036_001,8568,0,,babuk,32,0.0232,32,30.0,0.0,0.0,0.0,0.9375,0.0,0.0,0.0,16,0.5333,6.5211,1,0.0,0.0,0,1,1,1.0,65536,2184.53
babuk_87db7036_001,8570,0,,babuk,32,0.0271,32,30.0,0.0,0.0,0.0,0.9375,0.0,0.0,0.0,16,0.5333,6.5278,1,0.0,0.0,0,1,1,1.0,65536,2184.53
babuk_87db7036_001,8572,0,,babuk,32,0.0267,32,30.0,0.0,0.0,0.0,0.9375,0.0,0.0,0.0,16,0.5333,6.514,1,0.0,0.0,0,1,1,1.0,65536,2184.53
babuk_87db7036_001,8574,0,,babuk,32,0.0358,32,30.0,0.0,0.0,0.0,0.9375,0.0,0.0,0.0,16,0.5333,6.5166,1,0.0,0.0,0,1,1,1.0,65536,2184.53
babuk_87db7036_001,8576,0,,babuk,32,0.0201,32,30.0,0.0,0.0,0.0,0.9375,0.0,0.0,0.0,16,0.5333,6.5322,1,0.0,0.0,0,1,1,1.0,65536,2184.53
babuk_87db7036_001,8578,0,,babuk,32,0.0294,32,30.0,0.0,0.0,0.0,0.9375,0.0,0.0,0.0,16,0.5333,6.5386,1,0.0,0.0,0,1,1,1.0,65536,2184.53
babuk_87db7036_001,8580,0,,babuk,32,0.0228,32,30.0,0.0,0.0,0.0,0.9375,0.0,0.0,0.0,16,0.5333,6.5154,1,0.0,0.0,0,1,1,1.0,65536,2184.53
babuk_87db7036_001,8582,0,,babuk,32,0.023,32,30.0,0.0,0.0,0.0,0.9375,0.0,0.0,0.0,16,0.5333,6.5237,1,0.0,0.0,0,1,1,1.0,65536,2184.53
babuk_87db7036_001,8584,0,,babuk,32,0.0174,32,30.0,0.0,0.0,0.0,0.9375,0.0,0.0,0.0,16,0.5333,6.5236,1,0.0,0.0,0,1,1,1.0,65536,2184.53
babuk_87db7036_001,8586,0,,babuk,32,0.0293,32,30.0,0.0,0.0,0.0,0.9375,0.0,0.0,0.0,16,0.5333,6.4909,1,0.0,0.0,0,1,1,1.0,65536,2184.53
babuk_87db7036_001,8588,0,,babuk,32,0.0272,32,30.0,0.0,0.0,0.0,0.9375,0.0,0.0,0.0,16,0.5333,6.5094,1,0.0,0.0,0,1,1,1.0,65536,2184.53
babuk_87db7036_001,8590,0,,babuk,32,0.0245,32,30.0,0.0,0.0,0.0,0.9375,0.0,0.0,0.0,16,0.5333,6.52,1,0.0,0.0,0,1,1,1.0,65536,2184.53
babuk_87db7036_001,8594,0,,babuk,80,0.0482,80,0.0,0.0,0.0,0.0,0.0,0.0,0.0,0.5,0,0.0,0.0,0,0.0,0.0,0,0,0,0.0,0,0.0
babuk_87db7036_001,8603,1,babuk,babuk,19,0.0254,19,7.0,0.0,2.0,1.0,0.3684,0.0,0.1053,0.1053,2,0.2857,5.5534,1,0.2857,1.0,1,3,1,3.0,132046,18863.71
babuk_87db7036_001,8611,0,,babuk,47,0.0233,47,0.0,0.0,0.0,0.0,0.0,0.0,0.0,0.1064,0,0.0,0.0,0,0.0,0.0,0,0,0,0.0,0,0.0
babuk_a1145bfa_001,2740,0,,babuk,26,0.0522,26,0.0,0.0,0.0,0.0,0.0,0.0,0.0,0.0,0,0.0,0.0,0,0.0,0.0,0,0,0,0.0,0,0.0
babuk_a1145bfa_001,8534,0,,babuk,22,0.0207,22,0.0,20.0,0.0,0.0,0.0,0.9091,0.0,0.0,0,0.0,0.0,0,0.0,0.0,0,20,1,20.0,0,0.0
babuk_a1145bfa_001,8491,0,,babuk,120,0.7799,120,80.0,0.0,0.0,20.0,0.6667,0.0,0.0,0.0,0,0.0,3.4939,1,0.0,0.0,0,20,1,20.0,1283,16.04
babuk_a1145bfa_001,8538,0,,babuk,32,0.0268,32,30.0,0.0,0.0,0.0,0.9375,0.0,0.0,0.0,16,0.5333,6.5063,1,0.0,0.0,0,1,1,1.0,65536,2184.53
babuk_a1145bfa_001,8540,0,,babuk,32,0.0237,32,30.0,0.0,0.0,0.0,0.9375,0.0,0.0,0.0,16,0.5333,6.5158,1,0.0,0.0,0,1,1,1.0,65536,2184.53
babuk_a1145bfa_001,8542,0,,babuk,32,0.0241,32,30.0,0.0,0.0,0.0,0.9375,0.0,0.0,0.0,16,0.5333,6.5138,1,0.0,0.0,0,1,1,1.0,65536,2184.53
babuk_a1145bfa_001,8544,0,,babuk,32,0.0281,32,30.0,0.0,0.0,0.0,0.9375,0.0,0.0,0.0,16,0.5333,6.5223,1,0.0,0.0,0,1,1,1.0,65536,2184.53
babuk_a1145bfa_001,8546,0,,babuk,32,0.0276,32,30.0,0.0,0.0,0.0,0.9375,0.0,0.0,0.0,16,0.5333,6.5106,1,0.0,0.0,0,1,1,1.0,65536,2184.53
babuk_a1145bfa_001,8549,0,,babuk,32,0.0236,32,30.0,0.0,0.0,0.0,0.9375,0.0,0.0,0.0,16,0.5333,6.5311,1,0.0,0.0,0,1,1,1.0,65536,2184.53
babuk_a1145bfa_001,8552,0,,babuk,32,0.0313,32,30.0,0.0,0.0,0.0,0.9375,0.0,0.0,0.0,16,0.5333,6.5031,1,0.0,0.0,0,1,1,1.0,65536,2184.53
babuk_a1145bfa_001,8558,0,,babuk,32,0.0283,32,30.0,0.0,0.0,0.0,0.9375,0.0,0.0,0.0,16,0.5333,6.5268,1,0.0,0.0,0,1,1,1.0,65536,2184.53
babuk_a1145bfa_001,8564,0,,babuk,32,0.0291,32,30.0,0.0,0.0,0.0,0.9375,0.0,0.0,0.0,16,0.5333,6.52,1,0.0,0.0,0,1,1,1.0,65536,2184.53
babuk_a1145bfa_001,8566,0,,babuk,32,0.0242,32,30.0,0.0,0.0,0.0,0.9375,0.0,0.0,0.0,16,0.5333,6.5104,1,0.0,0.0,0,1,1,1.0,65536,2184.53
babuk_a1145bfa_001,8568,0,,babuk,32,0.025,32,30.0,0.0,0.0,0.0,0.9375,0.0,0.0,0.0,16,0.5333,6.5102,1,0.0,0.0,0,1,1,1.0,65536,2184.53
babuk_a1145bfa_001,8570,0,,babuk,32,0.0251,32,30.0,0.0,0.0,0.0,0.9375,0.0,0.0,0.0,16,0.5333,6.5378,1,0.0,0.0,0,1,1,1.0,65536,2184.53
babuk_a1145bfa_001,8572,0,,babuk,32,0.0235,32,30.0,0.0,0.0,0.0,0.9375,0.0,0.0,0.0,16,0.5333,6.5134,1,0.0,0.0,0,1,1,1.0,65536,2184.53
babuk_a1145bfa_001,8574,0,,babuk,32,0.0367,32,30.0,0.0,0.0,0.0,0.9375,0.0,0.0,0.0,16,0.5333,6.5304,1,0.0,0.0,0,1,1,1.0,65536,2184.53
babuk_a1145bfa_001,8576,0,,babuk,32,0.0297,32,30.0,0.0,0.0,0.0,0.9375,0.0,0.0,0.0,16,0.5333,6.5304,1,0.0,0.0,0,1,1,1.0,65536,2184.53
babuk_a1145bfa_001,8578,0,,babuk,32,0.0393,32,30.0,0.0,0.0,0.0,0.9375,0.0,0.0,0.0,16,0.5333,6.533,1,0.0,0.0,0,1,1,1.0,65536,2184.53
babuk_a1145bfa_001,8581,0,,babuk,32,0.0334,32,30.0,0.0,0.0,0.0,0.9375,0.0,0.0,0.0,16,0.5333,6.5251,1,0.0,0.0,0,1,1,1.0,65536,2184.53
babuk_a1145bfa_001,8583,0,,babuk,32,0.0291,32,30.0,0.0,0.0,0.0,0.9375,0.0,0.0,0.0,16,0.5333,6.5162,1,0.0,0.0,0,1,1,1.0,65536,2184.53
babuk_a1145bfa_001,8585,0,,babuk,32,0.0347,32,30.0,0.0,0.0,0.0,0.9375,0.0,0.0,0.0,16,0.5333,6.5119,1,0.0,0.0,0,1,1,1.0,65536,2184.53
babuk_a1145bfa_001,8587,0,,babuk,32,0.0283,32,30.0,0.0,0.0,0.0,0.9375,0.0,0.0,0.0,16,0.5333,6.5166,1,0.0,0.0,0,1,1,1.0,65536,2184.53
babuk_a1145bfa_001,8591,0,,babuk,80,0.0432,80,0.0,0.0,0.0,0.0,0.0,0.0,0.0,0.5,0,0.0,0.0,0,0.0,0.0,0,0,0,0.0,0,0.0
babuk_a1145bfa_001,8597,1,babuk,babuk,96,0.1113,96,40.0,0.0,13.0,1.0,0.4167,0.0,0.1354,0.1354,13,0.325,4.3128,1,0.325,1.0,1,14,1,14.0,855616,21390.4
babuk_a1145bfa_001,8605,0,,babuk,69,0.0308,69,0.0,0.0,0.0,0.0,0.0,0.0,0.0,0.3913,0,0.0,0.0,0,0.0,0.0,0,0,0,0.0,0,0.0
babuk_bed5049f_001,2740,0,,babuk,26,0.0571,26,0.0,0.0,0.0,0.0,0.0,0.0,0.0,0.0,0,0.0,0.0,0,0.0,0.0,0,0,0,0.0,0,0.0
babuk_bed5049f_001,8540,0,,babuk,22,0.0432,22,0.0,20.0,0.0,0.0,0.0,0.9091,0.0,0.0,0,0.0,0.0,0,0.0,0.0,0,20,1,20.0,0,0.0
babuk_bed5049f_001,8497,0,,babuk,120,0.7937,120,80.0,0.0,0.0,20.0,0.6667,0.0,0.0,0.0,0,0.0,3.5673,1,0.0,0.0,0,20,1,20.0,1283,16.04
babuk_bed5049f_001,8544,0,,babuk,32,0.0393,32,30.0,0.0,0.0,0.0,0.9375,0.0,0.0,0.0,16,0.5333,6.4898,1,0.0,0.0,0,1,1,1.0,65536,2184.53
babuk_bed5049f_001,8546,0,,babuk,32,0.0426,32,30.0,0.0,0.0,0.0,0.9375,0.0,0.0,0.0,16,0.5333,6.5308,1,0.0,0.0,0,1,1,1.0,65536,2184.53
babuk_bed5049f_001,8551,0,,babuk,32,0.0421,32,30.0,0.0,0.0,0.0,0.9375,0.0,0.0,0.0,16,0.5333,6.541,1,0.0,0.0,0,1,1,1.0,65536,2184.53
babuk_bed5049f_001,8559,0,,babuk,32,0.0438,32,30.0,0.0,0.0,0.0,0.9375,0.0,0.0,0.0,16,0.5333,6.4963,1,0.0,0.0,0,1,1,1.0,65536,2184.53
babuk_bed5049f_001,8561,0,,babuk,32,0.0344,32,30.0,0.0,0.0,0.0,0.9375,0.0,0.0,0.0,16,0.5333,6.5037,1,0.0,0.0,0,1,1,1.0,65536,2184.53
babuk_bed5049f_001,8563,0,,babuk,32,0.0292,32,30.0,0.0,0.0,0.0,0.9375,0.0,0.0,0.0,16,0.5333,6.5079,1,0.0,0.0,0,1,1,1.0,65536,2184.53
babuk_bed5049f_001,8565,0,,babuk,32,0.03,32,30.0,0.0,0.0,0.0,0.9375,0.0,0.0,0.0,16,0.5333,6.5155,1,0.0,0.0,0,1,1,1.0,65536,2184.53
babuk_bed5049f_001,8567,0,,babuk,32,0.0276,32,30.0,0.0,0.0,0.0,0.9375,0.0,0.0,0.0,16,0.5333,6.5161,1,0.0,0.0,0,1,1,1.0,65536,2184.53
babuk_bed5049f_001,8569,0,,babuk,32,0.0341,32,30.0,0.0,0.0,0.0,0.9375,0.0,0.0,0.0,16,0.5333,6.5074,1,0.0,0.0,0,1,1,1.0,65536,2184.53
babuk_bed5049f_001,8571,0,,babuk,32,0.0325,32,30.0,0.0,0.0,0.0,0.9375,0.0,0.0,0.0,16,0.5333,6.519,1,0.0,0.0,0,1,1,1.0,65536,2184.53
babuk_bed5049f_001,8574,0,,babuk,32,0.0213,32,30.0,0.0,0.0,0.0,0.9375,0.0,0.0,0.0,16,0.5333,6.512,1,0.0,0.0,0,1,1,1.0,65536,2184.53
babuk_bed5049f_001,8576,0,,babuk,32,0.0237,32,30.0,0.0,0.0,0.0,0.9375,0.0,0.0,0.0,16,0.5333,6.5151,1,0.0,0.0,0,1,1,1.0,65536,2184.53
babuk_bed5049f_001,8578,0,,babuk,32,0.0279,32,30.0,0.0,0.0,0.0,0.9375,0.0,0.0,0.0,16,0.5333,6.5137,1,0.0,0.0,0,1,1,1.0,65536,2184.53
babuk_bed5049f_001,8580,0,,babuk,32,0.0236,32,30.0,0.0,0.0,0.0,0.9375,0.0,0.0,0.0,16,0.5333,6.5316,1,0.0,0.0,0,1,1,1.0,65536,2184.53
babuk_bed5049f_001,8582,0,,babuk,32,0.0251,32,30.0,0.0,0.0,0.0,0.9375,0.0,0.0,0.0,16,0.5333,6.4999,1,0.0,0.0,0,1,1,1.0,65536,2184.53
babuk_bed5049f_001,8584,0,,babuk,32,0.0239,32,30.0,0.0,0.0,0.0,0.9375,0.0,0.0,0.0,16,0.5333,6.5228,1,0.0,0.0,0,1,1,1.0,65536,2184.53
babuk_bed5049f_001,8586,0,,babuk,32,0.025,32,30.0,0.0,0.0,0.0,0.9375,0.0,0.0,0.0,16,0.5333,6.518,1,0.0,0.0,0,1,1,1.0,65536,2184.53
babuk_bed5049f_001,8588,0,,babuk,32,0.0191,32,30.0,0.0,0.0,0.0,0.9375,0.0,0.0,0.0,16,0.5333,6.494,1,0.0,0.0,0,1,1,1.0,65536,2184.53
babuk_bed5049f_001,8590,0,,babuk,32,0.0248,32,30.0,0.0,0.0,0.0,0.9375,0.0,0.0,0.0,16,0.5333,6.5132,1,0.0,0.0,0,1,1,1.0,65536,2184.53
babuk_bed5049f_001,8592,0,,babuk,32,0.0235,32,30.0,0.0,0.0,0.0,0.9375,0.0,0.0,0.0,16,0.5333,6.4966,1,0.0,0.0,0,1,1,1.0,65536,2184.53
babuk_bed5049f_001,8596,0,,babuk,80,0.0575,80,0.0,0.0,0.0,0.0,0.0,0.0,0.0,0.5,0,0.0,0.0,0,0.0,0.0,0,0,0,0.0,0,0.0
babuk_bed5049f_001,8602,1,babuk,babuk,12,0.0145,12,4.0,0.0,1.0,1.0,0.3333,0.0,0.0833,0.0833,1,0.25,5.5076,1,0.25,1.0,1,3,1,3.0,66028,16507.0
babuk_bed5049f_001,8610,0,,babuk,45,0.0335,45,0.0,0.0,0.0,0.0,0.0,0.0,0.0,0.0667,0,0.0,0.0,0,0.0,0.0,0,0,0,0.0,0,0.0
babuk_dc90560d_001,2740,0,,babuk,26,0.0501,26,0.0,0.0,0.0,0.0,0.0,0.0,0.0,0.0,0,0.0,0.0,0,0.0,0.0,0,0,0,0.0,0,0.0
babuk_dc90560d_001,8536,0,,babuk,22,0.0274,22,0.0,20.0,0.0,0.0,0.0,0.9091,0.0,0.0,0,0.0,0.0,0,0.0,0.0,0,20,1,20.0,0,0.0
babuk_dc90560d_001,8492,0,,babuk,120,0.8244,120,80.0,0.0,0.0,20.0,0.6667,0.0,0.0,0.0,0,0.0,3.5402,1,0.0,0.0,0,20,1,20.0,1283,16.04
babuk_dc90560d_001,8539,0,,babuk,32,0.025,32,30.0,0.0,0.0,0.0,0.9375,0.0,0.0,0.0,16,0.5333,6.5235,1,0.0,0.0,0,1,1,1.0,65536,2184.53
babuk_dc90560d_001,8541,0,,babuk,32,0.0229,32,30.0,0.0,0.0,0.0,0.9375,0.0,0.0,0.0,16,0.5333,6.5481,1,0.0,0.0,0,1,1,1.0,65536,2184.53
babuk_dc90560d_001,8544,0,,babuk,32,0.0258,32,30.0,0.0,0.0,0.0,0.9375,0.0,0.0,0.0,16,0.5333,6.5219,1,0.0,0.0,0,1,1,1.0,65536,2184.53
babuk_dc90560d_001,8547,0,,babuk,32,0.0278,32,30.0,0.0,0.0,0.0,0.9375,0.0,0.0,0.0,16,0.5333,6.5024,1,0.0,0.0,0,1,1,1.0,65536,2184.53
babuk_dc90560d_001,8550,0,,babuk,32,0.0187,32,30.0,0.0,0.0,0.0,0.9375,0.0,0.0,0.0,16,0.5333,6.5227,1,0.0,0.0,0,1,1,1.0,65536,2184.53
babuk_dc90560d_001,8555,0,,babuk,32,0.0247,32,30.0,0.0,0.0,0.0,0.9375,0.0,0.0,0.0,16,0.5333,6.5283,1,0.0,0.0,0,1,1,1.0,65536,2184.53
babuk_dc90560d_001,8561,0,,babuk,32,0.0249,32,30.0,0.0,0.0,0.0,0.9375,0.0,0.0,0.0,16,0.5333,6.4941,1,0.0,0.0,0,1,1,1.0,65536,2184.53
babuk_dc90560d_001,8563,0,,babuk,32,0.0487,32,30.0,0.0,0.0,0.0,0.9375,0.0,0.0,0.0,16,0.5333,6.5185,1,0.0,0.0,0,1,1,1.0,65536,2184.53
babuk_dc90560d_001,8565,0,,babuk,32,0.0374,32,30.0,0.0,0.0,0.0,0.9375,0.0,0.0,0.0,16,0.5333,6.5109,1,0.0,0.0,0,1,1,1.0,65536,2184.53
babuk_dc90560d_001,8567,0,,babuk,32,0.0266,32,30.0,0.0,0.0,0.0,0.9375,0.0,0.0,0.0,16,0.5333,6.5052,1,0.0,0.0,0,1,1,1.0,65536,2184.53
babuk_dc90560d_001,8569,0,,babuk,32,0.04,32,30.0,0.0,0.0,0.0,0.9375,0.0,0.0,0.0,16,0.5333,6.519,1,0.0,0.0,0,1,1,1.0,65536,2184.53
babuk_dc90560d_001,8571,0,,babuk,32,0.0358,32,30.0,0.0,0.0,0.0,0.9375,0.0,0.0,0.0,16,0.5333,6.5203,1,0.0,0.0,0,1,1,1.0,65536,2184.53
babuk_dc90560d_001,8573,0,,babuk,32,0.0348,32,30.0,0.0,0.0,0.0,0.9375,0.0,0.0,0.0,16,0.5333,6.5204,1,0.0,0.0,0,1,1,1.0,65536,2184.53
babuk_dc90560d_001,8576,0,,babuk,32,0.0279,32,30.0,0.0,0.0,0.0,0.9375,0.0,0.0,0.0,16,0.5333,6.4985,1,0.0,0.0,0,1,1,1.0,65536,2184.53
babuk_dc90560d_001,8578,0,,babuk,32,0.0266,32,30.0,0.0,0.0,0.0,0.9375,0.0,0.0,0.0,16,0.5333,6.5123,1,0.0,0.0,0,1,1,1.0,65536,2184.53
babuk_dc90560d_001,8580,0,,babuk,32,0.0302,32,30.0,0.0,0.0,0.0,0.9375,0.0,0.0,0.0,16,0.5333,6.5064,1,0.0,0.0,0,1,1,1.0,65536,2184.53
babuk_dc90560d_001,8582,0,,babuk,32,0.0352,32,30.0,0.0,0.0,0.0,0.9375,0.0,0.0,0.0,16,0.5333,6.5262,1,0.0,0.0,0,1,1,1.0,65536,2184.53
babuk_dc90560d_001,8584,0,,babuk,32,0.0261,32,30.0,0.0,0.0,0.0,0.9375,0.0,0.0,0.0,16,0.5333,6.5134,1,0.0,0.0,0,1,1,1.0,65536,2184.53
babuk_dc90560d_001,8586,0,,babuk,32,0.0265,32,30.0,0.0,0.0,0.0,0.9375,0.0,0.0,0.0,16,0.5333,6.5449,1,0.0,0.0,0,1,1,1.0,65536,2184.53
babuk_dc90560d_001,8588,0,,babuk,32,0.0279,32,30.0,0.0,0.0,0.0,0.9375,0.0,0.0,0.0,16,0.5333,6.5127,1,0.0,0.0,0,1,1,1.0,65536,2184.53
babuk_dc90560d_001,8592,0,,babuk,80,0.0572,80,0.0,0.0,0.0,0.0,0.0,0.0,0.0,0.5,0,0.0,0.0,0,0.0,0.0,0,0,0,0.0,0,0.0
babuk_dc90560d_001,8598,1,babuk,babuk,13,0.0201,13,5.0,0.0,1.0,1.0,0.3846,0.0,0.0769,0.0769,1,0.2,3.6279,1,0.2,1.0,1,2,1,2.0,73825,14765.0
babuk_dc90560d_001,8606,0,,babuk,45,0.0197,45,0.0,0.0,0.0,0.0,0.0,0.0,0.0,0.0667,0,0.0,0.0,0,0.0,0.0,0,0,0,0.0,0,0.0
benign_base64_roundtrip_10x4k_1,2976,0,,base64_roundtrip,26,0.0484,26,0.0,0.0,0.0,0.0,0.0,0.0,0.0,0.0,0,0.0,0.0,0,0.0,0.0,0,0,0,0.0,0,0.0
benign_base64_roundtrip_10x4k_1,6211,0,,base64_roundtrip,67,0.0437,67,30.0,0.0,0.0,10.0,0.4478,0.0,0.0,0.0,0,0.0,3.2477,1,0.0,0.0,0,10,1,10.0,41830,1394.33
benign_base64_roundtrip_10x4k_1,12262,0,,base64_roundtrip,84,0.1824,84,40.0,0.0,0.0,20.0,0.4762,0.0,0.0,0.0,0,0.0,4.8476,1,0.0,0.0,0,20,1,20.0,98370,2459.25
benign_base64_roundtrip_10x4k_1,12263,0,,base64_roundtrip,3,0.0016,3,0.0,0.0,0.0,0.0,0.0,0.0,0.0,0.3333,0,0.0,0.0,0,0.0,0.0,0,0,0,0.0,0,0.0
benign_base64_roundtrip_10x4k_1,12264,0,,base64_roundtrip,3,0.0013,3,0.0,0.0,0.0,0.0,0.0,0.0,0.0,0.3333,0,0.0,0.0,0,0.0,0.0,0,0,0,0.0,0,0.0
benign_base64_roundtrip_10x4k_1,12265,0,,base64_roundtrip,3,0.0015,3,0.0,0.0,0.0,0.0,0.0,0.0,0.0,0.3333,0,0.0,0.0,0,0.0,0.0,0,0,0,0.0,0,0.0
benign_base64_roundtrip_10x4k_1,12266,0,,base64_roundtrip,3,0.002,3,0.0,0.0,0.0,0.0,0.0,0.0,0.0,0.3333,0,0.0,0.0,0,0.0,0.0,0,0,0,0.0,0,0.0
benign_base64_roundtrip_10x4k_1,12267,0,,base64_roundtrip,3,0.0013,3,0.0,0.0,0.0,0.0,0.0,0.0,0.0,0.3333,0,0.0,0.0,0,0.0,0.0,0,0,0,0.0,0,0.0
benign_base64_roundtrip_10x4k_1,12268,0,,base64_roundtrip,3,0.0017,3,0.0,0.0,0.0,0.0,0.0,0.0,0.0,0.3333,0,0.0,0.0,0,0.0,0.0,0,0,0,0.0,0,0.0
benign_base64_roundtrip_10x4k_1,12269,0,,base64_roundtrip,3,0.0016,3,0.0,0.0,0.0,0.0,0.0,0.0,0.0,0.3333,0,0.0,0.0,0,0.0,0.0,0,0,0,0.0,0,0.0
benign_base64_roundtrip_10x4k_1,12270,0,,base64_roundtrip,3,0.0017,3,0.0,0.0,0.0,0.0,0.0,0.0,0.0,0.3333,0,0.0,0.0,0,0.0,0.0,0,0,0,0.0,0,0.0
benign_base64_roundtrip_10x4k_1,12271,0,,base64_roundtrip,3,0.0018,3,0.0,0.0,0.0,0.0,0.0,0.0,0.0,0.3333,0,0.0,0.0,0,0.0,0.0,0,0,0,0.0,0,0.0
benign_base64_roundtrip_10x4k_1,12272,0,,base64_roundtrip,3,0.0017,3,0.0,0.0,0.0,0.0,0.0,0.0,0.0,0.3333,0,0.0,0.0,0,0.0,0.0,0,0,0,0.0,0,0.0
benign_base64_roundtrip_10x4k_1,12273,0,,base64_roundtrip,3,0.0019,3,0.0,0.0,0.0,0.0,0.0,0.0,0.0,0.3333,0,0.0,0.0,0,0.0,0.0,0,0,0,0.0,0,0.0
benign_base64_roundtrip_10x4k_1,12274,0,,base64_roundtrip,3,0.0019,3,0.0,0.0,0.0,0.0,0.0,0.0,0.0,0.3333,0,0.0,0.0,0,0.0,0.0,0,0,0,0.0,0,0.0
benign_base64_roundtrip_10x4k_1,12275,0,,base64_roundtrip,3,0.002,3,0.0,0.0,0.0,0.0,0.0,0.0,0.0,0.3333,0,0.0,0.0,0,0.0,0.0,0,0,0,0.0,0,0.0
benign_base64_roundtrip_10x4k_1,12276,0,,base64_roundtrip,3,0.0027,3,0.0,0.0,0.0,0.0,0.0,0.0,0.0,0.3333,0,0.0,0.0,0,0.0,0.0,0,0,0,0.0,0,0.0
benign_base64_roundtrip_10x4k_1,12277,0,,base64_roundtrip,3,0.0023,3,0.0,0.0,0.0,0.0,0.0,0.0,0.0,0.3333,0,0.0,0.0,0,0.0,0.0,0,0,0,0.0,0,0.0
benign_base64_roundtrip_10x4k_1,12278,0,,base64_roundtrip,3,0.0021,3,0.0,0.0,0.0,0.0,0.0,0.0,0.0,0.3333,0,0.0,0.0,0,0.0,0.0,0,0,0,0.0,0,0.0
benign_base64_roundtrip_10x4k_1,12279,0,,base64_roundtrip,3,0.0019,3,0.0,0.0,0.0,0.0,0.0,0.0,0.0,0.3333,0,0.0,0.0,0,0.0,0.0,0,0,0,0.0,0,0.0
benign_base64_roundtrip_10x4k_1,12280,0,,base64_roundtrip,3,0.0019,3,0.0,0.0,0.0,0.0,0.0,0.0,0.0,0.3333,0,0.0,0.0,0,0.0,0.0,0,0,0,0.0,0,0.0
benign_base64_roundtrip_10x4k_1,12281,0,,base64_roundtrip,3,0.0018,3,0.0,0.0,0.0,0.0,0.0,0.0,0.0,0.3333,0,0.0,0.0,0,0.0,0.0,0,0,0,0.0,0,0.0
benign_base64_roundtrip_10x4k_1,12282,0,,base64_roundtrip,3,0.0015,3,0.0,0.0,0.0,0.0,0.0,0.0,0.0,0.3333,0,0.0,0.0,0,0.0,0.0,0,0,0,0.0,0,0.0
benign_base64_roundtrip_10x4k_2,2976,0,,base64_roundtrip,26,0.0413,26,0.0,0.0,0.0,0.0,0.0,0.0,0.0,0.0,0,0.0,0.0,0,0.0,0.0,0,0,0,0.0,0,0.0
benign_base64_roundtrip_10x4k_2,6211,0,,base64_roundtrip,67,0.0361,67,30.0,0.0,0.0,10.0,0.4478,0.0,0.0,0.0,0,0.0,3.2477,1,0.0,0.0,0,10,1,10.0,41830,1394.33
benign_base64_roundtrip_10x4k_2,12303,0,,base64_roundtrip,84,0.1967,84,40.0,0.0,0.0,20.0,0.4762,0.0,0.0,0.0,0,0.0,4.8476,1,0.0,0.0,0,20,1,20.0,98370,2459.25
benign_base64_roundtrip_10x4k_2,12304,0,,base64_roundtrip,3,0.0026,3,0.0,0.0,0.0,0.0,0.0,0.0,0.0,0.3333,0,0.0,0.0,0,0.0,0.0,0,0,0,0.0,0,0.0
benign_base64_roundtrip_10x4k_2,12305,0,,base64_roundtrip,3,0.0017,3,0.0,0.0,0.0,0.0,0.0,0.0,0.0,0.3333,0,0.0,0.0,0,0.0,0.0,0,0,0,0.0,0,0.0
benign_base64_roundtrip_10x4k_2,12306,0,,base64_roundtrip,3,0.001,3,0.0,0.0,0.0,0.0,0.0,0.0,0.0,0.3333,0,0.0,0.0,0,0.0,0.0,0,0,0,0.0,0,0.0
benign_base64_roundtrip_10x4k_2,12307,0,,base64_roundtrip,3,0.0038,3,0.0,0.0,0.0,0.0,0.0,0.0,0.0,0.3333,0,0.0,0.0,0,0.0,0.0,0,0,0,0.0,0,0.0
benign_base64_roundtrip_10x4k_2,12308,0,,base64_roundtrip,3,0.0018,3,0.0,0.0,0.0,0.0,0.0,0.0,0.0,0.3333,0,0.0,0.0,0,0.0,0.0,0,0,0,0.0,0,0.0
benign_base64_roundtrip_10x4k_2,12309,0,,base64_roundtrip,3,0.0029,3,0.0,0.0,0.0,0.0,0.0,0.0,0.0,0.3333,0,0.0,0.0,0,0.0,0.0,0,0,0,0.0,0,0.0
benign_base64_roundtrip_10x4k_2,12310,0,,base64_roundtrip,3,0.0018,3,0.0,0.0,0.0,0.0,0.0,0.0,0.0,0.3333,0,0.0,0.0,0,0.0,0.0,0,0,0,0.0,0,0.0
benign_base64_roundtrip_10x4k_2,12311,0,,base64_roundtrip,3,0.0034,3,0.0,0.0,0.0,0.0,0.0,0.0,0.0,0.3333,0,0.0,0.0,0,0.0,0.0,0,0,0,0.0,0,0.0
benign_base64_roundtrip_10x4k_2,12312,0,,base64_roundtrip,3,0.0015,3,0.0,0.0,0.0,0.0,0.0,0.0,0.0,0.3333,0,0.0,0.0,0,0.0,0.0,0,0,0,0.0,0,0.0
benign_base64_roundtrip_10x4k_2,12313,0,,base64_roundtrip,3,0.0021,3,0.0,0.0,0.0,0.0,0.0,0.0,0.0,0.3333,0,0.0,0.0,0,0.0,0.0,0,0,0,0.0,0,0.0
benign_base64_roundtrip_10x4k_2,12314,0,,base64_roundtrip,3,0.0019,3,0.0,0.0,0.0,0.0,0.0,0.0,0.0,0.3333,0,0.0,0.0,0,0.0,0.0,0,0,0,0.0,0,0.0
benign_base64_roundtrip_10x4k_2,12315,0,,base64_roundtrip,3,0.0022,3,0.0,0.0,0.0,0.0,0.0,0.0,0.0,0.3333,0,0.0,0.0,0,0.0,0.0,0,0,0,0.0,0,0.0
benign_base64_roundtrip_10x4k_2,12316,0,,base64_roundtrip,3,0.0017,3,0.0,0.0,0.0,0.0,0.0,0.0,0.0,0.3333,0,0.0,0.0,0,0.0,0.0,0,0,0,0.0,0,0.0
benign_base64_roundtrip_10x4k_2,12317,0,,base64_roundtrip,3,0.0026,3,0.0,0.0,0.0,0.0,0.0,0.0,0.0,0.3333,0,0.0,0.0,0,0.0,0.0,0,0,0,0.0,0,0.0
benign_base64_roundtrip_10x4k_2,12318,0,,base64_roundtrip,3,0.0013,3,0.0,0.0,0.0,0.0,0.0,0.0,0.0,0.3333,0,0.0,0.0,0,0.0,0.0,0,0,0,0.0,0,0.0
benign_base64_roundtrip_10x4k_2,12319,0,,base64_roundtrip,3,0.002,3,0.0,0.0,0.0,0.0,0.0,0.0,0.0,0.3333,0,0.0,0.0,0,0.0,0.0,0,0,0,0.0,0,0.0
benign_base64_roundtrip_10x4k_2,12320,0,,base64_roundtrip,3,0.0011,3,0.0,0.0,0.0,0.0,0.0,0.0,0.0,0.3333,0,0.0,0.0,0,0.0,0.0,0,0,0,0.0,0,0.0
benign_base64_roundtrip_10x4k_2,12321,0,,base64_roundtrip,3,0.0016,3,0.0,0.0,0.0,0.0,0.0,0.0,0.0,0.3333,0,0.0,0.0,0,0.0,0.0,0,0,0,0.0,0,0.0
benign_base64_roundtrip_10x4k_2,12322,0,,base64_roundtrip,3,0.0016,3,0.0,0.0,0.0,0.0,0.0,0.0,0.0,0.3333,0,0.0,0.0,0,0.0,0.0,0,0,0,0.0,0,0.0
benign_base64_roundtrip_10x4k_2,12323,0,,base64_roundtrip,3,0.0028,3,0.0,0.0,0.0,0.0,0.0,0.0,0.0,0.3333,0,0.0,0.0,0,0.0,0.0,0,0,0,0.0,0,0.0
benign_base64_roundtrip_10x64k_1,2976,0,,base64_roundtrip,26,0.0454,26,0.0,0.0,0.0,0.0,0.0,0.0,0.0,0.0,0,0.0,0.0,0,0.0,0.0,0,0,0,0.0,0,0.0
benign_base64_roundtrip_10x64k_1,6211,0,,base64_roundtrip,367,0.2031,367,330.0,0.0,0.0,10.0,0.8992,0.0,0.0,0.0,0,0.0,3.9077,1,0.0,0.0,0,10,1,10.0,655930,1987.67
benign_base64_roundtrip_10x64k_1,12343,0,,base64_roundtrip,434,0.5405,434,390.0,0.0,0.0,20.0,0.8986,0.0,0.0,0.0,0,0.0,4.8921,1,0.0,0.0,0,20,1,20.0,1542040,3953.95
benign_base64_roundtrip_10x64k_1,12344,0,,base64_roundtrip,4,0.014,4,0.0,0.0,0.0,0.0,0.0,0.0,0.0,0.5,0,0.0,0.0,0,0.0,0.0,0,0,0,0.0,0,0.0
benign_base64_roundtrip_10x64k_1,12345,0,,base64_roundtrip,5,0.0102,5,0.0,0.0,0.0,0.0,0.0,0.0,0.0,0.6,0,0.0,0.0,0,0.0,0.0,0,0,0,0.0,0,0.0
benign_base64_roundtrip_10x64k_1,12346,0,,base64_roundtrip,4,0.0112,4,0.0,0.0,0.0,0.0,0.0,0.0,0.0,0.5,0,0.0,0.0,0,0.0,0.0,0,0,0,0.0,0,0.0
benign_base64_roundtrip_10x64k_1,12347,0,,base64_roundtrip,5,0.0128,5,0.0,0.0,0.0,0.0,0.0,0.0,0.0,0.6,0,0.0,0.0,0,0.0,0.0,0,0,0,0.0,0,0.0
benign_base64_roundtrip_10x64k_1,12348,0,,base64_roundtrip,4,0.0145,4,0.0,0.0,0.0,0.0,0.0,0.0,0.0,0.5,0,0.0,0.0,0,0.0,0.0,0,0,0,0.0,0,0.0
benign_base64_roundtrip_10x64k_1,12349,0,,base64_roundtrip,5,0.0119,5,0.0,0.0,0.0,0.0,0.0,0.0,0.0,0.6,0,0.0,0.0,0,0.0,0.0,0,0,0,0.0,0,0.0
benign_base64_roundtrip_10x64k_1,12350,0,,base64_roundtrip,4,0.0149,4,0.0,0.0,0.0,0.0,0.0,0.0,0.0,0.5,0,0.0,0.0,0,0.0,0.0,0,0,0,0.0,0,0.0
benign_base64_roundtrip_10x64k_1,12351,0,,base64_roundtrip,5,0.0156,5,0.0,0.0,0.0,0.0,0.0,0.0,0.0,0.6,0,0.0,0.0,0,0.0,0.0,0,0,0,0.0,0,0.0
benign_base64_roundtrip_10x64k_1,12352,0,,base64_roundtrip,4,0.0169,4,0.0,0.0,0.0,0.0,0.0,0.0,0.0,0.5,0,0.0,0.0,0,0.0,0.0,0,0,0,0.0,0,0.0
benign_base64_roundtrip_10x64k_1,12353,0,,base64_roundtrip,5,0.0175,5,0.0,0.0,0.0,0.0,0.0,0.0,0.0,0.6,0,0.0,0.0,0,0.0,0.0,0,0,0,0.0,0,0.0
benign_base64_roundtrip_10x64k_1,12354,0,,base64_roundtrip,4,0.0203,4,0.0,0.0,0.0,0.0,0.0,0.0,0.0,0.5,0,0.0,0.0,0,0.0,0.0,0,0,0,0.0,0,0.0
benign_base64_roundtrip_10x64k_1,12355,0,,base64_roundtrip,5,0.0164,5,0.0,0.0,0.0,0.0,0.0,0.0,0.0,0.6,0,0.0,0.0,0,0.0,0.0,0,0,0,0.0,0,0.0
benign_base64_roundtrip_10x64k_1,12356,0,,base64_roundtrip,4,0.0182,4,0.0,0.0,0.0,0.0,0.0,0.0,0.0,0.5,0,0.0,0.0,0,0.0,0.0,0,0,0,0.0,0,0.0
benign_base64_roundtrip_10x64k_1,12357,0,,base64_roundtrip,5,0.0153,5,0.0,0.0,0.0,0.0,0.0,0.0,0.0,0.6,0,0.0,0.0,0,0.0,0.0,0,0,0,0.0,0,0.0
benign_base64_roundtrip_10x64k_1,12358,0,,base64_roundtrip,4,0.0168,4,0.0,0.0,0.0,0.0,0.0,0.0,0.0,0.5,0,0.0,0.0,0,0.0,0.0,0,0,0,0.0,0,0.0
benign_base64_roundtrip_10x64k_1,12359,0,,base64_roundtrip,5,0.0155,5,0.0,0.0,0.0,0.0,0.0,0.0,0.0,0.6,0,0.0,0.0,0,0.0,0.0,0,0,0,0.0,0,0.0
benign_base64_roundtrip_10x64k_1,12360,0,,base64_roundtrip,4,0.0166,4,0.0,0.0,0.0,0.0,0.0,0.0,0.0,0.5,0,0.0,0.0,0,0.0,0.0,0,0,0,0.0,0,0.0
benign_base64_roundtrip_10x64k_1,12361,0,,base64_roundtrip,5,0.0232,5,0.0,0.0,0.0,0.0,0.0,0.0,0.0,0.6,0,0.0,0.0,0,0.0,0.0,0,0,0,0.0,0,0.0
benign_base64_roundtrip_10x64k_1,12362,0,,base64_roundtrip,4,0.0293,4,0.0,0.0,0.0,0.0,0.0,0.0,0.0,0.5,0,0.0,0.0,0,0.0,0.0,0,0,0,0.0,0,0.0
benign_base64_roundtrip_10x64k_1,12363,0,,base64_roundtrip,5,0.0263,5,0.0,0.0,0.0,0.0,0.0,0.0,0.0,0.6,0,0.0,0.0,0,0.0,0.0,0,0,0,0.0,0,0.0
benign_base64_roundtrip_10x64k_2,2976,0,,base64_roundtrip,26,0.0449,26,0.0,0.0,0.0,0.0,0.0,0.0,0.0,0.0,0,0.0,0.0,0,0.0,0.0,0,0,0,0.0,0,0.0
benign_base64_roundtrip_10x64k_2,6211,0,,base64_roundtrip,367,0.2084,367,330.0,0.0,0.0,10.0,0.8992,0.0,0.0,0.0,0,0.0,3.9077,1,0.0,0.0,0,10,1,10.0,655930,1987.67
benign_base64_roundtrip_10x64k_2,12394,0,,base64_roundtrip,434,0.7171,434,390.0,0.0,0.0,20.0,0.8986,0.0,0.0,0.0,0,0.0,4.8921,1,0.0,0.0,0,20,1,20.0,1542040,3953.95
benign_base64_roundtrip_10x64k_2,12395,0,,base64_roundtrip,4,0.0149,4,0.0,0.0,0.0,0.0,0.0,0.0,0.0,0.5,0,0.0,0.0,0,0.0,0.0,0,0,0,0.0,0,0.0
benign_base64_roundtrip_10x64k_2,12396,0,,base64_roundtrip,5,0.0231,5,0.0,0.0,0.0,0.0,0.0,0.0,0.0,0.6,0,0.0,0.0,0,0.0,0.0,0,0,0,0.0,0,0.0
benign_base64_roundtrip_10x64k_2,12397,0,,base64_roundtrip,4,0.0232,4,0.0,0.0,0.0,0.0,0.0,0.0,0.0,0.5,0,0.0,0.0,0,0.0,0.0,0,0,0,0.0,0,0.0
benign_base64_roundtrip_10x64k_2,12398,0,,base64_roundtrip,5,0.0183,5,0.0,0.0,0.0,0.0,0.0,0.0,0.0,0.6,0,0.0,0.0,0,0.0,0.0,0,0,0,0.0,0,0.0
benign_base64_roundtrip_10x64k_2,12399,0,,base64_roundtrip,4,0.0345,4,0.0,0.0,0.0,0.0,0.0,0.0,0.0,0.5,0,0.0,0.0,0,0.0,0.0,0,0,0,0.0,0,0.0
benign_base64_roundtrip_10x64k_2,12400,0,,base64_roundtrip,5,0.0269,5,0.0,0.0,0.0,0.0,0.0,0.0,0.0,0.6,0,0.0,0.0,0,0.0,0.0,0,0,0,0.0,0,0.0
benign_base64_roundtrip_10x64k_2,12401,0,,base64_roundtrip,4,0.0198,4,0.0,0.0,0.0,0.0,0.0,0.0,0.0,0.5,0,0.0,0.0,0,0.0,0.0,0,0,0,0.0,0,0.0
benign_base64_roundtrip_10x64k_2,12402,0,,base64_roundtrip,5,0.0218,5,0.0,0.0,0.0,0.0,0.0,0.0,0.0,0.6,0,0.0,0.0,0,0.0,0.0,0,0,0,0.0,0,0.0
benign_base64_roundtrip_10x64k_2,12403,0,,base64_roundtrip,4,0.0218,4,0.0,0.0,0.0,0.0,0.0,0.0,0.0,0.5,0,0.0,0.0,0,0.0,0.0,0,0,0,0.0,0,0.0
benign_base64_roundtrip_10x64k_2,12404,0,,base64_roundtrip,5,0.0218,5,0.0,0.0,0.0,0.0,0.0,0.0,0.0,0.6,0,0.0,0.0,0,0.0,0.0,0,0,0,0.0,0,0.0
benign_base64_roundtrip_10x64k_2,12405,0,,base64_roundtrip,4,0.0236,4,0.0,0.0,0.0,0.0,0.0,0.0,0.0,0.5,0,0.0,0.0,0,0.0,0.0,0,0,0,0.0,0,0.0
benign_base64_roundtrip_10x64k_2,12406,0,,base64_roundtrip,5,0.0329,5,0.0,0.0,0.0,0.0,0.0,0.0,0.0,0.6,0,0.0,0.0,0,0.0,0.0,0,0,0,0.0,0,0.0
benign_base64_roundtrip_10x64k_2,12407,0,,base64_roundtrip,4,0.0323,4,0.0,0.0,0.0,0.0,0.0,0.0,0.0,0.5,0,0.0,0.0,0,0.0,0.0,0,0,0,0.0,0,0.0
benign_base64_roundtrip_10x64k_2,12408,0,,base64_roundtrip,5,0.0192,5,0.0,0.0,0.0,0.0,0.0,0.0,0.0,0.6,0,0.0,0.0,0,0.0,0.0,0,0,0,0.0,0,0.0
benign_base64_roundtrip_10x64k_2,12409,0,,base64_roundtrip,4,0.0231,4,0.0,0.0,0.0,0.0,0.0,0.0,0.0,0.5,0,0.0,0.0,0,0.0,0.0,0,0,0,0.0,0,0.0
benign_base64_roundtrip_10x64k_2,12410,0,,base64_roundtrip,5,0.018,5,0.0,0.0,0.0,0.0,0.0,0.0,0.0,0.6,0,0.0,0.0,0,0.0,0.0,0,0,0,0.0,0,0.0
benign_base64_roundtrip_10x64k_2,12411,0,,base64_roundtrip,4,0.0242,4,0.0,0.0,0.0,0.0,0.0,0.0,0.0,0.5,0,0.0,0.0,0,0.0,0.0,0,0,0,0.0,0,0.0
benign_base64_roundtrip_10x64k_2,12412,0,,base64_roundtrip,5,0.0237,5,0.0,0.0,0.0,0.0,0.0,0.0,0.0,0.6,0,0.0,0.0,0,0.0,0.0,0,0,0,0.0,0,0.0
benign_base64_roundtrip_10x64k_2,12413,0,,base64_roundtrip,4,0.0263,4,0.0,0.0,0.0,0.0,0.0,0.0,0.0,0.5,0,0.0,0.0,0,0.0,0.0,0,0,0,0.0,0,0.0
benign_base64_roundtrip_10x64k_2,12414,0,,base64_roundtrip,5,0.0181,5,0.0,0.0,0.0,0.0,0.0,0.0,0.0,0.6,0,0.0,0.0,0,0.0,0.0,0,0,0,0.0,0,0.0
benign_base64_roundtrip_50x4k_1,2976,0,,base64_roundtrip,26,0.0442,26,0.0,0.0,0.0,0.0,0.0,0.0,0.0,0.0,0,0.0,0.0,0,0.0,0.0,0,0,0,0.0,0,0.0
benign_base64_roundtrip_50x4k_1,6211,0,,base64_roundtrip,307,0.1728,307,150.0,0.0,0.0,50.0,0.4886,0.0,0.0,0.0,0,0.0,3.2477,1,0.0,0.0,0,50,1,50.0,209150,1394.33
benign_base64_roundtrip_50x4k_1,12435,0,,base64_roundtrip,404,1.3282,404,150.5757,0.0,0.0,75.2878,0.495,0.0,0.0,0.0,0,0.0,4.8476,1,0.0,0.0,0,100,1,100.0,491850,2459.25
benign_base64_roundtrip_50x4k_1,12436,0,,base64_roundtrip,3,0.0034,3,0.0,0.0,0.0,0.0,0.0,0.0,0.0,0.3333,0,0.0,0.0,0,0.0,0.0,0,0,0,0.0,0,0.0
benign_base64_roundtrip_50x4k_1,12437,0,,base64_roundtrip,3,0.0027,3,0.0,0.0,0.0,0.0,0.0,0.0,0.0,0.3333,0,0.0,0.0,0,0.0,0.0,0,0,0,0.0,0,0.0
benign_base64_roundtrip_50x4k_1,12438,0,,base64_roundtrip,3,0.0025,3,0.0,0.0,0.0,0.0,0.0,0.0,0.0,0.3333,0,0.0,0.0,0,0.0,0.0,0,0,0,0.0,0,0.0
benign_base64_roundtrip_50x4k_1,12439,0,,base64_roundtrip,3,0.005,3,0.0,0.0,0.0,0.0,0.0,0.0,0.0,0.3333,0,0.0,0.0,0,0.0,0.0,0,0,0,0.0,0,0.0
benign_base64_roundtrip_50x4k_1,12440,0,,base64_roundtrip,3,0.0039,3,0.0,0.0,0.0,0.0,0.0,0.0,0.0,0.3333,0,0.0,0.0,0,0.0,0.0,0,0,0,0.0,0,0.0
benign_base64_roundtrip_50x4k_1,12441,0,,base64_roundtrip,3,0.0044,3,0.0,0.0,0.0,0.0,0.0,0.0,0.0,0.3333,0,0.0,0.0,0,0.0,0.0,0,0,0,0.0,0,0.0
benign_base64_roundtrip_50x4k_1,12442,0,,base64_roundtrip,3,0.002,3,0.0,0.0,0.0,0.0,0.0,0.0,0.0,0.3333,0,0.0,0.0,0,0.0,0.0,0,0,0,0.0,0,0.0
benign_base64_roundtrip_50x4k_1,12443,0,,base64_roundtrip,3,0.0031,3,0.0,0.0,0.0,0.0,0.0,0.0,0.0,0.3333,0,0.0,0.0,0,0.0,0.0,0,0,0,0.0,0,0.0
benign_base64_roundtrip_50x4k_1,12444,0,,base64_roundtrip,3,0.0027,3,0.0,0.0,0.0,0.0,0.0,0.0,0.0,0.3333,0,0.0,0.0,0,0.0,0.0,0,0,0,0.0,0,0.0
benign_base64_roundtrip_50x4k_1,12445,0,,base64_roundtrip,3,0.004,3,0.0,0.0,0.0,0.0,0.0,0.0,0.0,0.3333,0,0.0,0.0,0,0.0,0.0,0,0,0,0.0,0,0.0
benign_base64_roundtrip_50x4k_1,12446,0,,base64_roundtrip,3,0.0029,3,0.0,0.0,0.0,0.0,0.0,0.0,0.0,0.3333,0,0.0,0.0,0,0.0,0.0,0,0,0,0.0,0,0.0
benign_base64_roundtrip_50x4k_1,12447,0,,base64_roundtrip,3,0.0027,3,0.0,0.0,0.0,0.0,0.0,0.0,0.0,0.3333,0,0.0,0.0,0,0.0,0.0,0,0,0,0.0,0,0.0
benign_base64_roundtrip_50x4k_1,12448,0,,base64_roundtrip,3,0.0023,3,0.0,0.0,0.0,0.0,0.0,0.0,0.0,0.3333,0,0.0,0.0,0,0.0,0.0,0,0,0,0.0,0,0.0
benign_base64_roundtrip_50x4k_1,12449,0,,base64_roundtrip,3,0.0034,3,0.0,0.0,0.0,0.0,0.0,0.0,0.0,0.3333,0,0.0,0.0,0,0.0,0.0,0,0,0,0.0,0,0.0
benign_base64_roundtrip_50x4k_1,12450,0,,base64_roundtrip,3,0.0028,3,0.0,0.0,0.0,0.0,0.0,0.0,0.0,0.3333,0,0.0,0.0,0,0.0,0.0,0,0,0,0.0,0,0.0
benign_base64_roundtrip_50x4k_1,12451,0,,base64_roundtrip,3,0.0025,3,0.0,0.0,0.0,0.0,0.0,0.0,0.0,0.3333,0,0.0,0.0,0,0.0,0.0,0,0,0,0.0,0,0.0
benign_base64_roundtrip_50x4k_1,12452,0,,base64_roundtrip,3,0.0031,3,0.0,0.0,0.0,0.0,0.0,0.0,0.0,0.3333,0,0.0,0.0,0,0.0,0.0,0,0,0,0.0,0,0.0
benign_base64_roundtrip_50x4k_1,12453,0,,base64_roundtrip,3,0.0039,3,0.0,0.0,0.0,0.0,0.0,0.0,0.0,0.3333,0,0.0,0.0,0,0.0,0.0,0,0,0,0.0,0,0.0
benign_base64_roundtrip_50x4k_1,12454,0,,base64_roundtrip,3,0.0025,3,0.0,0.0,0.0,0.0,0.0,0.0,0.0,0.3333,0,0.0,0.0,0,0.0,0.0,0,0,0,0.0,0,0.0
benign_base64_roundtrip_50x4k_1,12455,0,,base64_roundtrip,3,0.0037,3,0.0,0.0,0.0,0.0,0.0,0.0,0.0,0.3333,0,0.0,0.0,0,0.0,0.0,0,0,0,0.0,0,0.0
benign_base64_roundtrip_50x4k_1,12456,0,,base64_roundtrip,3,0.0024,3,0.0,0.0,0.0,0.0,0.0,0.0,0.0,0.3333,0,0.0,0.0,0,0.0,0.0,0,0,0,0.0,0,0.0
benign_base64_roundtrip_50x4k_1,12457,0,,base64_roundtrip,3,0.0028,3,0.0,0.0,0.0,0.0,0.0,0.0,0.0,0.3333,0,0.0,0.0,0,0.0,0.0,0,0,0,0.0,0,0.0
benign_base64_roundtrip_50x4k_1,12458,0,,base64_roundtrip,3,0.003,3,0.0,0.0,0.0,0.0,0.0,0.0,0.0,0.3333,0,0.0,0.0,0,0.0,0.0,0,0,0,0.0,0,0.0
benign_base64_roundtrip_50x4k_1,12459,0,,base64_roundtrip,3,0.003,3,0.0,0.0,0.0,0.0,0.0,0.0,0.0,0.3333,0,0.0,0.0,0,0.0,0.0,0,0,0,0.0,0,0.0
benign_base64_roundtrip_50x4k_1,12460,0,,base64_roundtrip,3,0.0031,3,0.0,0.0,0.0,0.0,0.0,0.0,0.0,0.3333,0,0.0,0.0,0,0.0,0.0,0,0,0,0.0,0,0.0
benign_base64_roundtrip_50x4k_1,12461,0,,base64_roundtrip,3,0.0027,3,0.0,0.0,0.0,0.0,0.0,0.0,0.0,0.3333,0,0.0,0.0,0,0.0,0.0,0,0,0,0.0,0,0.0
benign_base64_roundtrip_50x4k_1,12462,0,,base64_roundtrip,3,0.0017,3,0.0,0.0,0.0,0.0,0.0,0.0,0.0,0.3333,0,0.0,0.0,0,0.0,0.0,0,0,0,0.0,0,0.0
benign_base64_roundtrip_50x4k_1,12463,0,,base64_roundtrip,3,0.0025,3,0.0,0.0,0.0,0.0,0.0,0.0,0.0,0.3333,0,0.0,0.0,0,0.0,0.0,0,0,0,0.0,0,0.0
benign_base64_roundtrip_50x4k_1,12464,0,,base64_roundtrip,3,0.0023,3,0.0,0.0,0.0,0.0,0.0,0.0,0.0,0.3333,0,0.0,0.0,0,0.0,0.0,0,0,0,0.0,0,0.0
benign_base64_roundtrip_50x4k_1,12465,0,,base64_roundtrip,3,0.0043,3,0.0,0.0,0.0,0.0,0.0,0.0,0.0,0.3333,0,0.0,0.0,0,0.0,0.0,0,0,0,0.0,0,0.0
benign_base64_roundtrip_50x4k_1,12466,0,,base64_roundtrip,3,0.0029,3,0.0,0.0,0.0,0.0,0.0,0.0,0.0,0.3333,0,0.0,0.0,0,0.0,0.0,0,0,0,0.0,0,0.0
benign_base64_roundtrip_50x4k_1,12467,0,,base64_roundtrip,3,0.0026,3,0.0,0.0,0.0,0.0,0.0,0.0,0.0,0.3333,0,0.0,0.0,0,0.0,0.0,0,0,0,0.0,0,0.0
benign_base64_roundtrip_50x4k_1,12468,0,,base64_roundtrip,3,0.0037,3,0.0,0.0,0.0,0.0,0.0,0.0,0.0,0.3333,0,0.0,0.0,0,0.0,0.0,0,0,0,0.0,0,0.0
benign_base64_roundtrip_50x4k_1,12469,0,,base64_roundtrip,3,0.0044,3,0.0,0.0,0.0,0.0,0.0,0.0,0.0,0.3333,0,0.0,0.0,0,0.0,0.0,0,0,0,0.0,0,0.0
benign_base64_roundtrip_50x4k_1,12470,0,,base64_roundtrip,3,0.0027,3,0.0,0.0,0.0,0.0,0.0,0.0,0.0,0.3333,0,0.0,0.0,0,0.0,0.0,0,0,0,0.0,0,0.0
benign_base64_roundtrip_50x4k_1,12471,0,,base64_roundtrip,3,0.004,3,0.0,0.0,0.0,0.0,0.0,0.0,0.0,0.3333,0,0.0,0.0,0,0.0,0.0,0,0,0,0.0,0,0.0
benign_base64_roundtrip_50x4k_1,12472,0,,base64_roundtrip,3,0.0033,3,0.0,0.0,0.0,0.0,0.0,0.0,0.0,0.3333,0,0.0,0.0,0,0.0,0.0,0,0,0,0.0,0,0.0
benign_base64_roundtrip_50x4k_1,12473,0,,base64_roundtrip,3,0.0023,3,0.0,0.0,0.0,0.0,0.0,0.0,0.0,0.3333,0,0.0,0.0,0,0.0,0.0,0,0,0,0.0,0,0.0
benign_base64_roundtrip_50x4k_1,12474,0,,base64_roundtrip,3,0.0037,3,0.0,0.0,0.0,0.0,0.0,0.0,0.0,0.3333,0,0.0,0.0,0,0.0,0.0,0,0,0,0.0,0,0.0
benign_base64_roundtrip_50x4k_1,12475,0,,base64_roundtrip,3,0.0033,3,0.0,0.0,0.0,0.0,0.0,0.0,0.0,0.3333,0,0.0,0.0,0,0.0,0.0,0,0,0,0.0,0,0.0
benign_base64_roundtrip_50x4k_1,12476,0,,base64_roundtrip,3,0.0034,3,0.0,0.0,0.0,0.0,0.0,0.0,0.0,0.3333,0,0.0,0.0,0,0.0,0.0,0,0,0,0.0,0,0.0
benign_base64_roundtrip_50x4k_1,12477,0,,base64_roundtrip,3,0.0024,3,0.0,0.0,0.0,0.0,0.0,0.0,0.0,0.3333,0,0.0,0.0,0,0.0,0.0,0,0,0,0.0,0,0.0
benign_base64_roundtrip_50x4k_1,12478,0,,base64_roundtrip,3,0.0023,3,0.0,0.0,0.0,0.0,0.0,0.0,0.0,0.3333,0,0.0,0.0,0,0.0,0.0,0,0,0,0.0,0,0.0
benign_base64_roundtrip_50x4k_1,12479,0,,base64_roundtrip,3,0.0026,3,0.0,0.0,0.0,0.0,0.0,0.0,0.0,0.3333,0,0.0,0.0,0,0.0,0.0,0,0,0,0.0,0,0.0
benign_base64_roundtrip_50x4k_1,12480,0,,base64_roundtrip,3,0.0025,3,0.0,0.0,0.0,0.0,0.0,0.0,0.0,0.3333,0,0.0,0.0,0,0.0,0.0,0,0,0,0.0,0,0.0
benign_base64_roundtrip_50x4k_1,12481,0,,base64_roundtrip,3,0.0028,3,0.0,0.0,0.0,0.0,0.0,0.0,0.0,0.3333,0,0.0,0.0,0,0.0,0.0,0,0,0,0.0,0,0.0
benign_base64_roundtrip_50x4k_1,12482,0,,base64_roundtrip,3,0.0024,3,0.0,0.0,0.0,0.0,0.0,0.0,0.0,0.3333,0,0.0,0.0,0,0.0,0.0,0,0,0,0.0,0,0.0
benign_base64_roundtrip_50x4k_1,12483,0,,base64_roundtrip,3,0.0027,3,0.0,0.0,0.0,0.0,0.0,0.0,0.0,0.3333,0,0.0,0.0,0,0.0,0.0,0,0,0,0.0,0,0.0
benign_base64_roundtrip_50x4k_1,12484,0,,base64_roundtrip,3,0.0038,3,0.0,0.0,0.0,0.0,0.0,0.0,0.0,0.3333,0,0.0,0.0,0,0.0,0.0,0,0,0,0.0,0,0.0
benign_base64_roundtrip_50x4k_1,12485,0,,base64_roundtrip,3,0.0026,3,0.0,0.0,0.0,0.0,0.0,0.0,0.0,0.3333,0,0.0,0.0,0,0.0,0.0,0,0,0,0.0,0,0.0
benign_base64_roundtrip_50x4k_1,12486,0,,base64_roundtrip,3,0.0049,3,0.0,0.0,0.0,0.0,0.0,0.0,0.0,0.3333,0,0.0,0.0,0,0.0,0.0,0,0,0,0.0,0,0.0
benign_base64_roundtrip_50x4k_1,12487,0,,base64_roundtrip,3,0.0036,3,0.0,0.0,0.0,0.0,0.0,0.0,0.0,0.3333,0,0.0,0.0,0,0.0,0.0,0,0,0,0.0,0,0.0
benign_base64_roundtrip_50x4k_1,12488,0,,base64_roundtrip,3,0.0022,3,0.0,0.0,0.0,0.0,0.0,0.0,0.0,0.3333,0,0.0,0.0,0,0.0,0.0,0,0,0,0.0,0,0.0
benign_base64_roundtrip_50x4k_1,12489,0,,base64_roundtrip,3,0.0026,3,0.0,0.0,0.0,0.0,0.0,0.0,0.0,0.3333,0,0.0,0.0,0,0.0,0.0,0,0,0,0.0,0,0.0
benign_base64_roundtrip_50x4k_1,12490,0,,base64_roundtrip,3,0.0025,3,0.0,0.0,0.0,0.0,0.0,0.0,0.0,0.3333,0,0.0,0.0,0,0.0,0.0,0,0,0,0.0,0,0.0
benign_base64_roundtrip_50x4k_1,12491,0,,base64_roundtrip,3,0.0037,3,0.0,0.0,0.0,0.0,0.0,0.0,0.0,0.3333,0,0.0,0.0,0,0.0,0.0,0,0,0,0.0,0,0.0
benign_base64_roundtrip_50x4k_1,12492,0,,base64_roundtrip,3,0.0032,3,0.0,0.0,0.0,0.0,0.0,0.0,0.0,0.3333,0,0.0,0.0,0,0.0,0.0,0,0,0,0.0,0,0.0
benign_base64_roundtrip_50x4k_1,12493,0,,base64_roundtrip,3,0.0028,3,0.0,0.0,0.0,0.0,0.0,0.0,0.0,0.3333,0,0.0,0.0,0,0.0,0.0,0,0,0,0.0,0,0.0
benign_base64_roundtrip_50x4k_1,12494,0,,base64_roundtrip,3,0.0037,3,0.0,0.0,0.0,0.0,0.0,0.0,0.0,0.3333,0,0.0,0.0,0,0.0,0.0,0,0,0,0.0,0,0.0
benign_base64_roundtrip_50x4k_1,12495,0,,base64_roundtrip,3,0.0035,3,0.0,0.0,0.0,0.0,0.0,0.0,0.0,0.3333,0,0.0,0.0,0,0.0,0.0,0,0,0,0.0,0,0.0
benign_base64_roundtrip_50x4k_1,12496,0,,base64_roundtrip,3,0.0033,3,0.0,0.0,0.0,0.0,0.0,0.0,0.0,0.3333,0,0.0,0.0,0,0.0,0.0,0,0,0,0.0,0,0.0
benign_base64_roundtrip_50x4k_1,12497,0,,base64_roundtrip,3,0.0032,3,0.0,0.0,0.0,0.0,0.0,0.0,0.0,0.3333,0,0.0,0.0,0,0.0,0.0,0,0,0,0.0,0,0.0
benign_base64_roundtrip_50x4k_1,12498,0,,base64_roundtrip,3,0.0036,3,0.0,0.0,0.0,0.0,0.0,0.0,0.0,0.3333,0,0.0,0.0,0,0.0,0.0,0,0,0,0.0,0,0.0
benign_base64_roundtrip_50x4k_1,12499,0,,base64_roundtrip,3,0.0024,3,0.0,0.0,0.0,0.0,0.0,0.0,0.0,0.3333,0,0.0,0.0,0,0.0,0.0,0,0,0,0.0,0,0.0
benign_base64_roundtrip_50x4k_1,12500,0,,base64_roundtrip,3,0.0022,3,0.0,0.0,0.0,0.0,0.0,0.0,0.0,0.3333,0,0.0,0.0,0,0.0,0.0,0,0,0,0.0,0,0.0
benign_base64_roundtrip_50x4k_1,12501,0,,base64_roundtrip,3,0.0029,3,0.0,0.0,0.0,0.0,0.0,0.0,0.0,0.3333,0,0.0,0.0,0,0.0,0.0,0,0,0,0.0,0,0.0
benign_base64_roundtrip_50x4k_1,12502,0,,base64_roundtrip,3,0.0024,3,0.0,0.0,0.0,0.0,0.0,0.0,0.0,0.3333,0,0.0,0.0,0,0.0,0.0,0,0,0,0.0,0,0.0
benign_base64_roundtrip_50x4k_1,12503,0,,base64_roundtrip,3,0.0025,3,0.0,0.0,0.0,0.0,0.0,0.0,0.0,0.3333,0,0.0,0.0,0,0.0,0.0,0,0,0,0.0,0,0.0
benign_base64_roundtrip_50x4k_1,12504,0,,base64_roundtrip,3,0.0022,3,0.0,0.0,0.0,0.0,0.0,0.0,0.0,0.3333,0,0.0,0.0,0,0.0,0.0,0,0,0,0.0,0,0.0
benign_base64_roundtrip_50x4k_1,12505,0,,base64_roundtrip,6,0.0038,6,0.0,0.0,0.0,0.0,0.0,0.0,0.0,0.1667,0,0.0,0.0,0,0.0,0.0,0,0,0,0.0,0,0.0
benign_base64_roundtrip_50x4k_1,12506,0,,base64_roundtrip,4,0.0027,4,0.0,0.0,0.0,0.0,0.0,0.0,0.0,0.25,0,0.0,0.0,0,0.0,0.0,0,0,0,0.0,0,0.0
benign_base64_roundtrip_50x4k_1,12507,0,,base64_roundtrip,3,0.0028,3,0.0,0.0,0.0,0.0,0.0,0.0,0.0,0.3333,0,0.0,0.0,0,0.0,0.0,0,0,0,0.0,0,0.0
benign_base64_roundtrip_50x4k_1,12508,0,,base64_roundtrip,4,0.0029,4,0.0,0.0,0.0,0.0,0.0,0.0,0.0,0.25,0,0.0,0.0,0,0.0,0.0,0,0,0,0.0,0,0.0
benign_base64_roundtrip_50x4k_1,12509,0,,base64_roundtrip,3,0.0025,3,0.0,0.0,0.0,0.0,0.0,0.0,0.0,0.3333,0,0.0,0.0,0,0.0,0.0,0,0,0,0.0,0,0.0
benign_base64_roundtrip_50x4k_1,12510,0,,base64_roundtrip,4,0.0029,4,0.0,0.0,0.0,0.0,0.0,0.0,0.0,0.25,0,0.0,0.0,0,0.0,0.0,0,0,0,0.0,0,0.0
benign_base64_roundtrip_50x4k_1,12511,0,,base64_roundtrip,3,0.0025,3,0.0,0.0,0.0,0.0,0.0,0.0,0.0,0.3333,0,0.0,0.0,0,0.0,0.0,0,0,0,0.0,0,0.0
benign_base64_roundtrip_50x4k_1,12512,0,,base64_roundtrip,4,0.0023,4,0.0,0.0,0.0,0.0,0.0,0.0,0.0,0.25,0,0.0,0.0,0,0.0,0.0,0,0,0,0.0,0,0.0
benign_base64_roundtrip_50x4k_1,12513,0,,base64_roundtrip,3,0.0021,3,0.0,0.0,0.0,0.0,0.0,0.0,0.0,0.3333,0,0.0,0.0,0,0.0,0.0,0,0,0,0.0,0,0.0
benign_base64_roundtrip_50x4k_1,12514,0,,base64_roundtrip,4,0.0018,4,0.0,0.0,0.0,0.0,0.0,0.0,0.0,0.25,0,0.0,0.0,0,0.0,0.0,0,0,0,0.0,0,0.0
benign_base64_roundtrip_50x4k_1,12515,0,,base64_roundtrip,3,0.0019,3,0.0,0.0,0.0,0.0,0.0,0.0,0.0,0.3333,0,0.0,0.0,0,0.0,0.0,0,0,0,0.0,0,0.0
benign_base64_roundtrip_50x4k_1,12516,0,,base64_roundtrip,4,0.0018,4,0.0,0.0,0.0,0.0,0.0,0.0,0.0,0.25,0,0.0,0.0,0,0.0,0.0,0,0,0,0.0,0,0.0
benign_base64_roundtrip_50x4k_1,12517,0,,base64_roundtrip,3,0.0019,3,0.0,0.0,0.0,0.0,0.0,0.0,0.0,0.3333,0,0.0,0.0,0,0.0,0.0,0,0,0,0.0,0,0.0
benign_base64_roundtrip_50x4k_1,12518,0,,base64_roundtrip,4,0.0017,4,0.0,0.0,0.0,0.0,0.0,0.0,0.0,0.25,0,0.0,0.0,0,0.0,0.0,0,0,0,0.0,0,0.0
benign_base64_roundtrip_50x4k_1,12519,0,,base64_roundtrip,3,0.0022,3,0.0,0.0,0.0,0.0,0.0,0.0,0.0,0.3333,0,0.0,0.0,0,0.0,0.0,0,0,0,0.0,0,0.0
benign_base64_roundtrip_50x4k_1,12520,0,,base64_roundtrip,4,0.003,4,0.0,0.0,0.0,0.0,0.0,0.0,0.0,0.25,0,0.0,0.0,0,0.0,0.0,0,0,0,0.0,0,0.0
benign_base64_roundtrip_50x4k_1,12521,0,,base64_roundtrip,3,0.0025,3,0.0,0.0,0.0,0.0,0.0,0.0,0.0,0.3333,0,0.0,0.0,0,0.0,0.0,0,0,0,0.0,0,0.0
benign_base64_roundtrip_50x4k_1,12522,0,,base64_roundtrip,4,0.0023,4,0.0,0.0,0.0,0.0,0.0,0.0,0.0,0.25,0,0.0,0.0,0,0.0,0.0,0,0,0,0.0,0,0.0
benign_base64_roundtrip_50x4k_1,12523,0,,base64_roundtrip,3,0.0021,3,0.0,0.0,0.0,0.0,0.0,0.0,0.0,0.3333,0,0.0,0.0,0,0.0,0.0,0,0,0,0.0,0,0.0
benign_base64_roundtrip_50x4k_1,12524,0,,base64_roundtrip,4,0.0025,4,0.0,0.0,0.0,0.0,0.0,0.0,0.0,0.25,0,0.0,0.0,0,0.0,0.0,0,0,0,0.0,0,0.0
benign_base64_roundtrip_50x4k_1,12525,0,,base64_roundtrip,3,0.0017,3,0.0,0.0,0.0,0.0,0.0,0.0,0.0,0.3333,0,0.0,0.0,0,0.0,0.0,0,0,0,0.0,0,0.0
benign_base64_roundtrip_50x4k_1,12526,0,,base64_roundtrip,4,0.0019,4,0.0,0.0,0.0,0.0,0.0,0.0,0.0,0.25,0,0.0,0.0,0,0.0,0.0,0,0,0,0.0,0,0.0
benign_base64_roundtrip_50x4k_1,12527,0,,base64_roundtrip,3,0.0016,3,0.0,0.0,0.0,0.0,0.0,0.0,0.0,0.3333,0,0.0,0.0,0,0.0,0.0,0,0,0,0.0,0,0.0
benign_base64_roundtrip_50x4k_1,12528,0,,base64_roundtrip,4,0.0021,4,0.0,0.0,0.0,0.0,0.0,0.0,0.0,0.25,0,0.0,0.0,0,0.0,0.0,0,0,0,0.0,0,0.0
benign_base64_roundtrip_50x4k_1,12529,0,,base64_roundtrip,3,0.0018,3,0.0,0.0,0.0,0.0,0.0,0.0,0.0,0.3333,0,0.0,0.0,0,0.0,0.0,0,0,0,0.0,0,0.0
benign_base64_roundtrip_50x4k_1,12530,0,,base64_roundtrip,4,0.0019,4,0.0,0.0,0.0,0.0,0.0,0.0,0.0,0.25,0,0.0,0.0,0,0.0,0.0,0,0,0,0.0,0,0.0
benign_base64_roundtrip_50x4k_1,12531,0,,base64_roundtrip,3,0.0017,3,0.0,0.0,0.0,0.0,0.0,0.0,0.0,0.3333,0,0.0,0.0,0,0.0,0.0,0,0,0,0.0,0,0.0
benign_base64_roundtrip_50x4k_1,12532,0,,base64_roundtrip,4,0.0022,4,0.0,0.0,0.0,0.0,0.0,0.0,0.0,0.25,0,0.0,0.0,0,0.0,0.0,0,0,0,0.0,0,0.0
benign_base64_roundtrip_50x4k_1,12533,0,,base64_roundtrip,3,0.0026,3,0.0,0.0,0.0,0.0,0.0,0.0,0.0,0.3333,0,0.0,0.0,0,0.0,0.0,0,0,0,0.0,0,0.0
benign_base64_roundtrip_50x4k_1,12534,0,,base64_roundtrip,4,0.0026,4,0.0,0.0,0.0,0.0,0.0,0.0,0.0,0.25,0,0.0,0.0,0,0.0,0.0,0,0,0,0.0,0,0.0
benign_base64_roundtrip_50x4k_1,12535,0,,base64_roundtrip,3,0.0022,3,0.0,0.0,0.0,0.0,0.0,0.0,0.0,0.3333,0,0.0,0.0,0,0.0,0.0,0,0,0,0.0,0,0.0
benign_base64_roundtrip_50x4k_2,2976,0,,base64_roundtrip,26,0.056,26,0.0,0.0,0.0,0.0,0.0,0.0,0.0,0.0,0,0.0,0.0,0,0.0,0.0,0,0,0,0.0,0,0.0
benign_base64_roundtrip_50x4k_2,6211,0,,base64_roundtrip,307,0.1826,307,150.0,0.0,0.0,50.0,0.4886,0.0,0.0,0.0,0,0.0,3.2477,1,0.0,0.0,0,50,1,50.0,209150,1394.33
benign_base64_roundtrip_50x4k_2,12554,0,,base64_roundtrip,407,1.3548,407,147.6259,0.0,0.0,73.813,0.4914,0.0,0.0,0.0,0,0.0,4.8476,1,0.0,0.0,0,100,1,100.0,491850,2459.25
benign_base64_roundtrip_50x4k_2,12555,0,,base64_roundtrip,3,0.0021,3,0.0,0.0,0.0,0.0,0.0,0.0,0.0,0.3333,0,0.0,0.0,0,0.0,0.0,0,0,0,0.0,0,0.0
benign_base64_roundtrip_50x4k_2,12556,0,,base64_roundtrip,3,0.0029,3,0.0,0.0,0.0,0.0,0.0,0.0,0.0,0.3333,0,0.0,0.0,0,0.0,0.0,0,0,0,0.0,0,0.0
benign_base64_roundtrip_50x4k_2,12557,0,,base64_roundtrip,3,0.0024,3,0.0,0.0,0.0,0.0,0.0,0.0,0.0,0.3333,0,0.0,0.0,0,0.0,0.0,0,0,0,0.0,0,0.0
benign_base64_roundtrip_50x4k_2,12558,0,,base64_roundtrip,3,0.0034,3,0.0,0.0,0.0,0.0,0.0,0.0,0.0,0.3333,0,0.0,0.0,0,0.0,0.0,0,0,0,0.0,0,0.0
benign_base64_roundtrip_50x4k_2,12559,0,,base64_roundtrip,3,0.0046,3,0.0,0.0,0.0,0.0,0.0,0.0,0.0,0.3333,0,0.0,0.0,0,0.0,0.0,0,0,0,0.0,0,0.0
benign_base64_roundtrip_50x4k_2,12560,0,,base64_roundtrip,3,0.0028,3,0.0,0.0,0.0,0.0,0.0,0.0,0.0,0.3333,0,0.0,0.0,0,0.0,0.0,0,0,0,0.0,0,0.0
benign_base64_roundtrip_50x4k_2,12561,0,,base64_roundtrip,3,0.0029,3,0.0,0.0,0.0,0.0,0.0,0.0,0.0,0.3333,0,0.0,0.0,0,0.0,0.0,0,0,0,0.0,0,0.0
benign_base64_roundtrip_50x4k_2,12562,0,,base64_roundtrip,3,0.0035,3,0.0,0.0,0.0,0.0,0.0,0.0,0.0,0.3333,0,0.0,0.0,0,0.0,0.0,0,0,0,0.0,0,0.0
benign_base64_roundtrip_50x4k_2,12563,0,,base64_roundtrip,3,0.0026,3,0.0,0.0,0.0,0.0,0.0,0.0,0.0,0.3333,0,0.0,0.0,0,0.0,0.0,0,0,0,0.0,0,0.0
benign_base64_roundtrip_50x4k_2,12564,0,,base64_roundtrip,3,0.0022,3,0.0,0.0,0.0,0.0,0.0,0.0,0.0,0.3333,0,0.0,0.0,0,0.0,0.0,0,0,0,0.0,0,0.0
benign_base64_roundtrip_50x4k_2,12565,0,,base64_roundtrip,3,0.0018,3,0.0,0.0,0.0,0.0,0.0,0.0,0.0,0.3333,0,0.0,0.0,0,0.0,0.0,0,0,0,0.0,0,0.0
benign_base64_roundtrip_50x4k_2,12566,0,,base64_roundtrip,3,0.002,3,0.0,0.0,0.0,0.0,0.0,0.0,0.0,0.3333,0,0.0,0.0,0,0.0,0.0,0,0,0,0.0,0,0.0
benign_base64_roundtrip_50x4k_2,12567,0,,base64_roundtrip,3,0.0019,3,0.0,0.0,0.0,0.0,0.0,0.0,0.0,0.3333,0,0.0,0.0,0,0.0,0.0,0,0,0,0.0,0,0.0
benign_base64_roundtrip_50x4k_2,12568,0,,base64_roundtrip,3,0.0028,3,0.0,0.0,0.0,0.0,0.0,0.0,0.0,0.3333,0,0.0,0.0,0,0.0,0.0,0,0,0,0.0,0,0.0
benign_base64_roundtrip_50x4k_2,12569,0,,base64_roundtrip,3,0.0042,3,0.0,0.0,0.0,0.0,0.0,0.0,0.0,0.3333,0,0.0,0.0,0,0.0,0.0,0,0,0,0.0,0,0.0
benign_base64_roundtrip_50x4k_2,12570,0,,base64_roundtrip,3,0.0036,3,0.0,0.0,0.0,0.0,0.0,0.0,0.0,0.3333,0,0.0,0.0,0,0.0,0.0,0,0,0,0.0,0,0.0
benign_base64_roundtrip_50x4k_2,12571,0,,base64_roundtrip,3,0.0029,3,0.0,0.0,0.0,0.0,0.0,0.0,0.0,0.3333,0,0.0,0.0,0,0.0,0.0,0,0,0,0.0,0,0.0
benign_base64_roundtrip_50x4k_2,12572,0,,base64_roundtrip,3,0.0032,3,0.0,0.0,0.0,0.0,0.0,0.0,0.0,0.3333,0,0.0,0.0,0,0.0,0.0,0,0,0,0.0,0,0.0
benign_base64_roundtrip_50x4k_2,12573,0,,base64_roundtrip,3,0.0021,3,0.0,0.0,0.0,0.0,0.0,0.0,0.0,0.3333,0,0.0,0.0,0,0.0,0.0,0,0,0,0.0,0,0.0
benign_base64_roundtrip_50x4k_2,12574,0,,base64_roundtrip,3,0.0029,3,0.0,0.0,0.0,0.0,0.0,0.0,0.0,0.3333,0,0.0,0.0,0,0.0,0.0,0,0,0,0.0,0,0.0
benign_base64_roundtrip_50x4k_2,12575,0,,base64_roundtrip,3,0.0024,3,0.0,0.0,0.0,0.0,0.0,0.0,0.0,0.3333,0,0.0,0.0,0,0.0,0.0,0,0,0,0.0,0,0.0
benign_base64_roundtrip_50x4k_2,12576,0,,base64_roundtrip,3,0.0023,3,0.0,0.0,0.0,0.0,0.0,0.0,0.0,0.3333,0,0.0,0.0,0,0.0,0.0,0,0,0,0.0,0,0.0
benign_base64_roundtrip_50x4k_2,12577,0,,base64_roundtrip,3,0.0031,3,0.0,0.0,0.0,0.0,0.0,0.0,0.0,0.3333,0,0.0,0.0,0,0.0,0.0,0,0,0,0.0,0,0.0
benign_base64_roundtrip_50x4k_2,12578,0,,base64_roundtrip,3,0.0032,3,0.0,0.0,0.0,0.0,0.0,0.0,0.0,0.3333,0,0.0,0.0,0,0.0,0.0,0,0,0,0.0,0,0.0
benign_base64_roundtrip_50x4k_2,12579,0,,base64_roundtrip,3,0.002,3,0.0,0.0,0.0,0.0,0.0,0.0,0.0,0.3333,0,0.0,0.0,0,0.0,0.0,0,0,0,0.0,0,0.0
benign_base64_roundtrip_50x4k_2,12580,0,,base64_roundtrip,3,0.0021,3,0.0,0.0,0.0,0.0,0.0,0.0,0.0,0.3333,0,0.0,0.0,0,0.0,0.0,0,0,0,0.0,0,0.0
benign_base64_roundtrip_50x4k_2,12581,0,,base64_roundtrip,3,0.003,3,0.0,0.0,0.0,0.0,0.0,0.0,0.0,0.3333,0,0.0,0.0,0,0.0,0.0,0,0,0,0.0,0,0.0
benign_base64_roundtrip_50x4k_2,12582,0,,base64_roundtrip,3,0.0022,3,0.0,0.0,0.0,0.0,0.0,0.0,0.0,0.3333,0,0.0,0.0,0,0.0,0.0,0,0,0,0.0,0,0.0
benign_base64_roundtrip_50x4k_2,12583,0,,base64_roundtrip,3,0.0025,3,0.0,0.0,0.0,0.0,0.0,0.0,0.0,0.3333,0,0.0,0.0,0,0.0,0.0,0,0,0,0.0,0,0.0
benign_base64_roundtrip_50x4k_2,12584,0,,base64_roundtrip,3,0.004,3,0.0,0.0,0.0,0.0,0.0,0.0,0.0,0.3333,0,0.0,0.0,0,0.0,0.0,0,0,0,0.0,0,0.0
benign_base64_roundtrip_50x4k_2,12585,0,,base64_roundtrip,3,0.0029,3,0.0,0.0,0.0,0.0,0.0,0.0,0.0,0.3333,0,0.0,0.0,0,0.0,0.0,0,0,0,0.0,0,0.0
benign_base64_roundtrip_50x4k_2,12586,0,,base64_roundtrip,3,0.0034,3,0.0,0.0,0.0,0.0,0.0,0.0,0.0,0.3333,0,0.0,0.0,0,0.0,0.0,0,0,0,0.0,0,0.0
benign_base64_roundtrip_50x4k_2,12587,0,,base64_roundtrip,3,0.0027,3,0.0,0.0,0.0,0.0,0.0,0.0,0.0,0.3333,0,0.0,0.0,0,0.0,0.0,0,0,0,0.0,0,0.0
benign_base64_roundtrip_50x4k_2,12588,0,,base64_roundtrip,3,0.0057,3,0.0,0.0,0.0,0.0,0.0,0.0,0.0,0.3333,0,0.0,0.0,0,0.0,0.0,0,0,0,0.0,0,0.0
benign_base64_roundtrip_50x4k_2,12589,0,,base64_roundtrip,3,0.0031,3,0.0,0.0,0.0,0.0,0.0,0.0,0.0,0.3333,0,0.0,0.0,0,0.0,0.0,0,0,0,0.0,0,0.0
benign_base64_roundtrip_50x4k_2,12590,0,,base64_roundtrip,3,0.0037,3,0.0,0.0,0.0,0.0,0.0,0.0,0.0,0.3333,0,0.0,0.0,0,0.0,0.0,0,0,0,0.0,0,0.0
benign_base64_roundtrip_50x4k_2,12591,0,,base64_roundtrip,3,0.003,3,0.0,0.0,0.0,0.0,0.0,0.0,0.0,0.3333,0,0.0,0.0,0,0.0,0.0,0,0,0,0.0,0,0.0
benign_base64_roundtrip_50x4k_2,12592,0,,base64_roundtrip,3,0.005,3,0.0,0.0,0.0,0.0,0.0,0.0,0.0,0.3333,0,0.0,0.0,0,0.0,0.0,0,0,0,0.0,0,0.0
benign_base64_roundtrip_50x4k_2,12593,0,,base64_roundtrip,3,0.002,3,0.0,0.0,0.0,0.0,0.0,0.0,0.0,0.3333,0,0.0,0.0,0,0.0,0.0,0,0,0,0.0,0,0.0
benign_base64_roundtrip_50x4k_2,12594,0,,base64_roundtrip,3,0.0044,3,0.0,0.0,0.0,0.0,0.0,0.0,0.0,0.3333,0,0.0,0.0,0,0.0,0.0,0,0,0,0.0,0,0.0
benign_base64_roundtrip_50x4k_2,12595,0,,base64_roundtrip,3,0.0026,3,0.0,0.0,0.0,0.0,0.0,0.0,0.0,0.3333,0,0.0,0.0,0,0.0,0.0,0,0,0,0.0,0,0.0
benign_base64_roundtrip_50x4k_2,12596,0,,base64_roundtrip,3,0.0034,3,0.0,0.0,0.0,0.0,0.0,0.0,0.0,0.3333,0,0.0,0.0,0,0.0,0.0,0,0,0,0.0,0,0.0
benign_base64_roundtrip_50x4k_2,12597,0,,base64_roundtrip,3,0.0022,3,0.0,0.0,0.0,0.0,0.0,0.0,0.0,0.3333,0,0.0,0.0,0,0.0,0.0,0,0,0,0.0,0,0.0
benign_base64_roundtrip_50x4k_2,12598,0,,base64_roundtrip,3,0.0029,3,0.0,0.0,0.0,0.0,0.0,0.0,0.0,0.3333,0,0.0,0.0,0,0.0,0.0,0,0,0,0.0,0,0.0
benign_base64_roundtrip_50x4k_2,12599,0,,base64_roundtrip,3,0.0028,3,0.0,0.0,0.0,0.0,0.0,0.0,0.0,0.3333,0,0.0,0.0,0,0.0,0.0,0,0,0,0.0,0,0.0
benign_base64_roundtrip_50x4k_2,12600,0,,base64_roundtrip,3,0.0032,3,0.0,0.0,0.0,0.0,0.0,0.0,0.0,0.3333,0,0.0,0.0,0,0.0,0.0,0,0,0,0.0,0,0.0
benign_base64_roundtrip_50x4k_2,12601,0,,base64_roundtrip,3,0.0027,3,0.0,0.0,0.0,0.0,0.0,0.0,0.0,0.3333,0,0.0,0.0,0,0.0,0.0,0,0,0,0.0,0,0.0
benign_base64_roundtrip_50x4k_2,12602,0,,base64_roundtrip,3,0.0028,3,0.0,0.0,0.0,0.0,0.0,0.0,0.0,0.3333,0,0.0,0.0,0,0.0,0.0,0,0,0,0.0,0,0.0
benign_base64_roundtrip_50x4k_2,12603,0,,base64_roundtrip,3,0.0031,3,0.0,0.0,0.0,0.0,0.0,0.0,0.0,0.3333,0,0.0,0.0,0,0.0,0.0,0,0,0,0.0,0,0.0
benign_base64_roundtrip_50x4k_2,12604,0,,base64_roundtrip,3,0.0028,3,0.0,0.0,0.0,0.0,0.0,0.0,0.0,0.3333,0,0.0,0.0,0,0.0,0.0,0,0,0,0.0,0,0.0
benign_base64_roundtrip_50x4k_2,12605,0,,base64_roundtrip,3,0.0025,3,0.0,0.0,0.0,0.0,0.0,0.0,0.0,0.3333,0,0.0,0.0,0,0.0,0.0,0,0,0,0.0,0,0.0
benign_base64_roundtrip_50x4k_2,12606,0,,base64_roundtrip,3,0.0031,3,0.0,0.0,0.0,0.0,0.0,0.0,0.0,0.3333,0,0.0,0.0,0,0.0,0.0,0,0,0,0.0,0,0.0
benign_base64_roundtrip_50x4k_2,12607,0,,base64_roundtrip,3,0.0022,3,0.0,0.0,0.0,0.0,0.0,0.0,0.0,0.3333,0,0.0,0.0,0,0.0,0.0,0,0,0,0.0,0,0.0
benign_base64_roundtrip_50x4k_2,12608,0,,base64_roundtrip,3,0.0046,3,0.0,0.0,0.0,0.0,0.0,0.0,0.0,0.3333,0,0.0,0.0,0,0.0,0.0,0,0,0,0.0,0,0.0
benign_base64_roundtrip_50x4k_2,12609,0,,base64_roundtrip,3,0.0023,3,0.0,0.0,0.0,0.0,0.0,0.0,0.0,0.3333,0,0.0,0.0,0,0.0,0.0,0,0,0,0.0,0,0.0
benign_base64_roundtrip_50x4k_2,12610,0,,base64_roundtrip,3,0.0032,3,0.0,0.0,0.0,0.0,0.0,0.0,0.0,0.3333,0,0.0,0.0,0,0.0,0.0,0,0,0,0.0,0,0.0
benign_base64_roundtrip_50x4k_2,12611,0,,base64_roundtrip,3,0.0022,3,0.0,0.0,0.0,0.0,0.0,0.0,0.0,0.3333,0,0.0,0.0,0,0.0,0.0,0,0,0,0.0,0,0.0
benign_base64_roundtrip_50x4k_2,12612,0,,base64_roundtrip,3,0.0049,3,0.0,0.0,0.0,0.0,0.0,0.0,0.0,0.3333,0,0.0,0.0,0,0.0,0.0,0,0,0,0.0,0,0.0
benign_base64_roundtrip_50x4k_2,12613,0,,base64_roundtrip,3,0.0021,3,0.0,0.0,0.0,0.0,0.0,0.0,0.0,0.3333,0,0.0,0.0,0,0.0,0.0,0,0,0,0.0,0,0.0
benign_base64_roundtrip_50x4k_2,12614,0,,base64_roundtrip,3,0.0047,3,0.0,0.0,0.0,0.0,0.0,0.0,0.0,0.3333,0,0.0,0.0,0,0.0,0.0,0,0,0,0.0,0,0.0
benign_base64_roundtrip_50x4k_2,12615,0,,base64_roundtrip,3,0.0026,3,0.0,0.0,0.0,0.0,0.0,0.0,0.0,0.3333,0,0.0,0.0,0,0.0,0.0,0,0,0,0.0,0,0.0
benign_base64_roundtrip_50x4k_2,12616,0,,base64_roundtrip,3,0.0031,3,0.0,0.0,0.0,0.0,0.0,0.0,0.0,0.3333,0,0.0,0.0,0,0.0,0.0,0,0,0,0.0,0,0.0
benign_base64_roundtrip_50x4k_2,12617,0,,base64_roundtrip,3,0.0031,3,0.0,0.0,0.0,0.0,0.0,0.0,0.0,0.3333,0,0.0,0.0,0,0.0,0.0,0,0,0,0.0,0,0.0
benign_base64_roundtrip_50x4k_2,12618,0,,base64_roundtrip,3,0.0026,3,0.0,0.0,0.0,0.0,0.0,0.0,0.0,0.3333,0,0.0,0.0,0,0.0,0.0,0,0,0,0.0,0,0.0
benign_base64_roundtrip_50x4k_2,12619,0,,base64_roundtrip,3,0.0023,3,0.0,0.0,0.0,0.0,0.0,0.0,0.0,0.3333,0,0.0,0.0,0,0.0,0.0,0,0,0,0.0,0,0.0
benign_base64_roundtrip_50x4k_2,12620,0,,base64_roundtrip,3,0.0037,3,0.0,0.0,0.0,0.0,0.0,0.0,0.0,0.3333,0,0.0,0.0,0,0.0,0.0,0,0,0,0.0,0,0.0
benign_base64_roundtrip_50x4k_2,12621,0,,base64_roundtrip,3,0.0038,3,0.0,0.0,0.0,0.0,0.0,0.0,0.0,0.3333,0,0.0,0.0,0,0.0,0.0,0,0,0,0.0,0,0.0
benign_base64_roundtrip_50x4k_2,12622,0,,base64_roundtrip,3,0.0026,3,0.0,0.0,0.0,0.0,0.0,0.0,0.0,0.3333,0,0.0,0.0,0,0.0,0.0,0,0,0,0.0,0,0.0
benign_base64_roundtrip_50x4k_2,12623,0,,base64_roundtrip,3,0.0045,3,0.0,0.0,0.0,0.0,0.0,0.0,0.0,0.3333,0,0.0,0.0,0,0.0,0.0,0,0,0,0.0,0,0.0
benign_base64_roundtrip_50x4k_2,12624,0,,base64_roundtrip,3,0.0022,3,0.0,0.0,0.0,0.0,0.0,0.0,0.0,0.3333,0,0.0,0.0,0,0.0,0.0,0,0,0,0.0,0,0.0
benign_base64_roundtrip_50x4k_2,12625,0,,base64_roundtrip,3,0.0024,3,0.0,0.0,0.0,0.0,0.0,0.0,0.0,0.3333,0,0.0,0.0,0,0.0,0.0,0,0,0,0.0,0,0.0
benign_base64_roundtrip_50x4k_2,12626,0,,base64_roundtrip,3,0.0039,3,0.0,0.0,0.0,0.0,0.0,0.0,0.0,0.3333,0,0.0,0.0,0,0.0,0.0,0,0,0,0.0,0,0.0
benign_base64_roundtrip_50x4k_2,12627,0,,base64_roundtrip,4,0.0036,4,0.0,0.0,0.0,0.0,0.0,0.0,0.0,0.25,0,0.0,0.0,0,0.0,0.0,0,0,0,0.0,0,0.0
benign_base64_roundtrip_50x4k_2,12628,0,,base64_roundtrip,3,0.0046,3,0.0,0.0,0.0,0.0,0.0,0.0,0.0,0.3333,0,0.0,0.0,0,0.0,0.0,0,0,0,0.0,0,0.0
benign_base64_roundtrip_50x4k_2,12629,0,,base64_roundtrip,4,0.0028,4,0.0,0.0,0.0,0.0,0.0,0.0,0.0,0.25,0,0.0,0.0,0,0.0,0.0,0,0,0,0.0,0,0.0
benign_base64_roundtrip_50x4k_2,12630,0,,base64_roundtrip,3,0.0042,3,0.0,0.0,0.0,0.0,0.0,0.0,0.0,0.3333,0,0.0,0.0,0,0.0,0.0,0,0,0,0.0,0,0.0
benign_base64_roundtrip_50x4k_2,12631,0,,base64_roundtrip,4,0.0049,4,0.0,0.0,0.0,0.0,0.0,0.0,0.0,0.25,0,0.0,0.0,0,0.0,0.0,0,0,0,0.0,0,0.0
benign_base64_roundtrip_50x4k_2,12632,0,,base64_roundtrip,3,0.0036,3,0.0,0.0,0.0,0.0,0.0,0.0,0.0,0.3333,0,0.0,0.0,0,0.0,0.0,0,0,0,0.0,0,0.0
benign_base64_roundtrip_50x4k_2,12633,0,,base64_roundtrip,4,0.0049,4,0.0,0.0,0.0,0.0,0.0,0.0,0.0,0.25,0,0.0,0.0,0,0.0,0.0,0,0,0,0.0,0,0.0
benign_base64_roundtrip_50x4k_2,12634,0,,base64_roundtrip,3,0.0035,3,0.0,0.0,0.0,0.0,0.0,0.0,0.0,0.3333,0,0.0,0.0,0,0.0,0.0,0,0,0,0.0,0,0.0
benign_base64_roundtrip_50x4k_2,12635,0,,base64_roundtrip,4,0.002,4,0.0,0.0,0.0,0.0,0.0,0.0,0.0,0.25,0,0.0,0.0,0,0.0,0.0,0,0,0,0.0,0,0.0
benign_base64_roundtrip_50x4k_2,12636,0,,base64_roundtrip,3,0.0022,3,0.0,0.0,0.0,0.0,0.0,0.0,0.0,0.3333,0,0.0,0.0,0,0.0,0.0,0,0,0,0.0,0,0.0
benign_base64_roundtrip_50x4k_2,12637,0,,base64_roundtrip,4,0.002,4,0.0,0.0,0.0,0.0,0.0,0.0,0.0,0.25,0,0.0,0.0,0,0.0,0.0,0,0,0,0.0,0,0.0
benign_base64_roundtrip_50x4k_2,12638,0,,base64_roundtrip,3,0.0052,3,0.0,0.0,0.0,0.0,0.0,0.0,0.0,0.3333,0,0.0,0.0,0,0.0,0.0,0,0,0,0.0,0,0.0
benign_base64_roundtrip_50x4k_2,12639,0,,base64_roundtrip,4,0.0027,4,0.0,0.0,0.0,0.0,0.0,0.0,0.0,0.25,0,0.0,0.0,0,0.0,0.0,0,0,0,0.0,0,0.0
benign_base64_roundtrip_50x4k_2,12640,0,,base64_roundtrip,3,0.0023,3,0.0,0.0,0.0,0.0,0.0,0.0,0.0,0.3333,0,0.0,0.0,0,0.0,0.0,0,0,0,0.0,0,0.0
benign_base64_roundtrip_50x4k_2,12641,0,,base64_roundtrip,4,0.0063,4,0.0,0.0,0.0,0.0,0.0,0.0,0.0,0.25,0,0.0,0.0,0,0.0,0.0,0,0,0,0.0,0,0.0
benign_base64_roundtrip_50x4k_2,12642,0,,base64_roundtrip,3,0.0046,3,0.0,0.0,0.0,0.0,0.0,0.0,0.0,0.3333,0,0.0,0.0,0,0.0,0.0,0,0,0,0.0,0,0.0
benign_base64_roundtrip_50x4k_2,12643,0,,base64_roundtrip,4,0.0021,4,0.0,0.0,0.0,0.0,0.0,0.0,0.0,0.25,0,0.0,0.0,0,0.0,0.0,0,0,0,0.0,0,0.0
benign_base64_roundtrip_50x4k_2,12644,0,,base64_roundtrip,3,0.0026,3,0.0,0.0,0.0,0.0,0.0,0.0,0.0,0.3333,0,0.0,0.0,0,0.0,0.0,0,0,0,0.0,0,0.0
benign_base64_roundtrip_50x4k_2,12645,0,,base64_roundtrip,4,0.0024,4,0.0,0.0,0.0,0.0,0.0,0.0,0.0,0.25,0,0.0,0.0,0,0.0,0.0,0,0,0,0.0,0,0.0
benign_base64_roundtrip_50x4k_2,12646,0,,base64_roundtrip,3,0.0027,3,0.0,0.0,0.0,0.0,0.0,0.0,0.0,0.3333,0,0.0,0.0,0,0.0,0.0,0,0,0,0.0,0,0.0
benign_base64_roundtrip_50x4k_2,12647,0,,base64_roundtrip,4,0.0017,4,0.0,0.0,0.0,0.0,0.0,0.0,0.0,0.25,0,0.0,0.0,0,0.0,0.0,0,0,0,0.0,0,0.0
benign_base64_roundtrip_50x4k_2,12648,0,,base64_roundtrip,3,0.0025,3,0.0,0.0,0.0,0.0,0.0,0.0,0.0,0.3333,0,0.0,0.0,0,0.0,0.0,0,0,0,0.0,0,0.0
benign_base64_roundtrip_50x4k_2,12649,0,,base64_roundtrip,4,0.0021,4,0.0,0.0,0.0,0.0,0.0,0.0,0.0,0.25,0,0.0,0.0,0,0.0,0.0,0,0,0,0.0,0,0.0
benign_base64_roundtrip_50x4k_2,12650,0,,base64_roundtrip,3,0.0035,3,0.0,0.0,0.0,0.0,0.0,0.0,0.0,0.3333,0,0.0,0.0,0,0.0,0.0,0,0,0,0.0,0,0.0
benign_base64_roundtrip_50x4k_2,12651,0,,base64_roundtrip,4,0.0028,4,0.0,0.0,0.0,0.0,0.0,0.0,0.0,0.25,0,0.0,0.0,0,0.0,0.0,0,0,0,0.0,0,0.0
benign_base64_roundtrip_50x4k_2,12652,0,,base64_roundtrip,3,0.0024,3,0.0,0.0,0.0,0.0,0.0,0.0,0.0,0.3333,0,0.0,0.0,0,0.0,0.0,0,0,0,0.0,0,0.0
benign_base64_roundtrip_50x4k_2,12653,0,,base64_roundtrip,4,0.0024,4,0.0,0.0,0.0,0.0,0.0,0.0,0.0,0.25,0,0.0,0.0,0,0.0,0.0,0,0,0,0.0,0,0.0
benign_base64_roundtrip_50x4k_2,12654,0,,base64_roundtrip,3,0.0018,3,0.0,0.0,0.0,0.0,0.0,0.0,0.0,0.3333,0,0.0,0.0,0,0.0,0.0,0,0,0,0.0,0,0.0
benign_base64_roundtrip_50x64k_1,2976,0,,base64_roundtrip,26,0.0412,26,0.0,0.0,0.0,0.0,0.0,0.0,0.0,0.0,0,0.0,0.0,0,0.0,0.0,0,0,0,0.0,0,0.0
benign_base64_roundtrip_50x64k_1,6211,0,,base64_roundtrip,1810,1.0687,1810,1543.8664,0.0,0.0,46.7838,0.9116,0.0,0.0,0.0,0,0.0,3.9077,1,0.0,0.0,0,50,1,50.0,3279650,1987.67
benign_base64_roundtrip_50x64k_1,12674,0,,base64_roundtrip,2157,2.4271,2157,803.4409,0.0,0.0,41.2021,0.904,0.0,0.0,0.0,0,0.0,4.8921,1,0.0,0.0,0,100,1,100.0,7710200,3953.95
benign_base64_roundtrip_50x64k_1,12675,0,,base64_roundtrip,4,0.0195,4,0.0,0.0,0.0,0.0,0.0,0.0,0.0,0.5,0,0.0,0.0,0,0.0,0.0,0,0,0,0.0,0,0.0
benign_base64_roundtrip_50x64k_1,12676,0,,base64_roundtrip,5,0.0147,5,0.0,0.0,0.0,0.0,0.0,0.0,0.0,0.6,0,0.0,0.0,0,0.0,0.0,0,0,0,0.0,0,0.0
benign_base64_roundtrip_50x64k_1,12677,0,,base64_roundtrip,4,0.0307,4,0.0,0.0,0.0,0.0,0.0,0.0,0.0,0.5,0,0.0,0.0,0,0.0,0.0,0,0,0,0.0,0,0.0
benign_base64_roundtrip_50x64k_1,12678,0,,base64_roundtrip,5,0.0208,5,0.0,0.0,0.0,0.0,0.0,0.0,0.0,0.6,0,0.0,0.0,0,0.0,0.0,0,0,0,0.0,0,0.0
benign_base64_roundtrip_50x64k_1,12679,0,,base64_roundtrip,4,0.0179,4,0.0,0.0,0.0,0.0,0.0,0.0,0.0,0.5,0,0.0,0.0,0,0.0,0.0,0,0,0,0.0,0,0.0
benign_base64_roundtrip_50x64k_1,12680,0,,base64_roundtrip,5,0.0145,5,0.0,0.0,0.0,0.0,0.0,0.0,0.0,0.6,0,0.0,0.0,0,0.0,0.0,0,0,0,0.0,0,0.0
benign_base64_roundtrip_50x64k_1,12681,0,,base64_roundtrip,4,0.0095,4,0.0,0.0,0.0,0.0,0.0,0.0,0.0,0.5,0,0.0,0.0,0,0.0,0.0,0,0,0,0.0,0,0.0
benign_base64_roundtrip_50x64k_1,12682,0,,base64_roundtrip,5,0.0183,5,0.0,0.0,0.0,0.0,0.0,0.0,0.0,0.6,0,0.0,0.0,0,0.0,0.0,0,0,0,0.0,0,0.0
benign_base64_roundtrip_50x64k_1,12683,0,,base64_roundtrip,4,0.013,4,0.0,0.0,0.0,0.0,0.0,0.0,0.0,0.5,0,0.0,0.0,0,0.0,0.0,0,0,0,0.0,0,0.0
benign_base64_roundtrip_50x64k_1,12684,0,,base64_roundtrip,5,0.0122,5,0.0,0.0,0.0,0.0,0.0,0.0,0.0,0.6,0,0.0,0.0,0,0.0,0.0,0,0,0,0.0,0,0.0
benign_base64_roundtrip_50x64k_1,12685,0,,base64_roundtrip,4,0.0149,4,0.0,0.0,0.0,0.0,0.0,0.0,0.0,0.5,0,0.0,0.0,0,0.0,0.0,0,0,0,0.0,0,0.0
benign_base64_roundtrip_50x64k_1,12686,0,,base64_roundtrip,5,0.015,5,0.0,0.0,0.0,0.0,0.0,0.0,0.0,0.6,0,0.0,0.0,0,0.0,0.0,0,0,0,0.0,0,0.0
benign_base64_roundtrip_50x64k_1,12687,0,,base64_roundtrip,4,0.016,4,0.0,0.0,0.0,0.0,0.0,0.0,0.0,0.5,0,0.0,0.0,0,0.0,0.0,0,0,0,0.0,0,0.0
benign_base64_roundtrip_50x64k_1,12688,0,,base64_roundtrip,5,0.0155,5,0.0,0.0,0.0,0.0,0.0,0.0,0.0,0.6,0,0.0,0.0,0,0.0,0.0,0,0,0,0.0,0,0.0
benign_base64_roundtrip_50x64k_1,12689,0,,base64_roundtrip,4,0.0159,4,0.0,0.0,0.0,0.0,0.0,0.0,0.0,0.5,0,0.0,0.0,0,0.0,0.0,0,0,0,0.0,0,0.0
benign_base64_roundtrip_50x64k_1,12690,0,,base64_roundtrip,5,0.0129,5,0.0,0.0,0.0,0.0,0.0,0.0,0.0,0.6,0,0.0,0.0,0,0.0,0.0,0,0,0,0.0,0,0.0
benign_base64_roundtrip_50x64k_1,12691,0,,base64_roundtrip,4,0.0172,4,0.0,0.0,0.0,0.0,0.0,0.0,0.0,0.5,0,0.0,0.0,0,0.0,0.0,0,0,0,0.0,0,0.0
benign_base64_roundtrip_50x64k_1,12692,0,,base64_roundtrip,5,0.0124,5,0.0,0.0,0.0,0.0,0.0,0.0,0.0,0.6,0,0.0,0.0,0,0.0,0.0,0,0,0,0.0,0,0.0
benign_base64_roundtrip_50x64k_1,12693,0,,base64_roundtrip,4,0.0138,4,0.0,0.0,0.0,0.0,0.0,0.0,0.0,0.5,0,0.0,0.0,0,0.0,0.0,0,0,0,0.0,0,0.0
benign_base64_roundtrip_50x64k_1,12694,0,,base64_roundtrip,5,0.0157,5,0.0,0.0,0.0,0.0,0.0,0.0,0.0,0.6,0,0.0,0.0,0,0.0,0.0,0,0,0,0.0,0,0.0
benign_base64_roundtrip_50x64k_1,12695,0,,base64_roundtrip,4,0.0154,4,0.0,0.0,0.0,0.0,0.0,0.0,0.0,0.5,0,0.0,0.0,0,0.0,0.0,0,0,0,0.0,0,0.0
benign_base64_roundtrip_50x64k_1,12696,0,,base64_roundtrip,5,0.0166,5,0.0,0.0,0.0,0.0,0.0,0.0,0.0,0.6,0,0.0,0.0,0,0.0,0.0,0,0,0,0.0,0,0.0
benign_base64_roundtrip_50x64k_1,12697,0,,base64_roundtrip,4,0.0165,4,0.0,0.0,0.0,0.0,0.0,0.0,0.0,0.5,0,0.0,0.0,0,0.0,0.0,0,0,0,0.0,0,0.0
benign_base64_roundtrip_50x64k_1,12698,0,,base64_roundtrip,5,0.0154,5,0.0,0.0,0.0,0.0,0.0,0.0,0.0,0.6,0,0.0,0.0,0,0.0,0.0,0,0,0,0.0,0,0.0
benign_base64_roundtrip_50x64k_1,12699,0,,base64_roundtrip,4,0.0193,4,0.0,0.0,0.0,0.0,0.0,0.0,0.0,0.5,0,0.0,0.0,0,0.0,0.0,0,0,0,0.0,0,0.0
benign_base64_roundtrip_50x64k_1,12700,0,,base64_roundtrip,5,0.0186,5,0.0,0.0,0.0,0.0,0.0,0.0,0.0,0.6,0,0.0,0.0,0,0.0,0.0,0,0,0,0.0,0,0.0
benign_base64_roundtrip_50x64k_1,12701,0,,base64_roundtrip,4,0.0203,4,0.0,0.0,0.0,0.0,0.0,0.0,0.0,0.5,0,0.0,0.0,0,0.0,0.0,0,0,0,0.0,0,0.0
benign_base64_roundtrip_50x64k_1,12702,0,,base64_roundtrip,5,0.0198,5,0.0,0.0,0.0,0.0,0.0,0.0,0.0,0.6,0,0.0,0.0,0,0.0,0.0,0,0,0,0.0,0,0.0
benign_base64_roundtrip_50x64k_1,12703,0,,base64_roundtrip,4,0.0313,4,0.0,0.0,0.0,0.0,0.0,0.0,0.0,0.5,0,0.0,0.0,0,0.0,0.0,0,0,0,0.0,0,0.0
benign_base64_roundtrip_50x64k_1,12704,0,,base64_roundtrip,5,0.0199,5,0.0,0.0,0.0,0.0,0.0,0.0,0.0,0.6,0,0.0,0.0,0,0.0,0.0,0,0,0,0.0,0,0.0
benign_base64_roundtrip_50x64k_1,12705,0,,base64_roundtrip,4,0.024,4,0.0,0.0,0.0,0.0,0.0,0.0,0.0,0.5,0,0.0,0.0,0,0.0,0.0,0,0,0,0.0,0,0.0
benign_base64_roundtrip_50x64k_1,12706,0,,base64_roundtrip,5,0.0238,5,0.0,0.0,0.0,0.0,0.0,0.0,0.0,0.6,0,0.0,0.0,0,0.0,0.0,0,0,0,0.0,0,0.0
benign_base64_roundtrip_50x64k_1,12707,0,,base64_roundtrip,4,0.0244,4,0.0,0.0,0.0,0.0,0.0,0.0,0.0,0.5,0,0.0,0.0,0,0.0,0.0,0,0,0,0.0,0,0.0
benign_base64_roundtrip_50x64k_1,12708,0,,base64_roundtrip,5,0.0225,5,0.0,0.0,0.0,0.0,0.0,0.0,0.0,0.6,0,0.0,0.0,0,0.0,0.0,0,0,0,0.0,0,0.0
benign_base64_roundtrip_50x64k_1,12709,0,,base64_roundtrip,4,0.0213,4,0.0,0.0,0.0,0.0,0.0,0.0,0.0,0.5,0,0.0,0.0,0,0.0,0.0,0,0,0,0.0,0,0.0
benign_base64_roundtrip_50x64k_1,12710,0,,base64_roundtrip,5,0.023,5,0.0,0.0,0.0,0.0,0.0,0.0,0.0,0.6,0,0.0,0.0,0,0.0,0.0,0,0,0,0.0,0,0.0
benign_base64_roundtrip_50x64k_1,12711,0,,base64_roundtrip,5,0.0291,5,0.0,0.0,0.0,0.0,0.0,0.0,0.0,0.4,0,0.0,0.0,0,0.0,0.0,0,0,0,0.0,0,0.0
benign_base64_roundtrip_50x64k_1,12712,0,,base64_roundtrip,5,0.0177,5,0.0,0.0,0.0,0.0,0.0,0.0,0.0,0.6,0,0.0,0.0,0,0.0,0.0,0,0,0,0.0,0,0.0
benign_base64_roundtrip_50x64k_1,12713,0,,base64_roundtrip,5,0.0196,5,0.0,0.0,0.0,0.0,0.0,0.0,0.0,0.4,0,0.0,0.0,0,0.0,0.0,0,0,0,0.0,0,0.0
benign_base64_roundtrip_50x64k_1,12714,0,,base64_roundtrip,5,0.0146,5,0.0,0.0,0.0,0.0,0.0,0.0,0.0,0.6,0,0.0,0.0,0,0.0,0.0,0,0,0,0.0,0,0.0
benign_base64_roundtrip_50x64k_1,12715,0,,base64_roundtrip,5,0.015,5,0.0,0.0,0.0,0.0,0.0,0.0,0.0,0.4,0,0.0,0.0,0,0.0,0.0,0,0,0,0.0,0,0.0
benign_base64_roundtrip_50x64k_1,12716,0,,base64_roundtrip,5,0.0109,5,0.0,0.0,0.0,0.0,0.0,0.0,0.0,0.6,0,0.0,0.0,0,0.0,0.0,0,0,0,0.0,0,0.0
benign_base64_roundtrip_50x64k_1,12717,0,,base64_roundtrip,5,0.0127,5,0.0,0.0,0.0,0.0,0.0,0.0,0.0,0.4,0,0.0,0.0,0,0.0,0.0,0,0,0,0.0,0,0.0
benign_base64_roundtrip_50x64k_1,12718,0,,base64_roundtrip,5,0.0135,5,0.0,0.0,0.0,0.0,0.0,0.0,0.0,0.6,0,0.0,0.0,0,0.0,0.0,0,0,0,0.0,0,0.0
benign_base64_roundtrip_50x64k_1,12719,0,,base64_roundtrip,5,0.0131,5,0.0,0.0,0.0,0.0,0.0,0.0,0.0,0.4,0,0.0,0.0,0,0.0,0.0,0,0,0,0.0,0,0.0
benign_base64_roundtrip_50x64k_1,12720,0,,base64_roundtrip,5,0.0112,5,0.0,0.0,0.0,0.0,0.0,0.0,0.0,0.6,0,0.0,0.0,0,0.0,0.0,0,0,0,0.0,0,0.0
benign_base64_roundtrip_50x64k_1,12721,0,,base64_roundtrip,5,0.0135,5,0.0,0.0,0.0,0.0,0.0,0.0,0.0,0.4,0,0.0,0.0,0,0.0,0.0,0,0,0,0.0,0,0.0
benign_base64_roundtrip_50x64k_1,12722,0,,base64_roundtrip,5,0.0099,5,0.0,0.0,0.0,0.0,0.0,0.0,0.0,0.6,0,0.0,0.0,0,0.0,0.0,0,0,0,0.0,0,0.0
benign_base64_roundtrip_50x64k_1,12723,0,,base64_roundtrip,5,0.01,5,0.0,0.0,0.0,0.0,0.0,0.0,0.0,0.4,0,0.0,0.0,0,0.0,0.0,0,0,0,0.0,0,0.0
benign_base64_roundtrip_50x64k_1,12724,0,,base64_roundtrip,5,0.0107,5,0.0,0.0,0.0,0.0,0.0,0.0,0.0,0.6,0,0.0,0.0,0,0.0,0.0,0,0,0,0.0,0,0.0
benign_base64_roundtrip_50x64k_1,12725,0,,base64_roundtrip,5,0.0107,5,0.0,0.0,0.0,0.0,0.0,0.0,0.0,0.4,0,0.0,0.0,0,0.0,0.0,0,0,0,0.0,0,0.0
benign_base64_roundtrip_50x64k_1,12726,0,,base64_roundtrip,5,0.0109,5,0.0,0.0,0.0,0.0,0.0,0.0,0.0,0.6,0,0.0,0.0,0,0.0,0.0,0,0,0,0.0,0,0.0
benign_base64_roundtrip_50x64k_1,12727,0,,base64_roundtrip,5,0.0148,5,0.0,0.0,0.0,0.0,0.0,0.0,0.0,0.4,0,0.0,0.0,0,0.0,0.0,0,0,0,0.0,0,0.0
benign_base64_roundtrip_50x64k_1,12728,0,,base64_roundtrip,5,0.0146,5,0.0,0.0,0.0,0.0,0.0,0.0,0.0,0.6,0,0.0,0.0,0,0.0,0.0,0,0,0,0.0,0,0.0
benign_base64_roundtrip_50x64k_1,12729,0,,base64_roundtrip,5,0.0163,5,0.0,0.0,0.0,0.0,0.0,0.0,0.0,0.4,0,0.0,0.0,0,0.0,0.0,0,0,0,0.0,0,0.0
benign_base64_roundtrip_50x64k_1,12730,0,,base64_roundtrip,5,0.0143,5,0.0,0.0,0.0,0.0,0.0,0.0,0.0,0.6,0,0.0,0.0,0,0.0,0.0,0,0,0,0.0,0,0.0
benign_base64_roundtrip_50x64k_1,12731,0,,base64_roundtrip,5,0.0151,5,0.0,0.0,0.0,0.0,0.0,0.0,0.0,0.4,0,0.0,0.0,0,0.0,0.0,0,0,0,0.0,0,0.0
benign_base64_roundtrip_50x64k_1,12732,0,,base64_roundtrip,5,0.0128,5,0.0,0.0,0.0,0.0,0.0,0.0,0.0,0.6,0,0.0,0.0,0,0.0,0.0,0,0,0,0.0,0,0.0
benign_base64_roundtrip_50x64k_1,12733,0,,base64_roundtrip,5,0.0174,5,0.0,0.0,0.0,0.0,0.0,0.0,0.0,0.4,0,0.0,0.0,0,0.0,0.0,0,0,0,0.0,0,0.0
benign_base64_roundtrip_50x64k_1,12734,0,,base64_roundtrip,5,0.0121,5,0.0,0.0,0.0,0.0,0.0,0.0,0.0,0.6,0,0.0,0.0,0,0.0,0.0,0,0,0,0.0,0,0.0
benign_base64_roundtrip_50x64k_1,12735,0,,base64_roundtrip,5,0.0146,5,0.0,0.0,0.0,0.0,0.0,0.0,0.0,0.4,0,0.0,0.0,0,0.0,0.0,0,0,0,0.0,0,0.0
benign_base64_roundtrip_50x64k_1,12736,0,,base64_roundtrip,5,0.0103,5,0.0,0.0,0.0,0.0,0.0,0.0,0.0,0.6,0,0.0,0.0,0,0.0,0.0,0,0,0,0.0,0,0.0
benign_base64_roundtrip_50x64k_1,12737,0,,base64_roundtrip,5,0.0127,5,0.0,0.0,0.0,0.0,0.0,0.0,0.0,0.4,0,0.0,0.0,0,0.0,0.0,0,0,0,0.0,0,0.0
benign_base64_roundtrip_50x64k_1,12738,0,,base64_roundtrip,5,0.0112,5,0.0,0.0,0.0,0.0,0.0,0.0,0.0,0.6,0,0.0,0.0,0,0.0,0.0,0,0,0,0.0,0,0.0
benign_base64_roundtrip_50x64k_1,12739,0,,base64_roundtrip,5,0.0142,5,0.0,0.0,0.0,0.0,0.0,0.0,0.0,0.4,0,0.0,0.0,0,0.0,0.0,0,0,0,0.0,0,0.0
benign_base64_roundtrip_50x64k_1,12740,0,,base64_roundtrip,5,0.0105,5,0.0,0.0,0.0,0.0,0.0,0.0,0.0,0.6,0,0.0,0.0,0,0.0,0.0,0,0,0,0.0,0,0.0
benign_base64_roundtrip_50x64k_1,12741,0,,base64_roundtrip,5,0.0144,5,0.0,0.0,0.0,0.0,0.0,0.0,0.0,0.4,0,0.0,0.0,0,0.0,0.0,0,0,0,0.0,0,0.0
benign_base64_roundtrip_50x64k_1,12742,0,,base64_roundtrip,5,0.0127,5,0.0,0.0,0.0,0.0,0.0,0.0,0.0,0.6,0,0.0,0.0,0,0.0,0.0,0,0,0,0.0,0,0.0
benign_base64_roundtrip_50x64k_1,12743,0,,base64_roundtrip,5,0.0156,5,0.0,0.0,0.0,0.0,0.0,0.0,0.0,0.4,0,0.0,0.0,0,0.0,0.0,0,0,0,0.0,0,0.0
benign_base64_roundtrip_50x64k_1,12744,0,,base64_roundtrip,5,0.0136,5,0.0,0.0,0.0,0.0,0.0,0.0,0.0,0.6,0,0.0,0.0,0,0.0,0.0,0,0,0,0.0,0,0.0
benign_base64_roundtrip_50x64k_1,12745,0,,base64_roundtrip,5,0.0139,5,0.0,0.0,0.0,0.0,0.0,0.0,0.0,0.4,0,0.0,0.0,0,0.0,0.0,0,0,0,0.0,0,0.0
benign_base64_roundtrip_50x64k_1,12746,0,,base64_roundtrip,5,0.0101,5,0.0,0.0,0.0,0.0,0.0,0.0,0.0,0.6,0,0.0,0.0,0,0.0,0.0,0,0,0,0.0,0,0.0
benign_base64_roundtrip_50x64k_1,12747,0,,base64_roundtrip,5,0.01,5,0.0,0.0,0.0,0.0,0.0,0.0,0.0,0.4,0,0.0,0.0,0,0.0,0.0,0,0,0,0.0,0,0.0
benign_base64_roundtrip_50x64k_1,12748,0,,base64_roundtrip,5,0.0116,5,0.0,0.0,0.0,0.0,0.0,0.0,0.0,0.6,0,0.0,0.0,0,0.0,0.0,0,0,0,0.0,0,0.0
benign_base64_roundtrip_50x64k_1,12749,0,,base64_roundtrip,5,0.0118,5,0.0,0.0,0.0,0.0,0.0,0.0,0.0,0.4,0,0.0,0.0,0,0.0,0.0,0,0,0,0.0,0,0.0
benign_base64_roundtrip_50x64k_1,12750,0,,base64_roundtrip,5,0.0087,5,0.0,0.0,0.0,0.0,0.0,0.0,0.0,0.6,0,0.0,0.0,0,0.0,0.0,0,0,0,0.0,0,0.0
benign_base64_roundtrip_50x64k_1,12751,0,,base64_roundtrip,5,0.0095,5,0.0,0.0,0.0,0.0,0.0,0.0,0.0,0.4,0,0.0,0.0,0,0.0,0.0,0,0,0,0.0,0,0.0
benign_base64_roundtrip_50x64k_1,12752,0,,base64_roundtrip,5,0.0114,5,0.0,0.0,0.0,0.0,0.0,0.0,0.0,0.6,0,0.0,0.0,0,0.0,0.0,0,0,0,0.0,0,0.0
benign_base64_roundtrip_50x64k_1,12753,0,,base64_roundtrip,5,0.0201,5,0.0,0.0,0.0,0.0,0.0,0.0,0.0,0.4,0,0.0,0.0,0,0.0,0.0,0,0,0,0.0,0,0.0
benign_base64_roundtrip_50x64k_1,12754,0,,base64_roundtrip,5,0.0143,5,0.0,0.0,0.0,0.0,0.0,0.0,0.0,0.6,0,0.0,0.0,0,0.0,0.0,0,0,0,0.0,0,0.0
benign_base64_roundtrip_50x64k_1,12755,0,,base64_roundtrip,5,0.0194,5,0.0,0.0,0.0,0.0,0.0,0.0,0.0,0.4,0,0.0,0.0,0,0.0,0.0,0,0,0,0.0,0,0.0
benign_base64_roundtrip_50x64k_1,12756,0,,base64_roundtrip,5,0.0138,5,0.0,0.0,0.0,0.0,0.0,0.0,0.0,0.6,0,0.0,0.0,0,0.0,0.0,0,0,0,0.0,0,0.0
benign_base64_roundtrip_50x64k_1,12757,0,,base64_roundtrip,8,0.0148,8,0.0,0.0,0.0,0.0,0.0,0.0,0.0,0.25,0,0.0,0.0,0,0.0,0.0,0,0,0,0.0,0,0.0
benign_base64_roundtrip_50x64k_1,12758,0,,base64_roundtrip,5,0.0132,5,0.0,0.0,0.0,0.0,0.0,0.0,0.0,0.6,0,0.0,0.0,0,0.0,0.0,0,0,0,0.0,0,0.0
benign_base64_roundtrip_50x64k_1,12759,0,,base64_roundtrip,5,0.0136,5,0.0,0.0,0.0,0.0,0.0,0.0,0.0,0.4,0,0.0,0.0,0,0.0,0.0,0,0,0,0.0,0,0.0
benign_base64_roundtrip_50x64k_1,12760,0,,base64_roundtrip,5,0.0127,5,0.0,0.0,0.0,0.0,0.0,0.0,0.0,0.6,0,0.0,0.0,0,0.0,0.0,0,0,0,0.0,0,0.0
benign_base64_roundtrip_50x64k_1,12761,0,,base64_roundtrip,5,0.0121,5,0.0,0.0,0.0,0.0,0.0,0.0,0.0,0.4,0,0.0,0.0,0,0.0,0.0,0,0,0,0.0,0,0.0
benign_base64_roundtrip_50x64k_1,12762,0,,base64_roundtrip,5,0.0094,5,0.0,0.0,0.0,0.0,0.0,0.0,0.0,0.6,0,0.0,0.0,0,0.0,0.0,0,0,0,0.0,0,0.0
benign_base64_roundtrip_50x64k_1,12763,0,,base64_roundtrip,5,0.0113,5,0.0,0.0,0.0,0.0,0.0,0.0,0.0,0.4,0,0.0,0.0,0,0.0,0.0,0,0,0,0.0,0,0.0
benign_base64_roundtrip_50x64k_1,12764,0,,base64_roundtrip,5,0.0131,5,0.0,0.0,0.0,0.0,0.0,0.0,0.0,0.6,0,0.0,0.0,0,0.0,0.0,0,0,0,0.0,0,0.0
benign_base64_roundtrip_50x64k_1,12765,0,,base64_roundtrip,5,0.0165,5,0.0,0.0,0.0,0.0,0.0,0.0,0.0,0.4,0,0.0,0.0,0,0.0,0.0,0,0,0,0.0,0,0.0
benign_base64_roundtrip_50x64k_1,12766,0,,base64_roundtrip,5,0.016,5,0.0,0.0,0.0,0.0,0.0,0.0,0.0,0.6,0,0.0,0.0,0,0.0,0.0,0,0,0,0.0,0,0.0
benign_base64_roundtrip_50x64k_1,12767,0,,base64_roundtrip,5,0.0142,5,0.0,0.0,0.0,0.0,0.0,0.0,0.0,0.4,0,0.0,0.0,0,0.0,0.0,0,0,0,0.0,0,0.0
benign_base64_roundtrip_50x64k_1,12768,0,,base64_roundtrip,5,0.0114,5,0.0,0.0,0.0,0.0,0.0,0.0,0.0,0.6,0,0.0,0.0,0,0.0,0.0,0,0,0,0.0,0,0.0
benign_base64_roundtrip_50x64k_1,12769,0,,base64_roundtrip,5,0.0169,5,0.0,0.0,0.0,0.0,0.0,0.0,0.0,0.4,0,0.0,0.0,0,0.0,0.0,0,0,0,0.0,0,0.0
benign_base64_roundtrip_50x64k_1,12770,0,,base64_roundtrip,5,0.013,5,0.0,0.0,0.0,0.0,0.0,0.0,0.0,0.6,0,0.0,0.0,0,0.0,0.0,0,0,0,0.0,0,0.0
benign_base64_roundtrip_50x64k_1,12771,0,,base64_roundtrip,5,0.0153,5,0.0,0.0,0.0,0.0,0.0,0.0,0.0,0.4,0,0.0,0.0,0,0.0,0.0,0,0,0,0.0,0,0.0
benign_base64_roundtrip_50x64k_1,12772,0,,base64_roundtrip,5,0.0131,5,0.0,0.0,0.0,0.0,0.0,0.0,0.0,0.6,0,0.0,0.0,0,0.0,0.0,0,0,0,0.0,0,0.0
benign_base64_roundtrip_50x64k_1,12773,0,,base64_roundtrip,5,0.0151,5,0.0,0.0,0.0,0.0,0.0,0.0,0.0,0.4,0,0.0,0.0,0,0.0,0.0,0,0,0,0.0,0,0.0
benign_base64_roundtrip_50x64k_1,12774,0,,base64_roundtrip,5,0.0181,5,0.0,0.0,0.0,0.0,0.0,0.0,0.0,0.6,0,0.0,0.0,0,0.0,0.0,0,0,0,0.0,0,0.0
benign_base64_roundtrip_50x64k_2,2976,0,,base64_roundtrip,26,0.0522,26,0.0,0.0,0.0,0.0,0.0,0.0,0.0,0.0,0,0.0,0.0,0,0.0,0.0,0,0,0,0.0,0,0.0
benign_base64_roundtrip_50x64k_2,6211,0,,base64_roundtrip,1808,0.951,1808,1650.0,0.0,0.0,50.0,0.9126,0.0,0.0,0.0,0,0.0,3.9077,1,0.0,0.0,0,50,1,50.0,3279650,1987.67
benign_base64_roundtrip_50x64k_2,12795,0,,base64_roundtrip,2158,2.1697,2158,898.7306,0.0,0.0,46.0887,0.9036,0.0,0.0,0.0,0,0.0,4.8921,1,0.0,0.0,0,100,1,100.0,7710200,3953.95
benign_base64_roundtrip_50x64k_2,12796,0,,base64_roundtrip,4,0.0126,4,0.0,0.0,0.0,0.0,0.0,0.0,0.0,0.5,0,0.0,0.0,0,0.0,0.0,0,0,0,0.0,0,0.0
benign_base64_roundtrip_50x64k_2,12797,0,,base64_roundtrip,5,0.0127,5,0.0,0.0,0.0,0.0,0.0,0.0,0.0,0.6,0,0.0,0.0,0,0.0,0.0,0,0,0,0.0,0,0.0
benign_base64_roundtrip_50x64k_2,12798,0,,base64_roundtrip,4,0.014,4,0.0,0.0,0.0,0.0,0.0,0.0,0.0,0.5,0,0.0,0.0,0,0.0,0.0,0,0,0,0.0,0,0.0
benign_base64_roundtrip_50x64k_2,12799,0,,base64_roundtrip,5,0.0163,5,0.0,0.0,0.0,0.0,0.0,0.0,0.0,0.6,0,0.0,0.0,0,0.0,0.0,0,0,0,0.0,0,0.0
benign_base64_roundtrip_50x64k_2,12800,0,,base64_roundtrip,4,0.0207,4,0.0,0.0,0.0,0.0,0.0,0.0,0.0,0.5,0,0.0,0.0,0,0.0,0.0,0,0,0,0.0,0,0.0
benign_base64_roundtrip_50x64k_2,12801,0,,base64_roundtrip,5,0.0129,5,0.0,0.0,0.0,0.0,0.0,0.0,0.0,0.6,0,0.0,0.0,0,0.0,0.0,0,0,0,0.0,0,0.0
benign_base64_roundtrip_50x64k_2,12802,0,,base64_roundtrip,4,0.0152,4,0.0,0.0,0.0,0.0,0.0,0.0,0.0,0.5,0,0.0,0.0,0,0.0,0.0,0,0,0,0.0,0,0.0
benign_base64_roundtrip_50x64k_2,12803,0,,base64_roundtrip,5,0.0123,5,0.0,0.0,0.0,0.0,0.0,0.0,0.0,0.6,0,0.0,0.0,0,0.0,0.0,0,0,0,0.0,0,0.0
benign_base64_roundtrip_50x64k_2,12804,0,,base64_roundtrip,4,0.0112,4,0.0,0.0,0.0,0.0,0.0,0.0,0.0,0.5,0,0.0,0.0,0,0.0,0.0,0,0,0,0.0,0,0.0
benign_base64_roundtrip_50x64k_2,12805,0,,base64_roundtrip,5,0.0111,5,0.0,0.0,0.0,0.0,0.0,0.0,0.0,0.6,0,0.0,0.0,0,0.0,0.0,0,0,0,0.0,0,0.0
benign_base64_roundtrip_50x64k_2,12806,0,,base64_roundtrip,4,0.0151,4,0.0,0.0,0.0,0.0,0.0,0.0,0.0,0.5,0,0.0,0.0,0,0.0,0.0,0,0,0,0.0,0,0.0
benign_base64_roundtrip_50x64k_2,12807,0,,base64_roundtrip,5,0.0097,5,0.0,0.0,0.0,0.0,0.0,0.0,0.0,0.6,0,0.0,0.0,0,0.0,0.0,0,0,0,0.0,0,0.0
benign_base64_roundtrip_50x64k_2,12808,0,,base64_roundtrip,4,0.0121,4,0.0,0.0,0.0,0.0,0.0,0.0,0.0,0.5,0,0.0,0.0,0,0.0,0.0,0,0,0,0.0,0,0.0
benign_base64_roundtrip_50x64k_2,12809,0,,base64_roundtrip,5,0.0112,5,0.0,0.0,0.0,0.0,0.0,0.0,0.0,0.6,0,0.0,0.0,0,0.0,0.0,0,0,0,0.0,0,0.0
benign_base64_roundtrip_50x64k_2,12810,0,,base64_roundtrip,4,0.0123,4,0.0,0.0,0.0,0.0,0.0,0.0,0.0,0.5,0,0.0,0.0,0,0.0,0.0,0,0,0,0.0,0,0.0
benign_base64_roundtrip_50x64k_2,12811,0,,base64_roundtrip,5,0.0106,5,0.0,0.0,0.0,0.0,0.0,0.0,0.0,0.6,0,0.0,0.0,0,0.0,0.0,0,0,0,0.0,0,0.0
benign_base64_roundtrip_50x64k_2,12812,0,,base64_roundtrip,4,0.0141,4,0.0,0.0,0.0,0.0,0.0,0.0,0.0,0.5,0,0.0,0.0,0,0.0,0.0,0,0,0,0.0,0,0.0
benign_base64_roundtrip_50x64k_2,12813,0,,base64_roundtrip,5,0.0117,5,0.0,0.0,0.0,0.0,0.0,0.0,0.0,0.6,0,0.0,0.0,0,0.0,0.0,0,0,0,0.0,0,0.0
benign_base64_roundtrip_50x64k_2,12814,0,,base64_roundtrip,4,0.0136,4,0.0,0.0,0.0,0.0,0.0,0.0,0.0,0.5,0,0.0,0.0,0,0.0,0.0,0,0,0,0.0,0,0.0
benign_base64_roundtrip_50x64k_2,12815,0,,base64_roundtrip,5,0.0143,5,0.0,0.0,0.0,0.0,0.0,0.0,0.0,0.6,0,0.0,0.0,0,0.0,0.0,0,0,0,0.0,0,0.0
benign_base64_roundtrip_50x64k_2,12816,0,,base64_roundtrip,4,0.0144,4,0.0,0.0,0.0,0.0,0.0,0.0,0.0,0.5,0,0.0,0.0,0,0.0,0.0,0,0,0,0.0,0,0.0
benign_base64_roundtrip_50x64k_2,12817,0,,base64_roundtrip,5,0.0122,5,0.0,0.0,0.0,0.0,0.0,0.0,0.0,0.6,0,0.0,0.0,0,0.0,0.0,0,0,0,0.0,0,0.0
benign_base64_roundtrip_50x64k_2,12818,0,,base64_roundtrip,4,0.0133,4,0.0,0.0,0.0,0.0,0.0,0.0,0.0,0.5,0,0.0,0.0,0,0.0,0.0,0,0,0,0.0,0,0.0
benign_base64_roundtrip_50x64k_2,12819,0,,base64_roundtrip,5,0.0096,5,0.0,0.0,0.0,0.0,0.0,0.0,0.0,0.6,0,0.0,0.0,0,0.0,0.0,0,0,0,0.0,0,0.0
benign_base64_roundtrip_50x64k_2,12820,0,,base64_roundtrip,4,0.0158,4,0.0,0.0,0.0,0.0,0.0,0.0,0.0,0.5,0,0.0,0.0,0,0.0,0.0,0,0,0,0.0,0,0.0
benign_base64_roundtrip_50x64k_2,12821,0,,base64_roundtrip,5,0.0127,5,0.0,0.0,0.0,0.0,0.0,0.0,0.0,0.6,0,0.0,0.0,0,0.0,0.0,0,0,0,0.0,0,0.0
benign_base64_roundtrip_50x64k_2,12822,0,,base64_roundtrip,4,0.0176,4,0.0,0.0,0.0,0.0,0.0,0.0,0.0,0.5,0,0.0,0.0,0,0.0,0.0,0,0,0,0.0,0,0.0
benign_base64_roundtrip_50x64k_2,12823,0,,base64_roundtrip,5,0.0125,5,0.0,0.0,0.0,0.0,0.0,0.0,0.0,0.6,0,0.0,0.0,0,0.0,0.0,0,0,0,0.0,0,0.0
benign_base64_roundtrip_50x64k_2,12824,0,,base64_roundtrip,4,0.0142,4,0.0,0.0,0.0,0.0,0.0,0.0,0.0,0.5,0,0.0,0.0,0,0.0,0.0,0,0,0,0.0,0,0.0
benign_base64_roundtrip_50x64k_2,12825,0,,base64_roundtrip,5,0.0123,5,0.0,0.0,0.0,0.0,0.0,0.0,0.0,0.6,0,0.0,0.0,0,0.0,0.0,0,0,0,0.0,0,0.0
benign_base64_roundtrip_50x64k_2,12826,0,,base64_roundtrip,4,0.0134,4,0.0,0.0,0.0,0.0,0.0,0.0,0.0,0.5,0,0.0,0.0,0,0.0,0.0,0,0,0,0.0,0,0.0
benign_base64_roundtrip_50x64k_2,12827,0,,base64_roundtrip,5,0.012,5,0.0,0.0,0.0,0.0,0.0,0.0,0.0,0.6,0,0.0,0.0,0,0.0,0.0,0,0,0,0.0,0,0.0
benign_base64_roundtrip_50x64k_2,12828,0,,base64_roundtrip,4,0.0161,4,0.0,0.0,0.0,0.0,0.0,0.0,0.0,0.5,0,0.0,0.0,0,0.0,0.0,0,0,0,0.0,0,0.0
benign_base64_roundtrip_50x64k_2,12829,0,,base64_roundtrip,5,0.0123,5,0.0,0.0,0.0,0.0,0.0,0.0,0.0,0.6,0,0.0,0.0,0,0.0,0.0,0,0,0,0.0,0,0.0
benign_base64_roundtrip_50x64k_2,12830,0,,base64_roundtrip,4,0.0136,4,0.0,0.0,0.0,0.0,0.0,0.0,0.0,0.5,0,0.0,0.0,0,0.0,0.0,0,0,0,0.0,0,0.0
benign_base64_roundtrip_50x64k_2,12831,0,,base64_roundtrip,5,0.017,5,0.0,0.0,0.0,0.0,0.0,0.0,0.0,0.6,0,0.0,0.0,0,0.0,0.0,0,0,0,0.0,0,0.0
benign_base64_roundtrip_50x64k_2,12832,0,,base64_roundtrip,4,0.0127,4,0.0,0.0,0.0,0.0,0.0,0.0,0.0,0.5,0,0.0,0.0,0,0.0,0.0,0,0,0,0.0,0,0.0
benign_base64_roundtrip_50x64k_2,12833,0,,base64_roundtrip,5,0.0097,5,0.0,0.0,0.0,0.0,0.0,0.0,0.0,0.6,0,0.0,0.0,0,0.0,0.0,0,0,0,0.0,0,0.0
benign_base64_roundtrip_50x64k_2,12834,0,,base64_roundtrip,4,0.0123,4,0.0,0.0,0.0,0.0,0.0,0.0,0.0,0.5,0,0.0,0.0,0,0.0,0.0,0,0,0,0.0,0,0.0
benign_base64_roundtrip_50x64k_2,12835,0,,base64_roundtrip,5,0.0146,5,0.0,0.0,0.0,0.0,0.0,0.0,0.0,0.6,0,0.0,0.0,0,0.0,0.0,0,0,0,0.0,0,0.0
benign_base64_roundtrip_50x64k_2,12836,0,,base64_roundtrip,4,0.0157,4,0.0,0.0,0.0,0.0,0.0,0.0,0.0,0.5,0,0.0,0.0,0,0.0,0.0,0,0,0,0.0,0,0.0
benign_base64_roundtrip_50x64k_2,12837,0,,base64_roundtrip,5,0.0128,5,0.0,0.0,0.0,0.0,0.0,0.0,0.0,0.6,0,0.0,0.0,0,0.0,0.0,0,0,0,0.0,0,0.0
benign_base64_roundtrip_50x64k_2,12838,0,,base64_roundtrip,4,0.0155,4,0.0,0.0,0.0,0.0,0.0,0.0,0.0,0.5,0,0.0,0.0,0,0.0,0.0,0,0,0,0.0,0,0.0
benign_base64_roundtrip_50x64k_2,12839,0,,base64_roundtrip,5,0.0114,5,0.0,0.0,0.0,0.0,0.0,0.0,0.0,0.6,0,0.0,0.0,0,0.0,0.0,0,0,0,0.0,0,0.0
benign_base64_roundtrip_50x64k_2,12840,0,,base64_roundtrip,4,0.0151,4,0.0,0.0,0.0,0.0,0.0,0.0,0.0,0.5,0,0.0,0.0,0,0.0,0.0,0,0,0,0.0,0,0.0
benign_base64_roundtrip_50x64k_2,12841,0,,base64_roundtrip,5,0.0115,5,0.0,0.0,0.0,0.0,0.0,0.0,0.0,0.6,0,0.0,0.0,0,0.0,0.0,0,0,0,0.0,0,0.0
benign_base64_roundtrip_50x64k_2,12842,0,,base64_roundtrip,7,0.0177,7,0.0,0.0,0.0,0.0,0.0,0.0,0.0,0.2857,0,0.0,0.0,0,0.0,0.0,0,0,0,0.0,0,0.0
benign_base64_roundtrip_50x64k_2,12843,0,,base64_roundtrip,5,0.0131,5,0.0,0.0,0.0,0.0,0.0,0.0,0.0,0.6,0,0.0,0.0,0,0.0,0.0,0,0,0,0.0,0,0.0
benign_base64_roundtrip_50x64k_2,12844,0,,base64_roundtrip,5,0.0152,5,0.0,0.0,0.0,0.0,0.0,0.0,0.0,0.4,0,0.0,0.0,0,0.0,0.0,0,0,0,0.0,0,0.0
benign_base64_roundtrip_50x64k_2,12845,0,,base64_roundtrip,5,0.0123,5,0.0,0.0,0.0,0.0,0.0,0.0,0.0,0.6,0,0.0,0.0,0,0.0,0.0,0,0,0,0.0,0,0.0
benign_base64_roundtrip_50x64k_2,12846,0,,base64_roundtrip,5,0.0161,5,0.0,0.0,0.0,0.0,0.0,0.0,0.0,0.4,0,0.0,0.0,0,0.0,0.0,0,0,0,0.0,0,0.0
benign_base64_roundtrip_50x64k_2,12847,0,,base64_roundtrip,5,0.0158,5,0.0,0.0,0.0,0.0,0.0,0.0,0.0,0.6,0,0.0,0.0,0,0.0,0.0,0,0,0,0.0,0,0.0
benign_base64_roundtrip_50x64k_2,12848,0,,base64_roundtrip,5,0.0144,5,0.0,0.0,0.0,0.0,0.0,0.0,0.0,0.4,0,0.0,0.0,0,0.0,0.0,0,0,0,0.0,0,0.0
benign_base64_roundtrip_50x64k_2,12849,0,,base64_roundtrip,5,0.0111,5,0.0,0.0,0.0,0.0,0.0,0.0,0.0,0.6,0,0.0,0.0,0,0.0,0.0,0,0,0,0.0,0,0.0
benign_base64_roundtrip_50x64k_2,12850,0,,base64_roundtrip,5,0.0149,5,0.0,0.0,0.0,0.0,0.0,0.0,0.0,0.4,0,0.0,0.0,0,0.0,0.0,0,0,0,0.0,0,0.0
benign_base64_roundtrip_50x64k_2,12851,0,,base64_roundtrip,5,0.0121,5,0.0,0.0,0.0,0.0,0.0,0.0,0.0,0.6,0,0.0,0.0,0,0.0,0.0,0,0,0,0.0,0,0.0
benign_base64_roundtrip_50x64k_2,12852,0,,base64_roundtrip,5,0.0127,5,0.0,0.0,0.0,0.0,0.0,0.0,0.0,0.4,0,0.0,0.0,0,0.0,0.0,0,0,0,0.0,0,0.0
benign_base64_roundtrip_50x64k_2,12853,0,,base64_roundtrip,5,0.0127,5,0.0,0.0,0.0,0.0,0.0,0.0,0.0,0.6,0,0.0,0.0,0,0.0,0.0,0,0,0,0.0,0,0.0
benign_base64_roundtrip_50x64k_2,12854,0,,base64_roundtrip,5,0.0151,5,0.0,0.0,0.0,0.0,0.0,0.0,0.0,0.4,0,0.0,0.0,0,0.0,0.0,0,0,0,0.0,0,0.0
benign_base64_roundtrip_50x64k_2,12855,0,,base64_roundtrip,5,0.0119,5,0.0,0.0,0.0,0.0,0.0,0.0,0.0,0.6,0,0.0,0.0,0,0.0,0.0,0,0,0,0.0,0,0.0
benign_base64_roundtrip_50x64k_2,12856,0,,base64_roundtrip,5,0.014,5,0.0,0.0,0.0,0.0,0.0,0.0,0.0,0.4,0,0.0,0.0,0,0.0,0.0,0,0,0,0.0,0,0.0
benign_base64_roundtrip_50x64k_2,12857,0,,base64_roundtrip,5,0.0134,5,0.0,0.0,0.0,0.0,0.0,0.0,0.0,0.6,0,0.0,0.0,0,0.0,0.0,0,0,0,0.0,0,0.0
benign_base64_roundtrip_50x64k_2,12858,0,,base64_roundtrip,5,0.0129,5,0.0,0.0,0.0,0.0,0.0,0.0,0.0,0.4,0,0.0,0.0,0,0.0,0.0,0,0,0,0.0,0,0.0
benign_base64_roundtrip_50x64k_2,12859,0,,base64_roundtrip,5,0.0114,5,0.0,0.0,0.0,0.0,0.0,0.0,0.0,0.6,0,0.0,0.0,0,0.0,0.0,0,0,0,0.0,0,0.0
benign_base64_roundtrip_50x64k_2,12860,0,,base64_roundtrip,5,0.0171,5,0.0,0.0,0.0,0.0,0.0,0.0,0.0,0.4,0,0.0,0.0,0,0.0,0.0,0,0,0,0.0,0,0.0
benign_base64_roundtrip_50x64k_2,12861,0,,base64_roundtrip,5,0.0116,5,0.0,0.0,0.0,0.0,0.0,0.0,0.0,0.6,0,0.0,0.0,0,0.0,0.0,0,0,0,0.0,0,0.0
benign_base64_roundtrip_50x64k_2,12862,0,,base64_roundtrip,5,0.0167,5,0.0,0.0,0.0,0.0,0.0,0.0,0.0,0.4,0,0.0,0.0,0,0.0,0.0,0,0,0,0.0,0,0.0
benign_base64_roundtrip_50x64k_2,12863,0,,base64_roundtrip,5,0.0106,5,0.0,0.0,0.0,0.0,0.0,0.0,0.0,0.6,0,0.0,0.0,0,0.0,0.0,0,0,0,0.0,0,0.0
benign_base64_roundtrip_50x64k_2,12864,0,,base64_roundtrip,5,0.014,5,0.0,0.0,0.0,0.0,0.0,0.0,0.0,0.4,0,0.0,0.0,0,0.0,0.0,0,0,0,0.0,0,0.0
benign_base64_roundtrip_50x64k_2,12865,0,,base64_roundtrip,5,0.0127,5,0.0,0.0,0.0,0.0,0.0,0.0,0.0,0.6,0,0.0,0.0,0,0.0,0.0,0,0,0,0.0,0,0.0
benign_base64_roundtrip_50x64k_2,12866,0,,base64_roundtrip,5,0.0167,5,0.0,0.0,0.0,0.0,0.0,0.0,0.0,0.4,0,0.0,0.0,0,0.0,0.0,0,0,0,0.0,0,0.0
benign_base64_roundtrip_50x64k_2,12867,0,,base64_roundtrip,5,0.013,5,0.0,0.0,0.0,0.0,0.0,0.0,0.0,0.6,0,0.0,0.0,0,0.0,0.0,0,0,0,0.0,0,0.0
benign_base64_roundtrip_50x64k_2,12868,0,,base64_roundtrip,5,0.0157,5,0.0,0.0,0.0,0.0,0.0,0.0,0.0,0.4,0,0.0,0.0,0,0.0,0.0,0,0,0,0.0,0,0.0
benign_base64_roundtrip_50x64k_2,12869,0,,base64_roundtrip,5,0.0144,5,0.0,0.0,0.0,0.0,0.0,0.0,0.0,0.6,0,0.0,0.0,0,0.0,0.0,0,0,0,0.0,0,0.0
benign_base64_roundtrip_50x64k_2,12870,0,,base64_roundtrip,5,0.0165,5,0.0,0.0,0.0,0.0,0.0,0.0,0.0,0.4,0,0.0,0.0,0,0.0,0.0,0,0,0,0.0,0,0.0
benign_base64_roundtrip_50x64k_2,12871,0,,base64_roundtrip,5,0.0133,5,0.0,0.0,0.0,0.0,0.0,0.0,0.0,0.6,0,0.0,0.0,0,0.0,0.0,0,0,0,0.0,0,0.0
benign_base64_roundtrip_50x64k_2,12872,0,,base64_roundtrip,5,0.0172,5,0.0,0.0,0.0,0.0,0.0,0.0,0.0,0.4,0,0.0,0.0,0,0.0,0.0,0,0,0,0.0,0,0.0
benign_base64_roundtrip_50x64k_2,12873,0,,base64_roundtrip,5,0.0117,5,0.0,0.0,0.0,0.0,0.0,0.0,0.0,0.6,0,0.0,0.0,0,0.0,0.0,0,0,0,0.0,0,0.0
benign_base64_roundtrip_50x64k_2,12874,0,,base64_roundtrip,5,0.0136,5,0.0,0.0,0.0,0.0,0.0,0.0,0.0,0.4,0,0.0,0.0,0,0.0,0.0,0,0,0,0.0,0,0.0
benign_base64_roundtrip_50x64k_2,12875,0,,base64_roundtrip,5,0.0123,5,0.0,0.0,0.0,0.0,0.0,0.0,0.0,0.6,0,0.0,0.0,0,0.0,0.0,0,0,0,0.0,0,0.0
benign_base64_roundtrip_50x64k_2,12876,0,,base64_roundtrip,5,0.0154,5,0.0,0.0,0.0,0.0,0.0,0.0,0.0,0.4,0,0.0,0.0,0,0.0,0.0,0,0,0,0.0,0,0.0
benign_base64_roundtrip_50x64k_2,12877,0,,base64_roundtrip,5,0.0134,5,0.0,0.0,0.0,0.0,0.0,0.0,0.0,0.6,0,0.0,0.0,0,0.0,0.0,0,0,0,0.0,0,0.0
benign_base64_roundtrip_50x64k_2,12878,0,,base64_roundtrip,5,0.0136,5,0.0,0.0,0.0,0.0,0.0,0.0,0.0,0.4,0,0.0,0.0,0,0.0,0.0,0,0,0,0.0,0,0.0
benign_base64_roundtrip_50x64k_2,12879,0,,base64_roundtrip,5,0.012,5,0.0,0.0,0.0,0.0,0.0,0.0,0.0,0.6,0,0.0,0.0,0,0.0,0.0,0,0,0,0.0,0,0.0
benign_base64_roundtrip_50x64k_2,12880,0,,base64_roundtrip,5,0.0146,5,0.0,0.0,0.0,0.0,0.0,0.0,0.0,0.4,0,0.0,0.0,0,0.0,0.0,0,0,0,0.0,0,0.0
benign_base64_roundtrip_50x64k_2,12881,0,,base64_roundtrip,5,0.0118,5,0.0,0.0,0.0,0.0,0.0,0.0,0.0,0.6,0,0.0,0.0,0,0.0,0.0,0,0,0,0.0,0,0.0
benign_base64_roundtrip_50x64k_2,12882,0,,base64_roundtrip,5,0.0144,5,0.0,0.0,0.0,0.0,0.0,0.0,0.0,0.4,0,0.0,0.0,0,0.0,0.0,0,0,0,0.0,0,0.0
benign_base64_roundtrip_50x64k_2,12883,0,,base64_roundtrip,5,0.011,5,0.0,0.0,0.0,0.0,0.0,0.0,0.0,0.6,0,0.0,0.0,0,0.0,0.0,0,0,0,0.0,0,0.0
benign_base64_roundtrip_50x64k_2,12884,0,,base64_roundtrip,5,0.0145,5,0.0,0.0,0.0,0.0,0.0,0.0,0.0,0.4,0,0.0,0.0,0,0.0,0.0,0,0,0,0.0,0,0.0
benign_base64_roundtrip_50x64k_2,12885,0,,base64_roundtrip,5,0.0117,5,0.0,0.0,0.0,0.0,0.0,0.0,0.0,0.6,0,0.0,0.0,0,0.0,0.0,0,0,0,0.0,0,0.0
benign_base64_roundtrip_50x64k_2,12886,0,,base64_roundtrip,5,0.0123,5,0.0,0.0,0.0,0.0,0.0,0.0,0.0,0.4,0,0.0,0.0,0,0.0,0.0,0,0,0,0.0,0,0.0
benign_base64_roundtrip_50x64k_2,12887,0,,base64_roundtrip,5,0.01,5,0.0,0.0,0.0,0.0,0.0,0.0,0.0,0.6,0,0.0,0.0,0,0.0,0.0,0,0,0,0.0,0,0.0
benign_base64_roundtrip_50x64k_2,12888,0,,base64_roundtrip,5,0.0128,5,0.0,0.0,0.0,0.0,0.0,0.0,0.0,0.4,0,0.0,0.0,0,0.0,0.0,0,0,0,0.0,0,0.0
benign_base64_roundtrip_50x64k_2,12889,0,,base64_roundtrip,5,0.0123,5,0.0,0.0,0.0,0.0,0.0,0.0,0.0,0.6,0,0.0,0.0,0,0.0,0.0,0,0,0,0.0,0,0.0
benign_base64_roundtrip_50x64k_2,12890,0,,base64_roundtrip,5,0.0164,5,0.0,0.0,0.0,0.0,0.0,0.0,0.0,0.4,0,0.0,0.0,0,0.0,0.0,0,0,0,0.0,0,0.0
benign_base64_roundtrip_50x64k_2,12891,0,,base64_roundtrip,5,0.0116,5,0.0,0.0,0.0,0.0,0.0,0.0,0.0,0.6,0,0.0,0.0,0,0.0,0.0,0,0,0,0.0,0,0.0
benign_base64_roundtrip_50x64k_2,12892,0,,base64_roundtrip,5,0.0129,5,0.0,0.0,0.0,0.0,0.0,0.0,0.0,0.4,0,0.0,0.0,0,0.0,0.0,0,0,0,0.0,0,0.0
benign_base64_roundtrip_50x64k_2,12893,0,,base64_roundtrip,5,0.0127,5,0.0,0.0,0.0,0.0,0.0,0.0,0.0,0.6,0,0.0,0.0,0,0.0,0.0,0,0,0,0.0,0,0.0
benign_base64_roundtrip_50x64k_2,12894,0,,base64_roundtrip,5,0.0186,5,0.0,0.0,0.0,0.0,0.0,0.0,0.0,0.4,0,0.0,0.0,0,0.0,0.0,0,0,0,0.0,0,0.0
benign_base64_roundtrip_50x64k_2,12895,0,,base64_roundtrip,5,0.0113,5,0.0,0.0,0.0,0.0,0.0,0.0,0.0,0.6,0,0.0,0.0,0,0.0,0.0,0,0,0,0.0,0,0.0
benign_bulk_copy_10x4k_1,2976,0,,bulk_copy,26,0.0461,26,0.0,0.0,0.0,0.0,0.0,0.0,0.0,0.0,0,0.0,0.0,0,0.0,0.0,0,0,0,0.0,0,0.0
benign_bulk_copy_10x4k_1,6211,0,,bulk_copy,67,0.0608,67,30.0,0.0,0.0,10.0,0.4478,0.0,0.0,0.0,0,0.0,3.2477,1,0.0,0.0,0,10,1,10.0,41830,1394.33
benign_bulk_copy_10x4k_1,6231,0,,bulk_copy,65,0.0454,65,10.0,0.0,0.0,10.0,0.1538,0.0,0.0,0.1538,0,0.0,4.3701,1,0.0,0.0,0,10,1,10.0,41830,4183.0
benign_bulk_copy_10x4k_2,2976,0,,bulk_copy,26,0.1457,26,0.0,0.0,0.0,0.0,0.0,0.0,0.0,0.0,0,0.0,0.0,0,0.0,0.0,0,0,0,0.0,0,0.0
benign_bulk_copy_10x4k_2,6211,0,,bulk_copy,67,0.111,67,30.0,0.0,0.0,10.0,0.4478,0.0,0.0,0.0,0,0.0,3.2477,1,0.0,0.0,0,10,1,10.0,41830,1394.33
benign_bulk_copy_10x4k_2,6250,0,,bulk_copy,65,0.047,65,10.0,0.0,0.0,10.0,0.1538,0.0,0.0,0.1538,0,0.0,4.3701,1,0.0,0.0,0,10,1,10.0,41830,4183.0
benign_bulk_copy_10x64k_1,2976,0,,bulk_copy,26,0.071,26,0.0,0.0,0.0,0.0,0.0,0.0,0.0,0.0,0,0.0,0.0,0,0.0,0.0,0,0,0,0.0,0,0.0
benign_bulk_copy_10x64k_1,6211,0,,bulk_copy,367,0.2378,367,330.0,0.0,0.0,10.0,0.8992,0.0,0.0,0.0,0,0.0,3.9077,1,0.0,0.0,0,10,1,10.0,655930,1987.67
benign_bulk_copy_10x64k_1,6270,0,,bulk_copy,75,0.0499,75,20.0,0.0,0.0,10.0,0.2667,0.0,0.0,0.1333,0,0.0,4.3525,1,0.0,0.0,0,10,1,10.0,655930,32796.5
benign_bulk_copy_10x64k_2,2976,0,,bulk_copy,26,0.0469,26,0.0,0.0,0.0,0.0,0.0,0.0,0.0,0.0,0,0.0,0.0,0,0.0,0.0,0,0,0,0.0,0,0.0
benign_bulk_copy_10x64k_2,6211,0,,bulk_copy,367,0.312,367,330.0,0.0,0.0,10.0,0.8992,0.0,0.0,0.0,0,0.0,3.9077,1,0.0,0.0,0,10,1,10.0,655930,1987.67
benign_bulk_copy_10x64k_2,6289,0,,bulk_copy,75,0.0712,75,20.0,0.0,0.0,10.0,0.2667,0.0,0.0,0.1333,0,0.0,4.3525,1,0.0,0.0,0,10,1,10.0,655930,32796.5
benign_bulk_copy_50x4k_1,2976,0,,bulk_copy,26,0.0978,26,0.0,0.0,0.0,0.0,0.0,0.0,0.0,0.0,0,0.0,0.0,0,0.0,0.0,0,0,0,0.0,0,0.0
benign_bulk_copy_50x4k_1,6211,0,,bulk_copy,307,0.2138,307,150.0,0.0,0.0,50.0,0.4886,0.0,0.0,0.0,0,0.0,3.2477,1,0.0,0.0,0,50,1,50.0,209150,1394.33
benign_bulk_copy_50x4k_1,6308,0,,bulk_copy,305,0.1775,305,50.0,0.0,0.0,50.0,0.1639,0.0,0.0,0.1639,0,0.0,4.3701,1,0.0,0.0,0,50,1,50.0,209150,4183.0
benign_bulk_copy_50x4k_2,2976,0,,bulk_copy,26,0.0578,26,0.0,0.0,0.0,0.0,0.0,0.0,0.0,0.0,0,0.0,0.0,0,0.0,0.0,0,0,0,0.0,0,0.0
benign_bulk_copy_50x4k_2,6211,0,,bulk_copy,307,0.2523,307,150.0,0.0,0.0,50.0,0.4886,0.0,0.0,0.0,0,0.0,3.2477,1,0.0,0.0,0,50,1,50.0,209150,1394.33
benign_bulk_copy_50x4k_2,6327,0,,bulk_copy,305,0.1594,305,50.0,0.0,0.0,50.0,0.1639,0.0,0.0,0.1639,0,0.0,4.3701,1,0.0,0.0,0,50,1,50.0,209150,4183.0
benign_bulk_copy_50x64k_1,2976,0,,bulk_copy,26,0.0768,26,0.0,0.0,0.0,0.0,0.0,0.0,0.0,0.0,0,0.0,0.0,0,0.0,0.0,0,0,0,0.0,0,0.0
benign_bulk_copy_50x64k_1,6211,0,,bulk_copy,1808,0.9332,1808,1650.0,0.0,0.0,50.0,0.9126,0.0,0.0,0.0,0,0.0,3.9077,1,0.0,0.0,0,50,1,50.0,3279650,1987.67
benign_bulk_copy_50x64k_1,6347,0,,bulk_copy,355,0.2582,355,100.0,0.0,0.0,50.0,0.2817,0.0,0.0,0.1408,0,0.0,4.3525,1,0.0,0.0,0,50,1,50.0,3279650,32796.5
benign_bulk_copy_50x64k_2,2976,0,,bulk_copy,26,0.0838,26,0.0,0.0,0.0,0.0,0.0,0.0,0.0,0.0,0,0.0,0.0,0,0.0,0.0,0,0,0,0.0,0,0.0
benign_bulk_copy_50x64k_2,6211,0,,bulk_copy,1915,0.9198,1915,1650.0,100.0,0.0,50.0,0.8616,0.0522,0.0,0.0,0,0.0,3.9077,1,0.0,0.0,0,100,2,50.0,3279650,1987.67
benign_bulk_copy_50x64k_2,6366,0,,bulk_copy,355,0.2172,355,100.0,0.0,0.0,50.0,0.2817,0.0,0.0,0.1408,0,0.0,4.3525,1,0.0,0.0,0,50,1,50.0,3279650,32796.5
benign_bulk_copy_p_10x4k_1,2976,0,,bulk_copy_p,26,0.0594,26,0.0,0.0,0.0,0.0,0.0,0.0,0.0,0.0,0,0.0,0.0,0,0.0,0.0,0,0,0,0.0,0,0.0
benign_bulk_copy_p_10x4k_1,6211,0,,bulk_copy_p,67,0.0636,67,30.0,0.0,0.0,10.0,0.4478,0.0,0.0,0.0,0,0.0,3.2477,1,0.0,0.0,0,10,1,10.0,41830,1394.33
benign_bulk_copy_p_10x4k_1,6385,0,,bulk_copy_p,88,0.0551,88,10.0,0.0,0.0,10.0,0.1136,0.0,0.0,0.1136,0,0.0,4.3701,1,0.0,0.0,0,11,2,5.5,41830,4183.0
benign_bulk_copy_p_10x4k_2,2976,0,,bulk_copy_p,26,0.0529,26,0.0,0.0,0.0,0.0,0.0,0.0,0.0,0.0,0,0.0,0.0,0,0.0,0.0,0,0,0,0.0,0,0.0
benign_bulk_copy_p_10x4k_2,6211,0,,bulk_copy_p,67,0.0387,67,30.0,0.0,0.0,10.0,0.4478,0.0,0.0,0.0,0,0.0,3.2477,1,0.0,0.0,0,10,1,10.0,41830,1394.33
benign_bulk_copy_p_10x4k_2,6404,0,,bulk_copy_p,88,0.0933,88,10.0,0.0,0.0,10.0,0.1136,0.0,0.0,0.1136,0,0.0,4.3701,1,0.0,0.0,0,11,2,5.5,41830,4183.0
benign_bulk_copy_p_10x64k_1,2976,0,,bulk_copy_p,26,0.0526,26,0.0,0.0,0.0,0.0,0.0,0.0,0.0,0.0,0,0.0,0.0,0,0.0,0.0,0,0,0,0.0,0,0.0
benign_bulk_copy_p_10x64k_1,6211,0,,bulk_copy_p,367,0.2991,367,330.0,0.0,0.0,10.0,0.8992,0.0,0.0,0.0,0,0.0,3.9077,1,0.0,0.0,0,10,1,10.0,655930,1987.67
benign_bulk_copy_p_10x64k_1,6425,0,,bulk_copy_p,98,0.0735,98,20.0,0.0,0.0,10.0,0.2041,0.0,0.0,0.102,0,0.0,4.3525,1,0.0,0.0,0,11,2,5.5,655930,32796.5
benign_bulk_copy_p_10x64k_2,2976,0,,bulk_copy_p,26,0.0958,26,0.0,0.0,0.0,0.0,0.0,0.0,0.0,0.0,0,0.0,0.0,0,0.0,0.0,0,0,0,0.0,0,0.0
benign_bulk_copy_p_10x64k_2,6211,0,,bulk_copy_p,367,0.2659,367,330.0,0.0,0.0,10.0,0.8992,0.0,0.0,0.0,0,0.0,3.9077,1,0.0,0.0,0,10,1,10.0,655930,1987.67
benign_bulk_copy_p_10x64k_2,6455,0,,bulk_copy_p,98,0.0833,98,20.0,0.0,0.0,10.0,0.2041,0.0,0.0,0.102,0,0.0,4.3525,1,0.0,0.0,0,11,2,5.5,655930,32796.5
benign_bulk_copy_p_50x4k_1,2976,0,,bulk_copy_p,26,0.0657,26,0.0,0.0,0.0,0.0,0.0,0.0,0.0,0.0,0,0.0,0.0,0,0.0,0.0,0,0,0,0.0,0,0.0
benign_bulk_copy_p_50x4k_1,6211,0,,bulk_copy_p,307,0.2157,307,150.0,0.0,0.0,50.0,0.4886,0.0,0.0,0.0,0,0.0,3.2477,1,0.0,0.0,0,50,1,50.0,209150,1394.33
benign_bulk_copy_p_50x4k_1,6477,0,,bulk_copy_p,408,0.2501,408,50.0,0.0,0.0,50.0,0.1225,0.0,0.0,0.1225,0,0.0,4.3701,1,0.0,0.0,0,51,2,25.5,209150,4183.0
benign_bulk_copy_p_50x4k_2,2976,0,,bulk_copy_p,26,0.1222,26,0.0,0.0,0.0,0.0,0.0,0.0,0.0,0.0,0,0.0,0.0,0,0.0,0.0,0,0,0,0.0,0,0.0
benign_bulk_copy_p_50x4k_2,6211,0,,bulk_copy_p,307,0.204,307,150.0,0.0,0.0,50.0,0.4886,0.0,0.0,0.0,0,0.0,3.2477,1,0.0,0.0,0,50,1,50.0,209150,1394.33
benign_bulk_copy_p_50x4k_2,6502,0,,bulk_copy_p,408,0.3042,408,50.0,0.0,0.0,50.0,0.1225,0.0,0.0,0.1225,0,0.0,4.3701,1,0.0,0.0,0,51,2,25.5,209150,4183.0
benign_bulk_copy_p_50x64k_1,2976,0,,bulk_copy_p,26,0.0396,26,0.0,0.0,0.0,0.0,0.0,0.0,0.0,0.0,0,0.0,0.0,0,0.0,0.0,0,0,0,0.0,0,0.0
benign_bulk_copy_p_50x64k_1,6211,0,,bulk_copy_p,1808,0.8553,1808,1650.0,0.0,0.0,50.0,0.9126,0.0,0.0,0.0,0,0.0,3.9077,1,0.0,0.0,0,50,1,50.0,3279650,1987.67
benign_bulk_copy_p_50x64k_1,6534,0,,bulk_copy_p,458,0.5092,458,100.0,0.0,0.0,50.0,0.2183,0.0,0.0,0.1092,0,0.0,4.3525,1,0.0,0.0,0,51,2,25.5,3279650,32796.5
benign_bulk_copy_p_50x64k_2,2976,0,,bulk_copy_p,26,0.123,26,0.0,0.0,0.0,0.0,0.0,0.0,0.0,0.0,0,0.0,0.0,0,0.0,0.0,0,0,0,0.0,0,0.0
benign_bulk_copy_p_50x64k_2,6211,0,,bulk_copy_p,1810,1.6075,1810,1026.4631,0.0,0.0,31.1049,0.9116,0.0,0.0,0.0,0,0.0,3.9077,1,0.0,0.0,0,50,1,50.0,3279650,1987.67
benign_bulk_copy_p_50x64k_2,6555,0,,bulk_copy_p,458,0.5185,458,100.0,0.0,0.0,50.0,0.2183,0.0,0.0,0.1092,0,0.0,4.3525,1,0.0,0.0,0,51,2,25.5,3279650,32796.5
benign_bulk_delete_10x4k_1,2976,0,,bulk_delete,26,0.0545,26,0.0,0.0,0.0,0.0,0.0,0.0,0.0,0.0,0,0.0,0.0,0,0.0,0.0,0,0,0,0.0,0,0.0
benign_bulk_delete_10x4k_1,6211,0,,bulk_delete,67,0.0772,67,30.0,0.0,0.0,10.0,0.4478,0.0,0.0,0.0,0,0.0,3.2477,1,0.0,0.0,0,10,1,10.0,41830,1394.33
benign_bulk_delete_10x4k_1,6759,0,,bulk_delete,14,0.0192,14,0.0,10.0,0.0,0.0,0.0,0.7143,0.0,0.0,0,0.0,0.0,0,0.0,0.0,0,10,1,10.0,0,0.0
benign_bulk_delete_10x4k_2,2976,0,,bulk_delete,26,0.0713,26,0.0,0.0,0.0,0.0,0.0,0.0,0.0,0.0,0,0.0,0.0,0,0.0,0.0,0,0,0,0.0,0,0.0
benign_bulk_delete_10x4k_2,6211,0,,bulk_delete,67,0.0572,67,30.0,0.0,0.0,10.0,0.4478,0.0,0.0,0.0,0,0.0,3.2477,1,0.0,0.0,0,10,1,10.0,41830,1394.33
benign_bulk_delete_10x4k_2,6779,0,,bulk_delete,14,0.0155,14,0.0,10.0,0.0,0.0,0.0,0.7143,0.0,0.0,0,0.0,0.0,0,0.0,0.0,0,10,1,10.0,0,0.0
benign_bulk_delete_10x64k_1,2976,0,,bulk_delete,26,0.0603,26,0.0,0.0,0.0,0.0,0.0,0.0,0.0,0.0,0,0.0,0.0,0,0.0,0.0,0,0,0,0.0,0,0.0
benign_bulk_delete_10x64k_1,6211,0,,bulk_delete,367,0.1756,367,330.0,0.0,0.0,10.0,0.8992,0.0,0.0,0.0,0,0.0,3.9077,1,0.0,0.0,0,10,1,10.0,655930,1987.67
benign_bulk_delete_10x64k_1,6799,0,,bulk_delete,14,0.0126,14,0.0,10.0,0.0,0.0,0.0,0.7143,0.0,0.0,0,0.0,0.0,0,0.0,0.0,0,10,1,10.0,0,0.0
benign_bulk_delete_10x64k_2,2976,0,,bulk_delete,26,0.054,26,0.0,0.0,0.0,0.0,0.0,0.0,0.0,0.0,0,0.0,0.0,0,0.0,0.0,0,0,0,0.0,0,0.0
benign_bulk_delete_10x64k_2,6211,0,,bulk_delete,367,0.2281,367,330.0,0.0,0.0,10.0,0.8992,0.0,0.0,0.0,0,0.0,3.9077,1,0.0,0.0,0,10,1,10.0,655930,1987.67
benign_bulk_delete_10x64k_2,6819,0,,bulk_delete,14,0.0203,14,0.0,10.0,0.0,0.0,0.0,0.7143,0.0,0.0,0,0.0,0.0,0,0.0,0.0,0,10,1,10.0,0,0.0
benign_bulk_delete_50x4k_1,2976,0,,bulk_delete,26,0.0551,26,0.0,0.0,0.0,0.0,0.0,0.0,0.0,0.0,0,0.0,0.0,0,0.0,0.0,0,0,0,0.0,0,0.0
benign_bulk_delete_50x4k_1,6211,0,,bulk_delete,307,0.2236,307,150.0,0.0,0.0,50.0,0.4886,0.0,0.0,0.0,0,0.0,3.2477,1,0.0,0.0,0,50,1,50.0,209150,1394.33
benign_bulk_delete_50x4k_1,6839,0,,bulk_delete,54,0.0819,54,0.0,50.0,0.0,0.0,0.0,0.9259,0.0,0.0,0,0.0,0.0,0,0.0,0.0,0,50,1,50.0,0,0.0
benign_bulk_delete_50x4k_2,2976,0,,bulk_delete,26,0.1482,26,0.0,0.0,0.0,0.0,0.0,0.0,0.0,0.0,0,0.0,0.0,0,0.0,0.0,0,0,0,0.0,0,0.0
benign_bulk_delete_50x4k_2,6211,0,,bulk_delete,307,0.291,307,150.0,0.0,0.0,50.0,0.4886,0.0,0.0,0.0,0,0.0,3.2477,1,0.0,0.0,0,50,1,50.0,209150,1394.33
benign_bulk_delete_50x4k_2,6859,0,,bulk_delete,54,0.056,54,0.0,50.0,0.0,0.0,0.0,0.9259,0.0,0.0,0,0.0,0.0,0,0.0,0.0,0,50,1,50.0,0,0.0
benign_bulk_delete_50x64k_1,2976,0,,bulk_delete,26,0.1143,26,0.0,0.0,0.0,0.0,0.0,0.0,0.0,0.0,0,0.0,0.0,0,0.0,0.0,0,0,0,0.0,0,0.0
benign_bulk_delete_50x64k_1,6211,0,,bulk_delete,1810,1.115,1810,1479.7565,0.0,0.0,44.8411,0.9116,0.0,0.0,0.0,0,0.0,3.9077,1,0.0,0.0,0,50,1,50.0,3279650,1987.67
benign_bulk_delete_50x64k_1,6879,0,,bulk_delete,54,0.0493,54,0.0,50.0,0.0,0.0,0.0,0.9259,0.0,0.0,0,0.0,0.0,0,0.0,0.0,0,50,1,50.0,0,0.0
benign_bulk_delete_50x64k_2,2976,0,,bulk_delete,26,0.1485,26,0.0,0.0,0.0,0.0,0.0,0.0,0.0,0.0,0,0.0,0.0,0,0.0,0.0,0,0,0,0.0,0,0.0
benign_bulk_delete_50x64k_2,6211,0,,bulk_delete,1810,1.191,1810,1385.344,0.0,0.0,41.9801,0.9116,0.0,0.0,0.0,0,0.0,3.9077,1,0.0,0.0,0,50,1,50.0,3279650,1987.67
benign_bulk_delete_50x64k_2,6900,0,,bulk_delete,54,0.0429,54,0.0,50.0,0.0,0.0,0.0,0.9259,0.0,0.0,0,0.0,0.0,0,0.0,0.0,0,50,1,50.0,0,0.0
benign_bulk_move_10x4k_1,2976,0,,bulk_move,26,0.1887,26,0.0,0.0,0.0,0.0,0.0,0.0,0.0,0.0,0,0.0,0.0,0,0.0,0.0,0,0,0,0.0,0,0.0
benign_bulk_move_10x4k_1,6211,0,,bulk_move,67,0.1644,67,30.0,0.0,0.0,10.0,0.4478,0.0,0.0,0.0,0,0.0,3.2477,1,0.0,0.0,0,10,1,10.0,41830,1394.33
benign_bulk_move_10x4k_1,6574,0,,bulk_move,4,0.0021,4,0.0,0.0,0.0,0.0,0.0,0.0,0.0,0.0,0,0.0,0.0,0,0.0,0.0,0,0,0,0.0,0,0.0
benign_bulk_move_10x4k_1,6575,0,,bulk_move,10,0.0163,10,0.0,0.0,10.0,0.0,0.0,0.0,1.0,0.0,0,0.0,0.0,0,0.0,0.0,0,10,1,10.0,0,0.0
benign_bulk_move_10x4k_2,2976,0,,bulk_move,26,0.134,26,0.0,0.0,0.0,0.0,0.0,0.0,0.0,0.0,0,0.0,0.0,0,0.0,0.0,0,0,0,0.0,0,0.0
benign_bulk_move_10x4k_2,6211,0,,bulk_move,67,0.0626,67,30.0,0.0,0.0,10.0,0.4478,0.0,0.0,0.0,0,0.0,3.2477,1,0.0,0.0,0,10,1,10.0,41830,1394.33
benign_bulk_move_10x4k_2,6595,0,,bulk_move,4,0.0074,4,0.0,0.0,0.0,0.0,0.0,0.0,0.0,0.0,0,0.0,0.0,0,0.0,0.0,0,0,0,0.0,0,0.0
benign_bulk_move_10x4k_2,6596,0,,bulk_move,10,0.0314,10,0.0,0.0,10.0,0.0,0.0,0.0,1.0,0.0,0,0.0,0.0,0,0.0,0.0,0,10,1,10.0,0,0.0
benign_bulk_move_10x64k_1,2976,0,,bulk_move,26,0.2701,26,0.0,0.0,0.0,0.0,0.0,0.0,0.0,0.0,0,0.0,0.0,0,0.0,0.0,0,0,0,0.0,0,0.0
benign_bulk_move_10x64k_1,6211,0,,bulk_move,367,0.4258,367,330.0,0.0,0.0,10.0,0.8992,0.0,0.0,0.0,0,0.0,3.9077,1,0.0,0.0,0,10,1,10.0,655930,1987.67
benign_bulk_move_10x64k_1,6616,0,,bulk_move,4,0.0024,4,0.0,0.0,0.0,0.0,0.0,0.0,0.0,0.0,0,0.0,0.0,0,0.0,0.0,0,0,0,0.0,0,0.0
benign_bulk_move_10x64k_1,6617,0,,bulk_move,10,0.0148,10,0.0,0.0,10.0,0.0,0.0,0.0,1.0,0.0,0,0.0,0.0,0,0.0,0.0,0,10,1,10.0,0,0.0
benign_bulk_move_10x64k_2,2976,0,,bulk_move,26,0.1341,26,0.0,0.0,0.0,0.0,0.0,0.0,0.0,0.0,0,0.0,0.0,0,0.0,0.0,0,0,0,0.0,0,0.0
benign_bulk_move_10x64k_2,6211,0,,bulk_move,367,0.227,367,330.0,0.0,0.0,10.0,0.8992,0.0,0.0,0.0,0,0.0,3.9077,1,0.0,0.0,0,10,1,10.0,655930,1987.67
benign_bulk_move_10x64k_2,6636,0,,bulk_move,4,0.0052,4,0.0,0.0,0.0,0.0,0.0,0.0,0.0,0.0,0,0.0,0.0,0,0.0,0.0,0,0,0,0.0,0,0.0
benign_bulk_move_10x64k_2,6637,0,,bulk_move,10,0.0462,10,0.0,0.0,10.0,0.0,0.0,0.0,1.0,0.0,0,0.0,0.0,0,0.0,0.0,0,10,1,10.0,0,0.0
benign_bulk_move_50x4k_1,2976,0,,bulk_move,26,0.1383,26,0.0,0.0,0.0,0.0,0.0,0.0,0.0,0.0,0,0.0,0.0,0,0.0,0.0,0,0,0,0.0,0,0.0
benign_bulk_move_50x4k_1,6211,0,,bulk_move,307,0.1778,307,150.0,0.0,0.0,50.0,0.4886,0.0,0.0,0.0,0,0.0,3.2477,1,0.0,0.0,0,50,1,50.0,209150,1394.33
benign_bulk_move_50x4k_1,6657,0,,bulk_move,4,0.0019,4,0.0,0.0,0.0,0.0,0.0,0.0,0.0,0.0,0,0.0,0.0,0,0.0,0.0,0,0,0,0.0,0,0.0
benign_bulk_move_50x4k_1,6659,0,,bulk_move,50,0.0664,50,0.0,0.0,50.0,0.0,0.0,0.0,1.0,0.0,0,0.0,0.0,0,0.0,0.0,0,50,1,50.0,0,0.0
benign_bulk_move_50x4k_2,2976,0,,bulk_move,26,0.0536,26,0.0,0.0,0.0,0.0,0.0,0.0,0.0,0.0,0,0.0,0.0,0,0.0,0.0,0,0,0,0.0,0,0.0
benign_bulk_move_50x4k_2,6211,0,,bulk_move,307,0.2146,307,150.0,0.0,0.0,50.0,0.4886,0.0,0.0,0.0,0,0.0,3.2477,1,0.0,0.0,0,50,1,50.0,209150,1394.33
benign_bulk_move_50x4k_2,6695,0,,bulk_move,4,0.0017,4,0.0,0.0,0.0,0.0,0.0,0.0,0.0,0.0,0,0.0,0.0,0,0.0,0.0,0,0,0,0.0,0,0.0
benign_bulk_move_50x4k_2,6696,0,,bulk_move,50,0.0926,50,0.0,0.0,50.0,0.0,0.0,0.0,1.0,0.0,0,0.0,0.0,0,0.0,0.0,0,50,1,50.0,0,0.0
benign_bulk_move_50x64k_1,6211,0,,bulk_move,1811,1.3858,1811,1190.6463,0.0,0.0,36.0802,0.9111,0.0,0.0,0.0,0,0.0,3.9077,1,0.0,0.0,0,50,1,50.0,3279650,1987.67
benign_bulk_move_50x64k_1,2976,0,,bulk_move,26,0.1098,26,0.0,0.0,0.0,0.0,0.0,0.0,0.0,0.0,0,0.0,0.0,0,0.0,0.0,0,0,0,0.0,0,0.0
benign_bulk_move_50x64k_1,6717,0,,bulk_move,4,0.0014,4,0.0,0.0,0.0,0.0,0.0,0.0,0.0,0.0,0,0.0,0.0,0,0.0,0.0,0,0,0,0.0,0,0.0
benign_bulk_move_50x64k_1,6718,0,,bulk_move,50,0.0791,50,0.0,0.0,50.0,0.0,0.0,0.0,1.0,0.0,0,0.0,0.0,0,0.0,0.0,0,50,1,50.0,0,0.0
benign_bulk_move_50x64k_2,2976,0,,bulk_move,26,0.056,26,0.0,0.0,0.0,0.0,0.0,0.0,0.0,0.0,0,0.0,0.0,0,0.0,0.0,0,0,0,0.0,0,0.0
benign_bulk_move_50x64k_2,6211,0,,bulk_move,1810,1.0665,1810,1547.1276,0.0,0.0,46.8827,0.9116,0.0,0.0,0.0,0,0.0,3.9077,1,0.0,0.0,0,50,1,50.0,3279650,1987.67
benign_bulk_move_50x64k_2,6738,0,,bulk_move,4,0.0026,4,0.0,0.0,0.0,0.0,0.0,0.0,0.0,0.0,0,0.0,0.0,0,0.0,0.0,0,0,0,0.0,0,0.0
benign_bulk_move_50x64k_2,6739,0,,bulk_move,50,0.1521,50,0.0,0.0,50.0,0.0,0.0,0.0,1.0,0.0,0,0.0,0.0,0,0.0,0.0,0,50,1,50.0,0,0.0
benign_bzip2_each_10x4k_1,2976,0,,bzip2_each,26,0.0543,26,0.0,0.0,0.0,0.0,0.0,0.0,0.0,0.0,0,0.0,0.0,0,0.0,0.0,0,0,0,0.0,0,0.0
benign_bzip2_each_10x4k_1,6211,0,,bzip2_each,67,0.0713,67,30.0,0.0,0.0,10.0,0.4478,0.0,0.0,0.0,0,0.0,3.2477,1,0.0,0.0,0,10,1,10.0,41830,1394.33
benign_bzip2_each_10x4k_1,9105,0,,bzip2_each,4,0.0015,4,0.0,0.0,0.0,0.0,0.0,0.0,0.0,0.0,0,0.0,0.0,0,0.0,0.0,0,0,0,0.0,0,0.0
benign_bzip2_each_10x4k_1,9106,0,,bzip2_each,120,0.1051,120,10.0,10.0,0.0,10.0,0.0833,0.0833,0.0,0.0833,0,0.0,6.1845,1,0.0,0.0,0,20,1,20.0,1410,141.0
benign_bzip2_each_10x4k_2,2976,0,,bzip2_each,26,0.0724,26,0.0,0.0,0.0,0.0,0.0,0.0,0.0,0.0,0,0.0,0.0,0,0.0,0.0,0,0,0,0.0,0,0.0
benign_bzip2_each_10x4k_2,6211,0,,bzip2_each,67,0.0693,67,30.0,0.0,0.0,10.0,0.4478,0.0,0.0,0.0,0,0.0,3.2477,1,0.0,0.0,0,10,1,10.0,41830,1394.33
benign_bzip2_each_10x4k_2,9126,0,,bzip2_each,4,0.0017,4,0.0,0.0,0.0,0.0,0.0,0.0,0.0,0.0,0,0.0,0.0,0,0.0,0.0,0,0,0,0.0,0,0.0
benign_bzip2_each_10x4k_2,9127,0,,bzip2_each,120,0.0862,120,10.0,10.0,0.0,10.0,0.0833,0.0833,0.0,0.0833,0,0.0,6.1845,1,0.0,0.0,0,20,1,20.0,1410,141.0
benign_bzip2_each_10x64k_1,2976,0,,bzip2_each,26,0.1406,26,0.0,0.0,0.0,0.0,0.0,0.0,0.0,0.0,0,0.0,0.0,0,0.0,0.0,0,0,0,0.0,0,0.0
benign_bzip2_each_10x64k_1,6211,0,,bzip2_each,367,0.2274,367,330.0,0.0,0.0,10.0,0.8992,0.0,0.0,0.0,0,0.0,3.9077,1,0.0,0.0,0,10,1,10.0,655930,1987.67
benign_bzip2_each_10x64k_1,9149,0,,bzip2_each,4,0.0016,4,0.0,0.0,0.0,0.0,0.0,0.0,0.0,0.0,0,0.0,0.0,0,0.0,0.0,0,0,0,0.0,0,0.0
benign_bzip2_each_10x64k_1,9150,0,,bzip2_each,140,0.3578,140,10.0,10.0,0.0,10.0,0.0714,0.0714,0.0,0.2143,0,0.0,6.0247,1,0.0,0.0,0,20,1,20.0,1720,172.0
benign_bzip2_each_10x64k_2,2976,0,,bzip2_each,26,0.1107,26,0.0,0.0,0.0,0.0,0.0,0.0,0.0,0.0,0,0.0,0.0,0,0.0,0.0,0,0,0,0.0,0,0.0
benign_bzip2_each_10x64k_2,6211,0,,bzip2_each,367,0.2347,367,330.0,0.0,0.0,10.0,0.8992,0.0,0.0,0.0,0,0.0,3.9077,1,0.0,0.0,0,10,1,10.0,655930,1987.67
benign_bzip2_each_10x64k_2,9170,0,,bzip2_each,4,0.0015,4,0.0,0.0,0.0,0.0,0.0,0.0,0.0,0.0,0,0.0,0.0,0,0.0,0.0,0,0,0,0.0,0,0.0
benign_bzip2_each_10x64k_2,9171,0,,bzip2_each,140,0.3262,140,10.0,10.0,0.0,10.0,0.0714,0.0714,0.0,0.2143,0,0.0,6.0247,1,0.0,0.0,0,20,1,20.0,1720,172.0
benign_bzip2_each_50x4k_1,6211,0,,bzip2_each,308,0.2637,308,150.0,0.0,0.0,50.0,0.487,0.0,0.0,0.0,0,0.0,3.2477,1,0.0,0.0,0,50,1,50.0,209150,1394.33
benign_bzip2_each_50x4k_1,2976,0,,bzip2_each,26,0.0936,26,0.0,0.0,0.0,0.0,0.0,0.0,0.0,0.0,0,0.0,0.0,0,0.0,0.0,0,0,0,0.0,0,0.0
benign_bzip2_each_50x4k_1,9192,0,,bzip2_each,4,0.0017,4,0.0,0.0,0.0,0.0,0.0,0.0,0.0,0.0,0,0.0,0.0,0,0.0,0.0,0,0,0,0.0,0,0.0
benign_bzip2_each_50x4k_1,9193,0,,bzip2_each,600,0.41,600,50.0,50.0,0.0,50.0,0.0833,0.0833,0.0,0.0833,0,0.0,6.1845,1,0.0,0.0,0,100,1,100.0,7050,141.0
benign_bzip2_each_50x4k_2,2976,0,,bzip2_each,26,0.1284,26,0.0,0.0,0.0,0.0,0.0,0.0,0.0,0.0,0,0.0,0.0,0,0.0,0.0,0,0,0,0.0,0,0.0
benign_bzip2_each_50x4k_2,6211,0,,bzip2_each,307,0.3261,307,150.0,0.0,0.0,50.0,0.4886,0.0,0.0,0.0,0,0.0,3.2477,1,0.0,0.0,0,50,1,50.0,209150,1394.33
benign_bzip2_each_50x4k_2,9213,0,,bzip2_each,4,0.0011,4,0.0,0.0,0.0,0.0,0.0,0.0,0.0,0.0,0,0.0,0.0,0,0.0,0.0,0,0,0,0.0,0,0.0
benign_bzip2_each_50x4k_2,9214,0,,bzip2_each,600,0.4403,600,50.0,50.0,0.0,50.0,0.0833,0.0833,0.0,0.0833,0,0.0,6.1845,1,0.0,0.0,0,100,1,100.0,7050,141.0
benign_bzip2_each_50x64k_1,2976,0,,bzip2_each,26,0.0812,26,0.0,0.0,0.0,0.0,0.0,0.0,0.0,0.0,0,0.0,0.0,0,0.0,0.0,0,0,0,0.0,0,0.0
benign_bzip2_each_50x64k_1,6211,0,,bzip2_each,1810,1.2154,1810,1357.6022,0.0,0.0,41.1395,0.9116,0.0,0.0,0.0,0,0.0,3.9077,1,0.0,0.0,0,50,1,50.0,3279650,1987.67
benign_bzip2_each_50x64k_1,9234,0,,bzip2_each,4,0.0026,4,0.0,0.0,0.0,0.0,0.0,0.0,0.0,0.0,0,0.0,0.0,0,0.0,0.0,0,0,0,0.0,0,0.0
benign_bzip2_each_50x64k_1,9236,0,,bzip2_each,725,1.7779,725,28.1237,28.1237,0.0,28.1237,0.069,0.069,0.0,0.2069,0,0.0,6.0247,1,0.0,0.0,0,100,1,100.0,8600,172.0
benign_bzip2_each_50x64k_2,2976,0,,bzip2_each,26,0.0517,26,0.0,0.0,0.0,0.0,0.0,0.0,0.0,0.0,0,0.0,0.0,0,0.0,0.0,0,0,0,0.0,0,0.0
benign_bzip2_each_50x64k_2,6211,0,,bzip2_each,1809,1.0061,1809,1640.0571,0.0,0.0,49.6987,0.9121,0.0,0.0,0.0,0,0.0,3.9077,1,0.0,0.0,0,50,1,50.0,3279650,1987.67
benign_bzip2_each_50x64k_2,9257,0,,bzip2_each,4,0.0037,4,0.0,0.0,0.0,0.0,0.0,0.0,0.0,0.0,0,0.0,0.0,0,0.0,0.0,0,0,0,0.0,0,0.0
benign_bzip2_each_50x64k_2,9258,0,,bzip2_each,726,1.7754,726,28.1625,28.1625,0.0,28.1625,0.0689,0.0689,0.0,0.2066,0,0.0,6.0247,1,0.0,0.0,0,100,1,100.0,8600,172.0
benign_cp_archive_10x4k_1,2976,0,,cp_archive,26,0.0424,26,0.0,0.0,0.0,0.0,0.0,0.0,0.0,0.0,0,0.0,0.0,0,0.0,0.0,0,0,0,0.0,0,0.0
benign_cp_archive_10x4k_1,6211,0,,cp_archive,67,0.0481,67,30.0,0.0,0.0,10.0,0.4478,0.0,0.0,0.0,0,0.0,3.2477,1,0.0,0.0,0,10,1,10.0,41830,1394.33
benign_cp_archive_10x4k_1,11047,0,,cp_archive,88,0.0537,88,10.0,0.0,0.0,10.0,0.1136,0.0,0.0,0.1136,0,0.0,4.3701,1,0.0,0.0,0,11,2,5.5,41830,4183.0
benign_cp_archive_10x4k_2,2976,0,,cp_archive,26,0.0428,26,0.0,0.0,0.0,0.0,0.0,0.0,0.0,0.0,0,0.0,0.0,0,0.0,0.0,0,0,0,0.0,0,0.0
benign_cp_archive_10x4k_2,6211,0,,cp_archive,67,0.0512,67,30.0,0.0,0.0,10.0,0.4478,0.0,0.0,0.0,0,0.0,3.2477,1,0.0,0.0,0,10,1,10.0,41830,1394.33
benign_cp_archive_10x4k_2,11067,0,,cp_archive,88,0.0437,88,10.0,0.0,0.0,10.0,0.1136,0.0,0.0,0.1136,0,0.0,4.3701,1,0.0,0.0,0,11,2,5.5,41830,4183.0
benign_cp_archive_10x64k_1,2976,0,,cp_archive,26,0.0385,26,0.0,0.0,0.0,0.0,0.0,0.0,0.0,0.0,0,0.0,0.0,0,0.0,0.0,0,0,0,0.0,0,0.0
benign_cp_archive_10x64k_1,6211,0,,cp_archive,367,0.1995,367,330.0,0.0,0.0,10.0,0.8992,0.0,0.0,0.0,0,0.0,3.9077,1,0.0,0.0,0,10,1,10.0,655930,1987.67
benign_cp_archive_10x64k_1,11088,0,,cp_archive,98,0.0501,98,20.0,0.0,0.0,10.0,0.2041,0.0,0.0,0.102,0,0.0,4.3525,1,0.0,0.0,0,11,2,5.5,655930,32796.5
benign_cp_archive_10x64k_2,2976,0,,cp_archive,26,0.0403,26,0.0,0.0,0.0,0.0,0.0,0.0,0.0,0.0,0,0.0,0.0,0,0.0,0.0,0,0,0,0.0,0,0.0
benign_cp_archive_10x64k_2,6211,0,,cp_archive,367,0.2327,367,330.0,0.0,0.0,10.0,0.8992,0.0,0.0,0.0,0,0.0,3.9077,1,0.0,0.0,0,10,1,10.0,655930,1987.67
benign_cp_archive_10x64k_2,11107,0,,cp_archive,98,0.0511,98,20.0,0.0,0.0,10.0,0.2041,0.0,0.0,0.102,0,0.0,4.3525,1,0.0,0.0,0,11,2,5.5,655930,32796.5
benign_cp_archive_50x4k_1,2976,0,,cp_archive,26,0.0477,26,0.0,0.0,0.0,0.0,0.0,0.0,0.0,0.0,0,0.0,0.0,0,0.0,0.0,0,0,0,0.0,0,0.0
benign_cp_archive_50x4k_1,6211,0,,cp_archive,307,0.2237,307,150.0,0.0,0.0,50.0,0.4886,0.0,0.0,0.0,0,0.0,3.2477,1,0.0,0.0,0,50,1,50.0,209150,1394.33
benign_cp_archive_50x4k_1,11128,0,,cp_archive,408,0.2098,408,50.0,0.0,0.0,50.0,0.1225,0.0,0.0,0.1225,0,0.0,4.3701,1,0.0,0.0,0,51,2,25.5,209150,4183.0
benign_cp_archive_50x4k_2,2976,0,,cp_archive,26,0.0577,26,0.0,0.0,0.0,0.0,0.0,0.0,0.0,0.0,0,0.0,0.0,0,0.0,0.0,0,0,0,0.0,0,0.0
benign_cp_archive_50x4k_2,6211,0,,cp_archive,307,0.2707,307,150.0,0.0,0.0,50.0,0.4886,0.0,0.0,0.0,0,0.0,3.2477,1,0.0,0.0,0,50,1,50.0,209150,1394.33
benign_cp_archive_50x4k_2,11148,0,,cp_archive,408,0.4491,408,50.0,0.0,0.0,50.0,0.1225,0.0,0.0,0.1225,0,0.0,4.3701,1,0.0,0.0,0,51,2,25.5,209150,4183.0
benign_cp_archive_50x64k_1,2976,0,,cp_archive,26,0.0829,26,0.0,0.0,0.0,0.0,0.0,0.0,0.0,0.0,0,0.0,0.0,0,0.0,0.0,0,0,0,0.0,0,0.0
benign_cp_archive_50x64k_1,6211,0,,cp_archive,1809,1.0519,1809,1568.5421,0.0,0.0,47.5316,0.9121,0.0,0.0,0.0,0,0.0,3.9077,1,0.0,0.0,0,50,1,50.0,3279650,1987.67
benign_cp_archive_50x64k_1,11168,0,,cp_archive,458,0.2389,458,100.0,0.0,0.0,50.0,0.2183,0.0,0.0,0.1092,0,0.0,4.3525,1,0.0,0.0,0,51,2,25.5,3279650,32796.5
benign_cp_archive_50x64k_2,2976,0,,cp_archive,26,0.0462,26,0.0,0.0,0.0,0.0,0.0,0.0,0.0,0.0,0,0.0,0.0,0,0.0,0.0,0,0,0,0.0,0,0.0
benign_cp_archive_50x64k_2,6211,0,,cp_archive,1810,1.1028,1810,1496.1317,0.0,0.0,45.3373,0.9116,0.0,0.0,0.0,0,0.0,3.9077,1,0.0,0.0,0,50,1,50.0,3279650,1987.67
benign_cp_archive_50x64k_2,11188,0,,cp_archive,458,0.2339,458,100.0,0.0,0.0,50.0,0.2183,0.0,0.0,0.1092,0,0.0,4.3525,1,0.0,0.0,0,51,2,25.5,3279650,32796.5
benign_dd_copy_10x4k_1,2976,0,,dd_copy,26,0.039,26,0.0,0.0,0.0,0.0,0.0,0.0,0.0,0.0,0,0.0,0.0,0,0.0,0.0,0,0,0,0.0,0,0.0
benign_dd_copy_10x4k_1,6211,0,,dd_copy,7,0.0322,7,1.0,0.0,0.0,1.0,0.1429,0.0,0.0,0.0,1,1.0,7.1144,1,0.0,0.0,0,1,1,1.0,524288,524288.0
benign_dd_copy_10x4k_1,11383,0,,dd_copy,19,0.0128,19,8.0,0.0,0.0,1.0,0.4211,0.0,0.0,0.2105,8,1.0,7.1678,1,0.0,0.0,0,1,1,1.0,524288,65536.0
benign_dd_copy_10x4k_2,2976,0,,dd_copy,26,0.0436,26,0.0,0.0,0.0,0.0,0.0,0.0,0.0,0.0,0,0.0,0.0,0,0.0,0.0,0,0,0,0.0,0,0.0
benign_dd_copy_10x4k_2,6211,0,,dd_copy,7,0.0208,7,1.0,0.0,0.0,1.0,0.1429,0.0,0.0,0.0,1,1.0,7.2302,1,0.0,0.0,0,1,1,1.0,524288,524288.0
benign_dd_copy_10x4k_2,11404,0,,dd_copy,19,0.0163,19,8.0,0.0,0.0,1.0,0.4211,0.0,0.0,0.2105,8,1.0,7.181,1,0.0,0.0,0,1,1,1.0,524288,65536.0
benign_dd_copy_10x64k_1,2976,0,,dd_copy,26,0.0448,26,0.0,0.0,0.0,0.0,0.0,0.0,0.0,0.0,0,0.0,0.0,0,0.0,0.0,0,0,0,0.0,0,0.0
benign_dd_copy_10x64k_1,6211,0,,dd_copy,7,0.0186,7,1.0,0.0,0.0,1.0,0.1429,0.0,0.0,0.0,1,1.0,7.1608,1,0.0,0.0,0,1,1,1.0,655360,655360.0
benign_dd_copy_10x64k_1,11429,0,,dd_copy,22,0.0169,22,10.0,0.0,0.0,1.0,0.4545,0.0,0.0,0.2273,10,1.0,7.154,1,0.0,0.0,0,1,1,1.0,655360,65536.0
benign_dd_copy_10x64k_2,2976,0,,dd_copy,26,0.0352,26,0.0,0.0,0.0,0.0,0.0,0.0,0.0,0.0,0,0.0,0.0,0,0.0,0.0,0,0,0,0.0,0,0.0
benign_dd_copy_10x64k_2,6211,0,,dd_copy,7,0.0147,7,1.0,0.0,0.0,1.0,0.1429,0.0,0.0,0.0,1,1.0,7.153,1,0.0,0.0,0,1,1,1.0,655360,655360.0
benign_dd_copy_10x64k_2,11448,0,,dd_copy,22,0.0229,22,10.0,0.0,0.0,1.0,0.4545,0.0,0.0,0.2273,10,1.0,7.194,1,0.0,0.0,0,1,1,1.0,655360,65536.0
benign_dd_copy_50x4k_1,2976,0,,dd_copy,26,0.0534,26,0.0,0.0,0.0,0.0,0.0,0.0,0.0,0.0,0,0.0,0.0,0,0.0,0.0,0,0,0,0.0,0,0.0
benign_dd_copy_50x4k_1,6211,0,,dd_copy,7,0.0307,7,1.0,0.0,0.0,1.0,0.1429,0.0,0.0,0.0,1,1.0,7.0965,1,0.0,0.0,0,1,1,1.0,524288,524288.0
benign_dd_copy_50x4k_1,11469,0,,dd_copy,19,0.0154,19,8.0,0.0,0.0,1.0,0.4211,0.0,0.0,0.2105,8,1.0,7.1449,1,0.0,0.0,0,1,1,1.0,524288,65536.0
benign_dd_copy_50x4k_2,2976,0,,dd_copy,26,0.055,26,0.0,0.0,0.0,0.0,0.0,0.0,0.0,0.0,0,0.0,0.0,0,0.0,0.0,0,0,0,0.0,0,0.0
benign_dd_copy_50x4k_2,6211,0,,dd_copy,7,0.0166,7,1.0,0.0,0.0,1.0,0.1429,0.0,0.0,0.0,1,1.0,7.1385,1,0.0,0.0,0,1,1,1.0,524288,524288.0
benign_dd_copy_50x4k_2,11489,0,,dd_copy,19,0.0185,19,8.0,0.0,0.0,1.0,0.4211,0.0,0.0,0.2105,8,1.0,7.1823,1,0.0,0.0,0,1,1,1.0,524288,65536.0
benign_dd_copy_50x64k_1,2976,0,,dd_copy,26,0.0468,26,0.0,0.0,0.0,0.0,0.0,0.0,0.0,0.0,0,0.0,0.0,0,0.0,0.0,0,0,0,0.0,0,0.0
benign_dd_copy_50x64k_1,6211,0,,dd_copy,10,0.0538,10,4.0,0.0,0.0,1.0,0.4,0.0,0.0,0.0,4,1.0,7.1702,1,0.0,0.0,0,1,1,1.0,3276800,819200.0
benign_dd_copy_50x64k_1,11509,0,,dd_copy,82,0.1583,82,50.0,0.0,0.0,1.0,0.6098,0.0,0.0,0.3049,50,1.0,7.1738,1,0.0,0.0,0,1,1,1.0,3276800,65536.0
benign_dd_copy_50x64k_2,2976,0,,dd_copy,26,0.0395,26,0.0,0.0,0.0,0.0,0.0,0.0,0.0,0.0,0,0.0,0.0,0,0.0,0.0,0,0,0,0.0,0,0.0
benign_dd_copy_50x64k_2,6211,0,,dd_copy,10,0.045,10,4.0,0.0,0.0,1.0,0.4,0.0,0.0,0.0,4,1.0,7.1372,1,0.0,0.0,0,1,1,1.0,3276800,819200.0
benign_dd_copy_50x64k_2,11529,0,,dd_copy,82,0.0874,82,50.0,0.0,0.0,1.0,0.6098,0.0,0.0,0.3049,50,1.0,7.17,1,0.0,0.0,0,1,1,1.0,3276800,65536.0
benign_find_chmod_10x4k_1,2976,0,,find_chmod,26,0.0434,26,0.0,0.0,0.0,0.0,0.0,0.0,0.0,0.0,0,0.0,0.0,0,0.0,0.0,0,0,0,0.0,0,0.0
benign_find_chmod_10x4k_1,6211,0,,find_chmod,67,0.0402,67,30.0,0.0,0.0,10.0,0.4478,0.0,0.0,0.0,0,0.0,3.2477,1,0.0,0.0,0,10,1,10.0,41830,1394.33
benign_find_chmod_10x4k_1,10872,0,,find_chmod,4,0.002,4,0.0,0.0,0.0,0.0,0.0,0.0,0.0,0.0,0,0.0,0.0,0,0.0,0.0,0,0,0,0.0,0,0.0
benign_find_chmod_10x4k_1,10873,0,,find_chmod,10,0.0059,10,0.0,0.0,0.0,0.0,0.0,0.0,0.0,0.0,0,0.0,0.0,0,0.0,0.0,0,10,1,10.0,0,0.0
benign_find_chmod_10x4k_2,2976,0,,find_chmod,26,0.0572,26,0.0,0.0,0.0,0.0,0.0,0.0,0.0,0.0,0,0.0,0.0,0,0.0,0.0,0,0,0,0.0,0,0.0
benign_find_chmod_10x4k_2,6211,0,,find_chmod,67,0.0807,67,30.0,0.0,0.0,10.0,0.4478,0.0,0.0,0.0,0,0.0,3.2477,1,0.0,0.0,0,10,1,10.0,41830,1394.33
benign_find_chmod_10x4k_2,10894,0,,find_chmod,4,0.0017,4,0.0,0.0,0.0,0.0,0.0,0.0,0.0,0.0,0,0.0,0.0,0,0.0,0.0,0,0,0,0.0,0,0.0
benign_find_chmod_10x4k_2,10895,0,,find_chmod,10,0.0044,10,0.0,0.0,0.0,0.0,0.0,0.0,0.0,0.0,0,0.0,0.0,0,0.0,0.0,0,10,1,10.0,0,0.0
benign_find_chmod_10x64k_1,2976,0,,find_chmod,26,0.0455,26,0.0,0.0,0.0,0.0,0.0,0.0,0.0,0.0,0,0.0,0.0,0,0.0,0.0,0,0,0,0.0,0,0.0
benign_find_chmod_10x64k_1,6211,0,,find_chmod,367,0.1839,367,330.0,0.0,0.0,10.0,0.8992,0.0,0.0,0.0,0,0.0,3.9077,1,0.0,0.0,0,10,1,10.0,655930,1987.67
benign_find_chmod_10x64k_1,10916,0,,find_chmod,4,0.0017,4,0.0,0.0,0.0,0.0,0.0,0.0,0.0,0.0,0,0.0,0.0,0,0.0,0.0,0,0,0,0.0,0,0.0
benign_find_chmod_10x64k_1,10917,0,,find_chmod,10,0.0121,10,0.0,0.0,0.0,0.0,0.0,0.0,0.0,0.0,0,0.0,0.0,0,0.0,0.0,0,10,1,10.0,0,0.0
benign_find_chmod_10x64k_2,2976,0,,find_chmod,26,0.0433,26,0.0,0.0,0.0,0.0,0.0,0.0,0.0,0.0,0,0.0,0.0,0,0.0,0.0,0,0,0,0.0,0,0.0
benign_find_chmod_10x64k_2,6211,0,,find_chmod,367,0.1838,367,330.0,0.0,0.0,10.0,0.8992,0.0,0.0,0.0,0,0.0,3.9077,1,0.0,0.0,0,10,1,10.0,655930,1987.67
benign_find_chmod_10x64k_2,10938,0,,find_chmod,4,0.003,4,0.0,0.0,0.0,0.0,0.0,0.0,0.0,0.0,0,0.0,0.0,0,0.0,0.0,0,0,0,0.0,0,0.0
benign_find_chmod_10x64k_2,10939,0,,find_chmod,10,0.005,10,0.0,0.0,0.0,0.0,0.0,0.0,0.0,0.0,0,0.0,0.0,0,0.0,0.0,0,10,1,10.0,0,0.0
benign_find_chmod_50x4k_1,2976,0,,find_chmod,26,0.0393,26,0.0,0.0,0.0,0.0,0.0,0.0,0.0,0.0,0,0.0,0.0,0,0.0,0.0,0,0,0,0.0,0,0.0
benign_find_chmod_50x4k_1,6211,0,,find_chmod,307,0.2463,307,150.0,0.0,0.0,50.0,0.4886,0.0,0.0,0.0,0,0.0,3.2477,1,0.0,0.0,0,50,1,50.0,209150,1394.33
benign_find_chmod_50x4k_1,10960,0,,find_chmod,4,0.002,4,0.0,0.0,0.0,0.0,0.0,0.0,0.0,0.0,0,0.0,0.0,0,0.0,0.0,0,0,0,0.0,0,0.0
benign_find_chmod_50x4k_1,10961,0,,find_chmod,50,0.0194,50,0.0,0.0,0.0,0.0,0.0,0.0,0.0,0.0,0,0.0,0.0,0,0.0,0.0,0,50,1,50.0,0,0.0
benign_find_chmod_50x4k_2,2976,0,,find_chmod,26,0.0383,26,0.0,0.0,0.0,0.0,0.0,0.0,0.0,0.0,0,0.0,0.0,0,0.0,0.0,0,0,0,0.0,0,0.0
benign_find_chmod_50x4k_2,6211,0,,find_chmod,307,0.1742,307,150.0,0.0,0.0,50.0,0.4886,0.0,0.0,0.0,0,0.0,3.2477,1,0.0,0.0,0,50,1,50.0,209150,1394.33
benign_find_chmod_50x4k_2,10982,0,,find_chmod,4,0.0019,4,0.0,0.0,0.0,0.0,0.0,0.0,0.0,0.0,0,0.0,0.0,0,0.0,0.0,0,0,0,0.0,0,0.0
benign_find_chmod_50x4k_2,10983,0,,find_chmod,50,0.0239,50,0.0,0.0,0.0,0.0,0.0,0.0,0.0,0.0,0,0.0,0.0,0,0.0,0.0,0,50,1,50.0,0,0.0
benign_find_chmod_50x64k_1,2976,0,,find_chmod,26,0.047,26,0.0,0.0,0.0,0.0,0.0,0.0,0.0,0.0,0,0.0,0.0,0,0.0,0.0,0,0,0,0.0,0,0.0
benign_find_chmod_50x64k_1,6211,0,,find_chmod,1809,1.0426,1809,1582.6506,0.0,0.0,47.9591,0.9121,0.0,0.0,0.0,0,0.0,3.9077,1,0.0,0.0,0,50,1,50.0,3279650,1987.67
benign_find_chmod_50x64k_1,11004,0,,find_chmod,4,0.0013,4,0.0,0.0,0.0,0.0,0.0,0.0,0.0,0.0,0,0.0,0.0,0,0.0,0.0,0,0,0,0.0,0,0.0
benign_find_chmod_50x64k_1,11005,0,,find_chmod,50,0.027,50,0.0,0.0,0.0,0.0,0.0,0.0,0.0,0.0,0,0.0,0.0,0,0.0,0.0,0,50,1,50.0,0,0.0
benign_find_chmod_50x64k_2,2976,0,,find_chmod,26,0.0404,26,0.0,0.0,0.0,0.0,0.0,0.0,0.0,0.0,0,0.0,0.0,0,0.0,0.0,0,0,0,0.0,0,0.0
benign_find_chmod_50x64k_2,6211,0,,find_chmod,1808,0.9798,1808,1650.0,0.0,0.0,50.0,0.9126,0.0,0.0,0.0,0,0.0,3.9077,1,0.0,0.0,0,50,1,50.0,3279650,1987.67
benign_find_chmod_50x64k_2,11026,0,,find_chmod,4,0.0019,4,0.0,0.0,0.0,0.0,0.0,0.0,0.0,0.0,0,0.0,0.0,0,0.0,0.0,0,0,0,0.0,0,0.0
benign_find_chmod_50x64k_2,11027,0,,find_chmod,50,0.0257,50,0.0,0.0,0.0,0.0,0.0,0.0,0.0,0.0,0,0.0,0.0,0,0.0,0.0,0,50,1,50.0,0,0.0
benign_gcc_compile_10x4k_1,2976,0,,gcc_compile,26,0.0514,26,0.0,0.0,0.0,0.0,0.0,0.0,0.0,0.0,0,0.0,0.0,0,0.0,0.0,0,0,0,0.0,0,0.0
benign_gcc_compile_10x4k_1,6211,0,,gcc_compile,51,0.0741,51,11.0,0.0,0.0,11.0,0.2157,0.0,0.0,0.0,0,0.0,4.0051,1,0.0,0.0,0,11,1,11.0,316,28.73
benign_gcc_compile_10x4k_1,12915,0,,gcc_compile,5,0.9005,5,0.0,0.0,0.0,0.0,0.0,0.0,0.0,0.0,0,0.0,0.0,0,0.0,0.0,0,0,0,0.0,0,0.0
benign_gcc_compile_10x4k_1,12917,0,,gcc_compile,3,0.0009,3,0.0,0.0,0.0,0.0,0.0,0.0,0.0,0.3333,0,0.0,0.0,0,0.0,0.0,0,0,0,0.0,0,0.0
benign_gcc_compile_10x4k_1,12918,0,,gcc_compile,14,0.0083,14,7.0,0.0,0.0,1.0,0.5,0.0,0.0,0.3571,0,0.0,2.1481,1,0.8571,0.0,0,1,1,1.0,1218,174.0
benign_gcc_compile_10x4k_1,12920,0,,gcc_compile,3,0.0012,3,0.0,0.0,0.0,0.0,0.0,0.0,0.0,0.3333,0,0.0,0.0,0,0.0,0.0,0,0,0,0.0,0,0.0
benign_gcc_compile_10x4k_1,12921,0,,gcc_compile,16,0.0147,16,8.0,0.0,0.0,1.0,0.5,0.0,0.0,0.375,0,0.0,2.3189,1,0.875,0.0,0,1,1,1.0,1219,152.38
benign_gcc_compile_10x4k_1,12923,0,,gcc_compile,3,0.0015,3,0.0,0.0,0.0,0.0,0.0,0.0,0.0,0.3333,0,0.0,0.0,0,0.0,0.0,0,0,0,0.0,0,0.0
benign_gcc_compile_10x4k_1,12924,0,,gcc_compile,16,0.0117,16,8.0,0.0,0.0,1.0,0.5,0.0,0.0,0.375,0,0.0,2.3208,1,0.875,0.0,0,1,1,1.0,1221,152.62
benign_gcc_compile_10x4k_1,12926,0,,gcc_compile,3,0.0011,3,0.0,0.0,0.0,0.0,0.0,0.0,0.0,0.3333,0,0.0,0.0,0,0.0,0.0,0,0,0,0.0,0,0.0
benign_gcc_compile_10x4k_1,12927,0,,gcc_compile,16,0.0193,16,8.0,0.0,0.0,1.0,0.5,0.0,0.0,0.375,0,0.0,2.3293,1,0.875,0.0,0,1,1,1.0,1225,153.12
benign_gcc_compile_10x4k_1,12929,0,,gcc_compile,3,0.0035,3,0.0,0.0,0.0,0.0,0.0,0.0,0.0,0.3333,0,0.0,0.0,0,0.0,0.0,0,0,0,0.0,0,0.0
benign_gcc_compile_10x4k_1,12930,0,,gcc_compile,16,0.0235,16,8.0,0.0,0.0,1.0,0.5,0.0,0.0,0.375,0,0.0,2.3329,1,0.875,0.0,0,1,1,1.0,1222,152.75
benign_gcc_compile_10x4k_1,12932,0,,gcc_compile,3,0.0015,3,0.0,0.0,0.0,0.0,0.0,0.0,0.0,0.3333,0,0.0,0.0,0,0.0,0.0,0,0,0,0.0,0,0.0
benign_gcc_compile_10x4k_1,12933,0,,gcc_compile,14,0.0135,14,7.0,0.0,0.0,1.0,0.5,0.0,0.0,0.3571,0,0.0,2.1898,1,0.8571,0.0,0,1,1,1.0,1226,175.14
benign_gcc_compile_10x4k_1,12935,0,,gcc_compile,3,0.0017,3,0.0,0.0,0.0,0.0,0.0,0.0,0.0,0.3333,0,0.0,0.0,0,0.0,0.0,0,0,0,0.0,0,0.0
benign_gcc_compile_10x4k_1,12936,0,,gcc_compile,16,0.0176,16,8.0,0.0,0.0,1.0,0.5,0.0,0.0,0.375,0,0.0,2.3225,1,0.875,0.0,0,1,1,1.0,1227,153.38
benign_gcc_compile_10x4k_1,12938,0,,gcc_compile,3,0.0008,3,0.0,0.0,0.0,0.0,0.0,0.0,0.0,0.3333,0,0.0,0.0,0,0.0,0.0,0,0,0,0.0,0,0.0
benign_gcc_compile_10x4k_1,12939,0,,gcc_compile,14,0.0152,14,7.0,0.0,0.0,1.0,0.5,0.0,0.0,0.3571,0,0.0,2.1922,1,0.8571,0.0,0,1,1,1.0,1226,175.14
benign_gcc_compile_10x4k_1,12941,0,,gcc_compile,3,0.0019,3,0.0,0.0,0.0,0.0,0.0,0.0,0.0,0.3333,0,0.0,0.0,0,0.0,0.0,0,0,0,0.0,0,0.0
benign_gcc_compile_10x4k_1,12942,0,,gcc_compile,16,0.011,16,8.0,0.0,0.0,1.0,0.5,0.0,0.0,0.375,0,0.0,2.3329,1,0.875,0.0,0,1,1,1.0,1222,152.75
benign_gcc_compile_10x4k_1,12944,0,,gcc_compile,3,0.0009,3,0.0,0.0,0.0,0.0,0.0,0.0,0.0,0.3333,0,0.0,0.0,0,0.0,0.0,0,0,0,0.0,0,0.0
benign_gcc_compile_10x4k_1,12945,0,,gcc_compile,14,0.0112,14,7.0,0.0,0.0,1.0,0.5,0.0,0.0,0.3571,0,0.0,2.1905,1,0.8571,0.0,0,1,1,1.0,1226,175.14
benign_gcc_compile_10x4k_1,12947,0,,gcc_compile,3,0.001,3,0.0,0.0,0.0,0.0,0.0,0.0,0.0,0.3333,0,0.0,0.0,0,0.0,0.0,0,0,0,0.0,0,0.0
benign_gcc_compile_10x4k_1,12950,0,,gcc_compile,169,0.1356,169,60.0,0.0,0.0,1.0,0.355,0.0,0.0,0.3787,0,0.0,2.8068,1,0.9833,0.0,0,1,1,1.0,7306,121.77
benign_gcc_compile_10x4k_2,2976,0,,gcc_compile,26,0.0417,26,0.0,0.0,0.0,0.0,0.0,0.0,0.0,0.0,0,0.0,0.0,0,0.0,0.0,0,0,0,0.0,0,0.0
benign_gcc_compile_10x4k_2,6211,0,,gcc_compile,51,0.0341,51,11.0,0.0,0.0,11.0,0.2157,0.0,0.0,0.0,0,0.0,4.0051,1,0.0,0.0,0,11,1,11.0,316,28.73
benign_gcc_compile_10x4k_2,12970,0,,gcc_compile,5,0.7985,5,0.0,0.0,0.0,0.0,0.0,0.0,0.0,0.0,0,0.0,0.0,0,0.0,0.0,0,0,0,0.0,0,0.0
benign_gcc_compile_10x4k_2,12972,0,,gcc_compile,3,0.0014,3,0.0,0.0,0.0,0.0,0.0,0.0,0.0,0.3333,0,0.0,0.0,0,0.0,0.0,0,0,0,0.0,0,0.0
benign_gcc_compile_10x4k_2,12973,0,,gcc_compile,14,0.0137,14,7.0,0.0,0.0,1.0,0.5,0.0,0.0,0.3571,0,0.0,2.1481,1,0.8571,0.0,0,1,1,1.0,1218,174.0
benign_gcc_compile_10x4k_2,12975,0,,gcc_compile,3,0.0018,3,0.0,0.0,0.0,0.0,0.0,0.0,0.0,0.3333,0,0.0,0.0,0,0.0,0.0,0,0,0,0.0,0,0.0
benign_gcc_compile_10x4k_2,12976,0,,gcc_compile,16,0.0118,16,8.0,0.0,0.0,1.0,0.5,0.0,0.0,0.375,0,0.0,2.3189,1,0.875,0.0,0,1,1,1.0,1219,152.38
benign_gcc_compile_10x4k_2,12978,0,,gcc_compile,3,0.0015,3,0.0,0.0,0.0,0.0,0.0,0.0,0.0,0.3333,0,0.0,0.0,0,0.0,0.0,0,0,0,0.0,0,0.0
benign_gcc_compile_10x4k_2,12979,0,,gcc_compile,16,0.0135,16,8.0,0.0,0.0,1.0,0.5,0.0,0.0,0.375,0,0.0,2.3208,1,0.875,0.0,0,1,1,1.0,1221,152.62
benign_gcc_compile_10x4k_2,12981,0,,gcc_compile,3,0.002,3,0.0,0.0,0.0,0.0,0.0,0.0,0.0,0.3333,0,0.0,0.0,0,0.0,0.0,0,0,0,0.0,0,0.0
benign_gcc_compile_10x4k_2,12982,0,,gcc_compile,16,0.0091,16,8.0,0.0,0.0,1.0,0.5,0.0,0.0,0.375,0,0.0,2.3293,1,0.875,0.0,0,1,1,1.0,1225,153.12
benign_gcc_compile_10x4k_2,12984,0,,gcc_compile,3,0.0009,3,0.0,0.0,0.0,0.0,0.0,0.0,0.0,0.3333,0,0.0,0.0,0,0.0,0.0,0,0,0,0.0,0,0.0
benign_gcc_compile_10x4k_2,12985,0,,gcc_compile,16,0.0152,16,8.0,0.0,0.0,1.0,0.5,0.0,0.0,0.375,0,0.0,2.3329,1,0.875,0.0,0,1,1,1.0,1222,152.75
benign_gcc_compile_10x4k_2,12987,0,,gcc_compile,3,0.0014,3,0.0,0.0,0.0,0.0,0.0,0.0,0.0,0.3333,0,0.0,0.0,0,0.0,0.0,0,0,0,0.0,0,0.0
benign_gcc_compile_10x4k_2,12988,0,,gcc_compile,14,0.0092,14,7.0,0.0,0.0,1.0,0.5,0.0,0.0,0.3571,0,0.0,2.1898,1,0.8571,0.0,0,1,1,1.0,1226,175.14
benign_gcc_compile_10x4k_2,12990,0,,gcc_compile,3,0.001,3,0.0,0.0,0.0,0.0,0.0,0.0,0.0,0.3333,0,0.0,0.0,0,0.0,0.0,0,0,0,0.0,0,0.0
benign_gcc_compile_10x4k_2,12991,0,,gcc_compile,16,0.0106,16,8.0,0.0,0.0,1.0,0.5,0.0,0.0,0.375,0,0.0,2.3225,1,0.875,0.0,0,1,1,1.0,1227,153.38
benign_gcc_compile_10x4k_2,12993,0,,gcc_compile,3,0.001,3,0.0,0.0,0.0,0.0,0.0,0.0,0.0,0.3333,0,0.0,0.0,0,0.0,0.0,0,0,0,0.0,0,0.0
benign_gcc_compile_10x4k_2,12994,0,,gcc_compile,14,0.0121,14,7.0,0.0,0.0,1.0,0.5,0.0,0.0,0.3571,0,0.0,2.1922,1,0.8571,0.0,0,1,1,1.0,1226,175.14
benign_gcc_compile_10x4k_2,12996,0,,gcc_compile,3,0.0009,3,0.0,0.0,0.0,0.0,0.0,0.0,0.0,0.3333,0,0.0,0.0,0,0.0,0.0,0,0,0,0.0,0,0.0
benign_gcc_compile_10x4k_2,12997,0,,gcc_compile,16,0.0111,16,8.0,0.0,0.0,1.0,0.5,0.0,0.0,0.375,0,0.0,2.3329,1,0.875,0.0,0,1,1,1.0,1222,152.75
benign_gcc_compile_10x4k_2,12999,0,,gcc_compile,3,0.0016,3,0.0,0.0,0.0,0.0,0.0,0.0,0.0,0.3333,0,0.0,0.0,0,0.0,0.0,0,0,0,0.0,0,0.0
benign_gcc_compile_10x4k_2,13000,0,,gcc_compile,14,0.0108,14,7.0,0.0,0.0,1.0,0.5,0.0,0.0,0.3571,0,0.0,2.1905,1,0.8571,0.0,0,1,1,1.0,1226,175.14
benign_gcc_compile_10x4k_2,13002,0,,gcc_compile,3,0.001,3,0.0,0.0,0.0,0.0,0.0,0.0,0.0,0.3333,0,0.0,0.0,0,0.0,0.0,0,0,0,0.0,0,0.0
benign_gcc_compile_10x4k_2,13005,0,,gcc_compile,169,0.1543,169,60.0,0.0,0.0,1.0,0.355,0.0,0.0,0.3787,0,0.0,2.8068,1,0.9833,0.0,0,1,1,1.0,7306,121.77
benign_gcc_compile_10x64k_1,2976,0,,gcc_compile,26,0.0398,26,0.0,0.0,0.0,0.0,0.0,0.0,0.0,0.0,0,0.0,0.0,0,0.0,0.0,0,0,0,0.0,0,0.0
benign_gcc_compile_10x64k_1,6211,0,,gcc_compile,51,0.0495,51,11.0,0.0,0.0,11.0,0.2157,0.0,0.0,0.0,0,0.0,4.0051,1,0.0,0.0,0,11,1,11.0,316,28.73
benign_gcc_compile_10x64k_1,13025,0,,gcc_compile,5,0.6593,5,0.0,0.0,0.0,0.0,0.0,0.0,0.0,0.0,0,0.0,0.0,0,0.0,0.0,0,0,0,0.0,0,0.0
benign_gcc_compile_10x64k_1,13027,0,,gcc_compile,3,0.0011,3,0.0,0.0,0.0,0.0,0.0,0.0,0.0,0.3333,0,0.0,0.0,0,0.0,0.0,0,0,0,0.0,0,0.0
benign_gcc_compile_10x64k_1,13028,0,,gcc_compile,14,0.0067,14,7.0,0.0,0.0,1.0,0.5,0.0,0.0,0.3571,0,0.0,2.1481,1,0.8571,0.0,0,1,1,1.0,1218,174.0
benign_gcc_compile_10x64k_1,13030,0,,gcc_compile,3,0.001,3,0.0,0.0,0.0,0.0,0.0,0.0,0.0,0.3333,0,0.0,0.0,0,0.0,0.0,0,0,0,0.0,0,0.0
benign_gcc_compile_10x64k_1,13031,0,,gcc_compile,16,0.0103,16,8.0,0.0,0.0,1.0,0.5,0.0,0.0,0.375,0,0.0,2.3189,1,0.875,0.0,0,1,1,1.0,1219,152.38
benign_gcc_compile_10x64k_1,13033,0,,gcc_compile,3,0.0011,3,0.0,0.0,0.0,0.0,0.0,0.0,0.0,0.3333,0,0.0,0.0,0,0.0,0.0,0,0,0,0.0,0,0.0
benign_gcc_compile_10x64k_1,13034,0,,gcc_compile,16,0.0134,16,8.0,0.0,0.0,1.0,0.5,0.0,0.0,0.375,0,0.0,2.3208,1,0.875,0.0,0,1,1,1.0,1221,152.62
benign_gcc_compile_10x64k_1,13036,0,,gcc_compile,3,0.0012,3,0.0,0.0,0.0,0.0,0.0,0.0,0.0,0.3333,0,0.0,0.0,0,0.0,0.0,0,0,0,0.0,0,0.0
benign_gcc_compile_10x64k_1,13037,0,,gcc_compile,16,0.0113,16,8.0,0.0,0.0,1.0,0.5,0.0,0.0,0.375,0,0.0,2.3293,1,0.875,0.0,0,1,1,1.0,1225,153.12
benign_gcc_compile_10x64k_1,13039,0,,gcc_compile,3,0.0009,3,0.0,0.0,0.0,0.0,0.0,0.0,0.0,0.3333,0,0.0,0.0,0,0.0,0.0,0,0,0,0.0,0,0.0
benign_gcc_compile_10x64k_1,13040,0,,gcc_compile,16,0.0101,16,8.0,0.0,0.0,1.0,0.5,0.0,0.0,0.375,0,0.0,2.3329,1,0.875,0.0,0,1,1,1.0,1222,152.75
benign_gcc_compile_10x64k_1,13042,0,,gcc_compile,3,0.001,3,0.0,0.0,0.0,0.0,0.0,0.0,0.0,0.3333,0,0.0,0.0,0,0.0,0.0,0,0,0,0.0,0,0.0
benign_gcc_compile_10x64k_1,13043,0,,gcc_compile,14,0.0064,14,7.0,0.0,0.0,1.0,0.5,0.0,0.0,0.3571,0,0.0,2.1898,1,0.8571,0.0,0,1,1,1.0,1226,175.14
benign_gcc_compile_10x64k_1,13045,0,,gcc_compile,3,0.0011,3,0.0,0.0,0.0,0.0,0.0,0.0,0.0,0.3333,0,0.0,0.0,0,0.0,0.0,0,0,0,0.0,0,0.0
benign_gcc_compile_10x64k_1,13046,0,,gcc_compile,16,0.0096,16,8.0,0.0,0.0,1.0,0.5,0.0,0.0,0.375,0,0.0,2.3225,1,0.875,0.0,0,1,1,1.0,1227,153.38
benign_gcc_compile_10x64k_1,13048,0,,gcc_compile,3,0.0012,3,0.0,0.0,0.0,0.0,0.0,0.0,0.0,0.3333,0,0.0,0.0,0,0.0,0.0,0,0,0,0.0,0,0.0
benign_gcc_compile_10x64k_1,13049,0,,gcc_compile,14,0.0127,14,7.0,0.0,0.0,1.0,0.5,0.0,0.0,0.3571,0,0.0,2.1922,1,0.8571,0.0,0,1,1,1.0,1226,175.14
benign_gcc_compile_10x64k_1,13051,0,,gcc_compile,3,0.0009,3,0.0,0.0,0.0,0.0,0.0,0.0,0.0,0.3333,0,0.0,0.0,0,0.0,0.0,0,0,0,0.0,0,0.0
benign_gcc_compile_10x64k_1,13052,0,,gcc_compile,16,0.01,16,8.0,0.0,0.0,1.0,0.5,0.0,0.0,0.375,0,0.0,2.3329,1,0.875,0.0,0,1,1,1.0,1222,152.75
benign_gcc_compile_10x64k_1,13054,0,,gcc_compile,3,0.0008,3,0.0,0.0,0.0,0.0,0.0,0.0,0.0,0.3333,0,0.0,0.0,0,0.0,0.0,0,0,0,0.0,0,0.0
benign_gcc_compile_10x64k_1,13055,0,,gcc_compile,14,0.0107,14,7.0,0.0,0.0,1.0,0.5,0.0,0.0,0.3571,0,0.0,2.1905,1,0.8571,0.0,0,1,1,1.0,1226,175.14
benign_gcc_compile_10x64k_1,13057,0,,gcc_compile,3,0.0009,3,0.0,0.0,0.0,0.0,0.0,0.0,0.0,0.3333,0,0.0,0.0,0,0.0,0.0,0,0,0,0.0,0,0.0
benign_gcc_compile_10x64k_1,13060,0,,gcc_compile,167,0.1325,167,60.0,0.0,0.0,1.0,0.3593,0.0,0.0,0.3832,0,0.0,2.8068,1,0.9833,0.0,0,1,1,1.0,7306,121.77
benign_gcc_compile_10x64k_2,2976,0,,gcc_compile,26,0.0549,26,0.0,0.0,0.0,0.0,0.0,0.0,0.0,0.0,0,0.0,0.0,0,0.0,0.0,0,0,0,0.0,0,0.0
benign_gcc_compile_10x64k_2,6211,0,,gcc_compile,51,0.0784,51,11.0,0.0,0.0,11.0,0.2157,0.0,0.0,0.0,0,0.0,4.0051,1,0.0,0.0,0,11,1,11.0,316,28.73
benign_gcc_compile_10x64k_2,13081,0,,gcc_compile,5,0.6778,5,0.0,0.0,0.0,0.0,0.0,0.0,0.0,0.0,0,0.0,0.0,0,0.0,0.0,0,0,0,0.0,0,0.0
benign_gcc_compile_10x64k_2,13083,0,,gcc_compile,3,0.0009,3,0.0,0.0,0.0,0.0,0.0,0.0,0.0,0.3333,0,0.0,0.0,0,0.0,0.0,0,0,0,0.0,0,0.0
benign_gcc_compile_10x64k_2,13084,0,,gcc_compile,14,0.0099,14,7.0,0.0,0.0,1.0,0.5,0.0,0.0,0.3571,0,0.0,2.1481,1,0.8571,0.0,0,1,1,1.0,1218,174.0
benign_gcc_compile_10x64k_2,13086,0,,gcc_compile,3,0.0007,3,0.0,0.0,0.0,0.0,0.0,0.0,0.0,0.3333,0,0.0,0.0,0,0.0,0.0,0,0,0,0.0,0,0.0
benign_gcc_compile_10x64k_2,13087,0,,gcc_compile,16,0.0069,16,8.0,0.0,0.0,1.0,0.5,0.0,0.0,0.375,0,0.0,2.3189,1,0.875,0.0,0,1,1,1.0,1219,152.38
benign_gcc_compile_10x64k_2,13089,0,,gcc_compile,3,0.0012,3,0.0,0.0,0.0,0.0,0.0,0.0,0.0,0.3333,0,0.0,0.0,0,0.0,0.0,0,0,0,0.0,0,0.0
benign_gcc_compile_10x64k_2,13090,0,,gcc_compile,16,0.0132,16,8.0,0.0,0.0,1.0,0.5,0.0,0.0,0.375,0,0.0,2.3208,1,0.875,0.0,0,1,1,1.0,1221,152.62
benign_gcc_compile_10x64k_2,13092,0,,gcc_compile,3,0.001,3,0.0,0.0,0.0,0.0,0.0,0.0,0.0,0.3333,0,0.0,0.0,0,0.0,0.0,0,0,0,0.0,0,0.0
benign_gcc_compile_10x64k_2,13093,0,,gcc_compile,16,0.0087,16,8.0,0.0,0.0,1.0,0.5,0.0,0.0,0.375,0,0.0,2.3293,1,0.875,0.0,0,1,1,1.0,1225,153.12
benign_gcc_compile_10x64k_2,13095,0,,gcc_compile,3,0.0008,3,0.0,0.0,0.0,0.0,0.0,0.0,0.0,0.3333,0,0.0,0.0,0,0.0,0.0,0,0,0,0.0,0,0.0
benign_gcc_compile_10x64k_2,13096,0,,gcc_compile,16,0.0109,16,8.0,0.0,0.0,1.0,0.5,0.0,0.0,0.375,0,0.0,2.3329,1,0.875,0.0,0,1,1,1.0,1222,152.75
benign_gcc_compile_10x64k_2,13098,0,,gcc_compile,3,0.0008,3,0.0,0.0,0.0,0.0,0.0,0.0,0.0,0.3333,0,0.0,0.0,0,0.0,0.0,0,0,0,0.0,0,0.0
benign_gcc_compile_10x64k_2,13099,0,,gcc_compile,14,0.0122,14,7.0,0.0,0.0,1.0,0.5,0.0,0.0,0.3571,0,0.0,2.1898,1,0.8571,0.0,0,1,1,1.0,1226,175.14
benign_gcc_compile_10x64k_2,13101,0,,gcc_compile,3,0.002,3,0.0,0.0,0.0,0.0,0.0,0.0,0.0,0.3333,0,0.0,0.0,0,0.0,0.0,0,0,0,0.0,0,0.0
benign_gcc_compile_10x64k_2,13102,0,,gcc_compile,16,0.009,16,8.0,0.0,0.0,1.0,0.5,0.0,0.0,0.375,0,0.0,2.3225,1,0.875,0.0,0,1,1,1.0,1227,153.38
benign_gcc_compile_10x64k_2,13104,0,,gcc_compile,3,0.0012,3,0.0,0.0,0.0,0.0,0.0,0.0,0.0,0.3333,0,0.0,0.0,0,0.0,0.0,0,0,0,0.0,0,0.0
benign_gcc_compile_10x64k_2,13105,0,,gcc_compile,14,0.0067,14,7.0,0.0,0.0,1.0,0.5,0.0,0.0,0.3571,0,0.0,2.1922,1,0.8571,0.0,0,1,1,1.0,1226,175.14
benign_gcc_compile_10x64k_2,13107,0,,gcc_compile,3,0.001,3,0.0,0.0,0.0,0.0,0.0,0.0,0.0,0.3333,0,0.0,0.0,0,0.0,0.0,0,0,0,0.0,0,0.0
benign_gcc_compile_10x64k_2,13108,0,,gcc_compile,16,0.0159,16,8.0,0.0,0.0,1.0,0.5,0.0,0.0,0.375,0,0.0,2.3329,1,0.875,0.0,0,1,1,1.0,1222,152.75
benign_gcc_compile_10x64k_2,13110,0,,gcc_compile,3,0.001,3,0.0,0.0,0.0,0.0,0.0,0.0,0.0,0.3333,0,0.0,0.0,0,0.0,0.0,0,0,0,0.0,0,0.0
benign_gcc_compile_10x64k_2,13111,0,,gcc_compile,14,0.0197,14,7.0,0.0,0.0,1.0,0.5,0.0,0.0,0.3571,0,0.0,2.1905,1,0.8571,0.0,0,1,1,1.0,1226,175.14
benign_gcc_compile_10x64k_2,13113,0,,gcc_compile,3,0.0014,3,0.0,0.0,0.0,0.0,0.0,0.0,0.0,0.3333,0,0.0,0.0,0,0.0,0.0,0,0,0,0.0,0,0.0
benign_gcc_compile_10x64k_2,13116,0,,gcc_compile,167,0.1466,167,60.0,0.0,0.0,1.0,0.3593,0.0,0.0,0.3832,0,0.0,2.8068,1,0.9833,0.0,0,1,1,1.0,7306,121.77
benign_gcc_compile_50x4k_1,2976,0,,gcc_compile,26,0.0405,26,0.0,0.0,0.0,0.0,0.0,0.0,0.0,0.0,0,0.0,0.0,0,0.0,0.0,0,0,0,0.0,0,0.0
benign_gcc_compile_50x4k_1,6211,0,,gcc_compile,211,0.1615,211,51.0,0.0,0.0,51.0,0.2417,0.0,0.0,0.0,0,0.0,4.0409,1,0.0,0.0,0,51,1,51.0,1596,31.29
benign_gcc_compile_50x4k_1,13136,0,,gcc_compile,5,3.5552,5,0.0,0.0,0.0,0.0,0.0,0.0,0.0,0.0,0,0.0,0.0,0,0.0,0.0,0,0,0,0.0,0,0.0
benign_gcc_compile_50x4k_1,13138,0,,gcc_compile,3,0.001,3,0.0,0.0,0.0,0.0,0.0,0.0,0.0,0.3333,0,0.0,0.0,0,0.0,0.0,0,0,0,0.0,0,0.0
benign_gcc_compile_50x4k_1,13139,0,,gcc_compile,14,0.0172,14,7.0,0.0,0.0,1.0,0.5,0.0,0.0,0.3571,0,0.0,2.1481,1,0.8571,0.0,0,1,1,1.0,1218,174.0
benign_gcc_compile_50x4k_1,13141,0,,gcc_compile,3,0.0013,3,0.0,0.0,0.0,0.0,0.0,0.0,0.0,0.3333,0,0.0,0.0,0,0.0,0.0,0,0,0,0.0,0,0.0
benign_gcc_compile_50x4k_1,13142,0,,gcc_compile,16,0.0117,16,8.0,0.0,0.0,1.0,0.5,0.0,0.0,0.375,0,0.0,2.3189,1,0.875,0.0,0,1,1,1.0,1219,152.38
benign_gcc_compile_50x4k_1,13144,0,,gcc_compile,3,0.0013,3,0.0,0.0,0.0,0.0,0.0,0.0,0.0,0.3333,0,0.0,0.0,0,0.0,0.0,0,0,0,0.0,0,0.0
benign_gcc_compile_50x4k_1,13145,0,,gcc_compile,16,0.0111,16,8.0,0.0,0.0,1.0,0.5,0.0,0.0,0.375,0,0.0,2.3612,1,0.875,0.0,0,1,1,1.0,1230,153.75
benign_gcc_compile_50x4k_1,13147,0,,gcc_compile,3,0.0009,3,0.0,0.0,0.0,0.0,0.0,0.0,0.0,0.3333,0,0.0,0.0,0,0.0,0.0,0,0,0,0.0,0,0.0
benign_gcc_compile_50x4k_1,13148,0,,gcc_compile,16,0.0132,16,8.0,0.0,0.0,1.0,0.5,0.0,0.0,0.375,0,0.0,2.3222,1,0.875,0.0,0,1,1,1.0,1232,154.0
benign_gcc_compile_50x4k_1,13150,0,,gcc_compile,3,0.0013,3,0.0,0.0,0.0,0.0,0.0,0.0,0.0,0.3333,0,0.0,0.0,0,0.0,0.0,0,0,0,0.0,0,0.0
benign_gcc_compile_50x4k_1,13151,0,,gcc_compile,16,0.0098,16,8.0,0.0,0.0,1.0,0.5,0.0,0.0,0.375,0,0.0,2.3612,1,0.875,0.0,0,1,1,1.0,1230,153.75
benign_gcc_compile_50x4k_1,13153,0,,gcc_compile,3,0.0009,3,0.0,0.0,0.0,0.0,0.0,0.0,0.0,0.3333,0,0.0,0.0,0,0.0,0.0,0,0,0,0.0,0,0.0
benign_gcc_compile_50x4k_1,13154,0,,gcc_compile,16,0.0119,16,8.0,0.0,0.0,1.0,0.5,0.0,0.0,0.375,0,0.0,2.3607,1,0.875,0.0,0,1,1,1.0,1232,154.0
benign_gcc_compile_50x4k_1,13156,0,,gcc_compile,3,0.0009,3,0.0,0.0,0.0,0.0,0.0,0.0,0.0,0.3333,0,0.0,0.0,0,0.0,0.0,0,0,0,0.0,0,0.0
benign_gcc_compile_50x4k_1,13157,0,,gcc_compile,16,0.0118,16,8.0,0.0,0.0,1.0,0.5,0.0,0.0,0.375,0,0.0,2.3519,1,0.875,0.0,0,1,1,1.0,1224,153.0
benign_gcc_compile_50x4k_1,13159,0,,gcc_compile,3,0.001,3,0.0,0.0,0.0,0.0,0.0,0.0,0.0,0.3333,0,0.0,0.0,0,0.0,0.0,0,0,0,0.0,0,0.0
benign_gcc_compile_50x4k_1,13160,0,,gcc_compile,14,0.0131,14,7.0,0.0,0.0,1.0,0.5,0.0,0.0,0.3571,0,0.0,2.2175,1,0.8571,0.0,0,1,1,1.0,1228,175.43
benign_gcc_compile_50x4k_1,13162,0,,gcc_compile,3,0.0014,3,0.0,0.0,0.0,0.0,0.0,0.0,0.0,0.3333,0,0.0,0.0,0,0.0,0.0,0,0,0,0.0,0,0.0
benign_gcc_compile_50x4k_1,13163,0,,gcc_compile,16,0.01,16,8.0,0.0,0.0,1.0,0.5,0.0,0.0,0.375,0,0.0,2.3556,1,0.875,0.0,0,1,1,1.0,1224,153.0
benign_gcc_compile_50x4k_1,13165,0,,gcc_compile,3,0.0009,3,0.0,0.0,0.0,0.0,0.0,0.0,0.0,0.3333,0,0.0,0.0,0,0.0,0.0,0,0,0,0.0,0,0.0
benign_gcc_compile_50x4k_1,13166,0,,gcc_compile,14,0.0103,14,7.0,0.0,0.0,1.0,0.5,0.0,0.0,0.3571,0,0.0,2.2158,1,0.8571,0.0,0,1,1,1.0,1228,175.43
benign_gcc_compile_50x4k_1,13168,0,,gcc_compile,3,0.0011,3,0.0,0.0,0.0,0.0,0.0,0.0,0.0,0.3333,0,0.0,0.0,0,0.0,0.0,0,0,0,0.0,0,0.0
benign_gcc_compile_50x4k_1,13169,0,,gcc_compile,16,0.0181,16,8.0,0.0,0.0,1.0,0.5,0.0,0.0,0.375,0,0.0,2.3612,1,0.875,0.0,0,1,1,1.0,1230,153.75
benign_gcc_compile_50x4k_1,13171,0,,gcc_compile,3,0.0011,3,0.0,0.0,0.0,0.0,0.0,0.0,0.0,0.3333,0,0.0,0.0,0,0.0,0.0,0,0,0,0.0,0,0.0
benign_gcc_compile_50x4k_1,13172,0,,gcc_compile,16,0.0145,16,8.0,0.0,0.0,1.0,0.5,0.0,0.0,0.375,0,0.0,2.3607,1,0.875,0.0,0,1,1,1.0,1232,154.0
benign_gcc_compile_50x4k_1,13174,0,,gcc_compile,3,0.0016,3,0.0,0.0,0.0,0.0,0.0,0.0,0.0,0.3333,0,0.0,0.0,0,0.0,0.0,0,0,0,0.0,0,0.0
benign_gcc_compile_50x4k_1,13175,0,,gcc_compile,16,0.0152,16,8.0,0.0,0.0,1.0,0.5,0.0,0.0,0.375,0,0.0,2.3208,1,0.875,0.0,0,1,1,1.0,1221,152.62
benign_gcc_compile_50x4k_1,13177,0,,gcc_compile,3,0.0012,3,0.0,0.0,0.0,0.0,0.0,0.0,0.0,0.3333,0,0.0,0.0,0,0.0,0.0,0,0,0,0.0,0,0.0
benign_gcc_compile_50x4k_1,13178,0,,gcc_compile,16,0.0139,16,8.0,0.0,0.0,1.0,0.5,0.0,0.0,0.375,0,0.0,2.3639,1,0.875,0.0,0,1,1,1.0,1231,153.88
benign_gcc_compile_50x4k_1,13180,0,,gcc_compile,7,0.0161,7,0.0,0.0,0.0,0.0,0.0,0.0,0.0,0.1429,0,0.0,0.0,0,0.0,0.0,0,0,0,0.0,0,0.0
benign_gcc_compile_50x4k_1,13181,0,,gcc_compile,16,0.0153,16,8.0,0.0,0.0,1.0,0.5,0.0,0.0,0.375,0,0.0,2.3633,1,0.875,0.0,0,1,1,1.0,1233,154.12
benign_gcc_compile_50x4k_1,13183,0,,gcc_compile,3,0.0011,3,0.0,0.0,0.0,0.0,0.0,0.0,0.0,0.3333,0,0.0,0.0,0,0.0,0.0,0,0,0,0.0,0,0.0
benign_gcc_compile_50x4k_1,13184,0,,gcc_compile,16,0.0161,16,8.0,0.0,0.0,1.0,0.5,0.0,0.0,0.375,0,0.0,2.3134,1,0.875,0.0,0,1,1,1.0,1224,153.0
benign_gcc_compile_50x4k_1,13186,0,,gcc_compile,3,0.0009,3,0.0,0.0,0.0,0.0,0.0,0.0,0.0,0.3333,0,0.0,0.0,0,0.0,0.0,0,0,0,0.0,0,0.0
benign_gcc_compile_50x4k_1,13187,0,,gcc_compile,16,0.0157,16,8.0,0.0,0.0,1.0,0.5,0.0,0.0,0.375,0,0.0,2.3519,1,0.875,0.0,0,1,1,1.0,1224,153.0
benign_gcc_compile_50x4k_1,13189,0,,gcc_compile,3,0.0032,3,0.0,0.0,0.0,0.0,0.0,0.0,0.0,0.3333,0,0.0,0.0,0,0.0,0.0,0,0,0,0.0,0,0.0
benign_gcc_compile_50x4k_1,13190,0,,gcc_compile,16,0.0205,16,8.0,0.0,0.0,1.0,0.5,0.0,0.0,0.375,0,0.0,2.3612,1,0.875,0.0,0,1,1,1.0,1230,153.75
benign_gcc_compile_50x4k_1,13192,0,,gcc_compile,3,0.0033,3,0.0,0.0,0.0,0.0,0.0,0.0,0.0,0.3333,0,0.0,0.0,0,0.0,0.0,0,0,0,0.0,0,0.0
benign_gcc_compile_50x4k_1,13193,0,,gcc_compile,16,0.0129,16,8.0,0.0,0.0,1.0,0.5,0.0,0.0,0.375,0,0.0,2.3647,1,0.875,0.0,0,1,1,1.0,1237,154.62
benign_gcc_compile_50x4k_1,13195,0,,gcc_compile,3,0.0008,3,0.0,0.0,0.0,0.0,0.0,0.0,0.0,0.3333,0,0.0,0.0,0,0.0,0.0,0,0,0,0.0,0,0.0
benign_gcc_compile_50x4k_1,13196,0,,gcc_compile,16,0.0116,16,8.0,0.0,0.0,1.0,0.5,0.0,0.0,0.375,0,0.0,2.3519,1,0.875,0.0,0,1,1,1.0,1224,153.0
benign_gcc_compile_50x4k_1,13198,0,,gcc_compile,3,0.0006,3,0.0,0.0,0.0,0.0,0.0,0.0,0.0,0.3333,0,0.0,0.0,0,0.0,0.0,0,0,0,0.0,0,0.0
benign_gcc_compile_50x4k_1,13199,0,,gcc_compile,14,0.0075,14,7.0,0.0,0.0,1.0,0.5,0.0,0.0,0.3571,0,0.0,2.2064,1,0.8571,0.0,0,1,1,1.0,1236,176.57
benign_gcc_compile_50x4k_1,13201,0,,gcc_compile,3,0.0006,3,0.0,0.0,0.0,0.0,0.0,0.0,0.0,0.3333,0,0.0,0.0,0,0.0,0.0,0,0,0,0.0,0,0.0
benign_gcc_compile_50x4k_1,13202,0,,gcc_compile,16,0.0126,16,8.0,0.0,0.0,1.0,0.5,0.0,0.0,0.375,0,0.0,2.3519,1,0.875,0.0,0,1,1,1.0,1224,153.0
benign_gcc_compile_50x4k_1,13204,0,,gcc_compile,3,0.0009,3,0.0,0.0,0.0,0.0,0.0,0.0,0.0,0.3333,0,0.0,0.0,0,0.0,0.0,0,0,0,0.0,0,0.0
benign_gcc_compile_50x4k_1,13205,0,,gcc_compile,16,0.0131,16,8.0,0.0,0.0,1.0,0.5,0.0,0.0,0.375,0,0.0,2.3519,1,0.875,0.0,0,1,1,1.0,1224,153.0
benign_gcc_compile_50x4k_1,13207,0,,gcc_compile,3,0.0011,3,0.0,0.0,0.0,0.0,0.0,0.0,0.0,0.3333,0,0.0,0.0,0,0.0,0.0,0,0,0,0.0,0,0.0
benign_gcc_compile_50x4k_1,13208,0,,gcc_compile,16,0.0101,16,8.0,0.0,0.0,1.0,0.5,0.0,0.0,0.375,0,0.0,2.3293,1,0.875,0.0,0,1,1,1.0,1225,153.12
benign_gcc_compile_50x4k_1,13210,0,,gcc_compile,3,0.0009,3,0.0,0.0,0.0,0.0,0.0,0.0,0.0,0.3333,0,0.0,0.0,0,0.0,0.0,0,0,0,0.0,0,0.0
benign_gcc_compile_50x4k_1,13211,0,,gcc_compile,16,0.0082,16,8.0,0.0,0.0,1.0,0.5,0.0,0.0,0.375,0,0.0,2.3482,1,0.875,0.0,0,1,1,1.0,1224,153.0
benign_gcc_compile_50x4k_1,13213,0,,gcc_compile,3,0.001,3,0.0,0.0,0.0,0.0,0.0,0.0,0.0,0.3333,0,0.0,0.0,0,0.0,0.0,0,0,0,0.0,0,0.0
benign_gcc_compile_50x4k_1,13214,0,,gcc_compile,14,0.008,14,7.0,0.0,0.0,1.0,0.5,0.0,0.0,0.3571,0,0.0,2.2181,1,0.8571,0.0,0,1,1,1.0,1228,175.43
benign_gcc_compile_50x4k_1,13216,0,,gcc_compile,3,0.0008,3,0.0,0.0,0.0,0.0,0.0,0.0,0.0,0.3333,0,0.0,0.0,0,0.0,0.0,0,0,0,0.0,0,0.0
benign_gcc_compile_50x4k_1,13217,0,,gcc_compile,16,0.0121,16,8.0,0.0,0.0,1.0,0.5,0.0,0.0,0.375,0,0.0,2.3556,1,0.875,0.0,0,1,1,1.0,1224,153.0
benign_gcc_compile_50x4k_1,13219,0,,gcc_compile,3,0.0008,3,0.0,0.0,0.0,0.0,0.0,0.0,0.0,0.3333,0,0.0,0.0,0,0.0,0.0,0,0,0,0.0,0,0.0
benign_gcc_compile_50x4k_1,13220,0,,gcc_compile,14,0.0074,14,7.0,0.0,0.0,1.0,0.5,0.0,0.0,0.3571,0,0.0,2.1725,1,0.8571,0.0,0,1,1,1.0,1228,175.43
benign_gcc_compile_50x4k_1,13221,0,,gcc_compile,4,0.0008,4,0.0,0.0,0.0,0.0,0.0,0.0,0.0,0.0,0,0.0,0.0,0,0.0,0.0,0,0,0,0.0,0,0.0
benign_gcc_compile_50x4k_1,13222,0,,gcc_compile,3,0.0007,3,0.0,0.0,0.0,0.0,0.0,0.0,0.0,0.3333,0,0.0,0.0,0,0.0,0.0,0,0,0,0.0,0,0.0
benign_gcc_compile_50x4k_1,13223,0,,gcc_compile,16,0.0128,16,8.0,0.0,0.0,1.0,0.5,0.0,0.0,0.375,0,0.0,2.3519,1,0.875,0.0,0,1,1,1.0,1224,153.0
benign_gcc_compile_50x4k_1,13225,0,,gcc_compile,3,0.001,3,0.0,0.0,0.0,0.0,0.0,0.0,0.0,0.3333,0,0.0,0.0,0,0.0,0.0,0,0,0,0.0,0,0.0
benign_gcc_compile_50x4k_1,13226,0,,gcc_compile,16,0.0111,16,8.0,0.0,0.0,1.0,0.5,0.0,0.0,0.375,0,0.0,2.3519,1,0.875,0.0,0,1,1,1.0,1224,153.0
benign_gcc_compile_50x4k_1,13228,0,,gcc_compile,3,0.001,3,0.0,0.0,0.0,0.0,0.0,0.0,0.0,0.3333,0,0.0,0.0,0,0.0,0.0,0,0,0,0.0,0,0.0
benign_gcc_compile_50x4k_1,13229,0,,gcc_compile,16,0.0112,16,8.0,0.0,0.0,1.0,0.5,0.0,0.0,0.375,0,0.0,2.3672,1,0.875,0.0,0,1,1,1.0,1231,153.88
benign_gcc_compile_50x4k_1,13231,0,,gcc_compile,3,0.0012,3,0.0,0.0,0.0,0.0,0.0,0.0,0.0,0.3333,0,0.0,0.0,0,0.0,0.0,0,0,0,0.0,0,0.0
benign_gcc_compile_50x4k_1,13232,0,,gcc_compile,16,0.0112,16,8.0,0.0,0.0,1.0,0.5,0.0,0.0,0.375,0,0.0,2.3665,1,0.875,0.0,0,1,1,1.0,1233,154.12
benign_gcc_compile_50x4k_1,13234,0,,gcc_compile,3,0.0009,3,0.0,0.0,0.0,0.0,0.0,0.0,0.0,0.3333,0,0.0,0.0,0,0.0,0.0,0,0,0,0.0,0,0.0
benign_gcc_compile_50x4k_1,13235,0,,gcc_compile,16,0.0106,16,8.0,0.0,0.0,1.0,0.5,0.0,0.0,0.375,0,0.0,2.3519,1,0.875,0.0,0,1,1,1.0,1224,153.0
benign_gcc_compile_50x4k_1,13237,0,,gcc_compile,3,0.0007,3,0.0,0.0,0.0,0.0,0.0,0.0,0.0,0.3333,0,0.0,0.0,0,0.0,0.0,0,0,0,0.0,0,0.0
benign_gcc_compile_50x4k_1,13238,0,,gcc_compile,16,0.0104,16,8.0,0.0,0.0,1.0,0.5,0.0,0.0,0.375,0,0.0,2.3519,1,0.875,0.0,0,1,1,1.0,1224,153.0
benign_gcc_compile_50x4k_1,13240,0,,gcc_compile,3,0.001,3,0.0,0.0,0.0,0.0,0.0,0.0,0.0,0.3333,0,0.0,0.0,0,0.0,0.0,0,0,0,0.0,0,0.0
benign_gcc_compile_50x4k_1,13241,0,,gcc_compile,16,0.0136,16,8.0,0.0,0.0,1.0,0.5,0.0,0.0,0.375,0,0.0,2.3329,1,0.875,0.0,0,1,1,1.0,1222,152.75
benign_gcc_compile_50x4k_1,13243,0,,gcc_compile,3,0.0009,3,0.0,0.0,0.0,0.0,0.0,0.0,0.0,0.3333,0,0.0,0.0,0,0.0,0.0,0,0,0,0.0,0,0.0
benign_gcc_compile_50x4k_1,13244,0,,gcc_compile,16,0.0208,16,8.0,0.0,0.0,1.0,0.5,0.0,0.0,0.375,0,0.0,2.3672,1,0.875,0.0,0,1,1,1.0,1231,153.88
benign_gcc_compile_50x4k_1,13246,0,,gcc_compile,3,0.0021,3,0.0,0.0,0.0,0.0,0.0,0.0,0.0,0.3333,0,0.0,0.0,0,0.0,0.0,0,0,0,0.0,0,0.0
benign_gcc_compile_50x4k_1,13247,0,,gcc_compile,16,0.0125,16,8.0,0.0,0.0,1.0,0.5,0.0,0.0,0.375,0,0.0,2.3665,1,0.875,0.0,0,1,1,1.0,1233,154.12
benign_gcc_compile_50x4k_1,13249,0,,gcc_compile,3,0.0012,3,0.0,0.0,0.0,0.0,0.0,0.0,0.0,0.3333,0,0.0,0.0,0,0.0,0.0,0,0,0,0.0,0,0.0
benign_gcc_compile_50x4k_1,13250,0,,gcc_compile,16,0.0118,16,8.0,0.0,0.0,1.0,0.5,0.0,0.0,0.375,0,0.0,2.3519,1,0.875,0.0,0,1,1,1.0,1224,153.0
benign_gcc_compile_50x4k_1,13252,0,,gcc_compile,3,0.0007,3,0.0,0.0,0.0,0.0,0.0,0.0,0.0,0.3333,0,0.0,0.0,0,0.0,0.0,0,0,0,0.0,0,0.0
benign_gcc_compile_50x4k_1,13253,0,,gcc_compile,16,0.0132,16,8.0,0.0,0.0,1.0,0.5,0.0,0.0,0.375,0,0.0,2.3519,1,0.875,0.0,0,1,1,1.0,1224,153.0
benign_gcc_compile_50x4k_1,13255,0,,gcc_compile,3,0.0012,3,0.0,0.0,0.0,0.0,0.0,0.0,0.0,0.3333,0,0.0,0.0,0,0.0,0.0,0,0,0,0.0,0,0.0
benign_gcc_compile_50x4k_1,13256,0,,gcc_compile,16,0.01,16,8.0,0.0,0.0,1.0,0.5,0.0,0.0,0.375,0,0.0,2.3134,1,0.875,0.0,0,1,1,1.0,1224,153.0
benign_gcc_compile_50x4k_1,13258,0,,gcc_compile,3,0.0013,3,0.0,0.0,0.0,0.0,0.0,0.0,0.0,0.3333,0,0.0,0.0,0,0.0,0.0,0,0,0,0.0,0,0.0
benign_gcc_compile_50x4k_1,13259,0,,gcc_compile,16,0.0098,16,8.0,0.0,0.0,1.0,0.5,0.0,0.0,0.375,0,0.0,2.3482,1,0.875,0.0,0,1,1,1.0,1224,153.0
benign_gcc_compile_50x4k_1,13261,0,,gcc_compile,3,0.0013,3,0.0,0.0,0.0,0.0,0.0,0.0,0.0,0.3333,0,0.0,0.0,0,0.0,0.0,0,0,0,0.0,0,0.0
benign_gcc_compile_50x4k_1,13262,0,,gcc_compile,16,0.0111,16,8.0,0.0,0.0,1.0,0.5,0.0,0.0,0.375,0,0.0,2.3443,1,0.875,0.0,0,1,1,1.0,1224,153.0
benign_gcc_compile_50x4k_1,13264,0,,gcc_compile,3,0.0015,3,0.0,0.0,0.0,0.0,0.0,0.0,0.0,0.3333,0,0.0,0.0,0,0.0,0.0,0,0,0,0.0,0,0.0
benign_gcc_compile_50x4k_1,13265,0,,gcc_compile,16,0.0168,16,8.0,0.0,0.0,1.0,0.5,0.0,0.0,0.375,0,0.0,2.3519,1,0.875,0.0,0,1,1,1.0,1224,153.0
benign_gcc_compile_50x4k_1,13266,0,,gcc_compile,4,0.002,4,0.0,0.0,0.0,0.0,0.0,0.0,0.0,0.0,0,0.0,0.0,0,0.0,0.0,0,0,0,0.0,0,0.0
benign_gcc_compile_50x4k_1,13267,0,,gcc_compile,3,0.0014,3,0.0,0.0,0.0,0.0,0.0,0.0,0.0,0.3333,0,0.0,0.0,0,0.0,0.0,0,0,0,0.0,0,0.0
benign_gcc_compile_50x4k_1,13268,0,,gcc_compile,16,0.0109,16,8.0,0.0,0.0,1.0,0.5,0.0,0.0,0.375,0,0.0,2.3612,1,0.875,0.0,0,1,1,1.0,1230,153.75
benign_gcc_compile_50x4k_1,13270,0,,gcc_compile,3,0.0011,3,0.0,0.0,0.0,0.0,0.0,0.0,0.0,0.3333,0,0.0,0.0,0,0.0,0.0,0,0,0,0.0,0,0.0
benign_gcc_compile_50x4k_1,13271,0,,gcc_compile,16,0.0082,16,8.0,0.0,0.0,1.0,0.5,0.0,0.0,0.375,0,0.0,2.3459,1,0.875,0.0,0,1,1,1.0,1224,153.0
benign_gcc_compile_50x4k_1,13273,0,,gcc_compile,3,0.0007,3,0.0,0.0,0.0,0.0,0.0,0.0,0.0,0.3333,0,0.0,0.0,0,0.0,0.0,0,0,0,0.0,0,0.0
benign_gcc_compile_50x4k_1,13274,0,,gcc_compile,14,0.0123,14,7.0,0.0,0.0,1.0,0.5,0.0,0.0,0.3571,0,0.0,2.1898,1,0.8571,0.0,0,1,1,1.0,1226,175.14
benign_gcc_compile_50x4k_1,13276,0,,gcc_compile,3,0.0011,3,0.0,0.0,0.0,0.0,0.0,0.0,0.0,0.3333,0,0.0,0.0,0,0.0,0.0,0,0,0,0.0,0,0.0
benign_gcc_compile_50x4k_1,13277,0,,gcc_compile,16,0.0124,16,8.0,0.0,0.0,1.0,0.5,0.0,0.0,0.375,0,0.0,2.3225,1,0.875,0.0,0,1,1,1.0,1227,153.38
benign_gcc_compile_50x4k_1,13279,0,,gcc_compile,3,0.0015,3,0.0,0.0,0.0,0.0,0.0,0.0,0.0,0.3333,0,0.0,0.0,0,0.0,0.0,0,0,0,0.0,0,0.0
benign_gcc_compile_50x4k_1,13280,0,,gcc_compile,14,0.0103,14,7.0,0.0,0.0,1.0,0.5,0.0,0.0,0.3571,0,0.0,2.1922,1,0.8571,0.0,0,1,1,1.0,1226,175.14
benign_gcc_compile_50x4k_1,13282,0,,gcc_compile,3,0.0009,3,0.0,0.0,0.0,0.0,0.0,0.0,0.0,0.3333,0,0.0,0.0,0,0.0,0.0,0,0,0,0.0,0,0.0
benign_gcc_compile_50x4k_1,13283,0,,gcc_compile,16,0.0127,16,8.0,0.0,0.0,1.0,0.5,0.0,0.0,0.375,0,0.0,2.3329,1,0.875,0.0,0,1,1,1.0,1222,152.75
benign_gcc_compile_50x4k_1,13285,0,,gcc_compile,3,0.0009,3,0.0,0.0,0.0,0.0,0.0,0.0,0.0,0.3333,0,0.0,0.0,0,0.0,0.0,0,0,0,0.0,0,0.0
benign_gcc_compile_50x4k_1,13286,0,,gcc_compile,14,0.0179,14,7.0,0.0,0.0,1.0,0.5,0.0,0.0,0.3571,0,0.0,2.1905,1,0.8571,0.0,0,1,1,1.0,1226,175.14
benign_gcc_compile_50x4k_1,13288,0,,gcc_compile,3,0.0013,3,0.0,0.0,0.0,0.0,0.0,0.0,0.0,0.3333,0,0.0,0.0,0,0.0,0.0,0,0,0,0.0,0,0.0
benign_gcc_compile_50x4k_1,13291,0,,gcc_compile,529,0.3374,529,141.0,0.0,0.0,1.0,0.2665,0.0,0.0,0.3497,0,0.0,3.4436,1,0.9929,0.0,0,1,1,1.0,12329,87.44
benign_gcc_compile_50x4k_2,2976,0,,gcc_compile,26,0.0443,26,0.0,0.0,0.0,0.0,0.0,0.0,0.0,0.0,0,0.0,0.0,0,0.0,0.0,0,0,0,0.0,0,0.0
benign_gcc_compile_50x4k_2,6211,0,,gcc_compile,211,0.162,211,51.0,0.0,0.0,51.0,0.2417,0.0,0.0,0.0,0,0.0,4.0409,1,0.0,0.0,0,51,1,51.0,1596,31.29
benign_gcc_compile_50x4k_2,13310,0,,gcc_compile,5,3.5888,5,0.0,0.0,0.0,0.0,0.0,0.0,0.0,0.0,0,0.0,0.0,0,0.0,0.0,0,0,0,0.0,0,0.0
benign_gcc_compile_50x4k_2,13312,0,,gcc_compile,3,0.0012,3,0.0,0.0,0.0,0.0,0.0,0.0,0.0,0.3333,0,0.0,0.0,0,0.0,0.0,0,0,0,0.0,0,0.0
benign_gcc_compile_50x4k_2,13313,0,,gcc_compile,14,0.0124,14,7.0,0.0,0.0,1.0,0.5,0.0,0.0,0.3571,0,0.0,2.1481,1,0.8571,0.0,0,1,1,1.0,1218,174.0
benign_gcc_compile_50x4k_2,13315,0,,gcc_compile,3,0.0042,3,0.0,0.0,0.0,0.0,0.0,0.0,0.0,0.3333,0,0.0,0.0,0,0.0,0.0,0,0,0,0.0,0,0.0
benign_gcc_compile_50x4k_2,13316,0,,gcc_compile,16,0.0106,16,8.0,0.0,0.0,1.0,0.5,0.0,0.0,0.375,0,0.0,2.3189,1,0.875,0.0,0,1,1,1.0,1219,152.38
benign_gcc_compile_50x4k_2,13318,0,,gcc_compile,3,0.0013,3,0.0,0.0,0.0,0.0,0.0,0.0,0.0,0.3333,0,0.0,0.0,0,0.0,0.0,0,0,0,0.0,0,0.0
benign_gcc_compile_50x4k_2,13319,0,,gcc_compile,16,0.013,16,8.0,0.0,0.0,1.0,0.5,0.0,0.0,0.375,0,0.0,2.3612,1,0.875,0.0,0,1,1,1.0,1230,153.75
benign_gcc_compile_50x4k_2,13321,0,,gcc_compile,3,0.0013,3,0.0,0.0,0.0,0.0,0.0,0.0,0.0,0.3333,0,0.0,0.0,0,0.0,0.0,0,0,0,0.0,0,0.0
benign_gcc_compile_50x4k_2,13322,0,,gcc_compile,16,0.0102,16,8.0,0.0,0.0,1.0,0.5,0.0,0.0,0.375,0,0.0,2.3222,1,0.875,0.0,0,1,1,1.0,1232,154.0
benign_gcc_compile_50x4k_2,13324,0,,gcc_compile,3,0.0008,3,0.0,0.0,0.0,0.0,0.0,0.0,0.0,0.3333,0,0.0,0.0,0,0.0,0.0,0,0,0,0.0,0,0.0
benign_gcc_compile_50x4k_2,13325,0,,gcc_compile,16,0.0076,16,8.0,0.0,0.0,1.0,0.5,0.0,0.0,0.375,0,0.0,2.3612,1,0.875,0.0,0,1,1,1.0,1230,153.75
benign_gcc_compile_50x4k_2,13327,0,,gcc_compile,3,0.0008,3,0.0,0.0,0.0,0.0,0.0,0.0,0.0,0.3333,0,0.0,0.0,0,0.0,0.0,0,0,0,0.0,0,0.0
benign_gcc_compile_50x4k_2,13328,0,,gcc_compile,16,0.0149,16,8.0,0.0,0.0,1.0,0.5,0.0,0.0,0.375,0,0.0,2.3607,1,0.875,0.0,0,1,1,1.0,1232,154.0
benign_gcc_compile_50x4k_2,13330,0,,gcc_compile,3,0.001,3,0.0,0.0,0.0,0.0,0.0,0.0,0.0,0.3333,0,0.0,0.0,0,0.0,0.0,0,0,0,0.0,0,0.0
benign_gcc_compile_50x4k_2,13331,0,,gcc_compile,16,0.0116,16,8.0,0.0,0.0,1.0,0.5,0.0,0.0,0.375,0,0.0,2.3519,1,0.875,0.0,0,1,1,1.0,1224,153.0
benign_gcc_compile_50x4k_2,13333,0,,gcc_compile,3,0.0017,3,0.0,0.0,0.0,0.0,0.0,0.0,0.0,0.3333,0,0.0,0.0,0,0.0,0.0,0,0,0,0.0,0,0.0
benign_gcc_compile_50x4k_2,13334,0,,gcc_compile,14,0.0077,14,7.0,0.0,0.0,1.0,0.5,0.0,0.0,0.3571,0,0.0,2.2175,1,0.8571,0.0,0,1,1,1.0,1228,175.43
benign_gcc_compile_50x4k_2,13336,0,,gcc_compile,3,0.0008,3,0.0,0.0,0.0,0.0,0.0,0.0,0.0,0.3333,0,0.0,0.0,0,0.0,0.0,0,0,0,0.0,0,0.0
benign_gcc_compile_50x4k_2,13337,0,,gcc_compile,16,0.0121,16,8.0,0.0,0.0,1.0,0.5,0.0,0.0,0.375,0,0.0,2.3556,1,0.875,0.0,0,1,1,1.0,1224,153.0
benign_gcc_compile_50x4k_2,13339,0,,gcc_compile,3,0.0014,3,0.0,0.0,0.0,0.0,0.0,0.0,0.0,0.3333,0,0.0,0.0,0,0.0,0.0,0,0,0,0.0,0,0.0
benign_gcc_compile_50x4k_2,13340,0,,gcc_compile,14,0.0103,14,7.0,0.0,0.0,1.0,0.5,0.0,0.0,0.3571,0,0.0,2.2158,1,0.8571,0.0,0,1,1,1.0,1228,175.43
benign_gcc_compile_50x4k_2,13342,0,,gcc_compile,3,0.0022,3,0.0,0.0,0.0,0.0,0.0,0.0,0.0,0.3333,0,0.0,0.0,0,0.0,0.0,0,0,0,0.0,0,0.0
benign_gcc_compile_50x4k_2,13343,0,,gcc_compile,16,0.01,16,8.0,0.0,0.0,1.0,0.5,0.0,0.0,0.375,0,0.0,2.3612,1,0.875,0.0,0,1,1,1.0,1230,153.75
benign_gcc_compile_50x4k_2,13345,0,,gcc_compile,3,0.0011,3,0.0,0.0,0.0,0.0,0.0,0.0,0.0,0.3333,0,0.0,0.0,0,0.0,0.0,0,0,0,0.0,0,0.0
benign_gcc_compile_50x4k_2,13346,0,,gcc_compile,16,0.0117,16,8.0,0.0,0.0,1.0,0.5,0.0,0.0,0.375,0,0.0,2.3607,1,0.875,0.0,0,1,1,1.0,1232,154.0
benign_gcc_compile_50x4k_2,13348,0,,gcc_compile,3,0.001,3,0.0,0.0,0.0,0.0,0.0,0.0,0.0,0.3333,0,0.0,0.0,0,0.0,0.0,0,0,0,0.0,0,0.0
benign_gcc_compile_50x4k_2,13349,0,,gcc_compile,16,0.0092,16,8.0,0.0,0.0,1.0,0.5,0.0,0.0,0.375,0,0.0,2.3208,1,0.875,0.0,0,1,1,1.0,1221,152.62
benign_gcc_compile_50x4k_2,13351,0,,gcc_compile,3,0.0014,3,0.0,0.0,0.0,0.0,0.0,0.0,0.0,0.3333,0,0.0,0.0,0,0.0,0.0,0,0,0,0.0,0,0.0
benign_gcc_compile_50x4k_2,13352,0,,gcc_compile,16,0.0186,16,8.0,0.0,0.0,1.0,0.5,0.0,0.0,0.375,0,0.0,2.3639,1,0.875,0.0,0,1,1,1.0,1231,153.88
benign_gcc_compile_50x4k_2,13354,0,,gcc_compile,3,0.0011,3,0.0,0.0,0.0,0.0,0.0,0.0,0.0,0.3333,0,0.0,0.0,0,0.0,0.0,0,0,0,0.0,0,0.0
benign_gcc_compile_50x4k_2,13355,0,,gcc_compile,16,0.0126,16,8.0,0.0,0.0,1.0,0.5,0.0,0.0,0.375,0,0.0,2.3633,1,0.875,0.0,0,1,1,1.0,1233,154.12
benign_gcc_compile_50x4k_2,13356,0,,gcc_compile,4,0.0008,4,0.0,0.0,0.0,0.0,0.0,0.0,0.0,0.0,0,0.0,0.0,0,0.0,0.0,0,0,0,0.0,0,0.0
benign_gcc_compile_50x4k_2,13357,0,,gcc_compile,3,0.0008,3,0.0,0.0,0.0,0.0,0.0,0.0,0.0,0.3333,0,0.0,0.0,0,0.0,0.0,0,0,0,0.0,0,0.0
benign_gcc_compile_50x4k_2,13358,0,,gcc_compile,16,0.0096,16,8.0,0.0,0.0,1.0,0.5,0.0,0.0,0.375,0,0.0,2.3134,1,0.875,0.0,0,1,1,1.0,1224,153.0
benign_gcc_compile_50x4k_2,13360,0,,gcc_compile,3,0.0008,3,0.0,0.0,0.0,0.0,0.0,0.0,0.0,0.3333,0,0.0,0.0,0,0.0,0.0,0,0,0,0.0,0,0.0
benign_gcc_compile_50x4k_2,13361,0,,gcc_compile,16,0.0108,16,8.0,0.0,0.0,1.0,0.5,0.0,0.0,0.375,0,0.0,2.3519,1,0.875,0.0,0,1,1,1.0,1224,153.0
benign_gcc_compile_50x4k_2,13363,0,,gcc_compile,3,0.0011,3,0.0,0.0,0.0,0.0,0.0,0.0,0.0,0.3333,0,0.0,0.0,0,0.0,0.0,0,0,0,0.0,0,0.0
benign_gcc_compile_50x4k_2,13364,0,,gcc_compile,16,0.0128,16,8.0,0.0,0.0,1.0,0.5,0.0,0.0,0.375,0,0.0,2.3612,1,0.875,0.0,0,1,1,1.0,1230,153.75
benign_gcc_compile_50x4k_2,13366,0,,gcc_compile,3,0.0009,3,0.0,0.0,0.0,0.0,0.0,0.0,0.0,0.3333,0,0.0,0.0,0,0.0,0.0,0,0,0,0.0,0,0.0
benign_gcc_compile_50x4k_2,13367,0,,gcc_compile,16,0.0071,16,8.0,0.0,0.0,1.0,0.5,0.0,0.0,0.375,0,0.0,2.3647,1,0.875,0.0,0,1,1,1.0,1237,154.62
benign_gcc_compile_50x4k_2,13369,0,,gcc_compile,3,0.001,3,0.0,0.0,0.0,0.0,0.0,0.0,0.0,0.3333,0,0.0,0.0,0,0.0,0.0,0,0,0,0.0,0,0.0
benign_gcc_compile_50x4k_2,13370,0,,gcc_compile,16,0.0144,16,8.0,0.0,0.0,1.0,0.5,0.0,0.0,0.375,0,0.0,2.3519,1,0.875,0.0,0,1,1,1.0,1224,153.0
benign_gcc_compile_50x4k_2,13372,0,,gcc_compile,3,0.001,3,0.0,0.0,0.0,0.0,0.0,0.0,0.0,0.3333,0,0.0,0.0,0,0.0,0.0,0,0,0,0.0,0,0.0
benign_gcc_compile_50x4k_2,13373,0,,gcc_compile,14,0.0113,14,7.0,0.0,0.0,1.0,0.5,0.0,0.0,0.3571,0,0.0,2.2064,1,0.8571,0.0,0,1,1,1.0,1236,176.57
benign_gcc_compile_50x4k_2,13375,0,,gcc_compile,3,0.0009,3,0.0,0.0,0.0,0.0,0.0,0.0,0.0,0.3333,0,0.0,0.0,0,0.0,0.0,0,0,0,0.0,0,0.0
benign_gcc_compile_50x4k_2,13376,0,,gcc_compile,16,0.0149,16,8.0,0.0,0.0,1.0,0.5,0.0,0.0,0.375,0,0.0,2.3519,1,0.875,0.0,0,1,1,1.0,1224,153.0
benign_gcc_compile_50x4k_2,13378,0,,gcc_compile,3,0.0009,3,0.0,0.0,0.0,0.0,0.0,0.0,0.0,0.3333,0,0.0,0.0,0,0.0,0.0,0,0,0,0.0,0,0.0
benign_gcc_compile_50x4k_2,13379,0,,gcc_compile,16,0.0119,16,8.0,0.0,0.0,1.0,0.5,0.0,0.0,0.375,0,0.0,2.3519,1,0.875,0.0,0,1,1,1.0,1224,153.0
benign_gcc_compile_50x4k_2,13381,0,,gcc_compile,3,0.0014,3,0.0,0.0,0.0,0.0,0.0,0.0,0.0,0.3333,0,0.0,0.0,0,0.0,0.0,0,0,0,0.0,0,0.0
benign_gcc_compile_50x4k_2,13382,0,,gcc_compile,16,0.0182,16,8.0,0.0,0.0,1.0,0.5,0.0,0.0,0.375,0,0.0,2.3293,1,0.875,0.0,0,1,1,1.0,1225,153.12
benign_gcc_compile_50x4k_2,13384,0,,gcc_compile,3,0.0012,3,0.0,0.0,0.0,0.0,0.0,0.0,0.0,0.3333,0,0.0,0.0,0,0.0,0.0,0,0,0,0.0,0,0.0
benign_gcc_compile_50x4k_2,13385,0,,gcc_compile,16,0.013,16,8.0,0.0,0.0,1.0,0.5,0.0,0.0,0.375,0,0.0,2.3482,1,0.875,0.0,0,1,1,1.0,1224,153.0
benign_gcc_compile_50x4k_2,13387,0,,gcc_compile,3,0.0009,3,0.0,0.0,0.0,0.0,0.0,0.0,0.0,0.3333,0,0.0,0.0,0,0.0,0.0,0,0,0,0.0,0,0.0
benign_gcc_compile_50x4k_2,13388,0,,gcc_compile,14,0.0126,14,7.0,0.0,0.0,1.0,0.5,0.0,0.0,0.3571,0,0.0,2.2181,1,0.8571,0.0,0,1,1,1.0,1228,175.43
benign_gcc_compile_50x4k_2,13390,0,,gcc_compile,3,0.0014,3,0.0,0.0,0.0,0.0,0.0,0.0,0.0,0.3333,0,0.0,0.0,0,0.0,0.0,0,0,0,0.0,0,0.0
benign_gcc_compile_50x4k_2,13391,0,,gcc_compile,16,0.0085,16,8.0,0.0,0.0,1.0,0.5,0.0,0.0,0.375,0,0.0,2.3556,1,0.875,0.0,0,1,1,1.0,1224,153.0
benign_gcc_compile_50x4k_2,13393,0,,gcc_compile,3,0.001,3,0.0,0.0,0.0,0.0,0.0,0.0,0.0,0.3333,0,0.0,0.0,0,0.0,0.0,0,0,0,0.0,0,0.0
benign_gcc_compile_50x4k_2,13394,0,,gcc_compile,14,0.0113,14,7.0,0.0,0.0,1.0,0.5,0.0,0.0,0.3571,0,0.0,2.1725,1,0.8571,0.0,0,1,1,1.0,1228,175.43
benign_gcc_compile_50x4k_2,13396,0,,gcc_compile,3,0.0014,3,0.0,0.0,0.0,0.0,0.0,0.0,0.0,0.3333,0,0.0,0.0,0,0.0,0.0,0,0,0,0.0,0,0.0
benign_gcc_compile_50x4k_2,13397,0,,gcc_compile,16,0.0125,16,8.0,0.0,0.0,1.0,0.5,0.0,0.0,0.375,0,0.0,2.3519,1,0.875,0.0,0,1,1,1.0,1224,153.0
benign_gcc_compile_50x4k_2,13399,0,,gcc_compile,4,0.0097,4,0.0,0.0,0.0,0.0,0.0,0.0,0.0,0.25,0,0.0,0.0,0,0.0,0.0,0,0,0,0.0,0,0.0
benign_gcc_compile_50x4k_2,13400,0,,gcc_compile,16,0.0127,16,8.0,0.0,0.0,1.0,0.5,0.0,0.0,0.375,0,0.0,2.3519,1,0.875,0.0,0,1,1,1.0,1224,153.0
benign_gcc_compile_50x4k_2,13401,0,,gcc_compile,3,0.001,3,0.0,0.0,0.0,0.0,0.0,0.0,0.0,0.0,0,0.0,0.0,0,0.0,0.0,0,0,0,0.0,0,0.0
benign_gcc_compile_50x4k_2,13402,0,,gcc_compile,3,0.0015,3,0.0,0.0,0.0,0.0,0.0,0.0,0.0,0.3333,0,0.0,0.0,0,0.0,0.0,0,0,0,0.0,0,0.0
benign_gcc_compile_50x4k_2,13403,0,,gcc_compile,16,0.0101,16,8.0,0.0,0.0,1.0,0.5,0.0,0.0,0.375,0,0.0,2.3672,1,0.875,0.0,0,1,1,1.0,1231,153.88
benign_gcc_compile_50x4k_2,13405,0,,gcc_compile,3,0.0007,3,0.0,0.0,0.0,0.0,0.0,0.0,0.0,0.3333,0,0.0,0.0,0,0.0,0.0,0,0,0,0.0,0,0.0
benign_gcc_compile_50x4k_2,13406,0,,gcc_compile,16,0.0104,16,8.0,0.0,0.0,1.0,0.5,0.0,0.0,0.375,0,0.0,2.3665,1,0.875,0.0,0,1,1,1.0,1233,154.12
benign_gcc_compile_50x4k_2,13408,0,,gcc_compile,3,0.001,3,0.0,0.0,0.0,0.0,0.0,0.0,0.0,0.3333,0,0.0,0.0,0,0.0,0.0,0,0,0,0.0,0,0.0
benign_gcc_compile_50x4k_2,13409,0,,gcc_compile,16,0.0191,16,8.0,0.0,0.0,1.0,0.5,0.0,0.0,0.375,0,0.0,2.3519,1,0.875,0.0,0,1,1,1.0,1224,153.0
benign_gcc_compile_50x4k_2,13411,0,,gcc_compile,3,0.0015,3,0.0,0.0,0.0,0.0,0.0,0.0,0.0,0.3333,0,0.0,0.0,0,0.0,0.0,0,0,0,0.0,0,0.0
benign_gcc_compile_50x4k_2,13412,0,,gcc_compile,16,0.022,16,8.0,0.0,0.0,1.0,0.5,0.0,0.0,0.375,0,0.0,2.3519,1,0.875,0.0,0,1,1,1.0,1224,153.0
benign_gcc_compile_50x4k_2,13414,0,,gcc_compile,3,0.0022,3,0.0,0.0,0.0,0.0,0.0,0.0,0.0,0.3333,0,0.0,0.0,0,0.0,0.0,0,0,0,0.0,0,0.0
benign_gcc_compile_50x4k_2,13415,0,,gcc_compile,16,0.0159,16,8.0,0.0,0.0,1.0,0.5,0.0,0.0,0.375,0,0.0,2.3329,1,0.875,0.0,0,1,1,1.0,1222,152.75
benign_gcc_compile_50x4k_2,13417,0,,gcc_compile,3,0.0009,3,0.0,0.0,0.0,0.0,0.0,0.0,0.0,0.3333,0,0.0,0.0,0,0.0,0.0,0,0,0,0.0,0,0.0
benign_gcc_compile_50x4k_2,13418,0,,gcc_compile,16,0.0092,16,8.0,0.0,0.0,1.0,0.5,0.0,0.0,0.375,0,0.0,2.3672,1,0.875,0.0,0,1,1,1.0,1231,153.88
benign_gcc_compile_50x4k_2,13420,0,,gcc_compile,3,0.0011,3,0.0,0.0,0.0,0.0,0.0,0.0,0.0,0.3333,0,0.0,0.0,0,0.0,0.0,0,0,0,0.0,0,0.0
benign_gcc_compile_50x4k_2,13421,0,,gcc_compile,16,0.0095,16,8.0,0.0,0.0,1.0,0.5,0.0,0.0,0.375,0,0.0,2.3665,1,0.875,0.0,0,1,1,1.0,1233,154.12
benign_gcc_compile_50x4k_2,13423,0,,gcc_compile,3,0.0013,3,0.0,0.0,0.0,0.0,0.0,0.0,0.0,0.3333,0,0.0,0.0,0,0.0,0.0,0,0,0,0.0,0,0.0
benign_gcc_compile_50x4k_2,13424,0,,gcc_compile,16,0.0165,16,8.0,0.0,0.0,1.0,0.5,0.0,0.0,0.375,0,0.0,2.3519,1,0.875,0.0,0,1,1,1.0,1224,153.0
benign_gcc_compile_50x4k_2,13426,0,,gcc_compile,3,0.0013,3,0.0,0.0,0.0,0.0,0.0,0.0,0.0,0.3333,0,0.0,0.0,0,0.0,0.0,0,0,0,0.0,0,0.0
benign_gcc_compile_50x4k_2,13427,0,,gcc_compile,16,0.0112,16,8.0,0.0,0.0,1.0,0.5,0.0,0.0,0.375,0,0.0,2.3519,1,0.875,0.0,0,1,1,1.0,1224,153.0
benign_gcc_compile_50x4k_2,13429,0,,gcc_compile,3,0.0008,3,0.0,0.0,0.0,0.0,0.0,0.0,0.0,0.3333,0,0.0,0.0,0,0.0,0.0,0,0,0,0.0,0,0.0
benign_gcc_compile_50x4k_2,13430,0,,gcc_compile,16,0.0129,16,8.0,0.0,0.0,1.0,0.5,0.0,0.0,0.375,0,0.0,2.3134,1,0.875,0.0,0,1,1,1.0,1224,153.0
benign_gcc_compile_50x4k_2,13432,0,,gcc_compile,3,0.001,3,0.0,0.0,0.0,0.0,0.0,0.0,0.0,0.3333,0,0.0,0.0,0,0.0,0.0,0,0,0,0.0,0,0.0
benign_gcc_compile_50x4k_2,13433,0,,gcc_compile,16,0.0108,16,8.0,0.0,0.0,1.0,0.5,0.0,0.0,0.375,0,0.0,2.3482,1,0.875,0.0,0,1,1,1.0,1224,153.0
benign_gcc_compile_50x4k_2,13435,0,,gcc_compile,3,0.0008,3,0.0,0.0,0.0,0.0,0.0,0.0,0.0,0.3333,0,0.0,0.0,0,0.0,0.0,0,0,0,0.0,0,0.0
benign_gcc_compile_50x4k_2,13436,0,,gcc_compile,16,0.0136,16,8.0,0.0,0.0,1.0,0.5,0.0,0.0,0.375,0,0.0,2.3443,1,0.875,0.0,0,1,1,1.0,1224,153.0
benign_gcc_compile_50x4k_2,13438,0,,gcc_compile,3,0.0011,3,0.0,0.0,0.0,0.0,0.0,0.0,0.0,0.3333,0,0.0,0.0,0,0.0,0.0,0,0,0,0.0,0,0.0
benign_gcc_compile_50x4k_2,13439,0,,gcc_compile,16,0.0155,16,8.0,0.0,0.0,1.0,0.5,0.0,0.0,0.375,0,0.0,2.3519,1,0.875,0.0,0,1,1,1.0,1224,153.0
benign_gcc_compile_50x4k_2,13441,0,,gcc_compile,4,0.0104,4,0.0,0.0,0.0,0.0,0.0,0.0,0.0,0.25,0,0.0,0.0,0,0.0,0.0,0,0,0,0.0,0,0.0
benign_gcc_compile_50x4k_2,13442,0,,gcc_compile,16,0.0147,16,8.0,0.0,0.0,1.0,0.5,0.0,0.0,0.375,0,0.0,2.3612,1,0.875,0.0,0,1,1,1.0,1230,153.75
benign_gcc_compile_50x4k_2,13443,0,,gcc_compile,3,0.001,3,0.0,0.0,0.0,0.0,0.0,0.0,0.0,0.0,0,0.0,0.0,0,0.0,0.0,0,0,0,0.0,0,0.0
benign_gcc_compile_50x4k_2,13444,0,,gcc_compile,3,0.0012,3,0.0,0.0,0.0,0.0,0.0,0.0,0.0,0.3333,0,0.0,0.0,0,0.0,0.0,0,0,0,0.0,0,0.0
benign_gcc_compile_50x4k_2,13445,0,,gcc_compile,16,0.0115,16,8.0,0.0,0.0,1.0,0.5,0.0,0.0,0.375,0,0.0,2.3459,1,0.875,0.0,0,1,1,1.0,1224,153.0
benign_gcc_compile_50x4k_2,13447,0,,gcc_compile,3,0.0009,3,0.0,0.0,0.0,0.0,0.0,0.0,0.0,0.3333,0,0.0,0.0,0,0.0,0.0,0,0,0,0.0,0,0.0
benign_gcc_compile_50x4k_2,13448,0,,gcc_compile,14,0.0216,14,7.0,0.0,0.0,1.0,0.5,0.0,0.0,0.3571,0,0.0,2.1898,1,0.8571,0.0,0,1,1,1.0,1226,175.14
benign_gcc_compile_50x4k_2,13450,0,,gcc_compile,3,0.0011,3,0.0,0.0,0.0,0.0,0.0,0.0,0.0,0.3333,0,0.0,0.0,0,0.0,0.0,0,0,0,0.0,0,0.0
benign_gcc_compile_50x4k_2,13451,0,,gcc_compile,16,0.0259,16,8.0,0.0,0.0,1.0,0.5,0.0,0.0,0.375,0,0.0,2.3225,1,0.875,0.0,0,1,1,1.0,1227,153.38
benign_gcc_compile_50x4k_2,13453,0,,gcc_compile,3,0.001,3,0.0,0.0,0.0,0.0,0.0,0.0,0.0,0.3333,0,0.0,0.0,0,0.0,0.0,0,0,0,0.0,0,0.0
benign_gcc_compile_50x4k_2,13454,0,,gcc_compile,14,0.0126,14,7.0,0.0,0.0,1.0,0.5,0.0,0.0,0.3571,0,0.0,2.1922,1,0.8571,0.0,0,1,1,1.0,1226,175.14
benign_gcc_compile_50x4k_2,13456,0,,gcc_compile,3,0.0022,3,0.0,0.0,0.0,0.0,0.0,0.0,0.0,0.3333,0,0.0,0.0,0,0.0,0.0,0,0,0,0.0,0,0.0
benign_gcc_compile_50x4k_2,13457,0,,gcc_compile,16,0.0142,16,8.0,0.0,0.0,1.0,0.5,0.0,0.0,0.375,0,0.0,2.3329,1,0.875,0.0,0,1,1,1.0,1222,152.75
benign_gcc_compile_50x4k_2,13459,0,,gcc_compile,3,0.0022,3,0.0,0.0,0.0,0.0,0.0,0.0,0.0,0.3333,0,0.0,0.0,0,0.0,0.0,0,0,0,0.0,0,0.0
benign_gcc_compile_50x4k_2,13460,0,,gcc_compile,14,0.0209,14,7.0,0.0,0.0,1.0,0.5,0.0,0.0,0.3571,0,0.0,2.1905,1,0.8571,0.0,0,1,1,1.0,1226,175.14
benign_gcc_compile_50x4k_2,13462,0,,gcc_compile,3,0.002,3,0.0,0.0,0.0,0.0,0.0,0.0,0.0,0.3333,0,0.0,0.0,0,0.0,0.0,0,0,0,0.0,0,0.0
benign_gcc_compile_50x4k_2,13465,0,,gcc_compile,531,0.4168,531,141.0,0.0,0.0,1.0,0.2655,0.0,0.0,0.3484,0,0.0,3.4436,1,0.9929,0.0,0,1,1,1.0,12329,87.44
benign_gcc_compile_50x64k_1,2976,0,,gcc_compile,26,0.045,26,0.0,0.0,0.0,0.0,0.0,0.0,0.0,0.0,0,0.0,0.0,0,0.0,0.0,0,0,0,0.0,0,0.0
benign_gcc_compile_50x64k_1,6211,0,,gcc_compile,211,0.1942,211,51.0,0.0,0.0,51.0,0.2417,0.0,0.0,0.0,0,0.0,4.0409,1,0.0,0.0,0,51,1,51.0,1596,31.29
benign_gcc_compile_50x64k_1,13485,0,,gcc_compile,5,3.457,5,0.0,0.0,0.0,0.0,0.0,0.0,0.0,0.0,0,0.0,0.0,0,0.0,0.0,0,0,0,0.0,0,0.0
benign_gcc_compile_50x64k_1,13487,0,,gcc_compile,3,0.001,3,0.0,0.0,0.0,0.0,0.0,0.0,0.0,0.3333,0,0.0,0.0,0,0.0,0.0,0,0,0,0.0,0,0.0
benign_gcc_compile_50x64k_1,13488,0,,gcc_compile,14,0.0118,14,7.0,0.0,0.0,1.0,0.5,0.0,0.0,0.3571,0,0.0,2.1481,1,0.8571,0.0,0,1,1,1.0,1218,174.0
benign_gcc_compile_50x64k_1,13490,0,,gcc_compile,3,0.0011,3,0.0,0.0,0.0,0.0,0.0,0.0,0.0,0.3333,0,0.0,0.0,0,0.0,0.0,0,0,0,0.0,0,0.0
benign_gcc_compile_50x64k_1,13491,0,,gcc_compile,16,0.0081,16,8.0,0.0,0.0,1.0,0.5,0.0,0.0,0.375,0,0.0,2.3189,1,0.875,0.0,0,1,1,1.0,1219,152.38
benign_gcc_compile_50x64k_1,13493,0,,gcc_compile,3,0.0013,3,0.0,0.0,0.0,0.0,0.0,0.0,0.0,0.3333,0,0.0,0.0,0,0.0,0.0,0,0,0,0.0,0,0.0
benign_gcc_compile_50x64k_1,13494,0,,gcc_compile,16,0.0107,16,8.0,0.0,0.0,1.0,0.5,0.0,0.0,0.375,0,0.0,2.3612,1,0.875,0.0,0,1,1,1.0,1230,153.75
benign_gcc_compile_50x64k_1,13496,0,,gcc_compile,3,0.0008,3,0.0,0.0,0.0,0.0,0.0,0.0,0.0,0.3333,0,0.0,0.0,0,0.0,0.0,0,0,0,0.0,0,0.0
benign_gcc_compile_50x64k_1,13497,0,,gcc_compile,16,0.0113,16,8.0,0.0,0.0,1.0,0.5,0.0,0.0,0.375,0,0.0,2.3222,1,0.875,0.0,0,1,1,1.0,1232,154.0
benign_gcc_compile_50x64k_1,13499,0,,gcc_compile,3,0.001,3,0.0,0.0,0.0,0.0,0.0,0.0,0.0,0.3333,0,0.0,0.0,0,0.0,0.0,0,0,0,0.0,0,0.0
benign_gcc_compile_50x64k_1,13500,0,,gcc_compile,16,0.0105,16,8.0,0.0,0.0,1.0,0.5,0.0,0.0,0.375,0,0.0,2.3612,1,0.875,0.0,0,1,1,1.0,1230,153.75
benign_gcc_compile_50x64k_1,13502,0,,gcc_compile,3,0.0014,3,0.0,0.0,0.0,0.0,0.0,0.0,0.0,0.3333,0,0.0,0.0,0,0.0,0.0,0,0,0,0.0,0,0.0
benign_gcc_compile_50x64k_1,13503,0,,gcc_compile,16,0.0125,16,8.0,0.0,0.0,1.0,0.5,0.0,0.0,0.375,0,0.0,2.3607,1,0.875,0.0,0,1,1,1.0,1232,154.0
benign_gcc_compile_50x64k_1,13505,0,,gcc_compile,3,0.0008,3,0.0,0.0,0.0,0.0,0.0,0.0,0.0,0.3333,0,0.0,0.0,0,0.0,0.0,0,0,0,0.0,0,0.0
benign_gcc_compile_50x64k_1,13506,0,,gcc_compile,16,0.0095,16,8.0,0.0,0.0,1.0,0.5,0.0,0.0,0.375,0,0.0,2.3519,1,0.875,0.0,0,1,1,1.0,1224,153.0
benign_gcc_compile_50x64k_1,13508,0,,gcc_compile,3,0.0009,3,0.0,0.0,0.0,0.0,0.0,0.0,0.0,0.3333,0,0.0,0.0,0,0.0,0.0,0,0,0,0.0,0,0.0
benign_gcc_compile_50x64k_1,13509,0,,gcc_compile,14,0.0106,14,7.0,0.0,0.0,1.0,0.5,0.0,0.0,0.3571,0,0.0,2.2175,1,0.8571,0.0,0,1,1,1.0,1228,175.43
benign_gcc_compile_50x64k_1,13511,0,,gcc_compile,3,0.0007,3,0.0,0.0,0.0,0.0,0.0,0.0,0.0,0.3333,0,0.0,0.0,0,0.0,0.0,0,0,0,0.0,0,0.0
benign_gcc_compile_50x64k_1,13512,0,,gcc_compile,16,0.0105,16,8.0,0.0,0.0,1.0,0.5,0.0,0.0,0.375,0,0.0,2.3556,1,0.875,0.0,0,1,1,1.0,1224,153.0
benign_gcc_compile_50x64k_1,13514,0,,gcc_compile,3,0.0007,3,0.0,0.0,0.0,0.0,0.0,0.0,0.0,0.3333,0,0.0,0.0,0,0.0,0.0,0,0,0,0.0,0,0.0
benign_gcc_compile_50x64k_1,13515,0,,gcc_compile,14,0.0128,14,7.0,0.0,0.0,1.0,0.5,0.0,0.0,0.3571,0,0.0,2.2158,1,0.8571,0.0,0,1,1,1.0,1228,175.43
benign_gcc_compile_50x64k_1,13517,0,,gcc_compile,3,0.0031,3,0.0,0.0,0.0,0.0,0.0,0.0,0.0,0.3333,0,0.0,0.0,0,0.0,0.0,0,0,0,0.0,0,0.0
benign_gcc_compile_50x64k_1,13518,0,,gcc_compile,16,0.0146,16,8.0,0.0,0.0,1.0,0.5,0.0,0.0,0.375,0,0.0,2.3612,1,0.875,0.0,0,1,1,1.0,1230,153.75
benign_gcc_compile_50x64k_1,13520,0,,gcc_compile,3,0.001,3,0.0,0.0,0.0,0.0,0.0,0.0,0.0,0.3333,0,0.0,0.0,0,0.0,0.0,0,0,0,0.0,0,0.0
benign_gcc_compile_50x64k_1,13521,0,,gcc_compile,16,0.0156,16,8.0,0.0,0.0,1.0,0.5,0.0,0.0,0.375,0,0.0,2.3607,1,0.875,0.0,0,1,1,1.0,1232,154.0
benign_gcc_compile_50x64k_1,13523,0,,gcc_compile,3,0.0012,3,0.0,0.0,0.0,0.0,0.0,0.0,0.0,0.3333,0,0.0,0.0,0,0.0,0.0,0,0,0,0.0,0,0.0
benign_gcc_compile_50x64k_1,13524,0,,gcc_compile,16,0.0101,16,8.0,0.0,0.0,1.0,0.5,0.0,0.0,0.375,0,0.0,2.3208,1,0.875,0.0,0,1,1,1.0,1221,152.62
benign_gcc_compile_50x64k_1,13526,0,,gcc_compile,3,0.0008,3,0.0,0.0,0.0,0.0,0.0,0.0,0.0,0.3333,0,0.0,0.0,0,0.0,0.0,0,0,0,0.0,0,0.0
benign_gcc_compile_50x64k_1,13527,0,,gcc_compile,16,0.0126,16,8.0,0.0,0.0,1.0,0.5,0.0,0.0,0.375,0,0.0,2.3639,1,0.875,0.0,0,1,1,1.0,1231,153.88
benign_gcc_compile_50x64k_1,13529,0,,gcc_compile,3,0.0011,3,0.0,0.0,0.0,0.0,0.0,0.0,0.0,0.3333,0,0.0,0.0,0,0.0,0.0,0,0,0,0.0,0,0.0
benign_gcc_compile_50x64k_1,13530,0,,gcc_compile,16,0.0146,16,8.0,0.0,0.0,1.0,0.5,0.0,0.0,0.375,0,0.0,2.3633,1,0.875,0.0,0,1,1,1.0,1233,154.12
benign_gcc_compile_50x64k_1,13531,0,,gcc_compile,4,0.0015,4,0.0,0.0,0.0,0.0,0.0,0.0,0.0,0.0,0,0.0,0.0,0,0.0,0.0,0,0,0,0.0,0,0.0
benign_gcc_compile_50x64k_1,13532,0,,gcc_compile,3,0.001,3,0.0,0.0,0.0,0.0,0.0,0.0,0.0,0.3333,0,0.0,0.0,0,0.0,0.0,0,0,0,0.0,0,0.0
benign_gcc_compile_50x64k_1,13533,0,,gcc_compile,16,0.0109,16,8.0,0.0,0.0,1.0,0.5,0.0,0.0,0.375,0,0.0,2.3134,1,0.875,0.0,0,1,1,1.0,1224,153.0
benign_gcc_compile_50x64k_1,13535,0,,gcc_compile,3,0.0012,3,0.0,0.0,0.0,0.0,0.0,0.0,0.0,0.3333,0,0.0,0.0,0,0.0,0.0,0,0,0,0.0,0,0.0
benign_gcc_compile_50x64k_1,13536,0,,gcc_compile,16,0.0119,16,8.0,0.0,0.0,1.0,0.5,0.0,0.0,0.375,0,0.0,2.3519,1,0.875,0.0,0,1,1,1.0,1224,153.0
benign_gcc_compile_50x64k_1,13538,0,,gcc_compile,3,0.001,3,0.0,0.0,0.0,0.0,0.0,0.0,0.0,0.3333,0,0.0,0.0,0,0.0,0.0,0,0,0,0.0,0,0.0
benign_gcc_compile_50x64k_1,13539,0,,gcc_compile,16,0.0137,16,8.0,0.0,0.0,1.0,0.5,0.0,0.0,0.375,0,0.0,2.3612,1,0.875,0.0,0,1,1,1.0,1230,153.75
benign_gcc_compile_50x64k_1,13541,0,,gcc_compile,3,0.0008,3,0.0,0.0,0.0,0.0,0.0,0.0,0.0,0.3333,0,0.0,0.0,0,0.0,0.0,0,0,0,0.0,0,0.0
benign_gcc_compile_50x64k_1,13542,0,,gcc_compile,16,0.0101,16,8.0,0.0,0.0,1.0,0.5,0.0,0.0,0.375,0,0.0,2.3647,1,0.875,0.0,0,1,1,1.0,1237,154.62
benign_gcc_compile_50x64k_1,13544,0,,gcc_compile,3,0.0008,3,0.0,0.0,0.0,0.0,0.0,0.0,0.0,0.3333,0,0.0,0.0,0,0.0,0.0,0,0,0,0.0,0,0.0
benign_gcc_compile_50x64k_1,13545,0,,gcc_compile,16,0.0094,16,8.0,0.0,0.0,1.0,0.5,0.0,0.0,0.375,0,0.0,2.3519,1,0.875,0.0,0,1,1,1.0,1224,153.0
benign_gcc_compile_50x64k_1,13547,0,,gcc_compile,3,0.0008,3,0.0,0.0,0.0,0.0,0.0,0.0,0.0,0.3333,0,0.0,0.0,0,0.0,0.0,0,0,0,0.0,0,0.0
benign_gcc_compile_50x64k_1,13548,0,,gcc_compile,14,0.0102,14,7.0,0.0,0.0,1.0,0.5,0.0,0.0,0.3571,0,0.0,2.2064,1,0.8571,0.0,0,1,1,1.0,1236,176.57
benign_gcc_compile_50x64k_1,13550,0,,gcc_compile,3,0.001,3,0.0,0.0,0.0,0.0,0.0,0.0,0.0,0.3333,0,0.0,0.0,0,0.0,0.0,0,0,0,0.0,0,0.0
benign_gcc_compile_50x64k_1,13551,0,,gcc_compile,16,0.0116,16,8.0,0.0,0.0,1.0,0.5,0.0,0.0,0.375,0,0.0,2.3519,1,0.875,0.0,0,1,1,1.0,1224,153.0
benign_gcc_compile_50x64k_1,13553,0,,gcc_compile,3,0.0008,3,0.0,0.0,0.0,0.0,0.0,0.0,0.0,0.3333,0,0.0,0.0,0,0.0,0.0,0,0,0,0.0,0,0.0
benign_gcc_compile_50x64k_1,13554,0,,gcc_compile,16,0.0109,16,8.0,0.0,0.0,1.0,0.5,0.0,0.0,0.375,0,0.0,2.3519,1,0.875,0.0,0,1,1,1.0,1224,153.0
benign_gcc_compile_50x64k_1,13556,0,,gcc_compile,3,0.0009,3,0.0,0.0,0.0,0.0,0.0,0.0,0.0,0.3333,0,0.0,0.0,0,0.0,0.0,0,0,0,0.0,0,0.0
benign_gcc_compile_50x64k_1,13557,0,,gcc_compile,16,0.0188,16,8.0,0.0,0.0,1.0,0.5,0.0,0.0,0.375,0,0.0,2.3293,1,0.875,0.0,0,1,1,1.0,1225,153.12
benign_gcc_compile_50x64k_1,13559,0,,gcc_compile,3,0.0022,3,0.0,0.0,0.0,0.0,0.0,0.0,0.0,0.3333,0,0.0,0.0,0,0.0,0.0,0,0,0,0.0,0,0.0
benign_gcc_compile_50x64k_1,13560,0,,gcc_compile,16,0.0202,16,8.0,0.0,0.0,1.0,0.5,0.0,0.0,0.375,0,0.0,2.3482,1,0.875,0.0,0,1,1,1.0,1224,153.0
benign_gcc_compile_50x64k_1,13562,0,,gcc_compile,3,0.0022,3,0.0,0.0,0.0,0.0,0.0,0.0,0.0,0.3333,0,0.0,0.0,0,0.0,0.0,0,0,0,0.0,0,0.0
benign_gcc_compile_50x64k_1,13563,0,,gcc_compile,14,0.0105,14,7.0,0.0,0.0,1.0,0.5,0.0,0.0,0.3571,0,0.0,2.2181,1,0.8571,0.0,0,1,1,1.0,1228,175.43
benign_gcc_compile_50x64k_1,13565,0,,gcc_compile,3,0.0012,3,0.0,0.0,0.0,0.0,0.0,0.0,0.0,0.3333,0,0.0,0.0,0,0.0,0.0,0,0,0,0.0,0,0.0
benign_gcc_compile_50x64k_1,13566,0,,gcc_compile,16,0.0097,16,8.0,0.0,0.0,1.0,0.5,0.0,0.0,0.375,0,0.0,2.3556,1,0.875,0.0,0,1,1,1.0,1224,153.0
benign_gcc_compile_50x64k_1,13568,0,,gcc_compile,3,0.0013,3,0.0,0.0,0.0,0.0,0.0,0.0,0.0,0.3333,0,0.0,0.0,0,0.0,0.0,0,0,0,0.0,0,0.0
benign_gcc_compile_50x64k_1,13569,0,,gcc_compile,14,0.0112,14,7.0,0.0,0.0,1.0,0.5,0.0,0.0,0.3571,0,0.0,2.1725,1,0.8571,0.0,0,1,1,1.0,1228,175.43
benign_gcc_compile_50x64k_1,13571,0,,gcc_compile,3,0.0007,3,0.0,0.0,0.0,0.0,0.0,0.0,0.0,0.3333,0,0.0,0.0,0,0.0,0.0,0,0,0,0.0,0,0.0
benign_gcc_compile_50x64k_1,13572,0,,gcc_compile,16,0.0112,16,8.0,0.0,0.0,1.0,0.5,0.0,0.0,0.375,0,0.0,2.3519,1,0.875,0.0,0,1,1,1.0,1224,153.0
benign_gcc_compile_50x64k_1,13574,0,,gcc_compile,3,0.0011,3,0.0,0.0,0.0,0.0,0.0,0.0,0.0,0.3333,0,0.0,0.0,0,0.0,0.0,0,0,0,0.0,0,0.0
benign_gcc_compile_50x64k_1,13575,0,,gcc_compile,16,0.0121,16,8.0,0.0,0.0,1.0,0.5,0.0,0.0,0.375,0,0.0,2.3519,1,0.875,0.0,0,1,1,1.0,1224,153.0
benign_gcc_compile_50x64k_1,13576,0,,gcc_compile,4,0.0015,4,0.0,0.0,0.0,0.0,0.0,0.0,0.0,0.0,0,0.0,0.0,0,0.0,0.0,0,0,0,0.0,0,0.0
benign_gcc_compile_50x64k_1,13577,0,,gcc_compile,3,0.0009,3,0.0,0.0,0.0,0.0,0.0,0.0,0.0,0.3333,0,0.0,0.0,0,0.0,0.0,0,0,0,0.0,0,0.0
benign_gcc_compile_50x64k_1,13578,0,,gcc_compile,16,0.015,16,8.0,0.0,0.0,1.0,0.5,0.0,0.0,0.375,0,0.0,2.3672,1,0.875,0.0,0,1,1,1.0,1231,153.88
benign_gcc_compile_50x64k_1,13580,0,,gcc_compile,3,0.0011,3,0.0,0.0,0.0,0.0,0.0,0.0,0.0,0.3333,0,0.0,0.0,0,0.0,0.0,0,0,0,0.0,0,0.0
benign_gcc_compile_50x64k_1,13581,0,,gcc_compile,16,0.0114,16,8.0,0.0,0.0,1.0,0.5,0.0,0.0,0.375,0,0.0,2.3665,1,0.875,0.0,0,1,1,1.0,1233,154.12
benign_gcc_compile_50x64k_1,13583,0,,gcc_compile,3,0.001,3,0.0,0.0,0.0,0.0,0.0,0.0,0.0,0.3333,0,0.0,0.0,0,0.0,0.0,0,0,0,0.0,0,0.0
benign_gcc_compile_50x64k_1,13584,0,,gcc_compile,16,0.0118,16,8.0,0.0,0.0,1.0,0.5,0.0,0.0,0.375,0,0.0,2.3519,1,0.875,0.0,0,1,1,1.0,1224,153.0
benign_gcc_compile_50x64k_1,13586,0,,gcc_compile,3,0.0012,3,0.0,0.0,0.0,0.0,0.0,0.0,0.0,0.3333,0,0.0,0.0,0,0.0,0.0,0,0,0,0.0,0,0.0
benign_gcc_compile_50x64k_1,13587,0,,gcc_compile,16,0.0126,16,8.0,0.0,0.0,1.0,0.5,0.0,0.0,0.375,0,0.0,2.3519,1,0.875,0.0,0,1,1,1.0,1224,153.0
benign_gcc_compile_50x64k_1,13589,0,,gcc_compile,3,0.0011,3,0.0,0.0,0.0,0.0,0.0,0.0,0.0,0.3333,0,0.0,0.0,0,0.0,0.0,0,0,0,0.0,0,0.0
benign_gcc_compile_50x64k_1,13590,0,,gcc_compile,16,0.0117,16,8.0,0.0,0.0,1.0,0.5,0.0,0.0,0.375,0,0.0,2.3329,1,0.875,0.0,0,1,1,1.0,1222,152.75
benign_gcc_compile_50x64k_1,13592,0,,gcc_compile,3,0.001,3,0.0,0.0,0.0,0.0,0.0,0.0,0.0,0.3333,0,0.0,0.0,0,0.0,0.0,0,0,0,0.0,0,0.0
benign_gcc_compile_50x64k_1,13593,0,,gcc_compile,16,0.01,16,8.0,0.0,0.0,1.0,0.5,0.0,0.0,0.375,0,0.0,2.3672,1,0.875,0.0,0,1,1,1.0,1231,153.88
benign_gcc_compile_50x64k_1,13595,0,,gcc_compile,3,0.0013,3,0.0,0.0,0.0,0.0,0.0,0.0,0.0,0.3333,0,0.0,0.0,0,0.0,0.0,0,0,0,0.0,0,0.0
benign_gcc_compile_50x64k_1,13596,0,,gcc_compile,16,0.0096,16,8.0,0.0,0.0,1.0,0.5,0.0,0.0,0.375,0,0.0,2.3665,1,0.875,0.0,0,1,1,1.0,1233,154.12
benign_gcc_compile_50x64k_1,13598,0,,gcc_compile,3,0.0011,3,0.0,0.0,0.0,0.0,0.0,0.0,0.0,0.3333,0,0.0,0.0,0,0.0,0.0,0,0,0,0.0,0,0.0
benign_gcc_compile_50x64k_1,13599,0,,gcc_compile,16,0.01,16,8.0,0.0,0.0,1.0,0.5,0.0,0.0,0.375,0,0.0,2.3519,1,0.875,0.0,0,1,1,1.0,1224,153.0
benign_gcc_compile_50x64k_1,13601,0,,gcc_compile,3,0.0009,3,0.0,0.0,0.0,0.0,0.0,0.0,0.0,0.3333,0,0.0,0.0,0,0.0,0.0,0,0,0,0.0,0,0.0
benign_gcc_compile_50x64k_1,13602,0,,gcc_compile,16,0.0104,16,8.0,0.0,0.0,1.0,0.5,0.0,0.0,0.375,0,0.0,2.3519,1,0.875,0.0,0,1,1,1.0,1224,153.0
benign_gcc_compile_50x64k_1,13604,0,,gcc_compile,3,0.0014,3,0.0,0.0,0.0,0.0,0.0,0.0,0.0,0.3333,0,0.0,0.0,0,0.0,0.0,0,0,0,0.0,0,0.0
benign_gcc_compile_50x64k_1,13605,0,,gcc_compile,16,0.011,16,8.0,0.0,0.0,1.0,0.5,0.0,0.0,0.375,0,0.0,2.3134,1,0.875,0.0,0,1,1,1.0,1224,153.0
benign_gcc_compile_50x64k_1,13607,0,,gcc_compile,3,0.0011,3,0.0,0.0,0.0,0.0,0.0,0.0,0.0,0.3333,0,0.0,0.0,0,0.0,0.0,0,0,0,0.0,0,0.0
benign_gcc_compile_50x64k_1,13608,0,,gcc_compile,16,0.0111,16,8.0,0.0,0.0,1.0,0.5,0.0,0.0,0.375,0,0.0,2.3482,1,0.875,0.0,0,1,1,1.0,1224,153.0
benign_gcc_compile_50x64k_1,13610,0,,gcc_compile,3,0.001,3,0.0,0.0,0.0,0.0,0.0,0.0,0.0,0.3333,0,0.0,0.0,0,0.0,0.0,0,0,0,0.0,0,0.0
benign_gcc_compile_50x64k_1,13611,0,,gcc_compile,16,0.0109,16,8.0,0.0,0.0,1.0,0.5,0.0,0.0,0.375,0,0.0,2.3443,1,0.875,0.0,0,1,1,1.0,1224,153.0
benign_gcc_compile_50x64k_1,13613,0,,gcc_compile,3,0.0014,3,0.0,0.0,0.0,0.0,0.0,0.0,0.0,0.3333,0,0.0,0.0,0,0.0,0.0,0,0,0,0.0,0,0.0
benign_gcc_compile_50x64k_1,13614,0,,gcc_compile,16,0.012,16,8.0,0.0,0.0,1.0,0.5,0.0,0.0,0.375,0,0.0,2.3519,1,0.875,0.0,0,1,1,1.0,1224,153.0
benign_gcc_compile_50x64k_1,13616,0,,gcc_compile,3,0.001,3,0.0,0.0,0.0,0.0,0.0,0.0,0.0,0.3333,0,0.0,0.0,0,0.0,0.0,0,0,0,0.0,0,0.0
benign_gcc_compile_50x64k_1,13617,0,,gcc_compile,16,0.0119,16,8.0,0.0,0.0,1.0,0.5,0.0,0.0,0.375,0,0.0,2.3612,1,0.875,0.0,0,1,1,1.0,1230,153.75
benign_gcc_compile_50x64k_1,13619,0,,gcc_compile,3,0.0009,3,0.0,0.0,0.0,0.0,0.0,0.0,0.0,0.3333,0,0.0,0.0,0,0.0,0.0,0,0,0,0.0,0,0.0
benign_gcc_compile_50x64k_1,13620,0,,gcc_compile,16,0.0142,16,8.0,0.0,0.0,1.0,0.5,0.0,0.0,0.375,0,0.0,2.3459,1,0.875,0.0,0,1,1,1.0,1224,153.0
benign_gcc_compile_50x64k_1,13622,0,,gcc_compile,6,0.0157,6,0.0,0.0,0.0,0.0,0.0,0.0,0.0,0.1667,0,0.0,0.0,0,0.0,0.0,0,0,0,0.0,0,0.0
benign_gcc_compile_50x64k_1,13623,0,,gcc_compile,14,0.0128,14,7.0,0.0,0.0,1.0,0.5,0.0,0.0,0.3571,0,0.0,2.1898,1,0.8571,0.0,0,1,1,1.0,1226,175.14
benign_gcc_compile_50x64k_1,13625,0,,gcc_compile,3,0.0009,3,0.0,0.0,0.0,0.0,0.0,0.0,0.0,0.3333,0,0.0,0.0,0,0.0,0.0,0,0,0,0.0,0,0.0
benign_gcc_compile_50x64k_1,13626,0,,gcc_compile,16,0.0181,16,8.0,0.0,0.0,1.0,0.5,0.0,0.0,0.375,0,0.0,2.3225,1,0.875,0.0,0,1,1,1.0,1227,153.38
benign_gcc_compile_50x64k_1,13628,0,,gcc_compile,3,0.0015,3,0.0,0.0,0.0,0.0,0.0,0.0,0.0,0.3333,0,0.0,0.0,0,0.0,0.0,0,0,0,0.0,0,0.0
benign_gcc_compile_50x64k_1,13629,0,,gcc_compile,14,0.0133,14,7.0,0.0,0.0,1.0,0.5,0.0,0.0,0.3571,0,0.0,2.1922,1,0.8571,0.0,0,1,1,1.0,1226,175.14
benign_gcc_compile_50x64k_1,13631,0,,gcc_compile,3,0.0013,3,0.0,0.0,0.0,0.0,0.0,0.0,0.0,0.3333,0,0.0,0.0,0,0.0,0.0,0,0,0,0.0,0,0.0
benign_gcc_compile_50x64k_1,13632,0,,gcc_compile,16,0.0132,16,8.0,0.0,0.0,1.0,0.5,0.0,0.0,0.375,0,0.0,2.3329,1,0.875,0.0,0,1,1,1.0,1222,152.75
benign_gcc_compile_50x64k_1,13634,0,,gcc_compile,3,0.001,3,0.0,0.0,0.0,0.0,0.0,0.0,0.0,0.3333,0,0.0,0.0,0,0.0,0.0,0,0,0,0.0,0,0.0
benign_gcc_compile_50x64k_1,13635,0,,gcc_compile,14,0.0145,14,7.0,0.0,0.0,1.0,0.5,0.0,0.0,0.3571,0,0.0,2.1905,1,0.8571,0.0,0,1,1,1.0,1226,175.14
benign_gcc_compile_50x64k_1,13637,0,,gcc_compile,3,0.0012,3,0.0,0.0,0.0,0.0,0.0,0.0,0.0,0.3333,0,0.0,0.0,0,0.0,0.0,0,0,0,0.0,0,0.0
benign_gcc_compile_50x64k_1,13640,0,,gcc_compile,531,0.5379,531,141.0,0.0,0.0,1.0,0.2655,0.0,0.0,0.3484,0,0.0,3.4436,1,0.9929,0.0,0,1,1,1.0,12329,87.44
benign_gcc_compile_50x64k_2,2976,0,,gcc_compile,26,0.0481,26,0.0,0.0,0.0,0.0,0.0,0.0,0.0,0.0,0,0.0,0.0,0,0.0,0.0,0,0,0,0.0,0,0.0
benign_gcc_compile_50x64k_2,6211,0,,gcc_compile,211,0.1229,211,51.0,0.0,0.0,51.0,0.2417,0.0,0.0,0.0,0,0.0,4.0409,1,0.0,0.0,0,51,1,51.0,1596,31.29
benign_gcc_compile_50x64k_2,13660,0,,gcc_compile,5,3.9423,5,0.0,0.0,0.0,0.0,0.0,0.0,0.0,0.0,0,0.0,0.0,0,0.0,0.0,0,0,0,0.0,0,0.0
benign_gcc_compile_50x64k_2,13662,0,,gcc_compile,3,0.0009,3,0.0,0.0,0.0,0.0,0.0,0.0,0.0,0.3333,0,0.0,0.0,0,0.0,0.0,0,0,0,0.0,0,0.0
benign_gcc_compile_50x64k_2,13663,0,,gcc_compile,14,0.012,14,7.0,0.0,0.0,1.0,0.5,0.0,0.0,0.3571,0,0.0,2.1481,1,0.8571,0.0,0,1,1,1.0,1218,174.0
benign_gcc_compile_50x64k_2,13665,0,,gcc_compile,3,0.0009,3,0.0,0.0,0.0,0.0,0.0,0.0,0.0,0.3333,0,0.0,0.0,0,0.0,0.0,0,0,0,0.0,0,0.0
benign_gcc_compile_50x64k_2,13666,0,,gcc_compile,16,0.0147,16,8.0,0.0,0.0,1.0,0.5,0.0,0.0,0.375,0,0.0,2.3189,1,0.875,0.0,0,1,1,1.0,1219,152.38
benign_gcc_compile_50x64k_2,13668,0,,gcc_compile,3,0.0025,3,0.0,0.0,0.0,0.0,0.0,0.0,0.0,0.3333,0,0.0,0.0,0,0.0,0.0,0,0,0,0.0,0,0.0
benign_gcc_compile_50x64k_2,13669,0,,gcc_compile,16,0.0186,16,8.0,0.0,0.0,1.0,0.5,0.0,0.0,0.375,0,0.0,2.3612,1,0.875,0.0,0,1,1,1.0,1230,153.75
benign_gcc_compile_50x64k_2,13671,0,,gcc_compile,3,0.0022,3,0.0,0.0,0.0,0.0,0.0,0.0,0.0,0.3333,0,0.0,0.0,0,0.0,0.0,0,0,0,0.0,0,0.0
benign_gcc_compile_50x64k_2,13672,0,,gcc_compile,16,0.0108,16,8.0,0.0,0.0,1.0,0.5,0.0,0.0,0.375,0,0.0,2.3222,1,0.875,0.0,0,1,1,1.0,1232,154.0
benign_gcc_compile_50x64k_2,13674,0,,gcc_compile,3,0.0009,3,0.0,0.0,0.0,0.0,0.0,0.0,0.0,0.3333,0,0.0,0.0,0,0.0,0.0,0,0,0,0.0,0,0.0
benign_gcc_compile_50x64k_2,13675,0,,gcc_compile,16,0.0122,16,8.0,0.0,0.0,1.0,0.5,0.0,0.0,0.375,0,0.0,2.3612,1,0.875,0.0,0,1,1,1.0,1230,153.75
benign_gcc_compile_50x64k_2,13677,0,,gcc_compile,3,0.0013,3,0.0,0.0,0.0,0.0,0.0,0.0,0.0,0.3333,0,0.0,0.0,0,0.0,0.0,0,0,0,0.0,0,0.0
benign_gcc_compile_50x64k_2,13678,0,,gcc_compile,16,0.0156,16,8.0,0.0,0.0,1.0,0.5,0.0,0.0,0.375,0,0.0,2.3607,1,0.875,0.0,0,1,1,1.0,1232,154.0
benign_gcc_compile_50x64k_2,13680,0,,gcc_compile,3,0.001,3,0.0,0.0,0.0,0.0,0.0,0.0,0.0,0.3333,0,0.0,0.0,0,0.0,0.0,0,0,0,0.0,0,0.0
benign_gcc_compile_50x64k_2,13681,0,,gcc_compile,16,0.0105,16,8.0,0.0,0.0,1.0,0.5,0.0,0.0,0.375,0,0.0,2.3519,1,0.875,0.0,0,1,1,1.0,1224,153.0
benign_gcc_compile_50x64k_2,13683,0,,gcc_compile,3,0.0014,3,0.0,0.0,0.0,0.0,0.0,0.0,0.0,0.3333,0,0.0,0.0,0,0.0,0.0,0,0,0,0.0,0,0.0
benign_gcc_compile_50x64k_2,13684,0,,gcc_compile,14,0.0095,14,7.0,0.0,0.0,1.0,0.5,0.0,0.0,0.3571,0,0.0,2.2175,1,0.8571,0.0,0,1,1,1.0,1228,175.43
benign_gcc_compile_50x64k_2,13686,0,,gcc_compile,3,0.0009,3,0.0,0.0,0.0,0.0,0.0,0.0,0.0,0.3333,0,0.0,0.0,0,0.0,0.0,0,0,0,0.0,0,0.0
benign_gcc_compile_50x64k_2,13687,0,,gcc_compile,16,0.0189,16,8.0,0.0,0.0,1.0,0.5,0.0,0.0,0.375,0,0.0,2.3556,1,0.875,0.0,0,1,1,1.0,1224,153.0
benign_gcc_compile_50x64k_2,13689,0,,gcc_compile,3,0.0008,3,0.0,0.0,0.0,0.0,0.0,0.0,0.0,0.3333,0,0.0,0.0,0,0.0,0.0,0,0,0,0.0,0,0.0
benign_gcc_compile_50x64k_2,13690,0,,gcc_compile,14,0.0097,14,7.0,0.0,0.0,1.0,0.5,0.0,0.0,0.3571,0,0.0,2.2158,1,0.8571,0.0,0,1,1,1.0,1228,175.43
benign_gcc_compile_50x64k_2,13692,0,,gcc_compile,3,0.0009,3,0.0,0.0,0.0,0.0,0.0,0.0,0.0,0.3333,0,0.0,0.0,0,0.0,0.0,0,0,0,0.0,0,0.0
benign_gcc_compile_50x64k_2,13693,0,,gcc_compile,16,0.0171,16,8.0,0.0,0.0,1.0,0.5,0.0,0.0,0.375,0,0.0,2.3612,1,0.875,0.0,0,1,1,1.0,1230,153.75
benign_gcc_compile_50x64k_2,13695,0,,gcc_compile,3,0.0019,3,0.0,0.0,0.0,0.0,0.0,0.0,0.0,0.3333,0,0.0,0.0,0,0.0,0.0,0,0,0,0.0,0,0.0
benign_gcc_compile_50x64k_2,13696,0,,gcc_compile,16,0.0231,16,8.0,0.0,0.0,1.0,0.5,0.0,0.0,0.375,0,0.0,2.3607,1,0.875,0.0,0,1,1,1.0,1232,154.0
benign_gcc_compile_50x64k_2,13698,0,,gcc_compile,3,0.0026,3,0.0,0.0,0.0,0.0,0.0,0.0,0.0,0.3333,0,0.0,0.0,0,0.0,0.0,0,0,0,0.0,0,0.0
benign_gcc_compile_50x64k_2,13699,0,,gcc_compile,16,0.0251,16,8.0,0.0,0.0,1.0,0.5,0.0,0.0,0.375,0,0.0,2.3208,1,0.875,0.0,0,1,1,1.0,1221,152.62
benign_gcc_compile_50x64k_2,13701,0,,gcc_compile,7,0.014,7,0.0,0.0,0.0,0.0,0.0,0.0,0.0,0.1429,0,0.0,0.0,0,0.0,0.0,0,0,0,0.0,0,0.0
benign_gcc_compile_50x64k_2,13702,0,,gcc_compile,16,0.0328,16,8.0,0.0,0.0,1.0,0.5,0.0,0.0,0.375,0,0.0,2.3639,1,0.875,0.0,0,1,1,1.0,1231,153.88
benign_gcc_compile_50x64k_2,13704,0,,gcc_compile,3,0.0048,3,0.0,0.0,0.0,0.0,0.0,0.0,0.0,0.3333,0,0.0,0.0,0,0.0,0.0,0,0,0,0.0,0,0.0
benign_gcc_compile_50x64k_2,13705,0,,gcc_compile,16,0.028,16,8.0,0.0,0.0,1.0,0.5,0.0,0.0,0.375,0,0.0,2.3633,1,0.875,0.0,0,1,1,1.0,1233,154.12
benign_gcc_compile_50x64k_2,13707,0,,gcc_compile,3,0.0017,3,0.0,0.0,0.0,0.0,0.0,0.0,0.0,0.3333,0,0.0,0.0,0,0.0,0.0,0,0,0,0.0,0,0.0
benign_gcc_compile_50x64k_2,13708,0,,gcc_compile,16,0.0243,16,8.0,0.0,0.0,1.0,0.5,0.0,0.0,0.375,0,0.0,2.3134,1,0.875,0.0,0,1,1,1.0,1224,153.0
benign_gcc_compile_50x64k_2,13710,0,,gcc_compile,3,0.0021,3,0.0,0.0,0.0,0.0,0.0,0.0,0.0,0.3333,0,0.0,0.0,0,0.0,0.0,0,0,0,0.0,0,0.0
benign_gcc_compile_50x64k_2,13711,0,,gcc_compile,16,0.0213,16,8.0,0.0,0.0,1.0,0.5,0.0,0.0,0.375,0,0.0,2.3519,1,0.875,0.0,0,1,1,1.0,1224,153.0
benign_gcc_compile_50x64k_2,13713,0,,gcc_compile,3,0.0021,3,0.0,0.0,0.0,0.0,0.0,0.0,0.0,0.3333,0,0.0,0.0,0,0.0,0.0,0,0,0,0.0,0,0.0
benign_gcc_compile_50x64k_2,13714,0,,gcc_compile,16,0.0161,16,8.0,0.0,0.0,1.0,0.5,0.0,0.0,0.375,0,0.0,2.3612,1,0.875,0.0,0,1,1,1.0,1230,153.75
benign_gcc_compile_50x64k_2,13716,0,,gcc_compile,3,0.0007,3,0.0,0.0,0.0,0.0,0.0,0.0,0.0,0.3333,0,0.0,0.0,0,0.0,0.0,0,0,0,0.0,0,0.0
benign_gcc_compile_50x64k_2,13717,0,,gcc_compile,16,0.0103,16,8.0,0.0,0.0,1.0,0.5,0.0,0.0,0.375,0,0.0,2.3647,1,0.875,0.0,0,1,1,1.0,1237,154.62
benign_gcc_compile_50x64k_2,13719,0,,gcc_compile,3,0.0011,3,0.0,0.0,0.0,0.0,0.0,0.0,0.0,0.3333,0,0.0,0.0,0,0.0,0.0,0,0,0,0.0,0,0.0
benign_gcc_compile_50x64k_2,13720,0,,gcc_compile,16,0.0113,16,8.0,0.0,0.0,1.0,0.5,0.0,0.0,0.375,0,0.0,2.3519,1,0.875,0.0,0,1,1,1.0,1224,153.0
benign_gcc_compile_50x64k_2,13722,0,,gcc_compile,3,0.001,3,0.0,0.0,0.0,0.0,0.0,0.0,0.0,0.3333,0,0.0,0.0,0,0.0,0.0,0,0,0,0.0,0,0.0
benign_gcc_compile_50x64k_2,13723,0,,gcc_compile,14,0.0099,14,7.0,0.0,0.0,1.0,0.5,0.0,0.0,0.3571,0,0.0,2.2064,1,0.8571,0.0,0,1,1,1.0,1236,176.57
benign_gcc_compile_50x64k_2,13725,0,,gcc_compile,3,0.0007,3,0.0,0.0,0.0,0.0,0.0,0.0,0.0,0.3333,0,0.0,0.0,0,0.0,0.0,0,0,0,0.0,0,0.0
benign_gcc_compile_50x64k_2,13726,0,,gcc_compile,16,0.0105,16,8.0,0.0,0.0,1.0,0.5,0.0,0.0,0.375,0,0.0,2.3519,1,0.875,0.0,0,1,1,1.0,1224,153.0
benign_gcc_compile_50x64k_2,13728,0,,gcc_compile,3,0.0009,3,0.0,0.0,0.0,0.0,0.0,0.0,0.0,0.3333,0,0.0,0.0,0,0.0,0.0,0,0,0,0.0,0,0.0
benign_gcc_compile_50x64k_2,13729,0,,gcc_compile,16,0.0119,16,8.0,0.0,0.0,1.0,0.5,0.0,0.0,0.375,0,0.0,2.3519,1,0.875,0.0,0,1,1,1.0,1224,153.0
benign_gcc_compile_50x64k_2,13731,0,,gcc_compile,3,0.0007,3,0.0,0.0,0.0,0.0,0.0,0.0,0.0,0.3333,0,0.0,0.0,0,0.0,0.0,0,0,0,0.0,0,0.0
benign_gcc_compile_50x64k_2,13732,0,,gcc_compile,16,0.0119,16,8.0,0.0,0.0,1.0,0.5,0.0,0.0,0.375,0,0.0,2.3293,1,0.875,0.0,0,1,1,1.0,1225,153.12
benign_gcc_compile_50x64k_2,13734,0,,gcc_compile,3,0.0008,3,0.0,0.0,0.0,0.0,0.0,0.0,0.0,0.3333,0,0.0,0.0,0,0.0,0.0,0,0,0,0.0,0,0.0
benign_gcc_compile_50x64k_2,13735,0,,gcc_compile,16,0.0124,16,8.0,0.0,0.0,1.0,0.5,0.0,0.0,0.375,0,0.0,2.3482,1,0.875,0.0,0,1,1,1.0,1224,153.0
benign_gcc_compile_50x64k_2,13737,0,,gcc_compile,3,0.0011,3,0.0,0.0,0.0,0.0,0.0,0.0,0.0,0.3333,0,0.0,0.0,0,0.0,0.0,0,0,0,0.0,0,0.0
benign_gcc_compile_50x64k_2,13738,0,,gcc_compile,14,0.0149,14,7.0,0.0,0.0,1.0,0.5,0.0,0.0,0.3571,0,0.0,2.2181,1,0.8571,0.0,0,1,1,1.0,1228,175.43
benign_gcc_compile_50x64k_2,13739,0,,gcc_compile,4,0.0016,4,0.0,0.0,0.0,0.0,0.0,0.0,0.0,0.0,0,0.0,0.0,0,0.0,0.0,0,0,0,0.0,0,0.0
benign_gcc_compile_50x64k_2,13740,0,,gcc_compile,3,0.0018,3,0.0,0.0,0.0,0.0,0.0,0.0,0.0,0.3333,0,0.0,0.0,0,0.0,0.0,0,0,0,0.0,0,0.0
benign_gcc_compile_50x64k_2,13741,0,,gcc_compile,16,0.0213,16,8.0,0.0,0.0,1.0,0.5,0.0,0.0,0.375,0,0.0,2.3556,1,0.875,0.0,0,1,1,1.0,1224,153.0
benign_gcc_compile_50x64k_2,13743,0,,gcc_compile,3,0.0011,3,0.0,0.0,0.0,0.0,0.0,0.0,0.0,0.3333,0,0.0,0.0,0,0.0,0.0,0,0,0,0.0,0,0.0
benign_gcc_compile_50x64k_2,13744,0,,gcc_compile,14,0.0118,14,7.0,0.0,0.0,1.0,0.5,0.0,0.0,0.3571,0,0.0,2.1725,1,0.8571,0.0,0,1,1,1.0,1228,175.43
benign_gcc_compile_50x64k_2,13746,0,,gcc_compile,3,0.001,3,0.0,0.0,0.0,0.0,0.0,0.0,0.0,0.3333,0,0.0,0.0,0,0.0,0.0,0,0,0,0.0,0,0.0
benign_gcc_compile_50x64k_2,13747,0,,gcc_compile,16,0.0178,16,8.0,0.0,0.0,1.0,0.5,0.0,0.0,0.375,0,0.0,2.3519,1,0.875,0.0,0,1,1,1.0,1224,153.0
benign_gcc_compile_50x64k_2,13749,0,,gcc_compile,3,0.0021,3,0.0,0.0,0.0,0.0,0.0,0.0,0.0,0.3333,0,0.0,0.0,0,0.0,0.0,0,0,0,0.0,0,0.0
benign_gcc_compile_50x64k_2,13750,0,,gcc_compile,16,0.0211,16,8.0,0.0,0.0,1.0,0.5,0.0,0.0,0.375,0,0.0,2.3519,1,0.875,0.0,0,1,1,1.0,1224,153.0
benign_gcc_compile_50x64k_2,13752,0,,gcc_compile,3,0.0021,3,0.0,0.0,0.0,0.0,0.0,0.0,0.0,0.3333,0,0.0,0.0,0,0.0,0.0,0,0,0,0.0,0,0.0
benign_gcc_compile_50x64k_2,13753,0,,gcc_compile,16,0.0178,16,8.0,0.0,0.0,1.0,0.5,0.0,0.0,0.375,0,0.0,2.3672,1,0.875,0.0,0,1,1,1.0,1231,153.88
benign_gcc_compile_50x64k_2,13755,0,,gcc_compile,3,0.0018,3,0.0,0.0,0.0,0.0,0.0,0.0,0.0,0.3333,0,0.0,0.0,0,0.0,0.0,0,0,0,0.0,0,0.0
benign_gcc_compile_50x64k_2,13756,0,,gcc_compile,16,0.0177,16,8.0,0.0,0.0,1.0,0.5,0.0,0.0,0.375,0,0.0,2.3665,1,0.875,0.0,0,1,1,1.0,1233,154.12
benign_gcc_compile_50x64k_2,13758,0,,gcc_compile,3,0.0019,3,0.0,0.0,0.0,0.0,0.0,0.0,0.0,0.3333,0,0.0,0.0,0,0.0,0.0,0,0,0,0.0,0,0.0
benign_gcc_compile_50x64k_2,13759,0,,gcc_compile,16,0.0174,16,8.0,0.0,0.0,1.0,0.5,0.0,0.0,0.375,0,0.0,2.3519,1,0.875,0.0,0,1,1,1.0,1224,153.0
benign_gcc_compile_50x64k_2,13761,0,,gcc_compile,3,0.0022,3,0.0,0.0,0.0,0.0,0.0,0.0,0.0,0.3333,0,0.0,0.0,0,0.0,0.0,0,0,0,0.0,0,0.0
benign_gcc_compile_50x64k_2,13762,0,,gcc_compile,16,0.0169,16,8.0,0.0,0.0,1.0,0.5,0.0,0.0,0.375,0,0.0,2.3519,1,0.875,0.0,0,1,1,1.0,1224,153.0
benign_gcc_compile_50x64k_2,13764,0,,gcc_compile,3,0.0019,3,0.0,0.0,0.0,0.0,0.0,0.0,0.0,0.3333,0,0.0,0.0,0,0.0,0.0,0,0,0,0.0,0,0.0
benign_gcc_compile_50x64k_2,13765,0,,gcc_compile,16,0.0183,16,8.0,0.0,0.0,1.0,0.5,0.0,0.0,0.375,0,0.0,2.3329,1,0.875,0.0,0,1,1,1.0,1222,152.75
benign_gcc_compile_50x64k_2,13767,0,,gcc_compile,3,0.0015,3,0.0,0.0,0.0,0.0,0.0,0.0,0.0,0.3333,0,0.0,0.0,0,0.0,0.0,0,0,0,0.0,0,0.0
benign_gcc_compile_50x64k_2,13768,0,,gcc_compile,16,0.0181,16,8.0,0.0,0.0,1.0,0.5,0.0,0.0,0.375,0,0.0,2.3672,1,0.875,0.0,0,1,1,1.0,1231,153.88
benign_gcc_compile_50x64k_2,13770,0,,gcc_compile,3,0.0012,3,0.0,0.0,0.0,0.0,0.0,0.0,0.0,0.3333,0,0.0,0.0,0,0.0,0.0,0,0,0,0.0,0,0.0
benign_gcc_compile_50x64k_2,13771,0,,gcc_compile,16,0.0112,16,8.0,0.0,0.0,1.0,0.5,0.0,0.0,0.375,0,0.0,2.3665,1,0.875,0.0,0,1,1,1.0,1233,154.12
benign_gcc_compile_50x64k_2,13773,0,,gcc_compile,3,0.0009,3,0.0,0.0,0.0,0.0,0.0,0.0,0.0,0.3333,0,0.0,0.0,0,0.0,0.0,0,0,0,0.0,0,0.0
benign_gcc_compile_50x64k_2,13774,0,,gcc_compile,16,0.0121,16,8.0,0.0,0.0,1.0,0.5,0.0,0.0,0.375,0,0.0,2.3519,1,0.875,0.0,0,1,1,1.0,1224,153.0
benign_gcc_compile_50x64k_2,13776,0,,gcc_compile,6,0.0127,6,0.0,0.0,0.0,0.0,0.0,0.0,0.0,0.1667,0,0.0,0.0,0,0.0,0.0,0,0,0,0.0,0,0.0
benign_gcc_compile_50x64k_2,13777,0,,gcc_compile,16,0.0199,16,8.0,0.0,0.0,1.0,0.5,0.0,0.0,0.375,0,0.0,2.3519,1,0.875,0.0,0,1,1,1.0,1224,153.0
benign_gcc_compile_50x64k_2,13779,0,,gcc_compile,3,0.0014,3,0.0,0.0,0.0,0.0,0.0,0.0,0.0,0.3333,0,0.0,0.0,0,0.0,0.0,0,0,0,0.0,0,0.0
benign_gcc_compile_50x64k_2,13780,0,,gcc_compile,16,0.0182,16,8.0,0.0,0.0,1.0,0.5,0.0,0.0,0.375,0,0.0,2.3134,1,0.875,0.0,0,1,1,1.0,1224,153.0
benign_gcc_compile_50x64k_2,13782,0,,gcc_compile,3,0.0015,3,0.0,0.0,0.0,0.0,0.0,0.0,0.0,0.3333,0,0.0,0.0,0,0.0,0.0,0,0,0,0.0,0,0.0
benign_gcc_compile_50x64k_2,13783,0,,gcc_compile,16,0.013,16,8.0,0.0,0.0,1.0,0.5,0.0,0.0,0.375,0,0.0,2.3482,1,0.875,0.0,0,1,1,1.0,1224,153.0
benign_gcc_compile_50x64k_2,13785,0,,gcc_compile,3,0.001,3,0.0,0.0,0.0,0.0,0.0,0.0,0.0,0.3333,0,0.0,0.0,0,0.0,0.0,0,0,0,0.0,0,0.0
benign_gcc_compile_50x64k_2,13786,0,,gcc_compile,16,0.0105,16,8.0,0.0,0.0,1.0,0.5,0.0,0.0,0.375,0,0.0,2.3443,1,0.875,0.0,0,1,1,1.0,1224,153.0
benign_gcc_compile_50x64k_2,13788,0,,gcc_compile,3,0.0012,3,0.0,0.0,0.0,0.0,0.0,0.0,0.0,0.3333,0,0.0,0.0,0,0.0,0.0,0,0,0,0.0,0,0.0
benign_gcc_compile_50x64k_2,13789,0,,gcc_compile,16,0.0117,16,8.0,0.0,0.0,1.0,0.5,0.0,0.0,0.375,0,0.0,2.3519,1,0.875,0.0,0,1,1,1.0,1224,153.0
benign_gcc_compile_50x64k_2,13791,0,,gcc_compile,3,0.0018,3,0.0,0.0,0.0,0.0,0.0,0.0,0.0,0.3333,0,0.0,0.0,0,0.0,0.0,0,0,0,0.0,0,0.0
benign_gcc_compile_50x64k_2,13792,0,,gcc_compile,16,0.0118,16,8.0,0.0,0.0,1.0,0.5,0.0,0.0,0.375,0,0.0,2.3612,1,0.875,0.0,0,1,1,1.0,1230,153.75
benign_gcc_compile_50x64k_2,13794,0,,gcc_compile,3,0.0008,3,0.0,0.0,0.0,0.0,0.0,0.0,0.0,0.3333,0,0.0,0.0,0,0.0,0.0,0,0,0,0.0,0,0.0
benign_gcc_compile_50x64k_2,13795,0,,gcc_compile,16,0.0178,16,8.0,0.0,0.0,1.0,0.5,0.0,0.0,0.375,0,0.0,2.3459,1,0.875,0.0,0,1,1,1.0,1224,153.0
benign_gcc_compile_50x64k_2,13797,0,,gcc_compile,3,0.002,3,0.0,0.0,0.0,0.0,0.0,0.0,0.0,0.3333,0,0.0,0.0,0,0.0,0.0,0,0,0,0.0,0,0.0
benign_gcc_compile_50x64k_2,13798,0,,gcc_compile,14,0.0161,14,7.0,0.0,0.0,1.0,0.5,0.0,0.0,0.3571,0,0.0,2.1898,1,0.8571,0.0,0,1,1,1.0,1226,175.14
benign_gcc_compile_50x64k_2,13800,0,,gcc_compile,3,0.0018,3,0.0,0.0,0.0,0.0,0.0,0.0,0.0,0.3333,0,0.0,0.0,0,0.0,0.0,0,0,0,0.0,0,0.0
benign_gcc_compile_50x64k_2,13801,0,,gcc_compile,16,0.0175,16,8.0,0.0,0.0,1.0,0.5,0.0,0.0,0.375,0,0.0,2.3225,1,0.875,0.0,0,1,1,1.0,1227,153.38
benign_gcc_compile_50x64k_2,13803,0,,gcc_compile,3,0.002,3,0.0,0.0,0.0,0.0,0.0,0.0,0.0,0.3333,0,0.0,0.0,0,0.0,0.0,0,0,0,0.0,0,0.0
benign_gcc_compile_50x64k_2,13804,0,,gcc_compile,14,0.0149,14,7.0,0.0,0.0,1.0,0.5,0.0,0.0,0.3571,0,0.0,2.1922,1,0.8571,0.0,0,1,1,1.0,1226,175.14
benign_gcc_compile_50x64k_2,13806,0,,gcc_compile,3,0.0015,3,0.0,0.0,0.0,0.0,0.0,0.0,0.0,0.3333,0,0.0,0.0,0,0.0,0.0,0,0,0,0.0,0,0.0
benign_gcc_compile_50x64k_2,13807,0,,gcc_compile,16,0.0111,16,8.0,0.0,0.0,1.0,0.5,0.0,0.0,0.375,0,0.0,2.3329,1,0.875,0.0,0,1,1,1.0,1222,152.75
benign_gcc_compile_50x64k_2,13809,0,,gcc_compile,3,0.001,3,0.0,0.0,0.0,0.0,0.0,0.0,0.0,0.3333,0,0.0,0.0,0,0.0,0.0,0,0,0,0.0,0,0.0
benign_gcc_compile_50x64k_2,13810,0,,gcc_compile,14,0.0186,14,7.0,0.0,0.0,1.0,0.5,0.0,0.0,0.3571,0,0.0,2.1905,1,0.8571,0.0,0,1,1,1.0,1226,175.14
benign_gcc_compile_50x64k_2,13812,0,,gcc_compile,3,0.0017,3,0.0,0.0,0.0,0.0,0.0,0.0,0.0,0.3333,0,0.0,0.0,0,0.0,0.0,0,0,0,0.0,0,0.0
benign_gcc_compile_50x64k_2,13815,0,,gcc_compile,532,0.3787,532,141.0,0.0,0.0,1.0,0.265,0.0,0.0,0.3477,0,0.0,3.4436,1,0.9929,0.0,0,1,1,1.0,12329,87.44
benign_git_checkout_10x4k_1,2976,0,,git_checkout,26,0.0954,26,0.0,0.0,0.0,0.0,0.0,0.0,0.0,0.0,0,0.0,0.0,0,0.0,0.0,0,0,0,0.0,0,0.0
benign_git_checkout_10x4k_1,6211,0,,git_checkout,71,0.0689,71,30.0,0.0,0.0,10.0,0.4225,0.0,0.0,0.0,0,0.0,3.2477,1,0.0,0.0,0,10,1,10.0,41830,1394.33
benign_git_checkout_10x4k_1,8712,0,,git_checkout,4,0.4844,4,0.0,0.0,0.0,0.0,0.0,0.0,0.0,0.0,0,0.0,0.0,0,0.0,0.0,0,0,0,0.0,0,0.0
benign_git_checkout_10x4k_1,8713,0,,git_checkout,121,0.1606,121,27.0,1.0,6.0,23.0,0.2231,0.0083,0.0496,0.0331,0,0.0,4.1922,1,0.0,1.0,1,20,3,6.6667,26515,982.04
benign_git_checkout_10x4k_1,8714,0,,git_checkout,65,0.0567,65,3.0,0.0,2.0,2.0,0.0462,0.0,0.0308,0.2,0,0.0,5.2054,1,0.0,0.5,1,2,2,1.0,952,317.33
benign_git_checkout_10x4k_1,8715,0,,git_checkout,75,0.0961,75,10.0,1.0,5.0,9.0,0.1333,0.0133,0.0667,0.0533,0,0.0,3.9668,1,0.0,0.4,1,9,7,1.2857,1424,142.4
benign_git_checkout_10x4k_1,8716,0,,git_checkout,12,0.013,12,0.0,1.0,0.0,1.0,0.0,0.0833,0.0,0.0,0,0.0,0.0,0,0.0,0.0,0,1,1,1.0,0,0.0
benign_git_checkout_10x4k_1,8717,0,,git_checkout,77,0.0811,77,7.0,0.0,3.0,4.0,0.0909,0.0,0.039,0.039,0,0.0,3.6359,1,0.0,1.0,1,5,4,1.25,1236,176.57
benign_git_checkout_10x4k_1,8718,0,,git_checkout,10,0.0068,10,0.0,10.0,0.0,0.0,0.0,1.0,0.0,0.0,0,0.0,0.0,0,0.0,0.0,0,10,1,10.0,0,0.0
benign_git_checkout_10x4k_1,8719,0,,git_checkout,89,0.0864,89,9.0,1.0,4.0,5.0,0.1011,0.0112,0.0449,0.0562,0,0.0,3.6144,1,0.0,0.5,1,8,6,1.3333,486,54.0
benign_git_checkout_10x4k_1,8720,0,,git_checkout,12,0.0095,12,0.0,1.0,0.0,1.0,0.0,0.0833,0.0,0.0,0,0.0,0.0,0,0.0,0.0,0,1,1,1.0,0,0.0
benign_git_checkout_10x4k_1,8721,0,,git_checkout,139,0.1156,139,14.0,0.0,2.0,12.0,0.1007,0.0,0.0144,0.0216,0,0.0,4.3927,1,0.0,1.0,1,13,3,4.3333,42893,3063.79
benign_git_checkout_10x4k_2,2976,0,,git_checkout,26,0.0546,26,0.0,0.0,0.0,0.0,0.0,0.0,0.0,0.0,0,0.0,0.0,0,0.0,0.0,0,0,0,0.0,0,0.0
benign_git_checkout_10x4k_2,6211,0,,git_checkout,71,0.0528,71,30.0,0.0,0.0,10.0,0.4225,0.0,0.0,0.0,0,0.0,3.2477,1,0.0,0.0,0,10,1,10.0,41830,1394.33
benign_git_checkout_10x4k_2,8741,0,,git_checkout,4,0.4301,4,0.0,0.0,0.0,0.0,0.0,0.0,0.0,0.0,0,0.0,0.0,0,0.0,0.0,0,0,0,0.0,0,0.0
benign_git_checkout_10x4k_2,8742,0,,git_checkout,121,0.1485,121,27.0,1.0,6.0,23.0,0.2231,0.0083,0.0496,0.0331,0,0.0,4.1922,1,0.0,1.0,1,20,3,6.6667,26515,982.04
benign_git_checkout_10x4k_2,8743,0,,git_checkout,65,0.0511,65,3.0,0.0,2.0,2.0,0.0462,0.0,0.0308,0.2,0,0.0,5.2376,1,0.0,0.5,1,2,2,1.0,952,317.33
benign_git_checkout_10x4k_2,8744,0,,git_checkout,75,0.0823,75,10.0,1.0,5.0,9.0,0.1333,0.0133,0.0667,0.0533,0,0.0,3.9514,1,0.0,0.4,1,9,7,1.2857,1424,142.4
benign_git_checkout_10x4k_2,8745,0,,git_checkout,12,0.0111,12,0.0,1.0,0.0,1.0,0.0,0.0833,0.0,0.0,0,0.0,0.0,0,0.0,0.0,0,1,1,1.0,0,0.0
benign_git_checkout_10x4k_2,8746,0,,git_checkout,77,0.0681,77,7.0,0.0,3.0,4.0,0.0909,0.0,0.039,0.039,0,0.0,3.6417,1,0.0,1.0,1,5,4,1.25,1236,176.57
benign_git_checkout_10x4k_2,8747,0,,git_checkout,10,0.0062,10,0.0,10.0,0.0,0.0,0.0,1.0,0.0,0.0,0,0.0,0.0,0,0.0,0.0,0,10,1,10.0,0,0.0
benign_git_checkout_10x4k_2,8748,0,,git_checkout,89,0.0798,89,9.0,1.0,4.0,5.0,0.1011,0.0112,0.0449,0.0562,0,0.0,3.5881,1,0.0,0.5,1,8,6,1.3333,486,54.0
benign_git_checkout_10x4k_2,8749,0,,git_checkout,12,0.0108,12,0.0,1.0,0.0,1.0,0.0,0.0833,0.0,0.0,0,0.0,0.0,0,0.0,0.0,0,1,1,1.0,0,0.0
benign_git_checkout_10x4k_2,8750,0,,git_checkout,139,0.109,139,14.0,0.0,2.0,12.0,0.1007,0.0,0.0144,0.0216,0,0.0,4.3808,1,0.0,1.0,1,13,3,4.3333,42893,3063.79
benign_git_checkout_10x64k_1,6211,0,,git_checkout,372,0.3622,372,330.0,0.0,0.0,10.0,0.8871,0.0,0.0,0.0,0,0.0,3.9077,1,0.0,0.0,0,10,1,10.0,655930,1987.67
benign_git_checkout_10x64k_1,2976,0,,git_checkout,26,0.1184,26,0.0,0.0,0.0,0.0,0.0,0.0,0.0,0.0,0,0.0,0.0,0,0.0,0.0,0,0,0,0.0,0,0.0
benign_git_checkout_10x64k_1,8770,0,,git_checkout,4,0.4913,4,0.0,0.0,0.0,0.0,0.0,0.0,0.0,0.0,0,0.0,0.0,0,0.0,0.0,0,0,0,0.0,0,0.0
benign_git_checkout_10x64k_1,8771,0,,git_checkout,121,0.1272,121,27.0,1.0,6.0,23.0,0.2231,0.0083,0.0496,0.0331,0,0.0,4.1922,1,0.0,1.0,1,20,3,6.6667,26515,982.04
benign_git_checkout_10x64k_1,8772,0,,git_checkout,65,0.0664,65,3.0,0.0,2.0,2.0,0.0462,0.0,0.0308,0.2,0,0.0,5.4999,1,0.0,0.5,1,2,2,1.0,1481,493.67
benign_git_checkout_10x64k_1,8773,0,,git_checkout,75,0.1213,75,10.0,1.0,5.0,9.0,0.1333,0.0133,0.0667,0.0533,0,0.0,3.9753,1,0.0,0.4,1,9,7,1.2857,1427,142.7
benign_git_checkout_10x64k_1,8774,0,,git_checkout,12,0.0211,12,0.0,1.0,0.0,1.0,0.0,0.0833,0.0,0.0,0,0.0,0.0,0,0.0,0.0,0,1,1,1.0,0,0.0
benign_git_checkout_10x64k_1,8775,0,,git_checkout,77,0.0766,77,7.0,0.0,3.0,4.0,0.0909,0.0,0.039,0.039,0,0.0,3.6305,1,0.0,1.0,1,5,4,1.25,1236,176.57
benign_git_checkout_10x64k_1,8776,0,,git_checkout,10,0.0064,10,0.0,10.0,0.0,0.0,0.0,1.0,0.0,0.0,0,0.0,0.0,0,0.0,0.0,0,10,1,10.0,0,0.0
benign_git_checkout_10x64k_1,8777,0,,git_checkout,89,0.093,89,9.0,1.0,4.0,5.0,0.1011,0.0112,0.0449,0.0562,0,0.0,3.6338,1,0.0,0.5,1,8,6,1.3333,485,53.89
benign_git_checkout_10x64k_1,8778,0,,git_checkout,12,0.011,12,0.0,1.0,0.0,1.0,0.0,0.0833,0.0,0.0,0,0.0,0.0,0,0.0,0.0,0,1,1,1.0,0,0.0
benign_git_checkout_10x64k_1,8779,0,,git_checkout,179,0.1675,179,54.0,0.0,2.0,12.0,0.3017,0.0,0.0112,0.0168,0,0.0,4.366,1,0.0,1.0,1,13,3,4.3333,656993,12166.54
benign_git_checkout_10x64k_2,2976,0,,git_checkout,26,0.055,26,0.0,0.0,0.0,0.0,0.0,0.0,0.0,0.0,0,0.0,0.0,0,0.0,0.0,0,0,0,0.0,0,0.0
benign_git_checkout_10x64k_2,6211,0,,git_checkout,371,0.2585,371,330.0,0.0,0.0,10.0,0.8895,0.0,0.0,0.0,0,0.0,3.9077,1,0.0,0.0,0,10,1,10.0,655930,1987.67
benign_git_checkout_10x64k_2,8798,0,,git_checkout,4,0.5443,4,0.0,0.0,0.0,0.0,0.0,0.0,0.0,0.0,0,0.0,0.0,0,0.0,0.0,0,0,0,0.0,0,0.0
benign_git_checkout_10x64k_2,8799,0,,git_checkout,121,0.1204,121,27.0,1.0,6.0,23.0,0.2231,0.0083,0.0496,0.0331,0,0.0,4.1922,1,0.0,1.0,1,20,3,6.6667,26515,982.04
benign_git_checkout_10x64k_2,8800,0,,git_checkout,65,0.096,65,3.0,0.0,2.0,2.0,0.0462,0.0,0.0308,0.2,0,0.0,5.4762,1,0.0,0.5,1,2,2,1.0,1481,493.67
benign_git_checkout_10x64k_2,8801,0,,git_checkout,75,0.1165,75,10.0,1.0,5.0,9.0,0.1333,0.0133,0.0667,0.0533,0,0.0,3.9783,1,0.0,0.4,1,9,7,1.2857,1425,142.5
benign_git_checkout_10x64k_2,8802,0,,git_checkout,12,0.0102,12,0.0,1.0,0.0,1.0,0.0,0.0833,0.0,0.0,0,0.0,0.0,0,0.0,0.0,0,1,1,1.0,0,0.0
benign_git_checkout_10x64k_2,8803,0,,git_checkout,77,0.1236,77,7.0,0.0,3.0,4.0,0.0909,0.0,0.039,0.039,0,0.0,3.6414,1,0.0,1.0,1,5,4,1.25,1236,176.57
benign_git_checkout_10x64k_2,8804,0,,git_checkout,10,0.0217,10,0.0,10.0,0.0,0.0,0.0,1.0,0.0,0.0,0,0.0,0.0,0,0.0,0.0,0,10,1,10.0,0,0.0
benign_git_checkout_10x64k_2,8805,0,,git_checkout,89,0.1003,89,9.0,1.0,4.0,5.0,0.1011,0.0112,0.0449,0.0562,0,0.0,3.6051,1,0.0,0.5,1,8,6,1.3333,486,54.0
benign_git_checkout_10x64k_2,8806,0,,git_checkout,12,0.0088,12,0.0,1.0,0.0,1.0,0.0,0.0833,0.0,0.0,0,0.0,0.0,0,0.0,0.0,0,1,1,1.0,0,0.0
benign_git_checkout_10x64k_2,8807,0,,git_checkout,179,0.1715,179,54.0,0.0,2.0,12.0,0.3017,0.0,0.0112,0.0168,0,0.0,4.3687,1,0.0,1.0,1,13,3,4.3333,656993,12166.54
benign_git_checkout_50x4k_1,6211,0,,git_checkout,312,0.2868,312,150.0,0.0,0.0,50.0,0.4808,0.0,0.0,0.0,0,0.0,3.2477,1,0.0,0.0,0,50,1,50.0,209150,1394.33
benign_git_checkout_50x4k_1,2976,0,,git_checkout,26,0.0999,26,0.0,0.0,0.0,0.0,0.0,0.0,0.0,0.0,0,0.0,0.0,0,0.0,0.0,0,0,0,0.0,0,0.0
benign_git_checkout_50x4k_1,8827,0,,git_checkout,4,0.6801,4,0.0,0.0,0.0,0.0,0.0,0.0,0.0,0.0,0,0.0,0.0,0,0.0,0.0,0,0,0,0.0,0,0.0
benign_git_checkout_50x4k_1,8828,0,,git_checkout,121,0.1589,121,27.0,1.0,6.0,23.0,0.2231,0.0083,0.0496,0.0331,0,0.0,4.1922,1,0.0,1.0,1,20,3,6.6667,26515,982.04
benign_git_checkout_50x4k_1,8829,0,,git_checkout,225,0.1804,225,3.0,0.0,2.0,2.0,0.0133,0.0,0.0089,0.2356,0,0.0,5.2408,1,0.0,0.5,1,2,2,1.0,4152,1384.0
benign_git_checkout_50x4k_1,8830,0,,git_checkout,75,0.132,75,10.0,1.0,5.0,9.0,0.1333,0.0133,0.0667,0.0533,0,0.0,3.9811,1,0.0,0.4,1,9,7,1.2857,4734,473.4
benign_git_checkout_50x4k_1,8831,0,,git_checkout,12,0.0142,12,0.0,1.0,0.0,1.0,0.0,0.0833,0.0,0.0,0,0.0,0.0,0,0.0,0.0,0,1,1,1.0,0,0.0
benign_git_checkout_50x4k_1,8832,0,,git_checkout,77,0.1094,77,7.0,0.0,3.0,4.0,0.0909,0.0,0.039,0.039,0,0.0,3.5955,1,0.0,1.0,1,5,4,1.25,4436,633.71
benign_git_checkout_50x4k_1,8833,0,,git_checkout,50,0.0428,50,0.0,50.0,0.0,0.0,0.0,1.0,0.0,0.0,0,0.0,0.0,0,0.0,0.0,0,50,1,50.0,0,0.0
benign_git_checkout_50x4k_1,8834,0,,git_checkout,89,0.1215,89,9.0,1.0,4.0,5.0,0.1011,0.0112,0.0449,0.0562,0,0.0,3.6296,1,0.0,0.5,1,8,6,1.3333,486,54.0
benign_git_checkout_50x4k_1,8835,0,,git_checkout,12,0.0098,12,0.0,1.0,0.0,1.0,0.0,0.0833,0.0,0.0,0,0.0,0.0,0,0.0,0.0,0,1,1,1.0,0,0.0
benign_git_checkout_50x4k_1,8836,0,,git_checkout,426,0.327,426,54.0,0.0,2.0,52.0,0.1268,0.0,0.0047,0.007,0,0.0,4.3741,1,0.0,1.0,1,53,3,17.6667,213413,3952.09
benign_git_checkout_50x4k_2,2976,0,,git_checkout,26,0.0846,26,0.0,0.0,0.0,0.0,0.0,0.0,0.0,0.0,0,0.0,0.0,0,0.0,0.0,0,0,0,0.0,0,0.0
benign_git_checkout_50x4k_2,6211,0,,git_checkout,311,0.4588,311,150.0,0.0,0.0,50.0,0.4823,0.0,0.0,0.0,0,0.0,3.2477,1,0.0,0.0,0,50,1,50.0,209150,1394.33
benign_git_checkout_50x4k_2,8856,0,,git_checkout,4,0.6991,4,0.0,0.0,0.0,0.0,0.0,0.0,0.0,0.0,0,0.0,0.0,0,0.0,0.0,0,0,0,0.0,0,0.0
benign_git_checkout_50x4k_2,8857,0,,git_checkout,121,0.2235,121,27.0,1.0,6.0,23.0,0.2231,0.0083,0.0496,0.0331,0,0.0,4.1922,1,0.0,1.0,1,20,3,6.6667,26515,982.04
benign_git_checkout_50x4k_2,8858,0,,git_checkout,225,0.2052,225,3.0,0.0,2.0,2.0,0.0133,0.0,0.0089,0.2356,0,0.0,5.2293,1,0.0,0.5,1,2,2,1.0,4152,1384.0
benign_git_checkout_50x4k_2,8859,0,,git_checkout,75,0.118,75,10.0,1.0,5.0,9.0,0.1333,0.0133,0.0667,0.0533,0,0.0,4.0073,1,0.0,0.4,1,9,7,1.2857,4735,473.5
benign_git_checkout_50x4k_2,8860,0,,git_checkout,12,0.0106,12,0.0,1.0,0.0,1.0,0.0,0.0833,0.0,0.0,0,0.0,0.0,0,0.0,0.0,0,1,1,1.0,0,0.0
benign_git_checkout_50x4k_2,8861,0,,git_checkout,77,0.0693,77,7.0,0.0,3.0,4.0,0.0909,0.0,0.039,0.039,0,0.0,3.6338,1,0.0,1.0,1,5,4,1.25,4436,633.71
benign_git_checkout_50x4k_2,8862,0,,git_checkout,50,0.0279,50,0.0,50.0,0.0,0.0,0.0,1.0,0.0,0.0,0,0.0,0.0,0,0.0,0.0,0,50,1,50.0,0,0.0
benign_git_checkout_50x4k_2,8863,0,,git_checkout,89,0.1108,89,9.0,1.0,4.0,5.0,0.1011,0.0112,0.0449,0.0562,0,0.0,3.6127,1,0.0,0.5,1,8,6,1.3333,486,54.0
benign_git_checkout_50x4k_2,8864,0,,git_checkout,12,0.0111,12,0.0,1.0,0.0,1.0,0.0,0.0833,0.0,0.0,0,0.0,0.0,0,0.0,0.0,0,1,1,1.0,0,0.0
benign_git_checkout_50x4k_2,8865,0,,git_checkout,424,0.3161,424,54.0,0.0,2.0,52.0,0.1274,0.0,0.0047,0.0071,0,0.0,4.3738,1,0.0,1.0,1,53,3,17.6667,213413,3952.09
benign_git_checkout_50x64k_1,2976,0,,git_checkout,26,0.0522,26,0.0,0.0,0.0,0.0,0.0,0.0,0.0,0.0,0,0.0,0.0,0,0.0,0.0,0,0,0,0.0,0,0.0
benign_git_checkout_50x64k_1,6211,0,,git_checkout,1815,1.1217,1815,1470.9602,0.0,0.0,44.5746,0.9091,0.0,0.0,0.0,0,0.0,3.9077,1,0.0,0.0,0,50,1,50.0,3279650,1987.67
benign_git_checkout_50x64k_1,8885,0,,git_checkout,4,0.8799,4,0.0,0.0,0.0,0.0,0.0,0.0,0.0,0.0,0,0.0,0.0,0,0.0,0.0,0,0,0,0.0,0,0.0
benign_git_checkout_50x64k_1,8886,0,,git_checkout,121,0.1917,121,27.0,1.0,6.0,23.0,0.2231,0.0083,0.0496,0.0331,0,0.0,4.1922,1,0.0,1.0,1,20,3,6.6667,26515,982.04
benign_git_checkout_50x64k_1,8887,0,,git_checkout,225,0.2494,225,3.0,0.0,2.0,2.0,0.0133,0.0,0.0089,0.2356,0,0.0,5.45,1,0.0,0.5,1,2,2,1.0,4681,1560.33
benign_git_checkout_50x64k_1,8888,0,,git_checkout,75,0.1937,75,10.0,1.0,5.0,9.0,0.1333,0.0133,0.0667,0.0533,0,0.0,3.9989,1,0.0,0.4,1,9,7,1.2857,4733,473.3
benign_git_checkout_50x64k_1,8889,0,,git_checkout,12,0.0175,12,0.0,1.0,0.0,1.0,0.0,0.0833,0.0,0.0,0,0.0,0.0,0,0.0,0.0,0,1,1,1.0,0,0.0
benign_git_checkout_50x64k_1,8890,0,,git_checkout,77,0.1285,77,7.0,0.0,3.0,4.0,0.0909,0.0,0.039,0.039,0,0.0,3.6024,1,0.0,1.0,1,5,4,1.25,4436,633.71
benign_git_checkout_50x64k_1,8891,0,,git_checkout,50,0.0453,50,0.0,50.0,0.0,0.0,0.0,1.0,0.0,0.0,0,0.0,0.0,0,0.0,0.0,0,50,1,50.0,0,0.0
benign_git_checkout_50x64k_1,8892,0,,git_checkout,92,0.0984,92,9.0,1.0,4.0,5.0,0.0978,0.0109,0.0435,0.0543,0,0.0,3.6343,1,0.0,0.5,1,8,6,1.3333,487,54.11
benign_git_checkout_50x64k_1,8893,0,,git_checkout,12,0.0091,12,0.0,1.0,0.0,1.0,0.0,0.0833,0.0,0.0,0,0.0,0.0,0,0.0,0.0,0,1,1,1.0,0,0.0
benign_git_checkout_50x64k_1,8894,0,,git_checkout,632,0.5738,632,254.0,0.0,2.0,52.0,0.4019,0.0,0.0032,0.0047,0,0.0,4.3628,1,0.0,1.0,1,53,3,17.6667,3283913,12928.79
benign_git_checkout_50x64k_2,2976,0,,git_checkout,26,0.0797,26,0.0,0.0,0.0,0.0,0.0,0.0,0.0,0.0,0,0.0,0.0,0,0.0,0.0,0,0,0,0.0,0,0.0
benign_git_checkout_50x64k_2,6211,0,,git_checkout,1815,1.1854,1815,1391.8871,0.0,0.0,42.1784,0.9091,0.0,0.0,0.0,0,0.0,3.9077,1,0.0,0.0,0,50,1,50.0,3279650,1987.67
benign_git_checkout_50x64k_2,8913,0,,git_checkout,4,0.5484,4,0.0,0.0,0.0,0.0,0.0,0.0,0.0,0.0,0,0.0,0.0,0,0.0,0.0,0,0,0,0.0,0,0.0
benign_git_checkout_50x64k_2,8914,0,,git_checkout,121,0.1283,121,27.0,1.0,6.0,23.0,0.2231,0.0083,0.0496,0.0331,0,0.0,4.1922,1,0.0,1.0,1,20,3,6.6667,26515,982.04
benign_git_checkout_50x64k_2,8915,0,,git_checkout,225,0.1764,225,3.0,0.0,2.0,2.0,0.0133,0.0,0.0089,0.2356,0,0.0,5.4341,1,0.0,0.5,1,2,2,1.0,4681,1560.33
benign_git_checkout_50x64k_2,8916,0,,git_checkout,75,0.0974,75,10.0,1.0,5.0,9.0,0.1333,0.0133,0.0667,0.0533,0,0.0,3.9995,1,0.0,0.4,1,9,7,1.2857,4732,473.2
benign_git_checkout_50x64k_2,8917,0,,git_checkout,12,0.01,12,0.0,1.0,0.0,1.0,0.0,0.0833,0.0,0.0,0,0.0,0.0,0,0.0,0.0,0,1,1,1.0,0,0.0
benign_git_checkout_50x64k_2,8918,0,,git_checkout,77,0.0679,77,7.0,0.0,3.0,4.0,0.0909,0.0,0.039,0.039,0,0.0,3.6207,1,0.0,1.0,1,5,4,1.25,4436,633.71
benign_git_checkout_50x64k_2,8919,0,,git_checkout,50,0.0394,50,0.0,50.0,0.0,0.0,0.0,1.0,0.0,0.0,0,0.0,0.0,0,0.0,0.0,0,50,1,50.0,0,0.0
benign_git_checkout_50x64k_2,8920,0,,git_checkout,89,0.1012,89,9.0,1.0,4.0,5.0,0.1011,0.0112,0.0449,0.0562,0,0.0,3.6232,1,0.0,0.5,1,8,6,1.3333,487,54.11
benign_git_checkout_50x64k_2,8921,0,,git_checkout,12,0.011,12,0.0,1.0,0.0,1.0,0.0,0.0833,0.0,0.0,0,0.0,0.0,0,0.0,0.0,0,1,1,1.0,0,0.0
benign_git_checkout_50x64k_2,8922,0,,git_checkout,629,0.5131,629,254.0,0.0,2.0,52.0,0.4038,0.0,0.0032,0.0048,0,0.0,4.3628,1,0.0,1.0,1,53,3,17.6667,3283913,12928.79
benign_gpg_symmetric_10x4k_1,2976,0,,gpg_symmetric,26,0.0537,26,0.0,0.0,0.0,0.0,0.0,0.0,0.0,0.0,0,0.0,0.0,0,0.0,0.0,0,0,0,0.0,0,0.0
benign_gpg_symmetric_10x4k_1,6211,0,,gpg_symmetric,67,0.0878,67,30.0,0.0,0.0,10.0,0.4478,0.0,0.0,0.0,0,0.0,3.2477,1,0.0,0.0,0,10,1,10.0,41830,1394.33
benign_gpg_symmetric_10x4k_1,9633,0,,gpg_symmetric,4,0.0019,4,0.0,0.0,0.0,0.0,0.0,0.0,0.0,0.0,0,0.0,0.0,0,0.0,0.0,0,0,0,0.0,0,0.0
benign_gpg_symmetric_10x4k_1,9634,0,,gpg_symmetric,11,1.4914,11,2.0115,0.0,0.0,0.6705,0.2727,0.0,0.0,0.0909,0,0.0,3.4586,1,0.0,0.0,0,1,1,1.0,161,53.67
benign_gpg_symmetric_10x4k_1,9638,0,,gpg_symmetric,9,0.7416,9,3.0,0.0,0.0,1.0,0.3333,0.0,0.0,0.1111,0,0.0,3.4752,1,0.0,0.0,0,1,1,1.0,162,54.0
benign_gpg_symmetric_10x4k_1,9640,0,,gpg_symmetric,12,0.7183,12,3.0,0.0,0.0,1.0,0.25,0.0,0.0,0.0833,0,0.0,3.4986,1,0.0,0.0,0,1,1,1.0,163,54.33
benign_gpg_symmetric_10x4k_1,9642,0,,gpg_symmetric,9,0.7635,9,3.0,0.0,0.0,1.0,0.3333,0.0,0.0,0.1111,0,0.0,3.5094,1,0.0,0.0,0,1,1,1.0,163,54.33
benign_gpg_symmetric_10x4k_1,9644,0,,gpg_symmetric,12,0.6883,12,3.0,0.0,0.0,1.0,0.25,0.0,0.0,0.0833,0,0.0,3.5735,1,0.0,0.0,0,1,1,1.0,163,54.33
benign_gpg_symmetric_10x4k_1,9646,0,,gpg_symmetric,9,0.6809,9,3.0,0.0,0.0,1.0,0.3333,0.0,0.0,0.1111,0,0.0,3.5899,1,0.0,0.0,0,1,1,1.0,163,54.33
benign_gpg_symmetric_10x4k_1,9648,0,,gpg_symmetric,12,0.7196,12,3.0,0.0,0.0,1.0,0.25,0.0,0.0,0.0833,0,0.0,3.5259,1,0.0,0.0,0,1,1,1.0,162,54.0
benign_gpg_symmetric_10x4k_1,9650,0,,gpg_symmetric,9,0.674,9,3.0,0.0,0.0,1.0,0.3333,0.0,0.0,0.1111,0,0.0,3.5665,1,0.0,0.0,0,1,1,1.0,162,54.0
benign_gpg_symmetric_10x4k_1,9652,0,,gpg_symmetric,12,0.65,12,3.0,0.0,0.0,1.0,0.25,0.0,0.0,0.0833,0,0.0,3.5369,1,0.0,0.0,0,1,1,1.0,162,54.0
benign_gpg_symmetric_10x4k_1,9654,0,,gpg_symmetric,9,0.7027,9,3.0,0.0,0.0,1.0,0.3333,0.0,0.0,0.1111,0,0.0,3.5071,1,0.0,0.0,0,1,1,1.0,163,54.33
benign_gpg_symmetric_10x4k_2,2976,0,,gpg_symmetric,26,0.0512,26,0.0,0.0,0.0,0.0,0.0,0.0,0.0,0.0,0,0.0,0.0,0,0.0,0.0,0,0,0,0.0,0,0.0
benign_gpg_symmetric_10x4k_2,6211,0,,gpg_symmetric,67,0.0766,67,30.0,0.0,0.0,10.0,0.4478,0.0,0.0,0.0,0,0.0,3.2477,1,0.0,0.0,0,10,1,10.0,41830,1394.33
benign_gpg_symmetric_10x4k_2,9675,0,,gpg_symmetric,4,0.0008,4,0.0,0.0,0.0,0.0,0.0,0.0,0.0,0.0,0,0.0,0.0,0,0.0,0.0,0,0,0,0.0,0,0.0
benign_gpg_symmetric_10x4k_2,9676,0,,gpg_symmetric,8,0.3511,8,3.0,0.0,0.0,1.0,0.375,0.0,0.0,0.125,0,0.0,3.5212,1,0.0,0.0,0,1,1,1.0,161,53.67
benign_gpg_symmetric_10x4k_2,9678,0,,gpg_symmetric,8,0.3314,8,3.0,0.0,0.0,1.0,0.375,0.0,0.0,0.125,0,0.0,3.5276,1,0.0,0.0,0,1,1,1.0,162,54.0
benign_gpg_symmetric_10x4k_2,9680,0,,gpg_symmetric,11,0.3553,11,3.0,0.0,0.0,1.0,0.2727,0.0,0.0,0.0909,0,0.0,3.4935,1,0.0,0.0,0,1,1,1.0,163,54.33
benign_gpg_symmetric_10x4k_2,9682,0,,gpg_symmetric,9,0.3238,9,3.0,0.0,0.0,1.0,0.3333,0.0,0.0,0.1111,0,0.0,3.523,1,0.0,0.0,0,1,1,1.0,163,54.33
benign_gpg_symmetric_10x4k_2,9684,0,,gpg_symmetric,9,0.3148,9,3.0,0.0,0.0,1.0,0.3333,0.0,0.0,0.1111,0,0.0,3.5241,1,0.0,0.0,0,1,1,1.0,163,54.33
benign_gpg_symmetric_10x4k_2,9686,0,,gpg_symmetric,9,0.3225,9,3.0,0.0,0.0,1.0,0.3333,0.0,0.0,0.1111,0,0.0,3.5304,1,0.0,0.0,0,1,1,1.0,163,54.33
benign_gpg_symmetric_10x4k_2,9688,0,,gpg_symmetric,12,0.3173,12,3.0,0.0,0.0,1.0,0.25,0.0,0.0,0.0833,0,0.0,3.4661,1,0.0,0.0,0,1,1,1.0,163,54.33
benign_gpg_symmetric_10x4k_2,9690,0,,gpg_symmetric,9,0.3026,9,3.0,0.0,0.0,1.0,0.3333,0.0,0.0,0.1111,0,0.0,3.5111,1,0.0,0.0,0,1,1,1.0,163,54.33
benign_gpg_symmetric_10x4k_2,9692,0,,gpg_symmetric,9,0.2965,9,3.0,0.0,0.0,1.0,0.3333,0.0,0.0,0.1111,0,0.0,3.4984,1,0.0,0.0,0,1,1,1.0,163,54.33
benign_gpg_symmetric_10x4k_2,9694,0,,gpg_symmetric,9,0.2948,9,3.0,0.0,0.0,1.0,0.3333,0.0,0.0,0.1111,0,0.0,3.5522,1,0.0,0.0,0,1,1,1.0,162,54.0
benign_gpg_symmetric_10x64k_1,2976,0,,gpg_symmetric,26,0.0574,26,0.0,0.0,0.0,0.0,0.0,0.0,0.0,0.0,0,0.0,0.0,0,0.0,0.0,0,0,0,0.0,0,0.0
benign_gpg_symmetric_10x64k_1,6211,0,,gpg_symmetric,367,0.2236,367,330.0,0.0,0.0,10.0,0.8992,0.0,0.0,0.0,0,0.0,3.9077,1,0.0,0.0,0,10,1,10.0,655930,1987.67
benign_gpg_symmetric_10x64k_1,9715,0,,gpg_symmetric,4,0.0016,4,0.0,0.0,0.0,0.0,0.0,0.0,0.0,0.0,0,0.0,0.0,0,0.0,0.0,0,0,0,0.0,0,0.0
benign_gpg_symmetric_10x64k_1,9716,0,,gpg_symmetric,10,0.6428,10,3.0,0.0,0.0,1.0,0.3,0.0,0.0,0.3,1,0.3333,3.7168,1,0.0,0.0,0,1,1,1.0,377,125.67
benign_gpg_symmetric_10x64k_1,9718,0,,gpg_symmetric,13,0.6707,13,3.0,0.0,0.0,1.0,0.2308,0.0,0.0,0.2308,1,0.3333,3.7332,1,0.0,0.0,0,1,1,1.0,378,126.0
benign_gpg_symmetric_10x64k_1,9720,0,,gpg_symmetric,11,0.6835,11,3.0,0.0,0.0,1.0,0.2727,0.0,0.0,0.2727,1,0.3333,3.7146,1,0.0,0.0,0,1,1,1.0,378,126.0
benign_gpg_symmetric_10x64k_1,9722,0,,gpg_symmetric,14,0.6867,14,3.0,0.0,0.0,1.0,0.2143,0.0,0.0,0.2143,1,0.3333,3.6871,1,0.0,0.0,0,1,1,1.0,379,126.33
benign_gpg_symmetric_10x64k_1,9724,0,,gpg_symmetric,11,0.7001,11,3.0,0.0,0.0,1.0,0.2727,0.0,0.0,0.2727,1,0.3333,3.6917,1,0.0,0.0,0,1,1,1.0,379,126.33
benign_gpg_symmetric_10x64k_1,9726,0,,gpg_symmetric,14,0.7134,14,3.0,0.0,0.0,1.0,0.2143,0.0,0.0,0.2143,1,0.3333,3.6972,1,0.0,0.0,0,1,1,1.0,379,126.33
benign_gpg_symmetric_10x64k_1,9728,0,,gpg_symmetric,11,0.6961,11,3.0,0.0,0.0,1.0,0.2727,0.0,0.0,0.2727,1,0.3333,3.6826,1,0.0,0.0,0,1,1,1.0,379,126.33
benign_gpg_symmetric_10x64k_1,9730,0,,gpg_symmetric,14,0.705,14,3.0,0.0,0.0,1.0,0.2143,0.0,0.0,0.2143,1,0.3333,3.6412,1,0.0,0.0,0,1,1,1.0,379,126.33
benign_gpg_symmetric_10x64k_1,9732,0,,gpg_symmetric,11,0.7627,11,3.0,0.0,0.0,1.0,0.2727,0.0,0.0,0.2727,1,0.3333,3.7039,1,0.0,0.0,0,1,1,1.0,379,126.33
benign_gpg_symmetric_10x64k_1,9734,0,,gpg_symmetric,14,0.7559,14,3.0,0.0,0.0,1.0,0.2143,0.0,0.0,0.2143,1,0.3333,3.6781,1,0.0,0.0,0,1,1,1.0,379,126.33
benign_gpg_symmetric_10x64k_2,2976,0,,gpg_symmetric,26,0.0799,26,0.0,0.0,0.0,0.0,0.0,0.0,0.0,0.0,0,0.0,0.0,0,0.0,0.0,0,0,0,0.0,0,0.0
benign_gpg_symmetric_10x64k_2,6211,0,,gpg_symmetric,367,0.2118,367,330.0,0.0,0.0,10.0,0.8992,0.0,0.0,0.0,0,0.0,3.9077,1,0.0,0.0,0,10,1,10.0,655930,1987.67
benign_gpg_symmetric_10x64k_2,9755,0,,gpg_symmetric,4,0.0023,4,0.0,0.0,0.0,0.0,0.0,0.0,0.0,0.0,0,0.0,0.0,0,0.0,0.0,0,0,0,0.0,0,0.0
benign_gpg_symmetric_10x64k_2,9756,0,,gpg_symmetric,10,0.6933,10,3.0,0.0,0.0,1.0,0.3,0.0,0.0,0.3,1,0.3333,3.674,1,0.0,0.0,0,1,1,1.0,378,126.0
benign_gpg_symmetric_10x64k_2,9758,0,,gpg_symmetric,13,0.721,13,3.0,0.0,0.0,1.0,0.2308,0.0,0.0,0.2308,1,0.3333,3.6966,1,0.0,0.0,0,1,1,1.0,378,126.0
benign_gpg_symmetric_10x64k_2,9760,0,,gpg_symmetric,11,0.7367,11,3.0,0.0,0.0,1.0,0.2727,0.0,0.0,0.2727,1,0.3333,3.6859,1,0.0,0.0,0,1,1,1.0,379,126.33
benign_gpg_symmetric_10x64k_2,9762,0,,gpg_symmetric,14,0.72,14,3.0,0.0,0.0,1.0,0.2143,0.0,0.0,0.2143,1,0.3333,3.7066,1,0.0,0.0,0,1,1,1.0,379,126.33
benign_gpg_symmetric_10x64k_2,9764,0,,gpg_symmetric,11,0.7103,11,3.0,0.0,0.0,1.0,0.2727,0.0,0.0,0.2727,1,0.3333,3.6909,1,0.0,0.0,0,1,1,1.0,379,126.33
benign_gpg_symmetric_10x64k_2,9766,0,,gpg_symmetric,14,0.6813,14,3.0,0.0,0.0,1.0,0.2143,0.0,0.0,0.2143,1,0.3333,3.6863,1,0.0,0.0,0,1,1,1.0,379,126.33
benign_gpg_symmetric_10x64k_2,9768,0,,gpg_symmetric,11,0.6679,11,3.0,0.0,0.0,1.0,0.2727,0.0,0.0,0.2727,1,0.3333,3.6819,1,0.0,0.0,0,1,1,1.0,379,126.33
benign_gpg_symmetric_10x64k_2,9770,0,,gpg_symmetric,14,0.7008,14,3.0,0.0,0.0,1.0,0.2143,0.0,0.0,0.2143,1,0.3333,3.7123,1,0.0,0.0,0,1,1,1.0,379,126.33
benign_gpg_symmetric_10x64k_2,9772,0,,gpg_symmetric,11,0.7177,11,3.0,0.0,0.0,1.0,0.2727,0.0,0.0,0.2727,1,0.3333,3.651,1,0.0,0.0,0,1,1,1.0,379,126.33
benign_gpg_symmetric_10x64k_2,9775,0,,gpg_symmetric,14,0.6524,14,3.0,0.0,0.0,1.0,0.2143,0.0,0.0,0.2143,1,0.3333,3.6479,1,0.0,0.0,0,1,1,1.0,379,126.33
benign_gpg_symmetric_50x4k_1,2976,0,,gpg_symmetric,26,0.0534,26,0.0,0.0,0.0,0.0,0.0,0.0,0.0,0.0,0,0.0,0.0,0,0.0,0.0,0,0,0,0.0,0,0.0
benign_gpg_symmetric_50x4k_1,6211,0,,gpg_symmetric,307,0.2268,307,150.0,0.0,0.0,50.0,0.4886,0.0,0.0,0.0,0,0.0,3.2477,1,0.0,0.0,0,50,1,50.0,209150,1394.33
benign_gpg_symmetric_50x4k_1,9796,0,,gpg_symmetric,4,0.0015,4,0.0,0.0,0.0,0.0,0.0,0.0,0.0,0.0,0,0.0,0.0,0,0.0,0.0,0,0,0,0.0,0,0.0
benign_gpg_symmetric_50x4k_1,9797,0,,gpg_symmetric,8,0.6854,8,3.0,0.0,0.0,1.0,0.375,0.0,0.0,0.125,0,0.0,3.5366,1,0.0,0.0,0,1,1,1.0,163,54.33
benign_gpg_symmetric_50x4k_1,9799,0,,gpg_symmetric,11,0.6944,11,3.0,0.0,0.0,1.0,0.2727,0.0,0.0,0.0909,0,0.0,3.5133,1,0.0,0.0,0,1,1,1.0,163,54.33
benign_gpg_symmetric_50x4k_1,9801,0,,gpg_symmetric,9,0.8117,9,3.0,0.0,0.0,1.0,0.3333,0.0,0.0,0.1111,0,0.0,3.5279,1,0.0,0.0,0,1,1,1.0,164,54.67
benign_gpg_symmetric_50x4k_1,9803,0,,gpg_symmetric,12,0.6895,12,3.0,0.0,0.0,1.0,0.25,0.0,0.0,0.0833,0,0.0,3.5112,1,0.0,0.0,0,1,1,1.0,164,54.67
benign_gpg_symmetric_50x4k_1,9805,0,,gpg_symmetric,9,0.6712,9,3.0,0.0,0.0,1.0,0.3333,0.0,0.0,0.1111,0,0.0,3.5134,1,0.0,0.0,0,1,1,1.0,164,54.67
benign_gpg_symmetric_50x4k_1,9807,0,,gpg_symmetric,12,0.7514,12,3.0,0.0,0.0,1.0,0.25,0.0,0.0,0.0833,0,0.0,3.55,1,0.0,0.0,0,1,1,1.0,164,54.67
benign_gpg_symmetric_50x4k_1,9809,0,,gpg_symmetric,9,0.7689,9,3.0,0.0,0.0,1.0,0.3333,0.0,0.0,0.1111,0,0.0,3.5438,1,0.0,0.0,0,1,1,1.0,164,54.67
benign_gpg_symmetric_50x4k_1,9811,0,,gpg_symmetric,12,0.7304,12,3.0,0.0,0.0,1.0,0.25,0.0,0.0,0.0833,0,0.0,3.4796,1,0.0,0.0,0,1,1,1.0,164,54.67
benign_gpg_symmetric_50x4k_1,9813,0,,gpg_symmetric,9,0.8142,9,3.0,0.0,0.0,1.0,0.3333,0.0,0.0,0.1111,0,0.0,3.5151,1,0.0,0.0,0,1,1,1.0,164,54.67
benign_gpg_symmetric_50x4k_1,9815,0,,gpg_symmetric,12,0.6889,12,3.0,0.0,0.0,1.0,0.25,0.0,0.0,0.0833,0,0.0,3.5348,1,0.0,0.0,0,1,1,1.0,164,54.67
benign_gpg_symmetric_50x4k_1,9817,0,,gpg_symmetric,9,0.7164,9,3.0,0.0,0.0,1.0,0.3333,0.0,0.0,0.1111,0,0.0,3.5228,1,0.0,0.0,0,1,1,1.0,163,54.33
benign_gpg_symmetric_50x4k_1,9819,0,,gpg_symmetric,12,0.6881,12,3.0,0.0,0.0,1.0,0.25,0.0,0.0,0.0833,0,0.0,3.5069,1,0.0,0.0,0,1,1,1.0,163,54.33
benign_gpg_symmetric_50x4k_1,9821,0,,gpg_symmetric,9,0.6916,9,3.0,0.0,0.0,1.0,0.3333,0.0,0.0,0.1111,0,0.0,3.5393,1,0.0,0.0,0,1,1,1.0,164,54.67
benign_gpg_symmetric_50x4k_1,9823,0,,gpg_symmetric,12,0.7362,12,3.0,0.0,0.0,1.0,0.25,0.0,0.0,0.0833,0,0.0,3.5054,1,0.0,0.0,0,1,1,1.0,165,55.0
benign_gpg_symmetric_50x4k_1,9825,0,,gpg_symmetric,9,0.67,9,3.0,0.0,0.0,1.0,0.3333,0.0,0.0,0.1111,0,0.0,3.5308,1,0.0,0.0,0,1,1,1.0,165,55.0
benign_gpg_symmetric_50x4k_1,9827,0,,gpg_symmetric,12,0.7067,12,3.0,0.0,0.0,1.0,0.25,0.0,0.0,0.0833,0,0.0,3.5364,1,0.0,0.0,0,1,1,1.0,165,55.0
benign_gpg_symmetric_50x4k_1,9829,0,,gpg_symmetric,9,0.7267,9,3.0,0.0,0.0,1.0,0.3333,0.0,0.0,0.1111,0,0.0,3.5588,1,0.0,0.0,0,1,1,1.0,165,55.0
benign_gpg_symmetric_50x4k_1,9831,0,,gpg_symmetric,12,0.6839,12,3.0,0.0,0.0,1.0,0.25,0.0,0.0,0.0833,0,0.0,3.4917,1,0.0,0.0,0,1,1,1.0,165,55.0
benign_gpg_symmetric_50x4k_1,9833,0,,gpg_symmetric,9,0.665,9,3.0,0.0,0.0,1.0,0.3333,0.0,0.0,0.1111,0,0.0,3.5481,1,0.0,0.0,0,1,1,1.0,165,55.0
benign_gpg_symmetric_50x4k_1,9835,0,,gpg_symmetric,12,0.6763,12,3.0,0.0,0.0,1.0,0.25,0.0,0.0,0.0833,0,0.0,3.5294,1,0.0,0.0,0,1,1,1.0,165,55.0
benign_gpg_symmetric_50x4k_1,9837,0,,gpg_symmetric,9,0.6805,9,3.0,0.0,0.0,1.0,0.3333,0.0,0.0,0.1111,0,0.0,3.4763,1,0.0,0.0,0,1,1,1.0,163,54.33
benign_gpg_symmetric_50x4k_1,9839,0,,gpg_symmetric,12,0.7781,12,3.0,0.0,0.0,1.0,0.25,0.0,0.0,0.0833,0,0.0,3.541,1,0.0,0.0,0,1,1,1.0,164,54.67
benign_gpg_symmetric_50x4k_1,9841,0,,gpg_symmetric,9,0.6753,9,3.0,0.0,0.0,1.0,0.3333,0.0,0.0,0.1111,0,0.0,3.5116,1,0.0,0.0,0,1,1,1.0,163,54.33
benign_gpg_symmetric_50x4k_1,9843,0,,gpg_symmetric,12,0.6957,12,3.0,0.0,0.0,1.0,0.25,0.0,0.0,0.0833,0,0.0,3.521,1,0.0,0.0,0,1,1,1.0,164,54.67
benign_gpg_symmetric_50x4k_1,9845,0,,gpg_symmetric,9,0.6791,9,3.0,0.0,0.0,1.0,0.3333,0.0,0.0,0.1111,0,0.0,3.575,1,0.0,0.0,0,1,1,1.0,165,55.0
benign_gpg_symmetric_50x4k_1,9847,0,,gpg_symmetric,12,0.6954,12,3.0,0.0,0.0,1.0,0.25,0.0,0.0,0.0833,0,0.0,3.5392,1,0.0,0.0,0,1,1,1.0,165,55.0
benign_gpg_symmetric_50x4k_1,9849,0,,gpg_symmetric,9,0.647,9,3.0,0.0,0.0,1.0,0.3333,0.0,0.0,0.1111,0,0.0,3.5526,1,0.0,0.0,0,1,1,1.0,165,55.0
benign_gpg_symmetric_50x4k_1,9851,0,,gpg_symmetric,12,0.6154,12,3.0,0.0,0.0,1.0,0.25,0.0,0.0,0.0833,0,0.0,3.5274,1,0.0,0.0,0,1,1,1.0,165,55.0
benign_gpg_symmetric_50x4k_1,9853,0,,gpg_symmetric,9,0.6022,9,3.0,0.0,0.0,1.0,0.3333,0.0,0.0,0.1111,0,0.0,3.5588,1,0.0,0.0,0,1,1,1.0,165,55.0
benign_gpg_symmetric_50x4k_1,9855,0,,gpg_symmetric,12,0.6263,12,3.0,0.0,0.0,1.0,0.25,0.0,0.0,0.0833,0,0.0,3.5241,1,0.0,0.0,0,1,1,1.0,165,55.0
benign_gpg_symmetric_50x4k_1,9857,0,,gpg_symmetric,9,0.6213,9,3.0,0.0,0.0,1.0,0.3333,0.0,0.0,0.1111,0,0.0,3.5485,1,0.0,0.0,0,1,1,1.0,163,54.33
benign_gpg_symmetric_50x4k_1,9859,0,,gpg_symmetric,12,0.6619,12,3.0,0.0,0.0,1.0,0.25,0.0,0.0,0.0833,0,0.0,3.4766,1,0.0,0.0,0,1,1,1.0,163,54.33
benign_gpg_symmetric_50x4k_1,9861,0,,gpg_symmetric,9,0.6493,9,3.0,0.0,0.0,1.0,0.3333,0.0,0.0,0.1111,0,0.0,3.506,1,0.0,0.0,0,1,1,1.0,162,54.0
benign_gpg_symmetric_50x4k_1,9863,0,,gpg_symmetric,12,0.5823,12,3.0,0.0,0.0,1.0,0.25,0.0,0.0,0.0833,0,0.0,3.5269,1,0.0,0.0,0,1,1,1.0,163,54.33
benign_gpg_symmetric_50x4k_1,9865,0,,gpg_symmetric,9,0.6249,9,3.0,0.0,0.0,1.0,0.3333,0.0,0.0,0.1111,0,0.0,3.5168,1,0.0,0.0,0,1,1,1.0,164,54.67
benign_gpg_symmetric_50x4k_1,9867,0,,gpg_symmetric,12,0.6094,12,3.0,0.0,0.0,1.0,0.25,0.0,0.0,0.0833,0,0.0,3.5515,1,0.0,0.0,0,1,1,1.0,165,55.0
benign_gpg_symmetric_50x4k_1,9869,0,,gpg_symmetric,9,0.5826,9,3.0,0.0,0.0,1.0,0.3333,0.0,0.0,0.1111,0,0.0,3.5263,1,0.0,0.0,0,1,1,1.0,165,55.0
benign_gpg_symmetric_50x4k_1,9871,0,,gpg_symmetric,12,0.6752,12,3.0,0.0,0.0,1.0,0.25,0.0,0.0,0.0833,0,0.0,3.5386,1,0.0,0.0,0,1,1,1.0,165,55.0
benign_gpg_symmetric_50x4k_1,9873,0,,gpg_symmetric,9,0.6711,9,3.0,0.0,0.0,1.0,0.3333,0.0,0.0,0.1111,0,0.0,3.5319,1,0.0,0.0,0,1,1,1.0,166,55.33
benign_gpg_symmetric_50x4k_1,9875,0,,gpg_symmetric,12,0.6791,12,3.0,0.0,0.0,1.0,0.25,0.0,0.0,0.0833,0,0.0,3.5691,1,0.0,0.0,0,1,1,1.0,166,55.33
benign_gpg_symmetric_50x4k_1,9877,0,,gpg_symmetric,9,0.6994,9,3.0,0.0,0.0,1.0,0.3333,0.0,0.0,0.1111,0,0.0,3.5202,1,0.0,0.0,0,1,1,1.0,164,54.67
benign_gpg_symmetric_50x4k_1,9879,0,,gpg_symmetric,12,0.6442,12,3.0,0.0,0.0,1.0,0.25,0.0,0.0,0.0833,0,0.0,3.5828,1,0.0,0.0,0,1,1,1.0,165,55.0
benign_gpg_symmetric_50x4k_1,9881,0,,gpg_symmetric,9,0.634,9,3.0,0.0,0.0,1.0,0.3333,0.0,0.0,0.1111,0,0.0,3.5409,1,0.0,0.0,0,1,1,1.0,165,55.0
benign_gpg_symmetric_50x4k_1,9883,0,,gpg_symmetric,12,0.6521,12,3.0,0.0,0.0,1.0,0.25,0.0,0.0,0.0833,0,0.0,3.5213,1,0.0,0.0,0,1,1,1.0,165,55.0
benign_gpg_symmetric_50x4k_1,9885,0,,gpg_symmetric,9,0.5991,9,3.0,0.0,0.0,1.0,0.3333,0.0,0.0,0.1111,0,0.0,3.5073,1,0.0,0.0,0,1,1,1.0,164,54.67
benign_gpg_symmetric_50x4k_1,9887,0,,gpg_symmetric,12,0.721,12,3.0,0.0,0.0,1.0,0.25,0.0,0.0,0.0833,0,0.0,3.5494,1,0.0,0.0,0,1,1,1.0,164,54.67
benign_gpg_symmetric_50x4k_1,9889,0,,gpg_symmetric,9,0.5654,9,3.0,0.0,0.0,1.0,0.3333,0.0,0.0,0.1111,0,0.0,3.4679,1,0.0,0.0,0,1,1,1.0,165,55.0
benign_gpg_symmetric_50x4k_1,9891,0,,gpg_symmetric,12,0.5317,12,3.0,0.0,0.0,1.0,0.25,0.0,0.0,0.0833,0,0.0,3.5336,1,0.0,0.0,0,1,1,1.0,165,55.0
benign_gpg_symmetric_50x4k_1,9893,0,,gpg_symmetric,9,0.506,9,3.0,0.0,0.0,1.0,0.3333,0.0,0.0,0.1111,0,0.0,3.5026,1,0.0,0.0,0,1,1,1.0,165,55.0
benign_gpg_symmetric_50x4k_1,9895,0,,gpg_symmetric,12,0.5426,12,3.0,0.0,0.0,1.0,0.25,0.0,0.0,0.0833,0,0.0,3.5079,1,0.0,0.0,0,1,1,1.0,165,55.0
benign_gpg_symmetric_50x4k_2,2976,0,,gpg_symmetric,26,0.0512,26,0.0,0.0,0.0,0.0,0.0,0.0,0.0,0.0,0,0.0,0.0,0,0.0,0.0,0,0,0,0.0,0,0.0
benign_gpg_symmetric_50x4k_2,6211,0,,gpg_symmetric,307,0.2044,307,150.0,0.0,0.0,50.0,0.4886,0.0,0.0,0.0,0,0.0,3.2477,1,0.0,0.0,0,50,1,50.0,209150,1394.33
benign_gpg_symmetric_50x4k_2,9920,0,,gpg_symmetric,4,0.0018,4,0.0,0.0,0.0,0.0,0.0,0.0,0.0,0.0,0,0.0,0.0,0,0.0,0.0,0,0,0,0.0,0,0.0
benign_gpg_symmetric_50x4k_2,9921,0,,gpg_symmetric,8,0.5239,8,3.0,0.0,0.0,1.0,0.375,0.0,0.0,0.125,0,0.0,3.51,1,0.0,0.0,0,1,1,1.0,162,54.0
benign_gpg_symmetric_50x4k_2,9923,0,,gpg_symmetric,11,0.6007,11,3.0,0.0,0.0,1.0,0.2727,0.0,0.0,0.0909,0,0.0,3.5377,1,0.0,0.0,0,1,1,1.0,163,54.33
benign_gpg_symmetric_50x4k_2,9925,0,,gpg_symmetric,9,0.6198,9,3.0,0.0,0.0,1.0,0.3333,0.0,0.0,0.1111,0,0.0,3.5423,1,0.0,0.0,0,1,1,1.0,163,54.33
benign_gpg_symmetric_50x4k_2,9927,0,,gpg_symmetric,12,0.6348,12,3.0,0.0,0.0,1.0,0.25,0.0,0.0,0.0833,0,0.0,3.5095,1,0.0,0.0,0,1,1,1.0,164,54.67
benign_gpg_symmetric_50x4k_2,9929,0,,gpg_symmetric,9,0.6818,9,3.0,0.0,0.0,1.0,0.3333,0.0,0.0,0.1111,0,0.0,3.4882,1,0.0,0.0,0,1,1,1.0,163,54.33
benign_gpg_symmetric_50x4k_2,9931,0,,gpg_symmetric,12,0.6376,12,3.0,0.0,0.0,1.0,0.25,0.0,0.0,0.0833,0,0.0,3.5058,1,0.0,0.0,0,1,1,1.0,163,54.33
benign_gpg_symmetric_50x4k_2,9933,0,,gpg_symmetric,9,0.5904,9,3.0,0.0,0.0,1.0,0.3333,0.0,0.0,0.1111,0,0.0,3.5149,1,0.0,0.0,0,1,1,1.0,163,54.33
benign_gpg_symmetric_50x4k_2,9935,0,,gpg_symmetric,12,0.5519,12,3.0,0.0,0.0,1.0,0.25,0.0,0.0,0.0833,0,0.0,3.5202,1,0.0,0.0,0,1,1,1.0,164,54.67
benign_gpg_symmetric_50x4k_2,9937,0,,gpg_symmetric,9,0.547,9,3.0,0.0,0.0,1.0,0.3333,0.0,0.0,0.1111,0,0.0,3.4994,1,0.0,0.0,0,1,1,1.0,164,54.67
benign_gpg_symmetric_50x4k_2,9939,0,,gpg_symmetric,12,0.5969,12,3.0,0.0,0.0,1.0,0.25,0.0,0.0,0.0833,0,0.0,3.5202,1,0.0,0.0,0,1,1,1.0,163,54.33
benign_gpg_symmetric_50x4k_2,9941,0,,gpg_symmetric,9,0.5984,9,3.0,0.0,0.0,1.0,0.3333,0.0,0.0,0.1111,0,0.0,3.5259,1,0.0,0.0,0,1,1,1.0,162,54.0
benign_gpg_symmetric_50x4k_2,9943,0,,gpg_symmetric,12,0.699,12,3.0,0.0,0.0,1.0,0.25,0.0,0.0,0.0833,0,0.0,3.5619,1,0.0,0.0,0,1,1,1.0,162,54.0
benign_gpg_symmetric_50x4k_2,9945,0,,gpg_symmetric,9,0.673,9,3.0,0.0,0.0,1.0,0.3333,0.0,0.0,0.1111,0,0.0,3.4935,1,0.0,0.0,0,1,1,1.0,163,54.33
benign_gpg_symmetric_50x4k_2,9947,0,,gpg_symmetric,12,0.5995,12,3.0,0.0,0.0,1.0,0.25,0.0,0.0,0.0833,0,0.0,3.4689,1,0.0,0.0,0,1,1,1.0,163,54.33
benign_gpg_symmetric_50x4k_2,9949,0,,gpg_symmetric,9,0.6502,9,3.0,0.0,0.0,1.0,0.3333,0.0,0.0,0.1111,0,0.0,3.5337,1,0.0,0.0,0,1,1,1.0,164,54.67
benign_gpg_symmetric_50x4k_2,9951,0,,gpg_symmetric,12,0.6985,12,3.0,0.0,0.0,1.0,0.25,0.0,0.0,0.0833,0,0.0,3.5396,1,0.0,0.0,0,1,1,1.0,162,54.0
benign_gpg_symmetric_50x4k_2,9953,0,,gpg_symmetric,9,0.6673,9,3.0,0.0,0.0,1.0,0.3333,0.0,0.0,0.1111,0,0.0,3.5562,1,0.0,0.0,0,1,1,1.0,164,54.67
benign_gpg_symmetric_50x4k_2,9955,0,,gpg_symmetric,12,0.6425,12,3.0,0.0,0.0,1.0,0.25,0.0,0.0,0.0833,0,0.0,3.5027,1,0.0,0.0,0,1,1,1.0,164,54.67
benign_gpg_symmetric_50x4k_2,9957,0,,gpg_symmetric,9,0.5845,9,3.0,0.0,0.0,1.0,0.3333,0.0,0.0,0.1111,0,0.0,3.5168,1,0.0,0.0,0,1,1,1.0,164,54.67
benign_gpg_symmetric_50x4k_2,9959,0,,gpg_symmetric,12,0.5312,12,3.0,0.0,0.0,1.0,0.25,0.0,0.0,0.0833,0,0.0,3.55,1,0.0,0.0,0,1,1,1.0,164,54.67
benign_gpg_symmetric_50x4k_2,9961,0,,gpg_symmetric,9,0.5691,9,3.0,0.0,0.0,1.0,0.3333,0.0,0.0,0.1111,0,0.0,3.4667,1,0.0,0.0,0,1,1,1.0,163,54.33
benign_gpg_symmetric_50x4k_2,9963,0,,gpg_symmetric,12,0.6184,12,3.0,0.0,0.0,1.0,0.25,0.0,0.0,0.0833,0,0.0,3.5258,1,0.0,0.0,0,1,1,1.0,164,54.67
benign_gpg_symmetric_50x4k_2,9965,0,,gpg_symmetric,9,0.6623,9,3.0,0.0,0.0,1.0,0.3333,0.0,0.0,0.1111,0,0.0,3.5179,1,0.0,0.0,0,1,1,1.0,163,54.33
benign_gpg_symmetric_50x4k_2,9967,0,,gpg_symmetric,12,0.7027,12,3.0,0.0,0.0,1.0,0.25,0.0,0.0,0.0833,0,0.0,3.5562,1,0.0,0.0,0,1,1,1.0,164,54.67
benign_gpg_symmetric_50x4k_2,9969,0,,gpg_symmetric,9,0.706,9,3.0,0.0,0.0,1.0,0.3333,0.0,0.0,0.1111,0,0.0,3.5268,1,0.0,0.0,0,1,1,1.0,165,55.0
benign_gpg_symmetric_50x4k_2,9971,0,,gpg_symmetric,12,0.7104,12,3.0,0.0,0.0,1.0,0.25,0.0,0.0,0.0833,0,0.0,3.5291,1,0.0,0.0,0,1,1,1.0,165,55.0
benign_gpg_symmetric_50x4k_2,9973,0,,gpg_symmetric,9,0.6754,9,3.0,0.0,0.0,1.0,0.3333,0.0,0.0,0.1111,0,0.0,3.4947,1,0.0,0.0,0,1,1,1.0,165,55.0
benign_gpg_symmetric_50x4k_2,9975,0,,gpg_symmetric,12,0.7163,12,3.0,0.0,0.0,1.0,0.25,0.0,0.0,0.0833,0,0.0,3.5196,1,0.0,0.0,0,1,1,1.0,165,55.0
benign_gpg_symmetric_50x4k_2,9977,0,,gpg_symmetric,9,0.6928,9,3.0,0.0,0.0,1.0,0.3333,0.0,0.0,0.1111,0,0.0,3.5123,1,0.0,0.0,0,1,1,1.0,165,55.0
benign_gpg_symmetric_50x4k_2,9979,0,,gpg_symmetric,12,0.7704,12,3.0,0.0,0.0,1.0,0.25,0.0,0.0,0.0833,0,0.0,3.4886,1,0.0,0.0,0,1,1,1.0,165,55.0
benign_gpg_symmetric_50x4k_2,9981,0,,gpg_symmetric,9,0.751,9,3.0,0.0,0.0,1.0,0.3333,0.0,0.0,0.1111,0,0.0,3.4734,1,0.0,0.0,0,1,1,1.0,164,54.67
benign_gpg_symmetric_50x4k_2,9983,0,,gpg_symmetric,12,0.7157,12,3.0,0.0,0.0,1.0,0.25,0.0,0.0,0.0833,0,0.0,3.5309,1,0.0,0.0,0,1,1,1.0,164,54.67
benign_gpg_symmetric_50x4k_2,9985,0,,gpg_symmetric,9,0.7145,9,3.0,0.0,0.0,1.0,0.3333,0.0,0.0,0.1111,0,0.0,3.4903,1,0.0,0.0,0,1,1,1.0,165,55.0
benign_gpg_symmetric_50x4k_2,9987,0,,gpg_symmetric,12,0.703,12,3.0,0.0,0.0,1.0,0.25,0.0,0.0,0.0833,0,0.0,3.5624,1,0.0,0.0,0,1,1,1.0,164,54.67
benign_gpg_symmetric_50x4k_2,9989,0,,gpg_symmetric,9,0.7127,9,3.0,0.0,0.0,1.0,0.3333,0.0,0.0,0.1111,0,0.0,3.5112,1,0.0,0.0,0,1,1,1.0,165,55.0
benign_gpg_symmetric_50x4k_2,9991,0,,gpg_symmetric,12,0.6792,12,3.0,0.0,0.0,1.0,0.25,0.0,0.0,0.0833,0,0.0,3.4528,1,0.0,0.0,0,1,1,1.0,165,55.0
benign_gpg_symmetric_50x4k_2,9993,0,,gpg_symmetric,9,0.7327,9,3.0,0.0,0.0,1.0,0.3333,0.0,0.0,0.1111,0,0.0,3.5408,1,0.0,0.0,0,1,1,1.0,166,55.33
benign_gpg_symmetric_50x4k_2,9995,0,,gpg_symmetric,12,0.7263,12,3.0,0.0,0.0,1.0,0.25,0.0,0.0,0.0833,0,0.0,3.563,1,0.0,0.0,0,1,1,1.0,166,55.33
benign_gpg_symmetric_50x4k_2,9997,0,,gpg_symmetric,9,0.7186,9,3.0,0.0,0.0,1.0,0.3333,0.0,0.0,0.1111,0,0.0,3.5391,1,0.0,0.0,0,1,1,1.0,166,55.33
benign_gpg_symmetric_50x4k_2,9999,0,,gpg_symmetric,12,0.7331,12,3.0,0.0,0.0,1.0,0.25,0.0,0.0,0.0833,0,0.0,3.5346,1,0.0,0.0,0,1,1,1.0,166,55.33
benign_gpg_symmetric_50x4k_2,10001,0,,gpg_symmetric,9,0.7085,9,3.0,0.0,0.0,1.0,0.3333,0.0,0.0,0.1111,0,0.0,3.5455,1,0.0,0.0,0,1,1,1.0,164,54.67
benign_gpg_symmetric_50x4k_2,10003,0,,gpg_symmetric,12,0.7411,12,3.0,0.0,0.0,1.0,0.25,0.0,0.0,0.0833,0,0.0,3.5194,1,0.0,0.0,0,1,1,1.0,165,55.0
benign_gpg_symmetric_50x4k_2,10005,0,,gpg_symmetric,9,0.7387,9,3.0,0.0,0.0,1.0,0.3333,0.0,0.0,0.1111,0,0.0,3.5115,1,0.0,0.0,0,1,1,1.0,165,55.0
benign_gpg_symmetric_50x4k_2,10007,0,,gpg_symmetric,12,0.7178,12,3.0,0.0,0.0,1.0,0.25,0.0,0.0,0.0833,0,0.0,3.436,1,0.0,0.0,0,1,1,1.0,165,55.0
benign_gpg_symmetric_50x4k_2,10009,0,,gpg_symmetric,9,0.8214,9,3.0,0.0,0.0,1.0,0.3333,0.0,0.0,0.1111,0,0.0,3.5264,1,0.0,0.0,0,1,1,1.0,164,54.67
benign_gpg_symmetric_50x4k_2,10011,0,,gpg_symmetric,12,0.8428,12,3.0,0.0,0.0,1.0,0.25,0.0,0.0,0.0833,0,0.0,3.4748,1,0.0,0.0,0,1,1,1.0,165,55.0
benign_gpg_symmetric_50x4k_2,10013,0,,gpg_symmetric,9,0.7432,9,3.0,0.0,0.0,1.0,0.3333,0.0,0.0,0.1111,0,0.0,3.5352,1,0.0,0.0,0,1,1,1.0,166,55.33
benign_gpg_symmetric_50x4k_2,10015,0,,gpg_symmetric,12,0.7639,12,3.0,0.0,0.0,1.0,0.25,0.0,0.0,0.0833,0,0.0,3.5641,1,0.0,0.0,0,1,1,1.0,166,55.33
benign_gpg_symmetric_50x4k_2,10017,0,,gpg_symmetric,9,0.8642,9,3.0,0.0,0.0,1.0,0.3333,0.0,0.0,0.1111,0,0.0,3.5569,1,0.0,0.0,0,1,1,1.0,166,55.33
benign_gpg_symmetric_50x4k_2,10019,0,,gpg_symmetric,12,0.791,12,3.0,0.0,0.0,1.0,0.25,0.0,0.0,0.0833,0,0.0,3.5424,1,0.0,0.0,0,1,1,1.0,166,55.33
benign_gpg_symmetric_50x64k_1,2976,0,,gpg_symmetric,26,0.0454,26,0.0,0.0,0.0,0.0,0.0,0.0,0.0,0.0,0,0.0,0.0,0,0.0,0.0,0,0,0,0.0,0,0.0
benign_gpg_symmetric_50x64k_1,6211,0,,gpg_symmetric,1808,0.8224,1808,1650.0,0.0,0.0,50.0,0.9126,0.0,0.0,0.0,0,0.0,3.9077,1,0.0,0.0,0,50,1,50.0,3279650,1987.67
benign_gpg_symmetric_50x64k_1,10044,0,,gpg_symmetric,4,0.001,4,0.0,0.0,0.0,0.0,0.0,0.0,0.0,0.0,0,0.0,0.0,0,0.0,0.0,0,0,0,0.0,0,0.0
benign_gpg_symmetric_50x64k_1,10045,0,,gpg_symmetric,10,0.7281,10,3.0,0.0,0.0,1.0,0.3,0.0,0.0,0.3,1,0.3333,3.686,1,0.0,0.0,0,1,1,1.0,378,126.0
benign_gpg_symmetric_50x64k_1,10047,0,,gpg_symmetric,13,0.6613,13,3.0,0.0,0.0,1.0,0.2308,0.0,0.0,0.2308,1,0.3333,3.6885,1,0.0,0.0,0,1,1,1.0,378,126.0
benign_gpg_symmetric_50x64k_1,10049,0,,gpg_symmetric,11,0.7172,11,3.0,0.0,0.0,1.0,0.2727,0.0,0.0,0.2727,1,0.3333,3.6842,1,0.0,0.0,0,1,1,1.0,379,126.33
benign_gpg_symmetric_50x64k_1,10051,0,,gpg_symmetric,14,0.5954,14,3.0,0.0,0.0,1.0,0.2143,0.0,0.0,0.2143,1,0.3333,3.6413,1,0.0,0.0,0,1,1,1.0,379,126.33
benign_gpg_symmetric_50x64k_1,10053,0,,gpg_symmetric,11,0.7076,11,3.0,0.0,0.0,1.0,0.2727,0.0,0.0,0.2727,1,0.3333,3.6836,1,0.0,0.0,0,1,1,1.0,379,126.33
benign_gpg_symmetric_50x64k_1,10055,0,,gpg_symmetric,14,0.792,14,3.0,0.0,0.0,1.0,0.2143,0.0,0.0,0.2143,1,0.3333,3.6871,1,0.0,0.0,0,1,1,1.0,379,126.33
benign_gpg_symmetric_50x64k_1,10057,0,,gpg_symmetric,11,0.6729,11,3.0,0.0,0.0,1.0,0.2727,0.0,0.0,0.2727,1,0.3333,3.6997,1,0.0,0.0,0,1,1,1.0,379,126.33
benign_gpg_symmetric_50x64k_1,10059,0,,gpg_symmetric,14,0.7387,14,3.0,0.0,0.0,1.0,0.2143,0.0,0.0,0.2143,1,0.3333,3.6514,1,0.0,0.0,0,1,1,1.0,379,126.33
benign_gpg_symmetric_50x64k_1,10061,0,,gpg_symmetric,11,0.7558,11,3.0,0.0,0.0,1.0,0.2727,0.0,0.0,0.2727,1,0.3333,3.6854,1,0.0,0.0,0,1,1,1.0,379,126.33
benign_gpg_symmetric_50x64k_1,10064,0,,gpg_symmetric,14,0.7906,14,3.0,0.0,0.0,1.0,0.2143,0.0,0.0,0.2143,1,0.3333,3.7039,1,0.0,0.0,0,1,1,1.0,379,126.33
benign_gpg_symmetric_50x64k_1,10066,0,,gpg_symmetric,11,0.9063,11,3.0,0.0,0.0,1.0,0.2727,0.0,0.0,0.2727,1,0.3333,3.6865,1,0.0,0.0,0,1,1,1.0,378,126.0
benign_gpg_symmetric_50x64k_1,10068,0,,gpg_symmetric,14,0.6929,14,3.0,0.0,0.0,1.0,0.2143,0.0,0.0,0.2143,1,0.3333,3.7088,1,0.0,0.0,0,1,1,1.0,379,126.33
benign_gpg_symmetric_50x64k_1,10070,0,,gpg_symmetric,11,0.753,11,3.0,0.0,0.0,1.0,0.2727,0.0,0.0,0.2727,1,0.3333,3.6891,1,0.0,0.0,0,1,1,1.0,379,126.33
benign_gpg_symmetric_50x64k_1,10072,0,,gpg_symmetric,14,0.7056,14,3.0,0.0,0.0,1.0,0.2143,0.0,0.0,0.2143,1,0.3333,3.6906,1,0.0,0.0,0,1,1,1.0,380,126.67
benign_gpg_symmetric_50x64k_1,10074,0,,gpg_symmetric,11,0.7371,11,3.0,0.0,0.0,1.0,0.2727,0.0,0.0,0.2727,1,0.3333,3.625,1,0.0,0.0,0,1,1,1.0,380,126.67
benign_gpg_symmetric_50x64k_1,10076,0,,gpg_symmetric,14,0.6944,14,3.0,0.0,0.0,1.0,0.2143,0.0,0.0,0.2143,1,0.3333,3.7037,1,0.0,0.0,0,1,1,1.0,380,126.67
benign_gpg_symmetric_50x64k_1,10078,0,,gpg_symmetric,11,0.6083,11,3.0,0.0,0.0,1.0,0.2727,0.0,0.0,0.2727,1,0.3333,3.7003,1,0.0,0.0,0,1,1,1.0,380,126.67
benign_gpg_symmetric_50x64k_1,10080,0,,gpg_symmetric,14,0.6425,14,3.0,0.0,0.0,1.0,0.2143,0.0,0.0,0.2143,1,0.3333,3.656,1,0.0,0.0,0,1,1,1.0,380,126.67
benign_gpg_symmetric_50x64k_1,10082,0,,gpg_symmetric,11,0.6897,11,3.0,0.0,0.0,1.0,0.2727,0.0,0.0,0.2727,1,0.3333,3.6704,1,0.0,0.0,0,1,1,1.0,380,126.67
benign_gpg_symmetric_50x64k_1,10084,0,,gpg_symmetric,14,0.6514,14,3.0,0.0,0.0,1.0,0.2143,0.0,0.0,0.2143,1,0.3333,3.6663,1,0.0,0.0,0,1,1,1.0,380,126.67
benign_gpg_symmetric_50x64k_1,10086,0,,gpg_symmetric,11,0.6017,11,3.0,0.0,0.0,1.0,0.2727,0.0,0.0,0.2727,1,0.3333,3.6531,1,0.0,0.0,0,1,1,1.0,379,126.33
benign_gpg_symmetric_50x64k_1,10090,0,,gpg_symmetric,14,0.5693,14,3.0,0.0,0.0,1.0,0.2143,0.0,0.0,0.2143,1,0.3333,3.7023,1,0.0,0.0,0,1,1,1.0,379,126.33
benign_gpg_symmetric_50x64k_1,10092,0,,gpg_symmetric,11,0.5949,11,3.0,0.0,0.0,1.0,0.2727,0.0,0.0,0.2727,1,0.3333,3.6618,1,0.0,0.0,0,1,1,1.0,380,126.67
benign_gpg_symmetric_50x64k_1,10094,0,,gpg_symmetric,14,0.5747,14,3.0,0.0,0.0,1.0,0.2143,0.0,0.0,0.2143,1,0.3333,3.6816,1,0.0,0.0,0,1,1,1.0,379,126.33
benign_gpg_symmetric_50x64k_1,10096,0,,gpg_symmetric,11,0.6814,11,3.0,0.0,0.0,1.0,0.2727,0.0,0.0,0.2727,1,0.3333,3.697,1,0.0,0.0,0,1,1,1.0,380,126.67
benign_gpg_symmetric_50x64k_1,10098,0,,gpg_symmetric,14,0.6099,14,3.0,0.0,0.0,1.0,0.2143,0.0,0.0,0.2143,1,0.3333,3.6371,1,0.0,0.0,0,1,1,1.0,380,126.67
benign_gpg_symmetric_50x64k_1,10100,0,,gpg_symmetric,11,0.6305,11,3.0,0.0,0.0,1.0,0.2727,0.0,0.0,0.2727,1,0.3333,3.6458,1,0.0,0.0,0,1,1,1.0,380,126.67
benign_gpg_symmetric_50x64k_1,10102,0,,gpg_symmetric,14,0.6372,14,3.0,0.0,0.0,1.0,0.2143,0.0,0.0,0.2143,1,0.3333,3.6359,1,0.0,0.0,0,1,1,1.0,380,126.67
benign_gpg_symmetric_50x64k_1,10104,0,,gpg_symmetric,11,0.6456,11,3.0,0.0,0.0,1.0,0.2727,0.0,0.0,0.2727,1,0.3333,3.699,1,0.0,0.0,0,1,1,1.0,380,126.67
benign_gpg_symmetric_50x64k_1,10106,0,,gpg_symmetric,14,0.5792,14,3.0,0.0,0.0,1.0,0.2143,0.0,0.0,0.2143,1,0.3333,3.6322,1,0.0,0.0,0,1,1,1.0,380,126.67
benign_gpg_symmetric_50x64k_1,10108,0,,gpg_symmetric,11,0.5608,11,3.0,0.0,0.0,1.0,0.2727,0.0,0.0,0.2727,1,0.3333,3.7117,1,0.0,0.0,0,1,1,1.0,379,126.33
benign_gpg_symmetric_50x64k_1,10110,0,,gpg_symmetric,14,0.6225,14,3.0,0.0,0.0,1.0,0.2143,0.0,0.0,0.2143,1,0.3333,3.7237,1,0.0,0.0,0,1,1,1.0,379,126.33
benign_gpg_symmetric_50x64k_1,10112,0,,gpg_symmetric,11,0.6384,11,3.0,0.0,0.0,1.0,0.2727,0.0,0.0,0.2727,1,0.3333,3.6844,1,0.0,0.0,0,1,1,1.0,379,126.33
benign_gpg_symmetric_50x64k_1,10114,0,,gpg_symmetric,14,0.6683,14,3.0,0.0,0.0,1.0,0.2143,0.0,0.0,0.2143,1,0.3333,3.6935,1,0.0,0.0,0,1,1,1.0,379,126.33
benign_gpg_symmetric_50x64k_1,10116,0,,gpg_symmetric,11,0.5609,11,3.0,0.0,0.0,1.0,0.2727,0.0,0.0,0.2727,1,0.3333,3.6782,1,0.0,0.0,0,1,1,1.0,380,126.67
benign_gpg_symmetric_50x64k_1,10118,0,,gpg_symmetric,14,0.5871,14,3.0,0.0,0.0,1.0,0.2143,0.0,0.0,0.2143,1,0.3333,3.6849,1,0.0,0.0,0,1,1,1.0,380,126.67
benign_gpg_symmetric_50x64k_1,10120,0,,gpg_symmetric,11,0.582,11,3.0,0.0,0.0,1.0,0.2727,0.0,0.0,0.2727,1,0.3333,3.68,1,0.0,0.0,0,1,1,1.0,380,126.67
benign_gpg_symmetric_50x64k_1,10122,0,,gpg_symmetric,14,0.5412,14,3.0,0.0,0.0,1.0,0.2143,0.0,0.0,0.2143,1,0.3333,3.6617,1,0.0,0.0,0,1,1,1.0,380,126.67
benign_gpg_symmetric_50x64k_1,10124,0,,gpg_symmetric,11,0.6125,11,3.0,0.0,0.0,1.0,0.2727,0.0,0.0,0.2727,1,0.3333,3.6787,1,0.0,0.0,0,1,1,1.0,380,126.67
benign_gpg_symmetric_50x64k_1,10126,0,,gpg_symmetric,14,0.6326,14,3.0,0.0,0.0,1.0,0.2143,0.0,0.0,0.2143,1,0.3333,3.6629,1,0.0,0.0,0,1,1,1.0,380,126.67
benign_gpg_symmetric_50x64k_1,10128,0,,gpg_symmetric,11,0.5367,11,3.0,0.0,0.0,1.0,0.2727,0.0,0.0,0.2727,1,0.3333,3.7083,1,0.0,0.0,0,1,1,1.0,378,126.0
benign_gpg_symmetric_50x64k_1,10130,0,,gpg_symmetric,14,0.5705,14,3.0,0.0,0.0,1.0,0.2143,0.0,0.0,0.2143,1,0.3333,3.7049,1,0.0,0.0,0,1,1,1.0,378,126.0
benign_gpg_symmetric_50x64k_1,10132,0,,gpg_symmetric,11,0.7223,11,3.0,0.0,0.0,1.0,0.2727,0.0,0.0,0.2727,1,0.3333,3.686,1,0.0,0.0,0,1,1,1.0,379,126.33
benign_gpg_symmetric_50x64k_1,10134,0,,gpg_symmetric,14,0.5767,14,3.0,0.0,0.0,1.0,0.2143,0.0,0.0,0.2143,1,0.3333,3.6958,1,0.0,0.0,0,1,1,1.0,379,126.33
benign_gpg_symmetric_50x64k_1,10136,0,,gpg_symmetric,11,0.5904,11,3.0,0.0,0.0,1.0,0.2727,0.0,0.0,0.2727,1,0.3333,3.7,1,0.0,0.0,0,1,1,1.0,379,126.33
benign_gpg_symmetric_50x64k_1,10138,0,,gpg_symmetric,14,0.6272,14,3.0,0.0,0.0,1.0,0.2143,0.0,0.0,0.2143,1,0.3333,3.6873,1,0.0,0.0,0,1,1,1.0,379,126.33
benign_gpg_symmetric_50x64k_1,10140,0,,gpg_symmetric,11,0.5596,11,3.0,0.0,0.0,1.0,0.2727,0.0,0.0,0.2727,1,0.3333,3.6459,1,0.0,0.0,0,1,1,1.0,380,126.67
benign_gpg_symmetric_50x64k_1,10142,0,,gpg_symmetric,14,0.5305,14,3.0,0.0,0.0,1.0,0.2143,0.0,0.0,0.2143,1,0.3333,3.662,1,0.0,0.0,0,1,1,1.0,381,127.0
benign_gpg_symmetric_50x64k_1,10144,0,,gpg_symmetric,11,0.5243,11,3.0,0.0,0.0,1.0,0.2727,0.0,0.0,0.2727,1,0.3333,3.6848,1,0.0,0.0,0,1,1,1.0,381,127.0
benign_gpg_symmetric_50x64k_1,10146,0,,gpg_symmetric,14,0.5704,14,3.0,0.0,0.0,1.0,0.2143,0.0,0.0,0.2143,1,0.3333,3.6718,1,0.0,0.0,0,1,1,1.0,381,127.0
benign_gpg_symmetric_50x64k_2,2976,0,,gpg_symmetric,26,0.064,26,0.0,0.0,0.0,0.0,0.0,0.0,0.0,0.0,0,0.0,0.0,0,0.0,0.0,0,0,0,0.0,0,0.0
benign_gpg_symmetric_50x64k_2,6211,0,,gpg_symmetric,1808,0.9822,1808,1650.0,0.0,0.0,50.0,0.9126,0.0,0.0,0.0,0,0.0,3.9077,1,0.0,0.0,0,50,1,50.0,3279650,1987.67
benign_gpg_symmetric_50x64k_2,10171,0,,gpg_symmetric,4,0.0013,4,0.0,0.0,0.0,0.0,0.0,0.0,0.0,0.0,0,0.0,0.0,0,0.0,0.0,0,0,0,0.0,0,0.0
benign_gpg_symmetric_50x64k_2,10172,0,,gpg_symmetric,10,0.5019,10,3.0,0.0,0.0,1.0,0.3,0.0,0.0,0.3,1,0.3333,3.6798,1,0.0,0.0,0,1,1,1.0,375,125.0
benign_gpg_symmetric_50x64k_2,10174,0,,gpg_symmetric,13,0.5578,13,3.0,0.0,0.0,1.0,0.2308,0.0,0.0,0.2308,1,0.3333,3.6195,1,0.0,0.0,0,1,1,1.0,377,125.67
benign_gpg_symmetric_50x64k_2,10176,0,,gpg_symmetric,11,0.4854,11,3.0,0.0,0.0,1.0,0.2727,0.0,0.0,0.2727,1,0.3333,3.6742,1,0.0,0.0,0,1,1,1.0,377,125.67
benign_gpg_symmetric_50x64k_2,10178,0,,gpg_symmetric,14,0.5561,14,3.0,0.0,0.0,1.0,0.2143,0.0,0.0,0.2143,1,0.3333,3.6694,1,0.0,0.0,0,1,1,1.0,377,125.67
benign_gpg_symmetric_50x64k_2,10180,0,,gpg_symmetric,11,0.5997,11,3.0,0.0,0.0,1.0,0.2727,0.0,0.0,0.2727,1,0.3333,3.668,1,0.0,0.0,0,1,1,1.0,377,125.67
benign_gpg_symmetric_50x64k_2,10182,0,,gpg_symmetric,14,0.6437,14,3.0,0.0,0.0,1.0,0.2143,0.0,0.0,0.2143,1,0.3333,3.6699,1,0.0,0.0,0,1,1,1.0,378,126.0
benign_gpg_symmetric_50x64k_2,10184,0,,gpg_symmetric,11,0.5832,11,3.0,0.0,0.0,1.0,0.2727,0.0,0.0,0.2727,1,0.3333,3.7132,1,0.0,0.0,0,1,1,1.0,378,126.0
benign_gpg_symmetric_50x64k_2,10189,0,,gpg_symmetric,14,0.6114,14,3.0,0.0,0.0,1.0,0.2143,0.0,0.0,0.2143,1,0.3333,3.7221,1,0.0,0.0,0,1,1,1.0,378,126.0
benign_gpg_symmetric_50x64k_2,10191,0,,gpg_symmetric,11,0.6427,11,3.0,0.0,0.0,1.0,0.2727,0.0,0.0,0.2727,1,0.3333,3.7,1,0.0,0.0,0,1,1,1.0,378,126.0
benign_gpg_symmetric_50x64k_2,10193,0,,gpg_symmetric,14,0.6927,14,3.0,0.0,0.0,1.0,0.2143,0.0,0.0,0.2143,1,0.3333,3.6986,1,0.0,0.0,0,1,1,1.0,379,126.33
benign_gpg_symmetric_50x64k_2,10195,0,,gpg_symmetric,11,0.6886,11,3.0,0.0,0.0,1.0,0.2727,0.0,0.0,0.2727,1,0.3333,3.6376,1,0.0,0.0,0,1,1,1.0,378,126.0
benign_gpg_symmetric_50x64k_2,10197,0,,gpg_symmetric,14,0.7755,14,3.0,0.0,0.0,1.0,0.2143,0.0,0.0,0.2143,1,0.3333,3.6656,1,0.0,0.0,0,1,1,1.0,379,126.33
benign_gpg_symmetric_50x64k_2,10199,0,,gpg_symmetric,11,0.6992,11,3.0,0.0,0.0,1.0,0.2727,0.0,0.0,0.2727,1,0.3333,3.6873,1,0.0,0.0,0,1,1,1.0,379,126.33
benign_gpg_symmetric_50x64k_2,10201,0,,gpg_symmetric,14,0.6999,14,3.0,0.0,0.0,1.0,0.2143,0.0,0.0,0.2143,1,0.3333,3.7104,1,0.0,0.0,0,1,1,1.0,379,126.33
benign_gpg_symmetric_50x64k_2,10203,0,,gpg_symmetric,11,0.7927,11,3.0,0.0,0.0,1.0,0.2727,0.0,0.0,0.2727,0,0.0,3.6352,1,0.0,0.0,0,1,1,1.0,380,126.67
benign_gpg_symmetric_50x64k_2,10205,0,,gpg_symmetric,14,0.7538,14,3.0,0.0,0.0,1.0,0.2143,0.0,0.0,0.2143,1,0.3333,3.708,1,0.0,0.0,0,1,1,1.0,380,126.67
benign_gpg_symmetric_50x64k_2,10207,0,,gpg_symmetric,11,0.8202,11,3.0,0.0,0.0,1.0,0.2727,0.0,0.0,0.2727,1,0.3333,3.7156,1,0.0,0.0,0,1,1,1.0,379,126.33
benign_gpg_symmetric_50x64k_2,10209,0,,gpg_symmetric,14,0.8793,14,3.0,0.0,0.0,1.0,0.2143,0.0,0.0,0.2143,1,0.3333,3.693,1,0.0,0.0,0,1,1,1.0,379,126.33
benign_gpg_symmetric_50x64k_2,10211,0,,gpg_symmetric,11,0.7451,11,3.0,0.0,0.0,1.0,0.2727,0.0,0.0,0.2727,1,0.3333,3.6728,1,0.0,0.0,0,1,1,1.0,379,126.33
benign_gpg_symmetric_50x64k_2,10213,0,,gpg_symmetric,14,0.744,14,3.0,0.0,0.0,1.0,0.2143,0.0,0.0,0.2143,1,0.3333,3.6684,1,0.0,0.0,0,1,1,1.0,379,126.33
benign_gpg_symmetric_50x64k_2,10215,0,,gpg_symmetric,11,0.5855,11,3.0,0.0,0.0,1.0,0.2727,0.0,0.0,0.2727,1,0.3333,3.6869,1,0.0,0.0,0,1,1,1.0,378,126.0
benign_gpg_symmetric_50x64k_2,10217,0,,gpg_symmetric,14,0.6818,14,3.0,0.0,0.0,1.0,0.2143,0.0,0.0,0.2143,1,0.3333,3.6767,1,0.0,0.0,0,1,1,1.0,379,126.33
benign_gpg_symmetric_50x64k_2,10219,0,,gpg_symmetric,11,0.5678,11,3.0,0.0,0.0,1.0,0.2727,0.0,0.0,0.2727,1,0.3333,3.6844,1,0.0,0.0,0,1,1,1.0,379,126.33
benign_gpg_symmetric_50x64k_2,10221,0,,gpg_symmetric,14,0.6772,14,3.0,0.0,0.0,1.0,0.2143,0.0,0.0,0.2143,1,0.3333,3.7267,1,0.0,0.0,0,1,1,1.0,379,126.33
benign_gpg_symmetric_50x64k_2,10223,0,,gpg_symmetric,11,0.62,11,3.0,0.0,0.0,1.0,0.2727,0.0,0.0,0.2727,1,0.3333,3.5852,1,0.0,0.0,0,1,1,1.0,380,126.67
benign_gpg_symmetric_50x64k_2,10225,0,,gpg_symmetric,14,0.6103,14,3.0,0.0,0.0,1.0,0.2143,0.0,0.0,0.2143,1,0.3333,3.6941,1,0.0,0.0,0,1,1,1.0,380,126.67
benign_gpg_symmetric_50x64k_2,10227,0,,gpg_symmetric,11,0.6128,11,3.0,0.0,0.0,1.0,0.2727,0.0,0.0,0.2727,1,0.3333,3.728,1,0.0,0.0,0,1,1,1.0,380,126.67
benign_gpg_symmetric_50x64k_2,10229,0,,gpg_symmetric,14,0.6073,14,3.0,0.0,0.0,1.0,0.2143,0.0,0.0,0.2143,1,0.3333,3.656,1,0.0,0.0,0,1,1,1.0,380,126.67
benign_gpg_symmetric_50x64k_2,10231,0,,gpg_symmetric,11,0.5071,11,3.0,0.0,0.0,1.0,0.2727,0.0,0.0,0.2727,1,0.3333,3.6875,1,0.0,0.0,0,1,1,1.0,380,126.67
benign_gpg_symmetric_50x64k_2,10233,0,,gpg_symmetric,14,0.5599,14,3.0,0.0,0.0,1.0,0.2143,0.0,0.0,0.2143,1,0.3333,3.6829,1,0.0,0.0,0,1,1,1.0,380,126.67
benign_gpg_symmetric_50x64k_2,10235,0,,gpg_symmetric,11,0.7181,11,3.0,0.0,0.0,1.0,0.2727,0.0,0.0,0.2727,1,0.3333,3.6614,1,0.0,0.0,0,1,1,1.0,378,126.0
benign_gpg_symmetric_50x64k_2,10237,0,,gpg_symmetric,14,0.5853,14,3.0,0.0,0.0,1.0,0.2143,0.0,0.0,0.2143,1,0.3333,3.692,1,0.0,0.0,0,1,1,1.0,379,126.33
benign_gpg_symmetric_50x64k_2,10239,0,,gpg_symmetric,11,0.5718,11,3.0,0.0,0.0,1.0,0.2727,0.0,0.0,0.2727,1,0.3333,3.7134,1,0.0,0.0,0,1,1,1.0,379,126.33
benign_gpg_symmetric_50x64k_2,10241,0,,gpg_symmetric,14,0.7199,14,3.0,0.0,0.0,1.0,0.2143,0.0,0.0,0.2143,1,0.3333,3.7202,1,0.0,0.0,0,1,1,1.0,377,125.67
benign_gpg_symmetric_50x64k_2,10243,0,,gpg_symmetric,11,0.6068,11,3.0,0.0,0.0,1.0,0.2727,0.0,0.0,0.2727,1,0.3333,3.6666,1,0.0,0.0,0,1,1,1.0,379,126.33
benign_gpg_symmetric_50x64k_2,10245,0,,gpg_symmetric,14,0.4837,14,3.0,0.0,0.0,1.0,0.2143,0.0,0.0,0.2143,1,0.3333,3.6905,1,0.0,0.0,0,1,1,1.0,379,126.33
benign_gpg_symmetric_50x64k_2,10247,0,,gpg_symmetric,11,0.5187,11,3.0,0.0,0.0,1.0,0.2727,0.0,0.0,0.2727,1,0.3333,3.6865,1,0.0,0.0,0,1,1,1.0,380,126.67
benign_gpg_symmetric_50x64k_2,10249,0,,gpg_symmetric,14,0.7123,14,3.0,0.0,0.0,1.0,0.2143,0.0,0.0,0.2143,1,0.3333,3.6618,1,0.0,0.0,0,1,1,1.0,380,126.67
benign_gpg_symmetric_50x64k_2,10251,0,,gpg_symmetric,11,0.6413,11,3.0,0.0,0.0,1.0,0.2727,0.0,0.0,0.2727,1,0.3333,3.6509,1,0.0,0.0,0,1,1,1.0,380,126.67
benign_gpg_symmetric_50x64k_2,10253,0,,gpg_symmetric,14,0.7191,14,3.0,0.0,0.0,1.0,0.2143,0.0,0.0,0.2143,1,0.3333,3.6686,1,0.0,0.0,0,1,1,1.0,380,126.67
benign_gpg_symmetric_50x64k_2,10256,0,,gpg_symmetric,11,0.6876,11,3.0,0.0,0.0,1.0,0.2727,0.0,0.0,0.2727,1,0.3333,3.684,1,0.0,0.0,0,1,1,1.0,378,126.0
benign_gpg_symmetric_50x64k_2,10258,0,,gpg_symmetric,14,0.6259,14,3.0,0.0,0.0,1.0,0.2143,0.0,0.0,0.2143,1,0.3333,3.6829,1,0.0,0.0,0,1,1,1.0,379,126.33
benign_gpg_symmetric_50x64k_2,10260,0,,gpg_symmetric,11,0.592,11,3.0,0.0,0.0,1.0,0.2727,0.0,0.0,0.2727,1,0.3333,3.7052,1,0.0,0.0,0,1,1,1.0,379,126.33
benign_gpg_symmetric_50x64k_2,10262,0,,gpg_symmetric,14,0.6487,14,3.0,0.0,0.0,1.0,0.2143,0.0,0.0,0.2143,1,0.3333,3.6407,1,0.0,0.0,0,1,1,1.0,379,126.33
benign_gpg_symmetric_50x64k_2,10264,0,,gpg_symmetric,11,0.7327,11,3.0,0.0,0.0,1.0,0.2727,0.0,0.0,0.2727,1,0.3333,3.7111,1,0.0,0.0,0,1,1,1.0,379,126.33
benign_gpg_symmetric_50x64k_2,10266,0,,gpg_symmetric,14,0.5896,14,3.0,0.0,0.0,1.0,0.2143,0.0,0.0,0.2143,1,0.3333,3.7159,1,0.0,0.0,0,1,1,1.0,379,126.33
benign_gpg_symmetric_50x64k_2,10268,0,,gpg_symmetric,11,0.5965,11,3.0,0.0,0.0,1.0,0.2727,0.0,0.0,0.2727,1,0.3333,3.5894,1,0.0,0.0,0,1,1,1.0,380,126.67
benign_gpg_symmetric_50x64k_2,10270,0,,gpg_symmetric,14,0.6504,14,3.0,0.0,0.0,1.0,0.2143,0.0,0.0,0.2143,1,0.3333,3.6679,1,0.0,0.0,0,1,1,1.0,380,126.67
benign_gpg_symmetric_50x64k_2,10272,0,,gpg_symmetric,11,0.635,11,3.0,0.0,0.0,1.0,0.2727,0.0,0.0,0.2727,1,0.3333,3.699,1,0.0,0.0,0,1,1,1.0,380,126.67
benign_gpg_symmetric_50x64k_2,10274,0,,gpg_symmetric,14,0.5428,14,3.0,0.0,0.0,1.0,0.2143,0.0,0.0,0.2143,1,0.3333,3.7016,1,0.0,0.0,0,1,1,1.0,380,126.67
benign_grep_recursive_10x4k_1,2976,0,,grep_recursive,26,0.0381,26,0.0,0.0,0.0,0.0,0.0,0.0,0.0,0.0,0,0.0,0.0,0,0.0,0.0,0,0,0,0.0,0,0.0
benign_grep_recursive_10x4k_1,6211,0,,grep_recursive,79,0.0518,79,30.0,0.0,0.0,10.0,0.3797,0.0,0.0,0.0,0,0.0,3.2477,1,0.0,0.0,0,10,1,10.0,41830,1394.33
benign_grep_recursive_10x4k_1,11917,0,,grep_recursive,27,0.0369,27,23.0,0.0,0.0,1.0,0.8519,0.0,0.0,0.0,0,0.0,4.7863,1,0.0,0.0,0,1,1,1.0,92120,4005.22
benign_grep_recursive_10x4k_1,11918,0,,grep_recursive,36,0.028,36,0.0,0.0,0.0,0.0,0.0,0.0,0.0,0.2778,0,0.0,0.0,0,0.0,0.0,0,0,0,0.0,0,0.0
benign_grep_recursive_10x4k_2,2976,0,,grep_recursive,26,0.0599,26,0.0,0.0,0.0,0.0,0.0,0.0,0.0,0.0,0,0.0,0.0,0,0.0,0.0,0,0,0,0.0,0,0.0
benign_grep_recursive_10x4k_2,6211,0,,grep_recursive,79,0.0786,79,30.0,0.0,0.0,10.0,0.3797,0.0,0.0,0.0,0,0.0,3.2477,1,0.0,0.0,0,10,1,10.0,41830,1394.33
benign_grep_recursive_10x4k_2,11938,0,,grep_recursive,27,0.0444,27,23.0,0.0,0.0,1.0,0.8519,0.0,0.0,0.0,0,0.0,4.7899,1,0.0,0.0,0,1,1,1.0,92120,4005.22
benign_grep_recursive_10x4k_2,11939,0,,grep_recursive,36,0.0329,36,0.0,0.0,0.0,0.0,0.0,0.0,0.0,0.2778,0,0.0,0.0,0,0.0,0.0,0,0,0,0.0,0,0.0
benign_grep_recursive_10x64k_1,2976,0,,grep_recursive,26,0.0478,26,0.0,0.0,0.0,0.0,0.0,0.0,0.0,0.0,0,0.0,0.0,0,0.0,0.0,0,0,0,0.0,0,0.0
benign_grep_recursive_10x64k_1,6211,0,,grep_recursive,379,0.1794,379,330.0,0.0,0.0,10.0,0.8707,0.0,0.0,0.0,0,0.0,3.9077,1,0.0,0.0,0,10,1,10.0,655930,1987.67
benign_grep_recursive_10x64k_1,11958,0,,grep_recursive,359,0.3064,359,355.0,0.0,0.0,1.0,0.9889,0.0,0.0,0.0,0,0.0,4.8082,1,0.0,0.0,0,1,1,1.0,1451890,4089.83
benign_grep_recursive_10x64k_1,11959,0,,grep_recursive,36,0.2974,36,0.0,0.0,0.0,0.0,0.0,0.0,0.0,0.2778,0,0.0,0.0,0,0.0,0.0,0,0,0,0.0,0,0.0
benign_grep_recursive_10x64k_2,2976,0,,grep_recursive,26,0.0525,26,0.0,0.0,0.0,0.0,0.0,0.0,0.0,0.0,0,0.0,0.0,0,0.0,0.0,0,0,0,0.0,0,0.0
benign_grep_recursive_10x64k_2,6211,0,,grep_recursive,379,0.1959,379,330.0,0.0,0.0,10.0,0.8707,0.0,0.0,0.0,0,0.0,3.9077,1,0.0,0.0,0,10,1,10.0,655930,1987.67
benign_grep_recursive_10x64k_2,11979,0,,grep_recursive,359,0.2785,359,355.0,0.0,0.0,1.0,0.9889,0.0,0.0,0.0,0,0.0,4.812,1,0.0,0.0,0,1,1,1.0,1451890,4089.83
benign_grep_recursive_10x64k_2,11980,0,,grep_recursive,36,0.2673,36,0.0,0.0,0.0,0.0,0.0,0.0,0.0,0.2778,0,0.0,0.0,0,0.0,0.0,0,0,0,0.0,0,0.0
benign_grep_recursive_50x4k_1,2976,0,,grep_recursive,26,0.0414,26,0.0,0.0,0.0,0.0,0.0,0.0,0.0,0.0,0,0.0,0.0,0,0.0,0.0,0,0,0,0.0,0,0.0
benign_grep_recursive_50x4k_1,6211,0,,grep_recursive,319,0.1842,319,150.0,0.0,0.0,50.0,0.4702,0.0,0.0,0.0,0,0.0,3.2477,1,0.0,0.0,0,50,1,50.0,209150,1394.33
benign_grep_recursive_50x4k_1,12000,0,,grep_recursive,117,0.1655,117,113.0,0.0,0.0,1.0,0.9658,0.0,0.0,0.0,0,0.0,4.8075,1,0.0,0.0,0,1,1,1.0,460600,4076.11
benign_grep_recursive_50x4k_1,12001,0,,grep_recursive,156,0.1533,156,0.0,0.0,0.0,0.0,0.0,0.0,0.0,0.3205,0,0.0,0.0,0,0.0,0.0,0,0,0,0.0,0,0.0
benign_grep_recursive_50x4k_2,2976,0,,grep_recursive,26,0.058,26,0.0,0.0,0.0,0.0,0.0,0.0,0.0,0.0,0,0.0,0.0,0,0.0,0.0,0,0,0,0.0,0,0.0
benign_grep_recursive_50x4k_2,6211,0,,grep_recursive,319,0.1923,319,150.0,0.0,0.0,50.0,0.4702,0.0,0.0,0.0,0,0.0,3.2477,1,0.0,0.0,0,50,1,50.0,209150,1394.33
benign_grep_recursive_50x4k_2,12021,0,,grep_recursive,117,0.1609,117,113.0,0.0,0.0,1.0,0.9658,0.0,0.0,0.0,0,0.0,4.8075,1,0.0,0.0,0,1,1,1.0,460600,4076.11
benign_grep_recursive_50x4k_2,12022,0,,grep_recursive,156,0.149,156,0.0,0.0,0.0,0.0,0.0,0.0,0.0,0.3205,0,0.0,0.0,0,0.0,0.0,0,0,0,0.0,0,0.0
benign_grep_recursive_50x64k_1,2976,0,,grep_recursive,26,0.0383,26,0.0,0.0,0.0,0.0,0.0,0.0,0.0,0.0,0,0.0,0.0,0,0.0,0.0,0,0,0,0.0,0,0.0
benign_grep_recursive_50x64k_1,6211,0,,grep_recursive,1820,0.8803,1820,1650.0,0.0,0.0,50.0,0.9066,0.0,0.0,0.0,0,0.0,3.9077,1,0.0,0.0,0,50,1,50.0,3279650,1987.67
benign_grep_recursive_50x64k_1,12042,0,,grep_recursive,1777,1.3084,1777,1355.0802,0.0,0.0,0.7643,0.9977,0.0,0.0,0.0,0,0.0,4.8289,1,0.0,0.0,0,1,1,1.0,7259450,4094.44
benign_grep_recursive_50x64k_1,12043,0,,grep_recursive,165,1.3006,165,0.0,0.0,0.0,0.0,0.0,0.0,0.0,0.303,0,0.0,0.0,0,0.0,0.0,0,0,0,0.0,0,0.0
benign_grep_recursive_50x64k_2,2976,0,,grep_recursive,26,0.0602,26,0.0,0.0,0.0,0.0,0.0,0.0,0.0,0.0,0,0.0,0.0,0,0.0,0.0,0,0,0,0.0,0,0.0
benign_grep_recursive_50x64k_2,6211,0,,grep_recursive,1820,0.9791,1820,1650.0,0.0,0.0,50.0,0.9066,0.0,0.0,0.0,0,0.0,3.9077,1,0.0,0.0,0,50,1,50.0,3279650,1987.67
benign_grep_recursive_50x64k_2,12063,0,,grep_recursive,1777,1.2461,1777,1422.7823,0.0,0.0,0.8025,0.9977,0.0,0.0,0.0,0,0.0,4.829,1,0.0,0.0,0,1,1,1.0,7259450,4094.44
benign_grep_recursive_50x64k_2,12064,0,,grep_recursive,164,1.2348,164,0.0,0.0,0.0,0.0,0.0,0.0,0.0,0.3049,0,0.0,0.0,0,0.0,0.0,0,0,0,0.0,0,0.0
benign_gzip_each_10x4k_1,6211,0,,gzip_each,68,0.091,68,30.0,0.0,0.0,10.0,0.4412,0.0,0.0,0.0,0,0.0,3.2477,1,0.0,0.0,0,10,1,10.0,41830,1394.33
benign_gzip_each_10x4k_1,2976,0,,gzip_each,26,0.1213,26,0.0,0.0,0.0,0.0,0.0,0.0,0.0,0.0,0,0.0,0.0,0,0.0,0.0,0,0,0,0.0,0,0.0
benign_gzip_each_10x4k_1,8206,0,,gzip_each,4,0.0024,4,0.0,0.0,0.0,0.0,0.0,0.0,0.0,0.0,0,0.0,0.0,0,0.0,0.0,0,0,0,0.0,0,0.0
benign_gzip_each_10x4k_1,8207,0,,gzip_each,111,0.1094,111,10.0,10.0,0.0,10.0,0.0901,0.0901,0.0,0.0901,0,0.0,5.8312,1,0.0,0.0,0,20,1,20.0,1120,112.0
benign_gzip_each_10x4k_2,2976,0,,gzip_each,26,0.0736,26,0.0,0.0,0.0,0.0,0.0,0.0,0.0,0.0,0,0.0,0.0,0,0.0,0.0,0,0,0,0.0,0,0.0
benign_gzip_each_10x4k_2,6211,0,,gzip_each,67,0.0664,67,30.0,0.0,0.0,10.0,0.4478,0.0,0.0,0.0,0,0.0,3.2477,1,0.0,0.0,0,10,1,10.0,41830,1394.33
benign_gzip_each_10x4k_2,8231,0,,gzip_each,4,0.0015,4,0.0,0.0,0.0,0.0,0.0,0.0,0.0,0.0,0,0.0,0.0,0,0.0,0.0,0,0,0,0.0,0,0.0
benign_gzip_each_10x4k_2,8232,0,,gzip_each,111,0.0841,111,10.0,10.0,0.0,10.0,0.0901,0.0901,0.0,0.0901,0,0.0,5.8312,1,0.0,0.0,0,20,1,20.0,1120,112.0
benign_gzip_each_10x64k_1,2976,0,,gzip_each,26,0.0587,26,0.0,0.0,0.0,0.0,0.0,0.0,0.0,0.0,0,0.0,0.0,0,0.0,0.0,0,0,0,0.0,0,0.0
benign_gzip_each_10x64k_1,6211,0,,gzip_each,367,0.2275,367,330.0,0.0,0.0,10.0,0.8992,0.0,0.0,0.0,0,0.0,3.9077,1,0.0,0.0,0,10,1,10.0,655930,1987.67
benign_gzip_each_10x64k_1,8252,0,,gzip_each,4,0.0017,4,0.0,0.0,0.0,0.0,0.0,0.0,0.0,0.0,0,0.0,0.0,0,0.0,0.0,0,0,0,0.0,0,0.0
benign_gzip_each_10x64k_1,8253,0,,gzip_each,111,0.1144,111,10.0,10.0,0.0,10.0,0.0901,0.0901,0.0,0.0901,0,0.0,4.9031,1,0.0,0.0,0,20,1,20.0,3250,325.0
benign_gzip_each_10x64k_2,2976,0,,gzip_each,26,0.1158,26,0.0,0.0,0.0,0.0,0.0,0.0,0.0,0.0,0,0.0,0.0,0,0.0,0.0,0,0,0,0.0,0,0.0
benign_gzip_each_10x64k_2,6211,0,,gzip_each,367,0.2062,367,330.0,0.0,0.0,10.0,0.8992,0.0,0.0,0.0,0,0.0,3.9077,1,0.0,0.0,0,10,1,10.0,655930,1987.67
benign_gzip_each_10x64k_2,8274,0,,gzip_each,4,0.0066,4,0.0,0.0,0.0,0.0,0.0,0.0,0.0,0.0,0,0.0,0.0,0,0.0,0.0,0,0,0,0.0,0,0.0
benign_gzip_each_10x64k_2,8275,0,,gzip_each,111,0.2175,111,10.0,10.0,0.0,10.0,0.0901,0.0901,0.0,0.0901,0,0.0,4.9031,1,0.0,0.0,0,20,1,20.0,3250,325.0
benign_gzip_each_50x4k_1,2976,0,,gzip_each,26,0.0629,26,0.0,0.0,0.0,0.0,0.0,0.0,0.0,0.0,0,0.0,0.0,0,0.0,0.0,0,0,0,0.0,0,0.0
benign_gzip_each_50x4k_1,6211,0,,gzip_each,307,0.2249,307,150.0,0.0,0.0,50.0,0.4886,0.0,0.0,0.0,0,0.0,3.2477,1,0.0,0.0,0,50,1,50.0,209150,1394.33
benign_gzip_each_50x4k_1,8295,0,,gzip_each,4,0.0023,4,0.0,0.0,0.0,0.0,0.0,0.0,0.0,0.0,0,0.0,0.0,0,0.0,0.0,0,0,0,0.0,0,0.0
benign_gzip_each_50x4k_1,8296,0,,gzip_each,551,0.3567,551,50.0,50.0,0.0,50.0,0.0907,0.0907,0.0,0.0907,0,0.0,5.8532,1,0.0,0.0,0,100,1,100.0,5600,112.0
benign_gzip_each_50x4k_2,2976,0,,gzip_each,26,0.0636,26,0.0,0.0,0.0,0.0,0.0,0.0,0.0,0.0,0,0.0,0.0,0,0.0,0.0,0,0,0,0.0,0,0.0
benign_gzip_each_50x4k_2,6211,0,,gzip_each,307,0.2218,307,150.0,0.0,0.0,50.0,0.4886,0.0,0.0,0.0,0,0.0,3.2477,1,0.0,0.0,0,50,1,50.0,209150,1394.33
benign_gzip_each_50x4k_2,8318,0,,gzip_each,4,0.0018,4,0.0,0.0,0.0,0.0,0.0,0.0,0.0,0.0,0,0.0,0.0,0,0.0,0.0,0,0,0,0.0,0,0.0
benign_gzip_each_50x4k_2,8319,0,,gzip_each,551,0.4204,551,50.0,50.0,0.0,50.0,0.0907,0.0907,0.0,0.0907,0,0.0,5.8286,1,0.0,0.0,0,100,1,100.0,5600,112.0
benign_gzip_each_50x64k_1,2976,0,,gzip_each,26,0.0535,26,0.0,0.0,0.0,0.0,0.0,0.0,0.0,0.0,0,0.0,0.0,0,0.0,0.0,0,0,0,0.0,0,0.0
benign_gzip_each_50x64k_1,6211,0,,gzip_each,1808,0.8699,1808,1650.0,0.0,0.0,50.0,0.9126,0.0,0.0,0.0,0,0.0,3.9077,1,0.0,0.0,0,50,1,50.0,3279650,1987.67
benign_gzip_each_50x64k_1,8339,0,,gzip_each,4,0.0013,4,0.0,0.0,0.0,0.0,0.0,0.0,0.0,0.0,0,0.0,0.0,0,0.0,0.0,0,0,0,0.0,0,0.0
benign_gzip_each_50x64k_1,8340,0,,gzip_each,551,0.4246,551,50.0,50.0,0.0,50.0,0.0907,0.0907,0.0,0.0907,0,0.0,4.9155,1,0.0,0.0,0,100,1,100.0,16250,325.0
benign_gzip_each_50x64k_2,2976,0,,gzip_each,26,0.0553,26,0.0,0.0,0.0,0.0,0.0,0.0,0.0,0.0,0,0.0,0.0,0,0.0,0.0,0,0,0,0.0,0,0.0
benign_gzip_each_50x64k_2,6211,0,,gzip_each,1811,1.868,1811,883.3027,0.0,0.0,26.7667,0.9111,0.0,0.0,0.0,0,0.0,3.9077,1,0.0,0.0,0,50,1,50.0,3279650,1987.67
benign_gzip_each_50x64k_2,8360,0,,gzip_each,4,0.0027,4,0.0,0.0,0.0,0.0,0.0,0.0,0.0,0.0,0,0.0,0.0,0,0.0,0.0,0,0,0,0.0,0,0.0
benign_gzip_each_50x64k_2,8361,0,,gzip_each,551,0.4267,551,50.0,50.0,0.0,50.0,0.0907,0.0907,0.0,0.0907,0,0.0,4.9209,1,0.0,0.0,0,100,1,100.0,16250,325.0
benign_openssl_enc_10x4k_1,2976,0,,openssl_enc,26,0.0454,26,0.0,0.0,0.0,0.0,0.0,0.0,0.0,0.0,0,0.0,0.0,0,0.0,0.0,0,0,0,0.0,0,0.0
benign_openssl_enc_10x4k_1,6211,0,,openssl_enc,67,0.0459,67,30.0,0.0,0.0,10.0,0.4478,0.0,0.0,0.0,0,0.0,3.2477,1,0.0,0.0,0,10,1,10.0,41830,1394.33
benign_openssl_enc_10x4k_1,10303,0,,openssl_enc,4,0.001,4,0.0,0.0,0.0,0.0,0.0,0.0,0.0,0.0,0,0.0,0.0,0,0.0,0.0,0,0,0,0.0,0,0.0
benign_openssl_enc_10x4k_1,10304,0,,openssl_enc,7,0.044,7,2.0,0.0,0.0,1.0,0.2857,0.0,0.0,0.1429,1,0.5,6.7896,1,0.0,0.0,0,1,1,1.0,4208,2104.0
benign_openssl_enc_10x4k_1,10305,0,,openssl_enc,7,0.0179,7,2.0,0.0,0.0,1.0,0.2857,0.0,0.0,0.1429,1,0.5,6.8136,1,0.0,0.0,0,1,1,1.0,4208,2104.0
benign_openssl_enc_10x4k_1,10306,0,,openssl_enc,7,0.0177,7,2.0,0.0,0.0,1.0,0.2857,0.0,0.0,0.1429,1,0.5,6.701,1,0.0,0.0,0,1,1,1.0,4208,2104.0
benign_openssl_enc_10x4k_1,10307,0,,openssl_enc,7,0.0175,7,2.0,0.0,0.0,1.0,0.2857,0.0,0.0,0.1429,1,0.5,6.7838,1,0.0,0.0,0,1,1,1.0,4208,2104.0
benign_openssl_enc_10x4k_1,10308,0,,openssl_enc,7,0.0185,7,2.0,0.0,0.0,1.0,0.2857,0.0,0.0,0.1429,1,0.5,6.718,1,0.0,0.0,0,1,1,1.0,4208,2104.0
benign_openssl_enc_10x4k_1,10309,0,,openssl_enc,7,0.0466,7,2.0,0.0,0.0,1.0,0.2857,0.0,0.0,0.1429,1,0.5,6.7842,1,0.0,0.0,0,1,1,1.0,4208,2104.0
benign_openssl_enc_10x4k_1,10310,0,,openssl_enc,7,0.017,7,2.0,0.0,0.0,1.0,0.2857,0.0,0.0,0.1429,1,0.5,6.734,1,0.0,0.0,0,1,1,1.0,4208,2104.0
benign_openssl_enc_10x4k_1,10311,0,,openssl_enc,7,0.0219,7,2.0,0.0,0.0,1.0,0.2857,0.0,0.0,0.1429,1,0.5,6.8917,1,0.0,0.0,0,1,1,1.0,4208,2104.0
benign_openssl_enc_10x4k_1,10312,0,,openssl_enc,7,0.0188,7,2.0,0.0,0.0,1.0,0.2857,0.0,0.0,0.1429,1,0.5,6.8196,1,0.0,0.0,0,1,1,1.0,4208,2104.0
benign_openssl_enc_10x4k_1,10313,0,,openssl_enc,7,0.0181,7,2.0,0.0,0.0,1.0,0.2857,0.0,0.0,0.1429,1,0.5,6.7909,1,0.0,0.0,0,1,1,1.0,4208,2104.0
benign_openssl_enc_10x4k_2,2976,0,,openssl_enc,26,0.0691,26,0.0,0.0,0.0,0.0,0.0,0.0,0.0,0.0,0,0.0,0.0,0,0.0,0.0,0,0,0,0.0,0,0.0
benign_openssl_enc_10x4k_2,6211,0,,openssl_enc,67,0.0561,67,30.0,0.0,0.0,10.0,0.4478,0.0,0.0,0.0,0,0.0,3.2477,1,0.0,0.0,0,10,1,10.0,41830,1394.33
benign_openssl_enc_10x4k_2,10333,0,,openssl_enc,4,0.0009,4,0.0,0.0,0.0,0.0,0.0,0.0,0.0,0.0,0,0.0,0.0,0,0.0,0.0,0,0,0,0.0,0,0.0
benign_openssl_enc_10x4k_2,10334,0,,openssl_enc,7,0.0161,7,2.0,0.0,0.0,1.0,0.2857,0.0,0.0,0.1429,1,0.5,6.7997,1,0.0,0.0,0,1,1,1.0,4208,2104.0
benign_openssl_enc_10x4k_2,10335,0,,openssl_enc,7,0.0168,7,2.0,0.0,0.0,1.0,0.2857,0.0,0.0,0.1429,1,0.5,6.7885,1,0.0,0.0,0,1,1,1.0,4208,2104.0
benign_openssl_enc_10x4k_2,10336,0,,openssl_enc,7,0.0136,7,2.0,0.0,0.0,1.0,0.2857,0.0,0.0,0.1429,1,0.5,6.7484,1,0.0,0.0,0,1,1,1.0,4208,2104.0
benign_openssl_enc_10x4k_2,10337,0,,openssl_enc,7,0.0118,7,2.0,0.0,0.0,1.0,0.2857,0.0,0.0,0.1429,1,0.5,6.8164,1,0.0,0.0,0,1,1,1.0,4208,2104.0
benign_openssl_enc_10x4k_2,10338,0,,openssl_enc,7,0.0108,7,2.0,0.0,0.0,1.0,0.2857,0.0,0.0,0.1429,1,0.5,6.799,1,0.0,0.0,0,1,1,1.0,4208,2104.0
benign_openssl_enc_10x4k_2,10339,0,,openssl_enc,7,0.0103,7,2.0,0.0,0.0,1.0,0.2857,0.0,0.0,0.1429,1,0.5,6.8492,1,0.0,0.0,0,1,1,1.0,4208,2104.0
benign_openssl_enc_10x4k_2,10340,0,,openssl_enc,7,0.0138,7,2.0,0.0,0.0,1.0,0.2857,0.0,0.0,0.1429,1,0.5,6.8545,1,0.0,0.0,0,1,1,1.0,4208,2104.0
benign_openssl_enc_10x4k_2,10341,0,,openssl_enc,7,0.018,7,2.0,0.0,0.0,1.0,0.2857,0.0,0.0,0.1429,1,0.5,6.8469,1,0.0,0.0,0,1,1,1.0,4208,2104.0
benign_openssl_enc_10x4k_2,10342,0,,openssl_enc,7,0.0135,7,2.0,0.0,0.0,1.0,0.2857,0.0,0.0,0.1429,1,0.5,6.7762,1,0.0,0.0,0,1,1,1.0,4208,2104.0
benign_openssl_enc_10x4k_2,10343,0,,openssl_enc,7,0.0196,7,2.0,0.0,0.0,1.0,0.2857,0.0,0.0,0.1429,1,0.5,6.7046,1,0.0,0.0,0,1,1,1.0,4208,2104.0
benign_openssl_enc_10x64k_1,2976,0,,openssl_enc,26,0.05,26,0.0,0.0,0.0,0.0,0.0,0.0,0.0,0.0,0,0.0,0.0,0,0.0,0.0,0,0,0,0.0,0,0.0
benign_openssl_enc_10x64k_1,6211,0,,openssl_enc,367,0.2182,367,330.0,0.0,0.0,10.0,0.8992,0.0,0.0,0.0,0,0.0,3.9077,1,0.0,0.0,0,10,1,10.0,655930,1987.67
benign_openssl_enc_10x64k_1,10363,0,,openssl_enc,4,0.0011,4,0.0,0.0,0.0,0.0,0.0,0.0,0.0,0.0,0,0.0,0.0,0,0.0,0.0,0,0,0,0.0,0,0.0
benign_openssl_enc_10x64k_1,10364,0,,openssl_enc,24,0.0241,24,17.0,0.0,0.0,1.0,0.7083,0.0,0.0,0.125,16,0.9412,7.1089,1,0.0,0.0,0,1,1,1.0,65616,3859.76
benign_openssl_enc_10x64k_1,10365,0,,openssl_enc,24,0.0242,24,17.0,0.0,0.0,1.0,0.7083,0.0,0.0,0.125,16,0.9412,7.101,1,0.0,0.0,0,1,1,1.0,65616,3859.76
benign_openssl_enc_10x64k_1,10366,0,,openssl_enc,24,0.0231,24,17.0,0.0,0.0,1.0,0.7083,0.0,0.0,0.125,16,0.9412,7.1186,1,0.0,0.0,0,1,1,1.0,65616,3859.76
benign_openssl_enc_10x64k_1,10367,0,,openssl_enc,24,0.0218,24,17.0,0.0,0.0,1.0,0.7083,0.0,0.0,0.125,16,0.9412,7.1072,1,0.0,0.0,0,1,1,1.0,65616,3859.76
benign_openssl_enc_10x64k_1,10368,0,,openssl_enc,24,0.0209,24,17.0,0.0,0.0,1.0,0.7083,0.0,0.0,0.125,16,0.9412,7.125,1,0.0,0.0,0,1,1,1.0,65616,3859.76
benign_openssl_enc_10x64k_1,10369,0,,openssl_enc,24,0.0224,24,17.0,0.0,0.0,1.0,0.7083,0.0,0.0,0.125,16,0.9412,7.102,1,0.0,0.0,0,1,1,1.0,65616,3859.76
benign_openssl_enc_10x64k_1,10370,0,,openssl_enc,24,0.0276,24,17.0,0.0,0.0,1.0,0.7083,0.0,0.0,0.125,16,0.9412,7.1173,1,0.0,0.0,0,1,1,1.0,65616,3859.76
benign_openssl_enc_10x64k_1,10371,0,,openssl_enc,24,0.0316,24,17.0,0.0,0.0,1.0,0.7083,0.0,0.0,0.125,16,0.9412,7.1172,1,0.0,0.0,0,1,1,1.0,65616,3859.76
benign_openssl_enc_10x64k_1,10372,0,,openssl_enc,24,0.0206,24,17.0,0.0,0.0,1.0,0.7083,0.0,0.0,0.125,16,0.9412,7.1115,1,0.0,0.0,0,1,1,1.0,65616,3859.76
benign_openssl_enc_10x64k_1,10373,0,,openssl_enc,24,0.0385,24,17.0,0.0,0.0,1.0,0.7083,0.0,0.0,0.125,16,0.9412,7.1053,1,0.0,0.0,0,1,1,1.0,65616,3859.76
benign_openssl_enc_10x64k_2,2976,0,,openssl_enc,26,0.0565,26,0.0,0.0,0.0,0.0,0.0,0.0,0.0,0.0,0,0.0,0.0,0,0.0,0.0,0,0,0,0.0,0,0.0
benign_openssl_enc_10x64k_2,6211,0,,openssl_enc,367,0.2534,367,330.0,0.0,0.0,10.0,0.8992,0.0,0.0,0.0,0,0.0,3.9077,1,0.0,0.0,0,10,1,10.0,655930,1987.67
benign_openssl_enc_10x64k_2,10392,0,,openssl_enc,4,0.0012,4,0.0,0.0,0.0,0.0,0.0,0.0,0.0,0.0,0,0.0,0.0,0,0.0,0.0,0,0,0,0.0,0,0.0
benign_openssl_enc_10x64k_2,10393,0,,openssl_enc,24,0.0268,24,17.0,0.0,0.0,1.0,0.7083,0.0,0.0,0.125,16,0.9412,7.1093,1,0.0,0.0,0,1,1,1.0,65616,3859.76
benign_openssl_enc_10x64k_2,10394,0,,openssl_enc,24,0.0237,24,17.0,0.0,0.0,1.0,0.7083,0.0,0.0,0.125,16,0.9412,7.086,1,0.0,0.0,0,1,1,1.0,65616,3859.76
benign_openssl_enc_10x64k_2,10395,0,,openssl_enc,24,0.0352,24,17.0,0.0,0.0,1.0,0.7083,0.0,0.0,0.125,16,0.9412,7.0878,1,0.0,0.0,0,1,1,1.0,65616,3859.76
benign_openssl_enc_10x64k_2,10396,0,,openssl_enc,24,0.0526,24,17.0,0.0,0.0,1.0,0.7083,0.0,0.0,0.125,16,0.9412,7.1155,1,0.0,0.0,0,1,1,1.0,65616,3859.76
benign_openssl_enc_10x64k_2,10397,0,,openssl_enc,24,0.0424,24,17.0,0.0,0.0,1.0,0.7083,0.0,0.0,0.125,16,0.9412,7.0959,1,0.0,0.0,0,1,1,1.0,65616,3859.76
benign_openssl_enc_10x64k_2,10398,0,,openssl_enc,24,0.0318,24,17.0,0.0,0.0,1.0,0.7083,0.0,0.0,0.125,16,0.9412,7.0971,1,0.0,0.0,0,1,1,1.0,65616,3859.76
benign_openssl_enc_10x64k_2,10399,0,,openssl_enc,24,0.0336,24,17.0,0.0,0.0,1.0,0.7083,0.0,0.0,0.125,16,0.9412,7.1155,1,0.0,0.0,0,1,1,1.0,65616,3859.76
benign_openssl_enc_10x64k_2,10400,0,,openssl_enc,24,0.0202,24,17.0,0.0,0.0,1.0,0.7083,0.0,0.0,0.125,16,0.9412,7.0974,1,0.0,0.0,0,1,1,1.0,65616,3859.76
benign_openssl_enc_10x64k_2,10401,0,,openssl_enc,24,0.0203,24,17.0,0.0,0.0,1.0,0.7083,0.0,0.0,0.125,16,0.9412,7.109,1,0.0,0.0,0,1,1,1.0,65616,3859.76
benign_openssl_enc_10x64k_2,10402,0,,openssl_enc,24,0.0297,24,17.0,0.0,0.0,1.0,0.7083,0.0,0.0,0.125,16,0.9412,7.1155,1,0.0,0.0,0,1,1,1.0,65616,3859.76
benign_openssl_enc_50x4k_1,2976,0,,openssl_enc,26,0.0616,26,0.0,0.0,0.0,0.0,0.0,0.0,0.0,0.0,0,0.0,0.0,0,0.0,0.0,0,0,0,0.0,0,0.0
benign_openssl_enc_50x4k_1,6211,0,,openssl_enc,307,0.2552,307,150.0,0.0,0.0,50.0,0.4886,0.0,0.0,0.0,0,0.0,3.2477,1,0.0,0.0,0,50,1,50.0,209150,1394.33
benign_openssl_enc_50x4k_1,10422,0,,openssl_enc,4,0.0016,4,0.0,0.0,0.0,0.0,0.0,0.0,0.0,0.0,0,0.0,0.0,0,0.0,0.0,0,0,0,0.0,0,0.0
benign_openssl_enc_50x4k_1,10423,0,,openssl_enc,7,0.034,7,2.0,0.0,0.0,1.0,0.2857,0.0,0.0,0.1429,1,0.5,6.8148,1,0.0,0.0,0,1,1,1.0,4208,2104.0
benign_openssl_enc_50x4k_1,10424,0,,openssl_enc,7,0.0188,7,2.0,0.0,0.0,1.0,0.2857,0.0,0.0,0.1429,1,0.5,6.8514,1,0.0,0.0,0,1,1,1.0,4208,2104.0
benign_openssl_enc_50x4k_1,10425,0,,openssl_enc,7,0.0151,7,2.0,0.0,0.0,1.0,0.2857,0.0,0.0,0.1429,1,0.5,6.7631,1,0.0,0.0,0,1,1,1.0,4208,2104.0
benign_openssl_enc_50x4k_1,10426,0,,openssl_enc,7,0.0133,7,2.0,0.0,0.0,1.0,0.2857,0.0,0.0,0.1429,1,0.5,6.6965,1,0.0,0.0,0,1,1,1.0,4208,2104.0
benign_openssl_enc_50x4k_1,10427,0,,openssl_enc,7,0.0111,7,2.0,0.0,0.0,1.0,0.2857,0.0,0.0,0.1429,1,0.5,6.8411,1,0.0,0.0,0,1,1,1.0,4208,2104.0
benign_openssl_enc_50x4k_1,10428,0,,openssl_enc,7,0.0187,7,2.0,0.0,0.0,1.0,0.2857,0.0,0.0,0.1429,1,0.5,6.8163,1,0.0,0.0,0,1,1,1.0,4208,2104.0
benign_openssl_enc_50x4k_1,10429,0,,openssl_enc,7,0.014,7,2.0,0.0,0.0,1.0,0.2857,0.0,0.0,0.1429,1,0.5,6.82,1,0.0,0.0,0,1,1,1.0,4208,2104.0
benign_openssl_enc_50x4k_1,10430,0,,openssl_enc,7,0.0193,7,2.0,0.0,0.0,1.0,0.2857,0.0,0.0,0.1429,1,0.5,6.8403,1,0.0,0.0,0,1,1,1.0,4208,2104.0
benign_openssl_enc_50x4k_1,10431,0,,openssl_enc,7,0.016,7,2.0,0.0,0.0,1.0,0.2857,0.0,0.0,0.1429,1,0.5,6.7967,1,0.0,0.0,0,1,1,1.0,4208,2104.0
benign_openssl_enc_50x4k_1,10432,0,,openssl_enc,7,0.0197,7,2.0,0.0,0.0,1.0,0.2857,0.0,0.0,0.1429,1,0.5,6.7011,1,0.0,0.0,0,1,1,1.0,4208,2104.0
benign_openssl_enc_50x4k_1,10433,0,,openssl_enc,7,0.0578,7,2.0,0.0,0.0,1.0,0.2857,0.0,0.0,0.1429,1,0.5,6.7572,1,0.0,0.0,0,1,1,1.0,4208,2104.0
benign_openssl_enc_50x4k_1,10434,0,,openssl_enc,7,0.0204,7,2.0,0.0,0.0,1.0,0.2857,0.0,0.0,0.1429,1,0.5,6.7355,1,0.0,0.0,0,1,1,1.0,4208,2104.0
benign_openssl_enc_50x4k_1,10435,0,,openssl_enc,7,0.0217,7,2.0,0.0,0.0,1.0,0.2857,0.0,0.0,0.1429,1,0.5,6.7468,1,0.0,0.0,0,1,1,1.0,4208,2104.0
benign_openssl_enc_50x4k_1,10436,0,,openssl_enc,7,0.0175,7,2.0,0.0,0.0,1.0,0.2857,0.0,0.0,0.1429,1,0.5,6.7596,1,0.0,0.0,0,1,1,1.0,4208,2104.0
benign_openssl_enc_50x4k_1,10437,0,,openssl_enc,7,0.0212,7,2.0,0.0,0.0,1.0,0.2857,0.0,0.0,0.1429,1,0.5,6.8073,1,0.0,0.0,0,1,1,1.0,4208,2104.0
benign_openssl_enc_50x4k_1,10438,0,,openssl_enc,7,0.0182,7,2.0,0.0,0.0,1.0,0.2857,0.0,0.0,0.1429,1,0.5,6.7938,1,0.0,0.0,0,1,1,1.0,4208,2104.0
benign_openssl_enc_50x4k_1,10439,0,,openssl_enc,7,0.0155,7,2.0,0.0,0.0,1.0,0.2857,0.0,0.0,0.1429,1,0.5,6.7944,1,0.0,0.0,0,1,1,1.0,4208,2104.0
benign_openssl_enc_50x4k_1,10440,0,,openssl_enc,7,0.015,7,2.0,0.0,0.0,1.0,0.2857,0.0,0.0,0.1429,1,0.5,6.8276,1,0.0,0.0,0,1,1,1.0,4208,2104.0
benign_openssl_enc_50x4k_1,10441,0,,openssl_enc,7,0.0262,7,2.0,0.0,0.0,1.0,0.2857,0.0,0.0,0.1429,1,0.5,6.7858,1,0.0,0.0,0,1,1,1.0,4208,2104.0
benign_openssl_enc_50x4k_1,10442,0,,openssl_enc,7,0.0155,7,2.0,0.0,0.0,1.0,0.2857,0.0,0.0,0.1429,1,0.5,6.7347,1,0.0,0.0,0,1,1,1.0,4208,2104.0
benign_openssl_enc_50x4k_1,10443,0,,openssl_enc,7,0.0144,7,2.0,0.0,0.0,1.0,0.2857,0.0,0.0,0.1429,1,0.5,6.811,1,0.0,0.0,0,1,1,1.0,4208,2104.0
benign_openssl_enc_50x4k_1,10444,0,,openssl_enc,7,0.0201,7,2.0,0.0,0.0,1.0,0.2857,0.0,0.0,0.1429,1,0.5,6.7652,1,0.0,0.0,0,1,1,1.0,4208,2104.0
benign_openssl_enc_50x4k_1,10445,0,,openssl_enc,7,0.0159,7,2.0,0.0,0.0,1.0,0.2857,0.0,0.0,0.1429,1,0.5,6.7355,1,0.0,0.0,0,1,1,1.0,4208,2104.0
benign_openssl_enc_50x4k_1,10446,0,,openssl_enc,7,0.0178,7,2.0,0.0,0.0,1.0,0.2857,0.0,0.0,0.1429,1,0.5,6.8155,1,0.0,0.0,0,1,1,1.0,4208,2104.0
benign_openssl_enc_50x4k_1,10447,0,,openssl_enc,7,0.0145,7,2.0,0.0,0.0,1.0,0.2857,0.0,0.0,0.1429,1,0.5,6.77,1,0.0,0.0,0,1,1,1.0,4208,2104.0
benign_openssl_enc_50x4k_1,10448,0,,openssl_enc,7,0.018,7,2.0,0.0,0.0,1.0,0.2857,0.0,0.0,0.1429,1,0.5,6.8231,1,0.0,0.0,0,1,1,1.0,4208,2104.0
benign_openssl_enc_50x4k_1,10449,0,,openssl_enc,7,0.0154,7,2.0,0.0,0.0,1.0,0.2857,0.0,0.0,0.1429,1,0.5,6.7634,1,0.0,0.0,0,1,1,1.0,4208,2104.0
benign_openssl_enc_50x4k_1,10450,0,,openssl_enc,7,0.0126,7,2.0,0.0,0.0,1.0,0.2857,0.0,0.0,0.1429,1,0.5,6.8109,1,0.0,0.0,0,1,1,1.0,4208,2104.0
benign_openssl_enc_50x4k_1,10451,0,,openssl_enc,7,0.015,7,2.0,0.0,0.0,1.0,0.2857,0.0,0.0,0.1429,1,0.5,6.7288,1,0.0,0.0,0,1,1,1.0,4208,2104.0
benign_openssl_enc_50x4k_1,10452,0,,openssl_enc,7,0.0155,7,2.0,0.0,0.0,1.0,0.2857,0.0,0.0,0.1429,1,0.5,6.7985,1,0.0,0.0,0,1,1,1.0,4208,2104.0
benign_openssl_enc_50x4k_1,10453,0,,openssl_enc,7,0.0172,7,2.0,0.0,0.0,1.0,0.2857,0.0,0.0,0.1429,1,0.5,6.7889,1,0.0,0.0,0,1,1,1.0,4208,2104.0
benign_openssl_enc_50x4k_1,10454,0,,openssl_enc,7,0.0141,7,2.0,0.0,0.0,1.0,0.2857,0.0,0.0,0.1429,1,0.5,6.8468,1,0.0,0.0,0,1,1,1.0,4208,2104.0
benign_openssl_enc_50x4k_1,10455,0,,openssl_enc,7,0.0154,7,2.0,0.0,0.0,1.0,0.2857,0.0,0.0,0.1429,1,0.5,6.8299,1,0.0,0.0,0,1,1,1.0,4208,2104.0
benign_openssl_enc_50x4k_1,10456,0,,openssl_enc,11,0.0186,11,2.0,0.0,0.0,1.0,0.1818,0.0,0.0,0.0909,1,0.5,6.7907,1,0.0,0.0,0,1,1,1.0,4208,2104.0
benign_openssl_enc_50x4k_1,10457,0,,openssl_enc,8,0.0136,8,2.0,0.0,0.0,1.0,0.25,0.0,0.0,0.125,1,0.5,6.8126,1,0.0,0.0,0,1,1,1.0,4208,2104.0
benign_openssl_enc_50x4k_1,10458,0,,openssl_enc,8,0.0152,8,2.0,0.0,0.0,1.0,0.25,0.0,0.0,0.125,1,0.5,6.7687,1,0.0,0.0,0,1,1,1.0,4208,2104.0
benign_openssl_enc_50x4k_1,10459,0,,openssl_enc,8,0.0144,8,2.0,0.0,0.0,1.0,0.25,0.0,0.0,0.125,1,0.5,6.8186,1,0.0,0.0,0,1,1,1.0,4208,2104.0
benign_openssl_enc_50x4k_1,10460,0,,openssl_enc,8,0.0139,8,2.0,0.0,0.0,1.0,0.25,0.0,0.0,0.125,1,0.5,6.8668,1,0.0,0.0,0,1,1,1.0,4208,2104.0
benign_openssl_enc_50x4k_1,10461,0,,openssl_enc,8,0.0119,8,2.0,0.0,0.0,1.0,0.25,0.0,0.0,0.125,1,0.5,6.7605,1,0.0,0.0,0,1,1,1.0,4208,2104.0
benign_openssl_enc_50x4k_1,10462,0,,openssl_enc,8,0.0117,8,2.0,0.0,0.0,1.0,0.25,0.0,0.0,0.125,1,0.5,6.7789,1,0.0,0.0,0,1,1,1.0,4208,2104.0
benign_openssl_enc_50x4k_1,10463,0,,openssl_enc,8,0.0153,8,2.0,0.0,0.0,1.0,0.25,0.0,0.0,0.125,1,0.5,6.8797,1,0.0,0.0,0,1,1,1.0,4208,2104.0
benign_openssl_enc_50x4k_1,10464,0,,openssl_enc,8,0.014,8,2.0,0.0,0.0,1.0,0.25,0.0,0.0,0.125,1,0.5,6.8188,1,0.0,0.0,0,1,1,1.0,4208,2104.0
benign_openssl_enc_50x4k_1,10465,0,,openssl_enc,8,0.0153,8,2.0,0.0,0.0,1.0,0.25,0.0,0.0,0.125,1,0.5,6.8278,1,0.0,0.0,0,1,1,1.0,4208,2104.0
benign_openssl_enc_50x4k_1,10466,0,,openssl_enc,8,0.0097,8,2.0,0.0,0.0,1.0,0.25,0.0,0.0,0.125,1,0.5,6.7862,1,0.0,0.0,0,1,1,1.0,4208,2104.0
benign_openssl_enc_50x4k_1,10467,0,,openssl_enc,8,0.0134,8,2.0,0.0,0.0,1.0,0.25,0.0,0.0,0.125,1,0.5,6.7424,1,0.0,0.0,0,1,1,1.0,4208,2104.0
benign_openssl_enc_50x4k_1,10468,0,,openssl_enc,8,0.019,8,2.0,0.0,0.0,1.0,0.25,0.0,0.0,0.125,1,0.5,6.782,1,0.0,0.0,0,1,1,1.0,4208,2104.0
benign_openssl_enc_50x4k_1,10469,0,,openssl_enc,8,0.0146,8,2.0,0.0,0.0,1.0,0.25,0.0,0.0,0.125,1,0.5,6.9424,1,0.0,0.0,0,1,1,1.0,4208,2104.0
benign_openssl_enc_50x4k_1,10470,0,,openssl_enc,8,0.0149,8,2.0,0.0,0.0,1.0,0.25,0.0,0.0,0.125,1,0.5,6.7816,1,0.0,0.0,0,1,1,1.0,4208,2104.0
benign_openssl_enc_50x4k_1,10471,0,,openssl_enc,8,0.0114,8,2.0,0.0,0.0,1.0,0.25,0.0,0.0,0.125,1,0.5,6.8291,1,0.0,0.0,0,1,1,1.0,4208,2104.0
benign_openssl_enc_50x4k_1,10472,0,,openssl_enc,8,0.0126,8,2.0,0.0,0.0,1.0,0.25,0.0,0.0,0.125,1,0.5,6.781,1,0.0,0.0,0,1,1,1.0,4208,2104.0
benign_openssl_enc_50x4k_2,2976,0,,openssl_enc,26,0.0961,26,0.0,0.0,0.0,0.0,0.0,0.0,0.0,0.0,0,0.0,0.0,0,0.0,0.0,0,0,0,0.0,0,0.0
benign_openssl_enc_50x4k_2,6211,0,,openssl_enc,307,0.2557,307,150.0,0.0,0.0,50.0,0.4886,0.0,0.0,0.0,0,0.0,3.2477,1,0.0,0.0,0,50,1,50.0,209150,1394.33
benign_openssl_enc_50x4k_2,10491,0,,openssl_enc,4,0.0008,4,0.0,0.0,0.0,0.0,0.0,0.0,0.0,0.0,0,0.0,0.0,0,0.0,0.0,0,0,0,0.0,0,0.0
benign_openssl_enc_50x4k_2,10492,0,,openssl_enc,7,0.0194,7,2.0,0.0,0.0,1.0,0.2857,0.0,0.0,0.1429,1,0.5,6.7982,1,0.0,0.0,0,1,1,1.0,4208,2104.0
benign_openssl_enc_50x4k_2,10493,0,,openssl_enc,7,0.0157,7,2.0,0.0,0.0,1.0,0.2857,0.0,0.0,0.1429,1,0.5,6.8077,1,0.0,0.0,0,1,1,1.0,4208,2104.0
benign_openssl_enc_50x4k_2,10494,0,,openssl_enc,7,0.012,7,2.0,0.0,0.0,1.0,0.2857,0.0,0.0,0.1429,1,0.5,6.8354,1,0.0,0.0,0,1,1,1.0,4208,2104.0
benign_openssl_enc_50x4k_2,10495,0,,openssl_enc,7,0.0149,7,2.0,0.0,0.0,1.0,0.2857,0.0,0.0,0.1429,1,0.5,6.8463,1,0.0,0.0,0,1,1,1.0,4208,2104.0
benign_openssl_enc_50x4k_2,10496,0,,openssl_enc,7,0.01,7,2.0,0.0,0.0,1.0,0.2857,0.0,0.0,0.1429,1,0.5,6.7828,1,0.0,0.0,0,1,1,1.0,4208,2104.0
benign_openssl_enc_50x4k_2,10497,0,,openssl_enc,7,0.0159,7,2.0,0.0,0.0,1.0,0.2857,0.0,0.0,0.1429,1,0.5,6.7339,1,0.0,0.0,0,1,1,1.0,4208,2104.0
benign_openssl_enc_50x4k_2,10498,0,,openssl_enc,7,0.0146,7,2.0,0.0,0.0,1.0,0.2857,0.0,0.0,0.1429,1,0.5,6.7956,1,0.0,0.0,0,1,1,1.0,4208,2104.0
benign_openssl_enc_50x4k_2,10499,0,,openssl_enc,7,0.0155,7,2.0,0.0,0.0,1.0,0.2857,0.0,0.0,0.1429,1,0.5,6.7901,1,0.0,0.0,0,1,1,1.0,4208,2104.0
benign_openssl_enc_50x4k_2,10500,0,,openssl_enc,7,0.0173,7,2.0,0.0,0.0,1.0,0.2857,0.0,0.0,0.1429,1,0.5,6.7319,1,0.0,0.0,0,1,1,1.0,4208,2104.0
benign_openssl_enc_50x4k_2,10501,0,,openssl_enc,7,0.0196,7,2.0,0.0,0.0,1.0,0.2857,0.0,0.0,0.1429,1,0.5,6.824,1,0.0,0.0,0,1,1,1.0,4208,2104.0
benign_openssl_enc_50x4k_2,10502,0,,openssl_enc,7,0.0183,7,2.0,0.0,0.0,1.0,0.2857,0.0,0.0,0.1429,1,0.5,6.7759,1,0.0,0.0,0,1,1,1.0,4208,2104.0
benign_openssl_enc_50x4k_2,10503,0,,openssl_enc,7,0.016,7,2.0,0.0,0.0,1.0,0.2857,0.0,0.0,0.1429,1,0.5,6.7761,1,0.0,0.0,0,1,1,1.0,4208,2104.0
benign_openssl_enc_50x4k_2,10504,0,,openssl_enc,7,0.0192,7,2.0,0.0,0.0,1.0,0.2857,0.0,0.0,0.1429,1,0.5,6.7739,1,0.0,0.0,0,1,1,1.0,4208,2104.0
benign_openssl_enc_50x4k_2,10505,0,,openssl_enc,7,0.0186,7,2.0,0.0,0.0,1.0,0.2857,0.0,0.0,0.1429,1,0.5,6.7607,1,0.0,0.0,0,1,1,1.0,4208,2104.0
benign_openssl_enc_50x4k_2,10506,0,,openssl_enc,7,0.0222,7,2.0,0.0,0.0,1.0,0.2857,0.0,0.0,0.1429,1,0.5,6.8018,1,0.0,0.0,0,1,1,1.0,4208,2104.0
benign_openssl_enc_50x4k_2,10507,0,,openssl_enc,7,0.0179,7,2.0,0.0,0.0,1.0,0.2857,0.0,0.0,0.1429,1,0.5,6.7515,1,0.0,0.0,0,1,1,1.0,4208,2104.0
benign_openssl_enc_50x4k_2,10508,0,,openssl_enc,7,0.0203,7,2.0,0.0,0.0,1.0,0.2857,0.0,0.0,0.1429,1,0.5,6.8248,1,0.0,0.0,0,1,1,1.0,4208,2104.0
benign_openssl_enc_50x4k_2,10509,0,,openssl_enc,7,0.0191,7,2.0,0.0,0.0,1.0,0.2857,0.0,0.0,0.1429,1,0.5,6.7686,1,0.0,0.0,0,1,1,1.0,4208,2104.0
benign_openssl_enc_50x4k_2,10510,0,,openssl_enc,7,0.0162,7,2.0,0.0,0.0,1.0,0.2857,0.0,0.0,0.1429,1,0.5,6.7437,1,0.0,0.0,0,1,1,1.0,4208,2104.0
benign_openssl_enc_50x4k_2,10511,0,,openssl_enc,7,0.0186,7,2.0,0.0,0.0,1.0,0.2857,0.0,0.0,0.1429,1,0.5,6.7694,1,0.0,0.0,0,1,1,1.0,4208,2104.0
benign_openssl_enc_50x4k_2,10512,0,,openssl_enc,7,0.0164,7,2.0,0.0,0.0,1.0,0.2857,0.0,0.0,0.1429,1,0.5,6.8188,1,0.0,0.0,0,1,1,1.0,4208,2104.0
benign_openssl_enc_50x4k_2,10513,0,,openssl_enc,7,0.0176,7,2.0,0.0,0.0,1.0,0.2857,0.0,0.0,0.1429,1,0.5,6.7954,1,0.0,0.0,0,1,1,1.0,4208,2104.0
benign_openssl_enc_50x4k_2,10514,0,,openssl_enc,7,0.017,7,2.0,0.0,0.0,1.0,0.2857,0.0,0.0,0.1429,1,0.5,6.7444,1,0.0,0.0,0,1,1,1.0,4208,2104.0
benign_openssl_enc_50x4k_2,10515,0,,openssl_enc,7,0.0149,7,2.0,0.0,0.0,1.0,0.2857,0.0,0.0,0.1429,1,0.5,6.7001,1,0.0,0.0,0,1,1,1.0,4208,2104.0
benign_openssl_enc_50x4k_2,10516,0,,openssl_enc,7,0.017,7,2.0,0.0,0.0,1.0,0.2857,0.0,0.0,0.1429,1,0.5,6.8478,1,0.0,0.0,0,1,1,1.0,4208,2104.0
benign_openssl_enc_50x4k_2,10517,0,,openssl_enc,7,0.0179,7,2.0,0.0,0.0,1.0,0.2857,0.0,0.0,0.1429,1,0.5,6.8088,1,0.0,0.0,0,1,1,1.0,4208,2104.0
benign_openssl_enc_50x4k_2,10518,0,,openssl_enc,7,0.0179,7,2.0,0.0,0.0,1.0,0.2857,0.0,0.0,0.1429,1,0.5,6.7713,1,0.0,0.0,0,1,1,1.0,4208,2104.0
benign_openssl_enc_50x4k_2,10519,0,,openssl_enc,7,0.0181,7,2.0,0.0,0.0,1.0,0.2857,0.0,0.0,0.1429,1,0.5,6.6768,1,0.0,0.0,0,1,1,1.0,4208,2104.0
benign_openssl_enc_50x4k_2,10520,0,,openssl_enc,7,0.0152,7,2.0,0.0,0.0,1.0,0.2857,0.0,0.0,0.1429,1,0.5,6.7801,1,0.0,0.0,0,1,1,1.0,4208,2104.0
benign_openssl_enc_50x4k_2,10521,0,,openssl_enc,7,0.0184,7,2.0,0.0,0.0,1.0,0.2857,0.0,0.0,0.1429,1,0.5,6.8262,1,0.0,0.0,0,1,1,1.0,4208,2104.0
benign_openssl_enc_50x4k_2,10522,0,,openssl_enc,7,0.0153,7,2.0,0.0,0.0,1.0,0.2857,0.0,0.0,0.1429,1,0.5,6.79,1,0.0,0.0,0,1,1,1.0,4208,2104.0
benign_openssl_enc_50x4k_2,10523,0,,openssl_enc,7,0.0181,7,2.0,0.0,0.0,1.0,0.2857,0.0,0.0,0.1429,1,0.5,6.7891,1,0.0,0.0,0,1,1,1.0,4208,2104.0
benign_openssl_enc_50x4k_2,10524,0,,openssl_enc,7,0.0144,7,2.0,0.0,0.0,1.0,0.2857,0.0,0.0,0.1429,1,0.5,6.8229,1,0.0,0.0,0,1,1,1.0,4208,2104.0
benign_openssl_enc_50x4k_2,10525,0,,openssl_enc,7,0.015,7,2.0,0.0,0.0,1.0,0.2857,0.0,0.0,0.1429,1,0.5,6.8075,1,0.0,0.0,0,1,1,1.0,4208,2104.0
benign_openssl_enc_50x4k_2,10526,0,,openssl_enc,11,0.0172,11,2.0,0.0,0.0,1.0,0.1818,0.0,0.0,0.0909,1,0.5,6.7767,1,0.0,0.0,0,1,1,1.0,4208,2104.0
benign_openssl_enc_50x4k_2,10527,0,,openssl_enc,8,0.018,8,2.0,0.0,0.0,1.0,0.25,0.0,0.0,0.125,1,0.5,6.8215,1,0.0,0.0,0,1,1,1.0,4208,2104.0
benign_openssl_enc_50x4k_2,10528,0,,openssl_enc,8,0.0172,8,2.0,0.0,0.0,1.0,0.25,0.0,0.0,0.125,1,0.5,6.8405,1,0.0,0.0,0,1,1,1.0,4208,2104.0
benign_openssl_enc_50x4k_2,10529,0,,openssl_enc,8,0.013,8,2.0,0.0,0.0,1.0,0.25,0.0,0.0,0.125,1,0.5,6.8115,1,0.0,0.0,0,1,1,1.0,4208,2104.0
benign_openssl_enc_50x4k_2,10530,0,,openssl_enc,8,0.0153,8,2.0,0.0,0.0,1.0,0.25,0.0,0.0,0.125,1,0.5,6.8019,1,0.0,0.0,0,1,1,1.0,4208,2104.0
benign_openssl_enc_50x4k_2,10531,0,,openssl_enc,8,0.0197,8,2.0,0.0,0.0,1.0,0.25,0.0,0.0,0.125,1,0.5,6.7759,1,0.0,0.0,0,1,1,1.0,4208,2104.0
benign_openssl_enc_50x4k_2,10532,0,,openssl_enc,8,0.0145,8,2.0,0.0,0.0,1.0,0.25,0.0,0.0,0.125,1,0.5,6.8081,1,0.0,0.0,0,1,1,1.0,4208,2104.0
benign_openssl_enc_50x4k_2,10533,0,,openssl_enc,8,0.0173,8,2.0,0.0,0.0,1.0,0.25,0.0,0.0,0.125,1,0.5,6.7881,1,0.0,0.0,0,1,1,1.0,4208,2104.0
benign_openssl_enc_50x4k_2,10534,0,,openssl_enc,8,0.0134,8,2.0,0.0,0.0,1.0,0.25,0.0,0.0,0.125,1,0.5,6.8104,1,0.0,0.0,0,1,1,1.0,4208,2104.0
benign_openssl_enc_50x4k_2,10535,0,,openssl_enc,8,0.0124,8,2.0,0.0,0.0,1.0,0.25,0.0,0.0,0.125,1,0.5,6.7554,1,0.0,0.0,0,1,1,1.0,4208,2104.0
benign_openssl_enc_50x4k_2,10536,0,,openssl_enc,8,0.0112,8,2.0,0.0,0.0,1.0,0.25,0.0,0.0,0.125,1,0.5,6.7658,1,0.0,0.0,0,1,1,1.0,4208,2104.0
benign_openssl_enc_50x4k_2,10537,0,,openssl_enc,8,0.015,8,2.0,0.0,0.0,1.0,0.25,0.0,0.0,0.125,1,0.5,6.7986,1,0.0,0.0,0,1,1,1.0,4208,2104.0
benign_openssl_enc_50x4k_2,10538,0,,openssl_enc,8,0.0148,8,2.0,0.0,0.0,1.0,0.25,0.0,0.0,0.125,1,0.5,6.6833,1,0.0,0.0,0,1,1,1.0,4208,2104.0
benign_openssl_enc_50x4k_2,10539,0,,openssl_enc,8,0.0175,8,2.0,0.0,0.0,1.0,0.25,0.0,0.0,0.125,1,0.5,6.8193,1,0.0,0.0,0,1,1,1.0,4208,2104.0
benign_openssl_enc_50x4k_2,10540,0,,openssl_enc,8,0.0113,8,2.0,0.0,0.0,1.0,0.25,0.0,0.0,0.125,1,0.5,6.7827,1,0.0,0.0,0,1,1,1.0,4208,2104.0
benign_openssl_enc_50x4k_2,10541,0,,openssl_enc,8,0.0189,8,2.0,0.0,0.0,1.0,0.25,0.0,0.0,0.125,1,0.5,6.779,1,0.0,0.0,0,1,1,1.0,4208,2104.0
benign_openssl_enc_50x64k_1,2976,0,,openssl_enc,26,0.0508,26,0.0,0.0,0.0,0.0,0.0,0.0,0.0,0.0,0,0.0,0.0,0,0.0,0.0,0,0,0,0.0,0,0.0
benign_openssl_enc_50x64k_1,6211,0,,openssl_enc,1808,0.759,1808,1650.0,0.0,0.0,50.0,0.9126,0.0,0.0,0.0,0,0.0,3.9077,1,0.0,0.0,0,50,1,50.0,3279650,1987.67
benign_openssl_enc_50x64k_1,10562,0,,openssl_enc,4,0.001,4,0.0,0.0,0.0,0.0,0.0,0.0,0.0,0.0,0,0.0,0.0,0,0.0,0.0,0,0,0,0.0,0,0.0
benign_openssl_enc_50x64k_1,10563,0,,openssl_enc,24,0.0292,24,17.0,0.0,0.0,1.0,0.7083,0.0,0.0,0.125,16,0.9412,7.12,1,0.0,0.0,0,1,1,1.0,65616,3859.76
benign_openssl_enc_50x64k_1,10564,0,,openssl_enc,24,0.0267,24,17.0,0.0,0.0,1.0,0.7083,0.0,0.0,0.125,15,0.8824,7.087,1,0.0,0.0,0,1,1,1.0,65616,3859.76
benign_openssl_enc_50x64k_1,10565,0,,openssl_enc,24,0.0235,24,17.0,0.0,0.0,1.0,0.7083,0.0,0.0,0.125,16,0.9412,7.0925,1,0.0,0.0,0,1,1,1.0,65616,3859.76
benign_openssl_enc_50x64k_1,10566,0,,openssl_enc,24,0.0232,24,17.0,0.0,0.0,1.0,0.7083,0.0,0.0,0.125,16,0.9412,7.1224,1,0.0,0.0,0,1,1,1.0,65616,3859.76
benign_openssl_enc_50x64k_1,10567,0,,openssl_enc,24,0.0251,24,17.0,0.0,0.0,1.0,0.7083,0.0,0.0,0.125,16,0.9412,7.1046,1,0.0,0.0,0,1,1,1.0,65616,3859.76
benign_openssl_enc_50x64k_1,10568,0,,openssl_enc,24,0.0294,24,17.0,0.0,0.0,1.0,0.7083,0.0,0.0,0.125,16,0.9412,7.0909,1,0.0,0.0,0,1,1,1.0,65616,3859.76
benign_openssl_enc_50x64k_1,10569,0,,openssl_enc,24,0.0315,24,17.0,0.0,0.0,1.0,0.7083,0.0,0.0,0.125,16,0.9412,7.1127,1,0.0,0.0,0,1,1,1.0,65616,3859.76
benign_openssl_enc_50x64k_1,10570,0,,openssl_enc,24,0.0297,24,17.0,0.0,0.0,1.0,0.7083,0.0,0.0,0.125,16,0.9412,7.1041,1,0.0,0.0,0,1,1,1.0,65616,3859.76
benign_openssl_enc_50x64k_1,10571,0,,openssl_enc,24,0.0319,24,17.0,0.0,0.0,1.0,0.7083,0.0,0.0,0.125,16,0.9412,7.1012,1,0.0,0.0,0,1,1,1.0,65616,3859.76
benign_openssl_enc_50x64k_1,10572,0,,openssl_enc,24,0.026,24,17.0,0.0,0.0,1.0,0.7083,0.0,0.0,0.125,16,0.9412,7.1135,1,0.0,0.0,0,1,1,1.0,65616,3859.76
benign_openssl_enc_50x64k_1,10573,0,,openssl_enc,24,0.0268,24,17.0,0.0,0.0,1.0,0.7083,0.0,0.0,0.125,16,0.9412,7.0961,1,0.0,0.0,0,1,1,1.0,65616,3859.76
benign_openssl_enc_50x64k_1,10574,0,,openssl_enc,24,0.0288,24,17.0,0.0,0.0,1.0,0.7083,0.0,0.0,0.125,16,0.9412,7.1169,1,0.0,0.0,0,1,1,1.0,65616,3859.76
benign_openssl_enc_50x64k_1,10575,0,,openssl_enc,24,0.0288,24,17.0,0.0,0.0,1.0,0.7083,0.0,0.0,0.125,16,0.9412,7.0977,1,0.0,0.0,0,1,1,1.0,65616,3859.76
benign_openssl_enc_50x64k_1,10576,0,,openssl_enc,24,0.0295,24,17.0,0.0,0.0,1.0,0.7083,0.0,0.0,0.125,16,0.9412,7.0954,1,0.0,0.0,0,1,1,1.0,65616,3859.76
benign_openssl_enc_50x64k_1,10577,0,,openssl_enc,24,0.0258,24,17.0,0.0,0.0,1.0,0.7083,0.0,0.0,0.125,16,0.9412,7.1039,1,0.0,0.0,0,1,1,1.0,65616,3859.76
benign_openssl_enc_50x64k_1,10578,0,,openssl_enc,24,0.0248,24,17.0,0.0,0.0,1.0,0.7083,0.0,0.0,0.125,16,0.9412,7.1056,1,0.0,0.0,0,1,1,1.0,65616,3859.76
benign_openssl_enc_50x64k_1,10579,0,,openssl_enc,24,0.0235,24,17.0,0.0,0.0,1.0,0.7083,0.0,0.0,0.125,16,0.9412,7.0967,1,0.0,0.0,0,1,1,1.0,65616,3859.76
benign_openssl_enc_50x64k_1,10580,0,,openssl_enc,24,0.026,24,17.0,0.0,0.0,1.0,0.7083,0.0,0.0,0.125,16,0.9412,7.0975,1,0.0,0.0,0,1,1,1.0,65616,3859.76
benign_openssl_enc_50x64k_1,10581,0,,openssl_enc,24,0.0195,24,17.0,0.0,0.0,1.0,0.7083,0.0,0.0,0.125,16,0.9412,7.1232,1,0.0,0.0,0,1,1,1.0,65616,3859.76
benign_openssl_enc_50x64k_1,10582,0,,openssl_enc,24,0.0214,24,17.0,0.0,0.0,1.0,0.7083,0.0,0.0,0.125,16,0.9412,7.0762,1,0.0,0.0,0,1,1,1.0,65616,3859.76
benign_openssl_enc_50x64k_1,10583,0,,openssl_enc,24,0.0288,24,17.0,0.0,0.0,1.0,0.7083,0.0,0.0,0.125,16,0.9412,7.1032,1,0.0,0.0,0,1,1,1.0,65616,3859.76
benign_openssl_enc_50x64k_1,10584,0,,openssl_enc,24,0.0233,24,17.0,0.0,0.0,1.0,0.7083,0.0,0.0,0.125,16,0.9412,7.1111,1,0.0,0.0,0,1,1,1.0,65616,3859.76
benign_openssl_enc_50x64k_1,10585,0,,openssl_enc,24,0.02,24,17.0,0.0,0.0,1.0,0.7083,0.0,0.0,0.125,16,0.9412,7.0868,1,0.0,0.0,0,1,1,1.0,65616,3859.76
benign_openssl_enc_50x64k_1,10586,0,,openssl_enc,24,0.0305,24,17.0,0.0,0.0,1.0,0.7083,0.0,0.0,0.125,16,0.9412,7.0977,1,0.0,0.0,0,1,1,1.0,65616,3859.76
benign_openssl_enc_50x64k_1,10587,0,,openssl_enc,24,0.0249,24,17.0,0.0,0.0,1.0,0.7083,0.0,0.0,0.125,16,0.9412,7.1127,1,0.0,0.0,0,1,1,1.0,65616,3859.76
benign_openssl_enc_50x64k_1,10588,0,,openssl_enc,24,0.0275,24,17.0,0.0,0.0,1.0,0.7083,0.0,0.0,0.125,16,0.9412,7.0936,1,0.0,0.0,0,1,1,1.0,65616,3859.76
benign_openssl_enc_50x64k_1,10589,0,,openssl_enc,28,0.0234,28,17.0,0.0,0.0,1.0,0.6071,0.0,0.0,0.1071,16,0.9412,7.0979,1,0.0,0.0,0,1,1,1.0,65616,3859.76
benign_openssl_enc_50x64k_1,10590,0,,openssl_enc,25,0.0235,25,17.0,0.0,0.0,1.0,0.68,0.0,0.0,0.12,16,0.9412,7.0918,1,0.0,0.0,0,1,1,1.0,65616,3859.76
benign_openssl_enc_50x64k_1,10591,0,,openssl_enc,25,0.0276,25,17.0,0.0,0.0,1.0,0.68,0.0,0.0,0.12,16,0.9412,7.114,1,0.0,0.0,0,1,1,1.0,65616,3859.76
benign_openssl_enc_50x64k_1,10592,0,,openssl_enc,25,0.0273,25,17.0,0.0,0.0,1.0,0.68,0.0,0.0,0.12,16,0.9412,7.1082,1,0.0,0.0,0,1,1,1.0,65616,3859.76
benign_openssl_enc_50x64k_1,10593,0,,openssl_enc,25,0.0313,25,17.0,0.0,0.0,1.0,0.68,0.0,0.0,0.12,16,0.9412,7.1178,1,0.0,0.0,0,1,1,1.0,65616,3859.76
benign_openssl_enc_50x64k_1,10594,0,,openssl_enc,25,0.0274,25,17.0,0.0,0.0,1.0,0.68,0.0,0.0,0.12,16,0.9412,7.0766,1,0.0,0.0,0,1,1,1.0,65616,3859.76
benign_openssl_enc_50x64k_1,10595,0,,openssl_enc,25,0.0215,25,17.0,0.0,0.0,1.0,0.68,0.0,0.0,0.12,16,0.9412,7.0933,1,0.0,0.0,0,1,1,1.0,65616,3859.76
benign_openssl_enc_50x64k_1,10596,0,,openssl_enc,25,0.0233,25,17.0,0.0,0.0,1.0,0.68,0.0,0.0,0.12,16,0.9412,7.0913,1,0.0,0.0,0,1,1,1.0,65616,3859.76
benign_openssl_enc_50x64k_1,10597,0,,openssl_enc,25,0.0238,25,17.0,0.0,0.0,1.0,0.68,0.0,0.0,0.12,16,0.9412,7.1083,1,0.0,0.0,0,1,1,1.0,65616,3859.76
benign_openssl_enc_50x64k_1,10598,0,,openssl_enc,25,0.0279,25,17.0,0.0,0.0,1.0,0.68,0.0,0.0,0.12,16,0.9412,7.1057,1,0.0,0.0,0,1,1,1.0,65616,3859.76
benign_openssl_enc_50x64k_1,10599,0,,openssl_enc,25,0.0268,25,17.0,0.0,0.0,1.0,0.68,0.0,0.0,0.12,16,0.9412,7.1124,1,0.0,0.0,0,1,1,1.0,65616,3859.76
benign_openssl_enc_50x64k_1,10600,0,,openssl_enc,25,0.0223,25,17.0,0.0,0.0,1.0,0.68,0.0,0.0,0.12,16,0.9412,7.0951,1,0.0,0.0,0,1,1,1.0,65616,3859.76
benign_openssl_enc_50x64k_1,10601,0,,openssl_enc,25,0.0271,25,17.0,0.0,0.0,1.0,0.68,0.0,0.0,0.12,16,0.9412,7.1108,1,0.0,0.0,0,1,1,1.0,65616,3859.76
benign_openssl_enc_50x64k_1,10602,0,,openssl_enc,25,0.028,25,17.0,0.0,0.0,1.0,0.68,0.0,0.0,0.12,16,0.9412,7.0939,1,0.0,0.0,0,1,1,1.0,65616,3859.76
benign_openssl_enc_50x64k_1,10603,0,,openssl_enc,25,0.0297,25,17.0,0.0,0.0,1.0,0.68,0.0,0.0,0.12,16,0.9412,7.1083,1,0.0,0.0,0,1,1,1.0,65616,3859.76
benign_openssl_enc_50x64k_1,10604,0,,openssl_enc,25,0.0286,25,17.0,0.0,0.0,1.0,0.68,0.0,0.0,0.12,16,0.9412,7.094,1,0.0,0.0,0,1,1,1.0,65616,3859.76
benign_openssl_enc_50x64k_1,10605,0,,openssl_enc,25,0.0239,25,17.0,0.0,0.0,1.0,0.68,0.0,0.0,0.12,16,0.9412,7.0971,1,0.0,0.0,0,1,1,1.0,65616,3859.76
benign_openssl_enc_50x64k_1,10606,0,,openssl_enc,25,0.0246,25,17.0,0.0,0.0,1.0,0.68,0.0,0.0,0.12,16,0.9412,7.1187,1,0.0,0.0,0,1,1,1.0,65616,3859.76
benign_openssl_enc_50x64k_1,10607,0,,openssl_enc,25,0.0248,25,17.0,0.0,0.0,1.0,0.68,0.0,0.0,0.12,16,0.9412,7.1012,1,0.0,0.0,0,1,1,1.0,65616,3859.76
benign_openssl_enc_50x64k_1,10608,0,,openssl_enc,25,0.0257,25,17.0,0.0,0.0,1.0,0.68,0.0,0.0,0.12,16,0.9412,7.1029,1,0.0,0.0,0,1,1,1.0,65616,3859.76
benign_openssl_enc_50x64k_1,10609,0,,openssl_enc,25,0.0206,25,17.0,0.0,0.0,1.0,0.68,0.0,0.0,0.12,16,0.9412,7.1078,1,0.0,0.0,0,1,1,1.0,65616,3859.76
benign_openssl_enc_50x64k_1,10610,0,,openssl_enc,25,0.0236,25,17.0,0.0,0.0,1.0,0.68,0.0,0.0,0.12,16,0.9412,7.1203,1,0.0,0.0,0,1,1,1.0,65616,3859.76
benign_openssl_enc_50x64k_1,10611,0,,openssl_enc,25,0.0294,25,17.0,0.0,0.0,1.0,0.68,0.0,0.0,0.12,16,0.9412,7.12,1,0.0,0.0,0,1,1,1.0,65616,3859.76
benign_openssl_enc_50x64k_1,10612,0,,openssl_enc,25,0.0292,25,17.0,0.0,0.0,1.0,0.68,0.0,0.0,0.12,16,0.9412,7.0881,1,0.0,0.0,0,1,1,1.0,65616,3859.76
benign_openssl_enc_50x64k_2,2976,0,,openssl_enc,26,0.0541,26,0.0,0.0,0.0,0.0,0.0,0.0,0.0,0.0,0,0.0,0.0,0,0.0,0.0,0,0,0,0.0,0,0.0
benign_openssl_enc_50x64k_2,6211,0,,openssl_enc,1808,0.9572,1808,1650.0,0.0,0.0,50.0,0.9126,0.0,0.0,0.0,0,0.0,3.9077,1,0.0,0.0,0,50,1,50.0,3279650,1987.67
benign_openssl_enc_50x64k_2,10633,0,,openssl_enc,4,0.0016,4,0.0,0.0,0.0,0.0,0.0,0.0,0.0,0.0,0,0.0,0.0,0,0.0,0.0,0,0,0,0.0,0,0.0
benign_openssl_enc_50x64k_2,10634,0,,openssl_enc,24,0.027,24,17.0,0.0,0.0,1.0,0.7083,0.0,0.0,0.125,16,0.9412,7.0993,1,0.0,0.0,0,1,1,1.0,65616,3859.76
benign_openssl_enc_50x64k_2,10635,0,,openssl_enc,24,0.0275,24,17.0,0.0,0.0,1.0,0.7083,0.0,0.0,0.125,16,0.9412,7.1076,1,0.0,0.0,0,1,1,1.0,65616,3859.76
benign_openssl_enc_50x64k_2,10636,0,,openssl_enc,24,0.0334,24,17.0,0.0,0.0,1.0,0.7083,0.0,0.0,0.125,16,0.9412,7.1022,1,0.0,0.0,0,1,1,1.0,65616,3859.76
benign_openssl_enc_50x64k_2,10637,0,,openssl_enc,24,0.035,24,17.0,0.0,0.0,1.0,0.7083,0.0,0.0,0.125,16,0.9412,7.1072,1,0.0,0.0,0,1,1,1.0,65616,3859.76
benign_openssl_enc_50x64k_2,10638,0,,openssl_enc,24,0.0326,24,17.0,0.0,0.0,1.0,0.7083,0.0,0.0,0.125,16,0.9412,7.1112,1,0.0,0.0,0,1,1,1.0,65616,3859.76
benign_openssl_enc_50x64k_2,10639,0,,openssl_enc,24,0.0259,24,17.0,0.0,0.0,1.0,0.7083,0.0,0.0,0.125,16,0.9412,7.0908,1,0.0,0.0,0,1,1,1.0,65616,3859.76
benign_openssl_enc_50x64k_2,10640,0,,openssl_enc,24,0.0281,24,17.0,0.0,0.0,1.0,0.7083,0.0,0.0,0.125,16,0.9412,7.115,1,0.0,0.0,0,1,1,1.0,65616,3859.76
benign_openssl_enc_50x64k_2,10641,0,,openssl_enc,24,0.0268,24,17.0,0.0,0.0,1.0,0.7083,0.0,0.0,0.125,16,0.9412,7.1106,1,0.0,0.0,0,1,1,1.0,65616,3859.76
benign_openssl_enc_50x64k_2,10642,0,,openssl_enc,24,0.0301,24,17.0,0.0,0.0,1.0,0.7083,0.0,0.0,0.125,16,0.9412,7.0904,1,0.0,0.0,0,1,1,1.0,65616,3859.76
benign_openssl_enc_50x64k_2,10643,0,,openssl_enc,24,0.0241,24,17.0,0.0,0.0,1.0,0.7083,0.0,0.0,0.125,16,0.9412,7.1112,1,0.0,0.0,0,1,1,1.0,65616,3859.76
benign_openssl_enc_50x64k_2,10644,0,,openssl_enc,24,0.0315,24,17.0,0.0,0.0,1.0,0.7083,0.0,0.0,0.125,16,0.9412,7.092,1,0.0,0.0,0,1,1,1.0,65616,3859.76
benign_openssl_enc_50x64k_2,10645,0,,openssl_enc,24,0.0258,24,17.0,0.0,0.0,1.0,0.7083,0.0,0.0,0.125,16,0.9412,7.0997,1,0.0,0.0,0,1,1,1.0,65616,3859.76
benign_openssl_enc_50x64k_2,10646,0,,openssl_enc,24,0.0265,24,17.0,0.0,0.0,1.0,0.7083,0.0,0.0,0.125,16,0.9412,7.1283,1,0.0,0.0,0,1,1,1.0,65616,3859.76
benign_openssl_enc_50x64k_2,10647,0,,openssl_enc,24,0.0323,24,17.0,0.0,0.0,1.0,0.7083,0.0,0.0,0.125,16,0.9412,7.1085,1,0.0,0.0,0,1,1,1.0,65616,3859.76
benign_openssl_enc_50x64k_2,10648,0,,openssl_enc,24,0.0272,24,17.0,0.0,0.0,1.0,0.7083,0.0,0.0,0.125,16,0.9412,7.1124,1,0.0,0.0,0,1,1,1.0,65616,3859.76
benign_openssl_enc_50x64k_2,10649,0,,openssl_enc,24,0.0257,24,17.0,0.0,0.0,1.0,0.7083,0.0,0.0,0.125,16,0.9412,7.1217,1,0.0,0.0,0,1,1,1.0,65616,3859.76
benign_openssl_enc_50x64k_2,10650,0,,openssl_enc,24,0.0266,24,17.0,0.0,0.0,1.0,0.7083,0.0,0.0,0.125,16,0.9412,7.1143,1,0.0,0.0,0,1,1,1.0,65616,3859.76
benign_openssl_enc_50x64k_2,10651,0,,openssl_enc,24,0.027,24,17.0,0.0,0.0,1.0,0.7083,0.0,0.0,0.125,16,0.9412,7.0923,1,0.0,0.0,0,1,1,1.0,65616,3859.76
benign_openssl_enc_50x64k_2,10652,0,,openssl_enc,24,0.0266,24,17.0,0.0,0.0,1.0,0.7083,0.0,0.0,0.125,16,0.9412,7.1121,1,0.0,0.0,0,1,1,1.0,65616,3859.76
benign_openssl_enc_50x64k_2,10653,0,,openssl_enc,24,0.0293,24,17.0,0.0,0.0,1.0,0.7083,0.0,0.0,0.125,16,0.9412,7.1217,1,0.0,0.0,0,1,1,1.0,65616,3859.76
benign_openssl_enc_50x64k_2,10654,0,,openssl_enc,24,0.0214,24,17.0,0.0,0.0,1.0,0.7083,0.0,0.0,0.125,16,0.9412,7.1121,1,0.0,0.0,0,1,1,1.0,65616,3859.76
benign_openssl_enc_50x64k_2,10655,0,,openssl_enc,24,0.0248,24,17.0,0.0,0.0,1.0,0.7083,0.0,0.0,0.125,16,0.9412,7.1277,1,0.0,0.0,0,1,1,1.0,65616,3859.76
benign_openssl_enc_50x64k_2,10656,0,,openssl_enc,24,0.0295,24,17.0,0.0,0.0,1.0,0.7083,0.0,0.0,0.125,16,0.9412,7.1014,1,0.0,0.0,0,1,1,1.0,65616,3859.76
benign_openssl_enc_50x64k_2,10657,0,,openssl_enc,24,0.0239,24,17.0,0.0,0.0,1.0,0.7083,0.0,0.0,0.125,16,0.9412,7.0745,1,0.0,0.0,0,1,1,1.0,65616,3859.76
benign_openssl_enc_50x64k_2,10658,0,,openssl_enc,24,0.0224,24,17.0,0.0,0.0,1.0,0.7083,0.0,0.0,0.125,16,0.9412,7.1167,1,0.0,0.0,0,1,1,1.0,65616,3859.76
benign_openssl_enc_50x64k_2,10659,0,,openssl_enc,28,0.0311,28,17.0,0.0,0.0,1.0,0.6071,0.0,0.0,0.1071,16,0.9412,7.0994,1,0.0,0.0,0,1,1,1.0,65616,3859.76
benign_openssl_enc_50x64k_2,10660,0,,openssl_enc,25,0.0231,25,17.0,0.0,0.0,1.0,0.68,0.0,0.0,0.12,16,0.9412,7.1093,1,0.0,0.0,0,1,1,1.0,65616,3859.76
benign_openssl_enc_50x64k_2,10661,0,,openssl_enc,25,0.0276,25,17.0,0.0,0.0,1.0,0.68,0.0,0.0,0.12,16,0.9412,7.107,1,0.0,0.0,0,1,1,1.0,65616,3859.76
benign_openssl_enc_50x64k_2,10662,0,,openssl_enc,25,0.0297,25,17.0,0.0,0.0,1.0,0.68,0.0,0.0,0.12,16,0.9412,7.1094,1,0.0,0.0,0,1,1,1.0,65616,3859.76
benign_openssl_enc_50x64k_2,10663,0,,openssl_enc,25,0.0259,25,17.0,0.0,0.0,1.0,0.68,0.0,0.0,0.12,16,0.9412,7.1061,1,0.0,0.0,0,1,1,1.0,65616,3859.76
benign_openssl_enc_50x64k_2,10664,0,,openssl_enc,25,0.0212,25,17.0,0.0,0.0,1.0,0.68,0.0,0.0,0.12,16,0.9412,7.1011,1,0.0,0.0,0,1,1,1.0,65616,3859.76
benign_openssl_enc_50x64k_2,10665,0,,openssl_enc,25,0.026,25,17.0,0.0,0.0,1.0,0.68,0.0,0.0,0.12,16,0.9412,7.1135,1,0.0,0.0,0,1,1,1.0,65616,3859.76
benign_openssl_enc_50x64k_2,10666,0,,openssl_enc,25,0.0265,25,17.0,0.0,0.0,1.0,0.68,0.0,0.0,0.12,16,0.9412,7.1065,1,0.0,0.0,0,1,1,1.0,65616,3859.76
benign_openssl_enc_50x64k_2,10667,0,,openssl_enc,25,0.0297,25,17.0,0.0,0.0,1.0,0.68,0.0,0.0,0.12,16,0.9412,7.1025,1,0.0,0.0,0,1,1,1.0,65616,3859.76
benign_openssl_enc_50x64k_2,10668,0,,openssl_enc,25,0.0289,25,17.0,0.0,0.0,1.0,0.68,0.0,0.0,0.12,16,0.9412,7.118,1,0.0,0.0,0,1,1,1.0,65616,3859.76
benign_openssl_enc_50x64k_2,10669,0,,openssl_enc,25,0.0333,25,17.0,0.0,0.0,1.0,0.68,0.0,0.0,0.12,16,0.9412,7.0891,1,0.0,0.0,0,1,1,1.0,65616,3859.76
benign_openssl_enc_50x64k_2,10670,0,,openssl_enc,25,0.0337,25,17.0,0.0,0.0,1.0,0.68,0.0,0.0,0.12,16,0.9412,7.1216,1,0.0,0.0,0,1,1,1.0,65616,3859.76
benign_openssl_enc_50x64k_2,10671,0,,openssl_enc,25,0.0228,25,17.0,0.0,0.0,1.0,0.68,0.0,0.0,0.12,16,0.9412,7.1212,1,0.0,0.0,0,1,1,1.0,65616,3859.76
benign_openssl_enc_50x64k_2,10672,0,,openssl_enc,25,0.0232,25,17.0,0.0,0.0,1.0,0.68,0.0,0.0,0.12,16,0.9412,7.1017,1,0.0,0.0,0,1,1,1.0,65616,3859.76
benign_openssl_enc_50x64k_2,10673,0,,openssl_enc,25,0.0236,25,17.0,0.0,0.0,1.0,0.68,0.0,0.0,0.12,16,0.9412,7.1269,1,0.0,0.0,0,1,1,1.0,65616,3859.76
benign_openssl_enc_50x64k_2,10674,0,,openssl_enc,25,0.0243,25,17.0,0.0,0.0,1.0,0.68,0.0,0.0,0.12,15,0.8824,7.0775,1,0.0,0.0,0,1,1,1.0,65616,3859.76
benign_openssl_enc_50x64k_2,10675,0,,openssl_enc,25,0.0492,25,17.0,0.0,0.0,1.0,0.68,0.0,0.0,0.12,16,0.9412,7.1181,1,0.0,0.0,0,1,1,1.0,65616,3859.76
benign_openssl_enc_50x64k_2,10676,0,,openssl_enc,25,0.0405,25,17.0,0.0,0.0,1.0,0.68,0.0,0.0,0.12,16,0.9412,7.1183,1,0.0,0.0,0,1,1,1.0,65616,3859.76
benign_openssl_enc_50x64k_2,10677,0,,openssl_enc,25,0.041,25,17.0,0.0,0.0,1.0,0.68,0.0,0.0,0.12,16,0.9412,7.1345,1,0.0,0.0,0,1,1,1.0,65616,3859.76
benign_openssl_enc_50x64k_2,10678,0,,openssl_enc,25,0.0511,25,17.0,0.0,0.0,1.0,0.68,0.0,0.0,0.12,16,0.9412,7.1257,1,0.0,0.0,0,1,1,1.0,65616,3859.76
benign_openssl_enc_50x64k_2,10679,0,,openssl_enc,25,0.0493,25,17.0,0.0,0.0,1.0,0.68,0.0,0.0,0.12,16,0.9412,7.0925,1,0.0,0.0,0,1,1,1.0,65616,3859.76
benign_openssl_enc_50x64k_2,10680,0,,openssl_enc,25,0.032,25,17.0,0.0,0.0,1.0,0.68,0.0,0.0,0.12,16,0.9412,7.094,1,0.0,0.0,0,1,1,1.0,65616,3859.76
benign_openssl_enc_50x64k_2,10681,0,,openssl_enc,28,0.032,28,17.0,0.0,0.0,1.0,0.6071,0.0,0.0,0.1071,16,0.9412,7.1139,1,0.0,0.0,0,1,1,1.0,65616,3859.76
benign_openssl_enc_50x64k_2,10682,0,,openssl_enc,25,0.0281,25,17.0,0.0,0.0,1.0,0.68,0.0,0.0,0.12,16,0.9412,7.0893,1,0.0,0.0,0,1,1,1.0,65616,3859.76
benign_openssl_enc_50x64k_2,10683,0,,openssl_enc,25,0.0301,25,17.0,0.0,0.0,1.0,0.68,0.0,0.0,0.12,16,0.9412,7.1057,1,0.0,0.0,0,1,1,1.0,65616,3859.76
benign_random_write_10x4k_1,2976,0,,random_write,26,0.0666,26,0.0,0.0,0.0,0.0,0.0,0.0,0.0,0.0,0,0.0,0.0,0,0.0,0.0,0,0,0,0.0,0,0.0
benign_random_write_10x4k_1,6211,0,,random_write,7,0.0063,7,0.0,0.0,0.0,0.0,0.0,0.0,0.0,0.0,0,0.0,0.0,0,0.0,0.0,0,0,0,0.0,0,0.0
benign_random_write_10x4k_1,8548,0,,random_write,33,0.0401,33,10.0,0.0,0.0,10.0,0.303,0.0,0.0,0.0,10,1.0,7.1771,1,0.0,0.0,0,10,1,10.0,40960,4096.0
benign_random_write_10x4k_2,2976,0,,random_write,26,0.1056,26,0.0,0.0,0.0,0.0,0.0,0.0,0.0,0.0,0,0.0,0.0,0,0.0,0.0,0,0,0,0.0,0,0.0
benign_random_write_10x4k_2,6211,0,,random_write,7,0.0204,7,0.0,0.0,0.0,0.0,0.0,0.0,0.0,0.0,0,0.0,0.0,0,0.0,0.0,0,0,0,0.0,0,0.0
benign_random_write_10x4k_2,8568,0,,random_write,33,0.1032,33,10.0,0.0,0.0,10.0,0.303,0.0,0.0,0.0,10,1.0,7.1782,1,0.0,0.0,0,10,1,10.0,40960,4096.0
benign_random_write_10x64k_1,2976,0,,random_write,26,0.0729,26,0.0,0.0,0.0,0.0,0.0,0.0,0.0,0.0,0,0.0,0.0,0,0.0,0.0,0,0,0,0.0,0,0.0
benign_random_write_10x64k_1,6211,0,,random_write,7,0.0071,7,0.0,0.0,0.0,0.0,0.0,0.0,0.0,0.0,0,0.0,0.0,0,0.0,0.0,0,0,0,0.0,0,0.0
benign_random_write_10x64k_1,8588,0,,random_write,33,0.0652,33,10.0,0.0,0.0,10.0,0.303,0.0,0.0,0.0,10,1.0,7.1675,1,0.0,0.0,0,10,1,10.0,655360,65536.0
benign_random_write_10x64k_2,2976,0,,random_write,26,0.0985,26,0.0,0.0,0.0,0.0,0.0,0.0,0.0,0.0,0,0.0,0.0,0,0.0,0.0,0,0,0,0.0,0,0.0
benign_random_write_10x64k_2,6211,0,,random_write,7,0.0093,7,0.0,0.0,0.0,0.0,0.0,0.0,0.0,0.0,0,0.0,0.0,0,0.0,0.0,0,0,0,0.0,0,0.0
benign_random_write_10x64k_2,8608,0,,random_write,33,0.0427,33,10.0,0.0,0.0,10.0,0.303,0.0,0.0,0.0,10,1.0,7.1895,1,0.0,0.0,0,10,1,10.0,655360,65536.0
benign_random_write_50x4k_1,2976,0,,random_write,26,0.151,26,0.0,0.0,0.0,0.0,0.0,0.0,0.0,0.0,0,0.0,0.0,0,0.0,0.0,0,0,0,0.0,0,0.0
benign_random_write_50x4k_1,6211,0,,random_write,7,0.0131,7,0.0,0.0,0.0,0.0,0.0,0.0,0.0,0.0,0,0.0,0.0,0,0.0,0.0,0,0,0,0.0,0,0.0
benign_random_write_50x4k_1,8629,0,,random_write,153,0.157,153,50.0,0.0,0.0,50.0,0.3268,0.0,0.0,0.0,50,1.0,7.1687,1,0.0,0.0,0,50,1,50.0,204800,4096.0
benign_random_write_50x4k_2,2976,0,,random_write,26,0.0497,26,0.0,0.0,0.0,0.0,0.0,0.0,0.0,0.0,0,0.0,0.0,0,0.0,0.0,0,0,0,0.0,0,0.0
benign_random_write_50x4k_2,6211,0,,random_write,7,0.0095,7,0.0,0.0,0.0,0.0,0.0,0.0,0.0,0.0,0,0.0,0.0,0,0.0,0.0,0,0,0,0.0,0,0.0
benign_random_write_50x4k_2,8652,0,,random_write,153,0.2894,153,50.0,0.0,0.0,50.0,0.3268,0.0,0.0,0.0,50,1.0,7.182,1,0.0,0.0,0,50,1,50.0,204800,4096.0
benign_random_write_50x64k_1,2976,0,,random_write,26,0.0456,26,0.0,0.0,0.0,0.0,0.0,0.0,0.0,0.0,0,0.0,0.0,0,0.0,0.0,0,0,0,0.0,0,0.0
benign_random_write_50x64k_1,6211,0,,random_write,7,0.0091,7,0.0,0.0,0.0,0.0,0.0,0.0,0.0,0.0,0,0.0,0.0,0,0.0,0.0,0,0,0,0.0,0,0.0
benign_random_write_50x64k_1,8672,0,,random_write,153,0.1725,153,50.0,0.0,0.0,50.0,0.3268,0.0,0.0,0.0,50,1.0,7.1772,1,0.0,0.0,0,50,1,50.0,3276800,65536.0
benign_random_write_50x64k_2,2976,0,,random_write,26,0.136,26,0.0,0.0,0.0,0.0,0.0,0.0,0.0,0.0,0,0.0,0.0,0,0.0,0.0,0,0,0,0.0,0,0.0
benign_random_write_50x64k_2,6211,0,,random_write,7,0.0147,7,0.0,0.0,0.0,0.0,0.0,0.0,0.0,0.0,0,0.0,0.0,0,0.0,0.0,0,0,0,0.0,0,0.0
benign_random_write_50x64k_2,8692,0,,random_write,153,0.1724,153,50.0,0.0,0.0,50.0,0.3268,0.0,0.0,0.0,50,1.0,7.1745,1,0.0,0.0,0,50,1,50.0,3276800,65536.0
benign_read_all_10x4k_1,2976,0,,read_all,26,0.0781,26,0.0,0.0,0.0,0.0,0.0,0.0,0.0,0.0,0,0.0,0.0,0,0.0,0.0,0,0,0,0.0,0,0.0
benign_read_all_10x4k_1,6211,0,,read_all,67,0.0522,67,30.0,0.0,0.0,10.0,0.4478,0.0,0.0,0.0,0,0.0,3.2477,1,0.0,0.0,0,10,1,10.0,41830,1394.33
benign_read_all_10x4k_1,7504,0,,read_all,4,0.0058,4,0.0,0.0,0.0,0.0,0.0,0.0,0.0,0.0,0,0.0,0.0,0,0.0,0.0,0,0,0,0.0,0,0.0
benign_read_all_10x4k_1,7505,0,,read_all,30,0.0251,30,0.0,0.0,0.0,0.0,0.0,0.0,0.0,0.3333,0,0.0,0.0,0,0.0,0.0,0,0,0,0.0,0,0.0
benign_read_all_10x4k_2,6211,0,,read_all,68,0.0933,68,30.0,0.0,0.0,10.0,0.4412,0.0,0.0,0.0,0,0.0,3.2477,1,0.0,0.0,0,10,1,10.0,41830,1394.33
benign_read_all_10x4k_2,2976,0,,read_all,26,0.1068,26,0.0,0.0,0.0,0.0,0.0,0.0,0.0,0.0,0,0.0,0.0,0,0.0,0.0,0,0,0,0.0,0,0.0
benign_read_all_10x4k_2,7526,0,,read_all,4,0.002,4,0.0,0.0,0.0,0.0,0.0,0.0,0.0,0.0,0,0.0,0.0,0,0.0,0.0,0,0,0,0.0,0,0.0
benign_read_all_10x4k_2,7527,0,,read_all,30,0.0201,30,0.0,0.0,0.0,0.0,0.0,0.0,0.0,0.3333,0,0.0,0.0,0,0.0,0.0,0,0,0,0.0,0,0.0
benign_read_all_10x64k_1,2976,0,,read_all,26,0.0841,26,0.0,0.0,0.0,0.0,0.0,0.0,0.0,0.0,0,0.0,0.0,0,0.0,0.0,0,0,0,0.0,0,0.0
benign_read_all_10x64k_1,6211,0,,read_all,367,0.2705,367,330.0,0.0,0.0,10.0,0.8992,0.0,0.0,0.0,0,0.0,3.9077,1,0.0,0.0,0,10,1,10.0,655930,1987.67
benign_read_all_10x64k_1,7548,0,,read_all,4,0.0067,4,0.0,0.0,0.0,0.0,0.0,0.0,0.0,0.0,0,0.0,0.0,0,0.0,0.0,0,0,0,0.0,0,0.0
benign_read_all_10x64k_1,7549,0,,read_all,30,0.0436,30,0.0,0.0,0.0,0.0,0.0,0.0,0.0,0.3333,0,0.0,0.0,0,0.0,0.0,0,0,0,0.0,0,0.0
benign_read_all_10x64k_2,2976,0,,read_all,26,0.0523,26,0.0,0.0,0.0,0.0,0.0,0.0,0.0,0.0,0,0.0,0.0,0,0.0,0.0,0,0,0,0.0,0,0.0
benign_read_all_10x64k_2,6211,0,,read_all,367,0.2678,367,330.0,0.0,0.0,10.0,0.8992,0.0,0.0,0.0,0,0.0,3.9077,1,0.0,0.0,0,10,1,10.0,655930,1987.67
benign_read_all_10x64k_2,7571,0,,read_all,4,0.0016,4,0.0,0.0,0.0,0.0,0.0,0.0,0.0,0.0,0,0.0,0.0,0,0.0,0.0,0,0,0,0.0,0,0.0
benign_read_all_10x64k_2,7572,0,,read_all,30,0.0217,30,0.0,0.0,0.0,0.0,0.0,0.0,0.0,0.3333,0,0.0,0.0,0,0.0,0.0,0,0,0,0.0,0,0.0
benign_read_all_50x4k_1,2976,0,,read_all,26,0.1286,26,0.0,0.0,0.0,0.0,0.0,0.0,0.0,0.0,0,0.0,0.0,0,0.0,0.0,0,0,0,0.0,0,0.0
benign_read_all_50x4k_1,6211,0,,read_all,307,0.2727,307,150.0,0.0,0.0,50.0,0.4886,0.0,0.0,0.0,0,0.0,3.2477,1,0.0,0.0,0,50,1,50.0,209150,1394.33
benign_read_all_50x4k_1,7593,0,,read_all,4,0.0015,4,0.0,0.0,0.0,0.0,0.0,0.0,0.0,0.0,0,0.0,0.0,0,0.0,0.0,0,0,0,0.0,0,0.0
benign_read_all_50x4k_1,7594,0,,read_all,150,0.1137,150,0.0,0.0,0.0,0.0,0.0,0.0,0.0,0.3333,0,0.0,0.0,0,0.0,0.0,0,0,0,0.0,0,0.0
benign_read_all_50x4k_2,2976,0,,read_all,26,0.1525,26,0.0,0.0,0.0,0.0,0.0,0.0,0.0,0.0,0,0.0,0.0,0,0.0,0.0,0,0,0,0.0,0,0.0
benign_read_all_50x4k_2,6211,0,,read_all,307,0.325,307,150.0,0.0,0.0,50.0,0.4886,0.0,0.0,0.0,0,0.0,3.2477,1,0.0,0.0,0,50,1,50.0,209150,1394.33
benign_read_all_50x4k_2,7615,0,,read_all,4,0.0018,4,0.0,0.0,0.0,0.0,0.0,0.0,0.0,0.0,0,0.0,0.0,0,0.0,0.0,0,0,0,0.0,0,0.0
benign_read_all_50x4k_2,7616,0,,read_all,150,0.1033,150,0.0,0.0,0.0,0.0,0.0,0.0,0.0,0.3333,0,0.0,0.0,0,0.0,0.0,0,0,0,0.0,0,0.0
benign_read_all_50x64k_1,2976,0,,read_all,26,0.0605,26,0.0,0.0,0.0,0.0,0.0,0.0,0.0,0.0,0,0.0,0.0,0,0.0,0.0,0,0,0,0.0,0,0.0
benign_read_all_50x64k_1,6211,0,,read_all,1808,0.9844,1808,1650.0,0.0,0.0,50.0,0.9126,0.0,0.0,0.0,0,0.0,3.9077,1,0.0,0.0,0,50,1,50.0,3279650,1987.67
benign_read_all_50x64k_1,7637,0,,read_all,4,0.0021,4,0.0,0.0,0.0,0.0,0.0,0.0,0.0,0.0,0,0.0,0.0,0,0.0,0.0,0,0,0,0.0,0,0.0
benign_read_all_50x64k_1,7638,0,,read_all,150,0.103,150,0.0,0.0,0.0,0.0,0.0,0.0,0.0,0.3333,0,0.0,0.0,0,0.0,0.0,0,0,0,0.0,0,0.0
benign_read_all_50x64k_2,2976,0,,read_all,26,0.054,26,0.0,0.0,0.0,0.0,0.0,0.0,0.0,0.0,0,0.0,0.0,0,0.0,0.0,0,0,0,0.0,0,0.0
benign_read_all_50x64k_2,6211,0,,read_all,1810,1.3925,1810,1184.9568,0.0,0.0,35.9078,0.9116,0.0,0.0,0.0,0,0.0,3.9077,1,0.0,0.0,0,50,1,50.0,3279650,1987.67
benign_read_all_50x64k_2,7659,0,,read_all,4,0.0021,4,0.0,0.0,0.0,0.0,0.0,0.0,0.0,0.0,0,0.0,0.0,0,0.0,0.0,0,0,0,0.0,0,0.0
benign_read_all_50x64k_2,7660,0,,read_all,150,0.1261,150,0.0,0.0,0.0,0.0,0.0,0.0,0.0,0.3333,0,0.0,0.0,0,0.0,0.0,0,0,0,0.0,0,0.0
benign_rename_ext_10x4k_1,2976,0,,rename_ext,26,0.0983,26,0.0,0.0,0.0,0.0,0.0,0.0,0.0,0.0,0,0.0,0.0,0,0.0,0.0,0,0,0,0.0,0,0.0
benign_rename_ext_10x4k_1,6211,0,,rename_ext,67,0.0743,67,30.0,0.0,0.0,10.0,0.4478,0.0,0.0,0.0,0,0.0,3.2477,1,0.0,0.0,0,10,1,10.0,41830,1394.33
benign_rename_ext_10x4k_1,6920,0,,rename_ext,4,0.0015,4,0.0,0.0,0.0,0.0,0.0,0.0,0.0,0.0,0,0.0,0.0,0,0.0,0.0,0,0,0,0.0,0,0.0
benign_rename_ext_10x4k_2,2976,0,,rename_ext,26,0.0888,26,0.0,0.0,0.0,0.0,0.0,0.0,0.0,0.0,0,0.0,0.0,0,0.0,0.0,0,0,0,0.0,0,0.0
benign_rename_ext_10x4k_2,6211,0,,rename_ext,67,0.0618,67,30.0,0.0,0.0,10.0,0.4478,0.0,0.0,0.0,0,0.0,3.2477,1,0.0,0.0,0,10,1,10.0,41830,1394.33
benign_rename_ext_10x4k_2,6951,0,,rename_ext,4,0.0018,4,0.0,0.0,0.0,0.0,0.0,0.0,0.0,0.0,0,0.0,0.0,0,0.0,0.0,0,0,0,0.0,0,0.0
benign_rename_ext_10x64k_1,2976,0,,rename_ext,26,0.0581,26,0.0,0.0,0.0,0.0,0.0,0.0,0.0,0.0,0,0.0,0.0,0,0.0,0.0,0,0,0,0.0,0,0.0
benign_rename_ext_10x64k_1,6211,0,,rename_ext,367,0.2151,367,330.0,0.0,0.0,10.0,0.8992,0.0,0.0,0.0,0,0.0,3.9077,1,0.0,0.0,0,10,1,10.0,655930,1987.67
benign_rename_ext_10x64k_1,6983,0,,rename_ext,4,0.0019,4,0.0,0.0,0.0,0.0,0.0,0.0,0.0,0.0,0,0.0,0.0,0,0.0,0.0,0,0,0,0.0,0,0.0
benign_rename_ext_10x64k_2,2976,0,,rename_ext,26,0.0489,26,0.0,0.0,0.0,0.0,0.0,0.0,0.0,0.0,0,0.0,0.0,0,0.0,0.0,0,0,0,0.0,0,0.0
benign_rename_ext_10x64k_2,6211,0,,rename_ext,367,0.2154,367,330.0,0.0,0.0,10.0,0.8992,0.0,0.0,0.0,0,0.0,3.9077,1,0.0,0.0,0,10,1,10.0,655930,1987.67
benign_rename_ext_10x64k_2,7013,0,,rename_ext,4,0.0015,4,0.0,0.0,0.0,0.0,0.0,0.0,0.0,0.0,0,0.0,0.0,0,0.0,0.0,0,0,0,0.0,0,0.0
benign_rename_ext_50x4k_1,2976,0,,rename_ext,26,0.0837,26,0.0,0.0,0.0,0.0,0.0,0.0,0.0,0.0,0,0.0,0.0,0,0.0,0.0,0,0,0,0.0,0,0.0
benign_rename_ext_50x4k_1,6211,0,,rename_ext,307,0.2168,307,150.0,0.0,0.0,50.0,0.4886,0.0,0.0,0.0,0,0.0,3.2477,1,0.0,0.0,0,50,1,50.0,209150,1394.33
benign_rename_ext_50x4k_1,7043,0,,rename_ext,4,0.0035,4,0.0,0.0,0.0,0.0,0.0,0.0,0.0,0.0,0,0.0,0.0,0,0.0,0.0,0,0,0,0.0,0,0.0
benign_rename_ext_50x4k_2,2976,0,,rename_ext,26,0.0734,26,0.0,0.0,0.0,0.0,0.0,0.0,0.0,0.0,0,0.0,0.0,0,0.0,0.0,0,0,0,0.0,0,0.0
benign_rename_ext_50x4k_2,6211,0,,rename_ext,307,0.2328,307,150.0,0.0,0.0,50.0,0.4886,0.0,0.0,0.0,0,0.0,3.2477,1,0.0,0.0,0,50,1,50.0,209150,1394.33
benign_rename_ext_50x4k_2,7113,0,,rename_ext,4,0.0025,4,0.0,0.0,0.0,0.0,0.0,0.0,0.0,0.0,0,0.0,0.0,0,0.0,0.0,0,0,0,0.0,0,0.0
benign_rename_ext_50x64k_1,2976,0,,rename_ext,26,0.0784,26,0.0,0.0,0.0,0.0,0.0,0.0,0.0,0.0,0,0.0,0.0,0,0.0,0.0,0,0,0,0.0,0,0.0
benign_rename_ext_50x64k_1,6211,0,,rename_ext,1810,1.176,1810,1403.0729,0.0,0.0,42.5174,0.9116,0.0,0.0,0.0,0,0.0,3.9077,1,0.0,0.0,0,50,1,50.0,3279650,1987.67
benign_rename_ext_50x64k_1,7183,0,,rename_ext,4,0.0022,4,0.0,0.0,0.0,0.0,0.0,0.0,0.0,0.0,0,0.0,0.0,0,0.0,0.0,0,0,0,0.0,0,0.0
benign_rename_ext_50x64k_2,2976,0,,rename_ext,26,0.1297,26,0.0,0.0,0.0,0.0,0.0,0.0,0.0,0.0,0,0.0,0.0,0,0.0,0.0,0,0,0,0.0,0,0.0
benign_rename_ext_50x64k_2,6211,0,,rename_ext,1810,1.2087,1810,1365.1088,0.0,0.0,41.3669,0.9116,0.0,0.0,0.0,0,0.0,3.9077,1,0.0,0.0,0,50,1,50.0,3279650,1987.67
benign_rename_ext_50x64k_2,7255,0,,rename_ext,4,0.0019,4,0.0,0.0,0.0,0.0,0.0,0.0,0.0,0.0,0,0.0,0.0,0,0.0,0.0,0,0,0,0.0,0,0.0
benign_rsync_mirror_10x4k_1,2976,0,,rsync_mirror,26,0.04,26,0.0,0.0,0.0,0.0,0.0,0.0,0.0,0.0,0,0.0,0.0,0,0.0,0.0,0,0,0,0.0,0,0.0
benign_rsync_mirror_10x4k_1,6211,0,,rsync_mirror,67,0.0526,67,30.0,0.0,0.0,10.0,0.4478,0.0,0.0,0.0,0,0.0,3.2477,1,0.0,0.0,0,10,1,10.0,41830,1394.33
benign_rsync_mirror_10x4k_1,11208,0,,rsync_mirror,34,0.0163,34,0.0,0.0,0.0,0.0,0.0,0.0,0.0,0.2941,0,0.0,0.0,0,0.0,0.0,0,0,0,0.0,0,0.0
benign_rsync_mirror_10x4k_1,11209,0,,rsync_mirror,4,0.0638,4,0.0,0.0,0.0,0.0,0.0,0.0,0.0,0.0,0,0.0,0.0,0,0.0,0.0,0,1,1,1.0,0,0.0
benign_rsync_mirror_10x4k_1,11210,0,,rsync_mirror,70,0.0511,70,10.0,0.0,10.0,10.0,0.1429,0.0,0.1429,0.0,0,0.0,4.3701,1,0.0,1.0,1,10,1,10.0,41830,4183.0
benign_rsync_mirror_10x4k_2,2976,0,,rsync_mirror,26,0.0402,26,0.0,0.0,0.0,0.0,0.0,0.0,0.0,0.0,0,0.0,0.0,0,0.0,0.0,0,0,0,0.0,0,0.0
benign_rsync_mirror_10x4k_2,6211,0,,rsync_mirror,67,0.0582,67,30.0,0.0,0.0,10.0,0.4478,0.0,0.0,0.0,0,0.0,3.2477,1,0.0,0.0,0,10,1,10.0,41830,1394.33
benign_rsync_mirror_10x4k_2,11231,0,,rsync_mirror,34,0.0269,34,0.0,0.0,0.0,0.0,0.0,0.0,0.0,0.2941,0,0.0,0.0,0,0.0,0.0,0,0,0,0.0,0,0.0
benign_rsync_mirror_10x4k_2,11232,0,,rsync_mirror,4,0.0733,4,0.0,0.0,0.0,0.0,0.0,0.0,0.0,0.0,0,0.0,0.0,0,0.0,0.0,0,1,1,1.0,0,0.0
benign_rsync_mirror_10x4k_2,11233,0,,rsync_mirror,70,0.0498,70,10.0,0.0,10.0,10.0,0.1429,0.0,0.1429,0.0,0,0.0,4.3701,1,0.0,1.0,1,10,1,10.0,41830,4183.0
benign_rsync_mirror_10x64k_1,2976,0,,rsync_mirror,26,0.04,26,0.0,0.0,0.0,0.0,0.0,0.0,0.0,0.0,0,0.0,0.0,0,0.0,0.0,0,0,0,0.0,0,0.0
benign_rsync_mirror_10x64k_1,6211,0,,rsync_mirror,367,0.1823,367,330.0,0.0,0.0,10.0,0.8992,0.0,0.0,0.0,0,0.0,3.9077,1,0.0,0.0,0,10,1,10.0,655930,1987.67
benign_rsync_mirror_10x64k_1,11253,0,,rsync_mirror,34,0.0704,34,0.0,0.0,0.0,0.0,0.0,0.0,0.0,0.2941,0,0.0,0.0,0,0.0,0.0,0,0,0,0.0,0,0.0
benign_rsync_mirror_10x64k_1,11254,0,,rsync_mirror,4,0.0739,4,0.0,0.0,0.0,0.0,0.0,0.0,0.0,0.0,0,0.0,0.0,0,0.0,0.0,0,1,1,1.0,0,0.0
benign_rsync_mirror_10x64k_1,11255,0,,rsync_mirror,70,0.061,70,10.0,0.0,10.0,10.0,0.1429,0.0,0.1429,0.0,0,0.0,4.3701,1,0.0,1.0,1,10,1,10.0,655930,65593.0
benign_rsync_mirror_10x64k_2,2976,0,,rsync_mirror,26,0.0402,26,0.0,0.0,0.0,0.0,0.0,0.0,0.0,0.0,0,0.0,0.0,0,0.0,0.0,0,0,0,0.0,0,0.0
benign_rsync_mirror_10x64k_2,6211,0,,rsync_mirror,367,0.1854,367,330.0,0.0,0.0,10.0,0.8992,0.0,0.0,0.0,0,0.0,3.9077,1,0.0,0.0,0,10,1,10.0,655930,1987.67
benign_rsync_mirror_10x64k_2,11275,0,,rsync_mirror,34,0.071,34,0.0,0.0,0.0,0.0,0.0,0.0,0.0,0.2941,0,0.0,0.0,0,0.0,0.0,0,0,0,0.0,0,0.0
benign_rsync_mirror_10x64k_2,11276,0,,rsync_mirror,4,0.0761,4,0.0,0.0,0.0,0.0,0.0,0.0,0.0,0.0,0,0.0,0.0,0,0.0,0.0,0,1,1,1.0,0,0.0
benign_rsync_mirror_10x64k_2,11277,0,,rsync_mirror,70,0.0634,70,10.0,0.0,10.0,10.0,0.1429,0.0,0.1429,0.0,0,0.0,4.3701,1,0.0,1.0,1,10,1,10.0,655930,65593.0
benign_rsync_mirror_50x4k_1,2976,0,,rsync_mirror,26,0.0443,26,0.0,0.0,0.0,0.0,0.0,0.0,0.0,0.0,0,0.0,0.0,0,0.0,0.0,0,0,0,0.0,0,0.0
benign_rsync_mirror_50x4k_1,6211,0,,rsync_mirror,307,0.1789,307,150.0,0.0,0.0,50.0,0.4886,0.0,0.0,0.0,0,0.0,3.2477,1,0.0,0.0,0,50,1,50.0,209150,1394.33
benign_rsync_mirror_50x4k_1,11296,0,,rsync_mirror,154,0.1919,154,0.0,0.0,0.0,0.0,0.0,0.0,0.0,0.3247,0,0.0,0.0,0,0.0,0.0,0,0,0,0.0,0,0.0
benign_rsync_mirror_50x4k_1,11297,0,,rsync_mirror,4,0.3626,4,0.0,0.0,0.0,0.0,0.0,0.0,0.0,0.0,0,0.0,0.0,0,0.0,0.0,0,1,1,1.0,0,0.0
benign_rsync_mirror_50x4k_1,11298,0,,rsync_mirror,350,0.3187,350,50.0,0.0,50.0,50.0,0.1429,0.0,0.1429,0.0,0,0.0,4.3701,1,0.0,1.0,1,50,1,50.0,209150,4183.0
benign_rsync_mirror_50x4k_2,2976,0,,rsync_mirror,26,0.0487,26,0.0,0.0,0.0,0.0,0.0,0.0,0.0,0.0,0,0.0,0.0,0,0.0,0.0,0,0,0,0.0,0,0.0
benign_rsync_mirror_50x4k_2,6211,0,,rsync_mirror,307,0.1888,307,150.0,0.0,0.0,50.0,0.4886,0.0,0.0,0.0,0,0.0,3.2477,1,0.0,0.0,0,50,1,50.0,209150,1394.33
benign_rsync_mirror_50x4k_2,11317,0,,rsync_mirror,154,0.3772,154,0.0,0.0,0.0,0.0,0.0,0.0,0.0,0.3247,0,0.0,0.0,0,0.0,0.0,0,0,0,0.0,0,0.0
benign_rsync_mirror_50x4k_2,11318,0,,rsync_mirror,4,0.6228,4,0.0,0.0,0.0,0.0,0.0,0.0,0.0,0.0,0,0.0,0.0,0,0.0,0.0,0,1,1,1.0,0,0.0
benign_rsync_mirror_50x4k_2,11319,0,,rsync_mirror,350,0.5368,350,50.0,0.0,50.0,50.0,0.1429,0.0,0.1429,0.0,0,0.0,4.3701,1,0.0,1.0,1,50,1,50.0,209150,4183.0
benign_rsync_mirror_50x64k_1,2976,0,,rsync_mirror,26,0.0537,26,0.0,0.0,0.0,0.0,0.0,0.0,0.0,0.0,0,0.0,0.0,0,0.0,0.0,0,0,0,0.0,0,0.0
benign_rsync_mirror_50x64k_1,6211,0,,rsync_mirror,1810,1.0806,1810,1526.9939,0.0,0.0,46.2725,0.9116,0.0,0.0,0.0,0,0.0,3.9077,1,0.0,0.0,0,50,1,50.0,3279650,1987.67
benign_rsync_mirror_50x64k_1,11339,0,,rsync_mirror,154,0.3358,154,0.0,0.0,0.0,0.0,0.0,0.0,0.0,0.3247,0,0.0,0.0,0,0.0,0.0,0,0,0,0.0,0,0.0
benign_rsync_mirror_50x64k_1,11340,0,,rsync_mirror,4,0.3352,4,0.0,0.0,0.0,0.0,0.0,0.0,0.0,0.0,0,0.0,0.0,0,0.0,0.0,0,1,1,1.0,0,0.0
benign_rsync_mirror_50x64k_1,11341,0,,rsync_mirror,350,0.3139,350,50.0,0.0,50.0,50.0,0.1429,0.0,0.1429,0.0,0,0.0,4.3701,1,0.0,1.0,1,50,1,50.0,3279650,65593.0
benign_rsync_mirror_50x64k_2,2976,0,,rsync_mirror,26,0.0399,26,0.0,0.0,0.0,0.0,0.0,0.0,0.0,0.0,0,0.0,0.0,0,0.0,0.0,0,0,0,0.0,0,0.0
benign_rsync_mirror_50x64k_2,6211,0,,rsync_mirror,1808,0.8507,1808,1650.0,0.0,0.0,50.0,0.9126,0.0,0.0,0.0,0,0.0,3.9077,1,0.0,0.0,0,50,1,50.0,3279650,1987.67
benign_rsync_mirror_50x64k_2,11361,0,,rsync_mirror,154,0.2995,154,0.0,0.0,0.0,0.0,0.0,0.0,0.0,0.3247,0,0.0,0.0,0,0.0,0.0,0,0,0,0.0,0,0.0
benign_rsync_mirror_50x64k_2,11362,0,,rsync_mirror,4,0.3008,4,0.0,0.0,0.0,0.0,0.0,0.0,0.0,0.0,0,0.0,0.0,0,0.0,0.0,0,1,1,1.0,0,0.0
benign_rsync_mirror_50x64k_2,11363,0,,rsync_mirror,350,0.2798,350,50.0,0.0,50.0,50.0,0.1429,0.0,0.1429,0.0,0,0.0,4.3701,1,0.0,1.0,1,50,1,50.0,3279650,65593.0
benign_sed_inplace_10x4k_1,2976,0,,sed_inplace,26,0.0537,26,0.0,0.0,0.0,0.0,0.0,0.0,0.0,0.0,0,0.0,0.0,0,0.0,0.0,0,0,0,0.0,0,0.0
benign_sed_inplace_10x4k_1,6211,0,,sed_inplace,67,0.0889,67,30.0,0.0,0.0,10.0,0.4478,0.0,0.0,0.0,0,0.0,3.2477,1,0.0,0.0,0,10,1,10.0,41830,1394.33
benign_sed_inplace_10x4k_1,7326,0,,sed_inplace,4,0.0019,4,0.0,0.0,0.0,0.0,0.0,0.0,0.0,0.0,0,0.0,0.0,0,0.0,0.0,0,0,0,0.0,0,0.0
benign_sed_inplace_10x4k_1,7327,0,,sed_inplace,110,0.1412,110,20.0,0.0,10.0,10.0,0.1818,0.0,0.0909,0.0909,0,0.0,4.2951,1,0.0,1.0,1,10,1,10.0,41830,2091.5
benign_sed_inplace_10x4k_2,2976,0,,sed_inplace,26,0.0999,26,0.0,0.0,0.0,0.0,0.0,0.0,0.0,0.0,0,0.0,0.0,0,0.0,0.0,0,0,0,0.0,0,0.0
benign_sed_inplace_10x4k_2,6211,0,,sed_inplace,67,0.1038,67,30.0,0.0,0.0,10.0,0.4478,0.0,0.0,0.0,0,0.0,3.2477,1,0.0,0.0,0,10,1,10.0,41830,1394.33
benign_sed_inplace_10x4k_2,7349,0,,sed_inplace,4,0.0028,4,0.0,0.0,0.0,0.0,0.0,0.0,0.0,0.0,0,0.0,0.0,0,0.0,0.0,0,0,0,0.0,0,0.0
benign_sed_inplace_10x4k_2,7350,0,,sed_inplace,110,0.114,110,20.0,0.0,10.0,10.0,0.1818,0.0,0.0909,0.0909,0,0.0,4.2951,1,0.0,1.0,1,10,1,10.0,41830,2091.5
benign_sed_inplace_10x64k_1,2976,0,,sed_inplace,26,0.0582,26,0.0,0.0,0.0,0.0,0.0,0.0,0.0,0.0,0,0.0,0.0,0,0.0,0.0,0,0,0,0.0,0,0.0
benign_sed_inplace_10x64k_1,6211,0,,sed_inplace,367,0.2735,367,330.0,0.0,0.0,10.0,0.8992,0.0,0.0,0.0,0,0.0,3.9077,1,0.0,0.0,0,10,1,10.0,655930,1987.67
benign_sed_inplace_10x64k_1,7371,0,,sed_inplace,4,0.0023,4,0.0,0.0,0.0,0.0,0.0,0.0,0.0,0.0,0,0.0,0.0,0,0.0,0.0,0,0,0,0.0,0,0.0
benign_sed_inplace_10x64k_1,7372,0,,sed_inplace,280,0.2395,280,170.0,0.0,10.0,10.0,0.6071,0.0,0.0357,0.1071,0,0.0,4.2934,1,0.0,1.0,1,10,1,10.0,655930,3858.41
benign_sed_inplace_10x64k_2,2976,0,,sed_inplace,26,0.0731,26,0.0,0.0,0.0,0.0,0.0,0.0,0.0,0.0,0,0.0,0.0,0,0.0,0.0,0,0,0,0.0,0,0.0
benign_sed_inplace_10x64k_2,6211,0,,sed_inplace,367,0.2012,367,330.0,0.0,0.0,10.0,0.8992,0.0,0.0,0.0,0,0.0,3.9077,1,0.0,0.0,0,10,1,10.0,655930,1987.67
benign_sed_inplace_10x64k_2,7394,0,,sed_inplace,4,0.0018,4,0.0,0.0,0.0,0.0,0.0,0.0,0.0,0.0,0,0.0,0.0,0,0.0,0.0,0,0,0,0.0,0,0.0
benign_sed_inplace_10x64k_2,7395,0,,sed_inplace,280,0.2219,280,170.0,0.0,10.0,10.0,0.6071,0.0,0.0357,0.1071,0,0.0,4.2934,1,0.0,1.0,1,10,1,10.0,655930,3858.41
benign_sed_inplace_50x4k_1,2976,0,,sed_inplace,26,0.0664,26,0.0,0.0,0.0,0.0,0.0,0.0,0.0,0.0,0,0.0,0.0,0,0.0,0.0,0,0,0,0.0,0,0.0
benign_sed_inplace_50x4k_1,6211,0,,sed_inplace,307,0.2521,307,150.0,0.0,0.0,50.0,0.4886,0.0,0.0,0.0,0,0.0,3.2477,1,0.0,0.0,0,50,1,50.0,209150,1394.33
benign_sed_inplace_50x4k_1,7416,0,,sed_inplace,4,0.002,4,0.0,0.0,0.0,0.0,0.0,0.0,0.0,0.0,0,0.0,0.0,0,0.0,0.0,0,0,0,0.0,0,0.0
benign_sed_inplace_50x4k_1,7417,0,,sed_inplace,550,0.5165,550,100.0,0.0,50.0,50.0,0.1818,0.0,0.0909,0.0909,0,0.0,4.2951,1,0.0,1.0,1,50,1,50.0,209150,2091.5
benign_sed_inplace_50x4k_2,2976,0,,sed_inplace,26,0.0591,26,0.0,0.0,0.0,0.0,0.0,0.0,0.0,0.0,0,0.0,0.0,0,0.0,0.0,0,0,0,0.0,0,0.0
benign_sed_inplace_50x4k_2,6211,0,,sed_inplace,307,0.2274,307,150.0,0.0,0.0,50.0,0.4886,0.0,0.0,0.0,0,0.0,3.2477,1,0.0,0.0,0,50,1,50.0,209150,1394.33
benign_sed_inplace_50x4k_2,7438,0,,sed_inplace,4,0.0012,4,0.0,0.0,0.0,0.0,0.0,0.0,0.0,0.0,0,0.0,0.0,0,0.0,0.0,0,0,0,0.0,0,0.0
benign_sed_inplace_50x4k_2,7439,0,,sed_inplace,550,0.4477,550,100.0,0.0,50.0,50.0,0.1818,0.0,0.0909,0.0909,0,0.0,4.2951,1,0.0,1.0,1,50,1,50.0,209150,2091.5
benign_sed_inplace_50x64k_1,2976,0,,sed_inplace,26,0.1081,26,0.0,0.0,0.0,0.0,0.0,0.0,0.0,0.0,0,0.0,0.0,0,0.0,0.0,0,0,0,0.0,0,0.0
benign_sed_inplace_50x64k_1,6211,0,,sed_inplace,1807,0.9004,1807,1650.0,0.0,0.0,50.0,0.9131,0.0,0.0,0.0,0,0.0,3.9077,1,0.0,0.0,0,50,1,50.0,3279650,1987.67
benign_sed_inplace_50x64k_1,7460,0,,sed_inplace,4,0.0032,4,0.0,0.0,0.0,0.0,0.0,0.0,0.0,0.0,0,0.0,0.0,0,0.0,0.0,0,0,0,0.0,0,0.0
benign_sed_inplace_50x64k_1,7461,0,,sed_inplace,1405,1.0558,1405,805.1131,0.0,47.3596,47.3596,0.605,0.0,0.0356,0.1068,0,0.0,4.2934,1,0.0,1.0,1,50,1,50.0,3279650,3858.41
benign_sed_inplace_50x64k_2,2976,0,,sed_inplace,26,0.0533,26,0.0,0.0,0.0,0.0,0.0,0.0,0.0,0.0,0,0.0,0.0,0,0.0,0.0,0,0,0,0.0,0,0.0
benign_sed_inplace_50x64k_2,6211,0,,sed_inplace,1808,0.9339,1808,1650.0,0.0,0.0,50.0,0.9126,0.0,0.0,0.0,0,0.0,3.9077,1,0.0,0.0,0,50,1,50.0,3279650,1987.67
benign_sed_inplace_50x64k_2,7482,0,,sed_inplace,4,0.0026,4,0.0,0.0,0.0,0.0,0.0,0.0,0.0,0.0,0,0.0,0.0,0,0.0,0.0,0,0,0,0.0,0,0.0
benign_sed_inplace_50x64k_2,7483,0,,sed_inplace,1406,1.063,1406,799.5929,0.0,47.0349,47.0349,0.6046,0.0,0.0356,0.1067,0,0.0,4.2934,1,0.0,1.0,1,50,1,50.0,3279650,3858.41
benign_sha256_all_10x4k_1,2976,0,,sha256_all,26,0.0641,26,0.0,0.0,0.0,0.0,0.0,0.0,0.0,0.0,0,0.0,0.0,0,0.0,0.0,0,0,0,0.0,0,0.0
benign_sha256_all_10x4k_1,6211,0,,sha256_all,67,0.1529,67,30.0,0.0,0.0,10.0,0.4478,0.0,0.0,0.0,0,0.0,3.2477,1,0.0,0.0,0,10,1,10.0,41830,1394.33
benign_sha256_all_10x4k_1,11740,0,,sha256_all,14,0.0691,14,10.0,0.0,0.0,1.0,0.7143,0.0,0.0,0.0,0,0.0,4.952,1,0.0,0.0,0,1,1,1.0,1530,153.0
benign_sha256_all_10x4k_1,11742,0,,sha256_all,30,0.0294,30,0.0,0.0,0.0,0.0,0.0,0.0,0.0,0.3333,0,0.0,0.0,0,0.0,0.0,0,0,0,0.0,0,0.0
benign_sha256_all_10x4k_2,2976,0,,sha256_all,26,0.0622,26,0.0,0.0,0.0,0.0,0.0,0.0,0.0,0.0,0,0.0,0.0,0,0.0,0.0,0,0,0,0.0,0,0.0
benign_sha256_all_10x4k_2,6211,0,,sha256_all,67,0.0746,67,30.0,0.0,0.0,10.0,0.4478,0.0,0.0,0.0,0,0.0,3.2477,1,0.0,0.0,0,10,1,10.0,41830,1394.33
benign_sha256_all_10x4k_2,11761,0,,sha256_all,14,0.0645,14,10.0,0.0,0.0,1.0,0.7143,0.0,0.0,0.0,0,0.0,4.952,1,0.0,0.0,0,1,1,1.0,1530,153.0
benign_sha256_all_10x4k_2,11763,0,,sha256_all,30,0.0331,30,0.0,0.0,0.0,0.0,0.0,0.0,0.0,0.3333,0,0.0,0.0,0,0.0,0.0,0,0,0,0.0,0,0.0
benign_sha256_all_10x64k_1,2976,0,,sha256_all,26,0.0653,26,0.0,0.0,0.0,0.0,0.0,0.0,0.0,0.0,0,0.0,0.0,0,0.0,0.0,0,0,0,0.0,0,0.0
benign_sha256_all_10x64k_1,6211,0,,sha256_all,367,0.268,367,330.0,0.0,0.0,10.0,0.8992,0.0,0.0,0.0,0,0.0,3.9077,1,0.0,0.0,0,10,1,10.0,655930,1987.67
benign_sha256_all_10x64k_1,11783,0,,sha256_all,14,0.0901,14,10.0,0.0,0.0,1.0,0.7143,0.0,0.0,0.0,0,0.0,4.9433,1,0.0,0.0,0,1,1,1.0,1540,154.0
benign_sha256_all_10x64k_1,11785,0,,sha256_all,40,0.0534,40,0.0,0.0,0.0,0.0,0.0,0.0,0.0,0.5,0,0.0,0.0,0,0.0,0.0,0,0,0,0.0,0,0.0
benign_sha256_all_10x64k_2,2976,0,,sha256_all,26,0.0615,26,0.0,0.0,0.0,0.0,0.0,0.0,0.0,0.0,0,0.0,0.0,0,0.0,0.0,0,0,0,0.0,0,0.0
benign_sha256_all_10x64k_2,6211,0,,sha256_all,367,0.2336,367,330.0,0.0,0.0,10.0,0.8992,0.0,0.0,0.0,0,0.0,3.9077,1,0.0,0.0,0,10,1,10.0,655930,1987.67
benign_sha256_all_10x64k_2,11805,0,,sha256_all,14,0.0685,14,10.0,0.0,0.0,1.0,0.7143,0.0,0.0,0.0,0,0.0,4.9456,1,0.0,0.0,0,1,1,1.0,1540,154.0
benign_sha256_all_10x64k_2,11807,0,,sha256_all,40,0.0413,40,0.0,0.0,0.0,0.0,0.0,0.0,0.0,0.5,0,0.0,0.0,0,0.0,0.0,0,0,0,0.0,0,0.0
benign_sha256_all_50x4k_1,6211,0,,sha256_all,308,0.3543,308,150.0,0.0,0.0,50.0,0.487,0.0,0.0,0.0,0,0.0,3.2477,1,0.0,0.0,0,50,1,50.0,209150,1394.33
benign_sha256_all_50x4k_1,2976,0,,sha256_all,26,0.145,26,0.0,0.0,0.0,0.0,0.0,0.0,0.0,0.0,0,0.0,0.0,0,0.0,0.0,0,0,0,0.0,0,0.0
benign_sha256_all_50x4k_1,11826,0,,sha256_all,55,0.1708,55,51.0,0.0,0.0,1.0,0.9273,0.0,0.0,0.0,0,0.0,4.9477,1,0.0,0.0,0,1,1,1.0,7650,150.0
benign_sha256_all_50x4k_1,11828,0,,sha256_all,150,0.1443,150,0.0,0.0,0.0,0.0,0.0,0.0,0.0,0.3333,0,0.0,0.0,0,0.0,0.0,0,0,0,0.0,0,0.0
benign_sha256_all_50x4k_2,2976,0,,sha256_all,26,0.0513,26,0.0,0.0,0.0,0.0,0.0,0.0,0.0,0.0,0,0.0,0.0,0,0.0,0.0,0,0,0,0.0,0,0.0
benign_sha256_all_50x4k_2,6211,0,,sha256_all,307,0.2555,307,150.0,0.0,0.0,50.0,0.4886,0.0,0.0,0.0,0,0.0,3.2477,1,0.0,0.0,0,50,1,50.0,209150,1394.33
benign_sha256_all_50x4k_2,11848,0,,sha256_all,55,0.1321,55,51.0,0.0,0.0,1.0,0.9273,0.0,0.0,0.0,0,0.0,4.9451,1,0.0,0.0,0,1,1,1.0,7650,150.0
benign_sha256_all_50x4k_2,11850,0,,sha256_all,150,0.1039,150,0.0,0.0,0.0,0.0,0.0,0.0,0.0,0.3333,0,0.0,0.0,0,0.0,0.0,0,0,0,0.0,0,0.0
benign_sha256_all_50x64k_1,2976,0,,sha256_all,26,0.0506,26,0.0,0.0,0.0,0.0,0.0,0.0,0.0,0.0,0,0.0,0.0,0,0.0,0.0,0,0,0,0.0,0,0.0
benign_sha256_all_50x64k_1,6211,0,,sha256_all,1808,0.8199,1808,1650.0,0.0,0.0,50.0,0.9126,0.0,0.0,0.0,0,0.0,3.9077,1,0.0,0.0,0,50,1,50.0,3279650,1987.67
benign_sha256_all_50x64k_1,11869,0,,sha256_all,55,0.1356,55,51.0,0.0,0.0,1.0,0.9273,0.0,0.0,0.0,0,0.0,4.9287,1,0.0,0.0,0,1,1,1.0,7700,150.98
benign_sha256_all_50x64k_1,11872,0,,sha256_all,200,0.1169,200,0.0,0.0,0.0,0.0,0.0,0.0,0.0,0.5,0,0.0,0.0,0,0.0,0.0,0,0,0,0.0,0,0.0
benign_sha256_all_50x64k_2,2976,0,,sha256_all,26,0.0456,26,0.0,0.0,0.0,0.0,0.0,0.0,0.0,0.0,0,0.0,0.0,0,0.0,0.0,0,0,0,0.0,0,0.0
benign_sha256_all_50x64k_2,6211,0,,sha256_all,1808,0.8489,1808,1650.0,0.0,0.0,50.0,0.9126,0.0,0.0,0.0,0,0.0,3.9077,1,0.0,0.0,0,50,1,50.0,3279650,1987.67
benign_sha256_all_50x64k_2,11894,0,,sha256_all,55,0.1554,55,51.0,0.0,0.0,1.0,0.9273,0.0,0.0,0.0,0,0.0,4.9281,1,0.0,0.0,0,1,1,1.0,7700,150.98
benign_sha256_all_50x64k_2,11896,0,,sha256_all,200,0.1295,200,0.0,0.0,0.0,0.0,0.0,0.0,0.0,0.5,0,0.0,0.0,0,0.0,0.0,0,0,0,0.0,0,0.0
benign_shred_delete_10x4k_1,6211,0,,shred_delete,68,0.0607,68,30.0,0.0,0.0,10.0,0.4412,0.0,0.0,0.0,0,0.0,3.2477,1,0.0,0.0,0,10,1,10.0,41830,1394.33
benign_shred_delete_10x4k_1,2976,0,,shred_delete,26,0.0668,26,0.0,0.0,0.0,0.0,0.0,0.0,0.0,0.0,0,0.0,0.0,0,0.0,0.0,0,0,0,0.0,0,0.0
benign_shred_delete_10x4k_1,10703,0,,shred_delete,4,0.0014,4,0.0,0.0,0.0,0.0,0.0,0.0,0.0,0.0,0,0.0,0.0,0,0.0,0.0,0,0,0,0.0,0,0.0
benign_shred_delete_10x4k_1,10704,0,,shred_delete,190,0.1119,190,10.0,10.0,130.0,0.0,0.0526,0.0526,0.6842,0.0,10,1.0,7.1698,1,0.0,0.0769,1,23,1,23.0,81920,8192.0
benign_shred_delete_10x4k_2,6211,0,,shred_delete,68,0.0584,68,30.0,0.0,0.0,10.0,0.4412,0.0,0.0,0.0,0,0.0,3.2477,1,0.0,0.0,0,10,1,10.0,41830,1394.33
benign_shred_delete_10x4k_2,2976,0,,shred_delete,26,0.0677,26,0.0,0.0,0.0,0.0,0.0,0.0,0.0,0.0,0,0.0,0.0,0,0.0,0.0,0,0,0,0.0,0,0.0
benign_shred_delete_10x4k_2,10724,0,,shred_delete,4,0.0008,4,0.0,0.0,0.0,0.0,0.0,0.0,0.0,0.0,0,0.0,0.0,0,0.0,0.0,0,0,0,0.0,0,0.0
benign_shred_delete_10x4k_2,10725,0,,shred_delete,190,0.1352,190,10.0,10.0,130.0,0.0,0.0526,0.0526,0.6842,0.0,10,1.0,7.1683,1,0.0,0.0769,1,23,1,23.0,81920,8192.0
benign_shred_delete_10x64k_1,2976,0,,shred_delete,26,0.0412,26,0.0,0.0,0.0,0.0,0.0,0.0,0.0,0.0,0,0.0,0.0,0,0.0,0.0,0,0,0,0.0,0,0.0
benign_shred_delete_10x64k_1,6211,0,,shred_delete,367,0.1735,367,330.0,0.0,0.0,10.0,0.8992,0.0,0.0,0.0,0,0.0,3.9077,1,0.0,0.0,0,10,1,10.0,655930,1987.67
benign_shred_delete_10x64k_1,10744,0,,shred_delete,4,0.0014,4,0.0,0.0,0.0,0.0,0.0,0.0,0.0,0.0,0,0.0,0.0,0,0.0,0.0,0,0,0,0.0,0,0.0
benign_shred_delete_10x64k_1,10745,0,,shred_delete,200,0.1455,200,20.0,10.0,130.0,0.0,0.1,0.05,0.65,0.0,20,1.0,7.1741,1,0.0,0.0769,1,23,1,23.0,696320,34816.0
benign_shred_delete_10x64k_2,2976,0,,shred_delete,26,0.0365,26,0.0,0.0,0.0,0.0,0.0,0.0,0.0,0.0,0,0.0,0.0,0,0.0,0.0,0,0,0,0.0,0,0.0
benign_shred_delete_10x64k_2,6211,0,,shred_delete,367,0.1335,367,330.0,0.0,0.0,10.0,0.8992,0.0,0.0,0.0,0,0.0,3.9077,1,0.0,0.0,0,10,1,10.0,655930,1987.67
benign_shred_delete_10x64k_2,10766,0,,shred_delete,4,0.001,4,0.0,0.0,0.0,0.0,0.0,0.0,0.0,0.0,0,0.0,0.0,0,0.0,0.0,0,0,0,0.0,0,0.0
benign_shred_delete_10x64k_2,10767,0,,shred_delete,200,0.1026,200,20.0,10.0,130.0,0.0,0.1,0.05,0.65,0.0,20,1.0,7.1756,1,0.0,0.0769,1,23,1,23.0,696320,34816.0
benign_shred_delete_50x4k_1,2976,0,,shred_delete,26,0.042,26,0.0,0.0,0.0,0.0,0.0,0.0,0.0,0.0,0,0.0,0.0,0,0.0,0.0,0,0,0,0.0,0,0.0
benign_shred_delete_50x4k_1,6211,0,,shred_delete,307,0.1781,307,150.0,0.0,0.0,50.0,0.4886,0.0,0.0,0.0,0,0.0,3.2477,1,0.0,0.0,0,50,1,50.0,209150,1394.33
benign_shred_delete_50x4k_1,10787,0,,shred_delete,4,0.001,4,0.0,0.0,0.0,0.0,0.0,0.0,0.0,0.0,0,0.0,0.0,0,0.0,0.0,0,0,0,0.0,0,0.0
benign_shred_delete_50x4k_1,10788,0,,shred_delete,950,0.6891,950,50.0,50.0,650.0,0.0,0.0526,0.0526,0.6842,0.0,50,1.0,7.1656,1,0.0,0.0769,1,63,1,63.0,409600,8192.0
benign_shred_delete_50x4k_2,2976,0,,shred_delete,26,0.0505,26,0.0,0.0,0.0,0.0,0.0,0.0,0.0,0.0,0,0.0,0.0,0,0.0,0.0,0,0,0,0.0,0,0.0
benign_shred_delete_50x4k_2,6211,0,,shred_delete,307,0.1882,307,150.0,0.0,0.0,50.0,0.4886,0.0,0.0,0.0,0,0.0,3.2477,1,0.0,0.0,0,50,1,50.0,209150,1394.33
benign_shred_delete_50x4k_2,10808,0,,shred_delete,4,0.0014,4,0.0,0.0,0.0,0.0,0.0,0.0,0.0,0.0,0,0.0,0.0,0,0.0,0.0,0,0,0,0.0,0,0.0
benign_shred_delete_50x4k_2,10809,0,,shred_delete,950,0.6606,950,50.0,50.0,650.0,0.0,0.0526,0.0526,0.6842,0.0,50,1.0,7.1819,1,0.0,0.0769,1,63,1,63.0,409600,8192.0
benign_shred_delete_50x64k_1,2976,0,,shred_delete,26,0.0552,26,0.0,0.0,0.0,0.0,0.0,0.0,0.0,0.0,0,0.0,0.0,0,0.0,0.0,0,0,0,0.0,0,0.0
benign_shred_delete_50x64k_1,6211,0,,shred_delete,1810,1.1556,1810,1427.8738,0.0,0.0,43.2689,0.9116,0.0,0.0,0.0,0,0.0,3.9077,1,0.0,0.0,0,50,1,50.0,3279650,1987.67
benign_shred_delete_50x64k_1,10829,0,,shred_delete,4,0.0014,4,0.0,0.0,0.0,0.0,0.0,0.0,0.0,0.0,0,0.0,0.0,0,0.0,0.0,0,0,0,0.0,0,0.0
benign_shred_delete_50x64k_1,10830,0,,shred_delete,1000,0.7037,1000,100.0,50.0,650.0,0.0,0.1,0.05,0.65,0.0,100,1.0,7.1741,1,0.0,0.0769,1,63,1,63.0,3481600,34816.0
benign_shred_delete_50x64k_2,2976,0,,shred_delete,26,0.0435,26,0.0,0.0,0.0,0.0,0.0,0.0,0.0,0.0,0,0.0,0.0,0,0.0,0.0,0,0,0,0.0,0,0.0
benign_shred_delete_50x64k_2,6211,0,,shred_delete,1810,1.1829,1810,1394.8262,0.0,0.0,42.2675,0.9116,0.0,0.0,0.0,0,0.0,3.9077,1,0.0,0.0,0,50,1,50.0,3279650,1987.67
benign_shred_delete_50x64k_2,10850,0,,shred_delete,4,0.0008,4,0.0,0.0,0.0,0.0,0.0,0.0,0.0,0.0,0,0.0,0.0,0,0.0,0.0,0,0,0,0.0,0,0.0
benign_shred_delete_50x64k_2,10851,0,,shred_delete,1000,0.7298,1000,100.0,50.0,650.0,0.0,0.1,0.05,0.65,0.0,100,1.0,7.1777,1,0.0,0.0769,1,63,1,63.0,3481600,34816.0
benign_sort_large_10x4k_1,2976,0,,sort_large,26,0.0457,26,0.0,0.0,0.0,0.0,0.0,0.0,0.0,0.0,0,0.0,0.0,0,0.0,0.0,0,0,0,0.0,0,0.0
benign_sort_large_10x4k_1,6211,0,,sort_large,67,0.0327,67,30.0,0.0,0.0,10.0,0.4478,0.0,0.0,0.0,0,0.0,3.2477,1,0.0,0.0,0,10,1,10.0,41830,1394.33
benign_sort_large_10x4k_1,12084,0,,sort_large,34,0.0183,34,0.0,0.0,0.0,0.0,0.0,0.0,0.0,0.2941,0,0.0,0.0,0,0.0,0.0,0,0,0,0.0,0,0.0
benign_sort_large_10x4k_1,12085,0,,sort_large,15,0.0246,15,11.0,0.0,0.0,1.0,0.7333,0.0,0.0,0.0,0,0.0,4.3734,1,0.0,0.0,0,1,1,1.0,41830,3802.73
benign_sort_large_10x4k_2,2976,0,,sort_large,26,0.0374,26,0.0,0.0,0.0,0.0,0.0,0.0,0.0,0.0,0,0.0,0.0,0,0.0,0.0,0,0,0,0.0,0,0.0
benign_sort_large_10x4k_2,6211,0,,sort_large,67,0.0389,67,30.0,0.0,0.0,10.0,0.4478,0.0,0.0,0.0,0,0.0,3.2477,1,0.0,0.0,0,10,1,10.0,41830,1394.33
benign_sort_large_10x4k_2,12106,0,,sort_large,34,0.0198,34,0.0,0.0,0.0,0.0,0.0,0.0,0.0,0.2941,0,0.0,0.0,0,0.0,0.0,0,0,0,0.0,0,0.0
benign_sort_large_10x4k_2,12107,0,,sort_large,15,0.0265,15,11.0,0.0,0.0,1.0,0.7333,0.0,0.0,0.0,0,0.0,4.3734,1,0.0,0.0,0,1,1,1.0,41830,3802.73
benign_sort_large_10x64k_1,2976,0,,sort_large,26,0.0422,26,0.0,0.0,0.0,0.0,0.0,0.0,0.0,0.0,0,0.0,0.0,0,0.0,0.0,0,0,0,0.0,0,0.0
benign_sort_large_10x64k_1,6211,0,,sort_large,367,0.2354,367,330.0,0.0,0.0,10.0,0.8992,0.0,0.0,0.0,0,0.0,3.9077,1,0.0,0.0,0,10,1,10.0,655930,1987.67
benign_sort_large_10x64k_1,12128,0,,sort_large,34,0.0415,34,0.0,0.0,0.0,0.0,0.0,0.0,0.0,0.2941,0,0.0,0.0,0,0.0,0.0,0,0,0,0.0,0,0.0
benign_sort_large_10x64k_1,12129,0,,sort_large,165,0.175,165,161.0,0.0,0.0,1.0,0.9758,0.0,0.0,0.0,0,0.0,4.3772,1,0.0,0.0,0,1,1,1.0,655930,4074.1
benign_sort_large_10x64k_2,2976,0,,sort_large,26,0.0532,26,0.0,0.0,0.0,0.0,0.0,0.0,0.0,0.0,0,0.0,0.0,0,0.0,0.0,0,0,0,0.0,0,0.0
benign_sort_large_10x64k_2,6211,0,,sort_large,367,0.1937,367,330.0,0.0,0.0,10.0,0.8992,0.0,0.0,0.0,0,0.0,3.9077,1,0.0,0.0,0,10,1,10.0,655930,1987.67
benign_sort_large_10x64k_2,12150,0,,sort_large,34,0.0308,34,0.0,0.0,0.0,0.0,0.0,0.0,0.0,0.2941,0,0.0,0.0,0,0.0,0.0,0,0,0,0.0,0,0.0
benign_sort_large_10x64k_2,12151,0,,sort_large,165,0.1203,165,161.0,0.0,0.0,1.0,0.9758,0.0,0.0,0.0,0,0.0,4.3772,1,0.0,0.0,0,1,1,1.0,655930,4074.1
benign_sort_large_50x4k_1,2976,0,,sort_large,26,0.0429,26,0.0,0.0,0.0,0.0,0.0,0.0,0.0,0.0,0,0.0,0.0,0,0.0,0.0,0,0,0,0.0,0,0.0
benign_sort_large_50x4k_1,6211,0,,sort_large,307,0.1703,307,150.0,0.0,0.0,50.0,0.4886,0.0,0.0,0.0,0,0.0,3.2477,1,0.0,0.0,0,50,1,50.0,209150,1394.33
benign_sort_large_50x4k_1,12172,0,,sort_large,154,0.0826,154,0.0,0.0,0.0,0.0,0.0,0.0,0.0,0.3247,0,0.0,0.0,0,0.0,0.0,0,0,0,0.0,0,0.0
benign_sort_large_50x4k_1,12173,0,,sort_large,56,0.1187,56,52.0,0.0,0.0,1.0,0.9286,0.0,0.0,0.0,0,0.0,4.3777,1,0.0,0.0,0,1,1,1.0,209150,4022.12
benign_sort_large_50x4k_2,2976,0,,sort_large,26,0.0457,26,0.0,0.0,0.0,0.0,0.0,0.0,0.0,0.0,0,0.0,0.0,0,0.0,0.0,0,0,0,0.0,0,0.0
benign_sort_large_50x4k_2,6211,0,,sort_large,307,0.1793,307,150.0,0.0,0.0,50.0,0.4886,0.0,0.0,0.0,0,0.0,3.2477,1,0.0,0.0,0,50,1,50.0,209150,1394.33
benign_sort_large_50x4k_2,12194,0,,sort_large,154,0.0879,154,0.0,0.0,0.0,0.0,0.0,0.0,0.0,0.3247,0,0.0,0.0,0,0.0,0.0,0,0,0,0.0,0,0.0
benign_sort_large_50x4k_2,12195,0,,sort_large,56,0.1195,56,52.0,0.0,0.0,1.0,0.9286,0.0,0.0,0.0,0,0.0,4.3777,1,0.0,0.0,0,1,1,1.0,209150,4022.12
benign_sort_large_50x64k_1,2976,0,,sort_large,26,0.0515,26,0.0,0.0,0.0,0.0,0.0,0.0,0.0,0.0,0,0.0,0.0,0,0.0,0.0,0,0,0,0.0,0,0.0
benign_sort_large_50x64k_1,6211,0,,sort_large,1810,1.1441,1810,1442.1211,0.0,0.0,43.7006,0.9116,0.0,0.0,0.0,0,0.0,3.9077,1,0.0,0.0,0,50,1,50.0,3279650,1987.67
benign_sort_large_50x64k_1,12216,0,,sort_large,154,0.1382,154,0.0,0.0,0.0,0.0,0.0,0.0,0.0,0.3247,0,0.0,0.0,0,0.0,0.0,0,0,0,0.0,0,0.0
benign_sort_large_50x64k_1,12217,0,,sort_large,805,0.6995,805,801.0,0.0,0.0,1.0,0.995,0.0,0.0,0.0,0,0.0,4.3771,1,0.0,0.0,0,1,1,1.0,3279650,4094.44
benign_sort_large_50x64k_2,2976,0,,sort_large,26,0.0445,26,0.0,0.0,0.0,0.0,0.0,0.0,0.0,0.0,0,0.0,0.0,0,0.0,0.0,0,0,0,0.0,0,0.0
benign_sort_large_50x64k_2,6211,0,,sort_large,1809,1.038,1809,1589.6623,0.0,0.0,48.1716,0.9121,0.0,0.0,0.0,0,0.0,3.9077,1,0.0,0.0,0,50,1,50.0,3279650,1987.67
benign_sort_large_50x64k_2,12238,0,,sort_large,154,0.0906,154,0.0,0.0,0.0,0.0,0.0,0.0,0.0,0.3247,0,0.0,0.0,0,0.0,0.0,0,0,0,0.0,0,0.0
benign_sort_large_50x64k_2,12239,0,,sort_large,805,0.5071,805,801.0,0.0,0.0,1.0,0.995,0.0,0.0,0.0,0,0.0,4.3771,1,0.0,0.0,0,1,1,1.0,3279650,4094.44
benign_split_join_10x4k_1,2976,0,,split_join,26,0.0454,26,0.0,0.0,0.0,0.0,0.0,0.0,0.0,0.0,0,0.0,0.0,0,0.0,0.0,0,0,0,0.0,0,0.0
benign_split_join_10x4k_1,6211,0,,split_join,11,0.0265,11,1.0,0.0,0.0,1.0,0.0909,0.0,0.0,0.0,1,1.0,7.3016,1,0.0,0.0,0,1,1,1.0,1048576,1048576.0
benign_split_join_10x4k_1,11551,0,,split_join,58,0.0361,58,16.0,0.0,0.0,16.0,0.2759,0.0,0.0,0.069,16,1.0,7.1865,1,0.0,0.0,0,16,1,16.0,1048576,65536.0
benign_split_join_10x4k_1,11550,0,,split_join,19,0.0396,19,16.0,0.0,0.0,1.0,0.8421,0.0,0.0,0.0,16,1.0,7.1865,1,0.0,0.0,0,1,1,1.0,1048576,65536.0
benign_split_join_10x4k_1,11552,0,,split_join,48,0.0305,48,0.0,0.0,0.0,0.0,0.0,0.0,0.0,0.3333,0,0.0,0.0,0,0.0,0.0,0,0,0,0.0,0,0.0
benign_split_join_10x4k_2,2976,0,,split_join,26,0.0409,26,0.0,0.0,0.0,0.0,0.0,0.0,0.0,0.0,0,0.0,0.0,0,0.0,0.0,0,0,0,0.0,0,0.0
benign_split_join_10x4k_2,6211,0,,split_join,11,0.0201,11,1.0,0.0,0.0,1.0,0.0909,0.0,0.0,0.0,1,1.0,7.1325,1,0.0,0.0,0,1,1,1.0,1048576,1048576.0
benign_split_join_10x4k_2,11575,0,,split_join,58,0.0375,58,16.0,0.0,0.0,16.0,0.2759,0.0,0.0,0.069,16,1.0,7.1823,1,0.0,0.0,0,16,1,16.0,1048576,65536.0
benign_split_join_10x4k_2,11573,0,,split_join,19,0.0397,19,16.0,0.0,0.0,1.0,0.8421,0.0,0.0,0.0,16,1.0,7.1823,1,0.0,0.0,0,1,1,1.0,1048576,65536.0
benign_split_join_10x4k_2,11577,0,,split_join,48,0.0313,48,0.0,0.0,0.0,0.0,0.0,0.0,0.0,0.3333,0,0.0,0.0,0,0.0,0.0,0,0,0,0.0,0,0.0
benign_split_join_10x64k_1,2976,0,,split_join,26,0.0468,26,0.0,0.0,0.0,0.0,0.0,0.0,0.0,0.0,0,0.0,0.0,0,0.0,0.0,0,0,0,0.0,0,0.0
benign_split_join_10x64k_1,6211,0,,split_join,11,0.0363,11,1.0,0.0,0.0,1.0,0.0909,0.0,0.0,0.0,1,1.0,7.1567,1,0.0,0.0,0,1,1,1.0,1048576,1048576.0
benign_split_join_10x64k_1,11598,0,,split_join,58,0.0503,58,16.0,0.0,0.0,16.0,0.2759,0.0,0.0,0.069,16,1.0,7.1623,1,0.0,0.0,0,16,1,16.0,1048576,65536.0
benign_split_join_10x64k_1,11597,0,,split_join,19,0.0488,19,16.0,0.0,0.0,1.0,0.8421,0.0,0.0,0.0,16,1.0,7.1623,1,0.0,0.0,0,1,1,1.0,1048576,65536.0
benign_split_join_10x64k_1,11599,0,,split_join,48,0.0391,48,0.0,0.0,0.0,0.0,0.0,0.0,0.0,0.3333,0,0.0,0.0,0,0.0,0.0,0,0,0,0.0,0,0.0
benign_split_join_10x64k_2,2976,0,,split_join,26,0.0496,26,0.0,0.0,0.0,0.0,0.0,0.0,0.0,0.0,0,0.0,0.0,0,0.0,0.0,0,0,0,0.0,0,0.0
benign_split_join_10x64k_2,6211,0,,split_join,11,0.0278,11,1.0,0.0,0.0,1.0,0.0909,0.0,0.0,0.0,1,1.0,7.1433,1,0.0,0.0,0,1,1,1.0,1048576,1048576.0
benign_split_join_10x64k_2,11631,0,,split_join,58,0.0373,58,16.0,0.0,0.0,16.0,0.2759,0.0,0.0,0.069,16,1.0,7.1641,1,0.0,0.0,0,16,1,16.0,1048576,65536.0
benign_split_join_10x64k_2,11630,0,,split_join,19,0.0351,19,16.0,0.0,0.0,1.0,0.8421,0.0,0.0,0.0,16,1.0,7.1641,1,0.0,0.0,0,1,1,1.0,1048576,65536.0
benign_split_join_10x64k_2,11632,0,,split_join,48,0.0263,48,0.0,0.0,0.0,0.0,0.0,0.0,0.0,0.3333,0,0.0,0.0,0,0.0,0.0,0,0,0,0.0,0,0.0
benign_split_join_50x4k_1,2976,0,,split_join,26,0.0571,26,0.0,0.0,0.0,0.0,0.0,0.0,0.0,0.0,0,0.0,0.0,0,0.0,0.0,0,0,0,0.0,0,0.0
benign_split_join_50x4k_1,6211,0,,split_join,11,0.0311,11,1.0,0.0,0.0,1.0,0.0909,0.0,0.0,0.0,1,1.0,7.1693,1,0.0,0.0,0,1,1,1.0,1048576,1048576.0
benign_split_join_50x4k_1,11652,0,,split_join,58,0.0543,58,16.0,0.0,0.0,16.0,0.2759,0.0,0.0,0.069,16,1.0,7.1812,1,0.0,0.0,0,16,1,16.0,1048576,65536.0
benign_split_join_50x4k_1,11651,0,,split_join,19,0.0785,19,16.0,0.0,0.0,1.0,0.8421,0.0,0.0,0.0,16,1.0,7.1812,1,0.0,0.0,0,1,1,1.0,1048576,65536.0
benign_split_join_50x4k_1,11653,0,,split_join,48,0.0672,48,0.0,0.0,0.0,0.0,0.0,0.0,0.0,0.3333,0,0.0,0.0,0,0.0,0.0,0,0,0,0.0,0,0.0
benign_split_join_50x4k_2,2976,0,,split_join,26,0.0738,26,0.0,0.0,0.0,0.0,0.0,0.0,0.0,0.0,0,0.0,0.0,0,0.0,0.0,0,0,0,0.0,0,0.0
benign_split_join_50x4k_2,6211,0,,split_join,11,0.0353,11,1.0,0.0,0.0,1.0,0.0909,0.0,0.0,0.0,1,1.0,7.1418,1,0.0,0.0,0,1,1,1.0,1048576,1048576.0
benign_split_join_50x4k_2,11674,0,,split_join,58,0.0646,58,16.0,0.0,0.0,16.0,0.2759,0.0,0.0,0.069,16,1.0,7.1505,1,0.0,0.0,0,16,1,16.0,1048576,65536.0
benign_split_join_50x4k_2,11673,0,,split_join,19,0.0702,19,16.0,0.0,0.0,1.0,0.8421,0.0,0.0,0.0,16,1.0,7.1505,1,0.0,0.0,0,1,1,1.0,1048576,65536.0
benign_split_join_50x4k_2,11675,0,,split_join,48,0.0579,48,0.0,0.0,0.0,0.0,0.0,0.0,0.0,0.3333,0,0.0,0.0,0,0.0,0.0,0,0,0,0.0,0,0.0
benign_split_join_50x64k_1,2976,0,,split_join,26,0.1058,26,0.0,0.0,0.0,0.0,0.0,0.0,0.0,0.0,0,0.0,0.0,0,0.0,0.0,0,0,0,0.0,0,0.0
benign_split_join_50x64k_1,6211,0,,split_join,14,0.0858,14,4.0,0.0,0.0,1.0,0.2857,0.0,0.0,0.0,4,1.0,7.1226,1,0.0,0.0,0,1,1,1.0,3276800,819200.0
benign_split_join_50x64k_1,11696,0,,split_join,169,0.1423,169,50.0,0.0,0.0,50.0,0.2959,0.0,0.0,0.0769,50,1.0,7.157,1,0.0,0.0,0,50,1,50.0,3276800,65536.0
benign_split_join_50x64k_1,11695,0,,split_join,53,0.1605,53,50.0,0.0,0.0,1.0,0.9434,0.0,0.0,0.0,50,1.0,7.157,1,0.0,0.0,0,1,1,1.0,3276800,65536.0
benign_split_join_50x64k_1,11697,0,,split_join,150,0.1365,150,0.0,0.0,0.0,0.0,0.0,0.0,0.0,0.3333,0,0.0,0.0,0,0.0,0.0,0,0,0,0.0,0,0.0
benign_split_join_50x64k_2,2976,0,,split_join,26,0.0616,26,0.0,0.0,0.0,0.0,0.0,0.0,0.0,0.0,0,0.0,0.0,0,0.0,0.0,0,0,0,0.0,0,0.0
benign_split_join_50x64k_2,6211,0,,split_join,14,0.0513,14,4.0,0.0,0.0,1.0,0.2857,0.0,0.0,0.0,4,1.0,7.1581,1,0.0,0.0,0,1,1,1.0,3276800,819200.0
benign_split_join_50x64k_2,11718,0,,split_join,169,0.1584,169,50.0,0.0,0.0,50.0,0.2959,0.0,0.0,0.0769,50,1.0,7.162,1,0.0,0.0,0,50,1,50.0,3276800,65536.0
benign_split_join_50x64k_2,11717,0,,split_join,53,0.2001,53,50.0,0.0,0.0,1.0,0.9434,0.0,0.0,0.0,50,1.0,7.162,1,0.0,0.0,0,1,1,1.0,3276800,65536.0
benign_split_join_50x64k_2,11719,0,,split_join,150,0.1822,150,0.0,0.0,0.0,0.0,0.0,0.0,0.0,0.3333,0,0.0,0.0,0,0.0,0.0,0,0,0,0.0,0,0.0
benign_sqlite_bulk_10x4k_1,2976,0,,sqlite_bulk,26,0.0581,26,0.0,0.0,0.0,0.0,0.0,0.0,0.0,0.0,0,0.0,0.0,0,0.0,0.0,0,0,0,0.0,0,0.0
benign_sqlite_bulk_10x4k_1,6211,0,,sqlite_bulk,3,0.0043,3,0.0,0.0,0.0,0.0,0.0,0.0,0.0,0.0,0,0.0,0.0,0,0.0,0.0,0,0,0,0.0,0,0.0
benign_sqlite_bulk_10x4k_1,8943,0,,sqlite_bulk,965,0.7263,965,941.0,4.0,0.0,5.0,0.9751,0.0041,0.0,0.0031,0,0.0,1.582,1,0.288,0.0,0,2,1,2.0,1797464,1910.16
benign_sqlite_bulk_10x4k_2,2976,0,,sqlite_bulk,26,0.0774,26,0.0,0.0,0.0,0.0,0.0,0.0,0.0,0.0,0,0.0,0.0,0,0.0,0.0,0,0,0,0.0,0,0.0
benign_sqlite_bulk_10x4k_2,6211,0,,sqlite_bulk,3,0.0028,3,0.0,0.0,0.0,0.0,0.0,0.0,0.0,0.0,0,0.0,0.0,0,0.0,0.0,0,0,0,0.0,0,0.0
benign_sqlite_bulk_10x4k_2,8963,0,,sqlite_bulk,965,0.7908,965,941.0,4.0,0.0,5.0,0.9751,0.0041,0.0,0.0031,0,0.0,1.582,1,0.288,0.0,0,2,1,2.0,1797464,1910.16
benign_sqlite_bulk_10x64k_1,2976,0,,sqlite_bulk,26,0.0616,26,0.0,0.0,0.0,0.0,0.0,0.0,0.0,0.0,0,0.0,0.0,0,0.0,0.0,0,0,0,0.0,0,0.0
benign_sqlite_bulk_10x64k_1,6211,0,,sqlite_bulk,3,0.0022,3,0.0,0.0,0.0,0.0,0.0,0.0,0.0,0.0,0,0.0,0.0,0,0.0,0.0,0,0,0,0.0,0,0.0
benign_sqlite_bulk_10x64k_1,8983,0,,sqlite_bulk,965,0.7196,965,941.0,4.0,0.0,5.0,0.9751,0.0041,0.0,0.0031,0,0.0,1.5682,1,0.288,0.0,0,2,1,2.0,1797464,1910.16
benign_sqlite_bulk_10x64k_2,2976,0,,sqlite_bulk,26,0.0483,26,0.0,0.0,0.0,0.0,0.0,0.0,0.0,0.0,0,0.0,0.0,0,0.0,0.0,0,0,0,0.0,0,0.0
benign_sqlite_bulk_10x64k_2,6211,0,,sqlite_bulk,3,0.0038,3,0.0,0.0,0.0,0.0,0.0,0.0,0.0,0.0,0,0.0,0.0,0,0.0,0.0,0,0,0,0.0,0,0.0
benign_sqlite_bulk_10x64k_2,9003,0,,sqlite_bulk,965,0.6895,965,941.0,4.0,0.0,5.0,0.9751,0.0041,0.0,0.0031,0,0.0,1.582,1,0.288,0.0,0,2,1,2.0,1797464,1910.16
benign_sqlite_bulk_50x4k_1,2976,0,,sqlite_bulk,26,0.0898,26,0.0,0.0,0.0,0.0,0.0,0.0,0.0,0.0,0,0.0,0.0,0,0.0,0.0,0,0,0,0.0,0,0.0
benign_sqlite_bulk_50x4k_1,6211,0,,sqlite_bulk,3,0.0018,3,0.0,0.0,0.0,0.0,0.0,0.0,0.0,0.0,0,0.0,0.0,0,0.0,0.0,0,0,0,0.0,0,0.0
benign_sqlite_bulk_50x4k_1,9023,0,,sqlite_bulk,4636,3.0585,4636,1480.4721,1.3078,0.0,1.6348,0.9767,0.0009,0.0,0.0175,0,0.0,1.6349,1,0.2928,0.0,0,2,1,2.0,8713520,1924.36
benign_sqlite_bulk_50x4k_2,2976,0,,sqlite_bulk,26,0.0482,26,0.0,0.0,0.0,0.0,0.0,0.0,0.0,0.0,0,0.0,0.0,0,0.0,0.0,0,0,0,0.0,0,0.0
benign_sqlite_bulk_50x4k_2,6211,0,,sqlite_bulk,3,0.0024,3,0.0,0.0,0.0,0.0,0.0,0.0,0.0,0.0,0,0.0,0.0,0,0.0,0.0,0,0,0,0.0,0,0.0
benign_sqlite_bulk_50x4k_2,9043,0,,sqlite_bulk,4636,3.1751,4636,1426.109,1.2598,0.0,1.5748,0.9767,0.0009,0.0,0.0175,0,0.0,1.6349,1,0.2928,0.0,0,2,1,2.0,8713520,1924.36
benign_sqlite_bulk_50x64k_1,2976,0,,sqlite_bulk,26,0.079,26,0.0,0.0,0.0,0.0,0.0,0.0,0.0,0.0,0,0.0,0.0,0,0.0,0.0,0,0,0,0.0,0,0.0
benign_sqlite_bulk_50x64k_1,6211,0,,sqlite_bulk,3,0.0023,3,0.0,0.0,0.0,0.0,0.0,0.0,0.0,0.0,0,0.0,0.0,0,0.0,0.0,0,0,0,0.0,0,0.0
benign_sqlite_bulk_50x64k_1,9064,0,,sqlite_bulk,4636,2.9563,4636,1531.6324,1.353,0.0,1.6913,0.9767,0.0009,0.0,0.0175,0,0.0,1.6349,1,0.2928,0.0,0,2,1,2.0,8713520,1924.36
benign_sqlite_bulk_50x64k_2,2976,0,,sqlite_bulk,26,0.0611,26,0.0,0.0,0.0,0.0,0.0,0.0,0.0,0.0,0,0.0,0.0,0,0.0,0.0,0,0,0,0.0,0,0.0
benign_sqlite_bulk_50x64k_2,6211,0,,sqlite_bulk,3,0.0023,3,0.0,0.0,0.0,0.0,0.0,0.0,0.0,0.0,0,0.0,0.0,0,0.0,0.0,0,0,0,0.0,0,0.0
benign_sqlite_bulk_50x64k_2,9084,0,,sqlite_bulk,4636,3.2421,4636,1396.6279,1.2338,0.0,1.5422,0.9767,0.0009,0.0,0.0175,0,0.0,1.6296,1,0.2928,0.0,0,2,1,2.0,8713520,1924.36
benign_tar_create_10x4k_1,2976,0,,tar_create,26,0.0912,26,0.0,0.0,0.0,0.0,0.0,0.0,0.0,0.0,0,0.0,0.0,0,0.0,0.0,0,0,0,0.0,0,0.0
benign_tar_create_10x4k_1,6211,0,,tar_create,67,0.0722,67,30.0,0.0,0.0,10.0,0.4478,0.0,0.0,0.0,0,0.0,3.2477,1,0.0,0.0,0,10,1,10.0,41830,1394.33
benign_tar_create_10x4k_1,7680,0,,tar_create,45,0.0374,45,9.0,0.0,0.0,1.0,0.2,0.0,0.0,0.2222,0,0.0,2.4508,1,0.0,0.0,0,1,1,1.0,61440,6826.67
benign_tar_create_10x4k_2,2976,0,,tar_create,26,0.0586,26,0.0,0.0,0.0,0.0,0.0,0.0,0.0,0.0,0,0.0,0.0,0,0.0,0.0,0,0,0,0.0,0,0.0
benign_tar_create_10x4k_2,6211,0,,tar_create,67,0.0489,67,30.0,0.0,0.0,10.0,0.4478,0.0,0.0,0.0,0,0.0,3.2477,1,0.0,0.0,0,10,1,10.0,41830,1394.33
benign_tar_create_10x4k_2,7700,0,,tar_create,45,0.0372,45,9.0,0.0,0.0,1.0,0.2,0.0,0.0,0.2222,0,0.0,2.4506,1,0.0,0.0,0,1,1,1.0,61440,6826.67
benign_tar_create_10x64k_1,2976,0,,tar_create,26,0.0537,26,0.0,0.0,0.0,0.0,0.0,0.0,0.0,0.0,0,0.0,0.0,0,0.0,0.0,0,0,0,0.0,0,0.0
benign_tar_create_10x64k_1,6211,0,,tar_create,367,0.1851,367,330.0,0.0,0.0,10.0,0.8992,0.0,0.0,0.0,0,0.0,3.9077,1,0.0,0.0,0,10,1,10.0,655930,1987.67
benign_tar_create_10x64k_1,7720,0,,tar_create,150,0.102,150,99.0,0.0,0.0,1.0,0.66,0.0,0.0,0.1667,0,0.0,4.1655,1,0.0,0.0,0,1,1,1.0,675840,6826.67
benign_tar_create_10x64k_2,2976,0,,tar_create,26,0.0592,26,0.0,0.0,0.0,0.0,0.0,0.0,0.0,0.0,0,0.0,0.0,0,0.0,0.0,0,0,0,0.0,0,0.0
benign_tar_create_10x64k_2,6211,0,,tar_create,367,0.6147,367,330.0,0.0,0.0,10.0,0.8992,0.0,0.0,0.0,0,0.0,3.9077,1,0.0,0.0,0,10,1,10.0,655930,1987.67
benign_tar_create_10x64k_2,7740,0,,tar_create,150,0.1044,150,99.0,0.0,0.0,1.0,0.66,0.0,0.0,0.1667,0,0.0,4.1657,1,0.0,0.0,0,1,1,1.0,675840,6826.67
benign_tar_create_50x4k_1,2976,0,,tar_create,26,0.056,26,0.0,0.0,0.0,0.0,0.0,0.0,0.0,0.0,0,0.0,0.0,0,0.0,0.0,0,0,0,0.0,0,0.0
benign_tar_create_50x4k_1,6211,0,,tar_create,307,0.3065,307,150.0,0.0,0.0,50.0,0.4886,0.0,0.0,0.0,0,0.0,3.2477,1,0.0,0.0,0,50,1,50.0,209150,1394.33
benign_tar_create_50x4k_1,7760,0,,tar_create,195,0.1363,195,39.0,0.0,0.0,1.0,0.2,0.0,0.0,0.2564,0,0.0,2.9246,1,0.0,0.0,0,1,1,1.0,266240,6826.67
benign_tar_create_50x4k_2,2976,0,,tar_create,26,0.0607,26,0.0,0.0,0.0,0.0,0.0,0.0,0.0,0.0,0,0.0,0.0,0,0.0,0.0,0,0,0,0.0,0,0.0
benign_tar_create_50x4k_2,6211,0,,tar_create,307,0.1958,307,150.0,0.0,0.0,50.0,0.4886,0.0,0.0,0.0,0,0.0,3.2477,1,0.0,0.0,0,50,1,50.0,209150,1394.33
benign_tar_create_50x4k_2,7780,0,,tar_create,195,0.1696,195,39.0,0.0,0.0,1.0,0.2,0.0,0.0,0.2564,0,0.0,2.9248,1,0.0,0.0,0,1,1,1.0,266240,6826.67
benign_tar_create_50x64k_1,2976,0,,tar_create,26,0.067,26,0.0,0.0,0.0,0.0,0.0,0.0,0.0,0.0,0,0.0,0.0,0,0.0,0.0,0,0,0,0.0,0,0.0
benign_tar_create_50x64k_1,6211,0,,tar_create,1810,1.1226,1810,1469.7642,0.0,0.0,44.5383,0.9116,0.0,0.0,0.0,0,0.0,3.9077,1,0.0,0.0,0,50,1,50.0,3279650,1987.67
benign_tar_create_50x64k_1,7801,0,,tar_create,720,0.4729,720,489.0,0.0,0.0,1.0,0.6792,0.0,0.0,0.1736,0,0.0,4.2245,1,0.0,0.0,0,1,1,1.0,3338240,6826.67
benign_tar_create_50x64k_2,2976,0,,tar_create,26,0.1339,26,0.0,0.0,0.0,0.0,0.0,0.0,0.0,0.0,0,0.0,0.0,0,0.0,0.0,0,0,0,0.0,0,0.0
benign_tar_create_50x64k_2,6211,0,,tar_create,1810,1.086,1810,1519.4008,0.0,0.0,46.0424,0.9116,0.0,0.0,0.0,0,0.0,3.9077,1,0.0,0.0,0,50,1,50.0,3279650,1987.67
benign_tar_create_50x64k_2,7821,0,,tar_create,720,0.4874,720,489.0,0.0,0.0,1.0,0.6792,0.0,0.0,0.1736,0,0.0,4.2245,1,0.0,0.0,0,1,1,1.0,3338240,6826.67
benign_tar_extract_10x4k_1,2976,0,,tar_extract,26,0.082,26,0.0,0.0,0.0,0.0,0.0,0.0,0.0,0.0,0,0.0,0.0,0,0.0,0.0,0,0,0,0.0,0,0.0
benign_tar_extract_10x4k_1,6211,0,,tar_extract,72,0.2962,72,30.0,0.0,0.0,10.0,0.4167,0.0,0.0,0.0,0,0.0,3.2477,1,0.0,0.0,0,10,1,10.0,41830,1394.33
benign_tar_extract_10x4k_1,8021,0,,tar_extract,42,0.0712,42,9.0,0.0,0.0,1.0,0.2143,0.0,0.0,0.2381,0,0.0,2.4527,1,0.0,0.0,0,1,1,1.0,61440,6826.67
benign_tar_extract_10x4k_1,8025,0,,tar_extract,55,0.0494,55,15.0,0.0,0.0,10.0,0.2727,0.0,0.0,0.0364,0,0.0,4.3711,1,0.0,0.0,0,11,2,5.5,41830,2788.67
benign_tar_extract_10x4k_2,6211,0,,tar_extract,73,0.1851,73,30.0,0.0,0.0,10.0,0.411,0.0,0.0,0.0,0,0.0,3.2477,1,0.0,0.0,0,10,1,10.0,41830,1394.33
benign_tar_extract_10x4k_2,2976,0,,tar_extract,26,0.1351,26,0.0,0.0,0.0,0.0,0.0,0.0,0.0,0.0,0,0.0,0.0,0,0.0,0.0,0,0,0,0.0,0,0.0
benign_tar_extract_10x4k_2,8042,0,,tar_extract,42,0.0387,42,9.0,0.0,0.0,1.0,0.2143,0.0,0.0,0.2381,0,0.0,2.452,1,0.0,0.0,0,1,1,1.0,61440,6826.67
benign_tar_extract_10x4k_2,8047,0,,tar_extract,55,0.0627,55,15.0,0.0,0.0,10.0,0.2727,0.0,0.0,0.0364,0,0.0,4.3711,1,0.0,0.0,0,11,2,5.5,41830,2788.67
benign_tar_extract_10x64k_1,2976,0,,tar_extract,26,0.0478,26,0.0,0.0,0.0,0.0,0.0,0.0,0.0,0.0,0,0.0,0.0,0,0.0,0.0,0,0,0,0.0,0,0.0
benign_tar_extract_10x64k_1,6211,0,,tar_extract,372,0.3323,372,330.0,0.0,0.0,10.0,0.8871,0.0,0.0,0.0,0,0.0,3.9077,1,0.0,0.0,0,10,1,10.0,655930,1987.67
benign_tar_extract_10x64k_1,8066,0,,tar_extract,147,0.0763,147,99.0,0.0,0.0,1.0,0.6735,0.0,0.0,0.1701,0,0.0,4.1658,1,0.0,0.0,0,1,1,1.0,675840,6826.67
benign_tar_extract_10x64k_1,8070,0,,tar_extract,165,0.1214,165,120.0,0.0,0.0,10.0,0.7273,0.0,0.0,0.0424,0,0.0,4.3727,1,0.0,0.0,0,11,2,5.5,655930,5466.08
benign_tar_extract_10x64k_2,2976,0,,tar_extract,26,0.0463,26,0.0,0.0,0.0,0.0,0.0,0.0,0.0,0.0,0,0.0,0.0,0,0.0,0.0,0,0,0,0.0,0,0.0
benign_tar_extract_10x64k_2,6211,0,,tar_extract,372,0.3072,372,330.0,0.0,0.0,10.0,0.8871,0.0,0.0,0.0,0,0.0,3.9077,1,0.0,0.0,0,10,1,10.0,655930,1987.67
benign_tar_extract_10x64k_2,8088,0,,tar_extract,147,0.0696,147,99.0,0.0,0.0,1.0,0.6735,0.0,0.0,0.1701,0,0.0,4.1659,1,0.0,0.0,0,1,1,1.0,675840,6826.67
benign_tar_extract_10x64k_2,8092,0,,tar_extract,165,0.1359,165,120.0,0.0,0.0,10.0,0.7273,0.0,0.0,0.0424,0,0.0,4.3727,1,0.0,0.0,0,11,2,5.5,655930,5466.08
benign_tar_extract_50x4k_1,2976,0,,tar_extract,26,0.0518,26,0.0,0.0,0.0,0.0,0.0,0.0,0.0,0.0,0,0.0,0.0,0,0.0,0.0,0,0,0,0.0,0,0.0
benign_tar_extract_50x4k_1,6211,0,,tar_extract,313,0.756,313,150.0,0.0,0.0,50.0,0.4792,0.0,0.0,0.0,0,0.0,3.2477,1,0.0,0.0,0,50,1,50.0,209150,1394.33
benign_tar_extract_50x4k_1,8110,0,,tar_extract,192,0.2205,192,39.0,0.0,0.0,1.0,0.2031,0.0,0.0,0.2604,0,0.0,2.9248,1,0.0,0.0,0,1,1,1.0,266240,6826.67
benign_tar_extract_50x4k_1,8114,0,,tar_extract,237,0.1708,237,75.0,0.0,0.0,50.0,0.3165,0.0,0.0,0.0169,0,0.0,4.3711,1,0.0,0.0,0,51,2,25.5,209150,2788.67
benign_tar_extract_50x4k_2,2976,0,,tar_extract,26,0.0518,26,0.0,0.0,0.0,0.0,0.0,0.0,0.0,0.0,0,0.0,0.0,0,0.0,0.0,0,0,0,0.0,0,0.0
benign_tar_extract_50x4k_2,6211,0,,tar_extract,312,0.4002,312,150.0,0.0,0.0,50.0,0.4808,0.0,0.0,0.0,0,0.0,3.2477,1,0.0,0.0,0,50,1,50.0,209150,1394.33
benign_tar_extract_50x4k_2,8132,0,,tar_extract,192,0.1079,192,39.0,0.0,0.0,1.0,0.2031,0.0,0.0,0.2604,0,0.0,2.9241,1,0.0,0.0,0,1,1,1.0,266240,6826.67
benign_tar_extract_50x4k_2,8136,0,,tar_extract,237,0.1551,237,75.0,0.0,0.0,50.0,0.3165,0.0,0.0,0.0169,0,0.0,4.3711,1,0.0,0.0,0,51,2,25.5,209150,2788.67
benign_tar_extract_50x64k_1,2976,0,,tar_extract,26,0.0649,26,0.0,0.0,0.0,0.0,0.0,0.0,0.0,0.0,0,0.0,0.0,0,0.0,0.0,0,0,0,0.0,0,0.0
benign_tar_extract_50x64k_1,6211,0,,tar_extract,1814,1.2755,1814,1293.5822,0.0,0.0,39.1995,0.9096,0.0,0.0,0.0,0,0.0,3.9077,1,0.0,0.0,0,50,1,50.0,3279650,1987.67
benign_tar_extract_50x64k_1,8155,0,,tar_extract,717,0.3467,717,489.0,0.0,0.0,1.0,0.682,0.0,0.0,0.1743,0,0.0,4.2245,1,0.0,0.0,0,1,1,1.0,3338240,6826.67
benign_tar_extract_50x64k_1,8159,0,,tar_extract,785,0.5209,785,600.0,0.0,0.0,50.0,0.7643,0.0,0.0,0.0344,0,0.0,4.3727,1,0.0,0.0,0,51,2,25.5,3279650,5466.08
benign_tar_extract_50x64k_2,2976,0,,tar_extract,26,0.0511,26,0.0,0.0,0.0,0.0,0.0,0.0,0.0,0.0,0,0.0,0.0,0,0.0,0.0,0,0,0,0.0,0,0.0
benign_tar_extract_50x64k_2,6211,0,,tar_extract,1815,1.629,1815,1012.8869,0.0,0.0,30.6935,0.9091,0.0,0.0,0.0,0,0.0,3.9077,1,0.0,0.0,0,50,1,50.0,3279650,1987.67
benign_tar_extract_50x64k_2,8177,0,,tar_extract,717,0.4024,717,489.0,0.0,0.0,1.0,0.682,0.0,0.0,0.1743,0,0.0,4.2245,1,0.0,0.0,0,1,1,1.0,3338240,6826.67
benign_tar_extract_50x64k_2,8181,0,,tar_extract,785,0.7102,785,600.0,0.0,0.0,50.0,0.7643,0.0,0.0,0.0344,0,0.0,4.3727,1,0.0,0.0,0,51,2,25.5,3279650,5466.08
benign_tar_gzip_10x4k_1,2976,0,,tar_gzip,26,0.0562,26,0.0,0.0,0.0,0.0,0.0,0.0,0.0,0.0,0,0.0,0.0,0,0.0,0.0,0,0,0,0.0,0,0.0
benign_tar_gzip_10x4k_1,6211,0,,tar_gzip,67,0.063,67,30.0,0.0,0.0,10.0,0.4478,0.0,0.0,0.0,0,0.0,3.2477,1,0.0,0.0,0,10,1,10.0,41830,1394.33
benign_tar_gzip_10x4k_1,7841,0,,tar_gzip,34,0.0317,34,0.0,0.0,0.0,0.0,0.0,0.0,0.0,0.2941,0,0.0,0.0,0,0.0,0.0,0,0,0,0.0,0,0.0
benign_tar_gzip_10x4k_1,7842,0,,tar_gzip,5,0.0334,5,1.0,0.0,0.0,1.0,0.2,0.0,0.0,0.0,1,1.0,7.011,1,0.0,0.0,0,1,1,1.0,550,550.0
benign_tar_gzip_10x4k_2,2976,0,,tar_gzip,26,0.0586,26,0.0,0.0,0.0,0.0,0.0,0.0,0.0,0.0,0,0.0,0.0,0,0.0,0.0,0,0,0,0.0,0,0.0
benign_tar_gzip_10x4k_2,6211,0,,tar_gzip,67,0.0545,67,30.0,0.0,0.0,10.0,0.4478,0.0,0.0,0.0,0,0.0,3.2477,1,0.0,0.0,0,10,1,10.0,41830,1394.33
benign_tar_gzip_10x4k_2,7864,0,,tar_gzip,34,0.0336,34,0.0,0.0,0.0,0.0,0.0,0.0,0.0,0.2941,0,0.0,0.0,0,0.0,0.0,0,0,0,0.0,0,0.0
benign_tar_gzip_10x4k_2,7865,0,,tar_gzip,5,0.036,5,1.0,0.0,0.0,1.0,0.2,0.0,0.0,0.0,1,1.0,7.0015,1,0.0,0.0,0,1,1,1.0,550,550.0
benign_tar_gzip_10x64k_1,2976,0,,tar_gzip,26,0.0848,26,0.0,0.0,0.0,0.0,0.0,0.0,0.0,0.0,0,0.0,0.0,0,0.0,0.0,0,0,0,0.0,0,0.0
benign_tar_gzip_10x64k_1,6211,0,,tar_gzip,368,0.6585,368,330.0,0.0,0.0,10.0,0.8967,0.0,0.0,0.0,0,0.0,3.9077,1,0.0,0.0,0,10,1,10.0,655930,1987.67
benign_tar_gzip_10x64k_1,7887,0,,tar_gzip,49,0.0508,49,0.0,0.0,0.0,0.0,0.0,0.0,0.0,0.5102,0,0.0,0.0,0,0.0,0.0,0,0,0,0.0,0,0.0
benign_tar_gzip_10x64k_1,7888,0,,tar_gzip,5,0.054,5,1.0,0.0,0.0,1.0,0.2,0.0,0.0,0.0,0,0.0,6.7071,1,0.0,0.0,0,1,1,1.0,3115,3115.0
benign_tar_gzip_10x64k_2,2976,0,,tar_gzip,26,0.0597,26,0.0,0.0,0.0,0.0,0.0,0.0,0.0,0.0,0,0.0,0.0,0,0.0,0.0,0,0,0,0.0,0,0.0
benign_tar_gzip_10x64k_2,6211,0,,tar_gzip,367,0.2143,367,330.0,0.0,0.0,10.0,0.8992,0.0,0.0,0.0,0,0.0,3.9077,1,0.0,0.0,0,10,1,10.0,655930,1987.67
benign_tar_gzip_10x64k_2,7909,0,,tar_gzip,49,0.0691,49,0.0,0.0,0.0,0.0,0.0,0.0,0.0,0.5102,0,0.0,0.0,0,0.0,0.0,0,0,0,0.0,0,0.0
benign_tar_gzip_10x64k_2,7910,0,,tar_gzip,5,0.0749,5,1.0,0.0,0.0,1.0,0.2,0.0,0.0,0.0,0,0.0,6.6223,1,0.0,0.0,0,1,1,1.0,3128,3128.0
benign_tar_gzip_50x4k_1,2976,0,,tar_gzip,26,0.0641,26,0.0,0.0,0.0,0.0,0.0,0.0,0.0,0.0,0,0.0,0.0,0,0.0,0.0,0,0,0,0.0,0,0.0
benign_tar_gzip_50x4k_1,6211,0,,tar_gzip,307,0.2123,307,150.0,0.0,0.0,50.0,0.4886,0.0,0.0,0.0,0,0.0,3.2477,1,0.0,0.0,0,50,1,50.0,209150,1394.33
benign_tar_gzip_50x4k_1,7931,0,,tar_gzip,154,0.1518,154,0.0,0.0,0.0,0.0,0.0,0.0,0.0,0.3247,0,0.0,0.0,0,0.0,0.0,0,0,0,0.0,0,0.0
benign_tar_gzip_50x4k_1,7932,0,,tar_gzip,5,0.1541,5,1.0,0.0,0.0,1.0,0.2,0.0,0.0,0.0,0,0.0,6.8173,1,0.0,0.0,0,1,1,1.0,1868,1868.0
benign_tar_gzip_50x4k_2,2976,0,,tar_gzip,26,0.0779,26,0.0,0.0,0.0,0.0,0.0,0.0,0.0,0.0,0,0.0,0.0,0,0.0,0.0,0,0,0,0.0,0,0.0
benign_tar_gzip_50x4k_2,6211,0,,tar_gzip,307,0.1832,307,150.0,0.0,0.0,50.0,0.4886,0.0,0.0,0.0,0,0.0,3.2477,1,0.0,0.0,0,50,1,50.0,209150,1394.33
benign_tar_gzip_50x4k_2,7956,0,,tar_gzip,154,0.1813,154,0.0,0.0,0.0,0.0,0.0,0.0,0.0,0.3247,0,0.0,0.0,0,0.0,0.0,0,0,0,0.0,0,0.0
benign_tar_gzip_50x4k_2,7957,0,,tar_gzip,5,0.1831,5,1.0,0.0,0.0,1.0,0.2,0.0,0.0,0.0,0,0.0,6.6792,1,0.0,0.0,0,1,1,1.0,1869,1869.0
benign_tar_gzip_50x64k_1,2976,0,,tar_gzip,26,0.088,26,0.0,0.0,0.0,0.0,0.0,0.0,0.0,0.0,0,0.0,0.0,0,0.0,0.0,0,0,0,0.0,0,0.0
benign_tar_gzip_50x64k_1,6211,0,,tar_gzip,1807,0.96,1807,1650.0,0.0,0.0,50.0,0.9131,0.0,0.0,0.0,0,0.0,3.9077,1,0.0,0.0,0,50,1,50.0,3279650,1987.67
benign_tar_gzip_50x64k_1,7978,0,,tar_gzip,229,0.1863,229,0.0,0.0,0.0,0.0,0.0,0.0,0.0,0.5459,0,0.0,0.0,0,0.0,0.0,0,0,0,0.0,0,0.0
benign_tar_gzip_50x64k_1,7979,0,,tar_gzip,5,0.1892,5,1.0,0.0,0.0,1.0,0.2,0.0,0.0,0.0,0,0.0,6.6443,1,0.0,0.0,0,1,1,1.0,14974,14974.0
benign_tar_gzip_50x64k_2,6211,0,,tar_gzip,1808,0.9666,1808,1650.0,0.0,0.0,50.0,0.9126,0.0,0.0,0.0,0,0.0,3.9077,1,0.0,0.0,0,50,1,50.0,3279650,1987.67
benign_tar_gzip_50x64k_2,2976,0,,tar_gzip,26,0.1015,26,0.0,0.0,0.0,0.0,0.0,0.0,0.0,0.0,0,0.0,0.0,0,0.0,0.0,0,0,0,0.0,0,0.0
benign_tar_gzip_50x64k_2,8001,0,,tar_gzip,229,0.1943,229,0.0,0.0,0.0,0.0,0.0,0.0,0.0,0.5459,0,0.0,0.0,0,0.0,0.0,0,0,0,0.0,0,0.0
benign_tar_gzip_50x64k_2,8002,0,,tar_gzip,5,0.1948,5,1.0,0.0,0.0,1.0,0.2,0.0,0.0,0.0,0,0.0,6.6486,1,0.0,0.0,0,1,1,1.0,14990,14990.0
benign_xz_each_10x4k_1,2976,0,,xz_each,26,0.1492,26,0.0,0.0,0.0,0.0,0.0,0.0,0.0,0.0,0,0.0,0.0,0,0.0,0.0,0,0,0,0.0,0,0.0
benign_xz_each_10x4k_1,6211,0,,xz_each,67,0.1135,67,30.0,0.0,0.0,10.0,0.4478,0.0,0.0,0.0,0,0.0,3.2477,1,0.0,0.0,0,10,1,10.0,41830,1394.33
benign_xz_each_10x4k_1,9279,0,,xz_each,4,0.0021,4,0.0,0.0,0.0,0.0,0.0,0.0,0.0,0.0,0,0.0,0.0,0,0.0,0.0,0,0,0,0.0,0,0.0
benign_xz_each_10x4k_1,9280,0,,xz_each,100,0.1732,100,10.0,10.0,0.0,10.0,0.1,0.1,0.0,0.1,0,0.0,6.131,1,0.0,0.0,0,20,1,20.0,1360,136.0
benign_xz_each_10x4k_2,2976,0,,xz_each,26,0.1324,26,0.0,0.0,0.0,0.0,0.0,0.0,0.0,0.0,0,0.0,0.0,0,0.0,0.0,0,0,0,0.0,0,0.0
benign_xz_each_10x4k_2,6211,0,,xz_each,67,0.0931,67,30.0,0.0,0.0,10.0,0.4478,0.0,0.0,0.0,0,0.0,3.2477,1,0.0,0.0,0,10,1,10.0,41830,1394.33
benign_xz_each_10x4k_2,9300,0,,xz_each,4,0.0016,4,0.0,0.0,0.0,0.0,0.0,0.0,0.0,0.0,0,0.0,0.0,0,0.0,0.0,0,0,0,0.0,0,0.0
benign_xz_each_10x4k_2,9301,0,,xz_each,100,0.1494,100,10.0,10.0,0.0,10.0,0.1,0.1,0.0,0.1,0,0.0,6.131,1,0.0,0.0,0,20,1,20.0,1360,136.0
benign_xz_each_10x64k_1,6211,0,,xz_each,368,0.247,368,330.0,0.0,0.0,10.0,0.8967,0.0,0.0,0.0,0,0.0,3.9077,1,0.0,0.0,0,10,1,10.0,655930,1987.67
benign_xz_each_10x64k_1,2976,0,,xz_each,26,0.0938,26,0.0,0.0,0.0,0.0,0.0,0.0,0.0,0.0,0,0.0,0.0,0,0.0,0.0,0,0,0,0.0,0,0.0
benign_xz_each_10x64k_1,9322,0,,xz_each,4,0.0015,4,0.0,0.0,0.0,0.0,0.0,0.0,0.0,0.0,0,0.0,0.0,0,0.0,0.0,0,0,0,0.0,0,0.0
benign_xz_each_10x64k_1,9323,0,,xz_each,110,0.1988,110,10.0,10.0,0.0,10.0,0.0909,0.0909,0.0,0.1818,0,0.0,6.5586,1,0.0,0.0,0,20,1,20.0,1880,188.0
benign_xz_each_10x64k_2,6211,0,,xz_each,368,0.466,368,330.0,0.0,0.0,10.0,0.8967,0.0,0.0,0.0,0,0.0,3.9077,1,0.0,0.0,0,10,1,10.0,655930,1987.67
benign_xz_each_10x64k_2,2976,0,,xz_each,26,0.2413,26,0.0,0.0,0.0,0.0,0.0,0.0,0.0,0.0,0,0.0,0.0,0,0.0,0.0,0,0,0,0.0,0,0.0
benign_xz_each_10x64k_2,9343,0,,xz_each,4,0.0019,4,0.0,0.0,0.0,0.0,0.0,0.0,0.0,0.0,0,0.0,0.0,0,0.0,0.0,0,0,0,0.0,0,0.0
benign_xz_each_10x64k_2,9344,0,,xz_each,110,0.1966,110,10.0,10.0,0.0,10.0,0.0909,0.0909,0.0,0.1818,0,0.0,6.5586,1,0.0,0.0,0,20,1,20.0,1880,188.0
benign_xz_each_50x4k_1,2976,0,,xz_each,26,0.063,26,0.0,0.0,0.0,0.0,0.0,0.0,0.0,0.0,0,0.0,0.0,0,0.0,0.0,0,0,0,0.0,0,0.0
benign_xz_each_50x4k_1,6211,0,,xz_each,307,0.2096,307,150.0,0.0,0.0,50.0,0.4886,0.0,0.0,0.0,0,0.0,3.2477,1,0.0,0.0,0,50,1,50.0,209150,1394.33
benign_xz_each_50x4k_1,9364,0,,xz_each,4,0.0015,4,0.0,0.0,0.0,0.0,0.0,0.0,0.0,0.0,0,0.0,0.0,0,0.0,0.0,0,0,0,0.0,0,0.0
benign_xz_each_50x4k_1,9365,0,,xz_each,500,0.6029,500,50.0,50.0,0.0,50.0,0.1,0.1,0.0,0.1,0,0.0,6.131,1,0.0,0.0,0,100,1,100.0,6800,136.0
benign_xz_each_50x4k_2,2976,0,,xz_each,26,0.1148,26,0.0,0.0,0.0,0.0,0.0,0.0,0.0,0.0,0,0.0,0.0,0,0.0,0.0,0,0,0,0.0,0,0.0
benign_xz_each_50x4k_2,6211,0,,xz_each,307,0.2258,307,150.0,0.0,0.0,50.0,0.4886,0.0,0.0,0.0,0,0.0,3.2477,1,0.0,0.0,0,50,1,50.0,209150,1394.33
benign_xz_each_50x4k_2,9384,0,,xz_each,4,0.0021,4,0.0,0.0,0.0,0.0,0.0,0.0,0.0,0.0,0,0.0,0.0,0,0.0,0.0,0,0,0,0.0,0,0.0
benign_xz_each_50x4k_2,9385,0,,xz_each,500,0.5904,500,50.0,50.0,0.0,50.0,0.1,0.1,0.0,0.1,0,0.0,6.131,1,0.0,0.0,0,100,1,100.0,6800,136.0
benign_xz_each_50x64k_1,2976,0,,xz_each,26,0.0573,26,0.0,0.0,0.0,0.0,0.0,0.0,0.0,0.0,0,0.0,0.0,0,0.0,0.0,0,0,0,0.0,0,0.0
benign_xz_each_50x64k_1,6211,0,,xz_each,1809,1.1583,1809,1424.4482,0.0,0.0,43.1651,0.9121,0.0,0.0,0.0,0,0.0,3.9077,1,0.0,0.0,0,50,1,50.0,3279650,1987.67
benign_xz_each_50x64k_1,9407,0,,xz_each,4,0.0019,4,0.0,0.0,0.0,0.0,0.0,0.0,0.0,0.0,0,0.0,0.0,0,0.0,0.0,0,0,0,0.0,0,0.0
benign_xz_each_50x64k_1,9408,0,,xz_each,550,0.8552,550,50.0,50.0,0.0,50.0,0.0909,0.0909,0.0,0.1818,0,0.0,6.5586,1,0.0,0.0,0,100,1,100.0,9400,188.0
benign_xz_each_50x64k_2,2976,0,,xz_each,26,0.1494,26,0.0,0.0,0.0,0.0,0.0,0.0,0.0,0.0,0,0.0,0.0,0,0.0,0.0,0,0,0,0.0,0,0.0
benign_xz_each_50x64k_2,6211,0,,xz_each,1808,0.9795,1808,1650.0,0.0,0.0,50.0,0.9126,0.0,0.0,0.0,0,0.0,3.9077,1,0.0,0.0,0,50,1,50.0,3279650,1987.67
benign_xz_each_50x64k_2,9428,0,,xz_each,4,0.0014,4,0.0,0.0,0.0,0.0,0.0,0.0,0.0,0.0,0,0.0,0.0,0,0.0,0.0,0,0,0,0.0,0,0.0
benign_xz_each_50x64k_2,9429,0,,xz_each,550,0.8022,550,50.0,50.0,0.0,50.0,0.0909,0.0909,0.0,0.1818,0,0.0,6.5586,1,0.0,0.0,0,100,1,100.0,9400,188.0
benign_zip_archive_10x4k_1,2976,0,,zip_archive,26,0.0588,26,0.0,0.0,0.0,0.0,0.0,0.0,0.0,0.0,0,0.0,0.0,0,0.0,0.0,0,0,0,0.0,0,0.0
benign_zip_archive_10x4k_1,6211,0,,zip_archive,67,0.0534,67,30.0,0.0,0.0,10.0,0.4478,0.0,0.0,0.0,0,0.0,3.2477,1,0.0,0.0,0,10,1,10.0,41830,1394.33
benign_zip_archive_10x4k_1,8381,0,,zip_archive,3,0.0039,3,0.0,0.0,0.0,0.0,0.0,0.0,0.0,0.0,0,0.0,0.0,0,0.0,0.0,0,0,0,0.0,0,0.0
benign_zip_archive_10x4k_1,8382,0,,zip_archive,59,0.1055,59,21.0,1.0,1.0,2.0,0.3559,0.0169,0.0169,0.1695,0,0.0,5.1598,1,0.0,1.0,1,2,1,2.0,3072,146.29
benign_zip_archive_10x4k_2,2976,0,,zip_archive,26,0.1883,26,0.0,0.0,0.0,0.0,0.0,0.0,0.0,0.0,0,0.0,0.0,0,0.0,0.0,0,0,0,0.0,0,0.0
benign_zip_archive_10x4k_2,6211,0,,zip_archive,67,0.1399,67,30.0,0.0,0.0,10.0,0.4478,0.0,0.0,0.0,0,0.0,3.2477,1,0.0,0.0,0,10,1,10.0,41830,1394.33
benign_zip_archive_10x4k_2,8402,0,,zip_archive,3,0.0022,3,0.0,0.0,0.0,0.0,0.0,0.0,0.0,0.0,0,0.0,0.0,0,0.0,0.0,0,0,0,0.0,0,0.0
benign_zip_archive_10x4k_2,8403,0,,zip_archive,59,0.0982,59,21.0,1.0,1.0,2.0,0.3559,0.0169,0.0169,0.1695,0,0.0,5.1622,1,0.0,1.0,1,2,1,2.0,3072,146.29
benign_zip_archive_10x64k_1,2976,0,,zip_archive,26,0.0576,26,0.0,0.0,0.0,0.0,0.0,0.0,0.0,0.0,0,0.0,0.0,0,0.0,0.0,0,0,0,0.0,0,0.0
benign_zip_archive_10x64k_1,6211,0,,zip_archive,367,0.3128,367,330.0,0.0,0.0,10.0,0.8992,0.0,0.0,0.0,0,0.0,3.9077,1,0.0,0.0,0,10,1,10.0,655930,1987.67
benign_zip_archive_10x64k_1,8423,0,,zip_archive,3,0.0011,3,0.0,0.0,0.0,0.0,0.0,0.0,0.0,0.0,0,0.0,0.0,0,0.0,0.0,0,0,0,0.0,0,0.0
benign_zip_archive_10x64k_1,8424,0,,zip_archive,60,0.0537,60,22.0,1.0,1.0,2.0,0.3667,0.0167,0.0167,0.1667,0,0.0,5.0398,1,0.0,1.0,1,2,1,2.0,5202,236.45
benign_zip_archive_10x64k_2,2976,0,,zip_archive,26,0.0625,26,0.0,0.0,0.0,0.0,0.0,0.0,0.0,0.0,0,0.0,0.0,0,0.0,0.0,0,0,0,0.0,0,0.0
benign_zip_archive_10x64k_2,6211,0,,zip_archive,367,0.2423,367,330.0,0.0,0.0,10.0,0.8992,0.0,0.0,0.0,0,0.0,3.9077,1,0.0,0.0,0,10,1,10.0,655930,1987.67
benign_zip_archive_10x64k_2,8444,0,,zip_archive,3,0.0011,3,0.0,0.0,0.0,0.0,0.0,0.0,0.0,0.0,0,0.0,0.0,0,0.0,0.0,0,0,0,0.0,0,0.0
benign_zip_archive_10x64k_2,8445,0,,zip_archive,60,0.0596,60,22.0,1.0,1.0,2.0,0.3667,0.0167,0.0167,0.1667,0,0.0,5.0207,1,0.0,1.0,1,2,1,2.0,5202,236.45
benign_zip_archive_50x4k_1,2976,0,,zip_archive,26,0.0521,26,0.0,0.0,0.0,0.0,0.0,0.0,0.0,0.0,0,0.0,0.0,0,0.0,0.0,0,0,0,0.0,0,0.0
benign_zip_archive_50x4k_1,6211,0,,zip_archive,307,0.2082,307,150.0,0.0,0.0,50.0,0.4886,0.0,0.0,0.0,0,0.0,3.2477,1,0.0,0.0,0,50,1,50.0,209150,1394.33
benign_zip_archive_50x4k_1,8465,0,,zip_archive,3,0.0011,3,0.0,0.0,0.0,0.0,0.0,0.0,0.0,0.0,0,0.0,0.0,0,0.0,0.0,0,0,0,0.0,0,0.0
benign_zip_archive_50x4k_1,8466,0,,zip_archive,262,0.1695,262,104.0,1.0,1.0,2.0,0.3969,0.0038,0.0038,0.1908,0,0.0,5.1363,1,0.0,1.0,1,2,1,2.0,15272,146.85
benign_zip_archive_50x4k_2,2976,0,,zip_archive,26,0.235,26,0.0,0.0,0.0,0.0,0.0,0.0,0.0,0.0,0,0.0,0.0,0,0.0,0.0,0,0,0,0.0,0,0.0
benign_zip_archive_50x4k_2,6211,0,,zip_archive,307,0.5425,307,150.0,0.0,0.0,50.0,0.4886,0.0,0.0,0.0,0,0.0,3.2477,1,0.0,0.0,0,50,1,50.0,209150,1394.33
benign_zip_archive_50x4k_2,8485,0,,zip_archive,3,0.0012,3,0.0,0.0,0.0,0.0,0.0,0.0,0.0,0.0,0,0.0,0.0,0,0.0,0.0,0,0,0,0.0,0,0.0
benign_zip_archive_50x4k_2,8486,0,,zip_archive,262,0.1789,262,104.0,1.0,1.0,2.0,0.3969,0.0038,0.0038,0.1908,0,0.0,5.1433,1,0.0,1.0,1,2,1,2.0,15272,146.85
benign_zip_archive_50x64k_1,2976,0,,zip_archive,26,0.1588,26,0.0,0.0,0.0,0.0,0.0,0.0,0.0,0.0,0,0.0,0.0,0,0.0,0.0,0,0,0,0.0,0,0.0
benign_zip_archive_50x64k_1,6211,0,,zip_archive,1810,1.4823,1810,1113.1504,0.0,0.0,33.7318,0.9116,0.0,0.0,0.0,0,0.0,3.9077,1,0.0,0.0,0,50,1,50.0,3279650,1987.67
benign_zip_archive_50x64k_1,8506,0,,zip_archive,3,0.0027,3,0.0,0.0,0.0,0.0,0.0,0.0,0.0,0.0,0,0.0,0.0,0,0.0,0.0,0,0,0,0.0,0,0.0
benign_zip_archive_50x64k_1,8507,0,,zip_archive,265,0.29,265,107.0,1.0,1.0,2.0,0.4038,0.0038,0.0038,0.1887,0,0.0,4.9653,1,0.0,1.0,1,2,1,2.0,25922,242.26
benign_zip_archive_50x64k_2,2976,0,,zip_archive,26,0.0522,26,0.0,0.0,0.0,0.0,0.0,0.0,0.0,0.0,0,0.0,0.0,0,0.0,0.0,0,0,0,0.0,0,0.0
benign_zip_archive_50x64k_2,6211,0,,zip_archive,1810,1.8559,1810,889.0761,0.0,0.0,26.9417,0.9116,0.0,0.0,0.0,0,0.0,3.9077,1,0.0,0.0,0,50,1,50.0,3279650,1987.67
benign_zip_archive_50x64k_2,8527,0,,zip_archive,3,0.0018,3,0.0,0.0,0.0,0.0,0.0,0.0,0.0,0.0,0,0.0,0.0,0,0.0,0.0,0,0,0,0.0,0,0.0
benign_zip_archive_50x64k_2,8528,0,,zip_archive,265,0.263,265,107.0,1.0,1.0,2.0,0.4038,0.0038,0.0038,0.1887,0,0.0,4.9359,1,0.0,1.0,1,2,1,2.0,25922,242.26
benign_zstd_each_10x4k_1,2976,0,,zstd_each,26,0.0525,26,0.0,0.0,0.0,0.0,0.0,0.0,0.0,0.0,0,0.0,0.0,0,0.0,0.0,0,0,0,0.0,0,0.0
benign_zstd_each_10x4k_1,6211,0,,zstd_each,67,0.077,67,30.0,0.0,0.0,10.0,0.4478,0.0,0.0,0.0,0,0.0,3.2477,1,0.0,0.0,0,10,1,10.0,41830,1394.33
benign_zstd_each_10x4k_1,9449,0,,zstd_each,4,0.0015,4,0.0,0.0,0.0,0.0,0.0,0.0,0.0,0.0,0,0.0,0.0,0,0.0,0.0,0,0,0,0.0,0,0.0
benign_zstd_each_10x4k_1,9450,0,,zstd_each,110,0.0884,110,10.0,10.0,0.0,10.0,0.0909,0.0909,0.0,0.0909,0,0.0,5.5037,1,0.0,0.0,0,20,1,20.0,770,77.0
benign_zstd_each_10x4k_2,2976,0,,zstd_each,26,0.0617,26,0.0,0.0,0.0,0.0,0.0,0.0,0.0,0.0,0,0.0,0.0,0,0.0,0.0,0,0,0,0.0,0,0.0
benign_zstd_each_10x4k_2,6211,0,,zstd_each,67,0.0725,67,30.0,0.0,0.0,10.0,0.4478,0.0,0.0,0.0,0,0.0,3.2477,1,0.0,0.0,0,10,1,10.0,41830,1394.33
benign_zstd_each_10x4k_2,9473,0,,zstd_each,4,0.0022,4,0.0,0.0,0.0,0.0,0.0,0.0,0.0,0.0,0,0.0,0.0,0,0.0,0.0,0,0,0,0.0,0,0.0
benign_zstd_each_10x4k_2,9474,0,,zstd_each,110,0.0924,110,10.0,10.0,0.0,10.0,0.0909,0.0909,0.0,0.0909,0,0.0,5.5037,1,0.0,0.0,0,20,1,20.0,770,77.0
benign_zstd_each_10x64k_1,2976,0,,zstd_each,26,0.142,26,0.0,0.0,0.0,0.0,0.0,0.0,0.0,0.0,0,0.0,0.0,0,0.0,0.0,0,0,0,0.0,0,0.0
benign_zstd_each_10x64k_1,6211,0,,zstd_each,367,0.3783,367,330.0,0.0,0.0,10.0,0.8992,0.0,0.0,0.0,0,0.0,3.9077,1,0.0,0.0,0,10,1,10.0,655930,1987.67
benign_zstd_each_10x64k_1,9496,0,,zstd_each,4,0.0022,4,0.0,0.0,0.0,0.0,0.0,0.0,0.0,0.0,0,0.0,0.0,0,0.0,0.0,0,0,0,0.0,0,0.0
benign_zstd_each_10x64k_1,9497,0,,zstd_each,110,0.2338,110,10.0,10.0,0.0,10.0,0.0909,0.0909,0.0,0.0909,0,0.0,5.5834,1,0.0,0.0,0,20,1,20.0,780,78.0
benign_zstd_each_10x64k_2,2976,0,,zstd_each,26,0.1603,26,0.0,0.0,0.0,0.0,0.0,0.0,0.0,0.0,0,0.0,0.0,0,0.0,0.0,0,0,0,0.0,0,0.0
benign_zstd_each_10x64k_2,6211,0,,zstd_each,367,0.2253,367,330.0,0.0,0.0,10.0,0.8992,0.0,0.0,0.0,0,0.0,3.9077,1,0.0,0.0,0,10,1,10.0,655930,1987.67
benign_zstd_each_10x64k_2,9519,0,,zstd_each,4,0.0017,4,0.0,0.0,0.0,0.0,0.0,0.0,0.0,0.0,0,0.0,0.0,0,0.0,0.0,0,0,0,0.0,0,0.0
benign_zstd_each_10x64k_2,9520,0,,zstd_each,110,0.1019,110,10.0,10.0,0.0,10.0,0.0909,0.0909,0.0,0.0909,0,0.0,5.5834,1,0.0,0.0,0,20,1,20.0,780,78.0
benign_zstd_each_50x4k_1,2976,0,,zstd_each,26,0.1611,26,0.0,0.0,0.0,0.0,0.0,0.0,0.0,0.0,0,0.0,0.0,0,0.0,0.0,0,0,0,0.0,0,0.0
benign_zstd_each_50x4k_1,6211,0,,zstd_each,307,0.2418,307,150.0,0.0,0.0,50.0,0.4886,0.0,0.0,0.0,0,0.0,3.2477,1,0.0,0.0,0,50,1,50.0,209150,1394.33
benign_zstd_each_50x4k_1,9542,0,,zstd_each,4,0.0015,4,0.0,0.0,0.0,0.0,0.0,0.0,0.0,0.0,0,0.0,0.0,0,0.0,0.0,0,0,0,0.0,0,0.0
benign_zstd_each_50x4k_1,9543,0,,zstd_each,550,0.3974,550,50.0,50.0,0.0,50.0,0.0909,0.0909,0.0,0.0909,0,0.0,5.5037,1,0.0,0.0,0,100,1,100.0,3850,77.0
benign_zstd_each_50x4k_2,2976,0,,zstd_each,26,0.1364,26,0.0,0.0,0.0,0.0,0.0,0.0,0.0,0.0,0,0.0,0.0,0,0.0,0.0,0,0,0,0.0,0,0.0
benign_zstd_each_50x4k_2,6211,0,,zstd_each,307,0.2645,307,150.0,0.0,0.0,50.0,0.4886,0.0,0.0,0.0,0,0.0,3.2477,1,0.0,0.0,0,50,1,50.0,209150,1394.33
benign_zstd_each_50x4k_2,9564,0,,zstd_each,4,0.0018,4,0.0,0.0,0.0,0.0,0.0,0.0,0.0,0.0,0,0.0,0.0,0,0.0,0.0,0,0,0,0.0,0,0.0
benign_zstd_each_50x4k_2,9565,0,,zstd_each,550,0.4015,550,50.0,50.0,0.0,50.0,0.0909,0.0909,0.0,0.0909,0,0.0,5.5037,1,0.0,0.0,0,100,1,100.0,3850,77.0
benign_zstd_each_50x64k_1,2976,0,,zstd_each,26,0.0551,26,0.0,0.0,0.0,0.0,0.0,0.0,0.0,0.0,0,0.0,0.0,0,0.0,0.0,0,0,0,0.0,0,0.0
benign_zstd_each_50x64k_1,6211,0,,zstd_each,1809,1.0245,1809,1610.5612,0.0,0.0,48.8049,0.9121,0.0,0.0,0.0,0,0.0,3.9077,1,0.0,0.0,0,50,1,50.0,3279650,1987.67
benign_zstd_each_50x64k_1,9587,0,,zstd_each,4,0.0014,4,0.0,0.0,0.0,0.0,0.0,0.0,0.0,0.0,0,0.0,0.0,0,0.0,0.0,0,0,0,0.0,0,0.0
benign_zstd_each_50x64k_1,9588,0,,zstd_each,550,0.3968,550,50.0,50.0,0.0,50.0,0.0909,0.0909,0.0,0.0909,0,0.0,5.5834,1,0.0,0.0,0,100,1,100.0,3900,78.0
benign_zstd_each_50x64k_2,2976,0,,zstd_each,26,0.1506,26,0.0,0.0,0.0,0.0,0.0,0.0,0.0,0.0,0,0.0,0.0,0,0.0,0.0,0,0,0,0.0,0,0.0
benign_zstd_each_50x64k_2,6211,0,,zstd_each,1810,1.1021,1810,1497.1061,0.0,0.0,45.3669,0.9116,0.0,0.0,0.0,0,0.0,3.9077,1,0.0,0.0,0,50,1,50.0,3279650,1987.67
benign_zstd_each_50x64k_2,9610,0,,zstd_each,4,0.0015,4,0.0,0.0,0.0,0.0,0.0,0.0,0.0,0.0,0,0.0,0.0,0,0.0,0.0,0,0,0,0.0,0,0.0
benign_zstd_each_50x64k_2,9611,0,,zstd_each,550,0.3935,550,50.0,50.0,0.0,50.0,0.0909,0.0909,0.0,0.0909,0,0.0,5.5834,1,0.0,0.0,0,100,1,100.0,3900,78.0
braincipher_ec890af6_001,2740,0,,braincipher,26,0.0482,26,0.0,0.0,0.0,0.0,0.0,0.0,0.0,0.0,0,0.0,0.0,0,0.0,0.0,0,0,0,0.0,0,0.0
braincipher_ec890af6_001,8302,0,,braincipher,22,0.0123,22,0.0,20.0,0.0,0.0,0.0,0.9091,0.0,0.0,0,0.0,0.0,0,0.0,0.0,0,20,1,20.0,0,0.0
braincipher_ec890af6_001,8251,0,,braincipher,120,0.5031,120,80.0,0.0,0.0,20.0,0.6667,0.0,0.0,0.0,0,0.0,3.6123,1,0.0,0.0,0,20,1,20.0,1403,17.54
braincipher_ec890af6_001,8305,0,,braincipher,32,0.0243,32,30.0,0.0,0.0,0.0,0.9375,0.0,0.0,0.0,16,0.5333,6.5703,1,0.0,0.0,0,1,1,1.0,65536,2184.53
braincipher_ec890af6_001,8307,0,,braincipher,32,0.0184,32,30.0,0.0,0.0,0.0,0.9375,0.0,0.0,0.0,16,0.5333,6.5778,1,0.0,0.0,0,1,1,1.0,65536,2184.53
braincipher_ec890af6_001,8309,0,,braincipher,32,0.0184,32,30.0,0.0,0.0,0.0,0.9375,0.0,0.0,0.0,16,0.5333,6.5837,1,0.0,0.0,0,1,1,1.0,65536,2184.53
braincipher_ec890af6_001,8311,0,,braincipher,32,0.0195,32,30.0,0.0,0.0,0.0,0.9375,0.0,0.0,0.0,16,0.5333,6.5581,1,0.0,0.0,0,1,1,1.0,65536,2184.53
braincipher_ec890af6_001,8313,0,,braincipher,32,0.02,32,30.0,0.0,0.0,0.0,0.9375,0.0,0.0,0.0,16,0.5333,6.5475,1,0.0,0.0,0,1,1,1.0,65536,2184.53
braincipher_ec890af6_001,8315,0,,braincipher,32,0.0188,32,30.0,0.0,0.0,0.0,0.9375,0.0,0.0,0.0,16,0.5333,6.5751,1,0.0,0.0,0,1,1,1.0,65536,2184.53
braincipher_ec890af6_001,8317,0,,braincipher,32,0.0163,32,30.0,0.0,0.0,0.0,0.9375,0.0,0.0,0.0,16,0.5333,6.5735,1,0.0,0.0,0,1,1,1.0,65536,2184.53
braincipher_ec890af6_001,8319,0,,braincipher,32,0.0173,32,30.0,0.0,0.0,0.0,0.9375,0.0,0.0,0.0,16,0.5333,6.5658,1,0.0,0.0,0,1,1,1.0,65536,2184.53
braincipher_ec890af6_001,8321,0,,braincipher,32,0.0194,32,30.0,0.0,0.0,0.0,0.9375,0.0,0.0,0.0,16,0.5333,6.5775,1,0.0,0.0,0,1,1,1.0,65536,2184.53
braincipher_ec890af6_001,8323,0,,braincipher,32,0.0162,32,30.0,0.0,0.0,0.0,0.9375,0.0,0.0,0.0,16,0.5333,6.5646,1,0.0,0.0,0,1,1,1.0,65536,2184.53
braincipher_ec890af6_001,8325,0,,braincipher,32,0.0216,32,30.0,0.0,0.0,0.0,0.9375,0.0,0.0,0.0,16,0.5333,6.5782,1,0.0,0.0,0,1,1,1.0,65536,2184.53
braincipher_ec890af6_001,8327,0,,braincipher,32,0.0182,32,30.0,0.0,0.0,0.0,0.9375,0.0,0.0,0.0,16,0.5333,6.5273,1,0.0,0.0,0,1,1,1.0,65536,2184.53
braincipher_ec890af6_001,8329,0,,braincipher,32,0.0181,32,30.0,0.0,0.0,0.0,0.9375,0.0,0.0,0.0,16,0.5333,6.5482,1,0.0,0.0,0,1,1,1.0,65536,2184.53
braincipher_ec890af6_001,8331,0,,braincipher,32,0.0156,32,30.0,0.0,0.0,0.0,0.9375,0.0,0.0,0.0,16,0.5333,6.5676,1,0.0,0.0,0,1,1,1.0,65536,2184.53
braincipher_ec890af6_001,8333,0,,braincipher,32,0.0148,32,30.0,0.0,0.0,0.0,0.9375,0.0,0.0,0.0,16,0.5333,6.5644,1,0.0,0.0,0,1,1,1.0,65536,2184.53
braincipher_ec890af6_001,8335,0,,braincipher,32,0.0209,32,30.0,0.0,0.0,0.0,0.9375,0.0,0.0,0.0,16,0.5333,6.554,1,0.0,0.0,0,1,1,1.0,65536,2184.53
braincipher_ec890af6_001,8337,0,,braincipher,32,0.0238,32,30.0,0.0,0.0,0.0,0.9375,0.0,0.0,0.0,16,0.5333,6.5692,1,0.0,0.0,0,1,1,1.0,65536,2184.53
braincipher_ec890af6_001,8339,0,,braincipher,32,0.0227,32,30.0,0.0,0.0,0.0,0.9375,0.0,0.0,0.0,16,0.5333,6.5578,1,0.0,0.0,0,1,1,1.0,65536,2184.53
braincipher_ec890af6_001,8341,0,,braincipher,32,0.0185,32,30.0,0.0,0.0,0.0,0.9375,0.0,0.0,0.0,16,0.5333,6.5712,1,0.0,0.0,0,1,1,1.0,65536,2184.53
braincipher_ec890af6_001,8343,0,,braincipher,32,0.019,32,30.0,0.0,0.0,0.0,0.9375,0.0,0.0,0.0,16,0.5333,6.5394,1,0.0,0.0,0,1,1,1.0,65536,2184.53
braincipher_ec890af6_001,8347,0,,braincipher,80,0.0354,80,0.0,0.0,0.0,0.0,0.0,0.0,0.0,0.5,0,0.0,0.0,0,0.0,0.0,0,0,0,0.0,0,0.0
braincipher_ec890af6_001,8353,1,braincipher,braincipher,13,0.0221,13,5.0,0.0,1.0,1.0,0.3846,0.0,0.0769,0.0769,1,0.2,4.5574,1,0.2,1.0,1,2,1,2.0,73831,14766.2
braincipher_ec890af6_001,8362,0,,braincipher,45,0.0238,45,0.0,0.0,0.0,0.0,0.0,0.0,0.0,0.0667,0,0.0,0.0,0,0.0,0.0,0,0,0,0.0,0,0.0
braincipher_f0a47eb4_001,2740,0,,braincipher,26,0.049,26,0.0,0.0,0.0,0.0,0.0,0.0,0.0,0.0,0,0.0,0.0,0,0.0,0.0,0,0,0,0.0,0,0.0
braincipher_f0a47eb4_001,8518,0,,braincipher,22,0.0299,22,0.0,20.0,0.0,0.0,0.0,0.9091,0.0,0.0,0,0.0,0.0,0,0.0,0.0,0,20,1,20.0,0,0.0
braincipher_f0a47eb4_001,8470,0,,braincipher,120,0.6828,120,80.0,0.0,0.0,20.0,0.6667,0.0,0.0,0.0,0,0.0,3.5951,1,0.0,0.0,0,20,1,20.0,1403,17.54
braincipher_f0a47eb4_001,8521,0,,braincipher,32,0.0395,32,30.0,0.0,0.0,0.0,0.9375,0.0,0.0,0.0,16,0.5333,6.5799,1,0.0,0.0,0,1,1,1.0,65536,2184.53
braincipher_f0a47eb4_001,8523,0,,braincipher,32,0.0371,32,30.0,0.0,0.0,0.0,0.9375,0.0,0.0,0.0,16,0.5333,6.5719,1,0.0,0.0,0,1,1,1.0,65536,2184.53
braincipher_f0a47eb4_001,8526,0,,braincipher,32,0.0229,32,30.0,0.0,0.0,0.0,0.9375,0.0,0.0,0.0,16,0.5333,6.5643,1,0.0,0.0,0,1,1,1.0,65536,2184.53
braincipher_f0a47eb4_001,8528,0,,braincipher,32,0.0259,32,30.0,0.0,0.0,0.0,0.9375,0.0,0.0,0.0,16,0.5333,6.5771,1,0.0,0.0,0,1,1,1.0,65536,2184.53
braincipher_f0a47eb4_001,8530,0,,braincipher,32,0.0213,32,30.0,0.0,0.0,0.0,0.9375,0.0,0.0,0.0,16,0.5333,6.58,1,0.0,0.0,0,1,1,1.0,65536,2184.53
braincipher_f0a47eb4_001,8532,0,,braincipher,32,0.0223,32,30.0,0.0,0.0,0.0,0.9375,0.0,0.0,0.0,16,0.5333,6.5416,1,0.0,0.0,0,1,1,1.0,65536,2184.53
braincipher_f0a47eb4_001,8534,0,,braincipher,32,0.0213,32,30.0,0.0,0.0,0.0,0.9375,0.0,0.0,0.0,16,0.5333,6.567,1,0.0,0.0,0,1,1,1.0,65536,2184.53
braincipher_f0a47eb4_001,8536,0,,braincipher,32,0.0229,32,30.0,0.0,0.0,0.0,0.9375,0.0,0.0,0.0,16,0.5333,6.5725,1,0.0,0.0,0,1,1,1.0,65536,2184.53
braincipher_f0a47eb4_001,8538,0,,braincipher,32,0.0265,32,30.0,0.0,0.0,0.0,0.9375,0.0,0.0,0.0,16,0.5333,6.5851,1,0.0,0.0,0,1,1,1.0,65536,2184.53
braincipher_f0a47eb4_001,8540,0,,braincipher,32,0.0239,32,30.0,0.0,0.0,0.0,0.9375,0.0,0.0,0.0,16,0.5333,6.5727,1,0.0,0.0,0,1,1,1.0,65536,2184.53
braincipher_f0a47eb4_001,8542,0,,braincipher,32,0.0195,32,30.0,0.0,0.0,0.0,0.9375,0.0,0.0,0.0,16,0.5333,6.5713,1,0.0,0.0,0,1,1,1.0,65536,2184.53
braincipher_f0a47eb4_001,8544,0,,braincipher,32,0.0377,32,30.0,0.0,0.0,0.0,0.9375,0.0,0.0,0.0,16,0.5333,6.5611,1,0.0,0.0,0,1,1,1.0,65536,2184.53
braincipher_f0a47eb4_001,8546,0,,braincipher,32,0.0207,32,30.0,0.0,0.0,0.0,0.9375,0.0,0.0,0.0,16,0.5333,6.5549,1,0.0,0.0,0,1,1,1.0,65536,2184.53
braincipher_f0a47eb4_001,8548,0,,braincipher,32,0.017,32,30.0,0.0,0.0,0.0,0.9375,0.0,0.0,0.0,16,0.5333,6.5809,1,0.0,0.0,0,1,1,1.0,65536,2184.53
braincipher_f0a47eb4_001,8550,0,,braincipher,32,0.0284,32,30.0,0.0,0.0,0.0,0.9375,0.0,0.0,0.0,16,0.5333,6.5595,1,0.0,0.0,0,1,1,1.0,65536,2184.53
braincipher_f0a47eb4_001,8552,0,,braincipher,32,0.0254,32,30.0,0.0,0.0,0.0,0.9375,0.0,0.0,0.0,16,0.5333,6.5863,1,0.0,0.0,0,1,1,1.0,65536,2184.53
braincipher_f0a47eb4_001,8554,0,,braincipher,32,0.024,32,30.0,0.0,0.0,0.0,0.9375,0.0,0.0,0.0,16,0.5333,6.5582,1,0.0,0.0,0,1,1,1.0,65536,2184.53
braincipher_f0a47eb4_001,8556,0,,braincipher,32,0.0214,32,30.0,0.0,0.0,0.0,0.9375,0.0,0.0,0.0,16,0.5333,6.582,1,0.0,0.0,0,1,1,1.0,65536,2184.53
braincipher_f0a47eb4_001,8558,0,,braincipher,32,0.0273,32,30.0,0.0,0.0,0.0,0.9375,0.0,0.0,0.0,16,0.5333,6.5765,1,0.0,0.0,0,1,1,1.0,65536,2184.53
braincipher_f0a47eb4_001,8560,0,,braincipher,32,0.0313,32,30.0,0.0,0.0,0.0,0.9375,0.0,0.0,0.0,16,0.5333,6.5622,1,0.0,0.0,0,1,1,1.0,65536,2184.53
braincipher_f0a47eb4_001,8564,0,,braincipher,80,0.0563,80,0.0,0.0,0.0,0.0,0.0,0.0,0.0,0.5,0,0.0,0.0,0,0.0,0.0,0,0,0,0.0,0,0.0
braincipher_f0a47eb4_001,8570,1,braincipher,braincipher,13,0.0095,13,5.0,0.0,1.0,1.0,0.3846,0.0,0.0769,0.0769,1,0.2,4.4764,1,0.2,1.0,1,2,1,2.0,73831,14766.2
braincipher_f0a47eb4_001,8578,0,,braincipher,45,0.0158,45,0.0,0.0,0.0,0.0,0.0,0.0,0.0,0.0667,0,0.0,0.0,0,0.0,0.0,0,0,0,0.0,0,0.0
buhti_01b09b55_001,8614,0,,buhti,23,0.045,23,0.0,20.0,0.0,0.0,0.0,0.8696,0.0,0.0,0,0.0,0.0,0,0.0,0.0,0,20,1,20.0,0,0.0
buhti_01b09b55_001,8535,0,,buhti,121,1.6377,121,48.8501,0.0,0.0,12.2125,0.6612,0.0,0.0,0.0,0,0.0,3.4885,1,0.0,0.0,0,20,1,20.0,1283,16.04
buhti_01b09b55_001,2740,0,,buhti,26,0.2441,26,0.0,0.0,0.0,0.0,0.0,0.0,0.0,0.0,0,0.0,0.0,0,0.0,0.0,0,0,0,0.0,0,0.0
buhti_01b09b55_001,8618,0,,buhti,32,0.0616,32,30.0,0.0,0.0,0.0,0.9375,0.0,0.0,0.0,16,0.5333,6.5197,1,0.0,0.0,0,1,1,1.0,65536,2184.53
buhti_01b09b55_001,8620,0,,buhti,32,0.0604,32,30.0,0.0,0.0,0.0,0.9375,0.0,0.0,0.0,16,0.5333,6.5013,1,0.0,0.0,0,1,1,1.0,65536,2184.53
buhti_01b09b55_001,8622,0,,buhti,32,0.0325,32,30.0,0.0,0.0,0.0,0.9375,0.0,0.0,0.0,16,0.5333,6.5192,1,0.0,0.0,0,1,1,1.0,65536,2184.53
buhti_01b09b55_001,8624,0,,buhti,32,0.0826,32,30.0,0.0,0.0,0.0,0.9375,0.0,0.0,0.0,16,0.5333,6.5092,1,0.0,0.0,0,1,1,1.0,65536,2184.53
buhti_01b09b55_001,8626,0,,buhti,32,0.4441,32,30.0,0.0,0.0,0.0,0.9375,0.0,0.0,0.0,16,0.5333,6.5085,1,0.0,0.0,0,1,1,1.0,65536,2184.53
buhti_01b09b55_001,8634,0,,buhti,32,0.0249,32,30.0,0.0,0.0,0.0,0.9375,0.0,0.0,0.0,16,0.5333,6.504,1,0.0,0.0,0,1,1,1.0,65536,2184.53
buhti_01b09b55_001,8639,0,,buhti,32,0.0233,32,30.0,0.0,0.0,0.0,0.9375,0.0,0.0,0.0,16,0.5333,6.5155,1,0.0,0.0,0,1,1,1.0,65536,2184.53
buhti_01b09b55_001,8641,0,,buhti,32,0.0224,32,30.0,0.0,0.0,0.0,0.9375,0.0,0.0,0.0,16,0.5333,6.532,1,0.0,0.0,0,1,1,1.0,65536,2184.53
buhti_01b09b55_001,8644,0,,buhti,32,0.0241,32,30.0,0.0,0.0,0.0,0.9375,0.0,0.0,0.0,16,0.5333,6.5281,1,0.0,0.0,0,1,1,1.0,65536,2184.53
buhti_01b09b55_001,8646,0,,buhti,32,0.0581,32,30.0,0.0,0.0,0.0,0.9375,0.0,0.0,0.0,16,0.5333,6.5296,1,0.0,0.0,0,1,1,1.0,65536,2184.53
buhti_01b09b55_001,8649,0,,buhti,32,0.0252,32,30.0,0.0,0.0,0.0,0.9375,0.0,0.0,0.0,16,0.5333,6.5293,1,0.0,0.0,0,1,1,1.0,65536,2184.53
buhti_01b09b55_001,8651,0,,buhti,32,0.042,32,30.0,0.0,0.0,0.0,0.9375,0.0,0.0,0.0,16,0.5333,6.5301,1,0.0,0.0,0,1,1,1.0,65536,2184.53
buhti_01b09b55_001,8653,0,,buhti,32,0.028,32,30.0,0.0,0.0,0.0,0.9375,0.0,0.0,0.0,16,0.5333,6.5221,1,0.0,0.0,0,1,1,1.0,65536,2184.53
buhti_01b09b55_001,8655,0,,buhti,32,0.0159,32,30.0,0.0,0.0,0.0,0.9375,0.0,0.0,0.0,16,0.5333,6.5216,1,0.0,0.0,0,1,1,1.0,65536,2184.53
buhti_01b09b55_001,8657,0,,buhti,32,0.0204,32,30.0,0.0,0.0,0.0,0.9375,0.0,0.0,0.0,16,0.5333,6.5318,1,0.0,0.0,0,1,1,1.0,65536,2184.53
buhti_01b09b55_001,8659,0,,buhti,32,0.0195,32,30.0,0.0,0.0,0.0,0.9375,0.0,0.0,0.0,16,0.5333,6.5162,1,0.0,0.0,0,1,1,1.0,65536,2184.53
buhti_01b09b55_001,8661,0,,buhti,32,0.0197,32,30.0,0.0,0.0,0.0,0.9375,0.0,0.0,0.0,16,0.5333,6.5191,1,0.0,0.0,0,1,1,1.0,65536,2184.53
buhti_01b09b55_001,8663,0,,buhti,32,0.0228,32,30.0,0.0,0.0,0.0,0.9375,0.0,0.0,0.0,16,0.5333,6.5171,1,0.0,0.0,0,1,1,1.0,65536,2184.53
buhti_01b09b55_001,8665,0,,buhti,32,0.0237,32,30.0,0.0,0.0,0.0,0.9375,0.0,0.0,0.0,16,0.5333,6.5291,1,0.0,0.0,0,1,1,1.0,65536,2184.53
buhti_01b09b55_001,8667,0,,buhti,32,0.0203,32,30.0,0.0,0.0,0.0,0.9375,0.0,0.0,0.0,16,0.5333,6.5282,1,0.0,0.0,0,1,1,1.0,65536,2184.53
buhti_01b09b55_001,8671,0,,buhti,80,0.0451,80,0.0,0.0,0.0,0.0,0.0,0.0,0.0,0.5,0,0.0,0.0,0,0.0,0.0,0,0,0,0.0,0,0.0
buhti_01b09b55_001,8677,1,buhti,buhti,125,0.1388,125,61.0,0.0,20.0,1.0,0.488,0.0,0.16,0.0,20,0.3279,4.866,1,0.0,1.0,1,41,1,41.0,1313900,21539.34
buhti_01b09b55_001,8688,0,,buhti,83,0.0359,83,0.0,0.0,0.0,0.0,0.0,0.0,0.0,0.494,0,0.0,0.0,0,0.0,0.0,0,0,0,0.0,0,0.0
conti_0cbd4064_001,2740,0,,conti,26,0.0611,26,0.0,0.0,0.0,0.0,0.0,0.0,0.0,0.0,0,0.0,0.0,0,0.0,0.0,0,0,0,0.0,0,0.0
conti_0cbd4064_001,8617,0,,conti,22,0.0205,22,0.0,20.0,0.0,0.0,0.0,0.9091,0.0,0.0,0,0.0,0.0,0,0.0,0.0,0,20,1,20.0,0,0.0
conti_0cbd4064_001,8562,0,,conti,120,0.6029,120,80.0,0.0,0.0,20.0,0.6667,0.0,0.0,0.0,0,0.0,3.5402,1,0.0,0.0,0,20,1,20.0,1283,16.04
conti_0cbd4064_001,8620,0,,conti,32,0.0272,32,30.0,0.0,0.0,0.0,0.9375,0.0,0.0,0.0,16,0.5333,6.5184,1,0.0,0.0,0,1,1,1.0,65536,2184.53
conti_0cbd4064_001,8622,0,,conti,32,0.0217,32,30.0,0.0,0.0,0.0,0.9375,0.0,0.0,0.0,15,0.5,6.512,1,0.0,0.0,0,1,1,1.0,65536,2184.53
conti_0cbd4064_001,8624,0,,conti,32,0.0256,32,30.0,0.0,0.0,0.0,0.9375,0.0,0.0,0.0,16,0.5333,6.5402,1,0.0,0.0,0,1,1,1.0,65536,2184.53
conti_0cbd4064_001,8626,0,,conti,32,0.0241,32,30.0,0.0,0.0,0.0,0.9375,0.0,0.0,0.0,15,0.5,6.5188,1,0.0,0.0,0,1,1,1.0,65536,2184.53
conti_0cbd4064_001,8628,0,,conti,32,0.0283,32,30.0,0.0,0.0,0.0,0.9375,0.0,0.0,0.0,16,0.5333,6.5173,1,0.0,0.0,0,1,1,1.0,65536,2184.53
conti_0cbd4064_001,8630,0,,conti,32,0.025,32,30.0,0.0,0.0,0.0,0.9375,0.0,0.0,0.0,16,0.5333,6.5213,1,0.0,0.0,0,1,1,1.0,65536,2184.53
conti_0cbd4064_001,8632,0,,conti,32,0.0238,32,30.0,0.0,0.0,0.0,0.9375,0.0,0.0,0.0,16,0.5333,6.5239,1,0.0,0.0,0,1,1,1.0,65536,2184.53
conti_0cbd4064_001,8634,0,,conti,32,0.0199,32,30.0,0.0,0.0,0.0,0.9375,0.0,0.0,0.0,16,0.5333,6.5402,1,0.0,0.0,0,1,1,1.0,65536,2184.53
conti_0cbd4064_001,8636,0,,conti,32,0.0186,32,30.0,0.0,0.0,0.0,0.9375,0.0,0.0,0.0,16,0.5333,6.5302,1,0.0,0.0,0,1,1,1.0,65536,2184.53
conti_0cbd4064_001,8638,0,,conti,32,0.0214,32,30.0,0.0,0.0,0.0,0.9375,0.0,0.0,0.0,16,0.5333,6.5101,1,0.0,0.0,0,1,1,1.0,65536,2184.53
conti_0cbd4064_001,8640,0,,conti,32,0.0204,32,30.0,0.0,0.0,0.0,0.9375,0.0,0.0,0.0,16,0.5333,6.5233,1,0.0,0.0,0,1,1,1.0,65536,2184.53
conti_0cbd4064_001,8642,0,,conti,32,0.0175,32,30.0,0.0,0.0,0.0,0.9375,0.0,0.0,0.0,16,0.5333,6.5083,1,0.0,0.0,0,1,1,1.0,65536,2184.53
conti_0cbd4064_001,8644,0,,conti,32,0.0269,32,30.0,0.0,0.0,0.0,0.9375,0.0,0.0,0.0,16,0.5333,6.5089,1,0.0,0.0,0,1,1,1.0,65536,2184.53
conti_0cbd4064_001,8646,0,,conti,32,0.0219,32,30.0,0.0,0.0,0.0,0.9375,0.0,0.0,0.0,16,0.5333,6.5328,1,0.0,0.0,0,1,1,1.0,65536,2184.53
conti_0cbd4064_001,8648,0,,conti,32,0.0225,32,30.0,0.0,0.0,0.0,0.9375,0.0,0.0,0.0,16,0.5333,6.5273,1,0.0,0.0,0,1,1,1.0,65536,2184.53
conti_0cbd4064_001,8650,0,,conti,32,0.0222,32,30.0,0.0,0.0,0.0,0.9375,0.0,0.0,0.0,16,0.5333,6.5137,1,0.0,0.0,0,1,1,1.0,65536,2184.53
conti_0cbd4064_001,8652,0,,conti,32,0.0218,32,30.0,0.0,0.0,0.0,0.9375,0.0,0.0,0.0,16,0.5333,6.5142,1,0.0,0.0,0,1,1,1.0,65536,2184.53
conti_0cbd4064_001,8654,0,,conti,32,0.0229,32,30.0,0.0,0.0,0.0,0.9375,0.0,0.0,0.0,16,0.5333,6.4914,1,0.0,0.0,0,1,1,1.0,65536,2184.53
conti_0cbd4064_001,8656,0,,conti,32,0.0224,32,30.0,0.0,0.0,0.0,0.9375,0.0,0.0,0.0,16,0.5333,6.5535,1,0.0,0.0,0,1,1,1.0,65536,2184.53
conti_0cbd4064_001,8658,0,,conti,32,0.0238,32,30.0,0.0,0.0,0.0,0.9375,0.0,0.0,0.0,16,0.5333,6.5259,1,0.0,0.0,0,1,1,1.0,65536,2184.53
conti_0cbd4064_001,8662,0,,conti,80,0.0532,80,0.0,0.0,0.0,0.0,0.0,0.0,0.0,0.5,0,0.0,0.0,0,0.0,0.0,0,0,0,0.0,0,0.0
conti_0cbd4064_001,8668,1,conti,conti,125,0.1499,125,41.0,0.0,20.0,1.0,0.328,0.0,0.16,0.16,40,0.9756,7.1163,1,0.4878,1.0,1,21,1,21.0,1324289,32299.73
conti_0cbd4064_001,8673,0,,conti,83,0.0403,83,0.0,0.0,0.0,0.0,0.0,0.0,0.0,0.494,0,0.0,0.0,0,0.0,0.0,0,0,0,0.0,0,0.0
conti_13fa3e25_001,2740,0,,conti,26,0.0566,26,0.0,0.0,0.0,0.0,0.0,0.0,0.0,0.0,0,0.0,0.0,0,0.0,0.0,0,0,0,0.0,0,0.0
conti_13fa3e25_001,8595,0,,conti,22,0.0255,22,0.0,20.0,0.0,0.0,0.0,0.9091,0.0,0.0,0,0.0,0.0,0,0.0,0.0,0,20,1,20.0,0,0.0
conti_13fa3e25_001,8552,0,,conti,120,0.7338,120,80.0,0.0,0.0,20.0,0.6667,0.0,0.0,0.0,0,0.0,3.6054,1,0.0,0.0,0,20,1,20.0,1283,16.04
conti_13fa3e25_001,8599,0,,conti,32,0.0277,32,30.0,0.0,0.0,0.0,0.9375,0.0,0.0,0.0,16,0.5333,6.5247,1,0.0,0.0,0,1,1,1.0,65536,2184.53
conti_13fa3e25_001,8603,0,,conti,32,0.0314,32,30.0,0.0,0.0,0.0,0.9375,0.0,0.0,0.0,16,0.5333,6.5052,1,0.0,0.0,0,1,1,1.0,65536,2184.53
conti_13fa3e25_001,8612,0,,conti,32,0.0328,32,30.0,0.0,0.0,0.0,0.9375,0.0,0.0,0.0,16,0.5333,6.5462,1,0.0,0.0,0,1,1,1.0,65536,2184.53
conti_13fa3e25_001,8614,0,,conti,32,0.0286,32,30.0,0.0,0.0,0.0,0.9375,0.0,0.0,0.0,16,0.5333,6.5306,1,0.0,0.0,0,1,1,1.0,65536,2184.53
conti_13fa3e25_001,8616,0,,conti,32,0.0333,32,30.0,0.0,0.0,0.0,0.9375,0.0,0.0,0.0,16,0.5333,6.5384,1,0.0,0.0,0,1,1,1.0,65536,2184.53
conti_13fa3e25_001,8618,0,,conti,32,0.0386,32,30.0,0.0,0.0,0.0,0.9375,0.0,0.0,0.0,16,0.5333,6.5126,1,0.0,0.0,0,1,1,1.0,65536,2184.53
conti_13fa3e25_001,8620,0,,conti,32,0.0349,32,30.0,0.0,0.0,0.0,0.9375,0.0,0.0,0.0,16,0.5333,6.5128,1,0.0,0.0,0,1,1,1.0,65536,2184.53
conti_13fa3e25_001,8623,0,,conti,32,0.0247,32,30.0,0.0,0.0,0.0,0.9375,0.0,0.0,0.0,16,0.5333,6.5233,1,0.0,0.0,0,1,1,1.0,65536,2184.53
conti_13fa3e25_001,8625,0,,conti,32,0.0251,32,30.0,0.0,0.0,0.0,0.9375,0.0,0.0,0.0,16,0.5333,6.505,1,0.0,0.0,0,1,1,1.0,65536,2184.53
conti_13fa3e25_001,8627,0,,conti,32,0.0242,32,30.0,0.0,0.0,0.0,0.9375,0.0,0.0,0.0,16,0.5333,6.508,1,0.0,0.0,0,1,1,1.0,65536,2184.53
conti_13fa3e25_001,8629,0,,conti,32,0.0234,32,30.0,0.0,0.0,0.0,0.9375,0.0,0.0,0.0,16,0.5333,6.5197,1,0.0,0.0,0,1,1,1.0,65536,2184.53
conti_13fa3e25_001,8631,0,,conti,32,0.0258,32,30.0,0.0,0.0,0.0,0.9375,0.0,0.0,0.0,16,0.5333,6.498,1,0.0,0.0,0,1,1,1.0,65536,2184.53
conti_13fa3e25_001,8633,0,,conti,32,0.0233,32,30.0,0.0,0.0,0.0,0.9375,0.0,0.0,0.0,16,0.5333,6.5283,1,0.0,0.0,0,1,1,1.0,65536,2184.53
conti_13fa3e25_001,8635,0,,conti,32,0.0277,32,30.0,0.0,0.0,0.0,0.9375,0.0,0.0,0.0,16,0.5333,6.538,1,0.0,0.0,0,1,1,1.0,65536,2184.53
conti_13fa3e25_001,8637,0,,conti,32,0.0192,32,30.0,0.0,0.0,0.0,0.9375,0.0,0.0,0.0,16,0.5333,6.5149,1,0.0,0.0,0,1,1,1.0,65536,2184.53
conti_13fa3e25_001,8639,0,,conti,32,0.0229,32,30.0,0.0,0.0,0.0,0.9375,0.0,0.0,0.0,16,0.5333,6.5189,1,0.0,0.0,0,1,1,1.0,65536,2184.53
conti_13fa3e25_001,8641,0,,conti,32,0.0226,32,30.0,0.0,0.0,0.0,0.9375,0.0,0.0,0.0,16,0.5333,6.5132,1,0.0,0.0,0,1,1,1.0,65536,2184.53
conti_13fa3e25_001,8643,0,,conti,32,0.0231,32,30.0,0.0,0.0,0.0,0.9375,0.0,0.0,0.0,16,0.5333,6.5234,1,0.0,0.0,0,1,1,1.0,65536,2184.53
conti_13fa3e25_001,8645,0,,conti,32,0.0211,32,30.0,0.0,0.0,0.0,0.9375,0.0,0.0,0.0,16,0.5333,6.5228,1,0.0,0.0,0,1,1,1.0,65536,2184.53
conti_13fa3e25_001,8647,0,,conti,32,0.0319,32,30.0,0.0,0.0,0.0,0.9375,0.0,0.0,0.0,16,0.5333,6.5156,1,0.0,0.0,0,1,1,1.0,65536,2184.53
conti_13fa3e25_001,8651,0,,conti,80,0.0654,80,0.0,0.0,0.0,0.0,0.0,0.0,0.0,0.5,0,0.0,0.0,0,0.0,0.0,0,0,0,0.0,0,0.0
conti_13fa3e25_001,8657,1,conti,conti,125,0.2442,125,41.0,0.0,20.0,1.0,0.328,0.0,0.16,0.16,40,0.9756,7.1055,1,0.4878,1.0,1,21,1,21.0,1323723,32285.93
conti_13fa3e25_001,8670,0,,conti,83,0.0322,83,0.0,0.0,0.0,0.0,0.0,0.0,0.0,0.494,0,0.0,0.0,0,0.0,0.0,0,0,0,0.0,0,0.0
conti_eb2b667d_001,2740,0,,conti,26,0.0455,26,0.0,0.0,0.0,0.0,0.0,0.0,0.0,0.0,0,0.0,0.0,0,0.0,0.0,0,0,0,0.0,0,0.0
conti_eb2b667d_001,8780,0,,conti,22,0.0193,22,0.0,20.0,0.0,0.0,0.0,0.9091,0.0,0.0,0,0.0,0.0,0,0.0,0.0,0,20,1,20.0,0,0.0
conti_eb2b667d_001,8747,0,,conti,120,0.588,120,80.0,0.0,0.0,20.0,0.6667,0.0,0.0,0.0,0,0.0,3.6054,1,0.0,0.0,0,20,1,20.0,1283,16.04
conti_eb2b667d_001,8783,0,,conti,32,0.0284,32,30.0,0.0,0.0,0.0,0.9375,0.0,0.0,0.0,16,0.5333,6.5066,1,0.0,0.0,0,1,1,1.0,65536,2184.53
conti_eb2b667d_001,8787,0,,conti,32,0.0244,32,30.0,0.0,0.0,0.0,0.9375,0.0,0.0,0.0,16,0.5333,6.5248,1,0.0,0.0,0,1,1,1.0,65536,2184.53
conti_eb2b667d_001,8789,0,,conti,32,0.0221,32,30.0,0.0,0.0,0.0,0.9375,0.0,0.0,0.0,16,0.5333,6.5241,1,0.0,0.0,0,1,1,1.0,65536,2184.53
conti_eb2b667d_001,8791,0,,conti,32,0.0212,32,30.0,0.0,0.0,0.0,0.9375,0.0,0.0,0.0,16,0.5333,6.5178,1,0.0,0.0,0,1,1,1.0,65536,2184.53
conti_eb2b667d_001,8793,0,,conti,32,0.0219,32,30.0,0.0,0.0,0.0,0.9375,0.0,0.0,0.0,16,0.5333,6.5102,1,0.0,0.0,0,1,1,1.0,65536,2184.53
conti_eb2b667d_001,8795,0,,conti,32,0.0235,32,30.0,0.0,0.0,0.0,0.9375,0.0,0.0,0.0,16,0.5333,6.5327,1,0.0,0.0,0,1,1,1.0,65536,2184.53
conti_eb2b667d_001,8797,0,,conti,32,0.0171,32,30.0,0.0,0.0,0.0,0.9375,0.0,0.0,0.0,16,0.5333,6.514,1,0.0,0.0,0,1,1,1.0,65536,2184.53
conti_eb2b667d_001,8799,0,,conti,32,0.0175,32,30.0,0.0,0.0,0.0,0.9375,0.0,0.0,0.0,16,0.5333,6.5332,1,0.0,0.0,0,1,1,1.0,65536,2184.53
conti_eb2b667d_001,8801,0,,conti,32,0.0201,32,30.0,0.0,0.0,0.0,0.9375,0.0,0.0,0.0,16,0.5333,6.5003,1,0.0,0.0,0,1,1,1.0,65536,2184.53
conti_eb2b667d_001,8803,0,,conti,32,0.0232,32,30.0,0.0,0.0,0.0,0.9375,0.0,0.0,0.0,16,0.5333,6.4967,1,0.0,0.0,0,1,1,1.0,65536,2184.53
conti_eb2b667d_001,8805,0,,conti,32,0.0253,32,30.0,0.0,0.0,0.0,0.9375,0.0,0.0,0.0,16,0.5333,6.5103,1,0.0,0.0,0,1,1,1.0,65536,2184.53
conti_eb2b667d_001,8807,0,,conti,32,0.0259,32,30.0,0.0,0.0,0.0,0.9375,0.0,0.0,0.0,16,0.5333,6.5257,1,0.0,0.0,0,1,1,1.0,65536,2184.53
conti_eb2b667d_001,8809,0,,conti,32,0.0299,32,30.0,0.0,0.0,0.0,0.9375,0.0,0.0,0.0,16,0.5333,6.5136,1,0.0,0.0,0,1,1,1.0,65536,2184.53
conti_eb2b667d_001,8811,0,,conti,32,0.0219,32,30.0,0.0,0.0,0.0,0.9375,0.0,0.0,0.0,16,0.5333,6.5168,1,0.0,0.0,0,1,1,1.0,65536,2184.53
conti_eb2b667d_001,8813,0,,conti,32,0.0217,32,30.0,0.0,0.0,0.0,0.9375,0.0,0.0,0.0,16,0.5333,6.5043,1,0.0,0.0,0,1,1,1.0,65536,2184.53
conti_eb2b667d_001,8815,0,,conti,32,0.0253,32,30.0,0.0,0.0,0.0,0.9375,0.0,0.0,0.0,16,0.5333,6.5291,1,0.0,0.0,0,1,1,1.0,65536,2184.53
conti_eb2b667d_001,8817,0,,conti,32,0.0254,32,30.0,0.0,0.0,0.0,0.9375,0.0,0.0,0.0,16,0.5333,6.5107,1,0.0,0.0,0,1,1,1.0,65536,2184.53
conti_eb2b667d_001,8819,0,,conti,32,0.0205,32,30.0,0.0,0.0,0.0,0.9375,0.0,0.0,0.0,16,0.5333,6.488,1,0.0,0.0,0,1,1,1.0,65536,2184.53
conti_eb2b667d_001,8821,0,,conti,32,0.0189,32,30.0,0.0,0.0,0.0,0.9375,0.0,0.0,0.0,16,0.5333,6.4992,1,0.0,0.0,0,1,1,1.0,65536,2184.53
conti_eb2b667d_001,8823,0,,conti,32,0.0199,32,30.0,0.0,0.0,0.0,0.9375,0.0,0.0,0.0,16,0.5333,6.5075,1,0.0,0.0,0,1,1,1.0,65536,2184.53
conti_eb2b667d_001,8827,0,,conti,80,0.0265,80,0.0,0.0,0.0,0.0,0.0,0.0,0.0,0.5,0,0.0,0.0,0,0.0,0.0,0,0,0,0.0,0,0.0
conti_eb2b667d_001,8833,1,conti,conti,11,0.0276,11,3.0,0.0,1.0,1.0,0.2727,0.0,0.0909,0.0909,2,0.6667,6.2672,1,0.3333,1.0,1,2,1,2.0,67592,22530.67
conti_eb2b667d_001,8838,0,,conti,45,0.0227,45,0.0,0.0,0.0,0.0,0.0,0.0,0.0,0.0667,0,0.0,0.0,0,0.0,0.0,0,0,0,0.0,0,0.0
conti_ff48dd7b_001,2740,0,,conti,26,0.068,26,0.0,0.0,0.0,0.0,0.0,0.0,0.0,0.0,0,0.0,0.0,0,0.0,0.0,0,0,0,0.0,0,0.0
conti_ff48dd7b_001,8719,0,,conti,22,0.0487,22,0.0,20.0,0.0,0.0,0.0,0.9091,0.0,0.0,0,0.0,0.0,0,0.0,0.0,0,20,1,20.0,0,0.0
conti_ff48dd7b_001,8664,0,,conti,120,0.7693,120,80.0,0.0,0.0,20.0,0.6667,0.0,0.0,0.0,0,0.0,3.6054,1,0.0,0.0,0,20,1,20.0,1283,16.04
conti_ff48dd7b_001,8723,0,,conti,32,0.0739,32,30.0,0.0,0.0,0.0,0.9375,0.0,0.0,0.0,16,0.5333,6.5022,1,0.0,0.0,0,1,1,1.0,65536,2184.53
conti_ff48dd7b_001,8726,0,,conti,32,0.0546,32,30.0,0.0,0.0,0.0,0.9375,0.0,0.0,0.0,16,0.5333,6.529,1,0.0,0.0,0,1,1,1.0,65536,2184.53
conti_ff48dd7b_001,8733,0,,conti,32,0.0684,32,30.0,0.0,0.0,0.0,0.9375,0.0,0.0,0.0,16,0.5333,6.529,1,0.0,0.0,0,1,1,1.0,65536,2184.53
conti_ff48dd7b_001,8742,0,,conti,32,0.0493,32,30.0,0.0,0.0,0.0,0.9375,0.0,0.0,0.0,16,0.5333,6.5163,1,0.0,0.0,0,1,1,1.0,65536,2184.53
conti_ff48dd7b_001,8748,0,,conti,32,0.0242,32,30.0,0.0,0.0,0.0,0.9375,0.0,0.0,0.0,16,0.5333,6.5448,1,0.0,0.0,0,1,1,1.0,65536,2184.53
conti_ff48dd7b_001,8753,0,,conti,32,0.0267,32,30.0,0.0,0.0,0.0,0.9375,0.0,0.0,0.0,16,0.5333,6.5282,1,0.0,0.0,0,1,1,1.0,65536,2184.53
conti_ff48dd7b_001,8756,0,,conti,32,0.0183,32,30.0,0.0,0.0,0.0,0.9375,0.0,0.0,0.0,16,0.5333,6.5342,1,0.0,0.0,0,1,1,1.0,65536,2184.53
conti_ff48dd7b_001,8758,0,,conti,32,0.0198,32,30.0,0.0,0.0,0.0,0.9375,0.0,0.0,0.0,16,0.5333,6.5204,1,0.0,0.0,0,1,1,1.0,65536,2184.53
conti_ff48dd7b_001,8760,0,,conti,32,0.0231,32,30.0,0.0,0.0,0.0,0.9375,0.0,0.0,0.0,16,0.5333,6.5303,1,0.0,0.0,0,1,1,1.0,65536,2184.53
conti_ff48dd7b_001,8762,0,,conti,32,0.0194,32,30.0,0.0,0.0,0.0,0.9375,0.0,0.0,0.0,16,0.5333,6.5223,1,0.0,0.0,0,1,1,1.0,65536,2184.53
conti_ff48dd7b_001,8764,0,,conti,32,0.0184,32,30.0,0.0,0.0,0.0,0.9375,0.0,0.0,0.0,16,0.5333,6.5161,1,0.0,0.0,0,1,1,1.0,65536,2184.53
conti_ff48dd7b_001,8766,0,,conti,32,0.0195,32,30.0,0.0,0.0,0.0,0.9375,0.0,0.0,0.0,16,0.5333,6.5228,1,0.0,0.0,0,1,1,1.0,65536,2184.53
conti_ff48dd7b_001,8768,0,,conti,32,0.0204,32,30.0,0.0,0.0,0.0,0.9375,0.0,0.0,0.0,16,0.5333,6.5202,1,0.0,0.0,0,1,1,1.0,65536,2184.53
conti_ff48dd7b_001,8770,0,,conti,32,0.0199,32,30.0,0.0,0.0,0.0,0.9375,0.0,0.0,0.0,16,0.5333,6.5228,1,0.0,0.0,0,1,1,1.0,65536,2184.53
conti_ff48dd7b_001,8772,0,,conti,32,0.0193,32,30.0,0.0,0.0,0.0,0.9375,0.0,0.0,0.0,16,0.5333,6.514,1,0.0,0.0,0,1,1,1.0,65536,2184.53
conti_ff48dd7b_001,8774,0,,conti,32,0.0205,32,30.0,0.0,0.0,0.0,0.9375,0.0,0.0,0.0,16,0.5333,6.516,1,0.0,0.0,0,1,1,1.0,65536,2184.53
conti_ff48dd7b_001,8776,0,,conti,32,0.0204,32,30.0,0.0,0.0,0.0,0.9375,0.0,0.0,0.0,16,0.5333,6.5129,1,0.0,0.0,0,1,1,1.0,65536,2184.53
conti_ff48dd7b_001,8778,0,,conti,32,0.0201,32,30.0,0.0,0.0,0.0,0.9375,0.0,0.0,0.0,16,0.5333,6.5084,1,0.0,0.0,0,1,1,1.0,65536,2184.53
conti_ff48dd7b_001,8780,0,,conti,32,0.0236,32,30.0,0.0,0.0,0.0,0.9375,0.0,0.0,0.0,16,0.5333,6.5326,1,0.0,0.0,0,1,1,1.0,65536,2184.53
conti_ff48dd7b_001,8782,0,,conti,32,0.0189,32,30.0,0.0,0.0,0.0,0.9375,0.0,0.0,0.0,16,0.5333,6.5131,1,0.0,0.0,0,1,1,1.0,65536,2184.53
conti_ff48dd7b_001,8786,0,,conti,80,0.0334,80,0.0,0.0,0.0,0.0,0.0,0.0,0.0,0.5,0,0.0,0.0,0,0.0,0.0,0,0,0,0.0,0,0.0
conti_ff48dd7b_001,8792,1,conti,conti,125,0.1337,125,41.0,0.0,20.0,1.0,0.328,0.0,0.16,0.16,40,0.9756,7.1178,1,0.4878,1.0,1,21,1,21.0,1324289,32299.73
conti_ff48dd7b_001,8804,0,,conti,83,0.0386,83,0.0,0.0,0.0,0.0,0.0,0.0,0.0,0.494,0,0.0,0.0,0,0.0,0.0,0,0,0,0.0,0,0.0
hellokitty_16a0054a_001,2740,0,,hellokitty,26,0.0598,26,0.0,0.0,0.0,0.0,0.0,0.0,0.0,0.0,0,0.0,0.0,0,0.0,0.0,0,0,0,0.0,0,0.0
hellokitty_16a0054a_001,8713,0,,hellokitty,22,0.0167,22,0.0,20.0,0.0,0.0,0.0,0.9091,0.0,0.0,0,0.0,0.0,0,0.0,0.0,0,20,1,20.0,0,0.0
hellokitty_16a0054a_001,8673,0,,hellokitty,120,0.7674,120,80.0,0.0,0.0,20.0,0.6667,0.0,0.0,0.0,0,0.0,3.6244,1,0.0,0.0,0,20,1,20.0,1383,17.29
hellokitty_16a0054a_001,8717,0,,hellokitty,32,0.0232,32,30.0,0.0,0.0,0.0,0.9375,0.0,0.0,0.0,16,0.5333,6.5533,1,0.0,0.0,0,1,1,1.0,65536,2184.53
hellokitty_16a0054a_001,8720,0,,hellokitty,32,0.0349,32,30.0,0.0,0.0,0.0,0.9375,0.0,0.0,0.0,16,0.5333,6.5727,1,0.0,0.0,0,1,1,1.0,65536,2184.53
hellokitty_16a0054a_001,8725,0,,hellokitty,32,0.0379,32,30.0,0.0,0.0,0.0,0.9375,0.0,0.0,0.0,15,0.5,6.5656,1,0.0,0.0,0,1,1,1.0,65536,2184.53
hellokitty_16a0054a_001,8732,0,,hellokitty,32,0.0439,32,30.0,0.0,0.0,0.0,0.9375,0.0,0.0,0.0,16,0.5333,6.5807,1,0.0,0.0,0,1,1,1.0,65536,2184.53
hellokitty_16a0054a_001,8734,0,,hellokitty,32,0.034,32,30.0,0.0,0.0,0.0,0.9375,0.0,0.0,0.0,16,0.5333,6.5588,1,0.0,0.0,0,1,1,1.0,65536,2184.53
hellokitty_16a0054a_001,8736,0,,hellokitty,32,0.0455,32,30.0,0.0,0.0,0.0,0.9375,0.0,0.0,0.0,15,0.5,6.5735,1,0.0,0.0,0,1,1,1.0,65536,2184.53
hellokitty_16a0054a_001,8739,0,,hellokitty,32,0.0355,32,30.0,0.0,0.0,0.0,0.9375,0.0,0.0,0.0,16,0.5333,6.5785,1,0.0,0.0,0,1,1,1.0,65536,2184.53
hellokitty_16a0054a_001,8741,0,,hellokitty,32,0.0234,32,30.0,0.0,0.0,0.0,0.9375,0.0,0.0,0.0,16,0.5333,6.5538,1,0.0,0.0,0,1,1,1.0,65536,2184.53
hellokitty_16a0054a_001,8743,0,,hellokitty,32,0.0237,32,30.0,0.0,0.0,0.0,0.9375,0.0,0.0,0.0,16,0.5333,6.5902,1,0.0,0.0,0,1,1,1.0,65536,2184.53
hellokitty_16a0054a_001,8745,0,,hellokitty,32,0.0246,32,30.0,0.0,0.0,0.0,0.9375,0.0,0.0,0.0,16,0.5333,6.5434,1,0.0,0.0,0,1,1,1.0,65536,2184.53
hellokitty_16a0054a_001,8747,0,,hellokitty,32,0.027,32,30.0,0.0,0.0,0.0,0.9375,0.0,0.0,0.0,16,0.5333,6.5651,1,0.0,0.0,0,1,1,1.0,65536,2184.53
hellokitty_16a0054a_001,8749,0,,hellokitty,32,0.0262,32,30.0,0.0,0.0,0.0,0.9375,0.0,0.0,0.0,16,0.5333,6.5598,1,0.0,0.0,0,1,1,1.0,65536,2184.53
hellokitty_16a0054a_001,8751,0,,hellokitty,32,0.0238,32,30.0,0.0,0.0,0.0,0.9375,0.0,0.0,0.0,16,0.5333,6.5538,1,0.0,0.0,0,1,1,1.0,65536,2184.53
hellokitty_16a0054a_001,8753,0,,hellokitty,32,0.021,32,30.0,0.0,0.0,0.0,0.9375,0.0,0.0,0.0,16,0.5333,6.5675,1,0.0,0.0,0,1,1,1.0,65536,2184.53
hellokitty_16a0054a_001,8755,0,,hellokitty,32,0.0201,32,30.0,0.0,0.0,0.0,0.9375,0.0,0.0,0.0,16,0.5333,6.5698,1,0.0,0.0,0,1,1,1.0,65536,2184.53
hellokitty_16a0054a_001,8757,0,,hellokitty,32,0.0261,32,30.0,0.0,0.0,0.0,0.9375,0.0,0.0,0.0,16,0.5333,6.543,1,0.0,0.0,0,1,1,1.0,65536,2184.53
hellokitty_16a0054a_001,8759,0,,hellokitty,32,0.0234,32,30.0,0.0,0.0,0.0,0.9375,0.0,0.0,0.0,16,0.5333,6.5781,1,0.0,0.0,0,1,1,1.0,65536,2184.53
hellokitty_16a0054a_001,8761,0,,hellokitty,32,0.0227,32,30.0,0.0,0.0,0.0,0.9375,0.0,0.0,0.0,16,0.5333,6.5637,1,0.0,0.0,0,1,1,1.0,65536,2184.53
hellokitty_16a0054a_001,8763,0,,hellokitty,32,0.0183,32,30.0,0.0,0.0,0.0,0.9375,0.0,0.0,0.0,16,0.5333,6.5811,1,0.0,0.0,0,1,1,1.0,65536,2184.53
hellokitty_16a0054a_001,8765,0,,hellokitty,32,0.0202,32,30.0,0.0,0.0,0.0,0.9375,0.0,0.0,0.0,16,0.5333,6.551,1,0.0,0.0,0,1,1,1.0,65536,2184.53
hellokitty_16a0054a_001,8769,0,,hellokitty,80,0.0444,80,0.0,0.0,0.0,0.0,0.0,0.0,0.0,0.5,0,0.0,0.0,0,0.0,0.0,0,0,0,0.0,0,0.0
hellokitty_16a0054a_001,8775,1,hellokitty,hellokitty,382,0.3241,382,160.0,0.0,20.0,20.0,0.4188,0.0,0.0524,0.1047,20,0.125,4.6282,1,0.25,1.0,1,60,1,60.0,1343120,8394.5
hellokitty_16a0054a_001,8799,0,,hellokitty,120,0.0546,120,0.0,0.0,0.0,0.0,0.0,0.0,0.0,0.3333,0,0.0,0.0,0,0.0,0.0,0,0,0,0.0,0,0.0
hellokitty_556e5cb5_001,2740,0,,hellokitty,26,0.063,26,0.0,0.0,0.0,0.0,0.0,0.0,0.0,0.0,0,0.0,0.0,0,0.0,0.0,0,0,0,0.0,0,0.0
hellokitty_556e5cb5_001,8728,0,,hellokitty,22,0.0146,22,0.0,20.0,0.0,0.0,0.0,0.9091,0.0,0.0,0,0.0,0.0,0,0.0,0.0,0,20,1,20.0,0,0.0
hellokitty_556e5cb5_001,8677,0,,hellokitty,120,0.7249,120,80.0,0.0,0.0,20.0,0.6667,0.0,0.0,0.0,0,0.0,3.6244,1,0.0,0.0,0,20,1,20.0,1383,17.29
hellokitty_556e5cb5_001,8731,0,,hellokitty,32,0.0277,32,30.0,0.0,0.0,0.0,0.9375,0.0,0.0,0.0,16,0.5333,6.5564,1,0.0,0.0,0,1,1,1.0,65536,2184.53
hellokitty_556e5cb5_001,8733,0,,hellokitty,32,0.0229,32,30.0,0.0,0.0,0.0,0.9375,0.0,0.0,0.0,16,0.5333,6.5584,1,0.0,0.0,0,1,1,1.0,65536,2184.53
hellokitty_556e5cb5_001,8735,0,,hellokitty,32,0.0195,32,30.0,0.0,0.0,0.0,0.9375,0.0,0.0,0.0,16,0.5333,6.5711,1,0.0,0.0,0,1,1,1.0,65536,2184.53
hellokitty_556e5cb5_001,8737,0,,hellokitty,32,0.0223,32,30.0,0.0,0.0,0.0,0.9375,0.0,0.0,0.0,16,0.5333,6.5685,1,0.0,0.0,0,1,1,1.0,65536,2184.53
hellokitty_556e5cb5_001,8739,0,,hellokitty,32,0.0393,32,30.0,0.0,0.0,0.0,0.9375,0.0,0.0,0.0,16,0.5333,6.5582,1,0.0,0.0,0,1,1,1.0,65536,2184.53
hellokitty_556e5cb5_001,8741,0,,hellokitty,32,0.0209,32,30.0,0.0,0.0,0.0,0.9375,0.0,0.0,0.0,16,0.5333,6.5723,1,0.0,0.0,0,1,1,1.0,65536,2184.53
hellokitty_556e5cb5_001,8744,0,,hellokitty,32,0.0276,32,30.0,0.0,0.0,0.0,0.9375,0.0,0.0,0.0,16,0.5333,6.5579,1,0.0,0.0,0,1,1,1.0,65536,2184.53
hellokitty_556e5cb5_001,8746,0,,hellokitty,32,0.0305,32,30.0,0.0,0.0,0.0,0.9375,0.0,0.0,0.0,16,0.5333,6.5784,1,0.0,0.0,0,1,1,1.0,65536,2184.53
hellokitty_556e5cb5_001,8748,0,,hellokitty,32,0.0291,32,30.0,0.0,0.0,0.0,0.9375,0.0,0.0,0.0,16,0.5333,6.5577,1,0.0,0.0,0,1,1,1.0,65536,2184.53
hellokitty_556e5cb5_001,8750,0,,hellokitty,32,0.0206,32,30.0,0.0,0.0,0.0,0.9375,0.0,0.0,0.0,16,0.5333,6.5349,1,0.0,0.0,0,1,1,1.0,65536,2184.53
hellokitty_556e5cb5_001,8752,0,,hellokitty,32,0.0234,32,30.0,0.0,0.0,0.0,0.9375,0.0,0.0,0.0,16,0.5333,6.5607,1,0.0,0.0,0,1,1,1.0,65536,2184.53
hellokitty_556e5cb5_001,8754,0,,hellokitty,32,0.0355,32,30.0,0.0,0.0,0.0,0.9375,0.0,0.0,0.0,16,0.5333,6.5413,1,0.0,0.0,0,1,1,1.0,65536,2184.53
hellokitty_556e5cb5_001,8756,0,,hellokitty,32,0.0226,32,30.0,0.0,0.0,0.0,0.9375,0.0,0.0,0.0,16,0.5333,6.5545,1,0.0,0.0,0,1,1,1.0,65536,2184.53
hellokitty_556e5cb5_001,8758,0,,hellokitty,32,0.0337,32,30.0,0.0,0.0,0.0,0.9375,0.0,0.0,0.0,16,0.5333,6.5394,1,0.0,0.0,0,1,1,1.0,65536,2184.53
hellokitty_556e5cb5_001,8760,0,,hellokitty,32,0.0308,32,30.0,0.0,0.0,0.0,0.9375,0.0,0.0,0.0,16,0.5333,6.572,1,0.0,0.0,0,1,1,1.0,65536,2184.53
hellokitty_556e5cb5_001,8762,0,,hellokitty,32,0.0303,32,30.0,0.0,0.0,0.0,0.9375,0.0,0.0,0.0,16,0.5333,6.565,1,0.0,0.0,0,1,1,1.0,65536,2184.53
hellokitty_556e5cb5_001,8764,0,,hellokitty,32,0.0284,32,30.0,0.0,0.0,0.0,0.9375,0.0,0.0,0.0,16,0.5333,6.5782,1,0.0,0.0,0,1,1,1.0,65536,2184.53
hellokitty_556e5cb5_001,8766,0,,hellokitty,32,0.0307,32,30.0,0.0,0.0,0.0,0.9375,0.0,0.0,0.0,16,0.5333,6.5481,1,0.0,0.0,0,1,1,1.0,65536,2184.53
hellokitty_556e5cb5_001,8768,0,,hellokitty,32,0.0229,32,30.0,0.0,0.0,0.0,0.9375,0.0,0.0,0.0,16,0.5333,6.5614,1,0.0,0.0,0,1,1,1.0,65536,2184.53
hellokitty_556e5cb5_001,8770,0,,hellokitty,32,0.0224,32,30.0,0.0,0.0,0.0,0.9375,0.0,0.0,0.0,16,0.5333,6.5715,1,0.0,0.0,0,1,1,1.0,65536,2184.53
hellokitty_556e5cb5_001,8774,0,,hellokitty,80,0.0492,80,0.0,0.0,0.0,0.0,0.0,0.0,0.0,0.5,0,0.0,0.0,0,0.0,0.0,0,0,0,0.0,0,0.0
hellokitty_556e5cb5_001,8780,1,hellokitty,hellokitty,462,0.384,462,180.0,0.0,40.0,20.0,0.3896,0.0,0.0866,0.1732,20,0.1111,4.8512,1,0.6667,1.0,2,60,1,60.0,1350063,7500.35
hellokitty_556e5cb5_001,8807,0,,hellokitty,120,0.0554,120,0.0,0.0,0.0,0.0,0.0,0.0,0.0,0.3333,0,0.0,0.0,0,0.0,0.0,0,0,0,0.0,0,0.0
hellokitty_754f2022_001,2740,0,,hellokitty,26,0.0523,26,0.0,0.0,0.0,0.0,0.0,0.0,0.0,0.0,0,0.0,0.0,0,0.0,0.0,0,0,0,0.0,0,0.0
hellokitty_754f2022_001,8596,0,,hellokitty,22,0.0207,22,0.0,20.0,0.0,0.0,0.0,0.9091,0.0,0.0,0,0.0,0.0,0,0.0,0.0,0,20,1,20.0,0,0.0
hellokitty_754f2022_001,8541,0,,hellokitty,120,0.7693,120,80.0,0.0,0.0,20.0,0.6667,0.0,0.0,0.0,0,0.0,3.6466,1,0.0,0.0,0,20,1,20.0,1383,17.29
hellokitty_754f2022_001,8599,0,,hellokitty,32,0.0346,32,30.0,0.0,0.0,0.0,0.9375,0.0,0.0,0.0,16,0.5333,6.5554,1,0.0,0.0,0,1,1,1.0,65536,2184.53
hellokitty_754f2022_001,8601,0,,hellokitty,32,0.0246,32,30.0,0.0,0.0,0.0,0.9375,0.0,0.0,0.0,16,0.5333,6.5396,1,0.0,0.0,0,1,1,1.0,65536,2184.53
hellokitty_754f2022_001,8603,0,,hellokitty,32,0.026,32,30.0,0.0,0.0,0.0,0.9375,0.0,0.0,0.0,16,0.5333,6.5642,1,0.0,0.0,0,1,1,1.0,65536,2184.53
hellokitty_754f2022_001,8605,0,,hellokitty,32,0.0322,32,30.0,0.0,0.0,0.0,0.9375,0.0,0.0,0.0,16,0.5333,6.5571,1,0.0,0.0,0,1,1,1.0,65536,2184.53
hellokitty_754f2022_001,8607,0,,hellokitty,32,0.0305,32,30.0,0.0,0.0,0.0,0.9375,0.0,0.0,0.0,16,0.5333,6.5407,1,0.0,0.0,0,1,1,1.0,65536,2184.53
hellokitty_754f2022_001,8609,0,,hellokitty,32,0.0386,32,30.0,0.0,0.0,0.0,0.9375,0.0,0.0,0.0,16,0.5333,6.5679,1,0.0,0.0,0,1,1,1.0,65536,2184.53
hellokitty_754f2022_001,8611,0,,hellokitty,32,0.035,32,30.0,0.0,0.0,0.0,0.9375,0.0,0.0,0.0,16,0.5333,6.5678,1,0.0,0.0,0,1,1,1.0,65536,2184.53
hellokitty_754f2022_001,8613,0,,hellokitty,32,0.0239,32,30.0,0.0,0.0,0.0,0.9375,0.0,0.0,0.0,15,0.5,6.5667,1,0.0,0.0,0,1,1,1.0,65536,2184.53
hellokitty_754f2022_001,8615,0,,hellokitty,32,0.0228,32,30.0,0.0,0.0,0.0,0.9375,0.0,0.0,0.0,16,0.5333,6.5605,1,0.0,0.0,0,1,1,1.0,65536,2184.53
hellokitty_754f2022_001,8617,0,,hellokitty,32,0.0381,32,30.0,0.0,0.0,0.0,0.9375,0.0,0.0,0.0,16,0.5333,6.5492,1,0.0,0.0,0,1,1,1.0,65536,2184.53
hellokitty_754f2022_001,8619,0,,hellokitty,32,0.0317,32,30.0,0.0,0.0,0.0,0.9375,0.0,0.0,0.0,16,0.5333,6.5793,1,0.0,0.0,0,1,1,1.0,65536,2184.53
hellokitty_754f2022_001,8621,0,,hellokitty,32,0.0317,32,30.0,0.0,0.0,0.0,0.9375,0.0,0.0,0.0,16,0.5333,6.5445,1,0.0,0.0,0,1,1,1.0,65536,2184.53
hellokitty_754f2022_001,8623,0,,hellokitty,32,0.0271,32,30.0,0.0,0.0,0.0,0.9375,0.0,0.0,0.0,16,0.5333,6.5444,1,0.0,0.0,0,1,1,1.0,65536,2184.53
hellokitty_754f2022_001,8625,0,,hellokitty,32,0.0238,32,30.0,0.0,0.0,0.0,0.9375,0.0,0.0,0.0,16,0.5333,6.5701,1,0.0,0.0,0,1,1,1.0,65536,2184.53
hellokitty_754f2022_001,8627,0,,hellokitty,32,0.0293,32,30.0,0.0,0.0,0.0,0.9375,0.0,0.0,0.0,16,0.5333,6.56,1,0.0,0.0,0,1,1,1.0,65536,2184.53
hellokitty_754f2022_001,8629,0,,hellokitty,32,0.0321,32,30.0,0.0,0.0,0.0,0.9375,0.0,0.0,0.0,16,0.5333,6.5603,1,0.0,0.0,0,1,1,1.0,65536,2184.53
hellokitty_754f2022_001,8631,0,,hellokitty,32,0.0245,32,30.0,0.0,0.0,0.0,0.9375,0.0,0.0,0.0,16,0.5333,6.5712,1,0.0,0.0,0,1,1,1.0,65536,2184.53
hellokitty_754f2022_001,8633,0,,hellokitty,32,0.025,32,30.0,0.0,0.0,0.0,0.9375,0.0,0.0,0.0,16,0.5333,6.5395,1,0.0,0.0,0,1,1,1.0,65536,2184.53
hellokitty_754f2022_001,8635,0,,hellokitty,32,0.0249,32,30.0,0.0,0.0,0.0,0.9375,0.0,0.0,0.0,16,0.5333,6.576,1,0.0,0.0,0,1,1,1.0,65536,2184.53
hellokitty_754f2022_001,8637,0,,hellokitty,32,0.0246,32,30.0,0.0,0.0,0.0,0.9375,0.0,0.0,0.0,16,0.5333,6.5491,1,0.0,0.0,0,1,1,1.0,65536,2184.53
hellokitty_754f2022_001,8641,0,,hellokitty,80,0.0594,80,0.0,0.0,0.0,0.0,0.0,0.0,0.0,0.5,0,0.0,0.0,0,0.0,0.0,0,0,0,0.0,0,0.0
hellokitty_754f2022_001,8647,1,hellokitty,hellokitty,382,0.3218,382,160.0,0.0,20.0,20.0,0.4188,0.0,0.0524,0.1047,22,0.1375,4.6317,1,0.25,1.0,1,60,1,60.0,1343640,8397.75
hellokitty_754f2022_001,8671,0,,hellokitty,120,0.0444,120,0.0,0.0,0.0,0.0,0.0,0.0,0.0,0.3333,0,0.0,0.0,0,0.0,0.0,0,0,0,0.0,0,0.0
hellokitty_8f3db63f_001,2740,0,,hellokitty,26,0.0337,26,0.0,0.0,0.0,0.0,0.0,0.0,0.0,0.0,0,0.0,0.0,0,0.0,0.0,0,0,0,0.0,0,0.0
hellokitty_8f3db63f_001,8607,0,,hellokitty,22,0.0119,22,0.0,20.0,0.0,0.0,0.0,0.9091,0.0,0.0,0,0.0,0.0,0,0.0,0.0,0,20,1,20.0,0,0.0
hellokitty_8f3db63f_001,8554,0,,hellokitty,120,0.3701,120,80.0,0.0,0.0,20.0,0.6667,0.0,0.0,0.0,0,0.0,3.6779,1,0.0,0.0,0,20,1,20.0,1383,17.29
hellokitty_8f3db63f_001,8610,0,,hellokitty,32,0.0114,32,30.0,0.0,0.0,0.0,0.9375,0.0,0.0,0.0,16,0.5333,6.5768,1,0.0,0.0,0,1,1,1.0,65536,2184.53
hellokitty_8f3db63f_001,8612,0,,hellokitty,32,0.0123,32,30.0,0.0,0.0,0.0,0.9375,0.0,0.0,0.0,16,0.5333,6.563,1,0.0,0.0,0,1,1,1.0,65536,2184.53
hellokitty_8f3db63f_001,8614,0,,hellokitty,32,0.0154,32,30.0,0.0,0.0,0.0,0.9375,0.0,0.0,0.0,16,0.5333,6.5842,1,0.0,0.0,0,1,1,1.0,65536,2184.53
hellokitty_8f3db63f_001,8616,0,,hellokitty,32,0.0126,32,30.0,0.0,0.0,0.0,0.9375,0.0,0.0,0.0,16,0.5333,6.5497,1,0.0,0.0,0,1,1,1.0,65536,2184.53
hellokitty_8f3db63f_001,8618,0,,hellokitty,32,0.0129,32,30.0,0.0,0.0,0.0,0.9375,0.0,0.0,0.0,16,0.5333,6.5631,1,0.0,0.0,0,1,1,1.0,65536,2184.53
hellokitty_8f3db63f_001,8620,0,,hellokitty,32,0.0107,32,30.0,0.0,0.0,0.0,0.9375,0.0,0.0,0.0,16,0.5333,6.5625,1,0.0,0.0,0,1,1,1.0,65536,2184.53
hellokitty_8f3db63f_001,8622,0,,hellokitty,32,0.0157,32,30.0,0.0,0.0,0.0,0.9375,0.0,0.0,0.0,16,0.5333,6.5627,1,0.0,0.0,0,1,1,1.0,65536,2184.53
hellokitty_8f3db63f_001,8624,0,,hellokitty,32,0.0111,32,30.0,0.0,0.0,0.0,0.9375,0.0,0.0,0.0,16,0.5333,6.5534,1,0.0,0.0,0,1,1,1.0,65536,2184.53
hellokitty_8f3db63f_001,8626,0,,hellokitty,32,0.0135,32,30.0,0.0,0.0,0.0,0.9375,0.0,0.0,0.0,16,0.5333,6.5572,1,0.0,0.0,0,1,1,1.0,65536,2184.53
hellokitty_8f3db63f_001,8628,0,,hellokitty,32,0.0127,32,30.0,0.0,0.0,0.0,0.9375,0.0,0.0,0.0,16,0.5333,6.5345,1,0.0,0.0,0,1,1,1.0,65536,2184.53
hellokitty_8f3db63f_001,8630,0,,hellokitty,32,0.0108,32,30.0,0.0,0.0,0.0,0.9375,0.0,0.0,0.0,16,0.5333,6.5503,1,0.0,0.0,0,1,1,1.0,65536,2184.53
hellokitty_8f3db63f_001,8632,0,,hellokitty,32,0.016,32,30.0,0.0,0.0,0.0,0.9375,0.0,0.0,0.0,16,0.5333,6.5647,1,0.0,0.0,0,1,1,1.0,65536,2184.53
hellokitty_8f3db63f_001,8634,0,,hellokitty,32,0.0131,32,30.0,0.0,0.0,0.0,0.9375,0.0,0.0,0.0,16,0.5333,6.5739,1,0.0,0.0,0,1,1,1.0,65536,2184.53
hellokitty_8f3db63f_001,8636,0,,hellokitty,32,0.0157,32,30.0,0.0,0.0,0.0,0.9375,0.0,0.0,0.0,16,0.5333,6.5617,1,0.0,0.0,0,1,1,1.0,65536,2184.53
hellokitty_8f3db63f_001,8638,0,,hellokitty,32,0.016,32,30.0,0.0,0.0,0.0,0.9375,0.0,0.0,0.0,16,0.5333,6.5769,1,0.0,0.0,0,1,1,1.0,65536,2184.53
hellokitty_8f3db63f_001,8640,0,,hellokitty,32,0.0157,32,30.0,0.0,0.0,0.0,0.9375,0.0,0.0,0.0,16,0.5333,6.5662,1,0.0,0.0,0,1,1,1.0,65536,2184.53
hellokitty_8f3db63f_001,8642,0,,hellokitty,32,0.0123,32,30.0,0.0,0.0,0.0,0.9375,0.0,0.0,0.0,16,0.5333,6.5699,1,0.0,0.0,0,1,1,1.0,65536,2184.53
hellokitty_8f3db63f_001,8644,0,,hellokitty,32,0.0151,32,30.0,0.0,0.0,0.0,0.9375,0.0,0.0,0.0,16,0.5333,6.5536,1,0.0,0.0,0,1,1,1.0,65536,2184.53
hellokitty_8f3db63f_001,8646,0,,hellokitty,32,0.0167,32,30.0,0.0,0.0,0.0,0.9375,0.0,0.0,0.0,16,0.5333,6.5565,1,0.0,0.0,0,1,1,1.0,65536,2184.53
hellokitty_8f3db63f_001,8648,0,,hellokitty,32,0.0223,32,30.0,0.0,0.0,0.0,0.9375,0.0,0.0,0.0,16,0.5333,6.5557,1,0.0,0.0,0,1,1,1.0,65536,2184.53
hellokitty_8f3db63f_001,8652,0,,hellokitty,80,0.0315,80,0.0,0.0,0.0,0.0,0.0,0.0,0.0,0.5,0,0.0,0.0,0,0.0,0.0,0,0,0,0.0,0,0.0
hellokitty_8f3db63f_001,8658,1,hellokitty,hellokitty,402,0.1599,402,160.0,0.0,40.0,20.0,0.398,0.0,0.0995,0.0995,20,0.125,4.631,1,0.25,1.0,2,60,1,60.0,1343420,8396.38
hellokitty_8f3db63f_001,8682,0,,hellokitty,120,0.0239,120,0.0,0.0,0.0,0.0,0.0,0.0,0.0,0.3333,0,0.0,0.0,0,0.0,0.0,0,0,0,0.0,0,0.0
hellokitty_b4f90cff_001,2740,0,,hellokitty,26,0.0485,26,0.0,0.0,0.0,0.0,0.0,0.0,0.0,0.0,0,0.0,0.0,0,0.0,0.0,0,0,0,0.0,0,0.0
hellokitty_b4f90cff_001,8718,0,,hellokitty,22,0.018,22,0.0,20.0,0.0,0.0,0.0,0.9091,0.0,0.0,0,0.0,0.0,0,0.0,0.0,0,20,1,20.0,0,0.0
hellokitty_b4f90cff_001,8669,0,,hellokitty,120,0.6575,120,80.0,0.0,0.0,20.0,0.6667,0.0,0.0,0.0,0,0.0,3.6466,1,0.0,0.0,0,20,1,20.0,1383,17.29
hellokitty_b4f90cff_001,8722,0,,hellokitty,32,0.0297,32,30.0,0.0,0.0,0.0,0.9375,0.0,0.0,0.0,16,0.5333,6.5767,1,0.0,0.0,0,1,1,1.0,65536,2184.53
hellokitty_b4f90cff_001,8724,0,,hellokitty,32,0.0241,32,30.0,0.0,0.0,0.0,0.9375,0.0,0.0,0.0,16,0.5333,6.5519,1,0.0,0.0,0,1,1,1.0,65536,2184.53
hellokitty_b4f90cff_001,8726,0,,hellokitty,32,0.0224,32,30.0,0.0,0.0,0.0,0.9375,0.0,0.0,0.0,16,0.5333,6.5541,1,0.0,0.0,0,1,1,1.0,65536,2184.53
hellokitty_b4f90cff_001,8728,0,,hellokitty,32,0.0283,32,30.0,0.0,0.0,0.0,0.9375,0.0,0.0,0.0,16,0.5333,6.5566,1,0.0,0.0,0,1,1,1.0,65536,2184.53
hellokitty_b4f90cff_001,8730,0,,hellokitty,32,0.0249,32,30.0,0.0,0.0,0.0,0.9375,0.0,0.0,0.0,16,0.5333,6.5604,1,0.0,0.0,0,1,1,1.0,65536,2184.53
hellokitty_b4f90cff_001,8732,0,,hellokitty,32,0.0201,32,30.0,0.0,0.0,0.0,0.9375,0.0,0.0,0.0,16,0.5333,6.5662,1,0.0,0.0,0,1,1,1.0,65536,2184.53
hellokitty_b4f90cff_001,8734,0,,hellokitty,32,0.0245,32,30.0,0.0,0.0,0.0,0.9375,0.0,0.0,0.0,16,0.5333,6.5487,1,0.0,0.0,0,1,1,1.0,65536,2184.53
hellokitty_b4f90cff_001,8736,0,,hellokitty,32,0.0239,32,30.0,0.0,0.0,0.0,0.9375,0.0,0.0,0.0,16,0.5333,6.5623,1,0.0,0.0,0,1,1,1.0,65536,2184.53
hellokitty_b4f90cff_001,8738,0,,hellokitty,32,0.0231,32,30.0,0.0,0.0,0.0,0.9375,0.0,0.0,0.0,16,0.5333,6.5753,1,0.0,0.0,0,1,1,1.0,65536,2184.53
hellokitty_b4f90cff_001,8740,0,,hellokitty,32,0.0199,32,30.0,0.0,0.0,0.0,0.9375,0.0,0.0,0.0,16,0.5333,6.5397,1,0.0,0.0,0,1,1,1.0,65536,2184.53
hellokitty_b4f90cff_001,8742,0,,hellokitty,32,0.024,32,30.0,0.0,0.0,0.0,0.9375,0.0,0.0,0.0,16,0.5333,6.5488,1,0.0,0.0,0,1,1,1.0,65536,2184.53
hellokitty_b4f90cff_001,8744,0,,hellokitty,32,0.0241,32,30.0,0.0,0.0,0.0,0.9375,0.0,0.0,0.0,16,0.5333,6.5569,1,0.0,0.0,0,1,1,1.0,65536,2184.53
hellokitty_b4f90cff_001,8746,0,,hellokitty,32,0.0279,32,30.0,0.0,0.0,0.0,0.9375,0.0,0.0,0.0,16,0.5333,6.5971,1,0.0,0.0,0,1,1,1.0,65536,2184.53
hellokitty_b4f90cff_001,8748,0,,hellokitty,32,0.021,32,30.0,0.0,0.0,0.0,0.9375,0.0,0.0,0.0,16,0.5333,6.5748,1,0.0,0.0,0,1,1,1.0,65536,2184.53
hellokitty_b4f90cff_001,8750,0,,hellokitty,32,0.0254,32,30.0,0.0,0.0,0.0,0.9375,0.0,0.0,0.0,16,0.5333,6.5696,1,0.0,0.0,0,1,1,1.0,65536,2184.53
hellokitty_b4f90cff_001,8752,0,,hellokitty,32,0.0325,32,30.0,0.0,0.0,0.0,0.9375,0.0,0.0,0.0,16,0.5333,6.5577,1,0.0,0.0,0,1,1,1.0,65536,2184.53
hellokitty_b4f90cff_001,8754,0,,hellokitty,32,0.023,32,30.0,0.0,0.0,0.0,0.9375,0.0,0.0,0.0,16,0.5333,6.5536,1,0.0,0.0,0,1,1,1.0,65536,2184.53
hellokitty_b4f90cff_001,8756,0,,hellokitty,32,0.0239,32,30.0,0.0,0.0,0.0,0.9375,0.0,0.0,0.0,16,0.5333,6.5413,1,0.0,0.0,0,1,1,1.0,65536,2184.53
hellokitty_b4f90cff_001,8758,0,,hellokitty,32,0.022,32,30.0,0.0,0.0,0.0,0.9375,0.0,0.0,0.0,16,0.5333,6.5368,1,0.0,0.0,0,1,1,1.0,65536,2184.53
hellokitty_b4f90cff_001,8760,0,,hellokitty,32,0.0259,32,30.0,0.0,0.0,0.0,0.9375,0.0,0.0,0.0,16,0.5333,6.542,1,0.0,0.0,0,1,1,1.0,65536,2184.53
hellokitty_b4f90cff_001,8764,0,,hellokitty,80,0.0483,80,0.0,0.0,0.0,0.0,0.0,0.0,0.0,0.5,0,0.0,0.0,0,0.0,0.0,0,0,0,0.0,0,0.0
hellokitty_b4f90cff_001,8770,1,hellokitty,hellokitty,462,0.4428,462,180.0,0.0,40.0,20.0,0.3896,0.0,0.0866,0.1732,20,0.1111,4.8337,1,0.6667,1.0,2,60,1,60.0,1346083,7478.24
hellokitty_b4f90cff_001,8794,0,,hellokitty,120,0.0489,120,0.0,0.0,0.0,0.0,0.0,0.0,0.0,0.3333,0,0.0,0.0,0,0.0,0.0,0,0,0,0.0,0,0.0
hellokitty_ca607e43_001,2740,0,,hellokitty,26,0.0525,26,0.0,0.0,0.0,0.0,0.0,0.0,0.0,0.0,0,0.0,0.0,0,0.0,0.0,0,0,0,0.0,0,0.0
hellokitty_ca607e43_001,8688,0,,hellokitty,22,0.0345,22,0.0,20.0,0.0,0.0,0.0,0.9091,0.0,0.0,0,0.0,0.0,0,0.0,0.0,0,20,1,20.0,0,0.0
hellokitty_ca607e43_001,8644,0,,hellokitty,120,1.3272,120,60.2766,0.0,0.0,15.0691,0.6667,0.0,0.0,0.0,0,0.0,3.6712,1,0.0,0.0,0,20,1,20.0,1383,17.29
hellokitty_ca607e43_001,8692,0,,hellokitty,32,0.0556,32,30.0,0.0,0.0,0.0,0.9375,0.0,0.0,0.0,16,0.5333,6.5475,1,0.0,0.0,0,1,1,1.0,65536,2184.53
hellokitty_ca607e43_001,8694,0,,hellokitty,32,0.0633,32,30.0,0.0,0.0,0.0,0.9375,0.0,0.0,0.0,16,0.5333,6.5558,1,0.0,0.0,0,1,1,1.0,65536,2184.53
hellokitty_ca607e43_001,8696,0,,hellokitty,32,0.1219,32,30.0,0.0,0.0,0.0,0.9375,0.0,0.0,0.0,16,0.5333,6.5478,1,0.0,0.0,0,1,1,1.0,65536,2184.53
hellokitty_ca607e43_001,8700,0,,hellokitty,32,0.1344,32,30.0,0.0,0.0,0.0,0.9375,0.0,0.0,0.0,16,0.5333,6.5511,1,0.0,0.0,0,1,1,1.0,65536,2184.53
hellokitty_ca607e43_001,8711,0,,hellokitty,32,0.1049,32,30.0,0.0,0.0,0.0,0.9375,0.0,0.0,0.0,16,0.5333,6.5667,1,0.0,0.0,0,1,1,1.0,65536,2184.53
hellokitty_ca607e43_001,8713,0,,hellokitty,32,0.0503,32,30.0,0.0,0.0,0.0,0.9375,0.0,0.0,0.0,16,0.5333,6.593,1,0.0,0.0,0,1,1,1.0,65536,2184.53
hellokitty_ca607e43_001,8715,0,,hellokitty,32,0.0738,32,30.0,0.0,0.0,0.0,0.9375,0.0,0.0,0.0,16,0.5333,6.5762,1,0.0,0.0,0,1,1,1.0,65536,2184.53
hellokitty_ca607e43_001,8718,0,,hellokitty,32,0.0294,32,30.0,0.0,0.0,0.0,0.9375,0.0,0.0,0.0,16,0.5333,6.5782,1,0.0,0.0,0,1,1,1.0,65536,2184.53
hellokitty_ca607e43_001,8720,0,,hellokitty,32,0.0252,32,30.0,0.0,0.0,0.0,0.9375,0.0,0.0,0.0,16,0.5333,6.5681,1,0.0,0.0,0,1,1,1.0,65536,2184.53
hellokitty_ca607e43_001,8722,0,,hellokitty,32,0.0243,32,30.0,0.0,0.0,0.0,0.9375,0.0,0.0,0.0,16,0.5333,6.5318,1,0.0,0.0,0,1,1,1.0,65536,2184.53
hellokitty_ca607e43_001,8724,0,,hellokitty,33,0.0282,33,30.0,0.0,0.0,0.0,0.9091,0.0,0.0,0.0,16,0.5333,6.561,1,0.0,0.0,0,1,1,1.0,65536,2184.53
hellokitty_ca607e43_001,8726,0,,hellokitty,32,0.029,32,30.0,0.0,0.0,0.0,0.9375,0.0,0.0,0.0,16,0.5333,6.5652,1,0.0,0.0,0,1,1,1.0,65536,2184.53
hellokitty_ca607e43_001,8728,0,,hellokitty,32,0.0273,32,30.0,0.0,0.0,0.0,0.9375,0.0,0.0,0.0,16,0.5333,6.5684,1,0.0,0.0,0,1,1,1.0,65536,2184.53
hellokitty_ca607e43_001,8730,0,,hellokitty,32,0.0242,32,30.0,0.0,0.0,0.0,0.9375,0.0,0.0,0.0,16,0.5333,6.5565,1,0.0,0.0,0,1,1,1.0,65536,2184.53
hellokitty_ca607e43_001,8732,0,,hellokitty,32,0.0238,32,30.0,0.0,0.0,0.0,0.9375,0.0,0.0,0.0,16,0.5333,6.565,1,0.0,0.0,0,1,1,1.0,65536,2184.53
hellokitty_ca607e43_001,8734,0,,hellokitty,32,0.0254,32,30.0,0.0,0.0,0.0,0.9375,0.0,0.0,0.0,16,0.5333,6.5607,1,0.0,0.0,0,1,1,1.0,65536,2184.53
hellokitty_ca607e43_001,8736,0,,hellokitty,32,0.0256,32,30.0,0.0,0.0,0.0,0.9375,0.0,0.0,0.0,16,0.5333,6.5682,1,0.0,0.0,0,1,1,1.0,65536,2184.53
hellokitty_ca607e43_001,8738,0,,hellokitty,32,0.0288,32,30.0,0.0,0.0,0.0,0.9375,0.0,0.0,0.0,16,0.5333,6.5451,1,0.0,0.0,0,1,1,1.0,65536,2184.53
hellokitty_ca607e43_001,8740,0,,hellokitty,32,0.0251,32,30.0,0.0,0.0,0.0,0.9375,0.0,0.0,0.0,16,0.5333,6.5631,1,0.0,0.0,0,1,1,1.0,65536,2184.53
hellokitty_ca607e43_001,8742,0,,hellokitty,32,0.0276,32,30.0,0.0,0.0,0.0,0.9375,0.0,0.0,0.0,16,0.5333,6.5614,1,0.0,0.0,0,1,1,1.0,65536,2184.53
hellokitty_ca607e43_001,8746,0,,hellokitty,80,0.0427,80,0.0,0.0,0.0,0.0,0.0,0.0,0.0,0.5,0,0.0,0.0,0,0.0,0.0,0,0,0,0.0,0,0.0
hellokitty_ca607e43_001,8779,1,hellokitty,hellokitty,462,0.3858,462,180.0,0.0,40.0,20.0,0.3896,0.0,0.0866,0.1732,20,0.1111,4.8252,1,0.6667,1.0,2,60,1,60.0,1344683,7470.46
hellokitty_ca607e43_001,8804,0,,hellokitty,120,0.0698,120,0.0,0.0,0.0,0.0,0.0,0.0,0.0,0.3333,0,0.0,0.0,0,0.0,0.0,0,0,0,0.0,0,0.0
incransom_63e0d4e8_001,9540,0,,incransom,23,0.0339,23,0.0,20.0,0.0,0.0,0.0,0.8696,0.0,0.0,0,0.0,0.0,0,0.0,0.0,0,20,1,20.0,0,0.0
incransom_63e0d4e8_001,2740,0,,incransom,26,0.0914,26,0.0,0.0,0.0,0.0,0.0,0.0,0.0,0.0,0,0.0,0.0,0,0.0,0.0,0,0,0,0.0,0,0.0
incransom_63e0d4e8_001,9501,0,,incransom,120,0.7943,120,80.0,0.0,0.0,20.0,0.6667,0.0,0.0,0.0,0,0.0,3.6284,1,0.0,0.0,0,20,1,20.0,1363,17.04
incransom_63e0d4e8_001,9545,0,,incransom,32,0.0359,32,30.0,0.0,0.0,0.0,0.9375,0.0,0.0,0.0,16,0.5333,6.5499,1,0.0,0.0,0,1,1,1.0,65536,2184.53
incransom_63e0d4e8_001,9547,0,,incransom,32,0.0254,32,30.0,0.0,0.0,0.0,0.9375,0.0,0.0,0.0,16,0.5333,6.5417,1,0.0,0.0,0,1,1,1.0,65536,2184.53
incransom_63e0d4e8_001,9550,0,,incransom,32,0.0216,32,30.0,0.0,0.0,0.0,0.9375,0.0,0.0,0.0,16,0.5333,6.5509,1,0.0,0.0,0,1,1,1.0,65536,2184.53
incransom_63e0d4e8_001,9552,0,,incransom,32,0.0341,32,30.0,0.0,0.0,0.0,0.9375,0.0,0.0,0.0,16,0.5333,6.5551,1,0.0,0.0,0,1,1,1.0,65536,2184.53
incransom_63e0d4e8_001,9554,0,,incransom,32,0.0277,32,30.0,0.0,0.0,0.0,0.9375,0.0,0.0,0.0,16,0.5333,6.5487,1,0.0,0.0,0,1,1,1.0,65536,2184.53
incransom_63e0d4e8_001,9556,0,,incransom,32,0.0284,32,30.0,0.0,0.0,0.0,0.9375,0.0,0.0,0.0,16,0.5333,6.5582,1,0.0,0.0,0,1,1,1.0,65536,2184.53
incransom_63e0d4e8_001,9559,0,,incransom,32,0.0265,32,30.0,0.0,0.0,0.0,0.9375,0.0,0.0,0.0,16,0.5333,6.5596,1,0.0,0.0,0,1,1,1.0,65536,2184.53
incransom_63e0d4e8_001,9563,0,,incransom,32,0.0505,32,30.0,0.0,0.0,0.0,0.9375,0.0,0.0,0.0,16,0.5333,6.5771,1,0.0,0.0,0,1,1,1.0,65536,2184.53
incransom_63e0d4e8_001,9572,0,,incransom,32,0.0229,32,30.0,0.0,0.0,0.0,0.9375,0.0,0.0,0.0,16,0.5333,6.5776,1,0.0,0.0,0,1,1,1.0,65536,2184.53
incransom_63e0d4e8_001,9574,0,,incransom,32,0.0256,32,30.0,0.0,0.0,0.0,0.9375,0.0,0.0,0.0,16,0.5333,6.5233,1,0.0,0.0,0,1,1,1.0,65536,2184.53
incransom_63e0d4e8_001,9576,0,,incransom,32,0.0318,32,30.0,0.0,0.0,0.0,0.9375,0.0,0.0,0.0,16,0.5333,6.5559,1,0.0,0.0,0,1,1,1.0,65536,2184.53
incransom_63e0d4e8_001,9578,0,,incransom,32,0.024,32,30.0,0.0,0.0,0.0,0.9375,0.0,0.0,0.0,16,0.5333,6.5669,1,0.0,0.0,0,1,1,1.0,65536,2184.53
incransom_63e0d4e8_001,9580,0,,incransom,32,0.03,32,30.0,0.0,0.0,0.0,0.9375,0.0,0.0,0.0,16,0.5333,6.5646,1,0.0,0.0,0,1,1,1.0,65536,2184.53
incransom_63e0d4e8_001,9582,0,,incransom,32,0.0288,32,30.0,0.0,0.0,0.0,0.9375,0.0,0.0,0.0,16,0.5333,6.5708,1,0.0,0.0,0,1,1,1.0,65536,2184.53
incransom_63e0d4e8_001,9584,0,,incransom,32,0.0307,32,30.0,0.0,0.0,0.0,0.9375,0.0,0.0,0.0,16,0.5333,6.5287,1,0.0,0.0,0,1,1,1.0,65536,2184.53
incransom_63e0d4e8_001,9587,0,,incransom,32,0.0285,32,30.0,0.0,0.0,0.0,0.9375,0.0,0.0,0.0,16,0.5333,6.5446,1,0.0,0.0,0,1,1,1.0,65536,2184.53
incransom_63e0d4e8_001,9589,0,,incransom,32,0.0235,32,30.0,0.0,0.0,0.0,0.9375,0.0,0.0,0.0,16,0.5333,6.5575,1,0.0,0.0,0,1,1,1.0,65536,2184.53
incransom_63e0d4e8_001,9591,0,,incransom,32,0.0276,32,30.0,0.0,0.0,0.0,0.9375,0.0,0.0,0.0,16,0.5333,6.5546,1,0.0,0.0,0,1,1,1.0,65536,2184.53
incransom_63e0d4e8_001,9593,0,,incransom,32,0.0217,32,30.0,0.0,0.0,0.0,0.9375,0.0,0.0,0.0,16,0.5333,6.5348,1,0.0,0.0,0,1,1,1.0,65536,2184.53
incransom_63e0d4e8_001,9595,0,,incransom,32,0.0243,32,30.0,0.0,0.0,0.0,0.9375,0.0,0.0,0.0,16,0.5333,6.5746,1,0.0,0.0,0,1,1,1.0,65536,2184.53
incransom_63e0d4e8_001,9599,0,,incransom,80,0.0437,80,0.0,0.0,0.0,0.0,0.0,0.0,0.0,0.5,0,0.0,0.0,0,0.0,0.0,0,0,0,0.0,0,0.0
incransom_63e0d4e8_001,9605,1,incransom,incransom,189,0.2865,189,83.0,0.0,20.0,2.0,0.4392,0.0,0.1058,0.2116,20,0.241,5.0582,1,0.4819,1.0,1,22,1,22.0,1327359,15992.28
incransom_63e0d4e8_001,9613,0,,incransom,86,0.036,86,0.0,0.0,0.0,0.0,0.0,0.0,0.0,0.4884,0,0.0,0.0,0,0.0,0.0,0,0,0,0.0,0,0.0
incransom_6cd349ed_001,2740,0,,incransom,26,0.1136,26,0.0,0.0,0.0,0.0,0.0,0.0,0.0,0.0,0,0.0,0.0,0,0.0,0.0,0,0,0,0.0,0,0.0
incransom_6cd349ed_001,10747,0,,incransom,22,0.0263,22,0.0,20.0,0.0,0.0,0.0,0.9091,0.0,0.0,0,0.0,0.0,0,0.0,0.0,0,20,1,20.0,0,0.0
incransom_6cd349ed_001,10704,0,,incransom,120,0.9279,120,80.0,0.0,0.0,20.0,0.6667,0.0,0.0,0.0,0,0.0,3.6353,1,0.0,0.0,0,20,1,20.0,1363,17.04
incransom_6cd349ed_001,10750,0,,incransom,32,0.0305,32,30.0,0.0,0.0,0.0,0.9375,0.0,0.0,0.0,16,0.5333,6.5365,1,0.0,0.0,0,1,1,1.0,65536,2184.53
incransom_6cd349ed_001,10752,0,,incransom,32,0.0453,32,30.0,0.0,0.0,0.0,0.9375,0.0,0.0,0.0,16,0.5333,6.5711,1,0.0,0.0,0,1,1,1.0,65536,2184.53
incransom_6cd349ed_001,10754,0,,incransom,32,0.0341,32,30.0,0.0,0.0,0.0,0.9375,0.0,0.0,0.0,16,0.5333,6.5634,1,0.0,0.0,0,1,1,1.0,65536,2184.53
incransom_6cd349ed_001,10757,0,,incransom,32,0.0431,32,30.0,0.0,0.0,0.0,0.9375,0.0,0.0,0.0,16,0.5333,6.54,1,0.0,0.0,0,1,1,1.0,65536,2184.53
incransom_6cd349ed_001,10759,0,,incransom,32,0.032,32,30.0,0.0,0.0,0.0,0.9375,0.0,0.0,0.0,16,0.5333,6.5512,1,0.0,0.0,0,1,1,1.0,65536,2184.53
incransom_6cd349ed_001,10761,0,,incransom,32,0.0333,32,30.0,0.0,0.0,0.0,0.9375,0.0,0.0,0.0,16,0.5333,6.582,1,0.0,0.0,0,1,1,1.0,65536,2184.53
incransom_6cd349ed_001,10763,0,,incransom,32,0.0348,32,30.0,0.0,0.0,0.0,0.9375,0.0,0.0,0.0,16,0.5333,6.5523,1,0.0,0.0,0,1,1,1.0,65536,2184.53
incransom_6cd349ed_001,10766,0,,incransom,32,0.0827,32,30.0,0.0,0.0,0.0,0.9375,0.0,0.0,0.0,16,0.5333,6.5406,1,0.0,0.0,0,1,1,1.0,65536,2184.53
incransom_6cd349ed_001,10777,0,,incransom,32,0.0311,32,30.0,0.0,0.0,0.0,0.9375,0.0,0.0,0.0,16,0.5333,6.5467,1,0.0,0.0,0,1,1,1.0,65536,2184.53
incransom_6cd349ed_001,10779,0,,incransom,32,0.035,32,30.0,0.0,0.0,0.0,0.9375,0.0,0.0,0.0,16,0.5333,6.5358,1,0.0,0.0,0,1,1,1.0,65536,2184.53
incransom_6cd349ed_001,10781,0,,incransom,32,0.024,32,30.0,0.0,0.0,0.0,0.9375,0.0,0.0,0.0,16,0.5333,6.5421,1,0.0,0.0,0,1,1,1.0,65536,2184.53
incransom_6cd349ed_001,10783,0,,incransom,32,0.0214,32,30.0,0.0,0.0,0.0,0.9375,0.0,0.0,0.0,16,0.5333,6.5526,1,0.0,0.0,0,1,1,1.0,65536,2184.53
incransom_6cd349ed_001,10785,0,,incransom,32,0.0219,32,30.0,0.0,0.0,0.0,0.9375,0.0,0.0,0.0,16,0.5333,6.5658,1,0.0,0.0,0,1,1,1.0,65536,2184.53
incransom_6cd349ed_001,10787,0,,incransom,32,0.0326,32,30.0,0.0,0.0,0.0,0.9375,0.0,0.0,0.0,16,0.5333,6.5511,1,0.0,0.0,0,1,1,1.0,65536,2184.53
incransom_6cd349ed_001,10789,0,,incransom,32,0.0386,32,30.0,0.0,0.0,0.0,0.9375,0.0,0.0,0.0,16,0.5333,6.5624,1,0.0,0.0,0,1,1,1.0,65536,2184.53
incransom_6cd349ed_001,10792,0,,incransom,32,0.0278,32,30.0,0.0,0.0,0.0,0.9375,0.0,0.0,0.0,16,0.5333,6.563,1,0.0,0.0,0,1,1,1.0,65536,2184.53
incransom_6cd349ed_001,10794,0,,incransom,32,0.0243,32,30.0,0.0,0.0,0.0,0.9375,0.0,0.0,0.0,16,0.5333,6.5455,1,0.0,0.0,0,1,1,1.0,65536,2184.53
incransom_6cd349ed_001,10796,0,,incransom,32,0.0299,32,30.0,0.0,0.0,0.0,0.9375,0.0,0.0,0.0,16,0.5333,6.5393,1,0.0,0.0,0,1,1,1.0,65536,2184.53
incransom_6cd349ed_001,10798,0,,incransom,32,0.0275,32,30.0,0.0,0.0,0.0,0.9375,0.0,0.0,0.0,16,0.5333,6.546,1,0.0,0.0,0,1,1,1.0,65536,2184.53
incransom_6cd349ed_001,10800,0,,incransom,32,0.0281,32,30.0,0.0,0.0,0.0,0.9375,0.0,0.0,0.0,16,0.5333,6.5563,1,0.0,0.0,0,1,1,1.0,65536,2184.53
incransom_6cd349ed_001,10804,0,,incransom,80,0.0412,80,0.0,0.0,0.0,0.0,0.0,0.0,0.0,0.5,0,0.0,0.0,0,0.0,0.0,0,0,0,0.0,0,0.0
incransom_6cd349ed_001,10810,1,incransom,incransom,165,0.116,165,81.0,0.0,20.0,1.0,0.4909,0.0,0.1212,0.1212,20,0.2469,5.9765,1,0.7407,1.0,1,21,1,21.0,1320511,16302.6
incransom_6cd349ed_001,10819,0,,incransom,83,0.0441,83,0.0,0.0,0.0,0.0,0.0,0.0,0.0,0.494,0,0.0,0.0,0,0.0,0.0,0,0,0,0.0,0,0.0
incransom_7d0c735c_001,2740,0,,incransom,26,0.146,26,0.0,0.0,0.0,0.0,0.0,0.0,0.0,0.0,0,0.0,0.0,0,0.0,0.0,0,0,0,0.0,0,0.0
incransom_7d0c735c_001,10962,0,,incransom,23,0.0338,23,0.0,20.0,0.0,0.0,0.0,0.8696,0.0,0.0,0,0.0,0.0,0,0.0,0.0,0,20,1,20.0,0,0.0
incransom_7d0c735c_001,10921,0,,incransom,120,0.7009,120,80.0,0.0,0.0,20.0,0.6667,0.0,0.0,0.0,0,0.0,3.5843,1,0.0,0.0,0,20,1,20.0,1363,17.04
incransom_7d0c735c_001,10967,0,,incransom,32,0.0344,32,30.0,0.0,0.0,0.0,0.9375,0.0,0.0,0.0,16,0.5333,6.5437,1,0.0,0.0,0,1,1,1.0,65536,2184.53
incransom_7d0c735c_001,10969,0,,incransom,32,0.0185,32,30.0,0.0,0.0,0.0,0.9375,0.0,0.0,0.0,16,0.5333,6.552,1,0.0,0.0,0,1,1,1.0,65536,2184.53
incransom_7d0c735c_001,10971,0,,incransom,32,0.0275,32,30.0,0.0,0.0,0.0,0.9375,0.0,0.0,0.0,16,0.5333,6.5442,1,0.0,0.0,0,1,1,1.0,65536,2184.53
incransom_7d0c735c_001,10974,0,,incransom,32,0.0255,32,30.0,0.0,0.0,0.0,0.9375,0.0,0.0,0.0,16,0.5333,6.5491,1,0.0,0.0,0,1,1,1.0,65536,2184.53
incransom_7d0c735c_001,10976,0,,incransom,32,0.0245,32,30.0,0.0,0.0,0.0,0.9375,0.0,0.0,0.0,16,0.5333,6.5558,1,0.0,0.0,0,1,1,1.0,65536,2184.53
incransom_7d0c735c_001,10978,0,,incransom,32,0.0248,32,30.0,0.0,0.0,0.0,0.9375,0.0,0.0,0.0,16,0.5333,6.547,1,0.0,0.0,0,1,1,1.0,65536,2184.53
incransom_7d0c735c_001,10980,0,,incransom,32,0.0253,32,30.0,0.0,0.0,0.0,0.9375,0.0,0.0,0.0,16,0.5333,6.5543,1,0.0,0.0,0,1,1,1.0,65536,2184.53
incransom_7d0c735c_001,10982,0,,incransom,32,0.0245,32,30.0,0.0,0.0,0.0,0.9375,0.0,0.0,0.0,16,0.5333,6.5663,1,0.0,0.0,0,1,1,1.0,65536,2184.53
incransom_7d0c735c_001,10984,0,,incransom,32,0.0259,32,30.0,0.0,0.0,0.0,0.9375,0.0,0.0,0.0,16,0.5333,6.5722,1,0.0,0.0,0,1,1,1.0,65536,2184.53
incransom_7d0c735c_001,10987,0,,incransom,32,0.023,32,30.0,0.0,0.0,0.0,0.9375,0.0,0.0,0.0,16,0.5333,6.5316,1,0.0,0.0,0,1,1,1.0,65536,2184.53
incransom_7d0c735c_001,10989,0,,incransom,32,0.0239,32,30.0,0.0,0.0,0.0,0.9375,0.0,0.0,0.0,16,0.5333,6.5256,1,0.0,0.0,0,1,1,1.0,65536,2184.53
incransom_7d0c735c_001,10994,0,,incransom,32,0.0251,32,30.0,0.0,0.0,0.0,0.9375,0.0,0.0,0.0,16,0.5333,6.5521,1,0.0,0.0,0,1,1,1.0,65536,2184.53
incransom_7d0c735c_001,10998,0,,incransom,32,0.0251,32,30.0,0.0,0.0,0.0,0.9375,0.0,0.0,0.0,16,0.5333,6.5422,1,0.0,0.0,0,1,1,1.0,65536,2184.53
incransom_7d0c735c_001,11004,0,,incransom,32,0.0247,32,30.0,0.0,0.0,0.0,0.9375,0.0,0.0,0.0,16,0.5333,6.5516,1,0.0,0.0,0,1,1,1.0,65536,2184.53
incransom_7d0c735c_001,11006,0,,incransom,32,0.0202,32,30.0,0.0,0.0,0.0,0.9375,0.0,0.0,0.0,16,0.5333,6.5633,1,0.0,0.0,0,1,1,1.0,65536,2184.53
incransom_7d0c735c_001,11008,0,,incransom,32,0.0207,32,30.0,0.0,0.0,0.0,0.9375,0.0,0.0,0.0,16,0.5333,6.5387,1,0.0,0.0,0,1,1,1.0,65536,2184.53
incransom_7d0c735c_001,11010,0,,incransom,32,0.0246,32,30.0,0.0,0.0,0.0,0.9375,0.0,0.0,0.0,16,0.5333,6.5349,1,0.0,0.0,0,1,1,1.0,65536,2184.53
incransom_7d0c735c_001,11012,0,,incransom,32,0.0247,32,30.0,0.0,0.0,0.0,0.9375,0.0,0.0,0.0,16,0.5333,6.5372,1,0.0,0.0,0,1,1,1.0,65536,2184.53
incransom_7d0c735c_001,11014,0,,incransom,32,0.0242,32,30.0,0.0,0.0,0.0,0.9375,0.0,0.0,0.0,16,0.5333,6.5614,1,0.0,0.0,0,1,1,1.0,65536,2184.53
incransom_7d0c735c_001,11016,0,,incransom,32,0.0252,32,30.0,0.0,0.0,0.0,0.9375,0.0,0.0,0.0,16,0.5333,6.5486,1,0.0,0.0,0,1,1,1.0,65536,2184.53
incransom_7d0c735c_001,11020,0,,incransom,80,0.0439,80,0.0,0.0,0.0,0.0,0.0,0.0,0.0,0.5,0,0.0,0.0,0,0.0,0.0,0,0,0,0.0,0,0.0
incransom_7d0c735c_001,11027,1,incransom,incransom,189,0.2999,189,83.0,0.0,20.0,2.0,0.4392,0.0,0.1058,0.2116,20,0.241,5.053,1,0.4819,1.0,1,22,1,22.0,1327359,15992.28
incransom_7d0c735c_001,11035,0,,incransom,86,0.0504,86,0.0,0.0,0.0,0.0,0.0,0.0,0.0,0.4884,0,0.0,0.0,0,0.0,0.0,0,0,0,0.0,0,0.0
incransom_e16ac447_001,2740,0,,incransom,26,0.0806,26,0.0,0.0,0.0,0.0,0.0,0.0,0.0,0.0,0,0.0,0.0,0,0.0,0.0,0,0,0,0.0,0,0.0
incransom_e16ac447_001,10969,0,,incransom,22,0.05,22,0.0,20.0,0.0,0.0,0.0,0.9091,0.0,0.0,0,0.0,0.0,0,0.0,0.0,0,20,1,20.0,0,0.0
incransom_e16ac447_001,10926,0,,incransom,120,0.9024,120,80.0,0.0,0.0,20.0,0.6667,0.0,0.0,0.0,0,0.0,3.5983,1,0.0,0.0,0,20,1,20.0,1363,17.04
incransom_e16ac447_001,10973,0,,incransom,32,0.042,32,30.0,0.0,0.0,0.0,0.9375,0.0,0.0,0.0,16,0.5333,6.5385,1,0.0,0.0,0,1,1,1.0,65536,2184.53
incransom_e16ac447_001,10975,0,,incransom,32,0.0529,32,30.0,0.0,0.0,0.0,0.9375,0.0,0.0,0.0,16,0.5333,6.5591,1,0.0,0.0,0,1,1,1.0,65536,2184.53
incransom_e16ac447_001,10978,0,,incransom,32,0.0303,32,30.0,0.0,0.0,0.0,0.9375,0.0,0.0,0.0,16,0.5333,6.5598,1,0.0,0.0,0,1,1,1.0,65536,2184.53
incransom_e16ac447_001,10981,0,,incransom,32,0.0516,32,30.0,0.0,0.0,0.0,0.9375,0.0,0.0,0.0,16,0.5333,6.5536,1,0.0,0.0,0,1,1,1.0,65536,2184.53
incransom_e16ac447_001,10988,0,,incransom,32,0.054,32,30.0,0.0,0.0,0.0,0.9375,0.0,0.0,0.0,16,0.5333,6.5572,1,0.0,0.0,0,1,1,1.0,65536,2184.53
incransom_e16ac447_001,10990,0,,incransom,32,0.0349,32,30.0,0.0,0.0,0.0,0.9375,0.0,0.0,0.0,16,0.5333,6.5477,1,0.0,0.0,0,1,1,1.0,65536,2184.53
incransom_e16ac447_001,10992,0,,incransom,32,0.0356,32,30.0,0.0,0.0,0.0,0.9375,0.0,0.0,0.0,16,0.5333,6.5467,1,0.0,0.0,0,1,1,1.0,65536,2184.53
incransom_e16ac447_001,10994,0,,incransom,32,0.0439,32,30.0,0.0,0.0,0.0,0.9375,0.0,0.0,0.0,16,0.5333,6.5607,1,0.0,0.0,0,1,1,1.0,65536,2184.53
incransom_e16ac447_001,10997,0,,incransom,32,0.0334,32,30.0,0.0,0.0,0.0,0.9375,0.0,0.0,0.0,16,0.5333,6.5643,1,0.0,0.0,0,1,1,1.0,65536,2184.53
incransom_e16ac447_001,10999,0,,incransom,32,0.0306,32,30.0,0.0,0.0,0.0,0.9375,0.0,0.0,0.0,16,0.5333,6.538,1,0.0,0.0,0,1,1,1.0,65536,2184.53
incransom_e16ac447_001,11001,0,,incransom,32,0.0231,32,30.0,0.0,0.0,0.0,0.9375,0.0,0.0,0.0,16,0.5333,6.5432,1,0.0,0.0,0,1,1,1.0,65536,2184.53
incransom_e16ac447_001,11003,0,,incransom,32,0.026,32,30.0,0.0,0.0,0.0,0.9375,0.0,0.0,0.0,16,0.5333,6.5744,1,0.0,0.0,0,1,1,1.0,65536,2184.53
incransom_e16ac447_001,11005,0,,incransom,32,0.0356,32,30.0,0.0,0.0,0.0,0.9375,0.0,0.0,0.0,16,0.5333,6.5483,1,0.0,0.0,0,1,1,1.0,65536,2184.53
incransom_e16ac447_001,11007,0,,incransom,32,0.0262,32,30.0,0.0,0.0,0.0,0.9375,0.0,0.0,0.0,16,0.5333,6.5533,1,0.0,0.0,0,1,1,1.0,65536,2184.53
incransom_e16ac447_001,11009,0,,incransom,32,0.0236,32,30.0,0.0,0.0,0.0,0.9375,0.0,0.0,0.0,16,0.5333,6.5508,1,0.0,0.0,0,1,1,1.0,65536,2184.53
incransom_e16ac447_001,11011,0,,incransom,32,0.0263,32,30.0,0.0,0.0,0.0,0.9375,0.0,0.0,0.0,16,0.5333,6.5521,1,0.0,0.0,0,1,1,1.0,65536,2184.53
incransom_e16ac447_001,11013,0,,incransom,32,0.0204,32,30.0,0.0,0.0,0.0,0.9375,0.0,0.0,0.0,16,0.5333,6.5468,1,0.0,0.0,0,1,1,1.0,65536,2184.53
incransom_e16ac447_001,11015,0,,incransom,32,0.0212,32,30.0,0.0,0.0,0.0,0.9375,0.0,0.0,0.0,16,0.5333,6.5424,1,0.0,0.0,0,1,1,1.0,65536,2184.53
incransom_e16ac447_001,11017,0,,incransom,32,0.0302,32,30.0,0.0,0.0,0.0,0.9375,0.0,0.0,0.0,16,0.5333,6.557,1,0.0,0.0,0,1,1,1.0,65536,2184.53
incransom_e16ac447_001,11019,0,,incransom,32,0.0246,32,30.0,0.0,0.0,0.0,0.9375,0.0,0.0,0.0,16,0.5333,6.5638,1,0.0,0.0,0,1,1,1.0,65536,2184.53
incransom_e16ac447_001,11023,0,,incransom,80,0.0451,80,0.0,0.0,0.0,0.0,0.0,0.0,0.0,0.5,0,0.0,0.0,0,0.0,0.0,0,0,0,0.0,0,0.0
incransom_e16ac447_001,11029,1,incransom,incransom,225,0.4961,225,101.0,0.0,20.0,1.0,0.4489,0.0,0.0889,0.2667,20,0.198,6.2782,1,0.7921,1.0,1,21,1,21.0,1321769,13086.82
incransom_e16ac447_001,11037,0,,incransom,83,0.0556,83,0.0,0.0,0.0,0.0,0.0,0.0,0.0,0.494,0,0.0,0.0,0,0.0,0.0,0,0,0,0.0,0,0.0
moneymessage_4f8bd378_001,2740,0,,moneymessage,26,0.0495,26,0.0,0.0,0.0,0.0,0.0,0.0,0.0,0.0,0,0.0,0.0,0,0.0,0.0,0,0,0,0.0,0,0.0
moneymessage_4f8bd378_001,8745,0,,moneymessage,22,0.0489,22,0.0,20.0,0.0,0.0,0.0,0.9091,0.0,0.0,0,0.0,0.0,0,0.0,0.0,0,20,1,20.0,0,0.0
moneymessage_4f8bd378_001,8672,0,,moneymessage,120,0.6793,120,80.0,0.0,0.0,20.0,0.6667,0.0,0.0,0.0,0,0.0,3.6703,1,0.0,0.0,0,20,1,20.0,1423,17.79
moneymessage_4f8bd378_001,8748,0,,moneymessage,32,0.0227,32,30.0,0.0,0.0,0.0,0.9375,0.0,0.0,0.0,16,0.5333,6.564,1,0.0,0.0,0,1,1,1.0,65536,2184.53
moneymessage_4f8bd378_001,8750,0,,moneymessage,32,0.0249,32,30.0,0.0,0.0,0.0,0.9375,0.0,0.0,0.0,16,0.5333,6.5714,1,0.0,0.0,0,1,1,1.0,65536,2184.53
moneymessage_4f8bd378_001,8752,0,,moneymessage,32,0.0292,32,30.0,0.0,0.0,0.0,0.9375,0.0,0.0,0.0,16,0.5333,6.5854,1,0.0,0.0,0,1,1,1.0,65536,2184.53
moneymessage_4f8bd378_001,8754,0,,moneymessage,32,0.0295,32,30.0,0.0,0.0,0.0,0.9375,0.0,0.0,0.0,16,0.5333,6.5709,1,0.0,0.0,0,1,1,1.0,65536,2184.53
moneymessage_4f8bd378_001,8756,0,,moneymessage,32,0.0266,32,30.0,0.0,0.0,0.0,0.9375,0.0,0.0,0.0,16,0.5333,6.5727,1,0.0,0.0,0,1,1,1.0,65536,2184.53
moneymessage_4f8bd378_001,8758,0,,moneymessage,32,0.0262,32,30.0,0.0,0.0,0.0,0.9375,0.0,0.0,0.0,16,0.5333,6.5856,1,0.0,0.0,0,1,1,1.0,65536,2184.53
moneymessage_4f8bd378_001,8761,0,,moneymessage,32,0.0215,32,30.0,0.0,0.0,0.0,0.9375,0.0,0.0,0.0,16,0.5333,6.5794,1,0.0,0.0,0,1,1,1.0,65536,2184.53
moneymessage_4f8bd378_001,8763,0,,moneymessage,32,0.0242,32,30.0,0.0,0.0,0.0,0.9375,0.0,0.0,0.0,16,0.5333,6.5799,1,0.0,0.0,0,1,1,1.0,65536,2184.53
moneymessage_4f8bd378_001,8765,0,,moneymessage,32,0.0275,32,30.0,0.0,0.0,0.0,0.9375,0.0,0.0,0.0,16,0.5333,6.5808,1,0.0,0.0,0,1,1,1.0,65536,2184.53
moneymessage_4f8bd378_001,8767,0,,moneymessage,32,0.0267,32,30.0,0.0,0.0,0.0,0.9375,0.0,0.0,0.0,16,0.5333,6.5784,1,0.0,0.0,0,1,1,1.0,65536,2184.53
moneymessage_4f8bd378_001,8769,0,,moneymessage,32,0.0217,32,30.0,0.0,0.0,0.0,0.9375,0.0,0.0,0.0,16,0.5333,6.5764,1,0.0,0.0,0,1,1,1.0,65536,2184.53
moneymessage_4f8bd378_001,8771,0,,moneymessage,32,0.0218,32,30.0,0.0,0.0,0.0,0.9375,0.0,0.0,0.0,16,0.5333,6.5864,1,0.0,0.0,0,1,1,1.0,65536,2184.53
moneymessage_4f8bd378_001,8773,0,,moneymessage,32,0.0254,32,30.0,0.0,0.0,0.0,0.9375,0.0,0.0,0.0,16,0.5333,6.5646,1,0.0,0.0,0,1,1,1.0,65536,2184.53
moneymessage_4f8bd378_001,8775,0,,moneymessage,32,0.0246,32,30.0,0.0,0.0,0.0,0.9375,0.0,0.0,0.0,16,0.5333,6.5758,1,0.0,0.0,0,1,1,1.0,65536,2184.53
moneymessage_4f8bd378_001,8777,0,,moneymessage,32,0.0225,32,30.0,0.0,0.0,0.0,0.9375,0.0,0.0,0.0,16,0.5333,6.5959,1,0.0,0.0,0,1,1,1.0,65536,2184.53
moneymessage_4f8bd378_001,8779,0,,moneymessage,32,0.0462,32,30.0,0.0,0.0,0.0,0.9375,0.0,0.0,0.0,16,0.5333,6.5768,1,0.0,0.0,0,1,1,1.0,65536,2184.53
moneymessage_4f8bd378_001,8781,0,,moneymessage,32,0.0219,32,30.0,0.0,0.0,0.0,0.9375,0.0,0.0,0.0,16,0.5333,6.5826,1,0.0,0.0,0,1,1,1.0,65536,2184.53
moneymessage_4f8bd378_001,8783,0,,moneymessage,32,0.0224,32,30.0,0.0,0.0,0.0,0.9375,0.0,0.0,0.0,16,0.5333,6.5598,1,0.0,0.0,0,1,1,1.0,65536,2184.53
moneymessage_4f8bd378_001,8785,0,,moneymessage,32,0.0243,32,30.0,0.0,0.0,0.0,0.9375,0.0,0.0,0.0,16,0.5333,6.5646,1,0.0,0.0,0,1,1,1.0,65536,2184.53
moneymessage_4f8bd378_001,8787,0,,moneymessage,32,0.0232,32,30.0,0.0,0.0,0.0,0.9375,0.0,0.0,0.0,16,0.5333,6.5829,1,0.0,0.0,0,1,1,1.0,65536,2184.53
moneymessage_4f8bd378_001,8791,0,,moneymessage,80,0.0463,80,0.0,0.0,0.0,0.0,0.0,0.0,0.0,0.5,0,0.0,0.0,0,0.0,0.0,0,0,0,0.0,0,0.0
moneymessage_4f8bd378_001,8799,1,moneymessage,moneymessage,28,0.385,28,11.0,0.0,0.0,1.0,0.3929,0.0,0.0,0.3571,8,0.7273,6.7515,1,0.9091,0.0,0,2,1,2.0,66480,6043.64
moneymessage_4f8bd378_001,8809,0,,moneymessage,83,0.051,83,0.0,0.0,0.0,0.0,0.0,0.0,0.0,0.494,0,0.0,0.0,0,0.0,0.0,0,0,0,0.0,0,0.0
monti_edfe81ba_001,2740,0,,monti,26,0.0428,26,0.0,0.0,0.0,0.0,0.0,0.0,0.0,0.0,0,0.0,0.0,0,0.0,0.0,0,0,0,0.0,0,0.0
monti_edfe81ba_001,8756,0,,monti,22,0.0158,22,0.0,20.0,0.0,0.0,0.0,0.9091,0.0,0.0,0,0.0,0.0,0,0.0,0.0,0,20,1,20.0,0,0.0
monti_edfe81ba_001,8706,0,,monti,120,0.6854,120,80.0,0.0,0.0,20.0,0.6667,0.0,0.0,0.0,0,0.0,3.6054,1,0.0,0.0,0,20,1,20.0,1283,16.04
monti_edfe81ba_001,8760,0,,monti,32,0.0219,32,30.0,0.0,0.0,0.0,0.9375,0.0,0.0,0.0,16,0.5333,6.5181,1,0.0,0.0,0,1,1,1.0,65536,2184.53
monti_edfe81ba_001,8762,0,,monti,32,0.0239,32,30.0,0.0,0.0,0.0,0.9375,0.0,0.0,0.0,16,0.5333,6.5065,1,0.0,0.0,0,1,1,1.0,65536,2184.53
monti_edfe81ba_001,8764,0,,monti,32,0.0317,32,30.0,0.0,0.0,0.0,0.9375,0.0,0.0,0.0,16,0.5333,6.5199,1,0.0,0.0,0,1,1,1.0,65536,2184.53
monti_edfe81ba_001,8766,0,,monti,32,0.0288,32,30.0,0.0,0.0,0.0,0.9375,0.0,0.0,0.0,16,0.5333,6.5317,1,0.0,0.0,0,1,1,1.0,65536,2184.53
monti_edfe81ba_001,8768,0,,monti,32,0.0329,32,30.0,0.0,0.0,0.0,0.9375,0.0,0.0,0.0,16,0.5333,6.5168,1,0.0,0.0,0,1,1,1.0,65536,2184.53
monti_edfe81ba_001,8770,0,,monti,32,0.0301,32,30.0,0.0,0.0,0.0,0.9375,0.0,0.0,0.0,16,0.5333,6.544,1,0.0,0.0,0,1,1,1.0,65536,2184.53
monti_edfe81ba_001,8772,0,,monti,32,0.0277,32,30.0,0.0,0.0,0.0,0.9375,0.0,0.0,0.0,16,0.5333,6.5286,1,0.0,0.0,0,1,1,1.0,65536,2184.53
monti_edfe81ba_001,8774,0,,monti,32,0.0282,32,30.0,0.0,0.0,0.0,0.9375,0.0,0.0,0.0,16,0.5333,6.5269,1,0.0,0.0,0,1,1,1.0,65536,2184.53
monti_edfe81ba_001,8776,0,,monti,32,0.0289,32,30.0,0.0,0.0,0.0,0.9375,0.0,0.0,0.0,16,0.5333,6.5179,1,0.0,0.0,0,1,1,1.0,65536,2184.53
monti_edfe81ba_001,8778,0,,monti,32,0.0248,32,30.0,0.0,0.0,0.0,0.9375,0.0,0.0,0.0,16,0.5333,6.5035,1,0.0,0.0,0,1,1,1.0,65536,2184.53
monti_edfe81ba_001,8780,0,,monti,32,0.0236,32,30.0,0.0,0.0,0.0,0.9375,0.0,0.0,0.0,16,0.5333,6.5203,1,0.0,0.0,0,1,1,1.0,65536,2184.53
monti_edfe81ba_001,8782,0,,monti,32,0.0237,32,30.0,0.0,0.0,0.0,0.9375,0.0,0.0,0.0,16,0.5333,6.5231,1,0.0,0.0,0,1,1,1.0,65536,2184.53
monti_edfe81ba_001,8784,0,,monti,32,0.024,32,30.0,0.0,0.0,0.0,0.9375,0.0,0.0,0.0,16,0.5333,6.5194,1,0.0,0.0,0,1,1,1.0,65536,2184.53
monti_edfe81ba_001,8786,0,,monti,32,0.0217,32,30.0,0.0,0.0,0.0,0.9375,0.0,0.0,0.0,16,0.5333,6.5155,1,0.0,0.0,0,1,1,1.0,65536,2184.53
monti_edfe81ba_001,8788,0,,monti,32,0.0253,32,30.0,0.0,0.0,0.0,0.9375,0.0,0.0,0.0,16,0.5333,6.5091,1,0.0,0.0,0,1,1,1.0,65536,2184.53
monti_edfe81ba_001,8790,0,,monti,32,0.0234,32,30.0,0.0,0.0,0.0,0.9375,0.0,0.0,0.0,16,0.5333,6.5221,1,0.0,0.0,0,1,1,1.0,65536,2184.53
monti_edfe81ba_001,8792,0,,monti,32,0.0284,32,30.0,0.0,0.0,0.0,0.9375,0.0,0.0,0.0,16,0.5333,6.5214,1,0.0,0.0,0,1,1,1.0,65536,2184.53
monti_edfe81ba_001,8794,0,,monti,32,0.0236,32,30.0,0.0,0.0,0.0,0.9375,0.0,0.0,0.0,16,0.5333,6.5024,1,0.0,0.0,0,1,1,1.0,65536,2184.53
monti_edfe81ba_001,8796,0,,monti,32,0.0235,32,30.0,0.0,0.0,0.0,0.9375,0.0,0.0,0.0,16,0.5333,6.5245,1,0.0,0.0,0,1,1,1.0,65536,2184.53
monti_edfe81ba_001,8798,0,,monti,32,0.0251,32,30.0,0.0,0.0,0.0,0.9375,0.0,0.0,0.0,16,0.5333,6.4863,1,0.0,0.0,0,1,1,1.0,65536,2184.53
monti_edfe81ba_001,8802,0,,monti,80,0.0666,80,0.0,0.0,0.0,0.0,0.0,0.0,0.0,0.5,0,0.0,0.0,0,0.0,0.0,0,0,0,0.0,0,0.0
monti_edfe81ba_001,8808,1,monti,monti,125,0.0926,125,41.0,0.0,20.0,1.0,0.328,0.0,0.16,0.16,40,0.9756,7.1181,1,0.4878,1.0,1,21,1,21.0,1324150,32296.34
monti_edfe81ba_001,8812,0,,monti,83,0.0532,83,0.0,0.0,0.0,0.0,0.0,0.0,0.0,0.494,0,0.0,0.0,0,0.0,0.0,0,0,0,0.0,0,0.0
ransomexx_08113ca0_001,2740,0,,ransomexx,26,0.0746,26,0.0,0.0,0.0,0.0,0.0,0.0,0.0,0.0,0,0.0,0.0,0,0.0,0.0,0,0,0,0.0,0,0.0
ransomexx_08113ca0_001,8626,0,,ransomexx,22,0.042,22,0.0,20.0,0.0,0.0,0.0,0.9091,0.0,0.0,0,0.0,0.0,0,0.0,0.0,0,20,1,20.0,0,0.0
ransomexx_08113ca0_001,8582,0,,ransomexx,120,0.7234,120,80.0,0.0,0.0,20.0,0.6667,0.0,0.0,0.0,0,0.0,3.5613,1,0.0,0.0,0,20,1,20.0,1363,17.04
ransomexx_08113ca0_001,8637,0,,ransomexx,32,0.0291,32,30.0,0.0,0.0,0.0,0.9375,0.0,0.0,0.0,16,0.5333,6.5536,1,0.0,0.0,0,1,1,1.0,65536,2184.53
ransomexx_08113ca0_001,8641,0,,ransomexx,32,0.0287,32,30.0,0.0,0.0,0.0,0.9375,0.0,0.0,0.0,16,0.5333,6.5587,1,0.0,0.0,0,1,1,1.0,65536,2184.53
ransomexx_08113ca0_001,8643,0,,ransomexx,32,0.0248,32,30.0,0.0,0.0,0.0,0.9375,0.0,0.0,0.0,16,0.5333,6.5515,1,0.0,0.0,0,1,1,1.0,65536,2184.53
ransomexx_08113ca0_001,8645,0,,ransomexx,32,0.0284,32,30.0,0.0,0.0,0.0,0.9375,0.0,0.0,0.0,16,0.5333,6.5567,1,0.0,0.0,0,1,1,1.0,65536,2184.53
ransomexx_08113ca0_001,8647,0,,ransomexx,32,0.0283,32,30.0,0.0,0.0,0.0,0.9375,0.0,0.0,0.0,16,0.5333,6.566,1,0.0,0.0,0,1,1,1.0,65536,2184.53
ransomexx_08113ca0_001,8649,0,,ransomexx,32,0.0248,32,30.0,0.0,0.0,0.0,0.9375,0.0,0.0,0.0,16,0.5333,6.5787,1,0.0,0.0,0,1,1,1.0,65536,2184.53
ransomexx_08113ca0_001,8651,0,,ransomexx,32,0.0241,32,30.0,0.0,0.0,0.0,0.9375,0.0,0.0,0.0,16,0.5333,6.5586,1,0.0,0.0,0,1,1,1.0,65536,2184.53
ransomexx_08113ca0_001,8653,0,,ransomexx,32,0.0231,32,30.0,0.0,0.0,0.0,0.9375,0.0,0.0,0.0,16,0.5333,6.5434,1,0.0,0.0,0,1,1,1.0,65536,2184.53
ransomexx_08113ca0_001,8655,0,,ransomexx,32,0.023,32,30.0,0.0,0.0,0.0,0.9375,0.0,0.0,0.0,15,0.5,6.5415,1,0.0,0.0,0,1,1,1.0,65536,2184.53
ransomexx_08113ca0_001,8657,0,,ransomexx,32,0.0269,32,30.0,0.0,0.0,0.0,0.9375,0.0,0.0,0.0,16,0.5333,6.5397,1,0.0,0.0,0,1,1,1.0,65536,2184.53
ransomexx_08113ca0_001,8659,0,,ransomexx,32,0.0204,32,30.0,0.0,0.0,0.0,0.9375,0.0,0.0,0.0,16,0.5333,6.5435,1,0.0,0.0,0,1,1,1.0,65536,2184.53
ransomexx_08113ca0_001,8661,0,,ransomexx,32,0.0244,32,30.0,0.0,0.0,0.0,0.9375,0.0,0.0,0.0,16,0.5333,6.5653,1,0.0,0.0,0,1,1,1.0,65536,2184.53
ransomexx_08113ca0_001,8664,0,,ransomexx,32,0.0266,32,30.0,0.0,0.0,0.0,0.9375,0.0,0.0,0.0,16,0.5333,6.5607,1,0.0,0.0,0,1,1,1.0,65536,2184.53
ransomexx_08113ca0_001,8666,0,,ransomexx,32,0.0318,32,30.0,0.0,0.0,0.0,0.9375,0.0,0.0,0.0,16,0.5333,6.5523,1,0.0,0.0,0,1,1,1.0,65536,2184.53
ransomexx_08113ca0_001,8668,0,,ransomexx,32,0.0256,32,30.0,0.0,0.0,0.0,0.9375,0.0,0.0,0.0,16,0.5333,6.549,1,0.0,0.0,0,1,1,1.0,65536,2184.53
ransomexx_08113ca0_001,8670,0,,ransomexx,32,0.0324,32,30.0,0.0,0.0,0.0,0.9375,0.0,0.0,0.0,16,0.5333,6.5514,1,0.0,0.0,0,1,1,1.0,65536,2184.53
ransomexx_08113ca0_001,8672,0,,ransomexx,32,0.0255,32,30.0,0.0,0.0,0.0,0.9375,0.0,0.0,0.0,16,0.5333,6.5437,1,0.0,0.0,0,1,1,1.0,65536,2184.53
ransomexx_08113ca0_001,8674,0,,ransomexx,32,0.0271,32,30.0,0.0,0.0,0.0,0.9375,0.0,0.0,0.0,16,0.5333,6.5542,1,0.0,0.0,0,1,1,1.0,65536,2184.53
ransomexx_08113ca0_001,8676,0,,ransomexx,32,0.0235,32,30.0,0.0,0.0,0.0,0.9375,0.0,0.0,0.0,16,0.5333,6.5643,1,0.0,0.0,0,1,1,1.0,65536,2184.53
ransomexx_08113ca0_001,8678,0,,ransomexx,32,0.0218,32,30.0,0.0,0.0,0.0,0.9375,0.0,0.0,0.0,16,0.5333,6.5539,1,0.0,0.0,0,1,1,1.0,65536,2184.53
ransomexx_08113ca0_001,8682,0,,ransomexx,80,0.0646,80,0.0,0.0,0.0,0.0,0.0,0.0,0.0,0.5,0,0.0,0.0,0,0.0,0.0,0,0,0,0.0,0,0.0
ransomexx_08113ca0_001,8688,1,ransomexx,ransomexx,210,27.177,210,2.2445,0.0,0.7359,0.0368,0.2905,0.0,0.0952,0.0952,40,0.6557,6.6701,1,0.6557,1.0,20,21,1,21.0,1322859,21686.21
ransomexx_08113ca0_001,8897,0,,ransomexx,83,0.0588,83,0.0,0.0,0.0,0.0,0.0,0.0,0.0,0.494,0,0.0,0.0,0,0.0,0.0,0,0,0,0.0,0,0.0
ransomexx_196eb5bf_001,2740,0,,ransomexx,26,0.0478,26,0.0,0.0,0.0,0.0,0.0,0.0,0.0,0.0,0,0.0,0.0,0,0.0,0.0,0,0,0,0.0,0,0.0
ransomexx_196eb5bf_001,8625,0,,ransomexx,22,0.0307,22,0.0,20.0,0.0,0.0,0.0,0.9091,0.0,0.0,0,0.0,0.0,0,0.0,0.0,0,20,1,20.0,0,0.0
ransomexx_196eb5bf_001,8574,0,,ransomexx,120,0.7455,120,80.0,0.0,0.0,20.0,0.6667,0.0,0.0,0.0,0,0.0,3.6238,1,0.0,0.0,0,20,1,20.0,1363,17.04
ransomexx_196eb5bf_001,8628,0,,ransomexx,32,0.0256,32,30.0,0.0,0.0,0.0,0.9375,0.0,0.0,0.0,16,0.5333,6.5468,1,0.0,0.0,0,1,1,1.0,65536,2184.53
ransomexx_196eb5bf_001,8630,0,,ransomexx,32,0.0229,32,30.0,0.0,0.0,0.0,0.9375,0.0,0.0,0.0,16,0.5333,6.5726,1,0.0,0.0,0,1,1,1.0,65536,2184.53
ransomexx_196eb5bf_001,8633,0,,ransomexx,32,0.0227,32,30.0,0.0,0.0,0.0,0.9375,0.0,0.0,0.0,16,0.5333,6.5626,1,0.0,0.0,0,1,1,1.0,65536,2184.53
ransomexx_196eb5bf_001,8636,0,,ransomexx,32,0.0436,32,30.0,0.0,0.0,0.0,0.9375,0.0,0.0,0.0,16,0.5333,6.555,1,0.0,0.0,0,1,1,1.0,65536,2184.53
ransomexx_196eb5bf_001,8646,0,,ransomexx,32,0.0372,32,30.0,0.0,0.0,0.0,0.9375,0.0,0.0,0.0,16,0.5333,6.5599,1,0.0,0.0,0,1,1,1.0,65536,2184.53
ransomexx_196eb5bf_001,8648,0,,ransomexx,32,0.029,32,30.0,0.0,0.0,0.0,0.9375,0.0,0.0,0.0,16,0.5333,6.5644,1,0.0,0.0,0,1,1,1.0,65536,2184.53
ransomexx_196eb5bf_001,8650,0,,ransomexx,32,0.0223,32,30.0,0.0,0.0,0.0,0.9375,0.0,0.0,0.0,16,0.5333,6.552,1,0.0,0.0,0,1,1,1.0,65536,2184.53
ransomexx_196eb5bf_001,8652,0,,ransomexx,32,0.034,32,30.0,0.0,0.0,0.0,0.9375,0.0,0.0,0.0,16,0.5333,6.5576,1,0.0,0.0,0,1,1,1.0,65536,2184.53
ransomexx_196eb5bf_001,8654,0,,ransomexx,32,0.0437,32,30.0,0.0,0.0,0.0,0.9375,0.0,0.0,0.0,16,0.5333,6.5516,1,0.0,0.0,0,1,1,1.0,65536,2184.53
ransomexx_196eb5bf_001,8656,0,,ransomexx,32,0.0391,32,30.0,0.0,0.0,0.0,0.9375,0.0,0.0,0.0,16,0.5333,6.5572,1,0.0,0.0,0,1,1,1.0,65536,2184.53
ransomexx_196eb5bf_001,8659,0,,ransomexx,32,0.0258,32,30.0,0.0,0.0,0.0,0.9375,0.0,0.0,0.0,16,0.5333,6.548,1,0.0,0.0,0,1,1,1.0,65536,2184.53
ransomexx_196eb5bf_001,8661,0,,ransomexx,32,0.0252,32,30.0,0.0,0.0,0.0,0.9375,0.0,0.0,0.0,16,0.5333,6.5712,1,0.0,0.0,0,1,1,1.0,65536,2184.53
ransomexx_196eb5bf_001,8663,0,,ransomexx,32,0.025,32,30.0,0.0,0.0,0.0,0.9375,0.0,0.0,0.0,16,0.5333,6.5449,1,0.0,0.0,0,1,1,1.0,65536,2184.53
ransomexx_196eb5bf_001,8665,0,,ransomexx,32,0.0225,32,30.0,0.0,0.0,0.0,0.9375,0.0,0.0,0.0,16,0.5333,6.5506,1,0.0,0.0,0,1,1,1.0,65536,2184.53
ransomexx_196eb5bf_001,8667,0,,ransomexx,32,0.021,32,30.0,0.0,0.0,0.0,0.9375,0.0,0.0,0.0,16,0.5333,6.5612,1,0.0,0.0,0,1,1,1.0,65536,2184.53
ransomexx_196eb5bf_001,8669,0,,ransomexx,32,0.0246,32,30.0,0.0,0.0,0.0,0.9375,0.0,0.0,0.0,16,0.5333,6.5317,1,0.0,0.0,0,1,1,1.0,65536,2184.53
ransomexx_196eb5bf_001,8671,0,,ransomexx,32,0.0229,32,30.0,0.0,0.0,0.0,0.9375,0.0,0.0,0.0,16,0.5333,6.5357,1,0.0,0.0,0,1,1,1.0,65536,2184.53
ransomexx_196eb5bf_001,8673,0,,ransomexx,32,0.022,32,30.0,0.0,0.0,0.0,0.9375,0.0,0.0,0.0,16,0.5333,6.5587,1,0.0,0.0,0,1,1,1.0,65536,2184.53
ransomexx_196eb5bf_001,8675,0,,ransomexx,32,0.0207,32,30.0,0.0,0.0,0.0,0.9375,0.0,0.0,0.0,16,0.5333,6.5567,1,0.0,0.0,0,1,1,1.0,65536,2184.53
ransomexx_196eb5bf_001,8677,0,,ransomexx,32,0.021,32,30.0,0.0,0.0,0.0,0.9375,0.0,0.0,0.0,16,0.5333,6.5354,1,0.0,0.0,0,1,1,1.0,65536,2184.53
ransomexx_196eb5bf_001,8681,0,,ransomexx,80,0.0525,80,0.0,0.0,0.0,0.0,0.0,0.0,0.0,0.5,0,0.0,0.0,0,0.0,0.0,0,0,0,0.0,0,0.0
ransomexx_196eb5bf_001,8687,1,ransomexx,ransomexx,212,22.2493,212,2.7417,0.0,0.8989,0.0449,0.2877,0.0,0.0943,0.0943,40,0.6557,6.6803,1,0.6557,1.0,20,21,1,21.0,1322700,21683.61
ransomexx_196eb5bf_001,8845,0,,ransomexx,83,0.0353,83,0.0,0.0,0.0,0.0,0.0,0.0,0.0,0.494,0,0.0,0.0,0,0.0,0.0,0,0,0,0.0,0,0.0
revil_3d375d0e_001,2740,0,,revil,26,0.1367,26,0.0,0.0,0.0,0.0,0.0,0.0,0.0,0.0,0,0.0,0.0,0,0.0,0.0,0,0,0,0.0,0,0.0
revil_3d375d0e_001,8733,0,,revil,22,0.0402,22,0.0,20.0,0.0,0.0,0.0,0.9091,0.0,0.0,0,0.0,0.0,0,0.0,0.0,0,20,1,20.0,0,0.0
revil_3d375d0e_001,8603,0,,revil,121,1.4127,121,56.6284,0.0,0.0,14.1571,0.6612,0.0,0.0,0.0,0,0.0,3.5537,1,0.0,0.0,0,20,1,20.0,1283,16.04
revil_3d375d0e_001,8736,0,,revil,32,0.0516,32,30.0,0.0,0.0,0.0,0.9375,0.0,0.0,0.0,16,0.5333,6.5057,1,0.0,0.0,0,1,1,1.0,65536,2184.53
revil_3d375d0e_001,8738,0,,revil,32,0.0411,32,30.0,0.0,0.0,0.0,0.9375,0.0,0.0,0.0,16,0.5333,6.5229,1,0.0,0.0,0,1,1,1.0,65536,2184.53
revil_3d375d0e_001,8740,0,,revil,32,0.0511,32,30.0,0.0,0.0,0.0,0.9375,0.0,0.0,0.0,16,0.5333,6.5247,1,0.0,0.0,0,1,1,1.0,65536,2184.53
revil_3d375d0e_001,8743,0,,revil,32,0.053,32,30.0,0.0,0.0,0.0,0.9375,0.0,0.0,0.0,16,0.5333,6.5294,1,0.0,0.0,0,1,1,1.0,65536,2184.53
revil_3d375d0e_001,8746,0,,revil,32,0.0424,32,30.0,0.0,0.0,0.0,0.9375,0.0,0.0,0.0,16,0.5333,6.5344,1,0.0,0.0,0,1,1,1.0,65536,2184.53
revil_3d375d0e_001,8750,0,,revil,32,0.0507,32,30.0,0.0,0.0,0.0,0.9375,0.0,0.0,0.0,16,0.5333,6.5235,1,0.0,0.0,0,1,1,1.0,65536,2184.53
revil_3d375d0e_001,8755,0,,revil,32,0.0438,32,30.0,0.0,0.0,0.0,0.9375,0.0,0.0,0.0,16,0.5333,6.5099,1,0.0,0.0,0,1,1,1.0,65536,2184.53
revil_3d375d0e_001,8761,0,,revil,32,0.0477,32,30.0,0.0,0.0,0.0,0.9375,0.0,0.0,0.0,16,0.5333,6.5277,1,0.0,0.0,0,1,1,1.0,65536,2184.53
revil_3d375d0e_001,8763,0,,revil,32,0.0555,32,30.0,0.0,0.0,0.0,0.9375,0.0,0.0,0.0,16,0.5333,6.5281,1,0.0,0.0,0,1,1,1.0,65536,2184.53
revil_3d375d0e_001,8765,0,,revil,32,0.0396,32,30.0,0.0,0.0,0.0,0.9375,0.0,0.0,0.0,16,0.5333,6.5285,1,0.0,0.0,0,1,1,1.0,65536,2184.53
revil_3d375d0e_001,8767,0,,revil,32,0.185,32,30.0,0.0,0.0,0.0,0.9375,0.0,0.0,0.0,16,0.5333,6.5089,1,0.0,0.0,0,1,1,1.0,65536,2184.53
revil_3d375d0e_001,8770,0,,revil,32,0.0628,32,30.0,0.0,0.0,0.0,0.9375,0.0,0.0,0.0,16,0.5333,6.5053,1,0.0,0.0,0,1,1,1.0,65536,2184.53
revil_3d375d0e_001,8772,0,,revil,32,0.0347,32,30.0,0.0,0.0,0.0,0.9375,0.0,0.0,0.0,16,0.5333,6.5027,1,0.0,0.0,0,1,1,1.0,65536,2184.53
revil_3d375d0e_001,8774,0,,revil,32,0.0462,32,30.0,0.0,0.0,0.0,0.9375,0.0,0.0,0.0,16,0.5333,6.5407,1,0.0,0.0,0,1,1,1.0,65536,2184.53
revil_3d375d0e_001,8776,0,,revil,32,0.0481,32,30.0,0.0,0.0,0.0,0.9375,0.0,0.0,0.0,16,0.5333,6.5162,1,0.0,0.0,0,1,1,1.0,65536,2184.53
revil_3d375d0e_001,8778,0,,revil,32,0.0581,32,30.0,0.0,0.0,0.0,0.9375,0.0,0.0,0.0,16,0.5333,6.5296,1,0.0,0.0,0,1,1,1.0,65536,2184.53
revil_3d375d0e_001,8780,0,,revil,32,0.0601,32,30.0,0.0,0.0,0.0,0.9375,0.0,0.0,0.0,16,0.5333,6.5108,1,0.0,0.0,0,1,1,1.0,65536,2184.53
revil_3d375d0e_001,8782,0,,revil,32,0.0226,32,30.0,0.0,0.0,0.0,0.9375,0.0,0.0,0.0,15,0.5,6.5185,1,0.0,0.0,0,1,1,1.0,65536,2184.53
revil_3d375d0e_001,8784,0,,revil,32,0.0217,32,30.0,0.0,0.0,0.0,0.9375,0.0,0.0,0.0,16,0.5333,6.5359,1,0.0,0.0,0,1,1,1.0,65536,2184.53
revil_3d375d0e_001,8786,0,,revil,32,0.0269,32,30.0,0.0,0.0,0.0,0.9375,0.0,0.0,0.0,16,0.5333,6.5036,1,0.0,0.0,0,1,1,1.0,65536,2184.53
revil_3d375d0e_001,8790,0,,revil,80,0.0543,80,0.0,0.0,0.0,0.0,0.0,0.0,0.0,0.5,0,0.0,0.0,0,0.0,0.0,0,0,0,0.0,0,0.0
revil_3d375d0e_001,8820,1,revil,revil,165,0.3471,165,61.0,0.0,20.0,1.0,0.3697,0.0,0.1212,0.1212,20,0.3279,5.8991,1,0.3279,1.0,1,21,1,21.0,1319243,21626.93
revil_3d375d0e_001,8885,0,,revil,83,0.0319,83,0.0,0.0,0.0,0.0,0.0,0.0,0.0,0.494,0,0.0,0.0,0,0.0,0.0,0,0,0,0.0,0,0.0
revil_796800fa_001,2740,0,,revil,26,0.0569,26,0.0,0.0,0.0,0.0,0.0,0.0,0.0,0.0,0,0.0,0.0,0,0.0,0.0,0,0,0,0.0,0,0.0
revil_796800fa_001,8647,0,,revil,22,0.0218,22,0.0,20.0,0.0,0.0,0.0,0.9091,0.0,0.0,0,0.0,0.0,0,0.0,0.0,0,20,1,20.0,0,0.0
revil_796800fa_001,8592,0,,revil,120,0.7085,120,80.0,0.0,0.0,20.0,0.6667,0.0,0.0,0.0,0,0.0,3.5837,1,0.0,0.0,0,20,1,20.0,1283,16.04
revil_796800fa_001,8650,0,,revil,32,0.0223,32,30.0,0.0,0.0,0.0,0.9375,0.0,0.0,0.0,16,0.5333,6.5382,1,0.0,0.0,0,1,1,1.0,65536,2184.53
revil_796800fa_001,8652,0,,revil,32,0.026,32,30.0,0.0,0.0,0.0,0.9375,0.0,0.0,0.0,16,0.5333,6.4991,1,0.0,0.0,0,1,1,1.0,65536,2184.53
revil_796800fa_001,8654,0,,revil,32,0.0303,32,30.0,0.0,0.0,0.0,0.9375,0.0,0.0,0.0,16,0.5333,6.5388,1,0.0,0.0,0,1,1,1.0,65536,2184.53
revil_796800fa_001,8656,0,,revil,32,0.0272,32,30.0,0.0,0.0,0.0,0.9375,0.0,0.0,0.0,16,0.5333,6.5259,1,0.0,0.0,0,1,1,1.0,65536,2184.53
revil_796800fa_001,8658,0,,revil,32,0.0253,32,30.0,0.0,0.0,0.0,0.9375,0.0,0.0,0.0,16,0.5333,6.5204,1,0.0,0.0,0,1,1,1.0,65536,2184.53
revil_796800fa_001,8660,0,,revil,32,0.0218,32,30.0,0.0,0.0,0.0,0.9375,0.0,0.0,0.0,16,0.5333,6.5146,1,0.0,0.0,0,1,1,1.0,65536,2184.53
revil_796800fa_001,8662,0,,revil,32,0.0266,32,30.0,0.0,0.0,0.0,0.9375,0.0,0.0,0.0,16,0.5333,6.5079,1,0.0,0.0,0,1,1,1.0,65536,2184.53
revil_796800fa_001,8664,0,,revil,32,0.026,32,30.0,0.0,0.0,0.0,0.9375,0.0,0.0,0.0,16,0.5333,6.5312,1,0.0,0.0,0,1,1,1.0,65536,2184.53
revil_796800fa_001,8666,0,,revil,32,0.027,32,30.0,0.0,0.0,0.0,0.9375,0.0,0.0,0.0,16,0.5333,6.526,1,0.0,0.0,0,1,1,1.0,65536,2184.53
revil_796800fa_001,8668,0,,revil,32,0.02,32,30.0,0.0,0.0,0.0,0.9375,0.0,0.0,0.0,16,0.5333,6.5095,1,0.0,0.0,0,1,1,1.0,65536,2184.53
revil_796800fa_001,8670,0,,revil,32,0.0323,32,30.0,0.0,0.0,0.0,0.9375,0.0,0.0,0.0,16,0.5333,6.505,1,0.0,0.0,0,1,1,1.0,65536,2184.53
revil_796800fa_001,8672,0,,revil,32,0.0297,32,30.0,0.0,0.0,0.0,0.9375,0.0,0.0,0.0,16,0.5333,6.512,1,0.0,0.0,0,1,1,1.0,65536,2184.53
revil_796800fa_001,8674,0,,revil,32,0.0268,32,30.0,0.0,0.0,0.0,0.9375,0.0,0.0,0.0,16,0.5333,6.5063,1,0.0,0.0,0,1,1,1.0,65536,2184.53
revil_796800fa_001,8676,0,,revil,32,0.0276,32,30.0,0.0,0.0,0.0,0.9375,0.0,0.0,0.0,16,0.5333,6.5064,1,0.0,0.0,0,1,1,1.0,65536,2184.53
revil_796800fa_001,8678,0,,revil,32,0.028,32,30.0,0.0,0.0,0.0,0.9375,0.0,0.0,0.0,16,0.5333,6.5108,1,0.0,0.0,0,1,1,1.0,65536,2184.53
revil_796800fa_001,8680,0,,revil,32,0.0291,32,30.0,0.0,0.0,0.0,0.9375,0.0,0.0,0.0,16,0.5333,6.5398,1,0.0,0.0,0,1,1,1.0,65536,2184.53
revil_796800fa_001,8682,0,,revil,32,0.0229,32,30.0,0.0,0.0,0.0,0.9375,0.0,0.0,0.0,15,0.5,6.5107,1,0.0,0.0,0,1,1,1.0,65536,2184.53
revil_796800fa_001,8684,0,,revil,32,0.0249,32,30.0,0.0,0.0,0.0,0.9375,0.0,0.0,0.0,16,0.5333,6.5033,1,0.0,0.0,0,1,1,1.0,65536,2184.53
revil_796800fa_001,8686,0,,revil,32,0.0339,32,30.0,0.0,0.0,0.0,0.9375,0.0,0.0,0.0,16,0.5333,6.5175,1,0.0,0.0,0,1,1,1.0,65536,2184.53
revil_796800fa_001,8688,0,,revil,32,0.0277,32,30.0,0.0,0.0,0.0,0.9375,0.0,0.0,0.0,16,0.5333,6.4981,1,0.0,0.0,0,1,1,1.0,65536,2184.53
revil_796800fa_001,8692,0,,revil,80,0.0473,80,0.0,0.0,0.0,0.0,0.0,0.0,0.0,0.5,0,0.0,0.0,0,0.0,0.0,0,0,0,0.0,0,0.0
revil_796800fa_001,8698,1,revil,revil,165,0.5501,165,61.0,0.0,20.0,1.0,0.3697,0.0,0.1212,0.1212,20,0.3279,5.9155,1,0.3279,1.0,1,21,1,21.0,1319222,21626.59
revil_796800fa_001,8764,0,,revil,83,0.0379,83,0.0,0.0,0.0,0.0,0.0,0.0,0.0,0.494,0,0.0,0.0,0,0.0,0.0,0,0,0,0.0,0,0.0
revil_d6762eff_001,2740,0,,revil,26,0.0528,26,0.0,0.0,0.0,0.0,0.0,0.0,0.0,0.0,0,0.0,0.0,0,0.0,0.0,0,0,0,0.0,0,0.0
revil_d6762eff_001,8895,0,,revil,22,0.0158,22,0.0,20.0,0.0,0.0,0.0,0.9091,0.0,0.0,0,0.0,0.0,0,0.0,0.0,0,20,1,20.0,0,0.0
revil_d6762eff_001,8861,0,,revil,120,0.5674,120,80.0,0.0,0.0,20.0,0.6667,0.0,0.0,0.0,0,0.0,3.5837,1,0.0,0.0,0,20,1,20.0,1283,16.04
revil_d6762eff_001,8898,0,,revil,32,0.0217,32,30.0,0.0,0.0,0.0,0.9375,0.0,0.0,0.0,16,0.5333,6.5126,1,0.0,0.0,0,1,1,1.0,65536,2184.53
revil_d6762eff_001,8900,0,,revil,32,0.0227,32,30.0,0.0,0.0,0.0,0.9375,0.0,0.0,0.0,16,0.5333,6.5128,1,0.0,0.0,0,1,1,1.0,65536,2184.53
revil_d6762eff_001,8902,0,,revil,32,0.0209,32,30.0,0.0,0.0,0.0,0.9375,0.0,0.0,0.0,16,0.5333,6.5126,1,0.0,0.0,0,1,1,1.0,65536,2184.53
revil_d6762eff_001,8904,0,,revil,32,0.0232,32,30.0,0.0,0.0,0.0,0.9375,0.0,0.0,0.0,16,0.5333,6.4972,1,0.0,0.0,0,1,1,1.0,65536,2184.53
revil_d6762eff_001,8906,0,,revil,32,0.0219,32,30.0,0.0,0.0,0.0,0.9375,0.0,0.0,0.0,16,0.5333,6.5076,1,0.0,0.0,0,1,1,1.0,65536,2184.53
revil_d6762eff_001,8908,0,,revil,32,0.024,32,30.0,0.0,0.0,0.0,0.9375,0.0,0.0,0.0,16,0.5333,6.5394,1,0.0,0.0,0,1,1,1.0,65536,2184.53
revil_d6762eff_001,8910,0,,revil,32,0.023,32,30.0,0.0,0.0,0.0,0.9375,0.0,0.0,0.0,16,0.5333,6.5307,1,0.0,0.0,0,1,1,1.0,65536,2184.53
revil_d6762eff_001,8912,0,,revil,32,0.0213,32,30.0,0.0,0.0,0.0,0.9375,0.0,0.0,0.0,16,0.5333,6.5235,1,0.0,0.0,0,1,1,1.0,65536,2184.53
revil_d6762eff_001,8914,0,,revil,32,0.0193,32,30.0,0.0,0.0,0.0,0.9375,0.0,0.0,0.0,16,0.5333,6.5265,1,0.0,0.0,0,1,1,1.0,65536,2184.53
revil_d6762eff_001,8916,0,,revil,32,0.0259,32,30.0,0.0,0.0,0.0,0.9375,0.0,0.0,0.0,16,0.5333,6.5157,1,0.0,0.0,0,1,1,1.0,65536,2184.53
revil_d6762eff_001,8918,0,,revil,32,0.0195,32,30.0,0.0,0.0,0.0,0.9375,0.0,0.0,0.0,16,0.5333,6.5129,1,0.0,0.0,0,1,1,1.0,65536,2184.53
revil_d6762eff_001,8920,0,,revil,32,0.021,32,30.0,0.0,0.0,0.0,0.9375,0.0,0.0,0.0,16,0.5333,6.5124,1,0.0,0.0,0,1,1,1.0,65536,2184.53
revil_d6762eff_001,8922,0,,revil,32,0.0196,32,30.0,0.0,0.0,0.0,0.9375,0.0,0.0,0.0,16,0.5333,6.5066,1,0.0,0.0,0,1,1,1.0,65536,2184.53
revil_d6762eff_001,8924,0,,revil,32,0.0229,32,30.0,0.0,0.0,0.0,0.9375,0.0,0.0,0.0,16,0.5333,6.5076,1,0.0,0.0,0,1,1,1.0,65536,2184.53
revil_d6762eff_001,8926,0,,revil,32,0.0211,32,30.0,0.0,0.0,0.0,0.9375,0.0,0.0,0.0,16,0.5333,6.5217,1,0.0,0.0,0,1,1,1.0,65536,2184.53
revil_d6762eff_001,8928,0,,revil,32,0.0223,32,30.0,0.0,0.0,0.0,0.9375,0.0,0.0,0.0,16,0.5333,6.4928,1,0.0,0.0,0,1,1,1.0,65536,2184.53
revil_d6762eff_001,8930,0,,revil,32,0.0206,32,30.0,0.0,0.0,0.0,0.9375,0.0,0.0,0.0,16,0.5333,6.515,1,0.0,0.0,0,1,1,1.0,65536,2184.53
revil_d6762eff_001,8932,0,,revil,32,0.0205,32,30.0,0.0,0.0,0.0,0.9375,0.0,0.0,0.0,16,0.5333,6.5204,1,0.0,0.0,0,1,1,1.0,65536,2184.53
revil_d6762eff_001,8934,0,,revil,32,0.0224,32,30.0,0.0,0.0,0.0,0.9375,0.0,0.0,0.0,16,0.5333,6.5162,1,0.0,0.0,0,1,1,1.0,65536,2184.53
revil_d6762eff_001,8936,0,,revil,32,0.0199,32,30.0,0.0,0.0,0.0,0.9375,0.0,0.0,0.0,16,0.5333,6.4971,1,0.0,0.0,0,1,1,1.0,65536,2184.53
revil_d6762eff_001,8940,0,,revil,80,0.0307,80,0.0,0.0,0.0,0.0,0.0,0.0,0.0,0.5,0,0.0,0.0,0,0.0,0.0,0,0,0,0.0,0,0.0
revil_d6762eff_001,8946,1,revil,revil,165,0.5161,165,61.0,0.0,20.0,1.0,0.3697,0.0,0.1212,0.1212,20,0.3279,5.9096,1,0.3279,1.0,1,21,1,21.0,1319243,21626.93
revil_d6762eff_001,9012,0,,revil,83,0.0395,83,0.0,0.0,0.0,0.0,0.0,0.0,0.0,0.494,0,0.0,0.0,0,0.0,0.0,0,0,0,0.0,0,0.0
revil_ea1872b2_001,2740,0,,revil,26,0.0511,26,0.0,0.0,0.0,0.0,0.0,0.0,0.0,0.0,0,0.0,0.0,0,0.0,0.0,0,0,0,0.0,0,0.0
revil_ea1872b2_001,8638,0,,revil,22,0.0179,22,0.0,20.0,0.0,0.0,0.0,0.9091,0.0,0.0,0,0.0,0.0,0,0.0,0.0,0,20,1,20.0,0,0.0
revil_ea1872b2_001,8584,0,,revil,120,0.7217,120,80.0,0.0,0.0,20.0,0.6667,0.0,0.0,0.0,0,0.0,3.5837,1,0.0,0.0,0,20,1,20.0,1283,16.04
revil_ea1872b2_001,8641,0,,revil,32,0.0462,32,30.0,0.0,0.0,0.0,0.9375,0.0,0.0,0.0,16,0.5333,6.5054,1,0.0,0.0,0,1,1,1.0,65536,2184.53
revil_ea1872b2_001,8643,0,,revil,32,0.0381,32,30.0,0.0,0.0,0.0,0.9375,0.0,0.0,0.0,16,0.5333,6.5021,1,0.0,0.0,0,1,1,1.0,65536,2184.53
revil_ea1872b2_001,8646,0,,revil,32,0.0276,32,30.0,0.0,0.0,0.0,0.9375,0.0,0.0,0.0,16,0.5333,6.5354,1,0.0,0.0,0,1,1,1.0,65536,2184.53
revil_ea1872b2_001,8648,0,,revil,32,0.03,32,30.0,0.0,0.0,0.0,0.9375,0.0,0.0,0.0,16,0.5333,6.5362,1,0.0,0.0,0,1,1,1.0,65536,2184.53
revil_ea1872b2_001,8650,0,,revil,32,0.0293,32,30.0,0.0,0.0,0.0,0.9375,0.0,0.0,0.0,16,0.5333,6.5135,1,0.0,0.0,0,1,1,1.0,65536,2184.53
revil_ea1872b2_001,8652,0,,revil,32,0.0259,32,30.0,0.0,0.0,0.0,0.9375,0.0,0.0,0.0,16,0.5333,6.5306,1,0.0,0.0,0,1,1,1.0,65536,2184.53
revil_ea1872b2_001,8654,0,,revil,32,0.0185,32,30.0,0.0,0.0,0.0,0.9375,0.0,0.0,0.0,16,0.5333,6.5104,1,0.0,0.0,0,1,1,1.0,65536,2184.53
revil_ea1872b2_001,8656,0,,revil,32,0.0269,32,30.0,0.0,0.0,0.0,0.9375,0.0,0.0,0.0,16,0.5333,6.5297,1,0.0,0.0,0,1,1,1.0,65536,2184.53
revil_ea1872b2_001,8658,0,,revil,32,0.024,32,30.0,0.0,0.0,0.0,0.9375,0.0,0.0,0.0,16,0.5333,6.5381,1,0.0,0.0,0,1,1,1.0,65536,2184.53
revil_ea1872b2_001,8660,0,,revil,32,0.0302,32,30.0,0.0,0.0,0.0,0.9375,0.0,0.0,0.0,16,0.5333,6.5231,1,0.0,0.0,0,1,1,1.0,65536,2184.53
revil_ea1872b2_001,8662,0,,revil,32,0.0195,32,30.0,0.0,0.0,0.0,0.9375,0.0,0.0,0.0,16,0.5333,6.5116,1,0.0,0.0,0,1,1,1.0,65536,2184.53
revil_ea1872b2_001,8664,0,,revil,32,0.0205,32,30.0,0.0,0.0,0.0,0.9375,0.0,0.0,0.0,16,0.5333,6.514,1,0.0,0.0,0,1,1,1.0,65536,2184.53
revil_ea1872b2_001,8666,0,,revil,32,0.0253,32,30.0,0.0,0.0,0.0,0.9375,0.0,0.0,0.0,16,0.5333,6.51,1,0.0,0.0,0,1,1,1.0,65536,2184.53
revil_ea1872b2_001,8668,0,,revil,32,0.0228,32,30.0,0.0,0.0,0.0,0.9375,0.0,0.0,0.0,15,0.5,6.5259,1,0.0,0.0,0,1,1,1.0,65536,2184.53
revil_ea1872b2_001,8670,0,,revil,32,0.0225,32,30.0,0.0,0.0,0.0,0.9375,0.0,0.0,0.0,16,0.5333,6.5393,1,0.0,0.0,0,1,1,1.0,65536,2184.53
revil_ea1872b2_001,8672,0,,revil,32,0.0228,32,30.0,0.0,0.0,0.0,0.9375,0.0,0.0,0.0,16,0.5333,6.5422,1,0.0,0.0,0,1,1,1.0,65536,2184.53
revil_ea1872b2_001,8674,0,,revil,32,0.0275,32,30.0,0.0,0.0,0.0,0.9375,0.0,0.0,0.0,16,0.5333,6.4967,1,0.0,0.0,0,1,1,1.0,65536,2184.53
revil_ea1872b2_001,8676,0,,revil,32,0.034,32,30.0,0.0,0.0,0.0,0.9375,0.0,0.0,0.0,16,0.5333,6.5113,1,0.0,0.0,0,1,1,1.0,65536,2184.53
revil_ea1872b2_001,8678,0,,revil,32,0.0275,32,30.0,0.0,0.0,0.0,0.9375,0.0,0.0,0.0,16,0.5333,6.5001,1,0.0,0.0,0,1,1,1.0,65536,2184.53
revil_ea1872b2_001,8680,0,,revil,32,0.0279,32,30.0,0.0,0.0,0.0,0.9375,0.0,0.0,0.0,16,0.5333,6.519,1,0.0,0.0,0,1,1,1.0,65536,2184.53
revil_ea1872b2_001,8684,0,,revil,80,0.0427,80,0.0,0.0,0.0,0.0,0.0,0.0,0.0,0.5,0,0.0,0.0,0,0.0,0.0,0,0,0,0.0,0,0.0
revil_ea1872b2_001,8691,1,revil,revil,165,0.5607,165,61.0,0.0,20.0,1.0,0.3697,0.0,0.1212,0.1212,20,0.3279,5.9044,1,0.3279,1.0,1,21,1,21.0,1319219,21626.54
revil_ea1872b2_001,8756,0,,revil,83,0.0391,83,0.0,0.0,0.0,0.0,0.0,0.0,0.0,0.494,0,0.0,0.0,0,0.0,0.0,0,0,0,0.0,0,0.0
revil_f864922f_001,2740,0,,revil,26,0.0856,26,0.0,0.0,0.0,0.0,0.0,0.0,0.0,0.0,0,0.0,0.0,0,0.0,0.0,0,0,0,0.0,0,0.0
revil_f864922f_001,8734,0,,revil,22,0.104,22,0.0,20.0,0.0,0.0,0.0,0.9091,0.0,0.0,0,0.0,0.0,0,0.0,0.0,0,20,1,20.0,0,0.0
revil_f864922f_001,8619,0,,revil,120,0.8922,120,80.0,0.0,0.0,20.0,0.6667,0.0,0.0,0.0,0,0.0,3.6054,1,0.0,0.0,0,20,1,20.0,1283,16.04
revil_f864922f_001,8746,0,,revil,32,0.063,32,30.0,0.0,0.0,0.0,0.9375,0.0,0.0,0.0,16,0.5333,6.5105,1,0.0,0.0,0,1,1,1.0,65536,2184.53
revil_f864922f_001,8748,0,,revil,32,0.08,32,30.0,0.0,0.0,0.0,0.9375,0.0,0.0,0.0,16,0.5333,6.5201,1,0.0,0.0,0,1,1,1.0,65536,2184.53
revil_f864922f_001,8750,0,,revil,32,0.0261,32,30.0,0.0,0.0,0.0,0.9375,0.0,0.0,0.0,16,0.5333,6.5376,1,0.0,0.0,0,1,1,1.0,65536,2184.53
revil_f864922f_001,8752,0,,revil,32,0.0371,32,30.0,0.0,0.0,0.0,0.9375,0.0,0.0,0.0,16,0.5333,6.5273,1,0.0,0.0,0,1,1,1.0,65536,2184.53
revil_f864922f_001,8754,0,,revil,32,0.0342,32,30.0,0.0,0.0,0.0,0.9375,0.0,0.0,0.0,16,0.5333,6.5292,1,0.0,0.0,0,1,1,1.0,65536,2184.53
revil_f864922f_001,8757,0,,revil,32,0.0242,32,30.0,0.0,0.0,0.0,0.9375,0.0,0.0,0.0,16,0.5333,6.5299,1,0.0,0.0,0,1,1,1.0,65536,2184.53
revil_f864922f_001,8759,0,,revil,32,0.0261,32,30.0,0.0,0.0,0.0,0.9375,0.0,0.0,0.0,16,0.5333,6.4897,1,0.0,0.0,0,1,1,1.0,65536,2184.53
revil_f864922f_001,8761,0,,revil,32,0.0248,32,30.0,0.0,0.0,0.0,0.9375,0.0,0.0,0.0,16,0.5333,6.5383,1,0.0,0.0,0,1,1,1.0,65536,2184.53
revil_f864922f_001,8763,0,,revil,32,0.029,32,30.0,0.0,0.0,0.0,0.9375,0.0,0.0,0.0,16,0.5333,6.5113,1,0.0,0.0,0,1,1,1.0,65536,2184.53
revil_f864922f_001,8765,0,,revil,32,0.0197,32,30.0,0.0,0.0,0.0,0.9375,0.0,0.0,0.0,16,0.5333,6.5052,1,0.0,0.0,0,1,1,1.0,65536,2184.53
revil_f864922f_001,8767,0,,revil,32,0.023,32,30.0,0.0,0.0,0.0,0.9375,0.0,0.0,0.0,16,0.5333,6.4957,1,0.0,0.0,0,1,1,1.0,65536,2184.53
revil_f864922f_001,8769,0,,revil,32,0.0254,32,30.0,0.0,0.0,0.0,0.9375,0.0,0.0,0.0,16,0.5333,6.5009,1,0.0,0.0,0,1,1,1.0,65536,2184.53
revil_f864922f_001,8771,0,,revil,32,0.0366,32,30.0,0.0,0.0,0.0,0.9375,0.0,0.0,0.0,16,0.5333,6.5252,1,0.0,0.0,0,1,1,1.0,65536,2184.53
revil_f864922f_001,8773,0,,revil,32,0.0248,32,30.0,0.0,0.0,0.0,0.9375,0.0,0.0,0.0,16,0.5333,6.5174,1,0.0,0.0,0,1,1,1.0,65536,2184.53
revil_f864922f_001,8775,0,,revil,32,0.0338,32,30.0,0.0,0.0,0.0,0.9375,0.0,0.0,0.0,16,0.5333,6.5132,1,0.0,0.0,0,1,1,1.0,65536,2184.53
revil_f864922f_001,8777,0,,revil,32,0.0255,32,30.0,0.0,0.0,0.0,0.9375,0.0,0.0,0.0,16,0.5333,6.4979,1,0.0,0.0,0,1,1,1.0,65536,2184.53
revil_f864922f_001,8779,0,,revil,32,0.0216,32,30.0,0.0,0.0,0.0,0.9375,0.0,0.0,0.0,16,0.5333,6.5212,1,0.0,0.0,0,1,1,1.0,65536,2184.53
revil_f864922f_001,8781,0,,revil,32,0.0186,32,30.0,0.0,0.0,0.0,0.9375,0.0,0.0,0.0,16,0.5333,6.4878,1,0.0,0.0,0,1,1,1.0,65536,2184.53
revil_f864922f_001,8783,0,,revil,32,0.0254,32,30.0,0.0,0.0,0.0,0.9375,0.0,0.0,0.0,16,0.5333,6.5068,1,0.0,0.0,0,1,1,1.0,65536,2184.53
revil_f864922f_001,8785,0,,revil,32,0.0265,32,30.0,0.0,0.0,0.0,0.9375,0.0,0.0,0.0,16,0.5333,6.521,1,0.0,0.0,0,1,1,1.0,65536,2184.53
revil_f864922f_001,8789,0,,revil,80,0.0526,80,0.0,0.0,0.0,0.0,0.0,0.0,0.0,0.5,0,0.0,0.0,0,0.0,0.0,0,0,0,0.0,0,0.0
revil_f864922f_001,8819,1,revil,revil,225,0.5858,225,61.0,20.0,20.0,21.0,0.2711,0.0889,0.0889,0.0889,20,0.3279,5.8903,1,0.3279,1.0,1,41,1,41.0,1318954,21622.2
revil_f864922f_001,8882,0,,revil,83,0.038,83,0.0,0.0,0.0,0.0,0.0,0.0,0.0,0.494,0,0.0,0.0,0,0.0,0.0,0,0,0,0.0,0,0.0
